{"type": "FeatureCollection", "features": [{"type": "Feature", "geometry": {"type": "Point", "coordinates": [10.73217211156729, 59.913076000000004]}, "properties": {"id": 14165721, "feat_type": "relation", "quality_categories": "improper_geometries, missing_tags", "issue_ids": "[0, 1]", "osm_url": "https://www.openstreetmap.org/relation/14165721", "josm_url": "http://127.0.0.1:8111/load_object?new_layer=false&objects=r14165721", "id_url": "https://www.openstreetmap.org/edit?editor=id&relation=14165721#map=20/59.913076000000004/10.73217211156729"}}, {"type": "Feature", "geometry": {"type": "Point", "coordinates": [10.9219464, 59.9523659]}, "properties": {"id": 6005230, "feat_type": "way", "quality_categories": "missing_tags, older_than_five_years", "issue_ids": "[2, 0]", "osm_url": "https://www.openstreetmap.org/way/6005230", "josm_url": "http://127.0.0.1:8111/load_object?new_layer=false&objects=w6005230", "id_url": "https://www.openstreetmap.org/edit?editor=id&way=6005230#map=20/59.9523659/10.9219464"}}, {"type": "Feature", "geometry": {"type": "Point", "coordinates": [10.9297349, 59.9368133]}, "properties": {"id": 12528363, "feat_type": "way", "quality_categories": "missing_tags, older_than_five_years", "issue_ids": "[3, 0]", "osm_url": "https://www.openstreetmap.org/way/12528363", "josm_url": "http://127.0.0.1:8111/load_object?new_layer=false&objects=w12528363", "id_url": "https://www.openstreetmap.org/edit?editor=id&way=12528363#map=20/59.9368133/10.9297349"}}, {"type": "Feature", "geometry": {"type": "Point", "coordinates": [10.6559474, 59.9456346]}, "properties": {"id": 74060505, "feat_type": "way", "quality_categories": "missing_tags", "issue_ids": "[0]", "osm_url": "https://www.openstreetmap.org/way/74060505", "josm_url": "http://127.0.0.1:8111/load_object?new_layer=false&objects=w74060505", "id_url": "https://www.openstreetmap.org/edit?editor=id&way=74060505#map=20/59.9456346/10.6559474"}}, {"type": "Feature", "geometry": {"type": "Point", "coordinates": [10.6555721, 59.9463957]}, "properties": {"id": 74060512, "feat_type": "way", "quality_categories": "missing_tags, older_than_five_years", "issue_ids": "[4, 0]", "osm_url": "https://www.openstreetmap.org/way/74060512", "josm_url": "http://127.0.0.1:8111/load_object?new_layer=false&objects=w74060512", "id_url": "https://www.openstreetmap.org/edit?editor=id&way=74060512#map=20/59.9463957/10.6555721"}}, {"type": "Feature", "geometry": {"type": "Point", "coordinates": [10.8854228, 59.9525729]}, "properties": {"id": 80180479, "feat_type": "way", "quality_categories": "missing_tags, older_than_five_years", "issue_ids": "[5, 0]", "osm_url": "https://www.openstreetmap.org/way/80180479", "josm_url": "http://127.0.0.1:8111/load_object?new_layer=false&objects=w80180479", "id_url": "https://www.openstreetmap.org/edit?editor=id&way=80180479#map=20/59.9525729/10.8854228"}}, {"type": "Feature", "geometry": {"type": "Point", "coordinates": [10.8356095, 59.9402962]}, "properties": {"id": 80871218, "feat_type": "way", "quality_categories": "missing_tags", "issue_ids": "[0]", "osm_url": "https://www.openstreetmap.org/way/80871218", "josm_url": "http://127.0.0.1:8111/load_object?new_layer=false&objects=w80871218", "id_url": "https://www.openstreetmap.org/edit?editor=id&way=80871218#map=20/59.9402962/10.8356095"}}, {"type": "Feature", "geometry": {"type": "Point", "coordinates": [10.6708628, 59.9419777]}, "properties": {"id": 109827090, "feat_type": "way", "quality_categories": "missing_tags, older_than_five_years", "issue_ids": "[6, 0]", "osm_url": "https://www.openstreetmap.org/way/109827090", "josm_url": "http://127.0.0.1:8111/load_object?new_layer=false&objects=w109827090", "id_url": "https://www.openstreetmap.org/edit?editor=id&way=109827090#map=20/59.9419777/10.6708628"}}, {"type": "Feature", "geometry": {"type": "Point", "coordinates": [10.6559914, 59.9464739]}, "properties": {"id": 109827106, "feat_type": "way", "quality_categories": "missing_tags, older_than_five_years", "issue_ids": "[4, 0]", "osm_url": "https://www.openstreetmap.org/way/109827106", "josm_url": "http://127.0.0.1:8111/load_object?new_layer=false&objects=w109827106", "id_url": "https://www.openstreetmap.org/edit?editor=id&way=109827106#map=20/59.9464739/10.6559914"}}, {"type": "Feature", "geometry": {"type": "Point", "coordinates": [10.6743488, 59.9417128]}, "properties": {"id": 109827119, "feat_type": "way", "quality_categories": "missing_tags", "issue_ids": "[0]", "osm_url": "https://www.openstreetmap.org/way/109827119", "josm_url": "http://127.0.0.1:8111/load_object?new_layer=false&objects=w109827119", "id_url": "https://www.openstreetmap.org/edit?editor=id&way=109827119#map=20/59.9417128/10.6743488"}}, {"type": "Feature", "geometry": {"type": "Point", "coordinates": [10.6549946, 59.9464793]}, "properties": {"id": 109827126, "feat_type": "way", "quality_categories": "missing_tags, older_than_five_years", "issue_ids": "[4, 0]", "osm_url": "https://www.openstreetmap.org/way/109827126", "josm_url": "http://127.0.0.1:8111/load_object?new_layer=false&objects=w109827126", "id_url": "https://www.openstreetmap.org/edit?editor=id&way=109827126#map=20/59.9464793/10.6549946"}}, {"type": "Feature", "geometry": {"type": "Point", "coordinates": [10.6505213, 59.945801]}, "properties": {"id": 109827131, "feat_type": "way", "quality_categories": "missing_tags, older_than_five_years", "issue_ids": "[7, 0]", "osm_url": "https://www.openstreetmap.org/way/109827131", "josm_url": "http://127.0.0.1:8111/load_object?new_layer=false&objects=w109827131", "id_url": "https://www.openstreetmap.org/edit?editor=id&way=109827131#map=20/59.945801/10.6505213"}}, {"type": "Feature", "geometry": {"type": "Point", "coordinates": [10.6788373, 59.9395384]}, "properties": {"id": 109827150, "feat_type": "way", "quality_categories": "missing_tags", "issue_ids": "[0]", "osm_url": "https://www.openstreetmap.org/way/109827150", "josm_url": "http://127.0.0.1:8111/load_object?new_layer=false&objects=w109827150", "id_url": "https://www.openstreetmap.org/edit?editor=id&way=109827150#map=20/59.9395384/10.6788373"}}, {"type": "Feature", "geometry": {"type": "Point", "coordinates": [10.6600809, 59.9448297]}, "properties": {"id": 109827166, "feat_type": "way", "quality_categories": "missing_tags", "issue_ids": "[0]", "osm_url": "https://www.openstreetmap.org/way/109827166", "josm_url": "http://127.0.0.1:8111/load_object?new_layer=false&objects=w109827166", "id_url": "https://www.openstreetmap.org/edit?editor=id&way=109827166#map=20/59.9448297/10.6600809"}}, {"type": "Feature", "geometry": {"type": "Point", "coordinates": [10.7180233, 59.9145083]}, "properties": {"id": 116417357, "feat_type": "way", "quality_categories": "missing_tags, older_than_five_years", "issue_ids": "[8, 0]", "osm_url": "https://www.openstreetmap.org/way/116417357", "josm_url": "http://127.0.0.1:8111/load_object?new_layer=false&objects=w116417357", "id_url": "https://www.openstreetmap.org/edit?editor=id&way=116417357#map=20/59.9145083/10.7180233"}}, {"type": "Feature", "geometry": {"type": "Point", "coordinates": [10.8912569, 59.9401348]}, "properties": {"id": 118184317, "feat_type": "way", "quality_categories": "missing_tags", "issue_ids": "[0]", "osm_url": "https://www.openstreetmap.org/way/118184317", "josm_url": "http://127.0.0.1:8111/load_object?new_layer=false&objects=w118184317", "id_url": "https://www.openstreetmap.org/edit?editor=id&way=118184317#map=20/59.9401348/10.8912569"}}, {"type": "Feature", "geometry": {"type": "Point", "coordinates": [10.9239841, 59.9444504]}, "properties": {"id": 118219071, "feat_type": "way", "quality_categories": "missing_tags", "issue_ids": "[0]", "osm_url": "https://www.openstreetmap.org/way/118219071", "josm_url": "http://127.0.0.1:8111/load_object?new_layer=false&objects=w118219071", "id_url": "https://www.openstreetmap.org/edit?editor=id&way=118219071#map=20/59.9444504/10.9239841"}}, {"type": "Feature", "geometry": {"type": "Point", "coordinates": [10.8855809, 59.9514557]}, "properties": {"id": 118250412, "feat_type": "way", "quality_categories": "missing_tags, older_than_five_years", "issue_ids": "[5, 0]", "osm_url": "https://www.openstreetmap.org/way/118250412", "josm_url": "http://127.0.0.1:8111/load_object?new_layer=false&objects=w118250412", "id_url": "https://www.openstreetmap.org/edit?editor=id&way=118250412#map=20/59.9514557/10.8855809"}}, {"type": "Feature", "geometry": {"type": "Point", "coordinates": [10.8844283, 59.9515681]}, "properties": {"id": 118250426, "feat_type": "way", "quality_categories": "missing_tags, older_than_five_years", "issue_ids": "[9, 0]", "osm_url": "https://www.openstreetmap.org/way/118250426", "josm_url": "http://127.0.0.1:8111/load_object?new_layer=false&objects=w118250426", "id_url": "https://www.openstreetmap.org/edit?editor=id&way=118250426#map=20/59.9515681/10.8844283"}}, {"type": "Feature", "geometry": {"type": "Point", "coordinates": [10.8851433, 59.9525684]}, "properties": {"id": 118250428, "feat_type": "way", "quality_categories": "missing_tags", "issue_ids": "[0]", "osm_url": "https://www.openstreetmap.org/way/118250428", "josm_url": "http://127.0.0.1:8111/load_object?new_layer=false&objects=w118250428", "id_url": "https://www.openstreetmap.org/edit?editor=id&way=118250428#map=20/59.9525684/10.8851433"}}, {"type": "Feature", "geometry": {"type": "Point", "coordinates": [10.8857175, 59.9513683]}, "properties": {"id": 118251666, "feat_type": "way", "quality_categories": "missing_tags, older_than_five_years", "issue_ids": "[5, 0]", "osm_url": "https://www.openstreetmap.org/way/118251666", "josm_url": "http://127.0.0.1:8111/load_object?new_layer=false&objects=w118251666", "id_url": "https://www.openstreetmap.org/edit?editor=id&way=118251666#map=20/59.9513683/10.8857175"}}, {"type": "Feature", "geometry": {"type": "Point", "coordinates": [10.8737068, 59.9577927]}, "properties": {"id": 118255155, "feat_type": "way", "quality_categories": "missing_tags, older_than_five_years", "issue_ids": "[10, 0]", "osm_url": "https://www.openstreetmap.org/way/118255155", "josm_url": "http://127.0.0.1:8111/load_object?new_layer=false&objects=w118255155", "id_url": "https://www.openstreetmap.org/edit?editor=id&way=118255155#map=20/59.9577927/10.8737068"}}, {"type": "Feature", "geometry": {"type": "Point", "coordinates": [10.8775822, 59.9589309]}, "properties": {"id": 118255168, "feat_type": "way", "quality_categories": "missing_tags, older_than_five_years", "issue_ids": "[11, 0]", "osm_url": "https://www.openstreetmap.org/way/118255168", "josm_url": "http://127.0.0.1:8111/load_object?new_layer=false&objects=w118255168", "id_url": "https://www.openstreetmap.org/edit?editor=id&way=118255168#map=20/59.9589309/10.8775822"}}, {"type": "Feature", "geometry": {"type": "Point", "coordinates": [10.8722588, 59.957119]}, "properties": {"id": 118255175, "feat_type": "way", "quality_categories": "missing_tags, older_than_five_years", "issue_ids": "[11, 0]", "osm_url": "https://www.openstreetmap.org/way/118255175", "josm_url": "http://127.0.0.1:8111/load_object?new_layer=false&objects=w118255175", "id_url": "https://www.openstreetmap.org/edit?editor=id&way=118255175#map=20/59.957119/10.8722588"}}, {"type": "Feature", "geometry": {"type": "Point", "coordinates": [10.6561235, 59.94569]}, "properties": {"id": 118346908, "feat_type": "way", "quality_categories": "missing_tags", "issue_ids": "[0]", "osm_url": "https://www.openstreetmap.org/way/118346908", "josm_url": "http://127.0.0.1:8111/load_object?new_layer=false&objects=w118346908", "id_url": "https://www.openstreetmap.org/edit?editor=id&way=118346908#map=20/59.94569/10.6561235"}}, {"type": "Feature", "geometry": {"type": "Point", "coordinates": [10.6924798, 59.9188346]}, "properties": {"id": 118881263, "feat_type": "way", "quality_categories": "missing_tags, older_than_five_years", "issue_ids": "[12, 0]", "osm_url": "https://www.openstreetmap.org/way/118881263", "josm_url": "http://127.0.0.1:8111/load_object?new_layer=false&objects=w118881263", "id_url": "https://www.openstreetmap.org/edit?editor=id&way=118881263#map=20/59.9188346/10.6924798"}}, {"type": "Feature", "geometry": {"type": "Point", "coordinates": [10.6916966, 59.9188915]}, "properties": {"id": 118881289, "feat_type": "way", "quality_categories": "missing_tags, older_than_five_years", "issue_ids": "[13, 0]", "osm_url": "https://www.openstreetmap.org/way/118881289", "josm_url": "http://127.0.0.1:8111/load_object?new_layer=false&objects=w118881289", "id_url": "https://www.openstreetmap.org/edit?editor=id&way=118881289#map=20/59.9188915/10.6916966"}}, {"type": "Feature", "geometry": {"type": "Point", "coordinates": [10.8880319, 59.9481053]}, "properties": {"id": 119074818, "feat_type": "way", "quality_categories": "missing_tags, older_than_five_years", "issue_ids": "[14, 0]", "osm_url": "https://www.openstreetmap.org/way/119074818", "josm_url": "http://127.0.0.1:8111/load_object?new_layer=false&objects=w119074818", "id_url": "https://www.openstreetmap.org/edit?editor=id&way=119074818#map=20/59.9481053/10.8880319"}}, {"type": "Feature", "geometry": {"type": "Point", "coordinates": [10.9299765, 59.936964]}, "properties": {"id": 119138777, "feat_type": "way", "quality_categories": "missing_tags, older_than_five_years", "issue_ids": "[15, 0]", "osm_url": "https://www.openstreetmap.org/way/119138777", "josm_url": "http://127.0.0.1:8111/load_object?new_layer=false&objects=w119138777", "id_url": "https://www.openstreetmap.org/edit?editor=id&way=119138777#map=20/59.936964/10.9299765"}}, {"type": "Feature", "geometry": {"type": "Point", "coordinates": [10.8721615, 59.9274929]}, "properties": {"id": 119370047, "feat_type": "way", "quality_categories": "missing_tags", "issue_ids": "[0]", "osm_url": "https://www.openstreetmap.org/way/119370047", "josm_url": "http://127.0.0.1:8111/load_object?new_layer=false&objects=w119370047", "id_url": "https://www.openstreetmap.org/edit?editor=id&way=119370047#map=20/59.9274929/10.8721615"}}, {"type": "Feature", "geometry": {"type": "Point", "coordinates": [10.8712846, 59.9269668]}, "properties": {"id": 119370048, "feat_type": "way", "quality_categories": "missing_tags", "issue_ids": "[0]", "osm_url": "https://www.openstreetmap.org/way/119370048", "josm_url": "http://127.0.0.1:8111/load_object?new_layer=false&objects=w119370048", "id_url": "https://www.openstreetmap.org/edit?editor=id&way=119370048#map=20/59.9269668/10.8712846"}}, {"type": "Feature", "geometry": {"type": "Point", "coordinates": [10.876368, 59.9586536]}, "properties": {"id": 119385190, "feat_type": "way", "quality_categories": "missing_tags, older_than_five_years", "issue_ids": "[16, 0]", "osm_url": "https://www.openstreetmap.org/way/119385190", "josm_url": "http://127.0.0.1:8111/load_object?new_layer=false&objects=w119385190", "id_url": "https://www.openstreetmap.org/edit?editor=id&way=119385190#map=20/59.9586536/10.876368"}}, {"type": "Feature", "geometry": {"type": "Point", "coordinates": [10.874968, 59.9582138]}, "properties": {"id": 119385195, "feat_type": "way", "quality_categories": "missing_tags, older_than_five_years", "issue_ids": "[11, 0]", "osm_url": "https://www.openstreetmap.org/way/119385195", "josm_url": "http://127.0.0.1:8111/load_object?new_layer=false&objects=w119385195", "id_url": "https://www.openstreetmap.org/edit?editor=id&way=119385195#map=20/59.9582138/10.874968"}}, {"type": "Feature", "geometry": {"type": "Point", "coordinates": [10.6557157, 59.9670478]}, "properties": {"id": 120101875, "feat_type": "way", "quality_categories": "missing_tags", "issue_ids": "[0]", "osm_url": "https://www.openstreetmap.org/way/120101875", "josm_url": "http://127.0.0.1:8111/load_object?new_layer=false&objects=w120101875", "id_url": "https://www.openstreetmap.org/edit?editor=id&way=120101875#map=20/59.9670478/10.6557157"}}, {"type": "Feature", "geometry": {"type": "Point", "coordinates": [10.6542448, 59.9671625]}, "properties": {"id": 120101922, "feat_type": "way", "quality_categories": "missing_tags", "issue_ids": "[0]", "osm_url": "https://www.openstreetmap.org/way/120101922", "josm_url": "http://127.0.0.1:8111/load_object?new_layer=false&objects=w120101922", "id_url": "https://www.openstreetmap.org/edit?editor=id&way=120101922#map=20/59.9671625/10.6542448"}}, {"type": "Feature", "geometry": {"type": "Point", "coordinates": [10.6528552, 59.9463104]}, "properties": {"id": 120248266, "feat_type": "way", "quality_categories": "missing_tags, older_than_five_years", "issue_ids": "[17, 0]", "osm_url": "https://www.openstreetmap.org/way/120248266", "josm_url": "http://127.0.0.1:8111/load_object?new_layer=false&objects=w120248266", "id_url": "https://www.openstreetmap.org/edit?editor=id&way=120248266#map=20/59.9463104/10.6528552"}}, {"type": "Feature", "geometry": {"type": "Point", "coordinates": [10.8074027, 59.9306538]}, "properties": {"id": 120248434, "feat_type": "way", "quality_categories": "missing_tags, older_than_five_years", "issue_ids": "[18, 0]", "osm_url": "https://www.openstreetmap.org/way/120248434", "josm_url": "http://127.0.0.1:8111/load_object?new_layer=false&objects=w120248434", "id_url": "https://www.openstreetmap.org/edit?editor=id&way=120248434#map=20/59.9306538/10.8074027"}}, {"type": "Feature", "geometry": {"type": "Point", "coordinates": [10.9051779, 59.9546206]}, "properties": {"id": 121717362, "feat_type": "way", "quality_categories": "missing_tags", "issue_ids": "[0]", "osm_url": "https://www.openstreetmap.org/way/121717362", "josm_url": "http://127.0.0.1:8111/load_object?new_layer=false&objects=w121717362", "id_url": "https://www.openstreetmap.org/edit?editor=id&way=121717362#map=20/59.9546206/10.9051779"}}, {"type": "Feature", "geometry": {"type": "Point", "coordinates": [10.9056303, 59.9545375]}, "properties": {"id": 121717364, "feat_type": "way", "quality_categories": "missing_tags, older_than_five_years", "issue_ids": "[19, 0]", "osm_url": "https://www.openstreetmap.org/way/121717364", "josm_url": "http://127.0.0.1:8111/load_object?new_layer=false&objects=w121717364", "id_url": "https://www.openstreetmap.org/edit?editor=id&way=121717364#map=20/59.9545375/10.9056303"}}, {"type": "Feature", "geometry": {"type": "Point", "coordinates": [10.9093642, 59.9543917]}, "properties": {"id": 121717369, "feat_type": "way", "quality_categories": "missing_tags", "issue_ids": "[0]", "osm_url": "https://www.openstreetmap.org/way/121717369", "josm_url": "http://127.0.0.1:8111/load_object?new_layer=false&objects=w121717369", "id_url": "https://www.openstreetmap.org/edit?editor=id&way=121717369#map=20/59.9543917/10.9093642"}}, {"type": "Feature", "geometry": {"type": "Point", "coordinates": [10.9089705, 59.9543469]}, "properties": {"id": 121717370, "feat_type": "way", "quality_categories": "missing_tags", "issue_ids": "[0]", "osm_url": "https://www.openstreetmap.org/way/121717370", "josm_url": "http://127.0.0.1:8111/load_object?new_layer=false&objects=w121717370", "id_url": "https://www.openstreetmap.org/edit?editor=id&way=121717370#map=20/59.9543469/10.9089705"}}, {"type": "Feature", "geometry": {"type": "Point", "coordinates": [10.9104505, 59.9542578]}, "properties": {"id": 121717372, "feat_type": "way", "quality_categories": "missing_tags, older_than_five_years", "issue_ids": "[19, 0]", "osm_url": "https://www.openstreetmap.org/way/121717372", "josm_url": "http://127.0.0.1:8111/load_object?new_layer=false&objects=w121717372", "id_url": "https://www.openstreetmap.org/edit?editor=id&way=121717372#map=20/59.9542578/10.9104505"}}, {"type": "Feature", "geometry": {"type": "Point", "coordinates": [10.7159924, 59.9160992]}, "properties": {"id": 124456417, "feat_type": "way", "quality_categories": "missing_tags, older_than_five_years", "issue_ids": "[20, 0]", "osm_url": "https://www.openstreetmap.org/way/124456417", "josm_url": "http://127.0.0.1:8111/load_object?new_layer=false&objects=w124456417", "id_url": "https://www.openstreetmap.org/edit?editor=id&way=124456417#map=20/59.9160992/10.7159924"}}, {"type": "Feature", "geometry": {"type": "Point", "coordinates": [10.7123664, 59.917746]}, "properties": {"id": 124456488, "feat_type": "way", "quality_categories": "missing_tags, older_than_five_years", "issue_ids": "[21, 0]", "osm_url": "https://www.openstreetmap.org/way/124456488", "josm_url": "http://127.0.0.1:8111/load_object?new_layer=false&objects=w124456488", "id_url": "https://www.openstreetmap.org/edit?editor=id&way=124456488#map=20/59.917746/10.7123664"}}, {"type": "Feature", "geometry": {"type": "Point", "coordinates": [10.7164405, 59.9161291]}, "properties": {"id": 124456502, "feat_type": "way", "quality_categories": "missing_tags, older_than_five_years", "issue_ids": "[20, 0]", "osm_url": "https://www.openstreetmap.org/way/124456502", "josm_url": "http://127.0.0.1:8111/load_object?new_layer=false&objects=w124456502", "id_url": "https://www.openstreetmap.org/edit?editor=id&way=124456502#map=20/59.9161291/10.7164405"}}, {"type": "Feature", "geometry": {"type": "Point", "coordinates": [10.7189475, 59.9149485]}, "properties": {"id": 124456511, "feat_type": "way", "quality_categories": "missing_tags", "issue_ids": "[0]", "osm_url": "https://www.openstreetmap.org/way/124456511", "josm_url": "http://127.0.0.1:8111/load_object?new_layer=false&objects=w124456511", "id_url": "https://www.openstreetmap.org/edit?editor=id&way=124456511#map=20/59.9149485/10.7189475"}}, {"type": "Feature", "geometry": {"type": "Point", "coordinates": [10.8381847, 59.8826912]}, "properties": {"id": 124901449, "feat_type": "way", "quality_categories": "missing_tags, older_than_five_years", "issue_ids": "[22, 0]", "osm_url": "https://www.openstreetmap.org/way/124901449", "josm_url": "http://127.0.0.1:8111/load_object?new_layer=false&objects=w124901449", "id_url": "https://www.openstreetmap.org/edit?editor=id&way=124901449#map=20/59.8826912/10.8381847"}}, {"type": "Feature", "geometry": {"type": "Point", "coordinates": [10.673248, 59.9419068]}, "properties": {"id": 129999089, "feat_type": "way", "quality_categories": "missing_tags", "issue_ids": "[0]", "osm_url": "https://www.openstreetmap.org/way/129999089", "josm_url": "http://127.0.0.1:8111/load_object?new_layer=false&objects=w129999089", "id_url": "https://www.openstreetmap.org/edit?editor=id&way=129999089#map=20/59.9419068/10.673248"}}, {"type": "Feature", "geometry": {"type": "Point", "coordinates": [10.6736632, 59.9418431]}, "properties": {"id": 129999090, "feat_type": "way", "quality_categories": "missing_tags, older_than_five_years", "issue_ids": "[6, 0]", "osm_url": "https://www.openstreetmap.org/way/129999090", "josm_url": "http://127.0.0.1:8111/load_object?new_layer=false&objects=w129999090", "id_url": "https://www.openstreetmap.org/edit?editor=id&way=129999090#map=20/59.9418431/10.6736632"}}, {"type": "Feature", "geometry": {"type": "Point", "coordinates": [10.7120398, 59.912494]}, "properties": {"id": 130861631, "feat_type": "way", "quality_categories": "missing_tags, older_than_five_years", "issue_ids": "[23, 0]", "osm_url": "https://www.openstreetmap.org/way/130861631", "josm_url": "http://127.0.0.1:8111/load_object?new_layer=false&objects=w130861631", "id_url": "https://www.openstreetmap.org/edit?editor=id&way=130861631#map=20/59.912494/10.7120398"}}, {"type": "Feature", "geometry": {"type": "Point", "coordinates": [10.689273, 59.9185346]}, "properties": {"id": 130876781, "feat_type": "way", "quality_categories": "missing_tags", "issue_ids": "[0]", "osm_url": "https://www.openstreetmap.org/way/130876781", "josm_url": "http://127.0.0.1:8111/load_object?new_layer=false&objects=w130876781", "id_url": "https://www.openstreetmap.org/edit?editor=id&way=130876781#map=20/59.9185346/10.689273"}}, {"type": "Feature", "geometry": {"type": "Point", "coordinates": [10.8851194, 59.9490976]}, "properties": {"id": 130909350, "feat_type": "way", "quality_categories": "missing_tags, older_than_five_years", "issue_ids": "[5, 0]", "osm_url": "https://www.openstreetmap.org/way/130909350", "josm_url": "http://127.0.0.1:8111/load_object?new_layer=false&objects=w130909350", "id_url": "https://www.openstreetmap.org/edit?editor=id&way=130909350#map=20/59.9490976/10.8851194"}}, {"type": "Feature", "geometry": {"type": "Point", "coordinates": [10.8776171, 59.9466309]}, "properties": {"id": 130909542, "feat_type": "way", "quality_categories": "missing_tags", "issue_ids": "[0]", "osm_url": "https://www.openstreetmap.org/way/130909542", "josm_url": "http://127.0.0.1:8111/load_object?new_layer=false&objects=w130909542", "id_url": "https://www.openstreetmap.org/edit?editor=id&way=130909542#map=20/59.9466309/10.8776171"}}, {"type": "Feature", "geometry": {"type": "Point", "coordinates": [10.6998228, 59.9166053]}, "properties": {"id": 131550434, "feat_type": "way", "quality_categories": "missing_tags, older_than_five_years", "issue_ids": "[24, 0]", "osm_url": "https://www.openstreetmap.org/way/131550434", "josm_url": "http://127.0.0.1:8111/load_object?new_layer=false&objects=w131550434", "id_url": "https://www.openstreetmap.org/edit?editor=id&way=131550434#map=20/59.9166053/10.6998228"}}, {"type": "Feature", "geometry": {"type": "Point", "coordinates": [10.8886677, 59.953616]}, "properties": {"id": 137465274, "feat_type": "way", "quality_categories": "missing_tags, older_than_five_years", "issue_ids": "[25, 0]", "osm_url": "https://www.openstreetmap.org/way/137465274", "josm_url": "http://127.0.0.1:8111/load_object?new_layer=false&objects=w137465274", "id_url": "https://www.openstreetmap.org/edit?editor=id&way=137465274#map=20/59.953616/10.8886677"}}, {"type": "Feature", "geometry": {"type": "Point", "coordinates": [10.8863724, 59.9508429]}, "properties": {"id": 137465279, "feat_type": "way", "quality_categories": "missing_tags, older_than_five_years", "issue_ids": "[5, 0]", "osm_url": "https://www.openstreetmap.org/way/137465279", "josm_url": "http://127.0.0.1:8111/load_object?new_layer=false&objects=w137465279", "id_url": "https://www.openstreetmap.org/edit?editor=id&way=137465279#map=20/59.9508429/10.8863724"}}, {"type": "Feature", "geometry": {"type": "Point", "coordinates": [10.8901227, 59.9539553]}, "properties": {"id": 137465281, "feat_type": "way", "quality_categories": "missing_tags, older_than_five_years", "issue_ids": "[5, 0]", "osm_url": "https://www.openstreetmap.org/way/137465281", "josm_url": "http://127.0.0.1:8111/load_object?new_layer=false&objects=w137465281", "id_url": "https://www.openstreetmap.org/edit?editor=id&way=137465281#map=20/59.9539553/10.8901227"}}, {"type": "Feature", "geometry": {"type": "Point", "coordinates": [10.8705451, 59.9443016]}, "properties": {"id": 154201606, "feat_type": "way", "quality_categories": "missing_tags, older_than_five_years", "issue_ids": "[26, 0]", "osm_url": "https://www.openstreetmap.org/way/154201606", "josm_url": "http://127.0.0.1:8111/load_object?new_layer=false&objects=w154201606", "id_url": "https://www.openstreetmap.org/edit?editor=id&way=154201606#map=20/59.9443016/10.8705451"}}, {"type": "Feature", "geometry": {"type": "Point", "coordinates": [10.8806103, 59.9369068]}, "properties": {"id": 155731924, "feat_type": "way", "quality_categories": "missing_tags", "issue_ids": "[0]", "osm_url": "https://www.openstreetmap.org/way/155731924", "josm_url": "http://127.0.0.1:8111/load_object?new_layer=false&objects=w155731924", "id_url": "https://www.openstreetmap.org/edit?editor=id&way=155731924#map=20/59.9369068/10.8806103"}}, {"type": "Feature", "geometry": {"type": "Point", "coordinates": [10.9109543, 59.9525591]}, "properties": {"id": 163719187, "feat_type": "way", "quality_categories": "missing_tags, older_than_five_years", "issue_ids": "[27, 0]", "osm_url": "https://www.openstreetmap.org/way/163719187", "josm_url": "http://127.0.0.1:8111/load_object?new_layer=false&objects=w163719187", "id_url": "https://www.openstreetmap.org/edit?editor=id&way=163719187#map=20/59.9525591/10.9109543"}}, {"type": "Feature", "geometry": {"type": "Point", "coordinates": [10.8377572, 59.9381366]}, "properties": {"id": 170773892, "feat_type": "way", "quality_categories": "missing_tags, older_than_five_years", "issue_ids": "[28, 0]", "osm_url": "https://www.openstreetmap.org/way/170773892", "josm_url": "http://127.0.0.1:8111/load_object?new_layer=false&objects=w170773892", "id_url": "https://www.openstreetmap.org/edit?editor=id&way=170773892#map=20/59.9381366/10.8377572"}}, {"type": "Feature", "geometry": {"type": "Point", "coordinates": [10.9262065, 59.9505792]}, "properties": {"id": 177180573, "feat_type": "way", "quality_categories": "missing_tags", "issue_ids": "[0]", "osm_url": "https://www.openstreetmap.org/way/177180573", "josm_url": "http://127.0.0.1:8111/load_object?new_layer=false&objects=w177180573", "id_url": "https://www.openstreetmap.org/edit?editor=id&way=177180573#map=20/59.9505792/10.9262065"}}, {"type": "Feature", "geometry": {"type": "Point", "coordinates": [10.9230597, 59.9548495]}, "properties": {"id": 178026537, "feat_type": "way", "quality_categories": "missing_tags, older_than_five_years", "issue_ids": "[29, 0]", "osm_url": "https://www.openstreetmap.org/way/178026537", "josm_url": "http://127.0.0.1:8111/load_object?new_layer=false&objects=w178026537", "id_url": "https://www.openstreetmap.org/edit?editor=id&way=178026537#map=20/59.9548495/10.9230597"}}, {"type": "Feature", "geometry": {"type": "Point", "coordinates": [10.9228008, 59.95315]}, "properties": {"id": 178026545, "feat_type": "way", "quality_categories": "missing_tags, older_than_five_years", "issue_ids": "[2, 0]", "osm_url": "https://www.openstreetmap.org/way/178026545", "josm_url": "http://127.0.0.1:8111/load_object?new_layer=false&objects=w178026545", "id_url": "https://www.openstreetmap.org/edit?editor=id&way=178026545#map=20/59.95315/10.9228008"}}, {"type": "Feature", "geometry": {"type": "Point", "coordinates": [10.9232445, 59.9529855]}, "properties": {"id": 178026548, "feat_type": "way", "quality_categories": "missing_tags, older_than_five_years", "issue_ids": "[2, 0]", "osm_url": "https://www.openstreetmap.org/way/178026548", "josm_url": "http://127.0.0.1:8111/load_object?new_layer=false&objects=w178026548", "id_url": "https://www.openstreetmap.org/edit?editor=id&way=178026548#map=20/59.9529855/10.9232445"}}, {"type": "Feature", "geometry": {"type": "Point", "coordinates": [10.912839, 59.9646718]}, "properties": {"id": 178078923, "feat_type": "way", "quality_categories": "missing_tags, older_than_five_years", "issue_ids": "[30, 0]", "osm_url": "https://www.openstreetmap.org/way/178078923", "josm_url": "http://127.0.0.1:8111/load_object?new_layer=false&objects=w178078923", "id_url": "https://www.openstreetmap.org/edit?editor=id&way=178078923#map=20/59.9646718/10.912839"}}, {"type": "Feature", "geometry": {"type": "Point", "coordinates": [10.9149544, 59.9636566]}, "properties": {"id": 178078934, "feat_type": "way", "quality_categories": "missing_tags, older_than_five_years", "issue_ids": "[29, 0]", "osm_url": "https://www.openstreetmap.org/way/178078934", "josm_url": "http://127.0.0.1:8111/load_object?new_layer=false&objects=w178078934", "id_url": "https://www.openstreetmap.org/edit?editor=id&way=178078934#map=20/59.9636566/10.9149544"}}, {"type": "Feature", "geometry": {"type": "Point", "coordinates": [10.8581295, 59.9407176]}, "properties": {"id": 178568765, "feat_type": "way", "quality_categories": "missing_tags, older_than_five_years", "issue_ids": "[26, 0]", "osm_url": "https://www.openstreetmap.org/way/178568765", "josm_url": "http://127.0.0.1:8111/load_object?new_layer=false&objects=w178568765", "id_url": "https://www.openstreetmap.org/edit?editor=id&way=178568765#map=20/59.9407176/10.8581295"}}, {"type": "Feature", "geometry": {"type": "Point", "coordinates": [10.8809481, 59.953832]}, "properties": {"id": 178739027, "feat_type": "way", "quality_categories": "missing_tags", "issue_ids": "[0]", "osm_url": "https://www.openstreetmap.org/way/178739027", "josm_url": "http://127.0.0.1:8111/load_object?new_layer=false&objects=w178739027", "id_url": "https://www.openstreetmap.org/edit?editor=id&way=178739027#map=20/59.953832/10.8809481"}}, {"type": "Feature", "geometry": {"type": "Point", "coordinates": [10.8813597, 59.9532559]}, "properties": {"id": 178739032, "feat_type": "way", "quality_categories": "missing_tags, older_than_five_years", "issue_ids": "[31, 0]", "osm_url": "https://www.openstreetmap.org/way/178739032", "josm_url": "http://127.0.0.1:8111/load_object?new_layer=false&objects=w178739032", "id_url": "https://www.openstreetmap.org/edit?editor=id&way=178739032#map=20/59.9532559/10.8813597"}}, {"type": "Feature", "geometry": {"type": "Point", "coordinates": [10.8810271, 59.9534574]}, "properties": {"id": 178739034, "feat_type": "way", "quality_categories": "missing_tags, older_than_five_years", "issue_ids": "[32, 0]", "osm_url": "https://www.openstreetmap.org/way/178739034", "josm_url": "http://127.0.0.1:8111/load_object?new_layer=false&objects=w178739034", "id_url": "https://www.openstreetmap.org/edit?editor=id&way=178739034#map=20/59.9534574/10.8810271"}}, {"type": "Feature", "geometry": {"type": "Point", "coordinates": [10.8812499, 59.9531919]}, "properties": {"id": 178739035, "feat_type": "way", "quality_categories": "missing_tags, older_than_five_years", "issue_ids": "[31, 0]", "osm_url": "https://www.openstreetmap.org/way/178739035", "josm_url": "http://127.0.0.1:8111/load_object?new_layer=false&objects=w178739035", "id_url": "https://www.openstreetmap.org/edit?editor=id&way=178739035#map=20/59.9531919/10.8812499"}}, {"type": "Feature", "geometry": {"type": "Point", "coordinates": [10.8805891, 59.9543102]}, "properties": {"id": 178739039, "feat_type": "way", "quality_categories": "missing_tags, older_than_five_years", "issue_ids": "[33, 0]", "osm_url": "https://www.openstreetmap.org/way/178739039", "josm_url": "http://127.0.0.1:8111/load_object?new_layer=false&objects=w178739039", "id_url": "https://www.openstreetmap.org/edit?editor=id&way=178739039#map=20/59.9543102/10.8805891"}}, {"type": "Feature", "geometry": {"type": "Point", "coordinates": [10.8806461, 59.9538074]}, "properties": {"id": 178739041, "feat_type": "way", "quality_categories": "missing_tags, older_than_five_years", "issue_ids": "[34, 0]", "osm_url": "https://www.openstreetmap.org/way/178739041", "josm_url": "http://127.0.0.1:8111/load_object?new_layer=false&objects=w178739041", "id_url": "https://www.openstreetmap.org/edit?editor=id&way=178739041#map=20/59.9538074/10.8806461"}}, {"type": "Feature", "geometry": {"type": "Point", "coordinates": [10.8810965, 59.9532016]}, "properties": {"id": 178739049, "feat_type": "way", "quality_categories": "missing_tags, older_than_five_years", "issue_ids": "[31, 0]", "osm_url": "https://www.openstreetmap.org/way/178739049", "josm_url": "http://127.0.0.1:8111/load_object?new_layer=false&objects=w178739049", "id_url": "https://www.openstreetmap.org/edit?editor=id&way=178739049#map=20/59.9532016/10.8810965"}}, {"type": "Feature", "geometry": {"type": "Point", "coordinates": [10.8632637, 59.9463389]}, "properties": {"id": 183668798, "feat_type": "way", "quality_categories": "missing_tags, older_than_five_years", "issue_ids": "[35, 0]", "osm_url": "https://www.openstreetmap.org/way/183668798", "josm_url": "http://127.0.0.1:8111/load_object?new_layer=false&objects=w183668798", "id_url": "https://www.openstreetmap.org/edit?editor=id&way=183668798#map=20/59.9463389/10.8632637"}}, {"type": "Feature", "geometry": {"type": "Point", "coordinates": [10.8612606, 59.9473844]}, "properties": {"id": 183668799, "feat_type": "way", "quality_categories": "missing_tags, older_than_five_years", "issue_ids": "[36, 0]", "osm_url": "https://www.openstreetmap.org/way/183668799", "josm_url": "http://127.0.0.1:8111/load_object?new_layer=false&objects=w183668799", "id_url": "https://www.openstreetmap.org/edit?editor=id&way=183668799#map=20/59.9473844/10.8612606"}}, {"type": "Feature", "geometry": {"type": "Point", "coordinates": [10.8629828, 59.9464341]}, "properties": {"id": 183668800, "feat_type": "way", "quality_categories": "missing_tags, older_than_five_years", "issue_ids": "[35, 0]", "osm_url": "https://www.openstreetmap.org/way/183668800", "josm_url": "http://127.0.0.1:8111/load_object?new_layer=false&objects=w183668800", "id_url": "https://www.openstreetmap.org/edit?editor=id&way=183668800#map=20/59.9464341/10.8629828"}}, {"type": "Feature", "geometry": {"type": "Point", "coordinates": [10.8630498, 59.9466452]}, "properties": {"id": 183668807, "feat_type": "way", "quality_categories": "missing_tags", "issue_ids": "[0]", "osm_url": "https://www.openstreetmap.org/way/183668807", "josm_url": "http://127.0.0.1:8111/load_object?new_layer=false&objects=w183668807", "id_url": "https://www.openstreetmap.org/edit?editor=id&way=183668807#map=20/59.9466452/10.8630498"}}, {"type": "Feature", "geometry": {"type": "Point", "coordinates": [10.8279899, 59.9334726]}, "properties": {"id": 184613657, "feat_type": "way", "quality_categories": "missing_tags, older_than_five_years", "issue_ids": "[28, 0]", "osm_url": "https://www.openstreetmap.org/way/184613657", "josm_url": "http://127.0.0.1:8111/load_object?new_layer=false&objects=w184613657", "id_url": "https://www.openstreetmap.org/edit?editor=id&way=184613657#map=20/59.9334726/10.8279899"}}, {"type": "Feature", "geometry": {"type": "Point", "coordinates": [10.827302, 59.9337174]}, "properties": {"id": 184613660, "feat_type": "way", "quality_categories": "missing_tags, older_than_five_years", "issue_ids": "[37, 0]", "osm_url": "https://www.openstreetmap.org/way/184613660", "josm_url": "http://127.0.0.1:8111/load_object?new_layer=false&objects=w184613660", "id_url": "https://www.openstreetmap.org/edit?editor=id&way=184613660#map=20/59.9337174/10.827302"}}, {"type": "Feature", "geometry": {"type": "Point", "coordinates": [10.8282622, 59.9331056]}, "properties": {"id": 184613661, "feat_type": "way", "quality_categories": "missing_tags, older_than_five_years", "issue_ids": "[28, 0]", "osm_url": "https://www.openstreetmap.org/way/184613661", "josm_url": "http://127.0.0.1:8111/load_object?new_layer=false&objects=w184613661", "id_url": "https://www.openstreetmap.org/edit?editor=id&way=184613661#map=20/59.9331056/10.8282622"}}, {"type": "Feature", "geometry": {"type": "Point", "coordinates": [10.8279429, 59.9330719]}, "properties": {"id": 184613663, "feat_type": "way", "quality_categories": "missing_tags, older_than_five_years", "issue_ids": "[28, 0]", "osm_url": "https://www.openstreetmap.org/way/184613663", "josm_url": "http://127.0.0.1:8111/load_object?new_layer=false&objects=w184613663", "id_url": "https://www.openstreetmap.org/edit?editor=id&way=184613663#map=20/59.9330719/10.8279429"}}, {"type": "Feature", "geometry": {"type": "Point", "coordinates": [10.829521, 59.9320526]}, "properties": {"id": 184613665, "feat_type": "way", "quality_categories": "missing_tags, older_than_five_years", "issue_ids": "[28, 0]", "osm_url": "https://www.openstreetmap.org/way/184613665", "josm_url": "http://127.0.0.1:8111/load_object?new_layer=false&objects=w184613665", "id_url": "https://www.openstreetmap.org/edit?editor=id&way=184613665#map=20/59.9320526/10.829521"}}, {"type": "Feature", "geometry": {"type": "Point", "coordinates": [10.858142, 59.940543]}, "properties": {"id": 184619872, "feat_type": "way", "quality_categories": "missing_tags, older_than_five_years", "issue_ids": "[26, 0]", "osm_url": "https://www.openstreetmap.org/way/184619872", "josm_url": "http://127.0.0.1:8111/load_object?new_layer=false&objects=w184619872", "id_url": "https://www.openstreetmap.org/edit?editor=id&way=184619872#map=20/59.940543/10.858142"}}, {"type": "Feature", "geometry": {"type": "Point", "coordinates": [10.886397, 59.9507059]}, "properties": {"id": 188051420, "feat_type": "way", "quality_categories": "missing_tags, older_than_five_years", "issue_ids": "[38, 0]", "osm_url": "https://www.openstreetmap.org/way/188051420", "josm_url": "http://127.0.0.1:8111/load_object?new_layer=false&objects=w188051420", "id_url": "https://www.openstreetmap.org/edit?editor=id&way=188051420#map=20/59.9507059/10.886397"}}, {"type": "Feature", "geometry": {"type": "Point", "coordinates": [10.6358558, 59.9191022]}, "properties": {"id": 189529761, "feat_type": "way", "quality_categories": "missing_tags", "issue_ids": "[0]", "osm_url": "https://www.openstreetmap.org/way/189529761", "josm_url": "http://127.0.0.1:8111/load_object?new_layer=false&objects=w189529761", "id_url": "https://www.openstreetmap.org/edit?editor=id&way=189529761#map=20/59.9191022/10.6358558"}}, {"type": "Feature", "geometry": {"type": "Point", "coordinates": [10.6404243, 59.9618822]}, "properties": {"id": 220097564, "feat_type": "way", "quality_categories": "missing_tags, older_than_five_years", "issue_ids": "[39, 0]", "osm_url": "https://www.openstreetmap.org/way/220097564", "josm_url": "http://127.0.0.1:8111/load_object?new_layer=false&objects=w220097564", "id_url": "https://www.openstreetmap.org/edit?editor=id&way=220097564#map=20/59.9618822/10.6404243"}}, {"type": "Feature", "geometry": {"type": "Point", "coordinates": [10.8950096, 59.9551719]}, "properties": {"id": 221130730, "feat_type": "way", "quality_categories": "missing_tags, older_than_five_years", "issue_ids": "[5, 0]", "osm_url": "https://www.openstreetmap.org/way/221130730", "josm_url": "http://127.0.0.1:8111/load_object?new_layer=false&objects=w221130730", "id_url": "https://www.openstreetmap.org/edit?editor=id&way=221130730#map=20/59.9551719/10.8950096"}}, {"type": "Feature", "geometry": {"type": "Point", "coordinates": [10.8855239, 59.9539007]}, "properties": {"id": 224983452, "feat_type": "way", "quality_categories": "missing_tags, older_than_five_years", "issue_ids": "[34, 0]", "osm_url": "https://www.openstreetmap.org/way/224983452", "josm_url": "http://127.0.0.1:8111/load_object?new_layer=false&objects=w224983452", "id_url": "https://www.openstreetmap.org/edit?editor=id&way=224983452#map=20/59.9539007/10.8855239"}}, {"type": "Feature", "geometry": {"type": "Point", "coordinates": [10.881456, 59.953197]}, "properties": {"id": 224983455, "feat_type": "way", "quality_categories": "missing_tags, older_than_five_years", "issue_ids": "[40, 0]", "osm_url": "https://www.openstreetmap.org/way/224983455", "josm_url": "http://127.0.0.1:8111/load_object?new_layer=false&objects=w224983455", "id_url": "https://www.openstreetmap.org/edit?editor=id&way=224983455#map=20/59.953197/10.881456"}}, {"type": "Feature", "geometry": {"type": "Point", "coordinates": [10.8813648, 59.9531476]}, "properties": {"id": 224983458, "feat_type": "way", "quality_categories": "missing_tags, older_than_five_years", "issue_ids": "[40, 0]", "osm_url": "https://www.openstreetmap.org/way/224983458", "josm_url": "http://127.0.0.1:8111/load_object?new_layer=false&objects=w224983458", "id_url": "https://www.openstreetmap.org/edit?editor=id&way=224983458#map=20/59.9531476/10.8813648"}}, {"type": "Feature", "geometry": {"type": "Point", "coordinates": [10.8872977, 59.953219]}, "properties": {"id": 224983459, "feat_type": "way", "quality_categories": "missing_tags, older_than_five_years", "issue_ids": "[5, 0]", "osm_url": "https://www.openstreetmap.org/way/224983459", "josm_url": "http://127.0.0.1:8111/load_object?new_layer=false&objects=w224983459", "id_url": "https://www.openstreetmap.org/edit?editor=id&way=224983459#map=20/59.953219/10.8872977"}}, {"type": "Feature", "geometry": {"type": "Point", "coordinates": [10.88379, 59.9537568]}, "properties": {"id": 224983469, "feat_type": "way", "quality_categories": "missing_tags, older_than_five_years", "issue_ids": "[34, 0]", "osm_url": "https://www.openstreetmap.org/way/224983469", "josm_url": "http://127.0.0.1:8111/load_object?new_layer=false&objects=w224983469", "id_url": "https://www.openstreetmap.org/edit?editor=id&way=224983469#map=20/59.9537568/10.88379"}}, {"type": "Feature", "geometry": {"type": "Point", "coordinates": [10.921385, 59.9588922]}, "properties": {"id": 228288275, "feat_type": "way", "quality_categories": "missing_tags, older_than_five_years", "issue_ids": "[41, 0]", "osm_url": "https://www.openstreetmap.org/way/228288275", "josm_url": "http://127.0.0.1:8111/load_object?new_layer=false&objects=w228288275", "id_url": "https://www.openstreetmap.org/edit?editor=id&way=228288275#map=20/59.9588922/10.921385"}}, {"type": "Feature", "geometry": {"type": "Point", "coordinates": [10.9195973, 59.9580422]}, "properties": {"id": 228288280, "feat_type": "way", "quality_categories": "missing_tags", "issue_ids": "[0]", "osm_url": "https://www.openstreetmap.org/way/228288280", "josm_url": "http://127.0.0.1:8111/load_object?new_layer=false&objects=w228288280", "id_url": "https://www.openstreetmap.org/edit?editor=id&way=228288280#map=20/59.9580422/10.9195973"}}, {"type": "Feature", "geometry": {"type": "Point", "coordinates": [10.8761436, 59.950566]}, "properties": {"id": 228303944, "feat_type": "way", "quality_categories": "missing_tags, older_than_five_years", "issue_ids": "[41, 0]", "osm_url": "https://www.openstreetmap.org/way/228303944", "josm_url": "http://127.0.0.1:8111/load_object?new_layer=false&objects=w228303944", "id_url": "https://www.openstreetmap.org/edit?editor=id&way=228303944#map=20/59.950566/10.8761436"}}, {"type": "Feature", "geometry": {"type": "Point", "coordinates": [10.6447082, 59.9498095]}, "properties": {"id": 228884965, "feat_type": "way", "quality_categories": "missing_tags", "issue_ids": "[0]", "osm_url": "https://www.openstreetmap.org/way/228884965", "josm_url": "http://127.0.0.1:8111/load_object?new_layer=false&objects=w228884965", "id_url": "https://www.openstreetmap.org/edit?editor=id&way=228884965#map=20/59.9498095/10.6447082"}}, {"type": "Feature", "geometry": {"type": "Point", "coordinates": [10.9077377, 59.9621671]}, "properties": {"id": 237750182, "feat_type": "way", "quality_categories": "missing_tags, older_than_five_years", "issue_ids": "[42, 0]", "osm_url": "https://www.openstreetmap.org/way/237750182", "josm_url": "http://127.0.0.1:8111/load_object?new_layer=false&objects=w237750182", "id_url": "https://www.openstreetmap.org/edit?editor=id&way=237750182#map=20/59.9621671/10.9077377"}}, {"type": "Feature", "geometry": {"type": "Point", "coordinates": [10.7182821, 59.9147564]}, "properties": {"id": 238862031, "feat_type": "way", "quality_categories": "missing_tags, older_than_five_years", "issue_ids": "[43, 0]", "osm_url": "https://www.openstreetmap.org/way/238862031", "josm_url": "http://127.0.0.1:8111/load_object?new_layer=false&objects=w238862031", "id_url": "https://www.openstreetmap.org/edit?editor=id&way=238862031#map=20/59.9147564/10.7182821"}}, {"type": "Feature", "geometry": {"type": "Point", "coordinates": [10.7183974, 59.9146878]}, "properties": {"id": 238862043, "feat_type": "way", "quality_categories": "missing_tags", "issue_ids": "[0]", "osm_url": "https://www.openstreetmap.org/way/238862043", "josm_url": "http://127.0.0.1:8111/load_object?new_layer=false&objects=w238862043", "id_url": "https://www.openstreetmap.org/edit?editor=id&way=238862043#map=20/59.9146878/10.7183974"}}, {"type": "Feature", "geometry": {"type": "Point", "coordinates": [10.7121243, 59.9187418]}, "properties": {"id": 238862060, "feat_type": "way", "quality_categories": "missing_tags", "issue_ids": "[0]", "osm_url": "https://www.openstreetmap.org/way/238862060", "josm_url": "http://127.0.0.1:8111/load_object?new_layer=false&objects=w238862060", "id_url": "https://www.openstreetmap.org/edit?editor=id&way=238862060#map=20/59.9187418/10.7121243"}}, {"type": "Feature", "geometry": {"type": "Point", "coordinates": [10.8433905, 59.924941]}, "properties": {"id": 253029430, "feat_type": "way", "quality_categories": "missing_tags", "issue_ids": "[0]", "osm_url": "https://www.openstreetmap.org/way/253029430", "josm_url": "http://127.0.0.1:8111/load_object?new_layer=false&objects=w253029430", "id_url": "https://www.openstreetmap.org/edit?editor=id&way=253029430#map=20/59.924941/10.8433905"}}, {"type": "Feature", "geometry": {"type": "Point", "coordinates": [10.8431894, 59.9225927]}, "properties": {"id": 253029441, "feat_type": "way", "quality_categories": "missing_tags", "issue_ids": "[0]", "osm_url": "https://www.openstreetmap.org/way/253029441", "josm_url": "http://127.0.0.1:8111/load_object?new_layer=false&objects=w253029441", "id_url": "https://www.openstreetmap.org/edit?editor=id&way=253029441#map=20/59.9225927/10.8431894"}}, {"type": "Feature", "geometry": {"type": "Point", "coordinates": [10.8401403, 59.9245106]}, "properties": {"id": 253029462, "feat_type": "way", "quality_categories": "missing_tags", "issue_ids": "[0]", "osm_url": "https://www.openstreetmap.org/way/253029462", "josm_url": "http://127.0.0.1:8111/load_object?new_layer=false&objects=w253029462", "id_url": "https://www.openstreetmap.org/edit?editor=id&way=253029462#map=20/59.9245106/10.8401403"}}, {"type": "Feature", "geometry": {"type": "Point", "coordinates": [10.8484607, 59.9281843]}, "properties": {"id": 254701922, "feat_type": "way", "quality_categories": "missing_tags, older_than_five_years", "issue_ids": "[44, 0]", "osm_url": "https://www.openstreetmap.org/way/254701922", "josm_url": "http://127.0.0.1:8111/load_object?new_layer=false&objects=w254701922", "id_url": "https://www.openstreetmap.org/edit?editor=id&way=254701922#map=20/59.9281843/10.8484607"}}, {"type": "Feature", "geometry": {"type": "Point", "coordinates": [10.8445897, 59.9255511]}, "properties": {"id": 254701961, "feat_type": "way", "quality_categories": "missing_tags", "issue_ids": "[0]", "osm_url": "https://www.openstreetmap.org/way/254701961", "josm_url": "http://127.0.0.1:8111/load_object?new_layer=false&objects=w254701961", "id_url": "https://www.openstreetmap.org/edit?editor=id&way=254701961#map=20/59.9255511/10.8445897"}}, {"type": "Feature", "geometry": {"type": "Point", "coordinates": [10.9276459, 59.9353415]}, "properties": {"id": 258545374, "feat_type": "way", "quality_categories": "missing_tags", "issue_ids": "[0]", "osm_url": "https://www.openstreetmap.org/way/258545374", "josm_url": "http://127.0.0.1:8111/load_object?new_layer=false&objects=w258545374", "id_url": "https://www.openstreetmap.org/edit?editor=id&way=258545374#map=20/59.9353415/10.9276459"}}, {"type": "Feature", "geometry": {"type": "Point", "coordinates": [10.9291719, 59.9366278]}, "properties": {"id": 258545388, "feat_type": "way", "quality_categories": "missing_tags, older_than_five_years", "issue_ids": "[45, 0]", "osm_url": "https://www.openstreetmap.org/way/258545388", "josm_url": "http://127.0.0.1:8111/load_object?new_layer=false&objects=w258545388", "id_url": "https://www.openstreetmap.org/edit?editor=id&way=258545388#map=20/59.9366278/10.9291719"}}, {"type": "Feature", "geometry": {"type": "Point", "coordinates": [10.7967484, 59.9418177]}, "properties": {"id": 307616713, "feat_type": "way", "quality_categories": "missing_tags", "issue_ids": "[0]", "osm_url": "https://www.openstreetmap.org/way/307616713", "josm_url": "http://127.0.0.1:8111/load_object?new_layer=false&objects=w307616713", "id_url": "https://www.openstreetmap.org/edit?editor=id&way=307616713#map=20/59.9418177/10.7967484"}}, {"type": "Feature", "geometry": {"type": "Point", "coordinates": [10.7865623, 59.8954582]}, "properties": {"id": 311012218, "feat_type": "way", "quality_categories": "missing_tags, older_than_five_years", "issue_ids": "[46, 0]", "osm_url": "https://www.openstreetmap.org/way/311012218", "josm_url": "http://127.0.0.1:8111/load_object?new_layer=false&objects=w311012218", "id_url": "https://www.openstreetmap.org/edit?editor=id&way=311012218#map=20/59.8954582/10.7865623"}}, {"type": "Feature", "geometry": {"type": "Point", "coordinates": [10.7865455, 59.8952563]}, "properties": {"id": 311012233, "feat_type": "way", "quality_categories": "missing_tags", "issue_ids": "[0]", "osm_url": "https://www.openstreetmap.org/way/311012233", "josm_url": "http://127.0.0.1:8111/load_object?new_layer=false&objects=w311012233", "id_url": "https://www.openstreetmap.org/edit?editor=id&way=311012233#map=20/59.8952563/10.7865455"}}, {"type": "Feature", "geometry": {"type": "Point", "coordinates": [10.7962452, 59.8978537]}, "properties": {"id": 311296985, "feat_type": "way", "quality_categories": "missing_tags, older_than_five_years", "issue_ids": "[47, 0]", "osm_url": "https://www.openstreetmap.org/way/311296985", "josm_url": "http://127.0.0.1:8111/load_object?new_layer=false&objects=w311296985", "id_url": "https://www.openstreetmap.org/edit?editor=id&way=311296985#map=20/59.8978537/10.7962452"}}, {"type": "Feature", "geometry": {"type": "Point", "coordinates": [10.7945325, 59.8980125]}, "properties": {"id": 311296990, "feat_type": "way", "quality_categories": "missing_tags", "issue_ids": "[0]", "osm_url": "https://www.openstreetmap.org/way/311296990", "josm_url": "http://127.0.0.1:8111/load_object?new_layer=false&objects=w311296990", "id_url": "https://www.openstreetmap.org/edit?editor=id&way=311296990#map=20/59.8980125/10.7945325"}}, {"type": "Feature", "geometry": {"type": "Point", "coordinates": [10.787328, 59.8958368]}, "properties": {"id": 311296993, "feat_type": "way", "quality_categories": "missing_tags, older_than_five_years", "issue_ids": "[48, 0]", "osm_url": "https://www.openstreetmap.org/way/311296993", "josm_url": "http://127.0.0.1:8111/load_object?new_layer=false&objects=w311296993", "id_url": "https://www.openstreetmap.org/edit?editor=id&way=311296993#map=20/59.8958368/10.787328"}}, {"type": "Feature", "geometry": {"type": "Point", "coordinates": [10.7918571, 59.8971311]}, "properties": {"id": 311296996, "feat_type": "way", "quality_categories": "missing_tags", "issue_ids": "[0]", "osm_url": "https://www.openstreetmap.org/way/311296996", "josm_url": "http://127.0.0.1:8111/load_object?new_layer=false&objects=w311296996", "id_url": "https://www.openstreetmap.org/edit?editor=id&way=311296996#map=20/59.8971311/10.7918571"}}, {"type": "Feature", "geometry": {"type": "Point", "coordinates": [10.7974648, 59.8974434]}, "properties": {"id": 311296998, "feat_type": "way", "quality_categories": "missing_tags, older_than_five_years", "issue_ids": "[49, 0]", "osm_url": "https://www.openstreetmap.org/way/311296998", "josm_url": "http://127.0.0.1:8111/load_object?new_layer=false&objects=w311296998", "id_url": "https://www.openstreetmap.org/edit?editor=id&way=311296998#map=20/59.8974434/10.7974648"}}, {"type": "Feature", "geometry": {"type": "Point", "coordinates": [10.7918073, 59.8971108]}, "properties": {"id": 311297025, "feat_type": "way", "quality_categories": "missing_tags, older_than_five_years", "issue_ids": "[49, 0]", "osm_url": "https://www.openstreetmap.org/way/311297025", "josm_url": "http://127.0.0.1:8111/load_object?new_layer=false&objects=w311297025", "id_url": "https://www.openstreetmap.org/edit?editor=id&way=311297025#map=20/59.8971108/10.7918073"}}, {"type": "Feature", "geometry": {"type": "Point", "coordinates": [10.7934107, 59.8977339]}, "properties": {"id": 311297026, "feat_type": "way", "quality_categories": "missing_tags, older_than_five_years", "issue_ids": "[49, 0]", "osm_url": "https://www.openstreetmap.org/way/311297026", "josm_url": "http://127.0.0.1:8111/load_object?new_layer=false&objects=w311297026", "id_url": "https://www.openstreetmap.org/edit?editor=id&way=311297026#map=20/59.8977339/10.7934107"}}, {"type": "Feature", "geometry": {"type": "Point", "coordinates": [10.6367241, 59.9176071]}, "properties": {"id": 312668093, "feat_type": "way", "quality_categories": "missing_tags", "issue_ids": "[0]", "osm_url": "https://www.openstreetmap.org/way/312668093", "josm_url": "http://127.0.0.1:8111/load_object?new_layer=false&objects=w312668093", "id_url": "https://www.openstreetmap.org/edit?editor=id&way=312668093#map=20/59.9176071/10.6367241"}}, {"type": "Feature", "geometry": {"type": "Point", "coordinates": [10.8411605, 59.8888486]}, "properties": {"id": 312996816, "feat_type": "way", "quality_categories": "missing_tags, older_than_five_years", "issue_ids": "[50, 0]", "osm_url": "https://www.openstreetmap.org/way/312996816", "josm_url": "http://127.0.0.1:8111/load_object?new_layer=false&objects=w312996816", "id_url": "https://www.openstreetmap.org/edit?editor=id&way=312996816#map=20/59.8888486/10.8411605"}}, {"type": "Feature", "geometry": {"type": "Point", "coordinates": [10.8281343, 59.880189]}, "properties": {"id": 312996854, "feat_type": "way", "quality_categories": "missing_tags", "issue_ids": "[0]", "osm_url": "https://www.openstreetmap.org/way/312996854", "josm_url": "http://127.0.0.1:8111/load_object?new_layer=false&objects=w312996854", "id_url": "https://www.openstreetmap.org/edit?editor=id&way=312996854#map=20/59.880189/10.8281343"}}, {"type": "Feature", "geometry": {"type": "Point", "coordinates": [10.8358126, 59.8857379]}, "properties": {"id": 312996860, "feat_type": "way", "quality_categories": "missing_tags", "issue_ids": "[0]", "osm_url": "https://www.openstreetmap.org/way/312996860", "josm_url": "http://127.0.0.1:8111/load_object?new_layer=false&objects=w312996860", "id_url": "https://www.openstreetmap.org/edit?editor=id&way=312996860#map=20/59.8857379/10.8358126"}}, {"type": "Feature", "geometry": {"type": "Point", "coordinates": [10.8286456, 59.8802452]}, "properties": {"id": 312996861, "feat_type": "way", "quality_categories": "missing_tags, older_than_five_years", "issue_ids": "[51, 0]", "osm_url": "https://www.openstreetmap.org/way/312996861", "josm_url": "http://127.0.0.1:8111/load_object?new_layer=false&objects=w312996861", "id_url": "https://www.openstreetmap.org/edit?editor=id&way=312996861#map=20/59.8802452/10.8286456"}}, {"type": "Feature", "geometry": {"type": "Point", "coordinates": [10.8315184, 59.8810017]}, "properties": {"id": 312996862, "feat_type": "way", "quality_categories": "missing_tags, older_than_five_years", "issue_ids": "[52, 0]", "osm_url": "https://www.openstreetmap.org/way/312996862", "josm_url": "http://127.0.0.1:8111/load_object?new_layer=false&objects=w312996862", "id_url": "https://www.openstreetmap.org/edit?editor=id&way=312996862#map=20/59.8810017/10.8315184"}}, {"type": "Feature", "geometry": {"type": "Point", "coordinates": [10.8299552, 59.8804561]}, "properties": {"id": 312996866, "feat_type": "way", "quality_categories": "missing_tags, older_than_five_years", "issue_ids": "[53, 0]", "osm_url": "https://www.openstreetmap.org/way/312996866", "josm_url": "http://127.0.0.1:8111/load_object?new_layer=false&objects=w312996866", "id_url": "https://www.openstreetmap.org/edit?editor=id&way=312996866#map=20/59.8804561/10.8299552"}}, {"type": "Feature", "geometry": {"type": "Point", "coordinates": [10.8408301, 59.8889751]}, "properties": {"id": 312996868, "feat_type": "way", "quality_categories": "missing_tags, older_than_five_years", "issue_ids": "[54, 0]", "osm_url": "https://www.openstreetmap.org/way/312996868", "josm_url": "http://127.0.0.1:8111/load_object?new_layer=false&objects=w312996868", "id_url": "https://www.openstreetmap.org/edit?editor=id&way=312996868#map=20/59.8889751/10.8408301"}}, {"type": "Feature", "geometry": {"type": "Point", "coordinates": [10.8409802, 59.9013288]}, "properties": {"id": 313133625, "feat_type": "way", "quality_categories": "missing_tags, older_than_five_years", "issue_ids": "[55, 0]", "osm_url": "https://www.openstreetmap.org/way/313133625", "josm_url": "http://127.0.0.1:8111/load_object?new_layer=false&objects=w313133625", "id_url": "https://www.openstreetmap.org/edit?editor=id&way=313133625#map=20/59.9013288/10.8409802"}}, {"type": "Feature", "geometry": {"type": "Point", "coordinates": [10.8178961, 59.8891498]}, "properties": {"id": 313307774, "feat_type": "way", "quality_categories": "missing_tags", "issue_ids": "[0]", "osm_url": "https://www.openstreetmap.org/way/313307774", "josm_url": "http://127.0.0.1:8111/load_object?new_layer=false&objects=w313307774", "id_url": "https://www.openstreetmap.org/edit?editor=id&way=313307774#map=20/59.8891498/10.8178961"}}, {"type": "Feature", "geometry": {"type": "Point", "coordinates": [10.8226588, 59.8823158]}, "properties": {"id": 313307782, "feat_type": "way", "quality_categories": "missing_tags", "issue_ids": "[0]", "osm_url": "https://www.openstreetmap.org/way/313307782", "josm_url": "http://127.0.0.1:8111/load_object?new_layer=false&objects=w313307782", "id_url": "https://www.openstreetmap.org/edit?editor=id&way=313307782#map=20/59.8823158/10.8226588"}}, {"type": "Feature", "geometry": {"type": "Point", "coordinates": [10.8244986, 59.8813044]}, "properties": {"id": 313307794, "feat_type": "way", "quality_categories": "missing_tags", "issue_ids": "[0]", "osm_url": "https://www.openstreetmap.org/way/313307794", "josm_url": "http://127.0.0.1:8111/load_object?new_layer=false&objects=w313307794", "id_url": "https://www.openstreetmap.org/edit?editor=id&way=313307794#map=20/59.8813044/10.8244986"}}, {"type": "Feature", "geometry": {"type": "Point", "coordinates": [10.8199042, 59.8836943]}, "properties": {"id": 313307797, "feat_type": "way", "quality_categories": "missing_tags", "issue_ids": "[0]", "osm_url": "https://www.openstreetmap.org/way/313307797", "josm_url": "http://127.0.0.1:8111/load_object?new_layer=false&objects=w313307797", "id_url": "https://www.openstreetmap.org/edit?editor=id&way=313307797#map=20/59.8836943/10.8199042"}}, {"type": "Feature", "geometry": {"type": "Point", "coordinates": [10.8198654, 59.8835532]}, "properties": {"id": 313307804, "feat_type": "way", "quality_categories": "missing_tags", "issue_ids": "[0]", "osm_url": "https://www.openstreetmap.org/way/313307804", "josm_url": "http://127.0.0.1:8111/load_object?new_layer=false&objects=w313307804", "id_url": "https://www.openstreetmap.org/edit?editor=id&way=313307804#map=20/59.8835532/10.8198654"}}, {"type": "Feature", "geometry": {"type": "Point", "coordinates": [10.8356249, 59.9005067]}, "properties": {"id": 313453874, "feat_type": "way", "quality_categories": "missing_tags", "issue_ids": "[0]", "osm_url": "https://www.openstreetmap.org/way/313453874", "josm_url": "http://127.0.0.1:8111/load_object?new_layer=false&objects=w313453874", "id_url": "https://www.openstreetmap.org/edit?editor=id&way=313453874#map=20/59.9005067/10.8356249"}}, {"type": "Feature", "geometry": {"type": "Point", "coordinates": [10.8523003, 59.8790587]}, "properties": {"id": 313726927, "feat_type": "way", "quality_categories": "missing_tags, older_than_five_years", "issue_ids": "[56, 0]", "osm_url": "https://www.openstreetmap.org/way/313726927", "josm_url": "http://127.0.0.1:8111/load_object?new_layer=false&objects=w313726927", "id_url": "https://www.openstreetmap.org/edit?editor=id&way=313726927#map=20/59.8790587/10.8523003"}}, {"type": "Feature", "geometry": {"type": "Point", "coordinates": [10.8531748, 59.8807018]}, "properties": {"id": 313726929, "feat_type": "way", "quality_categories": "missing_tags, older_than_five_years", "issue_ids": "[53, 0]", "osm_url": "https://www.openstreetmap.org/way/313726929", "josm_url": "http://127.0.0.1:8111/load_object?new_layer=false&objects=w313726929", "id_url": "https://www.openstreetmap.org/edit?editor=id&way=313726929#map=20/59.8807018/10.8531748"}}, {"type": "Feature", "geometry": {"type": "Point", "coordinates": [10.8520193, 59.8786526]}, "properties": {"id": 313726933, "feat_type": "way", "quality_categories": "missing_tags, older_than_five_years", "issue_ids": "[57, 0]", "osm_url": "https://www.openstreetmap.org/way/313726933", "josm_url": "http://127.0.0.1:8111/load_object?new_layer=false&objects=w313726933", "id_url": "https://www.openstreetmap.org/edit?editor=id&way=313726933#map=20/59.8786526/10.8520193"}}, {"type": "Feature", "geometry": {"type": "Point", "coordinates": [10.8504554, 59.8780561]}, "properties": {"id": 313726934, "feat_type": "way", "quality_categories": "missing_tags, older_than_five_years", "issue_ids": "[57, 0]", "osm_url": "https://www.openstreetmap.org/way/313726934", "josm_url": "http://127.0.0.1:8111/load_object?new_layer=false&objects=w313726934", "id_url": "https://www.openstreetmap.org/edit?editor=id&way=313726934#map=20/59.8780561/10.8504554"}}, {"type": "Feature", "geometry": {"type": "Point", "coordinates": [10.8497066, 59.8777141]}, "properties": {"id": 313726944, "feat_type": "way", "quality_categories": "missing_tags", "issue_ids": "[0]", "osm_url": "https://www.openstreetmap.org/way/313726944", "josm_url": "http://127.0.0.1:8111/load_object?new_layer=false&objects=w313726944", "id_url": "https://www.openstreetmap.org/edit?editor=id&way=313726944#map=20/59.8777141/10.8497066"}}, {"type": "Feature", "geometry": {"type": "Point", "coordinates": [10.8469531, 59.8780136]}, "properties": {"id": 313726964, "feat_type": "way", "quality_categories": "missing_tags, older_than_five_years", "issue_ids": "[53, 0]", "osm_url": "https://www.openstreetmap.org/way/313726964", "josm_url": "http://127.0.0.1:8111/load_object?new_layer=false&objects=w313726964", "id_url": "https://www.openstreetmap.org/edit?editor=id&way=313726964#map=20/59.8780136/10.8469531"}}, {"type": "Feature", "geometry": {"type": "Point", "coordinates": [10.8518828, 59.8812203]}, "properties": {"id": 313726969, "feat_type": "way", "quality_categories": "missing_tags, older_than_five_years", "issue_ids": "[57, 0]", "osm_url": "https://www.openstreetmap.org/way/313726969", "josm_url": "http://127.0.0.1:8111/load_object?new_layer=false&objects=w313726969", "id_url": "https://www.openstreetmap.org/edit?editor=id&way=313726969#map=20/59.8812203/10.8518828"}}, {"type": "Feature", "geometry": {"type": "Point", "coordinates": [10.6815668, 59.935707]}, "properties": {"id": 314149352, "feat_type": "way", "quality_categories": "missing_tags", "issue_ids": "[0]", "osm_url": "https://www.openstreetmap.org/way/314149352", "josm_url": "http://127.0.0.1:8111/load_object?new_layer=false&objects=w314149352", "id_url": "https://www.openstreetmap.org/edit?editor=id&way=314149352#map=20/59.935707/10.6815668"}}, {"type": "Feature", "geometry": {"type": "Point", "coordinates": [10.8234521, 59.9471917]}, "properties": {"id": 315369950, "feat_type": "way", "quality_categories": "missing_tags, older_than_five_years", "issue_ids": "[58, 0]", "osm_url": "https://www.openstreetmap.org/way/315369950", "josm_url": "http://127.0.0.1:8111/load_object?new_layer=false&objects=w315369950", "id_url": "https://www.openstreetmap.org/edit?editor=id&way=315369950#map=20/59.9471917/10.8234521"}}, {"type": "Feature", "geometry": {"type": "Point", "coordinates": [10.6999568, 59.91915]}, "properties": {"id": 317701809, "feat_type": "way", "quality_categories": "missing_tags, older_than_five_years", "issue_ids": "[59, 0]", "osm_url": "https://www.openstreetmap.org/way/317701809", "josm_url": "http://127.0.0.1:8111/load_object?new_layer=false&objects=w317701809", "id_url": "https://www.openstreetmap.org/edit?editor=id&way=317701809#map=20/59.91915/10.6999568"}}, {"type": "Feature", "geometry": {"type": "Point", "coordinates": [10.6937251, 59.9349395]}, "properties": {"id": 318995456, "feat_type": "way", "quality_categories": "missing_tags, older_than_five_years", "issue_ids": "[60, 0]", "osm_url": "https://www.openstreetmap.org/way/318995456", "josm_url": "http://127.0.0.1:8111/load_object?new_layer=false&objects=w318995456", "id_url": "https://www.openstreetmap.org/edit?editor=id&way=318995456#map=20/59.9349395/10.6937251"}}, {"type": "Feature", "geometry": {"type": "Point", "coordinates": [10.6938562, 59.9348136]}, "properties": {"id": 318995457, "feat_type": "way", "quality_categories": "missing_tags", "issue_ids": "[0]", "osm_url": "https://www.openstreetmap.org/way/318995457", "josm_url": "http://127.0.0.1:8111/load_object?new_layer=false&objects=w318995457", "id_url": "https://www.openstreetmap.org/edit?editor=id&way=318995457#map=20/59.9348136/10.6938562"}}, {"type": "Feature", "geometry": {"type": "Point", "coordinates": [10.6939377, 59.9348984]}, "properties": {"id": 318995459, "feat_type": "way", "quality_categories": "missing_tags, older_than_five_years", "issue_ids": "[60, 0]", "osm_url": "https://www.openstreetmap.org/way/318995459", "josm_url": "http://127.0.0.1:8111/load_object?new_layer=false&objects=w318995459", "id_url": "https://www.openstreetmap.org/edit?editor=id&way=318995459#map=20/59.9348984/10.6939377"}}, {"type": "Feature", "geometry": {"type": "Point", "coordinates": [10.6450132, 59.9487609]}, "properties": {"id": 320091864, "feat_type": "way", "quality_categories": "missing_tags", "issue_ids": "[0]", "osm_url": "https://www.openstreetmap.org/way/320091864", "josm_url": "http://127.0.0.1:8111/load_object?new_layer=false&objects=w320091864", "id_url": "https://www.openstreetmap.org/edit?editor=id&way=320091864#map=20/59.9487609/10.6450132"}}, {"type": "Feature", "geometry": {"type": "Point", "coordinates": [10.6417154, 59.9577553]}, "properties": {"id": 320091867, "feat_type": "way", "quality_categories": "missing_tags, older_than_five_years", "issue_ids": "[61, 0]", "osm_url": "https://www.openstreetmap.org/way/320091867", "josm_url": "http://127.0.0.1:8111/load_object?new_layer=false&objects=w320091867", "id_url": "https://www.openstreetmap.org/edit?editor=id&way=320091867#map=20/59.9577553/10.6417154"}}, {"type": "Feature", "geometry": {"type": "Point", "coordinates": [10.6446264, 59.9503091]}, "properties": {"id": 320091880, "feat_type": "way", "quality_categories": "missing_tags, older_than_five_years", "issue_ids": "[61, 0]", "osm_url": "https://www.openstreetmap.org/way/320091880", "josm_url": "http://127.0.0.1:8111/load_object?new_layer=false&objects=w320091880", "id_url": "https://www.openstreetmap.org/edit?editor=id&way=320091880#map=20/59.9503091/10.6446264"}}, {"type": "Feature", "geometry": {"type": "Point", "coordinates": [10.6464236, 59.9627455]}, "properties": {"id": 320512860, "feat_type": "way", "quality_categories": "missing_tags", "issue_ids": "[0]", "osm_url": "https://www.openstreetmap.org/way/320512860", "josm_url": "http://127.0.0.1:8111/load_object?new_layer=false&objects=w320512860", "id_url": "https://www.openstreetmap.org/edit?editor=id&way=320512860#map=20/59.9627455/10.6464236"}}, {"type": "Feature", "geometry": {"type": "Point", "coordinates": [10.6440606, 59.971035]}, "properties": {"id": 320512881, "feat_type": "way", "quality_categories": "missing_tags, older_than_five_years", "issue_ids": "[62, 0]", "osm_url": "https://www.openstreetmap.org/way/320512881", "josm_url": "http://127.0.0.1:8111/load_object?new_layer=false&objects=w320512881", "id_url": "https://www.openstreetmap.org/edit?editor=id&way=320512881#map=20/59.971035/10.6440606"}}, {"type": "Feature", "geometry": {"type": "Point", "coordinates": [10.715418, 59.9163716]}, "properties": {"id": 320796803, "feat_type": "way", "quality_categories": "missing_tags", "issue_ids": "[0]", "osm_url": "https://www.openstreetmap.org/way/320796803", "josm_url": "http://127.0.0.1:8111/load_object?new_layer=false&objects=w320796803", "id_url": "https://www.openstreetmap.org/edit?editor=id&way=320796803#map=20/59.9163716/10.715418"}}, {"type": "Feature", "geometry": {"type": "Point", "coordinates": [10.7726443, 59.8812163]}, "properties": {"id": 331994220, "feat_type": "way", "quality_categories": "missing_tags, older_than_five_years", "issue_ids": "[63, 0]", "osm_url": "https://www.openstreetmap.org/way/331994220", "josm_url": "http://127.0.0.1:8111/load_object?new_layer=false&objects=w331994220", "id_url": "https://www.openstreetmap.org/edit?editor=id&way=331994220#map=20/59.8812163/10.7726443"}}, {"type": "Feature", "geometry": {"type": "Point", "coordinates": [10.7793292, 59.8733627]}, "properties": {"id": 331994230, "feat_type": "way", "quality_categories": "missing_tags, older_than_five_years", "issue_ids": "[63, 0]", "osm_url": "https://www.openstreetmap.org/way/331994230", "josm_url": "http://127.0.0.1:8111/load_object?new_layer=false&objects=w331994230", "id_url": "https://www.openstreetmap.org/edit?editor=id&way=331994230#map=20/59.8733627/10.7793292"}}, {"type": "Feature", "geometry": {"type": "Point", "coordinates": [10.697269, 59.9171541]}, "properties": {"id": 333480898, "feat_type": "way", "quality_categories": "missing_tags", "issue_ids": "[0]", "osm_url": "https://www.openstreetmap.org/way/333480898", "josm_url": "http://127.0.0.1:8111/load_object?new_layer=false&objects=w333480898", "id_url": "https://www.openstreetmap.org/edit?editor=id&way=333480898#map=20/59.9171541/10.697269"}}, {"type": "Feature", "geometry": {"type": "Point", "coordinates": [10.8429082, 59.8745997]}, "properties": {"id": 335805339, "feat_type": "way", "quality_categories": "missing_tags, older_than_five_years", "issue_ids": "[53, 0]", "osm_url": "https://www.openstreetmap.org/way/335805339", "josm_url": "http://127.0.0.1:8111/load_object?new_layer=false&objects=w335805339", "id_url": "https://www.openstreetmap.org/edit?editor=id&way=335805339#map=20/59.8745997/10.8429082"}}, {"type": "Feature", "geometry": {"type": "Point", "coordinates": [10.8413695, 59.8756577]}, "properties": {"id": 335805356, "feat_type": "way", "quality_categories": "missing_tags", "issue_ids": "[0]", "osm_url": "https://www.openstreetmap.org/way/335805356", "josm_url": "http://127.0.0.1:8111/load_object?new_layer=false&objects=w335805356", "id_url": "https://www.openstreetmap.org/edit?editor=id&way=335805356#map=20/59.8756577/10.8413695"}}, {"type": "Feature", "geometry": {"type": "Point", "coordinates": [10.8437166, 59.8748099]}, "properties": {"id": 335805401, "feat_type": "way", "quality_categories": "missing_tags, older_than_five_years", "issue_ids": "[64, 0]", "osm_url": "https://www.openstreetmap.org/way/335805401", "josm_url": "http://127.0.0.1:8111/load_object?new_layer=false&objects=w335805401", "id_url": "https://www.openstreetmap.org/edit?editor=id&way=335805401#map=20/59.8748099/10.8437166"}}, {"type": "Feature", "geometry": {"type": "Point", "coordinates": [10.8459551, 59.8735411]}, "properties": {"id": 335805406, "feat_type": "way", "quality_categories": "missing_tags, older_than_five_years", "issue_ids": "[53, 0]", "osm_url": "https://www.openstreetmap.org/way/335805406", "josm_url": "http://127.0.0.1:8111/load_object?new_layer=false&objects=w335805406", "id_url": "https://www.openstreetmap.org/edit?editor=id&way=335805406#map=20/59.8735411/10.8459551"}}, {"type": "Feature", "geometry": {"type": "Point", "coordinates": [10.8443396, 59.8680155]}, "properties": {"id": 335811921, "feat_type": "way", "quality_categories": "missing_tags, older_than_five_years", "issue_ids": "[65, 0]", "osm_url": "https://www.openstreetmap.org/way/335811921", "josm_url": "http://127.0.0.1:8111/load_object?new_layer=false&objects=w335811921", "id_url": "https://www.openstreetmap.org/edit?editor=id&way=335811921#map=20/59.8680155/10.8443396"}}, {"type": "Feature", "geometry": {"type": "Point", "coordinates": [10.8464348, 59.8693991]}, "properties": {"id": 335811925, "feat_type": "way", "quality_categories": "missing_tags, older_than_five_years", "issue_ids": "[66, 0]", "osm_url": "https://www.openstreetmap.org/way/335811925", "josm_url": "http://127.0.0.1:8111/load_object?new_layer=false&objects=w335811925", "id_url": "https://www.openstreetmap.org/edit?editor=id&way=335811925#map=20/59.8693991/10.8464348"}}, {"type": "Feature", "geometry": {"type": "Point", "coordinates": [10.8460429, 59.8692222]}, "properties": {"id": 335811927, "feat_type": "way", "quality_categories": "missing_tags, older_than_five_years", "issue_ids": "[51, 0]", "osm_url": "https://www.openstreetmap.org/way/335811927", "josm_url": "http://127.0.0.1:8111/load_object?new_layer=false&objects=w335811927", "id_url": "https://www.openstreetmap.org/edit?editor=id&way=335811927#map=20/59.8692222/10.8460429"}}, {"type": "Feature", "geometry": {"type": "Point", "coordinates": [10.8500489, 59.9274474]}, "properties": {"id": 339796608, "feat_type": "way", "quality_categories": "missing_tags", "issue_ids": "[0]", "osm_url": "https://www.openstreetmap.org/way/339796608", "josm_url": "http://127.0.0.1:8111/load_object?new_layer=false&objects=w339796608", "id_url": "https://www.openstreetmap.org/edit?editor=id&way=339796608#map=20/59.9274474/10.8500489"}}, {"type": "Feature", "geometry": {"type": "Point", "coordinates": [10.8268418, 59.9248277]}, "properties": {"id": 339911287, "feat_type": "way", "quality_categories": "missing_tags, older_than_five_years", "issue_ids": "[67, 0]", "osm_url": "https://www.openstreetmap.org/way/339911287", "josm_url": "http://127.0.0.1:8111/load_object?new_layer=false&objects=w339911287", "id_url": "https://www.openstreetmap.org/edit?editor=id&way=339911287#map=20/59.9248277/10.8268418"}}, {"type": "Feature", "geometry": {"type": "Point", "coordinates": [10.8270139, 59.924825]}, "properties": {"id": 339911288, "feat_type": "way", "quality_categories": "missing_tags, older_than_five_years", "issue_ids": "[68, 0]", "osm_url": "https://www.openstreetmap.org/way/339911288", "josm_url": "http://127.0.0.1:8111/load_object?new_layer=false&objects=w339911288", "id_url": "https://www.openstreetmap.org/edit?editor=id&way=339911288#map=20/59.924825/10.8270139"}}, {"type": "Feature", "geometry": {"type": "Point", "coordinates": [10.8330305, 59.9255812]}, "properties": {"id": 339911291, "feat_type": "way", "quality_categories": "missing_tags", "issue_ids": "[0]", "osm_url": "https://www.openstreetmap.org/way/339911291", "josm_url": "http://127.0.0.1:8111/load_object?new_layer=false&objects=w339911291", "id_url": "https://www.openstreetmap.org/edit?editor=id&way=339911291#map=20/59.9255812/10.8330305"}}, {"type": "Feature", "geometry": {"type": "Point", "coordinates": [10.8268102, 59.9252606]}, "properties": {"id": 339911292, "feat_type": "way", "quality_categories": "missing_tags, older_than_five_years", "issue_ids": "[68, 0]", "osm_url": "https://www.openstreetmap.org/way/339911292", "josm_url": "http://127.0.0.1:8111/load_object?new_layer=false&objects=w339911292", "id_url": "https://www.openstreetmap.org/edit?editor=id&way=339911292#map=20/59.9252606/10.8268102"}}, {"type": "Feature", "geometry": {"type": "Point", "coordinates": [10.8267382, 59.9250952]}, "properties": {"id": 339911293, "feat_type": "way", "quality_categories": "missing_tags, older_than_five_years", "issue_ids": "[68, 0]", "osm_url": "https://www.openstreetmap.org/way/339911293", "josm_url": "http://127.0.0.1:8111/load_object?new_layer=false&objects=w339911293", "id_url": "https://www.openstreetmap.org/edit?editor=id&way=339911293#map=20/59.9250952/10.8267382"}}, {"type": "Feature", "geometry": {"type": "Point", "coordinates": [10.8482426, 59.9289495]}, "properties": {"id": 339911297, "feat_type": "way", "quality_categories": "missing_tags, older_than_five_years", "issue_ids": "[36, 0]", "osm_url": "https://www.openstreetmap.org/way/339911297", "josm_url": "http://127.0.0.1:8111/load_object?new_layer=false&objects=w339911297", "id_url": "https://www.openstreetmap.org/edit?editor=id&way=339911297#map=20/59.9289495/10.8482426"}}, {"type": "Feature", "geometry": {"type": "Point", "coordinates": [10.8296616, 59.9239968]}, "properties": {"id": 339911302, "feat_type": "way", "quality_categories": "missing_tags", "issue_ids": "[0]", "osm_url": "https://www.openstreetmap.org/way/339911302", "josm_url": "http://127.0.0.1:8111/load_object?new_layer=false&objects=w339911302", "id_url": "https://www.openstreetmap.org/edit?editor=id&way=339911302#map=20/59.9239968/10.8296616"}}, {"type": "Feature", "geometry": {"type": "Point", "coordinates": [10.8343692, 59.9241819]}, "properties": {"id": 339911324, "feat_type": "way", "quality_categories": "missing_tags, older_than_five_years", "issue_ids": "[68, 0]", "osm_url": "https://www.openstreetmap.org/way/339911324", "josm_url": "http://127.0.0.1:8111/load_object?new_layer=false&objects=w339911324", "id_url": "https://www.openstreetmap.org/edit?editor=id&way=339911324#map=20/59.9241819/10.8343692"}}, {"type": "Feature", "geometry": {"type": "Point", "coordinates": [10.8259136, 59.924403]}, "properties": {"id": 339911325, "feat_type": "way", "quality_categories": "missing_tags, older_than_five_years", "issue_ids": "[69, 0]", "osm_url": "https://www.openstreetmap.org/way/339911325", "josm_url": "http://127.0.0.1:8111/load_object?new_layer=false&objects=w339911325", "id_url": "https://www.openstreetmap.org/edit?editor=id&way=339911325#map=20/59.924403/10.8259136"}}, {"type": "Feature", "geometry": {"type": "Point", "coordinates": [10.8332545, 59.9246704]}, "properties": {"id": 339911327, "feat_type": "way", "quality_categories": "missing_tags, older_than_five_years", "issue_ids": "[67, 0]", "osm_url": "https://www.openstreetmap.org/way/339911327", "josm_url": "http://127.0.0.1:8111/load_object?new_layer=false&objects=w339911327", "id_url": "https://www.openstreetmap.org/edit?editor=id&way=339911327#map=20/59.9246704/10.8332545"}}, {"type": "Feature", "geometry": {"type": "Point", "coordinates": [10.8472639, 59.9286933]}, "properties": {"id": 339911331, "feat_type": "way", "quality_categories": "missing_tags, older_than_five_years", "issue_ids": "[69, 0]", "osm_url": "https://www.openstreetmap.org/way/339911331", "josm_url": "http://127.0.0.1:8111/load_object?new_layer=false&objects=w339911331", "id_url": "https://www.openstreetmap.org/edit?editor=id&way=339911331#map=20/59.9286933/10.8472639"}}, {"type": "Feature", "geometry": {"type": "Point", "coordinates": [10.8265632, 59.9245168]}, "properties": {"id": 339911332, "feat_type": "way", "quality_categories": "missing_tags, older_than_five_years", "issue_ids": "[68, 0]", "osm_url": "https://www.openstreetmap.org/way/339911332", "josm_url": "http://127.0.0.1:8111/load_object?new_layer=false&objects=w339911332", "id_url": "https://www.openstreetmap.org/edit?editor=id&way=339911332#map=20/59.9245168/10.8265632"}}, {"type": "Feature", "geometry": {"type": "Point", "coordinates": [10.8251697, 59.9268131]}, "properties": {"id": 340000701, "feat_type": "way", "quality_categories": "missing_tags", "issue_ids": "[0]", "osm_url": "https://www.openstreetmap.org/way/340000701", "josm_url": "http://127.0.0.1:8111/load_object?new_layer=false&objects=w340000701", "id_url": "https://www.openstreetmap.org/edit?editor=id&way=340000701#map=20/59.9268131/10.8251697"}}, {"type": "Feature", "geometry": {"type": "Point", "coordinates": [10.8276881, 59.9335953]}, "properties": {"id": 340000707, "feat_type": "way", "quality_categories": "missing_tags, older_than_five_years", "issue_ids": "[68, 0]", "osm_url": "https://www.openstreetmap.org/way/340000707", "josm_url": "http://127.0.0.1:8111/load_object?new_layer=false&objects=w340000707", "id_url": "https://www.openstreetmap.org/edit?editor=id&way=340000707#map=20/59.9335953/10.8276881"}}, {"type": "Feature", "geometry": {"type": "Point", "coordinates": [10.825556, 59.9299422]}, "properties": {"id": 340000712, "feat_type": "way", "quality_categories": "missing_tags", "issue_ids": "[0]", "osm_url": "https://www.openstreetmap.org/way/340000712", "josm_url": "http://127.0.0.1:8111/load_object?new_layer=false&objects=w340000712", "id_url": "https://www.openstreetmap.org/edit?editor=id&way=340000712#map=20/59.9299422/10.825556"}}, {"type": "Feature", "geometry": {"type": "Point", "coordinates": [10.8274409, 59.9335655]}, "properties": {"id": 340000714, "feat_type": "way", "quality_categories": "missing_tags, older_than_five_years", "issue_ids": "[68, 0]", "osm_url": "https://www.openstreetmap.org/way/340000714", "josm_url": "http://127.0.0.1:8111/load_object?new_layer=false&objects=w340000714", "id_url": "https://www.openstreetmap.org/edit?editor=id&way=340000714#map=20/59.9335655/10.8274409"}}, {"type": "Feature", "geometry": {"type": "Point", "coordinates": [10.8215727, 59.9406074]}, "properties": {"id": 340180957, "feat_type": "way", "quality_categories": "missing_tags", "issue_ids": "[0]", "osm_url": "https://www.openstreetmap.org/way/340180957", "josm_url": "http://127.0.0.1:8111/load_object?new_layer=false&objects=w340180957", "id_url": "https://www.openstreetmap.org/edit?editor=id&way=340180957#map=20/59.9406074/10.8215727"}}, {"type": "Feature", "geometry": {"type": "Point", "coordinates": [10.6811436, 59.9135535]}, "properties": {"id": 340457250, "feat_type": "way", "quality_categories": "missing_tags", "issue_ids": "[0]", "osm_url": "https://www.openstreetmap.org/way/340457250", "josm_url": "http://127.0.0.1:8111/load_object?new_layer=false&objects=w340457250", "id_url": "https://www.openstreetmap.org/edit?editor=id&way=340457250#map=20/59.9135535/10.6811436"}}, {"type": "Feature", "geometry": {"type": "Point", "coordinates": [10.6814592, 59.9136979]}, "properties": {"id": 340457262, "feat_type": "way", "quality_categories": "missing_tags", "issue_ids": "[0]", "osm_url": "https://www.openstreetmap.org/way/340457262", "josm_url": "http://127.0.0.1:8111/load_object?new_layer=false&objects=w340457262", "id_url": "https://www.openstreetmap.org/edit?editor=id&way=340457262#map=20/59.9136979/10.6814592"}}, {"type": "Feature", "geometry": {"type": "Point", "coordinates": [10.6738135, 59.8987385]}, "properties": {"id": 340970979, "feat_type": "way", "quality_categories": "missing_tags", "issue_ids": "[0]", "osm_url": "https://www.openstreetmap.org/way/340970979", "josm_url": "http://127.0.0.1:8111/load_object?new_layer=false&objects=w340970979", "id_url": "https://www.openstreetmap.org/edit?editor=id&way=340970979#map=20/59.8987385/10.6738135"}}, {"type": "Feature", "geometry": {"type": "Point", "coordinates": [10.6777162, 59.9010169]}, "properties": {"id": 340970980, "feat_type": "way", "quality_categories": "missing_tags", "issue_ids": "[0]", "osm_url": "https://www.openstreetmap.org/way/340970980", "josm_url": "http://127.0.0.1:8111/load_object?new_layer=false&objects=w340970980", "id_url": "https://www.openstreetmap.org/edit?editor=id&way=340970980#map=20/59.9010169/10.6777162"}}, {"type": "Feature", "geometry": {"type": "Point", "coordinates": [10.6807859, 59.9012971]}, "properties": {"id": 340970981, "feat_type": "way", "quality_categories": "missing_tags", "issue_ids": "[0]", "osm_url": "https://www.openstreetmap.org/way/340970981", "josm_url": "http://127.0.0.1:8111/load_object?new_layer=false&objects=w340970981", "id_url": "https://www.openstreetmap.org/edit?editor=id&way=340970981#map=20/59.9012971/10.6807859"}}, {"type": "Feature", "geometry": {"type": "Point", "coordinates": [10.6737797, 59.8985232]}, "properties": {"id": 340970983, "feat_type": "way", "quality_categories": "missing_tags", "issue_ids": "[0]", "osm_url": "https://www.openstreetmap.org/way/340970983", "josm_url": "http://127.0.0.1:8111/load_object?new_layer=false&objects=w340970983", "id_url": "https://www.openstreetmap.org/edit?editor=id&way=340970983#map=20/59.8985232/10.6737797"}}, {"type": "Feature", "geometry": {"type": "Point", "coordinates": [10.6826614, 59.9015326]}, "properties": {"id": 340970994, "feat_type": "way", "quality_categories": "missing_tags, older_than_five_years", "issue_ids": "[70, 0]", "osm_url": "https://www.openstreetmap.org/way/340970994", "josm_url": "http://127.0.0.1:8111/load_object?new_layer=false&objects=w340970994", "id_url": "https://www.openstreetmap.org/edit?editor=id&way=340970994#map=20/59.9015326/10.6826614"}}, {"type": "Feature", "geometry": {"type": "Point", "coordinates": [10.6791134, 59.9012529]}, "properties": {"id": 340970997, "feat_type": "way", "quality_categories": "missing_tags", "issue_ids": "[0]", "osm_url": "https://www.openstreetmap.org/way/340970997", "josm_url": "http://127.0.0.1:8111/load_object?new_layer=false&objects=w340970997", "id_url": "https://www.openstreetmap.org/edit?editor=id&way=340970997#map=20/59.9012529/10.6791134"}}, {"type": "Feature", "geometry": {"type": "Point", "coordinates": [10.6752103, 59.9009858]}, "properties": {"id": 340970999, "feat_type": "way", "quality_categories": "missing_tags, older_than_five_years", "issue_ids": "[70, 0]", "osm_url": "https://www.openstreetmap.org/way/340970999", "josm_url": "http://127.0.0.1:8111/load_object?new_layer=false&objects=w340970999", "id_url": "https://www.openstreetmap.org/edit?editor=id&way=340970999#map=20/59.9009858/10.6752103"}}, {"type": "Feature", "geometry": {"type": "Point", "coordinates": [10.8566915, 59.9176948]}, "properties": {"id": 344100390, "feat_type": "way", "quality_categories": "missing_tags, older_than_five_years", "issue_ids": "[71, 0]", "osm_url": "https://www.openstreetmap.org/way/344100390", "josm_url": "http://127.0.0.1:8111/load_object?new_layer=false&objects=w344100390", "id_url": "https://www.openstreetmap.org/edit?editor=id&way=344100390#map=20/59.9176948/10.8566915"}}, {"type": "Feature", "geometry": {"type": "Point", "coordinates": [10.8609175, 59.9161197]}, "properties": {"id": 344282875, "feat_type": "way", "quality_categories": "missing_tags, older_than_five_years", "issue_ids": "[72, 0]", "osm_url": "https://www.openstreetmap.org/way/344282875", "josm_url": "http://127.0.0.1:8111/load_object?new_layer=false&objects=w344282875", "id_url": "https://www.openstreetmap.org/edit?editor=id&way=344282875#map=20/59.9161197/10.8609175"}}, {"type": "Feature", "geometry": {"type": "Point", "coordinates": [10.8685588, 59.9246397]}, "properties": {"id": 344344149, "feat_type": "way", "quality_categories": "missing_tags, older_than_five_years", "issue_ids": "[73, 0]", "osm_url": "https://www.openstreetmap.org/way/344344149", "josm_url": "http://127.0.0.1:8111/load_object?new_layer=false&objects=w344344149", "id_url": "https://www.openstreetmap.org/edit?editor=id&way=344344149#map=20/59.9246397/10.8685588"}}, {"type": "Feature", "geometry": {"type": "Point", "coordinates": [10.8449442, 59.9308609]}, "properties": {"id": 344590975, "feat_type": "way", "quality_categories": "missing_tags, older_than_five_years", "issue_ids": "[69, 0]", "osm_url": "https://www.openstreetmap.org/way/344590975", "josm_url": "http://127.0.0.1:8111/load_object?new_layer=false&objects=w344590975", "id_url": "https://www.openstreetmap.org/edit?editor=id&way=344590975#map=20/59.9308609/10.8449442"}}, {"type": "Feature", "geometry": {"type": "Point", "coordinates": [10.8507975, 59.9344818]}, "properties": {"id": 344590976, "feat_type": "way", "quality_categories": "missing_tags", "issue_ids": "[0]", "osm_url": "https://www.openstreetmap.org/way/344590976", "josm_url": "http://127.0.0.1:8111/load_object?new_layer=false&objects=w344590976", "id_url": "https://www.openstreetmap.org/edit?editor=id&way=344590976#map=20/59.9344818/10.8507975"}}, {"type": "Feature", "geometry": {"type": "Point", "coordinates": [10.8433068, 59.9324883]}, "properties": {"id": 344590981, "feat_type": "way", "quality_categories": "missing_tags, older_than_five_years", "issue_ids": "[69, 0]", "osm_url": "https://www.openstreetmap.org/way/344590981", "josm_url": "http://127.0.0.1:8111/load_object?new_layer=false&objects=w344590981", "id_url": "https://www.openstreetmap.org/edit?editor=id&way=344590981#map=20/59.9324883/10.8433068"}}, {"type": "Feature", "geometry": {"type": "Point", "coordinates": [10.8418175, 59.9294438]}, "properties": {"id": 344590982, "feat_type": "way", "quality_categories": "missing_tags, older_than_five_years", "issue_ids": "[67, 0]", "osm_url": "https://www.openstreetmap.org/way/344590982", "josm_url": "http://127.0.0.1:8111/load_object?new_layer=false&objects=w344590982", "id_url": "https://www.openstreetmap.org/edit?editor=id&way=344590982#map=20/59.9294438/10.8418175"}}, {"type": "Feature", "geometry": {"type": "Point", "coordinates": [10.8520688, 59.9339217]}, "properties": {"id": 344590988, "feat_type": "way", "quality_categories": "missing_tags, older_than_five_years", "issue_ids": "[74, 0]", "osm_url": "https://www.openstreetmap.org/way/344590988", "josm_url": "http://127.0.0.1:8111/load_object?new_layer=false&objects=w344590988", "id_url": "https://www.openstreetmap.org/edit?editor=id&way=344590988#map=20/59.9339217/10.8520688"}}, {"type": "Feature", "geometry": {"type": "Point", "coordinates": [10.8582106, 59.9360168]}, "properties": {"id": 344591003, "feat_type": "way", "quality_categories": "missing_tags, older_than_five_years", "issue_ids": "[75, 0]", "osm_url": "https://www.openstreetmap.org/way/344591003", "josm_url": "http://127.0.0.1:8111/load_object?new_layer=false&objects=w344591003", "id_url": "https://www.openstreetmap.org/edit?editor=id&way=344591003#map=20/59.9360168/10.8582106"}}, {"type": "Feature", "geometry": {"type": "Point", "coordinates": [10.8586737, 59.9372611]}, "properties": {"id": 344591037, "feat_type": "way", "quality_categories": "missing_tags, older_than_five_years", "issue_ids": "[36, 0]", "osm_url": "https://www.openstreetmap.org/way/344591037", "josm_url": "http://127.0.0.1:8111/load_object?new_layer=false&objects=w344591037", "id_url": "https://www.openstreetmap.org/edit?editor=id&way=344591037#map=20/59.9372611/10.8586737"}}, {"type": "Feature", "geometry": {"type": "Point", "coordinates": [10.8618383, 59.9447893]}, "properties": {"id": 344753209, "feat_type": "way", "quality_categories": "missing_tags, older_than_five_years", "issue_ids": "[36, 0]", "osm_url": "https://www.openstreetmap.org/way/344753209", "josm_url": "http://127.0.0.1:8111/load_object?new_layer=false&objects=w344753209", "id_url": "https://www.openstreetmap.org/edit?editor=id&way=344753209#map=20/59.9447893/10.8618383"}}, {"type": "Feature", "geometry": {"type": "Point", "coordinates": [10.8637756, 59.9485894]}, "properties": {"id": 344753239, "feat_type": "way", "quality_categories": "missing_tags, older_than_five_years", "issue_ids": "[76, 0]", "osm_url": "https://www.openstreetmap.org/way/344753239", "josm_url": "http://127.0.0.1:8111/load_object?new_layer=false&objects=w344753239", "id_url": "https://www.openstreetmap.org/edit?editor=id&way=344753239#map=20/59.9485894/10.8637756"}}, {"type": "Feature", "geometry": {"type": "Point", "coordinates": [10.8607766, 59.9393426]}, "properties": {"id": 344753251, "feat_type": "way", "quality_categories": "missing_tags", "issue_ids": "[0]", "osm_url": "https://www.openstreetmap.org/way/344753251", "josm_url": "http://127.0.0.1:8111/load_object?new_layer=false&objects=w344753251", "id_url": "https://www.openstreetmap.org/edit?editor=id&way=344753251#map=20/59.9393426/10.8607766"}}, {"type": "Feature", "geometry": {"type": "Point", "coordinates": [10.8720168, 59.9347454]}, "properties": {"id": 344889184, "feat_type": "way", "quality_categories": "missing_tags", "issue_ids": "[0]", "osm_url": "https://www.openstreetmap.org/way/344889184", "josm_url": "http://127.0.0.1:8111/load_object?new_layer=false&objects=w344889184", "id_url": "https://www.openstreetmap.org/edit?editor=id&way=344889184#map=20/59.9347454/10.8720168"}}, {"type": "Feature", "geometry": {"type": "Point", "coordinates": [10.8635553, 59.9332329]}, "properties": {"id": 344889186, "feat_type": "way", "quality_categories": "missing_tags", "issue_ids": "[0]", "osm_url": "https://www.openstreetmap.org/way/344889186", "josm_url": "http://127.0.0.1:8111/load_object?new_layer=false&objects=w344889186", "id_url": "https://www.openstreetmap.org/edit?editor=id&way=344889186#map=20/59.9332329/10.8635553"}}, {"type": "Feature", "geometry": {"type": "Point", "coordinates": [10.8772652, 59.9364029]}, "properties": {"id": 344889210, "feat_type": "way", "quality_categories": "missing_tags", "issue_ids": "[0]", "osm_url": "https://www.openstreetmap.org/way/344889210", "josm_url": "http://127.0.0.1:8111/load_object?new_layer=false&objects=w344889210", "id_url": "https://www.openstreetmap.org/edit?editor=id&way=344889210#map=20/59.9364029/10.8772652"}}, {"type": "Feature", "geometry": {"type": "Point", "coordinates": [10.8690256, 59.9346129]}, "properties": {"id": 344889212, "feat_type": "way", "quality_categories": "missing_tags", "issue_ids": "[0]", "osm_url": "https://www.openstreetmap.org/way/344889212", "josm_url": "http://127.0.0.1:8111/load_object?new_layer=false&objects=w344889212", "id_url": "https://www.openstreetmap.org/edit?editor=id&way=344889212#map=20/59.9346129/10.8690256"}}, {"type": "Feature", "geometry": {"type": "Point", "coordinates": [10.8619816, 59.9314216]}, "properties": {"id": 344889229, "feat_type": "way", "quality_categories": "missing_tags, older_than_five_years", "issue_ids": "[36, 0]", "osm_url": "https://www.openstreetmap.org/way/344889229", "josm_url": "http://127.0.0.1:8111/load_object?new_layer=false&objects=w344889229", "id_url": "https://www.openstreetmap.org/edit?editor=id&way=344889229#map=20/59.9314216/10.8619816"}}, {"type": "Feature", "geometry": {"type": "Point", "coordinates": [10.8597909, 59.9327828]}, "properties": {"id": 344889231, "feat_type": "way", "quality_categories": "missing_tags, older_than_five_years", "issue_ids": "[77, 0]", "osm_url": "https://www.openstreetmap.org/way/344889231", "josm_url": "http://127.0.0.1:8111/load_object?new_layer=false&objects=w344889231", "id_url": "https://www.openstreetmap.org/edit?editor=id&way=344889231#map=20/59.9327828/10.8597909"}}, {"type": "Feature", "geometry": {"type": "Point", "coordinates": [10.8767966, 59.9544198]}, "properties": {"id": 345711494, "feat_type": "way", "quality_categories": "missing_tags, older_than_five_years", "issue_ids": "[33, 0]", "osm_url": "https://www.openstreetmap.org/way/345711494", "josm_url": "http://127.0.0.1:8111/load_object?new_layer=false&objects=w345711494", "id_url": "https://www.openstreetmap.org/edit?editor=id&way=345711494#map=20/59.9544198/10.8767966"}}, {"type": "Feature", "geometry": {"type": "Point", "coordinates": [10.8793479, 59.9558147]}, "properties": {"id": 345711497, "feat_type": "way", "quality_categories": "missing_tags, older_than_five_years", "issue_ids": "[33, 0]", "osm_url": "https://www.openstreetmap.org/way/345711497", "josm_url": "http://127.0.0.1:8111/load_object?new_layer=false&objects=w345711497", "id_url": "https://www.openstreetmap.org/edit?editor=id&way=345711497#map=20/59.9558147/10.8793479"}}, {"type": "Feature", "geometry": {"type": "Point", "coordinates": [10.8805853, 59.9558728]}, "properties": {"id": 345711504, "feat_type": "way", "quality_categories": "missing_tags, older_than_five_years", "issue_ids": "[33, 0]", "osm_url": "https://www.openstreetmap.org/way/345711504", "josm_url": "http://127.0.0.1:8111/load_object?new_layer=false&objects=w345711504", "id_url": "https://www.openstreetmap.org/edit?editor=id&way=345711504#map=20/59.9558728/10.8805853"}}, {"type": "Feature", "geometry": {"type": "Point", "coordinates": [10.8811566, 59.9329428]}, "properties": {"id": 347943832, "feat_type": "way", "quality_categories": "missing_tags, older_than_five_years", "issue_ids": "[78, 0]", "osm_url": "https://www.openstreetmap.org/way/347943832", "josm_url": "http://127.0.0.1:8111/load_object?new_layer=false&objects=w347943832", "id_url": "https://www.openstreetmap.org/edit?editor=id&way=347943832#map=20/59.9329428/10.8811566"}}, {"type": "Feature", "geometry": {"type": "Point", "coordinates": [10.8733363, 59.929913]}, "properties": {"id": 347943836, "feat_type": "way", "quality_categories": "missing_tags", "issue_ids": "[0]", "osm_url": "https://www.openstreetmap.org/way/347943836", "josm_url": "http://127.0.0.1:8111/load_object?new_layer=false&objects=w347943836", "id_url": "https://www.openstreetmap.org/edit?editor=id&way=347943836#map=20/59.929913/10.8733363"}}, {"type": "Feature", "geometry": {"type": "Point", "coordinates": [10.8761143, 59.9305466]}, "properties": {"id": 347943843, "feat_type": "way", "quality_categories": "missing_tags", "issue_ids": "[0]", "osm_url": "https://www.openstreetmap.org/way/347943843", "josm_url": "http://127.0.0.1:8111/load_object?new_layer=false&objects=w347943843", "id_url": "https://www.openstreetmap.org/edit?editor=id&way=347943843#map=20/59.9305466/10.8761143"}}, {"type": "Feature", "geometry": {"type": "Point", "coordinates": [10.8709383, 59.9298588]}, "properties": {"id": 347943852, "feat_type": "way", "quality_categories": "missing_tags, older_than_five_years", "issue_ids": "[79, 0]", "osm_url": "https://www.openstreetmap.org/way/347943852", "josm_url": "http://127.0.0.1:8111/load_object?new_layer=false&objects=w347943852", "id_url": "https://www.openstreetmap.org/edit?editor=id&way=347943852#map=20/59.9298588/10.8709383"}}, {"type": "Feature", "geometry": {"type": "Point", "coordinates": [10.8974059, 59.9406709]}, "properties": {"id": 347971483, "feat_type": "way", "quality_categories": "missing_tags", "issue_ids": "[0]", "osm_url": "https://www.openstreetmap.org/way/347971483", "josm_url": "http://127.0.0.1:8111/load_object?new_layer=false&objects=w347971483", "id_url": "https://www.openstreetmap.org/edit?editor=id&way=347971483#map=20/59.9406709/10.8974059"}}, {"type": "Feature", "geometry": {"type": "Point", "coordinates": [10.8942391, 59.9406636]}, "properties": {"id": 347971484, "feat_type": "way", "quality_categories": "missing_tags", "issue_ids": "[0]", "osm_url": "https://www.openstreetmap.org/way/347971484", "josm_url": "http://127.0.0.1:8111/load_object?new_layer=false&objects=w347971484", "id_url": "https://www.openstreetmap.org/edit?editor=id&way=347971484#map=20/59.9406636/10.8942391"}}, {"type": "Feature", "geometry": {"type": "Point", "coordinates": [10.8983675, 59.9412443]}, "properties": {"id": 347971495, "feat_type": "way", "quality_categories": "missing_tags", "issue_ids": "[0]", "osm_url": "https://www.openstreetmap.org/way/347971495", "josm_url": "http://127.0.0.1:8111/load_object?new_layer=false&objects=w347971495", "id_url": "https://www.openstreetmap.org/edit?editor=id&way=347971495#map=20/59.9412443/10.8983675"}}, {"type": "Feature", "geometry": {"type": "Point", "coordinates": [10.8979459, 59.9411924]}, "properties": {"id": 347971498, "feat_type": "way", "quality_categories": "missing_tags", "issue_ids": "[0]", "osm_url": "https://www.openstreetmap.org/way/347971498", "josm_url": "http://127.0.0.1:8111/load_object?new_layer=false&objects=w347971498", "id_url": "https://www.openstreetmap.org/edit?editor=id&way=347971498#map=20/59.9411924/10.8979459"}}, {"type": "Feature", "geometry": {"type": "Point", "coordinates": [10.9275158, 59.937298]}, "properties": {"id": 347989959, "feat_type": "way", "quality_categories": "missing_tags, older_than_five_years", "issue_ids": "[80, 0]", "osm_url": "https://www.openstreetmap.org/way/347989959", "josm_url": "http://127.0.0.1:8111/load_object?new_layer=false&objects=w347989959", "id_url": "https://www.openstreetmap.org/edit?editor=id&way=347989959#map=20/59.937298/10.9275158"}}, {"type": "Feature", "geometry": {"type": "Point", "coordinates": [10.9199373, 59.9411694]}, "properties": {"id": 347989965, "feat_type": "way", "quality_categories": "missing_tags, older_than_five_years", "issue_ids": "[79, 0]", "osm_url": "https://www.openstreetmap.org/way/347989965", "josm_url": "http://127.0.0.1:8111/load_object?new_layer=false&objects=w347989965", "id_url": "https://www.openstreetmap.org/edit?editor=id&way=347989965#map=20/59.9411694/10.9199373"}}, {"type": "Feature", "geometry": {"type": "Point", "coordinates": [10.9217336, 59.9413636]}, "properties": {"id": 347989966, "feat_type": "way", "quality_categories": "missing_tags, older_than_five_years", "issue_ids": "[79, 0]", "osm_url": "https://www.openstreetmap.org/way/347989966", "josm_url": "http://127.0.0.1:8111/load_object?new_layer=false&objects=w347989966", "id_url": "https://www.openstreetmap.org/edit?editor=id&way=347989966#map=20/59.9413636/10.9217336"}}, {"type": "Feature", "geometry": {"type": "Point", "coordinates": [10.9294636, 59.937086]}, "properties": {"id": 347989969, "feat_type": "way", "quality_categories": "missing_tags, older_than_five_years", "issue_ids": "[3, 0]", "osm_url": "https://www.openstreetmap.org/way/347989969", "josm_url": "http://127.0.0.1:8111/load_object?new_layer=false&objects=w347989969", "id_url": "https://www.openstreetmap.org/edit?editor=id&way=347989969#map=20/59.937086/10.9294636"}}, {"type": "Feature", "geometry": {"type": "Point", "coordinates": [10.9171052, 59.9366028]}, "properties": {"id": 348761396, "feat_type": "way", "quality_categories": "missing_tags, older_than_five_years", "issue_ids": "[81, 0]", "osm_url": "https://www.openstreetmap.org/way/348761396", "josm_url": "http://127.0.0.1:8111/load_object?new_layer=false&objects=w348761396", "id_url": "https://www.openstreetmap.org/edit?editor=id&way=348761396#map=20/59.9366028/10.9171052"}}, {"type": "Feature", "geometry": {"type": "Point", "coordinates": [10.899487, 59.9450597]}, "properties": {"id": 348774331, "feat_type": "way", "quality_categories": "missing_tags", "issue_ids": "[0]", "osm_url": "https://www.openstreetmap.org/way/348774331", "josm_url": "http://127.0.0.1:8111/load_object?new_layer=false&objects=w348774331", "id_url": "https://www.openstreetmap.org/edit?editor=id&way=348774331#map=20/59.9450597/10.899487"}}, {"type": "Feature", "geometry": {"type": "Point", "coordinates": [10.9000302, 59.944422]}, "properties": {"id": 348774337, "feat_type": "way", "quality_categories": "missing_tags", "issue_ids": "[0]", "osm_url": "https://www.openstreetmap.org/way/348774337", "josm_url": "http://127.0.0.1:8111/load_object?new_layer=false&objects=w348774337", "id_url": "https://www.openstreetmap.org/edit?editor=id&way=348774337#map=20/59.944422/10.9000302"}}, {"type": "Feature", "geometry": {"type": "Point", "coordinates": [10.8771352, 59.9545903]}, "properties": {"id": 349267993, "feat_type": "way", "quality_categories": "missing_tags, older_than_five_years", "issue_ids": "[82, 0]", "osm_url": "https://www.openstreetmap.org/way/349267993", "josm_url": "http://127.0.0.1:8111/load_object?new_layer=false&objects=w349267993", "id_url": "https://www.openstreetmap.org/edit?editor=id&way=349267993#map=20/59.9545903/10.8771352"}}, {"type": "Feature", "geometry": {"type": "Point", "coordinates": [10.8790612, 59.9548166]}, "properties": {"id": 349267999, "feat_type": "way", "quality_categories": "missing_tags, older_than_five_years", "issue_ids": "[33, 0]", "osm_url": "https://www.openstreetmap.org/way/349267999", "josm_url": "http://127.0.0.1:8111/load_object?new_layer=false&objects=w349267999", "id_url": "https://www.openstreetmap.org/edit?editor=id&way=349267999#map=20/59.9548166/10.8790612"}}, {"type": "Feature", "geometry": {"type": "Point", "coordinates": [10.6590706, 59.9443125]}, "properties": {"id": 351937475, "feat_type": "way", "quality_categories": "missing_tags", "issue_ids": "[0]", "osm_url": "https://www.openstreetmap.org/way/351937475", "josm_url": "http://127.0.0.1:8111/load_object?new_layer=false&objects=w351937475", "id_url": "https://www.openstreetmap.org/edit?editor=id&way=351937475#map=20/59.9443125/10.6590706"}}, {"type": "Feature", "geometry": {"type": "Point", "coordinates": [10.6378883, 59.950493]}, "properties": {"id": 352864133, "feat_type": "way", "quality_categories": "missing_tags, older_than_five_years", "issue_ids": "[83, 0]", "osm_url": "https://www.openstreetmap.org/way/352864133", "josm_url": "http://127.0.0.1:8111/load_object?new_layer=false&objects=w352864133", "id_url": "https://www.openstreetmap.org/edit?editor=id&way=352864133#map=20/59.950493/10.6378883"}}, {"type": "Feature", "geometry": {"type": "Point", "coordinates": [10.6467506, 59.9471446]}, "properties": {"id": 352864141, "feat_type": "way", "quality_categories": "missing_tags, older_than_five_years", "issue_ids": "[84, 0]", "osm_url": "https://www.openstreetmap.org/way/352864141", "josm_url": "http://127.0.0.1:8111/load_object?new_layer=false&objects=w352864141", "id_url": "https://www.openstreetmap.org/edit?editor=id&way=352864141#map=20/59.9471446/10.6467506"}}, {"type": "Feature", "geometry": {"type": "Point", "coordinates": [10.6339734, 59.9527114]}, "properties": {"id": 352869796, "feat_type": "way", "quality_categories": "missing_tags, older_than_five_years", "issue_ids": "[83, 0]", "osm_url": "https://www.openstreetmap.org/way/352869796", "josm_url": "http://127.0.0.1:8111/load_object?new_layer=false&objects=w352869796", "id_url": "https://www.openstreetmap.org/edit?editor=id&way=352869796#map=20/59.9527114/10.6339734"}}, {"type": "Feature", "geometry": {"type": "Point", "coordinates": [10.6339279, 59.9526228]}, "properties": {"id": 352869800, "feat_type": "way", "quality_categories": "missing_tags, older_than_five_years", "issue_ids": "[83, 0]", "osm_url": "https://www.openstreetmap.org/way/352869800", "josm_url": "http://127.0.0.1:8111/load_object?new_layer=false&objects=w352869800", "id_url": "https://www.openstreetmap.org/edit?editor=id&way=352869800#map=20/59.9526228/10.6339279"}}, {"type": "Feature", "geometry": {"type": "Point", "coordinates": [10.8356069, 59.8241322]}, "properties": {"id": 354118860, "feat_type": "way", "quality_categories": "missing_tags, older_than_five_years", "issue_ids": "[85, 0]", "osm_url": "https://www.openstreetmap.org/way/354118860", "josm_url": "http://127.0.0.1:8111/load_object?new_layer=false&objects=w354118860", "id_url": "https://www.openstreetmap.org/edit?editor=id&way=354118860#map=20/59.8241322/10.8356069"}}, {"type": "Feature", "geometry": {"type": "Point", "coordinates": [10.8428613, 59.8196156]}, "properties": {"id": 354118861, "feat_type": "way", "quality_categories": "missing_tags, older_than_five_years", "issue_ids": "[86, 0]", "osm_url": "https://www.openstreetmap.org/way/354118861", "josm_url": "http://127.0.0.1:8111/load_object?new_layer=false&objects=w354118861", "id_url": "https://www.openstreetmap.org/edit?editor=id&way=354118861#map=20/59.8196156/10.8428613"}}, {"type": "Feature", "geometry": {"type": "Point", "coordinates": [10.8357025, 59.8235367]}, "properties": {"id": 354118862, "feat_type": "way", "quality_categories": "missing_tags, older_than_five_years", "issue_ids": "[87, 0]", "osm_url": "https://www.openstreetmap.org/way/354118862", "josm_url": "http://127.0.0.1:8111/load_object?new_layer=false&objects=w354118862", "id_url": "https://www.openstreetmap.org/edit?editor=id&way=354118862#map=20/59.8235367/10.8357025"}}, {"type": "Feature", "geometry": {"type": "Point", "coordinates": [10.8392008, 59.8213567]}, "properties": {"id": 354118870, "feat_type": "way", "quality_categories": "missing_tags, older_than_five_years", "issue_ids": "[87, 0]", "osm_url": "https://www.openstreetmap.org/way/354118870", "josm_url": "http://127.0.0.1:8111/load_object?new_layer=false&objects=w354118870", "id_url": "https://www.openstreetmap.org/edit?editor=id&way=354118870#map=20/59.8213567/10.8392008"}}, {"type": "Feature", "geometry": {"type": "Point", "coordinates": [10.8352768, 59.8250397]}, "properties": {"id": 354118871, "feat_type": "way", "quality_categories": "missing_tags, older_than_five_years", "issue_ids": "[88, 0]", "osm_url": "https://www.openstreetmap.org/way/354118871", "josm_url": "http://127.0.0.1:8111/load_object?new_layer=false&objects=w354118871", "id_url": "https://www.openstreetmap.org/edit?editor=id&way=354118871#map=20/59.8250397/10.8352768"}}, {"type": "Feature", "geometry": {"type": "Point", "coordinates": [10.8357783, 59.8261293]}, "properties": {"id": 354118874, "feat_type": "way", "quality_categories": "missing_tags, older_than_five_years", "issue_ids": "[89, 0]", "osm_url": "https://www.openstreetmap.org/way/354118874", "josm_url": "http://127.0.0.1:8111/load_object?new_layer=false&objects=w354118874", "id_url": "https://www.openstreetmap.org/edit?editor=id&way=354118874#map=20/59.8261293/10.8357783"}}, {"type": "Feature", "geometry": {"type": "Point", "coordinates": [10.8355158, 59.8363007]}, "properties": {"id": 354118880, "feat_type": "way", "quality_categories": "missing_tags, older_than_five_years", "issue_ids": "[90, 0]", "osm_url": "https://www.openstreetmap.org/way/354118880", "josm_url": "http://127.0.0.1:8111/load_object?new_layer=false&objects=w354118880", "id_url": "https://www.openstreetmap.org/edit?editor=id&way=354118880#map=20/59.8363007/10.8355158"}}, {"type": "Feature", "geometry": {"type": "Point", "coordinates": [10.8407838, 59.8204974]}, "properties": {"id": 354118882, "feat_type": "way", "quality_categories": "missing_tags", "issue_ids": "[0]", "osm_url": "https://www.openstreetmap.org/way/354118882", "josm_url": "http://127.0.0.1:8111/load_object?new_layer=false&objects=w354118882", "id_url": "https://www.openstreetmap.org/edit?editor=id&way=354118882#map=20/59.8204974/10.8407838"}}, {"type": "Feature", "geometry": {"type": "Point", "coordinates": [10.8137455, 59.9323816]}, "properties": {"id": 355287153, "feat_type": "way", "quality_categories": "missing_tags", "issue_ids": "[0]", "osm_url": "https://www.openstreetmap.org/way/355287153", "josm_url": "http://127.0.0.1:8111/load_object?new_layer=false&objects=w355287153", "id_url": "https://www.openstreetmap.org/edit?editor=id&way=355287153#map=20/59.9323816/10.8137455"}}, {"type": "Feature", "geometry": {"type": "Point", "coordinates": [10.8115903, 59.9361692]}, "properties": {"id": 355287161, "feat_type": "way", "quality_categories": "missing_tags, older_than_five_years", "issue_ids": "[91, 0]", "osm_url": "https://www.openstreetmap.org/way/355287161", "josm_url": "http://127.0.0.1:8111/load_object?new_layer=false&objects=w355287161", "id_url": "https://www.openstreetmap.org/edit?editor=id&way=355287161#map=20/59.9361692/10.8115903"}}, {"type": "Feature", "geometry": {"type": "Point", "coordinates": [10.8123839, 59.9357332]}, "properties": {"id": 355287162, "feat_type": "way", "quality_categories": "missing_tags", "issue_ids": "[0]", "osm_url": "https://www.openstreetmap.org/way/355287162", "josm_url": "http://127.0.0.1:8111/load_object?new_layer=false&objects=w355287162", "id_url": "https://www.openstreetmap.org/edit?editor=id&way=355287162#map=20/59.9357332/10.8123839"}}, {"type": "Feature", "geometry": {"type": "Point", "coordinates": [10.8300866, 59.9396402]}, "properties": {"id": 355295063, "feat_type": "way", "quality_categories": "missing_tags", "issue_ids": "[0]", "osm_url": "https://www.openstreetmap.org/way/355295063", "josm_url": "http://127.0.0.1:8111/load_object?new_layer=false&objects=w355295063", "id_url": "https://www.openstreetmap.org/edit?editor=id&way=355295063#map=20/59.9396402/10.8300866"}}, {"type": "Feature", "geometry": {"type": "Point", "coordinates": [10.8206044, 59.9372077]}, "properties": {"id": 355295075, "feat_type": "way", "quality_categories": "missing_tags, older_than_five_years", "issue_ids": "[91, 0]", "osm_url": "https://www.openstreetmap.org/way/355295075", "josm_url": "http://127.0.0.1:8111/load_object?new_layer=false&objects=w355295075", "id_url": "https://www.openstreetmap.org/edit?editor=id&way=355295075#map=20/59.9372077/10.8206044"}}, {"type": "Feature", "geometry": {"type": "Point", "coordinates": [10.8393527, 59.9415329]}, "properties": {"id": 355295077, "feat_type": "way", "quality_categories": "missing_tags, older_than_five_years", "issue_ids": "[91, 0]", "osm_url": "https://www.openstreetmap.org/way/355295077", "josm_url": "http://127.0.0.1:8111/load_object?new_layer=false&objects=w355295077", "id_url": "https://www.openstreetmap.org/edit?editor=id&way=355295077#map=20/59.9415329/10.8393527"}}, {"type": "Feature", "geometry": {"type": "Point", "coordinates": [10.7937655, 59.8795722]}, "properties": {"id": 355525279, "feat_type": "way", "quality_categories": "missing_tags, older_than_five_years", "issue_ids": "[92, 0]", "osm_url": "https://www.openstreetmap.org/way/355525279", "josm_url": "http://127.0.0.1:8111/load_object?new_layer=false&objects=w355525279", "id_url": "https://www.openstreetmap.org/edit?editor=id&way=355525279#map=20/59.8795722/10.7937655"}}, {"type": "Feature", "geometry": {"type": "Point", "coordinates": [10.7907371, 59.8796139]}, "properties": {"id": 355525291, "feat_type": "way", "quality_categories": "missing_tags, older_than_five_years", "issue_ids": "[92, 0]", "osm_url": "https://www.openstreetmap.org/way/355525291", "josm_url": "http://127.0.0.1:8111/load_object?new_layer=false&objects=w355525291", "id_url": "https://www.openstreetmap.org/edit?editor=id&way=355525291#map=20/59.8796139/10.7907371"}}, {"type": "Feature", "geometry": {"type": "Point", "coordinates": [10.7964843, 59.8798066]}, "properties": {"id": 355525389, "feat_type": "way", "quality_categories": "missing_tags, older_than_five_years", "issue_ids": "[93, 0]", "osm_url": "https://www.openstreetmap.org/way/355525389", "josm_url": "http://127.0.0.1:8111/load_object?new_layer=false&objects=w355525389", "id_url": "https://www.openstreetmap.org/edit?editor=id&way=355525389#map=20/59.8798066/10.7964843"}}, {"type": "Feature", "geometry": {"type": "Point", "coordinates": [10.8963576, 59.9543491]}, "properties": {"id": 357236542, "feat_type": "way", "quality_categories": "missing_tags, older_than_five_years", "issue_ids": "[5, 0]", "osm_url": "https://www.openstreetmap.org/way/357236542", "josm_url": "http://127.0.0.1:8111/load_object?new_layer=false&objects=w357236542", "id_url": "https://www.openstreetmap.org/edit?editor=id&way=357236542#map=20/59.9543491/10.8963576"}}, {"type": "Feature", "geometry": {"type": "Point", "coordinates": [10.8963392, 59.9546279]}, "properties": {"id": 357236543, "feat_type": "way", "quality_categories": "missing_tags, older_than_five_years", "issue_ids": "[5, 0]", "osm_url": "https://www.openstreetmap.org/way/357236543", "josm_url": "http://127.0.0.1:8111/load_object?new_layer=false&objects=w357236543", "id_url": "https://www.openstreetmap.org/edit?editor=id&way=357236543#map=20/59.9546279/10.8963392"}}, {"type": "Feature", "geometry": {"type": "Point", "coordinates": [10.9283144, 59.9528246]}, "properties": {"id": 357494833, "feat_type": "way", "quality_categories": "missing_tags, older_than_five_years", "issue_ids": "[2, 0]", "osm_url": "https://www.openstreetmap.org/way/357494833", "josm_url": "http://127.0.0.1:8111/load_object?new_layer=false&objects=w357494833", "id_url": "https://www.openstreetmap.org/edit?editor=id&way=357494833#map=20/59.9528246/10.9283144"}}, {"type": "Feature", "geometry": {"type": "Point", "coordinates": [10.9126002, 59.9526509]}, "properties": {"id": 357494836, "feat_type": "way", "quality_categories": "missing_tags", "issue_ids": "[0]", "osm_url": "https://www.openstreetmap.org/way/357494836", "josm_url": "http://127.0.0.1:8111/load_object?new_layer=false&objects=w357494836", "id_url": "https://www.openstreetmap.org/edit?editor=id&way=357494836#map=20/59.9526509/10.9126002"}}, {"type": "Feature", "geometry": {"type": "Point", "coordinates": [10.9301876, 59.9536201]}, "properties": {"id": 357494855, "feat_type": "way", "quality_categories": "missing_tags, older_than_five_years", "issue_ids": "[2, 0]", "osm_url": "https://www.openstreetmap.org/way/357494855", "josm_url": "http://127.0.0.1:8111/load_object?new_layer=false&objects=w357494855", "id_url": "https://www.openstreetmap.org/edit?editor=id&way=357494855#map=20/59.9536201/10.9301876"}}, {"type": "Feature", "geometry": {"type": "Point", "coordinates": [10.9324735, 59.953884]}, "properties": {"id": 357494859, "feat_type": "way", "quality_categories": "missing_tags, older_than_five_years", "issue_ids": "[2, 0]", "osm_url": "https://www.openstreetmap.org/way/357494859", "josm_url": "http://127.0.0.1:8111/load_object?new_layer=false&objects=w357494859", "id_url": "https://www.openstreetmap.org/edit?editor=id&way=357494859#map=20/59.953884/10.9324735"}}, {"type": "Feature", "geometry": {"type": "Point", "coordinates": [10.9235795, 59.9530463]}, "properties": {"id": 357494860, "feat_type": "way", "quality_categories": "missing_tags, older_than_five_years", "issue_ids": "[2, 0]", "osm_url": "https://www.openstreetmap.org/way/357494860", "josm_url": "http://127.0.0.1:8111/load_object?new_layer=false&objects=w357494860", "id_url": "https://www.openstreetmap.org/edit?editor=id&way=357494860#map=20/59.9530463/10.9235795"}}, {"type": "Feature", "geometry": {"type": "Point", "coordinates": [10.9307631, 59.959527]}, "properties": {"id": 357501470, "feat_type": "way", "quality_categories": "missing_tags, older_than_five_years", "issue_ids": "[2, 0]", "osm_url": "https://www.openstreetmap.org/way/357501470", "josm_url": "http://127.0.0.1:8111/load_object?new_layer=false&objects=w357501470", "id_url": "https://www.openstreetmap.org/edit?editor=id&way=357501470#map=20/59.959527/10.9307631"}}, {"type": "Feature", "geometry": {"type": "Point", "coordinates": [10.8107313, 59.9365228]}, "properties": {"id": 357530239, "feat_type": "way", "quality_categories": "missing_tags", "issue_ids": "[0]", "osm_url": "https://www.openstreetmap.org/way/357530239", "josm_url": "http://127.0.0.1:8111/load_object?new_layer=false&objects=w357530239", "id_url": "https://www.openstreetmap.org/edit?editor=id&way=357530239#map=20/59.9365228/10.8107313"}}, {"type": "Feature", "geometry": {"type": "Point", "coordinates": [10.9032142, 59.9385185]}, "properties": {"id": 357538884, "feat_type": "way", "quality_categories": "missing_tags, older_than_five_years", "issue_ids": "[78, 0]", "osm_url": "https://www.openstreetmap.org/way/357538884", "josm_url": "http://127.0.0.1:8111/load_object?new_layer=false&objects=w357538884", "id_url": "https://www.openstreetmap.org/edit?editor=id&way=357538884#map=20/59.9385185/10.9032142"}}, {"type": "Feature", "geometry": {"type": "Point", "coordinates": [10.9299443, 59.9520697]}, "properties": {"id": 357544457, "feat_type": "way", "quality_categories": "missing_tags", "issue_ids": "[0]", "osm_url": "https://www.openstreetmap.org/way/357544457", "josm_url": "http://127.0.0.1:8111/load_object?new_layer=false&objects=w357544457", "id_url": "https://www.openstreetmap.org/edit?editor=id&way=357544457#map=20/59.9520697/10.9299443"}}, {"type": "Feature", "geometry": {"type": "Point", "coordinates": [10.9290838, 59.9522241]}, "properties": {"id": 357544458, "feat_type": "way", "quality_categories": "missing_tags, older_than_five_years", "issue_ids": "[2, 0]", "osm_url": "https://www.openstreetmap.org/way/357544458", "josm_url": "http://127.0.0.1:8111/load_object?new_layer=false&objects=w357544458", "id_url": "https://www.openstreetmap.org/edit?editor=id&way=357544458#map=20/59.9522241/10.9290838"}}, {"type": "Feature", "geometry": {"type": "Point", "coordinates": [10.9288123, 59.9524064]}, "properties": {"id": 357544459, "feat_type": "way", "quality_categories": "missing_tags, older_than_five_years", "issue_ids": "[2, 0]", "osm_url": "https://www.openstreetmap.org/way/357544459", "josm_url": "http://127.0.0.1:8111/load_object?new_layer=false&objects=w357544459", "id_url": "https://www.openstreetmap.org/edit?editor=id&way=357544459#map=20/59.9524064/10.9288123"}}, {"type": "Feature", "geometry": {"type": "Point", "coordinates": [10.9309496, 59.9501317]}, "properties": {"id": 357544463, "feat_type": "way", "quality_categories": "missing_tags, older_than_five_years", "issue_ids": "[2, 0]", "osm_url": "https://www.openstreetmap.org/way/357544463", "josm_url": "http://127.0.0.1:8111/load_object?new_layer=false&objects=w357544463", "id_url": "https://www.openstreetmap.org/edit?editor=id&way=357544463#map=20/59.9501317/10.9309496"}}, {"type": "Feature", "geometry": {"type": "Point", "coordinates": [10.9291291, 59.9521251]}, "properties": {"id": 357544464, "feat_type": "way", "quality_categories": "missing_tags", "issue_ids": "[0]", "osm_url": "https://www.openstreetmap.org/way/357544464", "josm_url": "http://127.0.0.1:8111/load_object?new_layer=false&objects=w357544464", "id_url": "https://www.openstreetmap.org/edit?editor=id&way=357544464#map=20/59.9521251/10.9291291"}}, {"type": "Feature", "geometry": {"type": "Point", "coordinates": [10.9291343, 59.9517946]}, "properties": {"id": 357544465, "feat_type": "way", "quality_categories": "missing_tags, older_than_five_years", "issue_ids": "[2, 0]", "osm_url": "https://www.openstreetmap.org/way/357544465", "josm_url": "http://127.0.0.1:8111/load_object?new_layer=false&objects=w357544465", "id_url": "https://www.openstreetmap.org/edit?editor=id&way=357544465#map=20/59.9517946/10.9291343"}}, {"type": "Feature", "geometry": {"type": "Point", "coordinates": [10.9136094, 59.9445521]}, "properties": {"id": 357805461, "feat_type": "way", "quality_categories": "missing_tags, older_than_five_years", "issue_ids": "[94, 0]", "osm_url": "https://www.openstreetmap.org/way/357805461", "josm_url": "http://127.0.0.1:8111/load_object?new_layer=false&objects=w357805461", "id_url": "https://www.openstreetmap.org/edit?editor=id&way=357805461#map=20/59.9445521/10.9136094"}}, {"type": "Feature", "geometry": {"type": "Point", "coordinates": [10.9181169, 59.9441671]}, "properties": {"id": 357805462, "feat_type": "way", "quality_categories": "missing_tags, older_than_five_years", "issue_ids": "[94, 0]", "osm_url": "https://www.openstreetmap.org/way/357805462", "josm_url": "http://127.0.0.1:8111/load_object?new_layer=false&objects=w357805462", "id_url": "https://www.openstreetmap.org/edit?editor=id&way=357805462#map=20/59.9441671/10.9181169"}}, {"type": "Feature", "geometry": {"type": "Point", "coordinates": [10.911088, 59.9445926]}, "properties": {"id": 357805463, "feat_type": "way", "quality_categories": "missing_tags, older_than_five_years", "issue_ids": "[94, 0]", "osm_url": "https://www.openstreetmap.org/way/357805463", "josm_url": "http://127.0.0.1:8111/load_object?new_layer=false&objects=w357805463", "id_url": "https://www.openstreetmap.org/edit?editor=id&way=357805463#map=20/59.9445926/10.911088"}}, {"type": "Feature", "geometry": {"type": "Point", "coordinates": [10.911463, 59.943842]}, "properties": {"id": 357805464, "feat_type": "way", "quality_categories": "missing_tags", "issue_ids": "[0]", "osm_url": "https://www.openstreetmap.org/way/357805464", "josm_url": "http://127.0.0.1:8111/load_object?new_layer=false&objects=w357805464", "id_url": "https://www.openstreetmap.org/edit?editor=id&way=357805464#map=20/59.943842/10.911463"}}, {"type": "Feature", "geometry": {"type": "Point", "coordinates": [10.9086396, 59.9445427]}, "properties": {"id": 357805465, "feat_type": "way", "quality_categories": "missing_tags, older_than_five_years", "issue_ids": "[95, 0]", "osm_url": "https://www.openstreetmap.org/way/357805465", "josm_url": "http://127.0.0.1:8111/load_object?new_layer=false&objects=w357805465", "id_url": "https://www.openstreetmap.org/edit?editor=id&way=357805465#map=20/59.9445427/10.9086396"}}, {"type": "Feature", "geometry": {"type": "Point", "coordinates": [10.9160862, 59.9443652]}, "properties": {"id": 357805466, "feat_type": "way", "quality_categories": "missing_tags, older_than_five_years", "issue_ids": "[94, 0]", "osm_url": "https://www.openstreetmap.org/way/357805466", "josm_url": "http://127.0.0.1:8111/load_object?new_layer=false&objects=w357805466", "id_url": "https://www.openstreetmap.org/edit?editor=id&way=357805466#map=20/59.9443652/10.9160862"}}, {"type": "Feature", "geometry": {"type": "Point", "coordinates": [10.9109847, 59.9446025]}, "properties": {"id": 357805467, "feat_type": "way", "quality_categories": "missing_tags, older_than_five_years", "issue_ids": "[94, 0]", "osm_url": "https://www.openstreetmap.org/way/357805467", "josm_url": "http://127.0.0.1:8111/load_object?new_layer=false&objects=w357805467", "id_url": "https://www.openstreetmap.org/edit?editor=id&way=357805467#map=20/59.9446025/10.9109847"}}, {"type": "Feature", "geometry": {"type": "Point", "coordinates": [10.9058129, 59.9454759]}, "properties": {"id": 357805476, "feat_type": "way", "quality_categories": "missing_tags, older_than_five_years", "issue_ids": "[94, 0]", "osm_url": "https://www.openstreetmap.org/way/357805476", "josm_url": "http://127.0.0.1:8111/load_object?new_layer=false&objects=w357805476", "id_url": "https://www.openstreetmap.org/edit?editor=id&way=357805476#map=20/59.9454759/10.9058129"}}, {"type": "Feature", "geometry": {"type": "Point", "coordinates": [10.9172277, 59.9444115]}, "properties": {"id": 357805477, "feat_type": "way", "quality_categories": "missing_tags, older_than_five_years", "issue_ids": "[94, 0]", "osm_url": "https://www.openstreetmap.org/way/357805477", "josm_url": "http://127.0.0.1:8111/load_object?new_layer=false&objects=w357805477", "id_url": "https://www.openstreetmap.org/edit?editor=id&way=357805477#map=20/59.9444115/10.9172277"}}, {"type": "Feature", "geometry": {"type": "Point", "coordinates": [10.9048444, 59.9463859]}, "properties": {"id": 357805478, "feat_type": "way", "quality_categories": "missing_tags, older_than_five_years", "issue_ids": "[94, 0]", "osm_url": "https://www.openstreetmap.org/way/357805478", "josm_url": "http://127.0.0.1:8111/load_object?new_layer=false&objects=w357805478", "id_url": "https://www.openstreetmap.org/edit?editor=id&way=357805478#map=20/59.9463859/10.9048444"}}, {"type": "Feature", "geometry": {"type": "Point", "coordinates": [10.9134163, 59.9418153]}, "properties": {"id": 357805479, "feat_type": "way", "quality_categories": "missing_tags", "issue_ids": "[0]", "osm_url": "https://www.openstreetmap.org/way/357805479", "josm_url": "http://127.0.0.1:8111/load_object?new_layer=false&objects=w357805479", "id_url": "https://www.openstreetmap.org/edit?editor=id&way=357805479#map=20/59.9418153/10.9134163"}}, {"type": "Feature", "geometry": {"type": "Point", "coordinates": [10.9250618, 59.9446614]}, "properties": {"id": 358399686, "feat_type": "way", "quality_categories": "missing_tags", "issue_ids": "[0]", "osm_url": "https://www.openstreetmap.org/way/358399686", "josm_url": "http://127.0.0.1:8111/load_object?new_layer=false&objects=w358399686", "id_url": "https://www.openstreetmap.org/edit?editor=id&way=358399686#map=20/59.9446614/10.9250618"}}, {"type": "Feature", "geometry": {"type": "Point", "coordinates": [10.9314248, 59.9450269]}, "properties": {"id": 358399691, "feat_type": "way", "quality_categories": "missing_tags, older_than_five_years", "issue_ids": "[96, 0]", "osm_url": "https://www.openstreetmap.org/way/358399691", "josm_url": "http://127.0.0.1:8111/load_object?new_layer=false&objects=w358399691", "id_url": "https://www.openstreetmap.org/edit?editor=id&way=358399691#map=20/59.9450269/10.9314248"}}, {"type": "Feature", "geometry": {"type": "Point", "coordinates": [10.9346156, 59.9459828]}, "properties": {"id": 358399692, "feat_type": "way", "quality_categories": "missing_tags", "issue_ids": "[0]", "osm_url": "https://www.openstreetmap.org/way/358399692", "josm_url": "http://127.0.0.1:8111/load_object?new_layer=false&objects=w358399692", "id_url": "https://www.openstreetmap.org/edit?editor=id&way=358399692#map=20/59.9459828/10.9346156"}}, {"type": "Feature", "geometry": {"type": "Point", "coordinates": [10.9207706, 59.9445339]}, "properties": {"id": 358399703, "feat_type": "way", "quality_categories": "missing_tags, older_than_five_years", "issue_ids": "[96, 0]", "osm_url": "https://www.openstreetmap.org/way/358399703", "josm_url": "http://127.0.0.1:8111/load_object?new_layer=false&objects=w358399703", "id_url": "https://www.openstreetmap.org/edit?editor=id&way=358399703#map=20/59.9445339/10.9207706"}}, {"type": "Feature", "geometry": {"type": "Point", "coordinates": [10.9272932, 59.9450095]}, "properties": {"id": 358399707, "feat_type": "way", "quality_categories": "missing_tags, older_than_five_years", "issue_ids": "[96, 0]", "osm_url": "https://www.openstreetmap.org/way/358399707", "josm_url": "http://127.0.0.1:8111/load_object?new_layer=false&objects=w358399707", "id_url": "https://www.openstreetmap.org/edit?editor=id&way=358399707#map=20/59.9450095/10.9272932"}}, {"type": "Feature", "geometry": {"type": "Point", "coordinates": [10.9233259, 59.9442939]}, "properties": {"id": 358399711, "feat_type": "way", "quality_categories": "missing_tags, older_than_five_years", "issue_ids": "[96, 0]", "osm_url": "https://www.openstreetmap.org/way/358399711", "josm_url": "http://127.0.0.1:8111/load_object?new_layer=false&objects=w358399711", "id_url": "https://www.openstreetmap.org/edit?editor=id&way=358399711#map=20/59.9442939/10.9233259"}}, {"type": "Feature", "geometry": {"type": "Point", "coordinates": [10.9276223, 59.9450265]}, "properties": {"id": 358399713, "feat_type": "way", "quality_categories": "missing_tags", "issue_ids": "[0]", "osm_url": "https://www.openstreetmap.org/way/358399713", "josm_url": "http://127.0.0.1:8111/load_object?new_layer=false&objects=w358399713", "id_url": "https://www.openstreetmap.org/edit?editor=id&way=358399713#map=20/59.9450265/10.9276223"}}, {"type": "Feature", "geometry": {"type": "Point", "coordinates": [10.9222436, 59.9541054]}, "properties": {"id": 359593135, "feat_type": "way", "quality_categories": "missing_tags, older_than_five_years", "issue_ids": "[97, 0]", "osm_url": "https://www.openstreetmap.org/way/359593135", "josm_url": "http://127.0.0.1:8111/load_object?new_layer=false&objects=w359593135", "id_url": "https://www.openstreetmap.org/edit?editor=id&way=359593135#map=20/59.9541054/10.9222436"}}, {"type": "Feature", "geometry": {"type": "Point", "coordinates": [10.9287023, 59.9718123]}, "properties": {"id": 363002055, "feat_type": "way", "quality_categories": "missing_tags", "issue_ids": "[0]", "osm_url": "https://www.openstreetmap.org/way/363002055", "josm_url": "http://127.0.0.1:8111/load_object?new_layer=false&objects=w363002055", "id_url": "https://www.openstreetmap.org/edit?editor=id&way=363002055#map=20/59.9718123/10.9287023"}}, {"type": "Feature", "geometry": {"type": "Point", "coordinates": [10.8984499, 59.9651971]}, "properties": {"id": 363382145, "feat_type": "way", "quality_categories": "missing_tags, older_than_five_years", "issue_ids": "[98, 0]", "osm_url": "https://www.openstreetmap.org/way/363382145", "josm_url": "http://127.0.0.1:8111/load_object?new_layer=false&objects=w363382145", "id_url": "https://www.openstreetmap.org/edit?editor=id&way=363382145#map=20/59.9651971/10.8984499"}}, {"type": "Feature", "geometry": {"type": "Point", "coordinates": [10.8895648, 59.9651345]}, "properties": {"id": 363382150, "feat_type": "way", "quality_categories": "missing_tags, older_than_five_years", "issue_ids": "[98, 0]", "osm_url": "https://www.openstreetmap.org/way/363382150", "josm_url": "http://127.0.0.1:8111/load_object?new_layer=false&objects=w363382150", "id_url": "https://www.openstreetmap.org/edit?editor=id&way=363382150#map=20/59.9651345/10.8895648"}}, {"type": "Feature", "geometry": {"type": "Point", "coordinates": [10.66399, 59.9565898]}, "properties": {"id": 372863163, "feat_type": "way", "quality_categories": "missing_tags", "issue_ids": "[0]", "osm_url": "https://www.openstreetmap.org/way/372863163", "josm_url": "http://127.0.0.1:8111/load_object?new_layer=false&objects=w372863163", "id_url": "https://www.openstreetmap.org/edit?editor=id&way=372863163#map=20/59.9565898/10.66399"}}, {"type": "Feature", "geometry": {"type": "Point", "coordinates": [10.666263, 59.948684]}, "properties": {"id": 372873301, "feat_type": "way", "quality_categories": "missing_tags, older_than_five_years", "issue_ids": "[4, 0]", "osm_url": "https://www.openstreetmap.org/way/372873301", "josm_url": "http://127.0.0.1:8111/load_object?new_layer=false&objects=w372873301", "id_url": "https://www.openstreetmap.org/edit?editor=id&way=372873301#map=20/59.948684/10.666263"}}, {"type": "Feature", "geometry": {"type": "Point", "coordinates": [10.6545433, 59.9465284]}, "properties": {"id": 372873303, "feat_type": "way", "quality_categories": "missing_tags", "issue_ids": "[0]", "osm_url": "https://www.openstreetmap.org/way/372873303", "josm_url": "http://127.0.0.1:8111/load_object?new_layer=false&objects=w372873303", "id_url": "https://www.openstreetmap.org/edit?editor=id&way=372873303#map=20/59.9465284/10.6545433"}}, {"type": "Feature", "geometry": {"type": "Point", "coordinates": [10.6578841, 59.9545472]}, "properties": {"id": 372966230, "feat_type": "way", "quality_categories": "missing_tags", "issue_ids": "[0]", "osm_url": "https://www.openstreetmap.org/way/372966230", "josm_url": "http://127.0.0.1:8111/load_object?new_layer=false&objects=w372966230", "id_url": "https://www.openstreetmap.org/edit?editor=id&way=372966230#map=20/59.9545472/10.6578841"}}, {"type": "Feature", "geometry": {"type": "Point", "coordinates": [10.6644961, 59.9513176]}, "properties": {"id": 372966232, "feat_type": "way", "quality_categories": "missing_tags, older_than_five_years", "issue_ids": "[99, 0]", "osm_url": "https://www.openstreetmap.org/way/372966232", "josm_url": "http://127.0.0.1:8111/load_object?new_layer=false&objects=w372966232", "id_url": "https://www.openstreetmap.org/edit?editor=id&way=372966232#map=20/59.9513176/10.6644961"}}, {"type": "Feature", "geometry": {"type": "Point", "coordinates": [10.6631905, 59.951655]}, "properties": {"id": 372966234, "feat_type": "way", "quality_categories": "missing_tags", "issue_ids": "[0]", "osm_url": "https://www.openstreetmap.org/way/372966234", "josm_url": "http://127.0.0.1:8111/load_object?new_layer=false&objects=w372966234", "id_url": "https://www.openstreetmap.org/edit?editor=id&way=372966234#map=20/59.951655/10.6631905"}}, {"type": "Feature", "geometry": {"type": "Point", "coordinates": [10.6571214, 59.9556042]}, "properties": {"id": 372966235, "feat_type": "way", "quality_categories": "missing_tags", "issue_ids": "[0]", "osm_url": "https://www.openstreetmap.org/way/372966235", "josm_url": "http://127.0.0.1:8111/load_object?new_layer=false&objects=w372966235", "id_url": "https://www.openstreetmap.org/edit?editor=id&way=372966235#map=20/59.9556042/10.6571214"}}, {"type": "Feature", "geometry": {"type": "Point", "coordinates": [10.6568337, 59.9525412]}, "properties": {"id": 372966236, "feat_type": "way", "quality_categories": "missing_tags, older_than_five_years", "issue_ids": "[100, 0]", "osm_url": "https://www.openstreetmap.org/way/372966236", "josm_url": "http://127.0.0.1:8111/load_object?new_layer=false&objects=w372966236", "id_url": "https://www.openstreetmap.org/edit?editor=id&way=372966236#map=20/59.9525412/10.6568337"}}, {"type": "Feature", "geometry": {"type": "Point", "coordinates": [10.6553843, 59.9562941]}, "properties": {"id": 372966249, "feat_type": "way", "quality_categories": "missing_tags, older_than_five_years", "issue_ids": "[101, 0]", "osm_url": "https://www.openstreetmap.org/way/372966249", "josm_url": "http://127.0.0.1:8111/load_object?new_layer=false&objects=w372966249", "id_url": "https://www.openstreetmap.org/edit?editor=id&way=372966249#map=20/59.9562941/10.6553843"}}, {"type": "Feature", "geometry": {"type": "Point", "coordinates": [10.6597559, 59.9527761]}, "properties": {"id": 372966255, "feat_type": "way", "quality_categories": "missing_tags", "issue_ids": "[0]", "osm_url": "https://www.openstreetmap.org/way/372966255", "josm_url": "http://127.0.0.1:8111/load_object?new_layer=false&objects=w372966255", "id_url": "https://www.openstreetmap.org/edit?editor=id&way=372966255#map=20/59.9527761/10.6597559"}}, {"type": "Feature", "geometry": {"type": "Point", "coordinates": [10.6535934, 59.9536743]}, "properties": {"id": 373071628, "feat_type": "way", "quality_categories": "missing_tags, older_than_five_years", "issue_ids": "[99, 0]", "osm_url": "https://www.openstreetmap.org/way/373071628", "josm_url": "http://127.0.0.1:8111/load_object?new_layer=false&objects=w373071628", "id_url": "https://www.openstreetmap.org/edit?editor=id&way=373071628#map=20/59.9536743/10.6535934"}}, {"type": "Feature", "geometry": {"type": "Point", "coordinates": [10.6567724, 59.9523339]}, "properties": {"id": 373071643, "feat_type": "way", "quality_categories": "missing_tags", "issue_ids": "[0]", "osm_url": "https://www.openstreetmap.org/way/373071643", "josm_url": "http://127.0.0.1:8111/load_object?new_layer=false&objects=w373071643", "id_url": "https://www.openstreetmap.org/edit?editor=id&way=373071643#map=20/59.9523339/10.6567724"}}, {"type": "Feature", "geometry": {"type": "Point", "coordinates": [10.6754746, 59.9502186]}, "properties": {"id": 373704109, "feat_type": "way", "quality_categories": "missing_tags", "issue_ids": "[0]", "osm_url": "https://www.openstreetmap.org/way/373704109", "josm_url": "http://127.0.0.1:8111/load_object?new_layer=false&objects=w373704109", "id_url": "https://www.openstreetmap.org/edit?editor=id&way=373704109#map=20/59.9502186/10.6754746"}}, {"type": "Feature", "geometry": {"type": "Point", "coordinates": [10.6777226, 59.9460865]}, "properties": {"id": 373704142, "feat_type": "way", "quality_categories": "missing_tags", "issue_ids": "[0]", "osm_url": "https://www.openstreetmap.org/way/373704142", "josm_url": "http://127.0.0.1:8111/load_object?new_layer=false&objects=w373704142", "id_url": "https://www.openstreetmap.org/edit?editor=id&way=373704142#map=20/59.9460865/10.6777226"}}, {"type": "Feature", "geometry": {"type": "Point", "coordinates": [10.6456343, 59.9636391]}, "properties": {"id": 374352118, "feat_type": "way", "quality_categories": "missing_tags, older_than_five_years", "issue_ids": "[102, 0]", "osm_url": "https://www.openstreetmap.org/way/374352118", "josm_url": "http://127.0.0.1:8111/load_object?new_layer=false&objects=w374352118", "id_url": "https://www.openstreetmap.org/edit?editor=id&way=374352118#map=20/59.9636391/10.6456343"}}, {"type": "Feature", "geometry": {"type": "Point", "coordinates": [10.6561056, 59.9443242]}, "properties": {"id": 374980730, "feat_type": "way", "quality_categories": "missing_tags, older_than_five_years", "issue_ids": "[103, 0]", "osm_url": "https://www.openstreetmap.org/way/374980730", "josm_url": "http://127.0.0.1:8111/load_object?new_layer=false&objects=w374980730", "id_url": "https://www.openstreetmap.org/edit?editor=id&way=374980730#map=20/59.9443242/10.6561056"}}, {"type": "Feature", "geometry": {"type": "Point", "coordinates": [10.6551072, 59.9430879]}, "properties": {"id": 374980735, "feat_type": "way", "quality_categories": "missing_tags, older_than_five_years", "issue_ids": "[104, 0]", "osm_url": "https://www.openstreetmap.org/way/374980735", "josm_url": "http://127.0.0.1:8111/load_object?new_layer=false&objects=w374980735", "id_url": "https://www.openstreetmap.org/edit?editor=id&way=374980735#map=20/59.9430879/10.6551072"}}, {"type": "Feature", "geometry": {"type": "Point", "coordinates": [10.6548844, 59.9423028]}, "properties": {"id": 374980738, "feat_type": "way", "quality_categories": "missing_tags, older_than_five_years", "issue_ids": "[61, 0]", "osm_url": "https://www.openstreetmap.org/way/374980738", "josm_url": "http://127.0.0.1:8111/load_object?new_layer=false&objects=w374980738", "id_url": "https://www.openstreetmap.org/edit?editor=id&way=374980738#map=20/59.9423028/10.6548844"}}, {"type": "Feature", "geometry": {"type": "Point", "coordinates": [10.6553476, 59.9420414]}, "properties": {"id": 374980739, "feat_type": "way", "quality_categories": "missing_tags", "issue_ids": "[0]", "osm_url": "https://www.openstreetmap.org/way/374980739", "josm_url": "http://127.0.0.1:8111/load_object?new_layer=false&objects=w374980739", "id_url": "https://www.openstreetmap.org/edit?editor=id&way=374980739#map=20/59.9420414/10.6553476"}}, {"type": "Feature", "geometry": {"type": "Point", "coordinates": [10.6563628, 59.9438733]}, "properties": {"id": 374980740, "feat_type": "way", "quality_categories": "missing_tags, older_than_five_years", "issue_ids": "[61, 0]", "osm_url": "https://www.openstreetmap.org/way/374980740", "josm_url": "http://127.0.0.1:8111/load_object?new_layer=false&objects=w374980740", "id_url": "https://www.openstreetmap.org/edit?editor=id&way=374980740#map=20/59.9438733/10.6563628"}}, {"type": "Feature", "geometry": {"type": "Point", "coordinates": [10.8301316, 59.9371019]}, "properties": {"id": 377625788, "feat_type": "way", "quality_categories": "missing_tags", "issue_ids": "[0]", "osm_url": "https://www.openstreetmap.org/way/377625788", "josm_url": "http://127.0.0.1:8111/load_object?new_layer=false&objects=w377625788", "id_url": "https://www.openstreetmap.org/edit?editor=id&way=377625788#map=20/59.9371019/10.8301316"}}, {"type": "Feature", "geometry": {"type": "Point", "coordinates": [10.8328818, 59.9241944]}, "properties": {"id": 377851451, "feat_type": "way", "quality_categories": "missing_tags, older_than_five_years", "issue_ids": "[105, 0]", "osm_url": "https://www.openstreetmap.org/way/377851451", "josm_url": "http://127.0.0.1:8111/load_object?new_layer=false&objects=w377851451", "id_url": "https://www.openstreetmap.org/edit?editor=id&way=377851451#map=20/59.9241944/10.8328818"}}, {"type": "Feature", "geometry": {"type": "Point", "coordinates": [10.6383319, 59.9165251]}, "properties": {"id": 377886147, "feat_type": "way", "quality_categories": "missing_tags", "issue_ids": "[0]", "osm_url": "https://www.openstreetmap.org/way/377886147", "josm_url": "http://127.0.0.1:8111/load_object?new_layer=false&objects=w377886147", "id_url": "https://www.openstreetmap.org/edit?editor=id&way=377886147#map=20/59.9165251/10.6383319"}}, {"type": "Feature", "geometry": {"type": "Point", "coordinates": [10.8510936, 59.8977979]}, "properties": {"id": 413992792, "feat_type": "way", "quality_categories": "missing_tags, older_than_five_years", "issue_ids": "[106, 0]", "osm_url": "https://www.openstreetmap.org/way/413992792", "josm_url": "http://127.0.0.1:8111/load_object?new_layer=false&objects=w413992792", "id_url": "https://www.openstreetmap.org/edit?editor=id&way=413992792#map=20/59.8977979/10.8510936"}}, {"type": "Feature", "geometry": {"type": "Point", "coordinates": [10.8494765, 59.8976938]}, "properties": {"id": 413992794, "feat_type": "way", "quality_categories": "missing_tags", "issue_ids": "[0]", "osm_url": "https://www.openstreetmap.org/way/413992794", "josm_url": "http://127.0.0.1:8111/load_object?new_layer=false&objects=w413992794", "id_url": "https://www.openstreetmap.org/edit?editor=id&way=413992794#map=20/59.8976938/10.8494765"}}, {"type": "Feature", "geometry": {"type": "Point", "coordinates": [10.8478243, 59.8976084]}, "properties": {"id": 413992796, "feat_type": "way", "quality_categories": "missing_tags", "issue_ids": "[0]", "osm_url": "https://www.openstreetmap.org/way/413992796", "josm_url": "http://127.0.0.1:8111/load_object?new_layer=false&objects=w413992796", "id_url": "https://www.openstreetmap.org/edit?editor=id&way=413992796#map=20/59.8976084/10.8478243"}}, {"type": "Feature", "geometry": {"type": "Point", "coordinates": [10.8250702, 59.8828784]}, "properties": {"id": 416784727, "feat_type": "way", "quality_categories": "missing_tags, older_than_five_years", "issue_ids": "[107, 0]", "osm_url": "https://www.openstreetmap.org/way/416784727", "josm_url": "http://127.0.0.1:8111/load_object?new_layer=false&objects=w416784727", "id_url": "https://www.openstreetmap.org/edit?editor=id&way=416784727#map=20/59.8828784/10.8250702"}}, {"type": "Feature", "geometry": {"type": "Point", "coordinates": [10.8232118, 59.8834029]}, "properties": {"id": 416784746, "feat_type": "way", "quality_categories": "missing_tags", "issue_ids": "[0]", "osm_url": "https://www.openstreetmap.org/way/416784746", "josm_url": "http://127.0.0.1:8111/load_object?new_layer=false&objects=w416784746", "id_url": "https://www.openstreetmap.org/edit?editor=id&way=416784746#map=20/59.8834029/10.8232118"}}, {"type": "Feature", "geometry": {"type": "Point", "coordinates": [10.8206441, 59.8899061]}, "properties": {"id": 435542084, "feat_type": "way", "quality_categories": "missing_tags", "issue_ids": "[0]", "osm_url": "https://www.openstreetmap.org/way/435542084", "josm_url": "http://127.0.0.1:8111/load_object?new_layer=false&objects=w435542084", "id_url": "https://www.openstreetmap.org/edit?editor=id&way=435542084#map=20/59.8899061/10.8206441"}}, {"type": "Feature", "geometry": {"type": "Point", "coordinates": [10.8186817, 59.8841968]}, "properties": {"id": 437536717, "feat_type": "way", "quality_categories": "missing_tags", "issue_ids": "[0]", "osm_url": "https://www.openstreetmap.org/way/437536717", "josm_url": "http://127.0.0.1:8111/load_object?new_layer=false&objects=w437536717", "id_url": "https://www.openstreetmap.org/edit?editor=id&way=437536717#map=20/59.8841968/10.8186817"}}, {"type": "Feature", "geometry": {"type": "Point", "coordinates": [10.8192489, 59.8838998]}, "properties": {"id": 437536719, "feat_type": "way", "quality_categories": "missing_tags, older_than_five_years", "issue_ids": "[108, 0]", "osm_url": "https://www.openstreetmap.org/way/437536719", "josm_url": "http://127.0.0.1:8111/load_object?new_layer=false&objects=w437536719", "id_url": "https://www.openstreetmap.org/edit?editor=id&way=437536719#map=20/59.8838998/10.8192489"}}, {"type": "Feature", "geometry": {"type": "Point", "coordinates": [10.8279624, 59.8796431]}, "properties": {"id": 438247203, "feat_type": "way", "quality_categories": "missing_tags", "issue_ids": "[0]", "osm_url": "https://www.openstreetmap.org/way/438247203", "josm_url": "http://127.0.0.1:8111/load_object?new_layer=false&objects=w438247203", "id_url": "https://www.openstreetmap.org/edit?editor=id&way=438247203#map=20/59.8796431/10.8279624"}}, {"type": "Feature", "geometry": {"type": "Point", "coordinates": [10.8182166, 59.8844749]}, "properties": {"id": 438249937, "feat_type": "way", "quality_categories": "missing_tags", "issue_ids": "[0]", "osm_url": "https://www.openstreetmap.org/way/438249937", "josm_url": "http://127.0.0.1:8111/load_object?new_layer=false&objects=w438249937", "id_url": "https://www.openstreetmap.org/edit?editor=id&way=438249937#map=20/59.8844749/10.8182166"}}, {"type": "Feature", "geometry": {"type": "Point", "coordinates": [10.8284575, 59.8740629]}, "properties": {"id": 438259653, "feat_type": "way", "quality_categories": "missing_tags, older_than_five_years", "issue_ids": "[109, 0]", "osm_url": "https://www.openstreetmap.org/way/438259653", "josm_url": "http://127.0.0.1:8111/load_object?new_layer=false&objects=w438259653", "id_url": "https://www.openstreetmap.org/edit?editor=id&way=438259653#map=20/59.8740629/10.8284575"}}, {"type": "Feature", "geometry": {"type": "Point", "coordinates": [10.8324769, 59.8727715]}, "properties": {"id": 438432113, "feat_type": "way", "quality_categories": "missing_tags", "issue_ids": "[0]", "osm_url": "https://www.openstreetmap.org/way/438432113", "josm_url": "http://127.0.0.1:8111/load_object?new_layer=false&objects=w438432113", "id_url": "https://www.openstreetmap.org/edit?editor=id&way=438432113#map=20/59.8727715/10.8324769"}}, {"type": "Feature", "geometry": {"type": "Point", "coordinates": [10.8307035, 59.8743684]}, "properties": {"id": 438432126, "feat_type": "way", "quality_categories": "missing_tags", "issue_ids": "[0]", "osm_url": "https://www.openstreetmap.org/way/438432126", "josm_url": "http://127.0.0.1:8111/load_object?new_layer=false&objects=w438432126", "id_url": "https://www.openstreetmap.org/edit?editor=id&way=438432126#map=20/59.8743684/10.8307035"}}, {"type": "Feature", "geometry": {"type": "Point", "coordinates": [10.8293716, 59.8760142]}, "properties": {"id": 438432134, "feat_type": "way", "quality_categories": "missing_tags", "issue_ids": "[0]", "osm_url": "https://www.openstreetmap.org/way/438432134", "josm_url": "http://127.0.0.1:8111/load_object?new_layer=false&objects=w438432134", "id_url": "https://www.openstreetmap.org/edit?editor=id&way=438432134#map=20/59.8760142/10.8293716"}}, {"type": "Feature", "geometry": {"type": "Point", "coordinates": [10.8391994, 59.8503327]}, "properties": {"id": 439364866, "feat_type": "way", "quality_categories": "missing_tags, older_than_five_years", "issue_ids": "[110, 0]", "osm_url": "https://www.openstreetmap.org/way/439364866", "josm_url": "http://127.0.0.1:8111/load_object?new_layer=false&objects=w439364866", "id_url": "https://www.openstreetmap.org/edit?editor=id&way=439364866#map=20/59.8503327/10.8391994"}}, {"type": "Feature", "geometry": {"type": "Point", "coordinates": [10.8385175, 59.865027]}, "properties": {"id": 439392383, "feat_type": "way", "quality_categories": "missing_tags", "issue_ids": "[0]", "osm_url": "https://www.openstreetmap.org/way/439392383", "josm_url": "http://127.0.0.1:8111/load_object?new_layer=false&objects=w439392383", "id_url": "https://www.openstreetmap.org/edit?editor=id&way=439392383#map=20/59.865027/10.8385175"}}, {"type": "Feature", "geometry": {"type": "Point", "coordinates": [10.8386304, 59.865529]}, "properties": {"id": 439392390, "feat_type": "way", "quality_categories": "missing_tags", "issue_ids": "[0]", "osm_url": "https://www.openstreetmap.org/way/439392390", "josm_url": "http://127.0.0.1:8111/load_object?new_layer=false&objects=w439392390", "id_url": "https://www.openstreetmap.org/edit?editor=id&way=439392390#map=20/59.865529/10.8386304"}}, {"type": "Feature", "geometry": {"type": "Point", "coordinates": [10.8386063, 59.8659066]}, "properties": {"id": 439392391, "feat_type": "way", "quality_categories": "missing_tags", "issue_ids": "[0]", "osm_url": "https://www.openstreetmap.org/way/439392391", "josm_url": "http://127.0.0.1:8111/load_object?new_layer=false&objects=w439392391", "id_url": "https://www.openstreetmap.org/edit?editor=id&way=439392391#map=20/59.8659066/10.8386063"}}, {"type": "Feature", "geometry": {"type": "Point", "coordinates": [10.8251464, 59.9391814]}, "properties": {"id": 440661664, "feat_type": "way", "quality_categories": "missing_tags, older_than_five_years", "issue_ids": "[111, 0]", "osm_url": "https://www.openstreetmap.org/way/440661664", "josm_url": "http://127.0.0.1:8111/load_object?new_layer=false&objects=w440661664", "id_url": "https://www.openstreetmap.org/edit?editor=id&way=440661664#map=20/59.9391814/10.8251464"}}, {"type": "Feature", "geometry": {"type": "Point", "coordinates": [10.670687, 59.9328821]}, "properties": {"id": 440662195, "feat_type": "way", "quality_categories": "missing_tags, older_than_five_years", "issue_ids": "[112, 0]", "osm_url": "https://www.openstreetmap.org/way/440662195", "josm_url": "http://127.0.0.1:8111/load_object?new_layer=false&objects=w440662195", "id_url": "https://www.openstreetmap.org/edit?editor=id&way=440662195#map=20/59.9328821/10.670687"}}, {"type": "Feature", "geometry": {"type": "Point", "coordinates": [10.8400266, 59.8669261]}, "properties": {"id": 440843096, "feat_type": "way", "quality_categories": "missing_tags", "issue_ids": "[0]", "osm_url": "https://www.openstreetmap.org/way/440843096", "josm_url": "http://127.0.0.1:8111/load_object?new_layer=false&objects=w440843096", "id_url": "https://www.openstreetmap.org/edit?editor=id&way=440843096#map=20/59.8669261/10.8400266"}}, {"type": "Feature", "geometry": {"type": "Point", "coordinates": [10.6744232, 59.9344978]}, "properties": {"id": 453683981, "feat_type": "way", "quality_categories": "missing_tags, older_than_five_years", "issue_ids": "[113, 0]", "osm_url": "https://www.openstreetmap.org/way/453683981", "josm_url": "http://127.0.0.1:8111/load_object?new_layer=false&objects=w453683981", "id_url": "https://www.openstreetmap.org/edit?editor=id&way=453683981#map=20/59.9344978/10.6744232"}}, {"type": "Feature", "geometry": {"type": "Point", "coordinates": [10.866339, 59.9520237]}, "properties": {"id": 472340763, "feat_type": "way", "quality_categories": "missing_tags, older_than_five_years", "issue_ids": "[11, 0]", "osm_url": "https://www.openstreetmap.org/way/472340763", "josm_url": "http://127.0.0.1:8111/load_object?new_layer=false&objects=w472340763", "id_url": "https://www.openstreetmap.org/edit?editor=id&way=472340763#map=20/59.9520237/10.866339"}}, {"type": "Feature", "geometry": {"type": "Point", "coordinates": [10.8398106, 59.8742031]}, "properties": {"id": 495339718, "feat_type": "way", "quality_categories": "missing_tags", "issue_ids": "[0]", "osm_url": "https://www.openstreetmap.org/way/495339718", "josm_url": "http://127.0.0.1:8111/load_object?new_layer=false&objects=w495339718", "id_url": "https://www.openstreetmap.org/edit?editor=id&way=495339718#map=20/59.8742031/10.8398106"}}, {"type": "Feature", "geometry": {"type": "Point", "coordinates": [10.8396597, 59.8731077]}, "properties": {"id": 495339723, "feat_type": "way", "quality_categories": "missing_tags, older_than_five_years", "issue_ids": "[114, 0]", "osm_url": "https://www.openstreetmap.org/way/495339723", "josm_url": "http://127.0.0.1:8111/load_object?new_layer=false&objects=w495339723", "id_url": "https://www.openstreetmap.org/edit?editor=id&way=495339723#map=20/59.8731077/10.8396597"}}, {"type": "Feature", "geometry": {"type": "Point", "coordinates": [10.8402503, 59.8742089]}, "properties": {"id": 495507003, "feat_type": "way", "quality_categories": "missing_tags", "issue_ids": "[0]", "osm_url": "https://www.openstreetmap.org/way/495507003", "josm_url": "http://127.0.0.1:8111/load_object?new_layer=false&objects=w495507003", "id_url": "https://www.openstreetmap.org/edit?editor=id&way=495507003#map=20/59.8742089/10.8402503"}}, {"type": "Feature", "geometry": {"type": "Point", "coordinates": [10.8385195, 59.8822039]}, "properties": {"id": 495805146, "feat_type": "way", "quality_categories": "missing_tags, older_than_five_years", "issue_ids": "[22, 0]", "osm_url": "https://www.openstreetmap.org/way/495805146", "josm_url": "http://127.0.0.1:8111/load_object?new_layer=false&objects=w495805146", "id_url": "https://www.openstreetmap.org/edit?editor=id&way=495805146#map=20/59.8822039/10.8385195"}}, {"type": "Feature", "geometry": {"type": "Point", "coordinates": [10.8386697, 59.8814229]}, "properties": {"id": 495805147, "feat_type": "way", "quality_categories": "missing_tags, older_than_five_years", "issue_ids": "[22, 0]", "osm_url": "https://www.openstreetmap.org/way/495805147", "josm_url": "http://127.0.0.1:8111/load_object?new_layer=false&objects=w495805147", "id_url": "https://www.openstreetmap.org/edit?editor=id&way=495805147#map=20/59.8814229/10.8386697"}}, {"type": "Feature", "geometry": {"type": "Point", "coordinates": [10.8384765, 59.8813266]}, "properties": {"id": 495805148, "feat_type": "way", "quality_categories": "missing_tags, older_than_five_years", "issue_ids": "[53, 0]", "osm_url": "https://www.openstreetmap.org/way/495805148", "josm_url": "http://127.0.0.1:8111/load_object?new_layer=false&objects=w495805148", "id_url": "https://www.openstreetmap.org/edit?editor=id&way=495805148#map=20/59.8813266/10.8384765"}}, {"type": "Feature", "geometry": {"type": "Point", "coordinates": [10.8383122, 59.8821641]}, "properties": {"id": 495805149, "feat_type": "way", "quality_categories": "missing_tags, older_than_five_years", "issue_ids": "[22, 0]", "osm_url": "https://www.openstreetmap.org/way/495805149", "josm_url": "http://127.0.0.1:8111/load_object?new_layer=false&objects=w495805149", "id_url": "https://www.openstreetmap.org/edit?editor=id&way=495805149#map=20/59.8821641/10.8383122"}}, {"type": "Feature", "geometry": {"type": "Point", "coordinates": [10.8379003, 59.8775764]}, "properties": {"id": 495826134, "feat_type": "way", "quality_categories": "missing_tags", "issue_ids": "[0]", "osm_url": "https://www.openstreetmap.org/way/495826134", "josm_url": "http://127.0.0.1:8111/load_object?new_layer=false&objects=w495826134", "id_url": "https://www.openstreetmap.org/edit?editor=id&way=495826134#map=20/59.8775764/10.8379003"}}, {"type": "Feature", "geometry": {"type": "Point", "coordinates": [10.8392546, 59.878628]}, "properties": {"id": 495826140, "feat_type": "way", "quality_categories": "missing_tags", "issue_ids": "[0]", "osm_url": "https://www.openstreetmap.org/way/495826140", "josm_url": "http://127.0.0.1:8111/load_object?new_layer=false&objects=w495826140", "id_url": "https://www.openstreetmap.org/edit?editor=id&way=495826140#map=20/59.878628/10.8392546"}}, {"type": "Feature", "geometry": {"type": "Point", "coordinates": [10.8389333, 59.876754]}, "properties": {"id": 495826144, "feat_type": "way", "quality_categories": "missing_tags", "issue_ids": "[0]", "osm_url": "https://www.openstreetmap.org/way/495826144", "josm_url": "http://127.0.0.1:8111/load_object?new_layer=false&objects=w495826144", "id_url": "https://www.openstreetmap.org/edit?editor=id&way=495826144#map=20/59.876754/10.8389333"}}, {"type": "Feature", "geometry": {"type": "Point", "coordinates": [10.8384808, 59.8802112]}, "properties": {"id": 495826149, "feat_type": "way", "quality_categories": "missing_tags", "issue_ids": "[0]", "osm_url": "https://www.openstreetmap.org/way/495826149", "josm_url": "http://127.0.0.1:8111/load_object?new_layer=false&objects=w495826149", "id_url": "https://www.openstreetmap.org/edit?editor=id&way=495826149#map=20/59.8802112/10.8384808"}}, {"type": "Feature", "geometry": {"type": "Point", "coordinates": [10.8390219, 59.8778897]}, "properties": {"id": 495826150, "feat_type": "way", "quality_categories": "missing_tags", "issue_ids": "[0]", "osm_url": "https://www.openstreetmap.org/way/495826150", "josm_url": "http://127.0.0.1:8111/load_object?new_layer=false&objects=w495826150", "id_url": "https://www.openstreetmap.org/edit?editor=id&way=495826150#map=20/59.8778897/10.8390219"}}, {"type": "Feature", "geometry": {"type": "Point", "coordinates": [10.8430389, 59.8736002]}, "properties": {"id": 496353561, "feat_type": "way", "quality_categories": "missing_tags", "issue_ids": "[0]", "osm_url": "https://www.openstreetmap.org/way/496353561", "josm_url": "http://127.0.0.1:8111/load_object?new_layer=false&objects=w496353561", "id_url": "https://www.openstreetmap.org/edit?editor=id&way=496353561#map=20/59.8736002/10.8430389"}}, {"type": "Feature", "geometry": {"type": "Point", "coordinates": [10.8432355, 59.8723854]}, "properties": {"id": 496353565, "feat_type": "way", "quality_categories": "missing_tags, older_than_five_years", "issue_ids": "[66, 0]", "osm_url": "https://www.openstreetmap.org/way/496353565", "josm_url": "http://127.0.0.1:8111/load_object?new_layer=false&objects=w496353565", "id_url": "https://www.openstreetmap.org/edit?editor=id&way=496353565#map=20/59.8723854/10.8432355"}}, {"type": "Feature", "geometry": {"type": "Point", "coordinates": [10.8435923, 59.8727923]}, "properties": {"id": 496353571, "feat_type": "way", "quality_categories": "missing_tags", "issue_ids": "[0]", "osm_url": "https://www.openstreetmap.org/way/496353571", "josm_url": "http://127.0.0.1:8111/load_object?new_layer=false&objects=w496353571", "id_url": "https://www.openstreetmap.org/edit?editor=id&way=496353571#map=20/59.8727923/10.8435923"}}, {"type": "Feature", "geometry": {"type": "Point", "coordinates": [10.8457509, 59.8729918]}, "properties": {"id": 496353580, "feat_type": "way", "quality_categories": "missing_tags, older_than_five_years", "issue_ids": "[53, 0]", "osm_url": "https://www.openstreetmap.org/way/496353580", "josm_url": "http://127.0.0.1:8111/load_object?new_layer=false&objects=w496353580", "id_url": "https://www.openstreetmap.org/edit?editor=id&way=496353580#map=20/59.8729918/10.8457509"}}, {"type": "Feature", "geometry": {"type": "Point", "coordinates": [10.844071, 59.8728542]}, "properties": {"id": 496353582, "feat_type": "way", "quality_categories": "missing_tags, older_than_five_years", "issue_ids": "[66, 0]", "osm_url": "https://www.openstreetmap.org/way/496353582", "josm_url": "http://127.0.0.1:8111/load_object?new_layer=false&objects=w496353582", "id_url": "https://www.openstreetmap.org/edit?editor=id&way=496353582#map=20/59.8728542/10.844071"}}, {"type": "Feature", "geometry": {"type": "Point", "coordinates": [10.8432159, 59.8727562]}, "properties": {"id": 496353585, "feat_type": "way", "quality_categories": "missing_tags, older_than_five_years", "issue_ids": "[53, 0]", "osm_url": "https://www.openstreetmap.org/way/496353585", "josm_url": "http://127.0.0.1:8111/load_object?new_layer=false&objects=w496353585", "id_url": "https://www.openstreetmap.org/edit?editor=id&way=496353585#map=20/59.8727562/10.8432159"}}, {"type": "Feature", "geometry": {"type": "Point", "coordinates": [10.8482016, 59.8728154]}, "properties": {"id": 497019179, "feat_type": "way", "quality_categories": "missing_tags", "issue_ids": "[0]", "osm_url": "https://www.openstreetmap.org/way/497019179", "josm_url": "http://127.0.0.1:8111/load_object?new_layer=false&objects=w497019179", "id_url": "https://www.openstreetmap.org/edit?editor=id&way=497019179#map=20/59.8728154/10.8482016"}}, {"type": "Feature", "geometry": {"type": "Point", "coordinates": [10.8489229, 59.872423]}, "properties": {"id": 497019182, "feat_type": "way", "quality_categories": "missing_tags", "issue_ids": "[0]", "osm_url": "https://www.openstreetmap.org/way/497019182", "josm_url": "http://127.0.0.1:8111/load_object?new_layer=false&objects=w497019182", "id_url": "https://www.openstreetmap.org/edit?editor=id&way=497019182#map=20/59.872423/10.8489229"}}, {"type": "Feature", "geometry": {"type": "Point", "coordinates": [10.8471409, 59.8739292]}, "properties": {"id": 497754277, "feat_type": "way", "quality_categories": "missing_tags", "issue_ids": "[0]", "osm_url": "https://www.openstreetmap.org/way/497754277", "josm_url": "http://127.0.0.1:8111/load_object?new_layer=false&objects=w497754277", "id_url": "https://www.openstreetmap.org/edit?editor=id&way=497754277#map=20/59.8739292/10.8471409"}}, {"type": "Feature", "geometry": {"type": "Point", "coordinates": [10.8454693, 59.8742866]}, "properties": {"id": 497754286, "feat_type": "way", "quality_categories": "missing_tags", "issue_ids": "[0]", "osm_url": "https://www.openstreetmap.org/way/497754286", "josm_url": "http://127.0.0.1:8111/load_object?new_layer=false&objects=w497754286", "id_url": "https://www.openstreetmap.org/edit?editor=id&way=497754286#map=20/59.8742866/10.8454693"}}, {"type": "Feature", "geometry": {"type": "Point", "coordinates": [10.8408954, 59.878697]}, "properties": {"id": 497813432, "feat_type": "way", "quality_categories": "missing_tags, older_than_five_years", "issue_ids": "[53, 0]", "osm_url": "https://www.openstreetmap.org/way/497813432", "josm_url": "http://127.0.0.1:8111/load_object?new_layer=false&objects=w497813432", "id_url": "https://www.openstreetmap.org/edit?editor=id&way=497813432#map=20/59.878697/10.8408954"}}, {"type": "Feature", "geometry": {"type": "Point", "coordinates": [10.6405057, 59.9616396]}, "properties": {"id": 501394383, "feat_type": "way", "quality_categories": "missing_tags, older_than_five_years", "issue_ids": "[39, 0]", "osm_url": "https://www.openstreetmap.org/way/501394383", "josm_url": "http://127.0.0.1:8111/load_object?new_layer=false&objects=w501394383", "id_url": "https://www.openstreetmap.org/edit?editor=id&way=501394383#map=20/59.9616396/10.6405057"}}, {"type": "Feature", "geometry": {"type": "Point", "coordinates": [10.6405596, 59.9620849]}, "properties": {"id": 501394384, "feat_type": "way", "quality_categories": "missing_tags, older_than_five_years", "issue_ids": "[115, 0]", "osm_url": "https://www.openstreetmap.org/way/501394384", "josm_url": "http://127.0.0.1:8111/load_object?new_layer=false&objects=w501394384", "id_url": "https://www.openstreetmap.org/edit?editor=id&way=501394384#map=20/59.9620849/10.6405596"}}, {"type": "Feature", "geometry": {"type": "Point", "coordinates": [10.6404863, 59.9619827]}, "properties": {"id": 501394385, "feat_type": "way", "quality_categories": "missing_tags, older_than_five_years", "issue_ids": "[39, 0]", "osm_url": "https://www.openstreetmap.org/way/501394385", "josm_url": "http://127.0.0.1:8111/load_object?new_layer=false&objects=w501394385", "id_url": "https://www.openstreetmap.org/edit?editor=id&way=501394385#map=20/59.9619827/10.6404863"}}, {"type": "Feature", "geometry": {"type": "Point", "coordinates": [10.8485199, 59.877555]}, "properties": {"id": 503156653, "feat_type": "way", "quality_categories": "missing_tags, older_than_five_years", "issue_ids": "[53, 0]", "osm_url": "https://www.openstreetmap.org/way/503156653", "josm_url": "http://127.0.0.1:8111/load_object?new_layer=false&objects=w503156653", "id_url": "https://www.openstreetmap.org/edit?editor=id&way=503156653#map=20/59.877555/10.8485199"}}, {"type": "Feature", "geometry": {"type": "Point", "coordinates": [10.8478674, 59.8776387]}, "properties": {"id": 503156654, "feat_type": "way", "quality_categories": "missing_tags", "issue_ids": "[0]", "osm_url": "https://www.openstreetmap.org/way/503156654", "josm_url": "http://127.0.0.1:8111/load_object?new_layer=false&objects=w503156654", "id_url": "https://www.openstreetmap.org/edit?editor=id&way=503156654#map=20/59.8776387/10.8478674"}}, {"type": "Feature", "geometry": {"type": "Point", "coordinates": [10.8477521, 59.8776738]}, "properties": {"id": 503156655, "feat_type": "way", "quality_categories": "missing_tags", "issue_ids": "[0]", "osm_url": "https://www.openstreetmap.org/way/503156655", "josm_url": "http://127.0.0.1:8111/load_object?new_layer=false&objects=w503156655", "id_url": "https://www.openstreetmap.org/edit?editor=id&way=503156655#map=20/59.8776738/10.8477521"}}, {"type": "Feature", "geometry": {"type": "Point", "coordinates": [10.849052, 59.8771545]}, "properties": {"id": 503156658, "feat_type": "way", "quality_categories": "missing_tags", "issue_ids": "[0]", "osm_url": "https://www.openstreetmap.org/way/503156658", "josm_url": "http://127.0.0.1:8111/load_object?new_layer=false&objects=w503156658", "id_url": "https://www.openstreetmap.org/edit?editor=id&way=503156658#map=20/59.8771545/10.849052"}}, {"type": "Feature", "geometry": {"type": "Point", "coordinates": [10.6983887, 59.9467868]}, "properties": {"id": 511795286, "feat_type": "way", "quality_categories": "missing_tags, older_than_five_years", "issue_ids": "[116, 0]", "osm_url": "https://www.openstreetmap.org/way/511795286", "josm_url": "http://127.0.0.1:8111/load_object?new_layer=false&objects=w511795286", "id_url": "https://www.openstreetmap.org/edit?editor=id&way=511795286#map=20/59.9467868/10.6983887"}}, {"type": "Feature", "geometry": {"type": "Point", "coordinates": [10.858751, 59.9326187]}, "properties": {"id": 532599524, "feat_type": "way", "quality_categories": "missing_tags, older_than_five_years", "issue_ids": "[117, 0]", "osm_url": "https://www.openstreetmap.org/way/532599524", "josm_url": "http://127.0.0.1:8111/load_object?new_layer=false&objects=w532599524", "id_url": "https://www.openstreetmap.org/edit?editor=id&way=532599524#map=20/59.9326187/10.858751"}}, {"type": "Feature", "geometry": {"type": "Point", "coordinates": [10.8582749, 59.932519]}, "properties": {"id": 532599538, "feat_type": "way", "quality_categories": "missing_tags, older_than_five_years", "issue_ids": "[117, 0]", "osm_url": "https://www.openstreetmap.org/way/532599538", "josm_url": "http://127.0.0.1:8111/load_object?new_layer=false&objects=w532599538", "id_url": "https://www.openstreetmap.org/edit?editor=id&way=532599538#map=20/59.932519/10.8582749"}}, {"type": "Feature", "geometry": {"type": "Point", "coordinates": [10.8582749, 59.932519]}, "properties": {"id": 532599539, "feat_type": "way", "quality_categories": "missing_tags, older_than_five_years", "issue_ids": "[117, 0]", "osm_url": "https://www.openstreetmap.org/way/532599539", "josm_url": "http://127.0.0.1:8111/load_object?new_layer=false&objects=w532599539", "id_url": "https://www.openstreetmap.org/edit?editor=id&way=532599539#map=20/59.932519/10.8582749"}}, {"type": "Feature", "geometry": {"type": "Point", "coordinates": [10.7003891, 59.9233577]}, "properties": {"id": 547856201, "feat_type": "way", "quality_categories": "missing_tags", "issue_ids": "[0]", "osm_url": "https://www.openstreetmap.org/way/547856201", "josm_url": "http://127.0.0.1:8111/load_object?new_layer=false&objects=w547856201", "id_url": "https://www.openstreetmap.org/edit?editor=id&way=547856201#map=20/59.9233577/10.7003891"}}, {"type": "Feature", "geometry": {"type": "Point", "coordinates": [10.8283614, 59.8469191]}, "properties": {"id": 552913082, "feat_type": "way", "quality_categories": "missing_tags", "issue_ids": "[0]", "osm_url": "https://www.openstreetmap.org/way/552913082", "josm_url": "http://127.0.0.1:8111/load_object?new_layer=false&objects=w552913082", "id_url": "https://www.openstreetmap.org/edit?editor=id&way=552913082#map=20/59.8469191/10.8283614"}}, {"type": "Feature", "geometry": {"type": "Point", "coordinates": [10.8490182, 59.8775702]}, "properties": {"id": 584579416, "feat_type": "way", "quality_categories": "missing_tags", "issue_ids": "[0]", "osm_url": "https://www.openstreetmap.org/way/584579416", "josm_url": "http://127.0.0.1:8111/load_object?new_layer=false&objects=w584579416", "id_url": "https://www.openstreetmap.org/edit?editor=id&way=584579416#map=20/59.8775702/10.8490182"}}, {"type": "Feature", "geometry": {"type": "Point", "coordinates": [10.8538911, 59.8791459]}, "properties": {"id": 585308472, "feat_type": "way", "quality_categories": "missing_tags, older_than_five_years", "issue_ids": "[57, 0]", "osm_url": "https://www.openstreetmap.org/way/585308472", "josm_url": "http://127.0.0.1:8111/load_object?new_layer=false&objects=w585308472", "id_url": "https://www.openstreetmap.org/edit?editor=id&way=585308472#map=20/59.8791459/10.8538911"}}, {"type": "Feature", "geometry": {"type": "Point", "coordinates": [10.8527285, 59.8775691]}, "properties": {"id": 585308473, "feat_type": "way", "quality_categories": "missing_tags, older_than_five_years", "issue_ids": "[57, 0]", "osm_url": "https://www.openstreetmap.org/way/585308473", "josm_url": "http://127.0.0.1:8111/load_object?new_layer=false&objects=w585308473", "id_url": "https://www.openstreetmap.org/edit?editor=id&way=585308473#map=20/59.8775691/10.8527285"}}, {"type": "Feature", "geometry": {"type": "Point", "coordinates": [10.8530469, 59.8830592]}, "properties": {"id": 585465795, "feat_type": "way", "quality_categories": "missing_tags, older_than_five_years", "issue_ids": "[118, 0]", "osm_url": "https://www.openstreetmap.org/way/585465795", "josm_url": "http://127.0.0.1:8111/load_object?new_layer=false&objects=w585465795", "id_url": "https://www.openstreetmap.org/edit?editor=id&way=585465795#map=20/59.8830592/10.8530469"}}, {"type": "Feature", "geometry": {"type": "Point", "coordinates": [10.8538183, 59.8810489]}, "properties": {"id": 585465796, "feat_type": "way", "quality_categories": "missing_tags, older_than_five_years", "issue_ids": "[119, 0]", "osm_url": "https://www.openstreetmap.org/way/585465796", "josm_url": "http://127.0.0.1:8111/load_object?new_layer=false&objects=w585465796", "id_url": "https://www.openstreetmap.org/edit?editor=id&way=585465796#map=20/59.8810489/10.8538183"}}, {"type": "Feature", "geometry": {"type": "Point", "coordinates": [10.854538, 59.8825065]}, "properties": {"id": 585465797, "feat_type": "way", "quality_categories": "missing_tags, older_than_five_years", "issue_ids": "[119, 0]", "osm_url": "https://www.openstreetmap.org/way/585465797", "josm_url": "http://127.0.0.1:8111/load_object?new_layer=false&objects=w585465797", "id_url": "https://www.openstreetmap.org/edit?editor=id&way=585465797#map=20/59.8825065/10.854538"}}, {"type": "Feature", "geometry": {"type": "Point", "coordinates": [10.8540229, 59.881459]}, "properties": {"id": 585465798, "feat_type": "way", "quality_categories": "missing_tags, older_than_five_years", "issue_ids": "[119, 0]", "osm_url": "https://www.openstreetmap.org/way/585465798", "josm_url": "http://127.0.0.1:8111/load_object?new_layer=false&objects=w585465798", "id_url": "https://www.openstreetmap.org/edit?editor=id&way=585465798#map=20/59.881459/10.8540229"}}, {"type": "Feature", "geometry": {"type": "Point", "coordinates": [10.8250848, 59.901725]}, "properties": {"id": 585834307, "feat_type": "way", "quality_categories": "missing_tags", "issue_ids": "[0]", "osm_url": "https://www.openstreetmap.org/way/585834307", "josm_url": "http://127.0.0.1:8111/load_object?new_layer=false&objects=w585834307", "id_url": "https://www.openstreetmap.org/edit?editor=id&way=585834307#map=20/59.901725/10.8250848"}}, {"type": "Feature", "geometry": {"type": "Point", "coordinates": [10.8435773, 59.8886957]}, "properties": {"id": 587422034, "feat_type": "way", "quality_categories": "missing_tags", "issue_ids": "[0]", "osm_url": "https://www.openstreetmap.org/way/587422034", "josm_url": "http://127.0.0.1:8111/load_object?new_layer=false&objects=w587422034", "id_url": "https://www.openstreetmap.org/edit?editor=id&way=587422034#map=20/59.8886957/10.8435773"}}, {"type": "Feature", "geometry": {"type": "Point", "coordinates": [10.842878, 59.8853556]}, "properties": {"id": 587422037, "feat_type": "way", "quality_categories": "missing_tags, older_than_five_years", "issue_ids": "[50, 0]", "osm_url": "https://www.openstreetmap.org/way/587422037", "josm_url": "http://127.0.0.1:8111/load_object?new_layer=false&objects=w587422037", "id_url": "https://www.openstreetmap.org/edit?editor=id&way=587422037#map=20/59.8853556/10.842878"}}, {"type": "Feature", "geometry": {"type": "Point", "coordinates": [10.8428133, 59.8860441]}, "properties": {"id": 587422039, "feat_type": "way", "quality_categories": "missing_tags, older_than_five_years", "issue_ids": "[50, 0]", "osm_url": "https://www.openstreetmap.org/way/587422039", "josm_url": "http://127.0.0.1:8111/load_object?new_layer=false&objects=w587422039", "id_url": "https://www.openstreetmap.org/edit?editor=id&way=587422039#map=20/59.8860441/10.8428133"}}, {"type": "Feature", "geometry": {"type": "Point", "coordinates": [10.8468019, 59.885894]}, "properties": {"id": 587422042, "feat_type": "way", "quality_categories": "missing_tags, older_than_five_years", "issue_ids": "[50, 0]", "osm_url": "https://www.openstreetmap.org/way/587422042", "josm_url": "http://127.0.0.1:8111/load_object?new_layer=false&objects=w587422042", "id_url": "https://www.openstreetmap.org/edit?editor=id&way=587422042#map=20/59.885894/10.8468019"}}, {"type": "Feature", "geometry": {"type": "Point", "coordinates": [10.8454989, 59.884854]}, "properties": {"id": 587422045, "feat_type": "way", "quality_categories": "missing_tags, older_than_five_years", "issue_ids": "[120, 0]", "osm_url": "https://www.openstreetmap.org/way/587422045", "josm_url": "http://127.0.0.1:8111/load_object?new_layer=false&objects=w587422045", "id_url": "https://www.openstreetmap.org/edit?editor=id&way=587422045#map=20/59.884854/10.8454989"}}, {"type": "Feature", "geometry": {"type": "Point", "coordinates": [10.8450982, 59.8860273]}, "properties": {"id": 587422047, "feat_type": "way", "quality_categories": "missing_tags, older_than_five_years", "issue_ids": "[50, 0]", "osm_url": "https://www.openstreetmap.org/way/587422047", "josm_url": "http://127.0.0.1:8111/load_object?new_layer=false&objects=w587422047", "id_url": "https://www.openstreetmap.org/edit?editor=id&way=587422047#map=20/59.8860273/10.8450982"}}, {"type": "Feature", "geometry": {"type": "Point", "coordinates": [10.8437974, 59.8851563]}, "properties": {"id": 587422048, "feat_type": "way", "quality_categories": "missing_tags, older_than_five_years", "issue_ids": "[121, 0]", "osm_url": "https://www.openstreetmap.org/way/587422048", "josm_url": "http://127.0.0.1:8111/load_object?new_layer=false&objects=w587422048", "id_url": "https://www.openstreetmap.org/edit?editor=id&way=587422048#map=20/59.8851563/10.8437974"}}, {"type": "Feature", "geometry": {"type": "Point", "coordinates": [10.8427232, 59.8854919]}, "properties": {"id": 587422050, "feat_type": "way", "quality_categories": "missing_tags, older_than_five_years", "issue_ids": "[50, 0]", "osm_url": "https://www.openstreetmap.org/way/587422050", "josm_url": "http://127.0.0.1:8111/load_object?new_layer=false&objects=w587422050", "id_url": "https://www.openstreetmap.org/edit?editor=id&way=587422050#map=20/59.8854919/10.8427232"}}, {"type": "Feature", "geometry": {"type": "Point", "coordinates": [10.8415642, 59.9024742]}, "properties": {"id": 589767634, "feat_type": "way", "quality_categories": "missing_tags, older_than_five_years", "issue_ids": "[122, 0]", "osm_url": "https://www.openstreetmap.org/way/589767634", "josm_url": "http://127.0.0.1:8111/load_object?new_layer=false&objects=w589767634", "id_url": "https://www.openstreetmap.org/edit?editor=id&way=589767634#map=20/59.9024742/10.8415642"}}, {"type": "Feature", "geometry": {"type": "Point", "coordinates": [10.8915663, 59.9400054]}, "properties": {"id": 598956823, "feat_type": "way", "quality_categories": "missing_tags", "issue_ids": "[0]", "osm_url": "https://www.openstreetmap.org/way/598956823", "josm_url": "http://127.0.0.1:8111/load_object?new_layer=false&objects=w598956823", "id_url": "https://www.openstreetmap.org/edit?editor=id&way=598956823#map=20/59.9400054/10.8915663"}}, {"type": "Feature", "geometry": {"type": "Point", "coordinates": [10.8915663, 59.9400054]}, "properties": {"id": 598956824, "feat_type": "way", "quality_categories": "missing_tags", "issue_ids": "[0]", "osm_url": "https://www.openstreetmap.org/way/598956824", "josm_url": "http://127.0.0.1:8111/load_object?new_layer=false&objects=w598956824", "id_url": "https://www.openstreetmap.org/edit?editor=id&way=598956824#map=20/59.9400054/10.8915663"}}, {"type": "Feature", "geometry": {"type": "Point", "coordinates": [10.8521715, 59.9185624]}, "properties": {"id": 622692263, "feat_type": "way", "quality_categories": "missing_tags, older_than_five_years", "issue_ids": "[123, 0]", "osm_url": "https://www.openstreetmap.org/way/622692263", "josm_url": "http://127.0.0.1:8111/load_object?new_layer=false&objects=w622692263", "id_url": "https://www.openstreetmap.org/edit?editor=id&way=622692263#map=20/59.9185624/10.8521715"}}, {"type": "Feature", "geometry": {"type": "Point", "coordinates": [10.853212, 59.9195715]}, "properties": {"id": 622692273, "feat_type": "way", "quality_categories": "missing_tags, older_than_five_years", "issue_ids": "[123, 0]", "osm_url": "https://www.openstreetmap.org/way/622692273", "josm_url": "http://127.0.0.1:8111/load_object?new_layer=false&objects=w622692273", "id_url": "https://www.openstreetmap.org/edit?editor=id&way=622692273#map=20/59.9195715/10.853212"}}, {"type": "Feature", "geometry": {"type": "Point", "coordinates": [10.8852618, 59.9309064]}, "properties": {"id": 645877622, "feat_type": "way", "quality_categories": "missing_tags, older_than_five_years", "issue_ids": "[124, 0]", "osm_url": "https://www.openstreetmap.org/way/645877622", "josm_url": "http://127.0.0.1:8111/load_object?new_layer=false&objects=w645877622", "id_url": "https://www.openstreetmap.org/edit?editor=id&way=645877622#map=20/59.9309064/10.8852618"}}, {"type": "Feature", "geometry": {"type": "Point", "coordinates": [10.901915, 59.9377125]}, "properties": {"id": 648744225, "feat_type": "way", "quality_categories": "missing_tags, older_than_five_years", "issue_ids": "[78, 0]", "osm_url": "https://www.openstreetmap.org/way/648744225", "josm_url": "http://127.0.0.1:8111/load_object?new_layer=false&objects=w648744225", "id_url": "https://www.openstreetmap.org/edit?editor=id&way=648744225#map=20/59.9377125/10.901915"}}, {"type": "Feature", "geometry": {"type": "Point", "coordinates": [10.9235225, 59.9365756]}, "properties": {"id": 651480970, "feat_type": "way", "quality_categories": "missing_tags, older_than_five_years", "issue_ids": "[125, 0]", "osm_url": "https://www.openstreetmap.org/way/651480970", "josm_url": "http://127.0.0.1:8111/load_object?new_layer=false&objects=w651480970", "id_url": "https://www.openstreetmap.org/edit?editor=id&way=651480970#map=20/59.9365756/10.9235225"}}, {"type": "Feature", "geometry": {"type": "Point", "coordinates": [10.9235416, 59.9366116]}, "properties": {"id": 651480971, "feat_type": "way", "quality_categories": "missing_tags, older_than_five_years", "issue_ids": "[125, 0]", "osm_url": "https://www.openstreetmap.org/way/651480971", "josm_url": "http://127.0.0.1:8111/load_object?new_layer=false&objects=w651480971", "id_url": "https://www.openstreetmap.org/edit?editor=id&way=651480971#map=20/59.9366116/10.9235416"}}, {"type": "Feature", "geometry": {"type": "Point", "coordinates": [10.9243362, 59.9376721]}, "properties": {"id": 651560806, "feat_type": "way", "quality_categories": "missing_tags, older_than_five_years", "issue_ids": "[125, 0]", "osm_url": "https://www.openstreetmap.org/way/651560806", "josm_url": "http://127.0.0.1:8111/load_object?new_layer=false&objects=w651560806", "id_url": "https://www.openstreetmap.org/edit?editor=id&way=651560806#map=20/59.9376721/10.9243362"}}, {"type": "Feature", "geometry": {"type": "Point", "coordinates": [10.8431169, 59.9211576]}, "properties": {"id": 655085109, "feat_type": "way", "quality_categories": "missing_tags, older_than_five_years", "issue_ids": "[126, 0]", "osm_url": "https://www.openstreetmap.org/way/655085109", "josm_url": "http://127.0.0.1:8111/load_object?new_layer=false&objects=w655085109", "id_url": "https://www.openstreetmap.org/edit?editor=id&way=655085109#map=20/59.9211576/10.8431169"}}, {"type": "Feature", "geometry": {"type": "Point", "coordinates": [10.8311137, 59.9130828]}, "properties": {"id": 655223715, "feat_type": "way", "quality_categories": "missing_tags, older_than_five_years", "issue_ids": "[127, 0]", "osm_url": "https://www.openstreetmap.org/way/655223715", "josm_url": "http://127.0.0.1:8111/load_object?new_layer=false&objects=w655223715", "id_url": "https://www.openstreetmap.org/edit?editor=id&way=655223715#map=20/59.9130828/10.8311137"}}, {"type": "Feature", "geometry": {"type": "Point", "coordinates": [10.8496989, 59.8936618]}, "properties": {"id": 665159224, "feat_type": "way", "quality_categories": "missing_tags, older_than_five_years", "issue_ids": "[128, 0]", "osm_url": "https://www.openstreetmap.org/way/665159224", "josm_url": "http://127.0.0.1:8111/load_object?new_layer=false&objects=w665159224", "id_url": "https://www.openstreetmap.org/edit?editor=id&way=665159224#map=20/59.8936618/10.8496989"}}, {"type": "Feature", "geometry": {"type": "Point", "coordinates": [10.8529136, 59.8932692]}, "properties": {"id": 665160012, "feat_type": "way", "quality_categories": "missing_tags, older_than_five_years", "issue_ids": "[128, 0]", "osm_url": "https://www.openstreetmap.org/way/665160012", "josm_url": "http://127.0.0.1:8111/load_object?new_layer=false&objects=w665160012", "id_url": "https://www.openstreetmap.org/edit?editor=id&way=665160012#map=20/59.8932692/10.8529136"}}, {"type": "Feature", "geometry": {"type": "Point", "coordinates": [10.8507377, 59.8944957]}, "properties": {"id": 665160014, "feat_type": "way", "quality_categories": "missing_tags, older_than_five_years", "issue_ids": "[128, 0]", "osm_url": "https://www.openstreetmap.org/way/665160014", "josm_url": "http://127.0.0.1:8111/load_object?new_layer=false&objects=w665160014", "id_url": "https://www.openstreetmap.org/edit?editor=id&way=665160014#map=20/59.8944957/10.8507377"}}, {"type": "Feature", "geometry": {"type": "Point", "coordinates": [10.8526746, 59.8950445]}, "properties": {"id": 665411365, "feat_type": "way", "quality_categories": "missing_tags, older_than_five_years", "issue_ids": "[129, 0]", "osm_url": "https://www.openstreetmap.org/way/665411365", "josm_url": "http://127.0.0.1:8111/load_object?new_layer=false&objects=w665411365", "id_url": "https://www.openstreetmap.org/edit?editor=id&way=665411365#map=20/59.8950445/10.8526746"}}, {"type": "Feature", "geometry": {"type": "Point", "coordinates": [10.8542971, 59.8947302]}, "properties": {"id": 665411368, "feat_type": "way", "quality_categories": "missing_tags, older_than_five_years", "issue_ids": "[130, 0]", "osm_url": "https://www.openstreetmap.org/way/665411368", "josm_url": "http://127.0.0.1:8111/load_object?new_layer=false&objects=w665411368", "id_url": "https://www.openstreetmap.org/edit?editor=id&way=665411368#map=20/59.8947302/10.8542971"}}, {"type": "Feature", "geometry": {"type": "Point", "coordinates": [10.8076324, 59.8898064]}, "properties": {"id": 670445988, "feat_type": "way", "quality_categories": "missing_tags, older_than_five_years", "issue_ids": "[131, 0]", "osm_url": "https://www.openstreetmap.org/way/670445988", "josm_url": "http://127.0.0.1:8111/load_object?new_layer=false&objects=w670445988", "id_url": "https://www.openstreetmap.org/edit?editor=id&way=670445988#map=20/59.8898064/10.8076324"}}, {"type": "Feature", "geometry": {"type": "Point", "coordinates": [10.8142765, 59.8941849]}, "properties": {"id": 672442147, "feat_type": "way", "quality_categories": "missing_tags", "issue_ids": "[0]", "osm_url": "https://www.openstreetmap.org/way/672442147", "josm_url": "http://127.0.0.1:8111/load_object?new_layer=false&objects=w672442147", "id_url": "https://www.openstreetmap.org/edit?editor=id&way=672442147#map=20/59.8941849/10.8142765"}}, {"type": "Feature", "geometry": {"type": "Point", "coordinates": [10.8384211, 59.8975919]}, "properties": {"id": 672628965, "feat_type": "way", "quality_categories": "missing_tags", "issue_ids": "[0]", "osm_url": "https://www.openstreetmap.org/way/672628965", "josm_url": "http://127.0.0.1:8111/load_object?new_layer=false&objects=w672628965", "id_url": "https://www.openstreetmap.org/edit?editor=id&way=672628965#map=20/59.8975919/10.8384211"}}, {"type": "Feature", "geometry": {"type": "Point", "coordinates": [10.8373948, 59.819956]}, "properties": {"id": 674532167, "feat_type": "way", "quality_categories": "missing_tags, older_than_five_years", "issue_ids": "[132, 0]", "osm_url": "https://www.openstreetmap.org/way/674532167", "josm_url": "http://127.0.0.1:8111/load_object?new_layer=false&objects=w674532167", "id_url": "https://www.openstreetmap.org/edit?editor=id&way=674532167#map=20/59.819956/10.8373948"}}, {"type": "Feature", "geometry": {"type": "Point", "coordinates": [10.8339029, 59.8249234]}, "properties": {"id": 674754338, "feat_type": "way", "quality_categories": "missing_tags, older_than_five_years", "issue_ids": "[133, 0]", "osm_url": "https://www.openstreetmap.org/way/674754338", "josm_url": "http://127.0.0.1:8111/load_object?new_layer=false&objects=w674754338", "id_url": "https://www.openstreetmap.org/edit?editor=id&way=674754338#map=20/59.8249234/10.8339029"}}, {"type": "Feature", "geometry": {"type": "Point", "coordinates": [10.8384092, 59.8341843]}, "properties": {"id": 675601572, "feat_type": "way", "quality_categories": "missing_tags, older_than_five_years", "issue_ids": "[134, 0]", "osm_url": "https://www.openstreetmap.org/way/675601572", "josm_url": "http://127.0.0.1:8111/load_object?new_layer=false&objects=w675601572", "id_url": "https://www.openstreetmap.org/edit?editor=id&way=675601572#map=20/59.8341843/10.8384092"}}, {"type": "Feature", "geometry": {"type": "Point", "coordinates": [10.8368748, 59.8300715]}, "properties": {"id": 675601581, "feat_type": "way", "quality_categories": "missing_tags, older_than_five_years", "issue_ids": "[134, 0]", "osm_url": "https://www.openstreetmap.org/way/675601581", "josm_url": "http://127.0.0.1:8111/load_object?new_layer=false&objects=w675601581", "id_url": "https://www.openstreetmap.org/edit?editor=id&way=675601581#map=20/59.8300715/10.8368748"}}, {"type": "Feature", "geometry": {"type": "Point", "coordinates": [10.83536, 59.8239737]}, "properties": {"id": 675933644, "feat_type": "way", "quality_categories": "missing_tags, older_than_five_years", "issue_ids": "[88, 0]", "osm_url": "https://www.openstreetmap.org/way/675933644", "josm_url": "http://127.0.0.1:8111/load_object?new_layer=false&objects=w675933644", "id_url": "https://www.openstreetmap.org/edit?editor=id&way=675933644#map=20/59.8239737/10.83536"}}, {"type": "Feature", "geometry": {"type": "Point", "coordinates": [10.8309612, 59.8266097]}, "properties": {"id": 676370519, "feat_type": "way", "quality_categories": "missing_tags, older_than_five_years", "issue_ids": "[135, 0]", "osm_url": "https://www.openstreetmap.org/way/676370519", "josm_url": "http://127.0.0.1:8111/load_object?new_layer=false&objects=w676370519", "id_url": "https://www.openstreetmap.org/edit?editor=id&way=676370519#map=20/59.8266097/10.8309612"}}, {"type": "Feature", "geometry": {"type": "Point", "coordinates": [10.833343, 59.833882]}, "properties": {"id": 676918182, "feat_type": "way", "quality_categories": "missing_tags", "issue_ids": "[0]", "osm_url": "https://www.openstreetmap.org/way/676918182", "josm_url": "http://127.0.0.1:8111/load_object?new_layer=false&objects=w676918182", "id_url": "https://www.openstreetmap.org/edit?editor=id&way=676918182#map=20/59.833882/10.833343"}}, {"type": "Feature", "geometry": {"type": "Point", "coordinates": [10.8279165, 59.8350153]}, "properties": {"id": 676975498, "feat_type": "way", "quality_categories": "missing_tags, older_than_five_years", "issue_ids": "[136, 0]", "osm_url": "https://www.openstreetmap.org/way/676975498", "josm_url": "http://127.0.0.1:8111/load_object?new_layer=false&objects=w676975498", "id_url": "https://www.openstreetmap.org/edit?editor=id&way=676975498#map=20/59.8350153/10.8279165"}}, {"type": "Feature", "geometry": {"type": "Point", "coordinates": [10.8330811, 59.8302433]}, "properties": {"id": 677059849, "feat_type": "way", "quality_categories": "missing_tags, older_than_five_years", "issue_ids": "[136, 0]", "osm_url": "https://www.openstreetmap.org/way/677059849", "josm_url": "http://127.0.0.1:8111/load_object?new_layer=false&objects=w677059849", "id_url": "https://www.openstreetmap.org/edit?editor=id&way=677059849#map=20/59.8302433/10.8330811"}}, {"type": "Feature", "geometry": {"type": "Point", "coordinates": [10.8445097, 59.9015235]}, "properties": {"id": 682223038, "feat_type": "way", "quality_categories": "missing_tags", "issue_ids": "[0]", "osm_url": "https://www.openstreetmap.org/way/682223038", "josm_url": "http://127.0.0.1:8111/load_object?new_layer=false&objects=w682223038", "id_url": "https://www.openstreetmap.org/edit?editor=id&way=682223038#map=20/59.9015235/10.8445097"}}, {"type": "Feature", "geometry": {"type": "Point", "coordinates": [10.8976375, 59.9412677]}, "properties": {"id": 683421224, "feat_type": "way", "quality_categories": "missing_tags, older_than_five_years", "issue_ids": "[137, 0]", "osm_url": "https://www.openstreetmap.org/way/683421224", "josm_url": "http://127.0.0.1:8111/load_object?new_layer=false&objects=w683421224", "id_url": "https://www.openstreetmap.org/edit?editor=id&way=683421224#map=20/59.9412677/10.8976375"}}, {"type": "Feature", "geometry": {"type": "Point", "coordinates": [10.8967177, 59.9412571]}, "properties": {"id": 683421225, "feat_type": "way", "quality_categories": "missing_tags", "issue_ids": "[0]", "osm_url": "https://www.openstreetmap.org/way/683421225", "josm_url": "http://127.0.0.1:8111/load_object?new_layer=false&objects=w683421225", "id_url": "https://www.openstreetmap.org/edit?editor=id&way=683421225#map=20/59.9412571/10.8967177"}}, {"type": "Feature", "geometry": {"type": "Point", "coordinates": [10.8083252, 59.8897679]}, "properties": {"id": 685792745, "feat_type": "way", "quality_categories": "missing_tags, older_than_five_years", "issue_ids": "[131, 0]", "osm_url": "https://www.openstreetmap.org/way/685792745", "josm_url": "http://127.0.0.1:8111/load_object?new_layer=false&objects=w685792745", "id_url": "https://www.openstreetmap.org/edit?editor=id&way=685792745#map=20/59.8897679/10.8083252"}}, {"type": "Feature", "geometry": {"type": "Point", "coordinates": [10.8279511, 59.937917]}, "properties": {"id": 732153935, "feat_type": "way", "quality_categories": "missing_tags, older_than_five_years", "issue_ids": "[138, 0]", "osm_url": "https://www.openstreetmap.org/way/732153935", "josm_url": "http://127.0.0.1:8111/load_object?new_layer=false&objects=w732153935", "id_url": "https://www.openstreetmap.org/edit?editor=id&way=732153935#map=20/59.937917/10.8279511"}}, {"type": "Feature", "geometry": {"type": "Point", "coordinates": [10.8525662, 59.9429536]}, "properties": {"id": 784305298, "feat_type": "way", "quality_categories": "missing_tags, older_than_five_years", "issue_ids": "[139, 0]", "osm_url": "https://www.openstreetmap.org/way/784305298", "josm_url": "http://127.0.0.1:8111/load_object?new_layer=false&objects=w784305298", "id_url": "https://www.openstreetmap.org/edit?editor=id&way=784305298#map=20/59.9429536/10.8525662"}}, {"type": "Feature", "geometry": {"type": "Point", "coordinates": [10.7125342, 59.9177913]}, "properties": {"id": 807857613, "feat_type": "way", "quality_categories": "missing_tags, older_than_five_years", "issue_ids": "[21, 0]", "osm_url": "https://www.openstreetmap.org/way/807857613", "josm_url": "http://127.0.0.1:8111/load_object?new_layer=false&objects=w807857613", "id_url": "https://www.openstreetmap.org/edit?editor=id&way=807857613#map=20/59.9177913/10.7125342"}}, {"type": "Feature", "geometry": {"type": "Point", "coordinates": [10.7124997, 59.9177905]}, "properties": {"id": 807857616, "feat_type": "way", "quality_categories": "missing_tags, older_than_five_years", "issue_ids": "[21, 0]", "osm_url": "https://www.openstreetmap.org/way/807857616", "josm_url": "http://127.0.0.1:8111/load_object?new_layer=false&objects=w807857616", "id_url": "https://www.openstreetmap.org/edit?editor=id&way=807857616#map=20/59.9177905/10.7124997"}}, {"type": "Feature", "geometry": {"type": "Point", "coordinates": [10.7198197, 59.9201948]}, "properties": {"id": 807861664, "feat_type": "way", "quality_categories": "missing_tags", "issue_ids": "[0]", "osm_url": "https://www.openstreetmap.org/way/807861664", "josm_url": "http://127.0.0.1:8111/load_object?new_layer=false&objects=w807861664", "id_url": "https://www.openstreetmap.org/edit?editor=id&way=807861664#map=20/59.9201948/10.7198197"}}, {"type": "Feature", "geometry": {"type": "Point", "coordinates": [10.7162392, 59.9160401]}, "properties": {"id": 809900943, "feat_type": "way", "quality_categories": "missing_tags, older_than_five_years", "issue_ids": "[20, 0]", "osm_url": "https://www.openstreetmap.org/way/809900943", "josm_url": "http://127.0.0.1:8111/load_object?new_layer=false&objects=w809900943", "id_url": "https://www.openstreetmap.org/edit?editor=id&way=809900943#map=20/59.9160401/10.7162392"}}, {"type": "Feature", "geometry": {"type": "Point", "coordinates": [10.7161633, 59.9160397]}, "properties": {"id": 809900944, "feat_type": "way", "quality_categories": "missing_tags, older_than_five_years", "issue_ids": "[20, 0]", "osm_url": "https://www.openstreetmap.org/way/809900944", "josm_url": "http://127.0.0.1:8111/load_object?new_layer=false&objects=w809900944", "id_url": "https://www.openstreetmap.org/edit?editor=id&way=809900944#map=20/59.9160397/10.7161633"}}, {"type": "Feature", "geometry": {"type": "Point", "coordinates": [10.8445608, 59.8844718]}, "properties": {"id": 816603124, "feat_type": "way", "quality_categories": "missing_tags, older_than_five_years", "issue_ids": "[120, 0]", "osm_url": "https://www.openstreetmap.org/way/816603124", "josm_url": "http://127.0.0.1:8111/load_object?new_layer=false&objects=w816603124", "id_url": "https://www.openstreetmap.org/edit?editor=id&way=816603124#map=20/59.8844718/10.8445608"}}, {"type": "Feature", "geometry": {"type": "Point", "coordinates": [10.6823305, 59.9008316]}, "properties": {"id": 818537231, "feat_type": "way", "quality_categories": "missing_tags, older_than_five_years", "issue_ids": "[140, 0]", "osm_url": "https://www.openstreetmap.org/way/818537231", "josm_url": "http://127.0.0.1:8111/load_object?new_layer=false&objects=w818537231", "id_url": "https://www.openstreetmap.org/edit?editor=id&way=818537231#map=20/59.9008316/10.6823305"}}, {"type": "Feature", "geometry": {"type": "Point", "coordinates": [10.6823481, 59.9001111]}, "properties": {"id": 818537233, "feat_type": "way", "quality_categories": "missing_tags", "issue_ids": "[0]", "osm_url": "https://www.openstreetmap.org/way/818537233", "josm_url": "http://127.0.0.1:8111/load_object?new_layer=false&objects=w818537233", "id_url": "https://www.openstreetmap.org/edit?editor=id&way=818537233#map=20/59.9001111/10.6823481"}}, {"type": "Feature", "geometry": {"type": "Point", "coordinates": [10.8490644, 59.9436744]}, "properties": {"id": 836241641, "feat_type": "way", "quality_categories": "missing_tags", "issue_ids": "[0]", "osm_url": "https://www.openstreetmap.org/way/836241641", "josm_url": "http://127.0.0.1:8111/load_object?new_layer=false&objects=w836241641", "id_url": "https://www.openstreetmap.org/edit?editor=id&way=836241641#map=20/59.9436744/10.8490644"}}, {"type": "Feature", "geometry": {"type": "Point", "coordinates": [10.7889932, 59.9436029]}, "properties": {"id": 862225351, "feat_type": "way", "quality_categories": "missing_tags, older_than_five_years", "issue_ids": "[141, 0]", "osm_url": "https://www.openstreetmap.org/way/862225351", "josm_url": "http://127.0.0.1:8111/load_object?new_layer=false&objects=w862225351", "id_url": "https://www.openstreetmap.org/edit?editor=id&way=862225351#map=20/59.9436029/10.7889932"}}, {"type": "Feature", "geometry": {"type": "Point", "coordinates": [10.7908047, 59.9435659]}, "properties": {"id": 862225352, "feat_type": "way", "quality_categories": "missing_tags, older_than_five_years", "issue_ids": "[141, 0]", "osm_url": "https://www.openstreetmap.org/way/862225352", "josm_url": "http://127.0.0.1:8111/load_object?new_layer=false&objects=w862225352", "id_url": "https://www.openstreetmap.org/edit?editor=id&way=862225352#map=20/59.9435659/10.7908047"}}, {"type": "Feature", "geometry": {"type": "Point", "coordinates": [10.7925302, 59.9436269]}, "properties": {"id": 862225353, "feat_type": "way", "quality_categories": "missing_tags, older_than_five_years", "issue_ids": "[141, 0]", "osm_url": "https://www.openstreetmap.org/way/862225353", "josm_url": "http://127.0.0.1:8111/load_object?new_layer=false&objects=w862225353", "id_url": "https://www.openstreetmap.org/edit?editor=id&way=862225353#map=20/59.9436269/10.7925302"}}, {"type": "Feature", "geometry": {"type": "Point", "coordinates": [10.6596943, 59.9244998]}, "properties": {"id": 864968297, "feat_type": "way", "quality_categories": "missing_tags", "issue_ids": "[0]", "osm_url": "https://www.openstreetmap.org/way/864968297", "josm_url": "http://127.0.0.1:8111/load_object?new_layer=false&objects=w864968297", "id_url": "https://www.openstreetmap.org/edit?editor=id&way=864968297#map=20/59.9244998/10.6596943"}}, {"type": "Feature", "geometry": {"type": "Point", "coordinates": [10.8580158, 59.9360364]}, "properties": {"id": 871815629, "feat_type": "way", "quality_categories": "missing_tags, older_than_five_years", "issue_ids": "[75, 0]", "osm_url": "https://www.openstreetmap.org/way/871815629", "josm_url": "http://127.0.0.1:8111/load_object?new_layer=false&objects=w871815629", "id_url": "https://www.openstreetmap.org/edit?editor=id&way=871815629#map=20/59.9360364/10.8580158"}}, {"type": "Feature", "geometry": {"type": "Point", "coordinates": [10.8576614, 59.9360193]}, "properties": {"id": 871815630, "feat_type": "way", "quality_categories": "missing_tags, older_than_five_years", "issue_ids": "[75, 0]", "osm_url": "https://www.openstreetmap.org/way/871815630", "josm_url": "http://127.0.0.1:8111/load_object?new_layer=false&objects=w871815630", "id_url": "https://www.openstreetmap.org/edit?editor=id&way=871815630#map=20/59.9360193/10.8576614"}}, {"type": "Feature", "geometry": {"type": "Point", "coordinates": [10.6811193, 59.9499073]}, "properties": {"id": 885963439, "feat_type": "way", "quality_categories": "missing_tags", "issue_ids": "[0]", "osm_url": "https://www.openstreetmap.org/way/885963439", "josm_url": "http://127.0.0.1:8111/load_object?new_layer=false&objects=w885963439", "id_url": "https://www.openstreetmap.org/edit?editor=id&way=885963439#map=20/59.9499073/10.6811193"}}, {"type": "Feature", "geometry": {"type": "Point", "coordinates": [10.6625707, 59.9491978]}, "properties": {"id": 891240019, "feat_type": "way", "quality_categories": "missing_tags, older_than_five_years", "issue_ids": "[142, 0]", "osm_url": "https://www.openstreetmap.org/way/891240019", "josm_url": "http://127.0.0.1:8111/load_object?new_layer=false&objects=w891240019", "id_url": "https://www.openstreetmap.org/edit?editor=id&way=891240019#map=20/59.9491978/10.6625707"}}, {"type": "Feature", "geometry": {"type": "Point", "coordinates": [10.6627926, 59.9488495]}, "properties": {"id": 891240020, "feat_type": "way", "quality_categories": "missing_tags, older_than_five_years", "issue_ids": "[142, 0]", "osm_url": "https://www.openstreetmap.org/way/891240020", "josm_url": "http://127.0.0.1:8111/load_object?new_layer=false&objects=w891240020", "id_url": "https://www.openstreetmap.org/edit?editor=id&way=891240020#map=20/59.9488495/10.6627926"}}, {"type": "Feature", "geometry": {"type": "Point", "coordinates": [10.8101825, 59.9366786]}, "properties": {"id": 892427715, "feat_type": "way", "quality_categories": "missing_tags, older_than_five_years", "issue_ids": "[143, 0]", "osm_url": "https://www.openstreetmap.org/way/892427715", "josm_url": "http://127.0.0.1:8111/load_object?new_layer=false&objects=w892427715", "id_url": "https://www.openstreetmap.org/edit?editor=id&way=892427715#map=20/59.9366786/10.8101825"}}, {"type": "Feature", "geometry": {"type": "Point", "coordinates": [10.8445882, 59.9288032]}, "properties": {"id": 911465509, "feat_type": "way", "quality_categories": "missing_tags, older_than_five_years", "issue_ids": "[67, 0]", "osm_url": "https://www.openstreetmap.org/way/911465509", "josm_url": "http://127.0.0.1:8111/load_object?new_layer=false&objects=w911465509", "id_url": "https://www.openstreetmap.org/edit?editor=id&way=911465509#map=20/59.9288032/10.8445882"}}, {"type": "Feature", "geometry": {"type": "Point", "coordinates": [10.8407359, 59.9278022]}, "properties": {"id": 911465551, "feat_type": "way", "quality_categories": "missing_tags, older_than_five_years", "issue_ids": "[67, 0]", "osm_url": "https://www.openstreetmap.org/way/911465551", "josm_url": "http://127.0.0.1:8111/load_object?new_layer=false&objects=w911465551", "id_url": "https://www.openstreetmap.org/edit?editor=id&way=911465551#map=20/59.9278022/10.8407359"}}, {"type": "Feature", "geometry": {"type": "Point", "coordinates": [10.8355383, 59.9264272]}, "properties": {"id": 911477942, "feat_type": "way", "quality_categories": "missing_tags", "issue_ids": "[0]", "osm_url": "https://www.openstreetmap.org/way/911477942", "josm_url": "http://127.0.0.1:8111/load_object?new_layer=false&objects=w911477942", "id_url": "https://www.openstreetmap.org/edit?editor=id&way=911477942#map=20/59.9264272/10.8355383"}}, {"type": "Feature", "geometry": {"type": "Point", "coordinates": [10.8344206, 59.9241013]}, "properties": {"id": 911488704, "feat_type": "way", "quality_categories": "missing_tags", "issue_ids": "[0]", "osm_url": "https://www.openstreetmap.org/way/911488704", "josm_url": "http://127.0.0.1:8111/load_object?new_layer=false&objects=w911488704", "id_url": "https://www.openstreetmap.org/edit?editor=id&way=911488704#map=20/59.9241013/10.8344206"}}, {"type": "Feature", "geometry": {"type": "Point", "coordinates": [10.8341404, 59.924094]}, "properties": {"id": 911488705, "feat_type": "way", "quality_categories": "missing_tags", "issue_ids": "[0]", "osm_url": "https://www.openstreetmap.org/way/911488705", "josm_url": "http://127.0.0.1:8111/load_object?new_layer=false&objects=w911488705", "id_url": "https://www.openstreetmap.org/edit?editor=id&way=911488705#map=20/59.924094/10.8341404"}}, {"type": "Feature", "geometry": {"type": "Point", "coordinates": [10.8351924, 59.9240396]}, "properties": {"id": 911488708, "feat_type": "way", "quality_categories": "missing_tags, older_than_five_years", "issue_ids": "[67, 0]", "osm_url": "https://www.openstreetmap.org/way/911488708", "josm_url": "http://127.0.0.1:8111/load_object?new_layer=false&objects=w911488708", "id_url": "https://www.openstreetmap.org/edit?editor=id&way=911488708#map=20/59.9240396/10.8351924"}}, {"type": "Feature", "geometry": {"type": "Point", "coordinates": [10.8328462, 59.9242354]}, "properties": {"id": 911488711, "feat_type": "way", "quality_categories": "missing_tags, older_than_five_years", "issue_ids": "[67, 0]", "osm_url": "https://www.openstreetmap.org/way/911488711", "josm_url": "http://127.0.0.1:8111/load_object?new_layer=false&objects=w911488711", "id_url": "https://www.openstreetmap.org/edit?editor=id&way=911488711#map=20/59.9242354/10.8328462"}}, {"type": "Feature", "geometry": {"type": "Point", "coordinates": [10.8327065, 59.9242478]}, "properties": {"id": 911488712, "feat_type": "way", "quality_categories": "missing_tags", "issue_ids": "[0]", "osm_url": "https://www.openstreetmap.org/way/911488712", "josm_url": "http://127.0.0.1:8111/load_object?new_layer=false&objects=w911488712", "id_url": "https://www.openstreetmap.org/edit?editor=id&way=911488712#map=20/59.9242478/10.8327065"}}, {"type": "Feature", "geometry": {"type": "Point", "coordinates": [10.8326129, 59.9242755]}, "properties": {"id": 911488713, "feat_type": "way", "quality_categories": "missing_tags", "issue_ids": "[0]", "osm_url": "https://www.openstreetmap.org/way/911488713", "josm_url": "http://127.0.0.1:8111/load_object?new_layer=false&objects=w911488713", "id_url": "https://www.openstreetmap.org/edit?editor=id&way=911488713#map=20/59.9242755/10.8326129"}}, {"type": "Feature", "geometry": {"type": "Point", "coordinates": [10.826711, 59.9245889]}, "properties": {"id": 911536365, "feat_type": "way", "quality_categories": "missing_tags, older_than_five_years", "issue_ids": "[67, 0]", "osm_url": "https://www.openstreetmap.org/way/911536365", "josm_url": "http://127.0.0.1:8111/load_object?new_layer=false&objects=w911536365", "id_url": "https://www.openstreetmap.org/edit?editor=id&way=911536365#map=20/59.9245889/10.826711"}}, {"type": "Feature", "geometry": {"type": "Point", "coordinates": [10.8269296, 59.9245354]}, "properties": {"id": 911536366, "feat_type": "way", "quality_categories": "missing_tags, older_than_five_years", "issue_ids": "[67, 0]", "osm_url": "https://www.openstreetmap.org/way/911536366", "josm_url": "http://127.0.0.1:8111/load_object?new_layer=false&objects=w911536366", "id_url": "https://www.openstreetmap.org/edit?editor=id&way=911536366#map=20/59.9245354/10.8269296"}}, {"type": "Feature", "geometry": {"type": "Point", "coordinates": [10.8262728, 59.9243884]}, "properties": {"id": 911536367, "feat_type": "way", "quality_categories": "missing_tags, older_than_five_years", "issue_ids": "[67, 0]", "osm_url": "https://www.openstreetmap.org/way/911536367", "josm_url": "http://127.0.0.1:8111/load_object?new_layer=false&objects=w911536367", "id_url": "https://www.openstreetmap.org/edit?editor=id&way=911536367#map=20/59.9243884/10.8262728"}}, {"type": "Feature", "geometry": {"type": "Point", "coordinates": [10.8263086, 59.9244496]}, "properties": {"id": 911536369, "feat_type": "way", "quality_categories": "missing_tags, older_than_five_years", "issue_ids": "[67, 0]", "osm_url": "https://www.openstreetmap.org/way/911536369", "josm_url": "http://127.0.0.1:8111/load_object?new_layer=false&objects=w911536369", "id_url": "https://www.openstreetmap.org/edit?editor=id&way=911536369#map=20/59.9244496/10.8263086"}}, {"type": "Feature", "geometry": {"type": "Point", "coordinates": [10.8263322, 59.9244901]}, "properties": {"id": 911536370, "feat_type": "way", "quality_categories": "missing_tags, older_than_five_years", "issue_ids": "[67, 0]", "osm_url": "https://www.openstreetmap.org/way/911536370", "josm_url": "http://127.0.0.1:8111/load_object?new_layer=false&objects=w911536370", "id_url": "https://www.openstreetmap.org/edit?editor=id&way=911536370#map=20/59.9244901/10.8263322"}}, {"type": "Feature", "geometry": {"type": "Point", "coordinates": [10.8421881, 59.9249909]}, "properties": {"id": 911883013, "feat_type": "way", "quality_categories": "missing_tags", "issue_ids": "[0]", "osm_url": "https://www.openstreetmap.org/way/911883013", "josm_url": "http://127.0.0.1:8111/load_object?new_layer=false&objects=w911883013", "id_url": "https://www.openstreetmap.org/edit?editor=id&way=911883013#map=20/59.9249909/10.8421881"}}, {"type": "Feature", "geometry": {"type": "Point", "coordinates": [10.8448276, 59.9256915]}, "properties": {"id": 911883016, "feat_type": "way", "quality_categories": "missing_tags", "issue_ids": "[0]", "osm_url": "https://www.openstreetmap.org/way/911883016", "josm_url": "http://127.0.0.1:8111/load_object?new_layer=false&objects=w911883016", "id_url": "https://www.openstreetmap.org/edit?editor=id&way=911883016#map=20/59.9256915/10.8448276"}}, {"type": "Feature", "geometry": {"type": "Point", "coordinates": [10.8489412, 59.927173]}, "properties": {"id": 911996830, "feat_type": "way", "quality_categories": "missing_tags, older_than_five_years", "issue_ids": "[126, 0]", "osm_url": "https://www.openstreetmap.org/way/911996830", "josm_url": "http://127.0.0.1:8111/load_object?new_layer=false&objects=w911996830", "id_url": "https://www.openstreetmap.org/edit?editor=id&way=911996830#map=20/59.927173/10.8489412"}}, {"type": "Feature", "geometry": {"type": "Point", "coordinates": [10.6572574, 59.9525816]}, "properties": {"id": 922712896, "feat_type": "way", "quality_categories": "missing_tags, older_than_five_years", "issue_ids": "[100, 0]", "osm_url": "https://www.openstreetmap.org/way/922712896", "josm_url": "http://127.0.0.1:8111/load_object?new_layer=false&objects=w922712896", "id_url": "https://www.openstreetmap.org/edit?editor=id&way=922712896#map=20/59.9525816/10.6572574"}}, {"type": "Feature", "geometry": {"type": "Point", "coordinates": [10.7142117, 59.9196966]}, "properties": {"id": 926848670, "feat_type": "way", "quality_categories": "missing_tags, older_than_five_years", "issue_ids": "[144, 0]", "osm_url": "https://www.openstreetmap.org/way/926848670", "josm_url": "http://127.0.0.1:8111/load_object?new_layer=false&objects=w926848670", "id_url": "https://www.openstreetmap.org/edit?editor=id&way=926848670#map=20/59.9196966/10.7142117"}}, {"type": "Feature", "geometry": {"type": "Point", "coordinates": [10.6813993, 59.9356799]}, "properties": {"id": 940925112, "feat_type": "way", "quality_categories": "missing_tags, older_than_five_years", "issue_ids": "[145, 0]", "osm_url": "https://www.openstreetmap.org/way/940925112", "josm_url": "http://127.0.0.1:8111/load_object?new_layer=false&objects=w940925112", "id_url": "https://www.openstreetmap.org/edit?editor=id&way=940925112#map=20/59.9356799/10.6813993"}}, {"type": "Feature", "geometry": {"type": "Point", "coordinates": [10.7150016, 59.9190731]}, "properties": {"id": 957684774, "feat_type": "way", "quality_categories": "missing_tags", "issue_ids": "[0]", "osm_url": "https://www.openstreetmap.org/way/957684774", "josm_url": "http://127.0.0.1:8111/load_object?new_layer=false&objects=w957684774", "id_url": "https://www.openstreetmap.org/edit?editor=id&way=957684774#map=20/59.9190731/10.7150016"}}, {"type": "Feature", "geometry": {"type": "Point", "coordinates": [10.7142654, 59.9204634]}, "properties": {"id": 957684775, "feat_type": "way", "quality_categories": "missing_tags, older_than_five_years", "issue_ids": "[144, 0]", "osm_url": "https://www.openstreetmap.org/way/957684775", "josm_url": "http://127.0.0.1:8111/load_object?new_layer=false&objects=w957684775", "id_url": "https://www.openstreetmap.org/edit?editor=id&way=957684775#map=20/59.9204634/10.7142654"}}, {"type": "Feature", "geometry": {"type": "Point", "coordinates": [10.8489801, 59.9436005]}, "properties": {"id": 957839216, "feat_type": "way", "quality_categories": "missing_tags", "issue_ids": "[0]", "osm_url": "https://www.openstreetmap.org/way/957839216", "josm_url": "http://127.0.0.1:8111/load_object?new_layer=false&objects=w957839216", "id_url": "https://www.openstreetmap.org/edit?editor=id&way=957839216#map=20/59.9436005/10.8489801"}}, {"type": "Feature", "geometry": {"type": "Point", "coordinates": [10.7199731, 59.9208461]}, "properties": {"id": 987231954, "feat_type": "way", "quality_categories": "missing_tags", "issue_ids": "[0]", "osm_url": "https://www.openstreetmap.org/way/987231954", "josm_url": "http://127.0.0.1:8111/load_object?new_layer=false&objects=w987231954", "id_url": "https://www.openstreetmap.org/edit?editor=id&way=987231954#map=20/59.9208461/10.7199731"}}, {"type": "Feature", "geometry": {"type": "Point", "coordinates": [10.7953762, 59.9270294]}, "properties": {"id": 990676940, "feat_type": "way", "quality_categories": "missing_tags", "issue_ids": "[0]", "osm_url": "https://www.openstreetmap.org/way/990676940", "josm_url": "http://127.0.0.1:8111/load_object?new_layer=false&objects=w990676940", "id_url": "https://www.openstreetmap.org/edit?editor=id&way=990676940#map=20/59.9270294/10.7953762"}}, {"type": "Feature", "geometry": {"type": "Point", "coordinates": [10.6428139, 59.9212521]}, "properties": {"id": 1016545294, "feat_type": "way", "quality_categories": "missing_tags", "issue_ids": "[0]", "osm_url": "https://www.openstreetmap.org/way/1016545294", "josm_url": "http://127.0.0.1:8111/load_object?new_layer=false&objects=w1016545294", "id_url": "https://www.openstreetmap.org/edit?editor=id&way=1016545294#map=20/59.9212521/10.6428139"}}, {"type": "Feature", "geometry": {"type": "Point", "coordinates": [10.64393, 59.9207754]}, "properties": {"id": 1016545298, "feat_type": "way", "quality_categories": "missing_tags", "issue_ids": "[0]", "osm_url": "https://www.openstreetmap.org/way/1016545298", "josm_url": "http://127.0.0.1:8111/load_object?new_layer=false&objects=w1016545298", "id_url": "https://www.openstreetmap.org/edit?editor=id&way=1016545298#map=20/59.9207754/10.64393"}}, {"type": "Feature", "geometry": {"type": "Point", "coordinates": [10.7903812, 59.9305937]}, "properties": {"id": 1020971176, "feat_type": "way", "quality_categories": "missing_tags", "issue_ids": "[0]", "osm_url": "https://www.openstreetmap.org/way/1020971176", "josm_url": "http://127.0.0.1:8111/load_object?new_layer=false&objects=w1020971176", "id_url": "https://www.openstreetmap.org/edit?editor=id&way=1020971176#map=20/59.9305937/10.7903812"}}, {"type": "Feature", "geometry": {"type": "Point", "coordinates": [10.7799648, 59.9336632]}, "properties": {"id": 1021110759, "feat_type": "way", "quality_categories": "missing_tags", "issue_ids": "[0]", "osm_url": "https://www.openstreetmap.org/way/1021110759", "josm_url": "http://127.0.0.1:8111/load_object?new_layer=false&objects=w1021110759", "id_url": "https://www.openstreetmap.org/edit?editor=id&way=1021110759#map=20/59.9336632/10.7799648"}}, {"type": "Feature", "geometry": {"type": "Point", "coordinates": [10.8268788, 59.9343037]}, "properties": {"id": 1021878526, "feat_type": "way", "quality_categories": "missing_tags", "issue_ids": "[0]", "osm_url": "https://www.openstreetmap.org/way/1021878526", "josm_url": "http://127.0.0.1:8111/load_object?new_layer=false&objects=w1021878526", "id_url": "https://www.openstreetmap.org/edit?editor=id&way=1021878526#map=20/59.9343037/10.8268788"}}, {"type": "Feature", "geometry": {"type": "Point", "coordinates": [10.8450126, 59.9463285]}, "properties": {"id": 1023095221, "feat_type": "way", "quality_categories": "missing_tags", "issue_ids": "[0]", "osm_url": "https://www.openstreetmap.org/way/1023095221", "josm_url": "http://127.0.0.1:8111/load_object?new_layer=false&objects=w1023095221", "id_url": "https://www.openstreetmap.org/edit?editor=id&way=1023095221#map=20/59.9463285/10.8450126"}}, {"type": "Feature", "geometry": {"type": "Point", "coordinates": [10.8747616, 59.9313021]}, "properties": {"id": 1028641569, "feat_type": "way", "quality_categories": "missing_tags", "issue_ids": "[0]", "osm_url": "https://www.openstreetmap.org/way/1028641569", "josm_url": "http://127.0.0.1:8111/load_object?new_layer=false&objects=w1028641569", "id_url": "https://www.openstreetmap.org/edit?editor=id&way=1028641569#map=20/59.9313021/10.8747616"}}, {"type": "Feature", "geometry": {"type": "Point", "coordinates": [10.875634, 59.9310966]}, "properties": {"id": 1028641578, "feat_type": "way", "quality_categories": "missing_tags", "issue_ids": "[0]", "osm_url": "https://www.openstreetmap.org/way/1028641578", "josm_url": "http://127.0.0.1:8111/load_object?new_layer=false&objects=w1028641578", "id_url": "https://www.openstreetmap.org/edit?editor=id&way=1028641578#map=20/59.9310966/10.875634"}}, {"type": "Feature", "geometry": {"type": "Point", "coordinates": [10.849679, 59.8977799]}, "properties": {"id": 1038243824, "feat_type": "way", "quality_categories": "missing_tags", "issue_ids": "[0]", "osm_url": "https://www.openstreetmap.org/way/1038243824", "josm_url": "http://127.0.0.1:8111/load_object?new_layer=false&objects=w1038243824", "id_url": "https://www.openstreetmap.org/edit?editor=id&way=1038243824#map=20/59.8977799/10.849679"}}, {"type": "Feature", "geometry": {"type": "Point", "coordinates": [10.8319722, 59.8636731]}, "properties": {"id": 1039621753, "feat_type": "way", "quality_categories": "missing_tags", "issue_ids": "[0]", "osm_url": "https://www.openstreetmap.org/way/1039621753", "josm_url": "http://127.0.0.1:8111/load_object?new_layer=false&objects=w1039621753", "id_url": "https://www.openstreetmap.org/edit?editor=id&way=1039621753#map=20/59.8636731/10.8319722"}}, {"type": "Feature", "geometry": {"type": "Point", "coordinates": [10.7236755, 59.9457948]}, "properties": {"id": 1055397247, "feat_type": "way", "quality_categories": "missing_tags", "issue_ids": "[0]", "osm_url": "https://www.openstreetmap.org/way/1055397247", "josm_url": "http://127.0.0.1:8111/load_object?new_layer=false&objects=w1055397247", "id_url": "https://www.openstreetmap.org/edit?editor=id&way=1055397247#map=20/59.9457948/10.7236755"}}, {"type": "Feature", "geometry": {"type": "Point", "coordinates": [10.7380039, 59.9171306]}, "properties": {"id": 1058284812, "feat_type": "way", "quality_categories": "missing_tags, uncanny_keys", "issue_ids": "[146, 0]", "osm_url": "https://www.openstreetmap.org/way/1058284812", "josm_url": "http://127.0.0.1:8111/load_object?new_layer=false&objects=w1058284812", "id_url": "https://www.openstreetmap.org/edit?editor=id&way=1058284812#map=20/59.9171306/10.7380039"}}, {"type": "Feature", "geometry": {"type": "Point", "coordinates": [10.7381375, 59.9172143]}, "properties": {"id": 1058388859, "feat_type": "way", "quality_categories": "missing_tags", "issue_ids": "[0]", "osm_url": "https://www.openstreetmap.org/way/1058388859", "josm_url": "http://127.0.0.1:8111/load_object?new_layer=false&objects=w1058388859", "id_url": "https://www.openstreetmap.org/edit?editor=id&way=1058388859#map=20/59.9172143/10.7381375"}}, {"type": "Feature", "geometry": {"type": "Point", "coordinates": [10.733535724119358, 59.91371565]}, "properties": {"id": 1062352496, "feat_type": "way", "quality_categories": "improper_geometries, missing_tags", "issue_ids": "[0, 1]", "osm_url": "https://www.openstreetmap.org/way/1062352496", "josm_url": "http://127.0.0.1:8111/load_object?new_layer=false&objects=w1062352496", "id_url": "https://www.openstreetmap.org/edit?editor=id&way=1062352496#map=20/59.91371565/10.733535724119358"}}, {"type": "Feature", "geometry": {"type": "Point", "coordinates": [10.731400477745217, 59.914352199999996]}, "properties": {"id": 1062360195, "feat_type": "way", "quality_categories": "improper_geometries, missing_tags", "issue_ids": "[0, 1]", "osm_url": "https://www.openstreetmap.org/way/1062360195", "josm_url": "http://127.0.0.1:8111/load_object?new_layer=false&objects=w1062360195", "id_url": "https://www.openstreetmap.org/edit?editor=id&way=1062360195#map=20/59.914352199999996/10.731400477745217"}}, {"type": "Feature", "geometry": {"type": "Point", "coordinates": [10.730537621717662, 59.914529599999995]}, "properties": {"id": 1062360200, "feat_type": "way", "quality_categories": "improper_geometries, missing_tags", "issue_ids": "[0, 1]", "osm_url": "https://www.openstreetmap.org/way/1062360200", "josm_url": "http://127.0.0.1:8111/load_object?new_layer=false&objects=w1062360200", "id_url": "https://www.openstreetmap.org/edit?editor=id&way=1062360200#map=20/59.914529599999995/10.730537621717662"}}, {"type": "Feature", "geometry": {"type": "Point", "coordinates": [10.8974238, 59.9412678]}, "properties": {"id": 1062628767, "feat_type": "way", "quality_categories": "missing_tags", "issue_ids": "[0]", "osm_url": "https://www.openstreetmap.org/way/1062628767", "josm_url": "http://127.0.0.1:8111/load_object?new_layer=false&objects=w1062628767", "id_url": "https://www.openstreetmap.org/edit?editor=id&way=1062628767#map=20/59.9412678/10.8974238"}}, {"type": "Feature", "geometry": {"type": "Point", "coordinates": [10.897172, 59.9412676]}, "properties": {"id": 1062628768, "feat_type": "way", "quality_categories": "missing_tags", "issue_ids": "[0]", "osm_url": "https://www.openstreetmap.org/way/1062628768", "josm_url": "http://127.0.0.1:8111/load_object?new_layer=false&objects=w1062628768", "id_url": "https://www.openstreetmap.org/edit?editor=id&way=1062628768#map=20/59.9412676/10.897172"}}, {"type": "Feature", "geometry": {"type": "Point", "coordinates": [10.897172, 59.9411638]}, "properties": {"id": 1062628769, "feat_type": "way", "quality_categories": "missing_tags", "issue_ids": "[0]", "osm_url": "https://www.openstreetmap.org/way/1062628769", "josm_url": "http://127.0.0.1:8111/load_object?new_layer=false&objects=w1062628769", "id_url": "https://www.openstreetmap.org/edit?editor=id&way=1062628769#map=20/59.9411638/10.897172"}}, {"type": "Feature", "geometry": {"type": "Point", "coordinates": [10.897172, 59.9411638]}, "properties": {"id": 1062628770, "feat_type": "way", "quality_categories": "missing_tags", "issue_ids": "[0]", "osm_url": "https://www.openstreetmap.org/way/1062628770", "josm_url": "http://127.0.0.1:8111/load_object?new_layer=false&objects=w1062628770", "id_url": "https://www.openstreetmap.org/edit?editor=id&way=1062628770#map=20/59.9411638/10.897172"}}, {"type": "Feature", "geometry": {"type": "Point", "coordinates": [10.736383389120965, 59.913124550000006]}, "properties": {"id": 1062638224, "feat_type": "way", "quality_categories": "improper_geometries, missing_tags", "issue_ids": "[0, 1]", "osm_url": "https://www.openstreetmap.org/way/1062638224", "josm_url": "http://127.0.0.1:8111/load_object?new_layer=false&objects=w1062638224", "id_url": "https://www.openstreetmap.org/edit?editor=id&way=1062638224#map=20/59.913124550000006/10.736383389120965"}}, {"type": "Feature", "geometry": {"type": "Point", "coordinates": [10.6529738, 59.9354582]}, "properties": {"id": 1084070820, "feat_type": "way", "quality_categories": "missing_tags", "issue_ids": "[0]", "osm_url": "https://www.openstreetmap.org/way/1084070820", "josm_url": "http://127.0.0.1:8111/load_object?new_layer=false&objects=w1084070820", "id_url": "https://www.openstreetmap.org/edit?editor=id&way=1084070820#map=20/59.9354582/10.6529738"}}, {"type": "Feature", "geometry": {"type": "Point", "coordinates": [10.7718654, 59.8816153]}, "properties": {"id": 1084374633, "feat_type": "way", "quality_categories": "missing_tags", "issue_ids": "[0]", "osm_url": "https://www.openstreetmap.org/way/1084374633", "josm_url": "http://127.0.0.1:8111/load_object?new_layer=false&objects=w1084374633", "id_url": "https://www.openstreetmap.org/edit?editor=id&way=1084374633#map=20/59.8816153/10.7718654"}}, {"type": "Feature", "geometry": {"type": "Point", "coordinates": [10.8269581, 59.9345364]}, "properties": {"id": 1091609767, "feat_type": "way", "quality_categories": "missing_tags", "issue_ids": "[0]", "osm_url": "https://www.openstreetmap.org/way/1091609767", "josm_url": "http://127.0.0.1:8111/load_object?new_layer=false&objects=w1091609767", "id_url": "https://www.openstreetmap.org/edit?editor=id&way=1091609767#map=20/59.9345364/10.8269581"}}, {"type": "Feature", "geometry": {"type": "Point", "coordinates": [10.8657202, 59.9601238]}, "properties": {"id": 1095256886, "feat_type": "way", "quality_categories": "missing_tags", "issue_ids": "[0]", "osm_url": "https://www.openstreetmap.org/way/1095256886", "josm_url": "http://127.0.0.1:8111/load_object?new_layer=false&objects=w1095256886", "id_url": "https://www.openstreetmap.org/edit?editor=id&way=1095256886#map=20/59.9601238/10.8657202"}}, {"type": "Feature", "geometry": {"type": "Point", "coordinates": [10.8655267, 59.9601334]}, "properties": {"id": 1095256888, "feat_type": "way", "quality_categories": "missing_tags", "issue_ids": "[0]", "osm_url": "https://www.openstreetmap.org/way/1095256888", "josm_url": "http://127.0.0.1:8111/load_object?new_layer=false&objects=w1095256888", "id_url": "https://www.openstreetmap.org/edit?editor=id&way=1095256888#map=20/59.9601334/10.8655267"}}, {"type": "Feature", "geometry": {"type": "Point", "coordinates": [10.8539952, 59.9501831]}, "properties": {"id": 1101669456, "feat_type": "way", "quality_categories": "missing_tags", "issue_ids": "[0]", "osm_url": "https://www.openstreetmap.org/way/1101669456", "josm_url": "http://127.0.0.1:8111/load_object?new_layer=false&objects=w1101669456", "id_url": "https://www.openstreetmap.org/edit?editor=id&way=1101669456#map=20/59.9501831/10.8539952"}}, {"type": "Feature", "geometry": {"type": "Point", "coordinates": [10.8514297, 59.9506781]}, "properties": {"id": 1101696778, "feat_type": "way", "quality_categories": "missing_tags", "issue_ids": "[0]", "osm_url": "https://www.openstreetmap.org/way/1101696778", "josm_url": "http://127.0.0.1:8111/load_object?new_layer=false&objects=w1101696778", "id_url": "https://www.openstreetmap.org/edit?editor=id&way=1101696778#map=20/59.9506781/10.8514297"}}, {"type": "Feature", "geometry": {"type": "Point", "coordinates": [10.8595705, 59.9522332]}, "properties": {"id": 1101696781, "feat_type": "way", "quality_categories": "missing_tags", "issue_ids": "[0]", "osm_url": "https://www.openstreetmap.org/way/1101696781", "josm_url": "http://127.0.0.1:8111/load_object?new_layer=false&objects=w1101696781", "id_url": "https://www.openstreetmap.org/edit?editor=id&way=1101696781#map=20/59.9522332/10.8595705"}}, {"type": "Feature", "geometry": {"type": "Point", "coordinates": [10.8609136, 59.9534226]}, "properties": {"id": 1101696789, "feat_type": "way", "quality_categories": "missing_tags", "issue_ids": "[0]", "osm_url": "https://www.openstreetmap.org/way/1101696789", "josm_url": "http://127.0.0.1:8111/load_object?new_layer=false&objects=w1101696789", "id_url": "https://www.openstreetmap.org/edit?editor=id&way=1101696789#map=20/59.9534226/10.8609136"}}, {"type": "Feature", "geometry": {"type": "Point", "coordinates": [10.858338, 59.9533053]}, "properties": {"id": 1101696792, "feat_type": "way", "quality_categories": "missing_tags", "issue_ids": "[0]", "osm_url": "https://www.openstreetmap.org/way/1101696792", "josm_url": "http://127.0.0.1:8111/load_object?new_layer=false&objects=w1101696792", "id_url": "https://www.openstreetmap.org/edit?editor=id&way=1101696792#map=20/59.9533053/10.858338"}}, {"type": "Feature", "geometry": {"type": "Point", "coordinates": [10.8586924, 59.9534009]}, "properties": {"id": 1101696801, "feat_type": "way", "quality_categories": "missing_tags", "issue_ids": "[0]", "osm_url": "https://www.openstreetmap.org/way/1101696801", "josm_url": "http://127.0.0.1:8111/load_object?new_layer=false&objects=w1101696801", "id_url": "https://www.openstreetmap.org/edit?editor=id&way=1101696801#map=20/59.9534009/10.8586924"}}, {"type": "Feature", "geometry": {"type": "Point", "coordinates": [10.8574203, 59.9551786]}, "properties": {"id": 1101696803, "feat_type": "way", "quality_categories": "missing_tags", "issue_ids": "[0]", "osm_url": "https://www.openstreetmap.org/way/1101696803", "josm_url": "http://127.0.0.1:8111/load_object?new_layer=false&objects=w1101696803", "id_url": "https://www.openstreetmap.org/edit?editor=id&way=1101696803#map=20/59.9551786/10.8574203"}}, {"type": "Feature", "geometry": {"type": "Point", "coordinates": [10.6556717, 59.9460312]}, "properties": {"id": 1104609059, "feat_type": "way", "quality_categories": "missing_tags", "issue_ids": "[0]", "osm_url": "https://www.openstreetmap.org/way/1104609059", "josm_url": "http://127.0.0.1:8111/load_object?new_layer=false&objects=w1104609059", "id_url": "https://www.openstreetmap.org/edit?editor=id&way=1104609059#map=20/59.9460312/10.6556717"}}, {"type": "Feature", "geometry": {"type": "Point", "coordinates": [10.6555879, 59.9461776]}, "properties": {"id": 1104609060, "feat_type": "way", "quality_categories": "missing_tags", "issue_ids": "[0]", "osm_url": "https://www.openstreetmap.org/way/1104609060", "josm_url": "http://127.0.0.1:8111/load_object?new_layer=false&objects=w1104609060", "id_url": "https://www.openstreetmap.org/edit?editor=id&way=1104609060#map=20/59.9461776/10.6555879"}}, {"type": "Feature", "geometry": {"type": "Point", "coordinates": [10.6870514, 59.939355]}, "properties": {"id": 1105509246, "feat_type": "way", "quality_categories": "missing_tags", "issue_ids": "[0]", "osm_url": "https://www.openstreetmap.org/way/1105509246", "josm_url": "http://127.0.0.1:8111/load_object?new_layer=false&objects=w1105509246", "id_url": "https://www.openstreetmap.org/edit?editor=id&way=1105509246#map=20/59.939355/10.6870514"}}, {"type": "Feature", "geometry": {"type": "Point", "coordinates": [10.7209798, 59.9142359]}, "properties": {"id": 1105542068, "feat_type": "way", "quality_categories": "missing_tags", "issue_ids": "[0]", "osm_url": "https://www.openstreetmap.org/way/1105542068", "josm_url": "http://127.0.0.1:8111/load_object?new_layer=false&objects=w1105542068", "id_url": "https://www.openstreetmap.org/edit?editor=id&way=1105542068#map=20/59.9142359/10.7209798"}}, {"type": "Feature", "geometry": {"type": "Point", "coordinates": [10.6973503, 59.9536818]}, "properties": {"id": 1105645754, "feat_type": "way", "quality_categories": "missing_tags", "issue_ids": "[0]", "osm_url": "https://www.openstreetmap.org/way/1105645754", "josm_url": "http://127.0.0.1:8111/load_object?new_layer=false&objects=w1105645754", "id_url": "https://www.openstreetmap.org/edit?editor=id&way=1105645754#map=20/59.9536818/10.6973503"}}, {"type": "Feature", "geometry": {"type": "Point", "coordinates": [10.6975567, 59.9537747]}, "properties": {"id": 1105645755, "feat_type": "way", "quality_categories": "missing_tags", "issue_ids": "[0]", "osm_url": "https://www.openstreetmap.org/way/1105645755", "josm_url": "http://127.0.0.1:8111/load_object?new_layer=false&objects=w1105645755", "id_url": "https://www.openstreetmap.org/edit?editor=id&way=1105645755#map=20/59.9537747/10.6975567"}}, {"type": "Feature", "geometry": {"type": "Point", "coordinates": [10.6983392, 59.9540815]}, "properties": {"id": 1105645759, "feat_type": "way", "quality_categories": "missing_tags", "issue_ids": "[0]", "osm_url": "https://www.openstreetmap.org/way/1105645759", "josm_url": "http://127.0.0.1:8111/load_object?new_layer=false&objects=w1105645759", "id_url": "https://www.openstreetmap.org/edit?editor=id&way=1105645759#map=20/59.9540815/10.6983392"}}, {"type": "Feature", "geometry": {"type": "Point", "coordinates": [10.6938273, 59.9505081]}, "properties": {"id": 1105672144, "feat_type": "way", "quality_categories": "missing_tags", "issue_ids": "[0]", "osm_url": "https://www.openstreetmap.org/way/1105672144", "josm_url": "http://127.0.0.1:8111/load_object?new_layer=false&objects=w1105672144", "id_url": "https://www.openstreetmap.org/edit?editor=id&way=1105672144#map=20/59.9505081/10.6938273"}}, {"type": "Feature", "geometry": {"type": "Point", "coordinates": [10.6932299, 59.9506449]}, "properties": {"id": 1105672146, "feat_type": "way", "quality_categories": "missing_tags", "issue_ids": "[0]", "osm_url": "https://www.openstreetmap.org/way/1105672146", "josm_url": "http://127.0.0.1:8111/load_object?new_layer=false&objects=w1105672146", "id_url": "https://www.openstreetmap.org/edit?editor=id&way=1105672146#map=20/59.9506449/10.6932299"}}, {"type": "Feature", "geometry": {"type": "Point", "coordinates": [10.6763896, 59.9515255]}, "properties": {"id": 1105919244, "feat_type": "way", "quality_categories": "missing_tags", "issue_ids": "[0]", "osm_url": "https://www.openstreetmap.org/way/1105919244", "josm_url": "http://127.0.0.1:8111/load_object?new_layer=false&objects=w1105919244", "id_url": "https://www.openstreetmap.org/edit?editor=id&way=1105919244#map=20/59.9515255/10.6763896"}}, {"type": "Feature", "geometry": {"type": "Point", "coordinates": [10.676345, 59.9514669]}, "properties": {"id": 1105919245, "feat_type": "way", "quality_categories": "missing_tags", "issue_ids": "[0]", "osm_url": "https://www.openstreetmap.org/way/1105919245", "josm_url": "http://127.0.0.1:8111/load_object?new_layer=false&objects=w1105919245", "id_url": "https://www.openstreetmap.org/edit?editor=id&way=1105919245#map=20/59.9514669/10.676345"}}, {"type": "Feature", "geometry": {"type": "Point", "coordinates": [10.6799977, 59.9512078]}, "properties": {"id": 1105919252, "feat_type": "way", "quality_categories": "missing_tags", "issue_ids": "[0]", "osm_url": "https://www.openstreetmap.org/way/1105919252", "josm_url": "http://127.0.0.1:8111/load_object?new_layer=false&objects=w1105919252", "id_url": "https://www.openstreetmap.org/edit?editor=id&way=1105919252#map=20/59.9512078/10.6799977"}}, {"type": "Feature", "geometry": {"type": "Point", "coordinates": [10.6792126, 59.953009]}, "properties": {"id": 1105919253, "feat_type": "way", "quality_categories": "missing_tags", "issue_ids": "[0]", "osm_url": "https://www.openstreetmap.org/way/1105919253", "josm_url": "http://127.0.0.1:8111/load_object?new_layer=false&objects=w1105919253", "id_url": "https://www.openstreetmap.org/edit?editor=id&way=1105919253#map=20/59.953009/10.6792126"}}, {"type": "Feature", "geometry": {"type": "Point", "coordinates": [10.6736588, 59.9525994]}, "properties": {"id": 1105919279, "feat_type": "way", "quality_categories": "missing_tags", "issue_ids": "[0]", "osm_url": "https://www.openstreetmap.org/way/1105919279", "josm_url": "http://127.0.0.1:8111/load_object?new_layer=false&objects=w1105919279", "id_url": "https://www.openstreetmap.org/edit?editor=id&way=1105919279#map=20/59.9525994/10.6736588"}}, {"type": "Feature", "geometry": {"type": "Point", "coordinates": [10.6739558, 59.9527189]}, "properties": {"id": 1105919281, "feat_type": "way", "quality_categories": "missing_tags", "issue_ids": "[0]", "osm_url": "https://www.openstreetmap.org/way/1105919281", "josm_url": "http://127.0.0.1:8111/load_object?new_layer=false&objects=w1105919281", "id_url": "https://www.openstreetmap.org/edit?editor=id&way=1105919281#map=20/59.9527189/10.6739558"}}, {"type": "Feature", "geometry": {"type": "Point", "coordinates": [10.6737654, 59.9527214]}, "properties": {"id": 1105919282, "feat_type": "way", "quality_categories": "missing_tags", "issue_ids": "[0]", "osm_url": "https://www.openstreetmap.org/way/1105919282", "josm_url": "http://127.0.0.1:8111/load_object?new_layer=false&objects=w1105919282", "id_url": "https://www.openstreetmap.org/edit?editor=id&way=1105919282#map=20/59.9527214/10.6737654"}}, {"type": "Feature", "geometry": {"type": "Point", "coordinates": [10.6736635, 59.9526688]}, "properties": {"id": 1105919283, "feat_type": "way", "quality_categories": "missing_tags", "issue_ids": "[0]", "osm_url": "https://www.openstreetmap.org/way/1105919283", "josm_url": "http://127.0.0.1:8111/load_object?new_layer=false&objects=w1105919283", "id_url": "https://www.openstreetmap.org/edit?editor=id&way=1105919283#map=20/59.9526688/10.6736635"}}, {"type": "Feature", "geometry": {"type": "Point", "coordinates": [10.6767855, 59.9527194]}, "properties": {"id": 1105925908, "feat_type": "way", "quality_categories": "missing_tags", "issue_ids": "[0]", "osm_url": "https://www.openstreetmap.org/way/1105925908", "josm_url": "http://127.0.0.1:8111/load_object?new_layer=false&objects=w1105925908", "id_url": "https://www.openstreetmap.org/edit?editor=id&way=1105925908#map=20/59.9527194/10.6767855"}}, {"type": "Feature", "geometry": {"type": "Point", "coordinates": [10.676628, 59.9527003]}, "properties": {"id": 1105925936, "feat_type": "way", "quality_categories": "missing_tags", "issue_ids": "[0]", "osm_url": "https://www.openstreetmap.org/way/1105925936", "josm_url": "http://127.0.0.1:8111/load_object?new_layer=false&objects=w1105925936", "id_url": "https://www.openstreetmap.org/edit?editor=id&way=1105925936#map=20/59.9527003/10.676628"}}, {"type": "Feature", "geometry": {"type": "Point", "coordinates": [10.7137393, 59.9437425]}, "properties": {"id": 1106426554, "feat_type": "way", "quality_categories": "missing_tags", "issue_ids": "[0]", "osm_url": "https://www.openstreetmap.org/way/1106426554", "josm_url": "http://127.0.0.1:8111/load_object?new_layer=false&objects=w1106426554", "id_url": "https://www.openstreetmap.org/edit?editor=id&way=1106426554#map=20/59.9437425/10.7137393"}}, {"type": "Feature", "geometry": {"type": "Point", "coordinates": [10.7576632, 59.9165408]}, "properties": {"id": 1126111630, "feat_type": "way", "quality_categories": "missing_tags", "issue_ids": "[0]", "osm_url": "https://www.openstreetmap.org/way/1126111630", "josm_url": "http://127.0.0.1:8111/load_object?new_layer=false&objects=w1126111630", "id_url": "https://www.openstreetmap.org/edit?editor=id&way=1126111630#map=20/59.9165408/10.7576632"}}, {"type": "Feature", "geometry": {"type": "Point", "coordinates": [10.7575418, 59.9165829]}, "properties": {"id": 1126111631, "feat_type": "way", "quality_categories": "missing_tags", "issue_ids": "[0]", "osm_url": "https://www.openstreetmap.org/way/1126111631", "josm_url": "http://127.0.0.1:8111/load_object?new_layer=false&objects=w1126111631", "id_url": "https://www.openstreetmap.org/edit?editor=id&way=1126111631#map=20/59.9165829/10.7575418"}}, {"type": "Feature", "geometry": {"type": "Point", "coordinates": [10.6544692, 59.9492117]}, "properties": {"id": 1137943195, "feat_type": "way", "quality_categories": "missing_tags", "issue_ids": "[0]", "osm_url": "https://www.openstreetmap.org/way/1137943195", "josm_url": "http://127.0.0.1:8111/load_object?new_layer=false&objects=w1137943195", "id_url": "https://www.openstreetmap.org/edit?editor=id&way=1137943195#map=20/59.9492117/10.6544692"}}, {"type": "Feature", "geometry": {"type": "Point", "coordinates": [10.6522846, 59.9488815]}, "properties": {"id": 1137943196, "feat_type": "way", "quality_categories": "missing_tags", "issue_ids": "[0]", "osm_url": "https://www.openstreetmap.org/way/1137943196", "josm_url": "http://127.0.0.1:8111/load_object?new_layer=false&objects=w1137943196", "id_url": "https://www.openstreetmap.org/edit?editor=id&way=1137943196#map=20/59.9488815/10.6522846"}}, {"type": "Feature", "geometry": {"type": "Point", "coordinates": [10.653685, 59.9489839]}, "properties": {"id": 1137943667, "feat_type": "way", "quality_categories": "missing_tags", "issue_ids": "[0]", "osm_url": "https://www.openstreetmap.org/way/1137943667", "josm_url": "http://127.0.0.1:8111/load_object?new_layer=false&objects=w1137943667", "id_url": "https://www.openstreetmap.org/edit?editor=id&way=1137943667#map=20/59.9489839/10.653685"}}, {"type": "Feature", "geometry": {"type": "Point", "coordinates": [10.736186129972811, 59.913534049999996]}, "properties": {"id": 1149899085, "feat_type": "way", "quality_categories": "improper_geometries, missing_tags", "issue_ids": "[0, 1]", "osm_url": "https://www.openstreetmap.org/way/1149899085", "josm_url": "http://127.0.0.1:8111/load_object?new_layer=false&objects=w1149899085", "id_url": "https://www.openstreetmap.org/edit?editor=id&way=1149899085#map=20/59.913534049999996/10.736186129972811"}}, {"type": "Feature", "geometry": {"type": "Point", "coordinates": [10.732009291666662, 59.9148335]}, "properties": {"id": 1149900071, "feat_type": "way", "quality_categories": "improper_geometries, missing_tags", "issue_ids": "[0, 1]", "osm_url": "https://www.openstreetmap.org/way/1149900071", "josm_url": "http://127.0.0.1:8111/load_object?new_layer=false&objects=w1149900071", "id_url": "https://www.openstreetmap.org/edit?editor=id&way=1149900071#map=20/59.9148335/10.732009291666662"}}, {"type": "Feature", "geometry": {"type": "Point", "coordinates": [10.727271268256859, 59.9121763]}, "properties": {"id": 1149908251, "feat_type": "way", "quality_categories": "improper_geometries, missing_tags", "issue_ids": "[0, 1]", "osm_url": "https://www.openstreetmap.org/way/1149908251", "josm_url": "http://127.0.0.1:8111/load_object?new_layer=false&objects=w1149908251", "id_url": "https://www.openstreetmap.org/edit?editor=id&way=1149908251#map=20/59.9121763/10.727271268256859"}}, {"type": "Feature", "geometry": {"type": "Point", "coordinates": [10.73297363473684, 59.9155058]}, "properties": {"id": 1150161345, "feat_type": "way", "quality_categories": "improper_geometries, missing_tags", "issue_ids": "[0, 1]", "osm_url": "https://www.openstreetmap.org/way/1150161345", "josm_url": "http://127.0.0.1:8111/load_object?new_layer=false&objects=w1150161345", "id_url": "https://www.openstreetmap.org/edit?editor=id&way=1150161345#map=20/59.9155058/10.73297363473684"}}, {"type": "Feature", "geometry": {"type": "Point", "coordinates": [10.6482352, 59.9684046]}, "properties": {"id": 1156703361, "feat_type": "way", "quality_categories": "missing_tags", "issue_ids": "[0]", "osm_url": "https://www.openstreetmap.org/way/1156703361", "josm_url": "http://127.0.0.1:8111/load_object?new_layer=false&objects=w1156703361", "id_url": "https://www.openstreetmap.org/edit?editor=id&way=1156703361#map=20/59.9684046/10.6482352"}}, {"type": "Feature", "geometry": {"type": "Point", "coordinates": [10.7151326, 59.9177978]}, "properties": {"id": 1169455869, "feat_type": "way", "quality_categories": "missing_tags", "issue_ids": "[0]", "osm_url": "https://www.openstreetmap.org/way/1169455869", "josm_url": "http://127.0.0.1:8111/load_object?new_layer=false&objects=w1169455869", "id_url": "https://www.openstreetmap.org/edit?editor=id&way=1169455869#map=20/59.9177978/10.7151326"}}, {"type": "Feature", "geometry": {"type": "Point", "coordinates": [10.7142457, 59.9177958]}, "properties": {"id": 1169455871, "feat_type": "way", "quality_categories": "missing_tags", "issue_ids": "[0]", "osm_url": "https://www.openstreetmap.org/way/1169455871", "josm_url": "http://127.0.0.1:8111/load_object?new_layer=false&objects=w1169455871", "id_url": "https://www.openstreetmap.org/edit?editor=id&way=1169455871#map=20/59.9177958/10.7142457"}}, {"type": "Feature", "geometry": {"type": "Point", "coordinates": [10.8154695, 59.9267541]}, "properties": {"id": 1171258944, "feat_type": "way", "quality_categories": "missing_tags", "issue_ids": "[0]", "osm_url": "https://www.openstreetmap.org/way/1171258944", "josm_url": "http://127.0.0.1:8111/load_object?new_layer=false&objects=w1171258944", "id_url": "https://www.openstreetmap.org/edit?editor=id&way=1171258944#map=20/59.9267541/10.8154695"}}, {"type": "Feature", "geometry": {"type": "Point", "coordinates": [10.8157777, 59.9270509]}, "properties": {"id": 1171258946, "feat_type": "way", "quality_categories": "missing_tags", "issue_ids": "[0]", "osm_url": "https://www.openstreetmap.org/way/1171258946", "josm_url": "http://127.0.0.1:8111/load_object?new_layer=false&objects=w1171258946", "id_url": "https://www.openstreetmap.org/edit?editor=id&way=1171258946#map=20/59.9270509/10.8157777"}}, {"type": "Feature", "geometry": {"type": "Point", "coordinates": [10.8124782, 59.9265552]}, "properties": {"id": 1171258947, "feat_type": "way", "quality_categories": "missing_tags", "issue_ids": "[0]", "osm_url": "https://www.openstreetmap.org/way/1171258947", "josm_url": "http://127.0.0.1:8111/load_object?new_layer=false&objects=w1171258947", "id_url": "https://www.openstreetmap.org/edit?editor=id&way=1171258947#map=20/59.9265552/10.8124782"}}, {"type": "Feature", "geometry": {"type": "Point", "coordinates": [10.7823714, 59.9130915]}, "properties": {"id": 1184403725, "feat_type": "way", "quality_categories": "missing_tags", "issue_ids": "[0]", "osm_url": "https://www.openstreetmap.org/way/1184403725", "josm_url": "http://127.0.0.1:8111/load_object?new_layer=false&objects=w1184403725", "id_url": "https://www.openstreetmap.org/edit?editor=id&way=1184403725#map=20/59.9130915/10.7823714"}}, {"type": "Feature", "geometry": {"type": "Point", "coordinates": [10.825762, 59.8957826]}, "properties": {"id": 1185516189, "feat_type": "way", "quality_categories": "missing_tags", "issue_ids": "[0]", "osm_url": "https://www.openstreetmap.org/way/1185516189", "josm_url": "http://127.0.0.1:8111/load_object?new_layer=false&objects=w1185516189", "id_url": "https://www.openstreetmap.org/edit?editor=id&way=1185516189#map=20/59.8957826/10.825762"}}, {"type": "Feature", "geometry": {"type": "Point", "coordinates": [10.8154451, 59.8888409]}, "properties": {"id": 1191543872, "feat_type": "way", "quality_categories": "missing_tags", "issue_ids": "[0]", "osm_url": "https://www.openstreetmap.org/way/1191543872", "josm_url": "http://127.0.0.1:8111/load_object?new_layer=false&objects=w1191543872", "id_url": "https://www.openstreetmap.org/edit?editor=id&way=1191543872#map=20/59.8888409/10.8154451"}}, {"type": "Feature", "geometry": {"type": "Point", "coordinates": [10.7598143, 59.9061135]}, "properties": {"id": 1191655022, "feat_type": "way", "quality_categories": "missing_tags", "issue_ids": "[0]", "osm_url": "https://www.openstreetmap.org/way/1191655022", "josm_url": "http://127.0.0.1:8111/load_object?new_layer=false&objects=w1191655022", "id_url": "https://www.openstreetmap.org/edit?editor=id&way=1191655022#map=20/59.9061135/10.7598143"}}, {"type": "Feature", "geometry": {"type": "Point", "coordinates": [10.7595624, 59.9061563]}, "properties": {"id": 1191655023, "feat_type": "way", "quality_categories": "missing_tags", "issue_ids": "[0]", "osm_url": "https://www.openstreetmap.org/way/1191655023", "josm_url": "http://127.0.0.1:8111/load_object?new_layer=false&objects=w1191655023", "id_url": "https://www.openstreetmap.org/edit?editor=id&way=1191655023#map=20/59.9061563/10.7595624"}}, {"type": "Feature", "geometry": {"type": "Point", "coordinates": [10.8494014, 59.8968888]}, "properties": {"id": 1193548995, "feat_type": "way", "quality_categories": "missing_tags", "issue_ids": "[0]", "osm_url": "https://www.openstreetmap.org/way/1193548995", "josm_url": "http://127.0.0.1:8111/load_object?new_layer=false&objects=w1193548995", "id_url": "https://www.openstreetmap.org/edit?editor=id&way=1193548995#map=20/59.8968888/10.8494014"}}, {"type": "Feature", "geometry": {"type": "Point", "coordinates": [10.851467, 59.8970925]}, "properties": {"id": 1193549807, "feat_type": "way", "quality_categories": "missing_tags", "issue_ids": "[0]", "osm_url": "https://www.openstreetmap.org/way/1193549807", "josm_url": "http://127.0.0.1:8111/load_object?new_layer=false&objects=w1193549807", "id_url": "https://www.openstreetmap.org/edit?editor=id&way=1193549807#map=20/59.8970925/10.851467"}}, {"type": "Feature", "geometry": {"type": "Point", "coordinates": [10.8470766, 59.8949373]}, "properties": {"id": 1193705479, "feat_type": "way", "quality_categories": "missing_tags", "issue_ids": "[0]", "osm_url": "https://www.openstreetmap.org/way/1193705479", "josm_url": "http://127.0.0.1:8111/load_object?new_layer=false&objects=w1193705479", "id_url": "https://www.openstreetmap.org/edit?editor=id&way=1193705479#map=20/59.8949373/10.8470766"}}, {"type": "Feature", "geometry": {"type": "Point", "coordinates": [10.8467252, 59.8956746]}, "properties": {"id": 1193745990, "feat_type": "way", "quality_categories": "missing_tags", "issue_ids": "[0]", "osm_url": "https://www.openstreetmap.org/way/1193745990", "josm_url": "http://127.0.0.1:8111/load_object?new_layer=false&objects=w1193745990", "id_url": "https://www.openstreetmap.org/edit?editor=id&way=1193745990#map=20/59.8956746/10.8467252"}}, {"type": "Feature", "geometry": {"type": "Point", "coordinates": [10.8469396, 59.893301]}, "properties": {"id": 1194734080, "feat_type": "way", "quality_categories": "missing_tags", "issue_ids": "[0]", "osm_url": "https://www.openstreetmap.org/way/1194734080", "josm_url": "http://127.0.0.1:8111/load_object?new_layer=false&objects=w1194734080", "id_url": "https://www.openstreetmap.org/edit?editor=id&way=1194734080#map=20/59.893301/10.8469396"}}, {"type": "Feature", "geometry": {"type": "Point", "coordinates": [10.7012758, 59.9216265]}, "properties": {"id": 1226018652, "feat_type": "way", "quality_categories": "missing_tags", "issue_ids": "[0]", "osm_url": "https://www.openstreetmap.org/way/1226018652", "josm_url": "http://127.0.0.1:8111/load_object?new_layer=false&objects=w1226018652", "id_url": "https://www.openstreetmap.org/edit?editor=id&way=1226018652#map=20/59.9216265/10.7012758"}}, {"type": "Feature", "geometry": {"type": "Point", "coordinates": [10.7012685, 59.9216152]}, "properties": {"id": 1226018653, "feat_type": "way", "quality_categories": "missing_tags", "issue_ids": "[0]", "osm_url": "https://www.openstreetmap.org/way/1226018653", "josm_url": "http://127.0.0.1:8111/load_object?new_layer=false&objects=w1226018653", "id_url": "https://www.openstreetmap.org/edit?editor=id&way=1226018653#map=20/59.9216152/10.7012685"}}, {"type": "Feature", "geometry": {"type": "Point", "coordinates": [10.701458, 59.9215587]}, "properties": {"id": 1226018654, "feat_type": "way", "quality_categories": "missing_tags", "issue_ids": "[0]", "osm_url": "https://www.openstreetmap.org/way/1226018654", "josm_url": "http://127.0.0.1:8111/load_object?new_layer=false&objects=w1226018654", "id_url": "https://www.openstreetmap.org/edit?editor=id&way=1226018654#map=20/59.9215587/10.701458"}}, {"type": "Feature", "geometry": {"type": "Point", "coordinates": [10.7012157, 59.9215118]}, "properties": {"id": 1226018655, "feat_type": "way", "quality_categories": "missing_tags", "issue_ids": "[0]", "osm_url": "https://www.openstreetmap.org/way/1226018655", "josm_url": "http://127.0.0.1:8111/load_object?new_layer=false&objects=w1226018655", "id_url": "https://www.openstreetmap.org/edit?editor=id&way=1226018655#map=20/59.9215118/10.7012157"}}, {"type": "Feature", "geometry": {"type": "Point", "coordinates": [10.7014043, 59.9214548]}, "properties": {"id": 1226018656, "feat_type": "way", "quality_categories": "missing_tags", "issue_ids": "[0]", "osm_url": "https://www.openstreetmap.org/way/1226018656", "josm_url": "http://127.0.0.1:8111/load_object?new_layer=false&objects=w1226018656", "id_url": "https://www.openstreetmap.org/edit?editor=id&way=1226018656#map=20/59.9214548/10.7014043"}}, {"type": "Feature", "geometry": {"type": "Point", "coordinates": [10.7012021, 59.9214853]}, "properties": {"id": 1226018657, "feat_type": "way", "quality_categories": "missing_tags", "issue_ids": "[0]", "osm_url": "https://www.openstreetmap.org/way/1226018657", "josm_url": "http://127.0.0.1:8111/load_object?new_layer=false&objects=w1226018657", "id_url": "https://www.openstreetmap.org/edit?editor=id&way=1226018657#map=20/59.9214853/10.7012021"}}, {"type": "Feature", "geometry": {"type": "Point", "coordinates": [10.7007694, 59.9202162]}, "properties": {"id": 1226018661, "feat_type": "way", "quality_categories": "missing_tags", "issue_ids": "[0]", "osm_url": "https://www.openstreetmap.org/way/1226018661", "josm_url": "http://127.0.0.1:8111/load_object?new_layer=false&objects=w1226018661", "id_url": "https://www.openstreetmap.org/edit?editor=id&way=1226018661#map=20/59.9202162/10.7007694"}}, {"type": "Feature", "geometry": {"type": "Point", "coordinates": [10.7005312, 59.9202309]}, "properties": {"id": 1226018662, "feat_type": "way", "quality_categories": "missing_tags", "issue_ids": "[0]", "osm_url": "https://www.openstreetmap.org/way/1226018662", "josm_url": "http://127.0.0.1:8111/load_object?new_layer=false&objects=w1226018662", "id_url": "https://www.openstreetmap.org/edit?editor=id&way=1226018662#map=20/59.9202309/10.7005312"}}, {"type": "Feature", "geometry": {"type": "Point", "coordinates": [10.7004946, 59.9201526]}, "properties": {"id": 1226018663, "feat_type": "way", "quality_categories": "missing_tags", "issue_ids": "[0]", "osm_url": "https://www.openstreetmap.org/way/1226018663", "josm_url": "http://127.0.0.1:8111/load_object?new_layer=false&objects=w1226018663", "id_url": "https://www.openstreetmap.org/edit?editor=id&way=1226018663#map=20/59.9201526/10.7004946"}}, {"type": "Feature", "geometry": {"type": "Point", "coordinates": [10.700732, 59.9201058]}, "properties": {"id": 1226018666, "feat_type": "way", "quality_categories": "missing_tags", "issue_ids": "[0]", "osm_url": "https://www.openstreetmap.org/way/1226018666", "josm_url": "http://127.0.0.1:8111/load_object?new_layer=false&objects=w1226018666", "id_url": "https://www.openstreetmap.org/edit?editor=id&way=1226018666#map=20/59.9201058/10.700732"}}, {"type": "Feature", "geometry": {"type": "Point", "coordinates": [10.6992668, 59.920314]}, "properties": {"id": 1226018669, "feat_type": "way", "quality_categories": "missing_tags", "issue_ids": "[0]", "osm_url": "https://www.openstreetmap.org/way/1226018669", "josm_url": "http://127.0.0.1:8111/load_object?new_layer=false&objects=w1226018669", "id_url": "https://www.openstreetmap.org/edit?editor=id&way=1226018669#map=20/59.920314/10.6992668"}}, {"type": "Feature", "geometry": {"type": "Point", "coordinates": [10.7019966, 59.9214463]}, "properties": {"id": 1226018674, "feat_type": "way", "quality_categories": "missing_tags", "issue_ids": "[0]", "osm_url": "https://www.openstreetmap.org/way/1226018674", "josm_url": "http://127.0.0.1:8111/load_object?new_layer=false&objects=w1226018674", "id_url": "https://www.openstreetmap.org/edit?editor=id&way=1226018674#map=20/59.9214463/10.7019966"}}, {"type": "Feature", "geometry": {"type": "Point", "coordinates": [10.7025024, 59.9212583]}, "properties": {"id": 1226018676, "feat_type": "way", "quality_categories": "missing_tags", "issue_ids": "[0]", "osm_url": "https://www.openstreetmap.org/way/1226018676", "josm_url": "http://127.0.0.1:8111/load_object?new_layer=false&objects=w1226018676", "id_url": "https://www.openstreetmap.org/edit?editor=id&way=1226018676#map=20/59.9212583/10.7025024"}}, {"type": "Feature", "geometry": {"type": "Point", "coordinates": [10.7025367, 59.9212207]}, "properties": {"id": 1226018677, "feat_type": "way", "quality_categories": "missing_tags", "issue_ids": "[0]", "osm_url": "https://www.openstreetmap.org/way/1226018677", "josm_url": "http://127.0.0.1:8111/load_object?new_layer=false&objects=w1226018677", "id_url": "https://www.openstreetmap.org/edit?editor=id&way=1226018677#map=20/59.9212207/10.7025367"}}, {"type": "Feature", "geometry": {"type": "Point", "coordinates": [10.7809014, 59.9106482]}, "properties": {"id": 1226774281, "feat_type": "way", "quality_categories": "missing_tags", "issue_ids": "[0]", "osm_url": "https://www.openstreetmap.org/way/1226774281", "josm_url": "http://127.0.0.1:8111/load_object?new_layer=false&objects=w1226774281", "id_url": "https://www.openstreetmap.org/edit?editor=id&way=1226774281#map=20/59.9106482/10.7809014"}}, {"type": "Feature", "geometry": {"type": "Point", "coordinates": [10.7765817, 59.9103078]}, "properties": {"id": 1226865682, "feat_type": "way", "quality_categories": "missing_tags", "issue_ids": "[0]", "osm_url": "https://www.openstreetmap.org/way/1226865682", "josm_url": "http://127.0.0.1:8111/load_object?new_layer=false&objects=w1226865682", "id_url": "https://www.openstreetmap.org/edit?editor=id&way=1226865682#map=20/59.9103078/10.7765817"}}, {"type": "Feature", "geometry": {"type": "Point", "coordinates": [10.7764987, 59.9101236]}, "properties": {"id": 1226865684, "feat_type": "way", "quality_categories": "missing_tags", "issue_ids": "[0]", "osm_url": "https://www.openstreetmap.org/way/1226865684", "josm_url": "http://127.0.0.1:8111/load_object?new_layer=false&objects=w1226865684", "id_url": "https://www.openstreetmap.org/edit?editor=id&way=1226865684#map=20/59.9101236/10.7764987"}}, {"type": "Feature", "geometry": {"type": "Point", "coordinates": [10.7931419, 59.9416532]}, "properties": {"id": 1226997260, "feat_type": "way", "quality_categories": "missing_tags", "issue_ids": "[0]", "osm_url": "https://www.openstreetmap.org/way/1226997260", "josm_url": "http://127.0.0.1:8111/load_object?new_layer=false&objects=w1226997260", "id_url": "https://www.openstreetmap.org/edit?editor=id&way=1226997260#map=20/59.9416532/10.7931419"}}, {"type": "Feature", "geometry": {"type": "Point", "coordinates": [10.7825451, 59.9135962]}, "properties": {"id": 1227002481, "feat_type": "way", "quality_categories": "missing_tags", "issue_ids": "[0]", "osm_url": "https://www.openstreetmap.org/way/1227002481", "josm_url": "http://127.0.0.1:8111/load_object?new_layer=false&objects=w1227002481", "id_url": "https://www.openstreetmap.org/edit?editor=id&way=1227002481#map=20/59.9135962/10.7825451"}}, {"type": "Feature", "geometry": {"type": "Point", "coordinates": [10.7158232, 59.920296]}, "properties": {"id": 1227111621, "feat_type": "way", "quality_categories": "missing_tags", "issue_ids": "[0]", "osm_url": "https://www.openstreetmap.org/way/1227111621", "josm_url": "http://127.0.0.1:8111/load_object?new_layer=false&objects=w1227111621", "id_url": "https://www.openstreetmap.org/edit?editor=id&way=1227111621#map=20/59.920296/10.7158232"}}, {"type": "Feature", "geometry": {"type": "Point", "coordinates": [10.7247114, 59.923769]}, "properties": {"id": 1227111633, "feat_type": "way", "quality_categories": "missing_tags", "issue_ids": "[0]", "osm_url": "https://www.openstreetmap.org/way/1227111633", "josm_url": "http://127.0.0.1:8111/load_object?new_layer=false&objects=w1227111633", "id_url": "https://www.openstreetmap.org/edit?editor=id&way=1227111633#map=20/59.923769/10.7247114"}}, {"type": "Feature", "geometry": {"type": "Point", "coordinates": [10.7190618, 59.9224603]}, "properties": {"id": 1227111680, "feat_type": "way", "quality_categories": "missing_tags", "issue_ids": "[0]", "osm_url": "https://www.openstreetmap.org/way/1227111680", "josm_url": "http://127.0.0.1:8111/load_object?new_layer=false&objects=w1227111680", "id_url": "https://www.openstreetmap.org/edit?editor=id&way=1227111680#map=20/59.9224603/10.7190618"}}, {"type": "Feature", "geometry": {"type": "Point", "coordinates": [10.7106116, 59.9224554]}, "properties": {"id": 1227239739, "feat_type": "way", "quality_categories": "missing_tags", "issue_ids": "[0]", "osm_url": "https://www.openstreetmap.org/way/1227239739", "josm_url": "http://127.0.0.1:8111/load_object?new_layer=false&objects=w1227239739", "id_url": "https://www.openstreetmap.org/edit?editor=id&way=1227239739#map=20/59.9224554/10.7106116"}}, {"type": "Feature", "geometry": {"type": "Point", "coordinates": [10.7108196, 59.9230621]}, "properties": {"id": 1227239740, "feat_type": "way", "quality_categories": "missing_tags", "issue_ids": "[0]", "osm_url": "https://www.openstreetmap.org/way/1227239740", "josm_url": "http://127.0.0.1:8111/load_object?new_layer=false&objects=w1227239740", "id_url": "https://www.openstreetmap.org/edit?editor=id&way=1227239740#map=20/59.9230621/10.7108196"}}, {"type": "Feature", "geometry": {"type": "Point", "coordinates": [10.7096191, 59.9229006]}, "properties": {"id": 1227239742, "feat_type": "way", "quality_categories": "missing_tags", "issue_ids": "[0]", "osm_url": "https://www.openstreetmap.org/way/1227239742", "josm_url": "http://127.0.0.1:8111/load_object?new_layer=false&objects=w1227239742", "id_url": "https://www.openstreetmap.org/edit?editor=id&way=1227239742#map=20/59.9229006/10.7096191"}}, {"type": "Feature", "geometry": {"type": "Point", "coordinates": [10.7115053, 59.923648]}, "properties": {"id": 1227239743, "feat_type": "way", "quality_categories": "missing_tags", "issue_ids": "[0]", "osm_url": "https://www.openstreetmap.org/way/1227239743", "josm_url": "http://127.0.0.1:8111/load_object?new_layer=false&objects=w1227239743", "id_url": "https://www.openstreetmap.org/edit?editor=id&way=1227239743#map=20/59.923648/10.7115053"}}, {"type": "Feature", "geometry": {"type": "Point", "coordinates": [10.7114673, 59.9236976]}, "properties": {"id": 1227239744, "feat_type": "way", "quality_categories": "missing_tags", "issue_ids": "[0]", "osm_url": "https://www.openstreetmap.org/way/1227239744", "josm_url": "http://127.0.0.1:8111/load_object?new_layer=false&objects=w1227239744", "id_url": "https://www.openstreetmap.org/edit?editor=id&way=1227239744#map=20/59.9236976/10.7114673"}}, {"type": "Feature", "geometry": {"type": "Point", "coordinates": [10.7096067, 59.9236815]}, "properties": {"id": 1227239745, "feat_type": "way", "quality_categories": "missing_tags", "issue_ids": "[0]", "osm_url": "https://www.openstreetmap.org/way/1227239745", "josm_url": "http://127.0.0.1:8111/load_object?new_layer=false&objects=w1227239745", "id_url": "https://www.openstreetmap.org/edit?editor=id&way=1227239745#map=20/59.9236815/10.7096067"}}, {"type": "Feature", "geometry": {"type": "Point", "coordinates": [10.6748777, 59.8985114]}, "properties": {"id": 1228006057, "feat_type": "way", "quality_categories": "missing_tags", "issue_ids": "[0]", "osm_url": "https://www.openstreetmap.org/way/1228006057", "josm_url": "http://127.0.0.1:8111/load_object?new_layer=false&objects=w1228006057", "id_url": "https://www.openstreetmap.org/edit?editor=id&way=1228006057#map=20/59.8985114/10.6748777"}}, {"type": "Feature", "geometry": {"type": "Point", "coordinates": [10.8111369, 59.9441543]}, "properties": {"id": 1231153225, "feat_type": "way", "quality_categories": "missing_tags", "issue_ids": "[0]", "osm_url": "https://www.openstreetmap.org/way/1231153225", "josm_url": "http://127.0.0.1:8111/load_object?new_layer=false&objects=w1231153225", "id_url": "https://www.openstreetmap.org/edit?editor=id&way=1231153225#map=20/59.9441543/10.8111369"}}, {"type": "Feature", "geometry": {"type": "Point", "coordinates": [10.7490299, 59.942315]}, "properties": {"id": 1240859788, "feat_type": "way", "quality_categories": "missing_tags", "issue_ids": "[0]", "osm_url": "https://www.openstreetmap.org/way/1240859788", "josm_url": "http://127.0.0.1:8111/load_object?new_layer=false&objects=w1240859788", "id_url": "https://www.openstreetmap.org/edit?editor=id&way=1240859788#map=20/59.942315/10.7490299"}}, {"type": "Feature", "geometry": {"type": "Point", "coordinates": [10.7189385, 59.9149612]}, "properties": {"id": 1241039821, "feat_type": "way", "quality_categories": "missing_tags", "issue_ids": "[0]", "osm_url": "https://www.openstreetmap.org/way/1241039821", "josm_url": "http://127.0.0.1:8111/load_object?new_layer=false&objects=w1241039821", "id_url": "https://www.openstreetmap.org/edit?editor=id&way=1241039821#map=20/59.9149612/10.7189385"}}, {"type": "Feature", "geometry": {"type": "Point", "coordinates": [10.7195475, 59.9151234]}, "properties": {"id": 1241039830, "feat_type": "way", "quality_categories": "missing_tags", "issue_ids": "[0]", "osm_url": "https://www.openstreetmap.org/way/1241039830", "josm_url": "http://127.0.0.1:8111/load_object?new_layer=false&objects=w1241039830", "id_url": "https://www.openstreetmap.org/edit?editor=id&way=1241039830#map=20/59.9151234/10.7195475"}}, {"type": "Feature", "geometry": {"type": "Point", "coordinates": [10.7200211, 59.9152079]}, "properties": {"id": 1241039836, "feat_type": "way", "quality_categories": "missing_tags", "issue_ids": "[0]", "osm_url": "https://www.openstreetmap.org/way/1241039836", "josm_url": "http://127.0.0.1:8111/load_object?new_layer=false&objects=w1241039836", "id_url": "https://www.openstreetmap.org/edit?editor=id&way=1241039836#map=20/59.9152079/10.7200211"}}, {"type": "Feature", "geometry": {"type": "Point", "coordinates": [10.7195609, 59.9151887]}, "properties": {"id": 1241348508, "feat_type": "way", "quality_categories": "missing_tags", "issue_ids": "[0]", "osm_url": "https://www.openstreetmap.org/way/1241348508", "josm_url": "http://127.0.0.1:8111/load_object?new_layer=false&objects=w1241348508", "id_url": "https://www.openstreetmap.org/edit?editor=id&way=1241348508#map=20/59.9151887/10.7195609"}}, {"type": "Feature", "geometry": {"type": "Point", "coordinates": [10.7195867, 59.9151357]}, "properties": {"id": 1241348510, "feat_type": "way", "quality_categories": "missing_tags", "issue_ids": "[0]", "osm_url": "https://www.openstreetmap.org/way/1241348510", "josm_url": "http://127.0.0.1:8111/load_object?new_layer=false&objects=w1241348510", "id_url": "https://www.openstreetmap.org/edit?editor=id&way=1241348510#map=20/59.9151357/10.7195867"}}, {"type": "Feature", "geometry": {"type": "Point", "coordinates": [10.719562, 59.9150852]}, "properties": {"id": 1241348512, "feat_type": "way", "quality_categories": "missing_tags", "issue_ids": "[0]", "osm_url": "https://www.openstreetmap.org/way/1241348512", "josm_url": "http://127.0.0.1:8111/load_object?new_layer=false&objects=w1241348512", "id_url": "https://www.openstreetmap.org/edit?editor=id&way=1241348512#map=20/59.9150852/10.719562"}}, {"type": "Feature", "geometry": {"type": "Point", "coordinates": [10.7195812, 59.9151251]}, "properties": {"id": 1241348513, "feat_type": "way", "quality_categories": "missing_tags", "issue_ids": "[0]", "osm_url": "https://www.openstreetmap.org/way/1241348513", "josm_url": "http://127.0.0.1:8111/load_object?new_layer=false&objects=w1241348513", "id_url": "https://www.openstreetmap.org/edit?editor=id&way=1241348513#map=20/59.9151251/10.7195812"}}, {"type": "Feature", "geometry": {"type": "Point", "coordinates": [10.6857934, 59.9211453]}, "properties": {"id": 1244939349, "feat_type": "way", "quality_categories": "missing_tags", "issue_ids": "[0]", "osm_url": "https://www.openstreetmap.org/way/1244939349", "josm_url": "http://127.0.0.1:8111/load_object?new_layer=false&objects=w1244939349", "id_url": "https://www.openstreetmap.org/edit?editor=id&way=1244939349#map=20/59.9211453/10.6857934"}}, {"type": "Feature", "geometry": {"type": "Point", "coordinates": [10.6854907, 59.9208176]}, "properties": {"id": 1244939353, "feat_type": "way", "quality_categories": "missing_tags", "issue_ids": "[0]", "osm_url": "https://www.openstreetmap.org/way/1244939353", "josm_url": "http://127.0.0.1:8111/load_object?new_layer=false&objects=w1244939353", "id_url": "https://www.openstreetmap.org/edit?editor=id&way=1244939353#map=20/59.9208176/10.6854907"}}, {"type": "Feature", "geometry": {"type": "Point", "coordinates": [10.7166004, 59.9234433]}, "properties": {"id": 1245946475, "feat_type": "way", "quality_categories": "missing_tags", "issue_ids": "[0]", "osm_url": "https://www.openstreetmap.org/way/1245946475", "josm_url": "http://127.0.0.1:8111/load_object?new_layer=false&objects=w1245946475", "id_url": "https://www.openstreetmap.org/edit?editor=id&way=1245946475#map=20/59.9234433/10.7166004"}}, {"type": "Feature", "geometry": {"type": "Point", "coordinates": [10.6540415, 59.9490867]}, "properties": {"id": 1250605305, "feat_type": "way", "quality_categories": "missing_tags", "issue_ids": "[0]", "osm_url": "https://www.openstreetmap.org/way/1250605305", "josm_url": "http://127.0.0.1:8111/load_object?new_layer=false&objects=w1250605305", "id_url": "https://www.openstreetmap.org/edit?editor=id&way=1250605305#map=20/59.9490867/10.6540415"}}, {"type": "Feature", "geometry": {"type": "Point", "coordinates": [10.7219798, 59.9246721]}, "properties": {"id": 1251647524, "feat_type": "way", "quality_categories": "missing_tags", "issue_ids": "[0]", "osm_url": "https://www.openstreetmap.org/way/1251647524", "josm_url": "http://127.0.0.1:8111/load_object?new_layer=false&objects=w1251647524", "id_url": "https://www.openstreetmap.org/edit?editor=id&way=1251647524#map=20/59.9246721/10.7219798"}}, {"type": "Feature", "geometry": {"type": "Point", "coordinates": [10.7719351, 59.9459444]}, "properties": {"id": 1254868049, "feat_type": "way", "quality_categories": "missing_tags", "issue_ids": "[0]", "osm_url": "https://www.openstreetmap.org/way/1254868049", "josm_url": "http://127.0.0.1:8111/load_object?new_layer=false&objects=w1254868049", "id_url": "https://www.openstreetmap.org/edit?editor=id&way=1254868049#map=20/59.9459444/10.7719351"}}, {"type": "Feature", "geometry": {"type": "Point", "coordinates": [10.7721659, 59.9460178]}, "properties": {"id": 1254868051, "feat_type": "way", "quality_categories": "missing_tags", "issue_ids": "[0]", "osm_url": "https://www.openstreetmap.org/way/1254868051", "josm_url": "http://127.0.0.1:8111/load_object?new_layer=false&objects=w1254868051", "id_url": "https://www.openstreetmap.org/edit?editor=id&way=1254868051#map=20/59.9460178/10.7721659"}}, {"type": "Feature", "geometry": {"type": "Point", "coordinates": [10.7722359, 59.9461295]}, "properties": {"id": 1254868054, "feat_type": "way", "quality_categories": "missing_tags", "issue_ids": "[0]", "osm_url": "https://www.openstreetmap.org/way/1254868054", "josm_url": "http://127.0.0.1:8111/load_object?new_layer=false&objects=w1254868054", "id_url": "https://www.openstreetmap.org/edit?editor=id&way=1254868054#map=20/59.9461295/10.7722359"}}, {"type": "Feature", "geometry": {"type": "Point", "coordinates": [10.7662154, 59.9517204]}, "properties": {"id": 1254997811, "feat_type": "way", "quality_categories": "missing_tags", "issue_ids": "[0]", "osm_url": "https://www.openstreetmap.org/way/1254997811", "josm_url": "http://127.0.0.1:8111/load_object?new_layer=false&objects=w1254997811", "id_url": "https://www.openstreetmap.org/edit?editor=id&way=1254997811#map=20/59.9517204/10.7662154"}}, {"type": "Feature", "geometry": {"type": "Point", "coordinates": [10.8319911, 59.9099267]}, "properties": {"id": 1259513076, "feat_type": "way", "quality_categories": "missing_tags", "issue_ids": "[0]", "osm_url": "https://www.openstreetmap.org/way/1259513076", "josm_url": "http://127.0.0.1:8111/load_object?new_layer=false&objects=w1259513076", "id_url": "https://www.openstreetmap.org/edit?editor=id&way=1259513076#map=20/59.9099267/10.8319911"}}, {"type": "Feature", "geometry": {"type": "Point", "coordinates": [10.8318016, 59.9098704]}, "properties": {"id": 1259513077, "feat_type": "way", "quality_categories": "missing_tags", "issue_ids": "[0]", "osm_url": "https://www.openstreetmap.org/way/1259513077", "josm_url": "http://127.0.0.1:8111/load_object?new_layer=false&objects=w1259513077", "id_url": "https://www.openstreetmap.org/edit?editor=id&way=1259513077#map=20/59.9098704/10.8318016"}}, {"type": "Feature", "geometry": {"type": "Point", "coordinates": [10.8314894, 59.9098994]}, "properties": {"id": 1259513078, "feat_type": "way", "quality_categories": "missing_tags", "issue_ids": "[0]", "osm_url": "https://www.openstreetmap.org/way/1259513078", "josm_url": "http://127.0.0.1:8111/load_object?new_layer=false&objects=w1259513078", "id_url": "https://www.openstreetmap.org/edit?editor=id&way=1259513078#map=20/59.9098994/10.8314894"}}, {"type": "Feature", "geometry": {"type": "Point", "coordinates": [10.696718, 59.9384759]}, "properties": {"id": 1263749148, "feat_type": "way", "quality_categories": "missing_tags", "issue_ids": "[0]", "osm_url": "https://www.openstreetmap.org/way/1263749148", "josm_url": "http://127.0.0.1:8111/load_object?new_layer=false&objects=w1263749148", "id_url": "https://www.openstreetmap.org/edit?editor=id&way=1263749148#map=20/59.9384759/10.696718"}}, {"type": "Feature", "geometry": {"type": "Point", "coordinates": [10.6965891, 59.9384994]}, "properties": {"id": 1263749149, "feat_type": "way", "quality_categories": "missing_tags", "issue_ids": "[0]", "osm_url": "https://www.openstreetmap.org/way/1263749149", "josm_url": "http://127.0.0.1:8111/load_object?new_layer=false&objects=w1263749149", "id_url": "https://www.openstreetmap.org/edit?editor=id&way=1263749149#map=20/59.9384994/10.6965891"}}, {"type": "Feature", "geometry": {"type": "Point", "coordinates": [10.6967943, 59.9385268]}, "properties": {"id": 1263749151, "feat_type": "way", "quality_categories": "missing_tags", "issue_ids": "[0]", "osm_url": "https://www.openstreetmap.org/way/1263749151", "josm_url": "http://127.0.0.1:8111/load_object?new_layer=false&objects=w1263749151", "id_url": "https://www.openstreetmap.org/edit?editor=id&way=1263749151#map=20/59.9385268/10.6967943"}}, {"type": "Feature", "geometry": {"type": "Point", "coordinates": [10.7028637, 59.9418979]}, "properties": {"id": 1263749154, "feat_type": "way", "quality_categories": "missing_tags", "issue_ids": "[0]", "osm_url": "https://www.openstreetmap.org/way/1263749154", "josm_url": "http://127.0.0.1:8111/load_object?new_layer=false&objects=w1263749154", "id_url": "https://www.openstreetmap.org/edit?editor=id&way=1263749154#map=20/59.9418979/10.7028637"}}, {"type": "Feature", "geometry": {"type": "Point", "coordinates": [10.7029628, 59.9418742]}, "properties": {"id": 1263749156, "feat_type": "way", "quality_categories": "missing_tags", "issue_ids": "[0]", "osm_url": "https://www.openstreetmap.org/way/1263749156", "josm_url": "http://127.0.0.1:8111/load_object?new_layer=false&objects=w1263749156", "id_url": "https://www.openstreetmap.org/edit?editor=id&way=1263749156#map=20/59.9418742/10.7029628"}}, {"type": "Feature", "geometry": {"type": "Point", "coordinates": [10.7023552, 59.9409809]}, "properties": {"id": 1263749158, "feat_type": "way", "quality_categories": "missing_tags", "issue_ids": "[0]", "osm_url": "https://www.openstreetmap.org/way/1263749158", "josm_url": "http://127.0.0.1:8111/load_object?new_layer=false&objects=w1263749158", "id_url": "https://www.openstreetmap.org/edit?editor=id&way=1263749158#map=20/59.9409809/10.7023552"}}, {"type": "Feature", "geometry": {"type": "Point", "coordinates": [10.7015556, 59.9401552]}, "properties": {"id": 1263749159, "feat_type": "way", "quality_categories": "missing_tags", "issue_ids": "[0]", "osm_url": "https://www.openstreetmap.org/way/1263749159", "josm_url": "http://127.0.0.1:8111/load_object?new_layer=false&objects=w1263749159", "id_url": "https://www.openstreetmap.org/edit?editor=id&way=1263749159#map=20/59.9401552/10.7015556"}}, {"type": "Feature", "geometry": {"type": "Point", "coordinates": [10.7002802, 59.9386193]}, "properties": {"id": 1263749161, "feat_type": "way", "quality_categories": "missing_tags", "issue_ids": "[0]", "osm_url": "https://www.openstreetmap.org/way/1263749161", "josm_url": "http://127.0.0.1:8111/load_object?new_layer=false&objects=w1263749161", "id_url": "https://www.openstreetmap.org/edit?editor=id&way=1263749161#map=20/59.9386193/10.7002802"}}, {"type": "Feature", "geometry": {"type": "Point", "coordinates": [10.7003481, 59.9368354]}, "properties": {"id": 1263749162, "feat_type": "way", "quality_categories": "missing_tags", "issue_ids": "[0]", "osm_url": "https://www.openstreetmap.org/way/1263749162", "josm_url": "http://127.0.0.1:8111/load_object?new_layer=false&objects=w1263749162", "id_url": "https://www.openstreetmap.org/edit?editor=id&way=1263749162#map=20/59.9368354/10.7003481"}}, {"type": "Feature", "geometry": {"type": "Point", "coordinates": [10.7000594, 59.9364334]}, "properties": {"id": 1263749164, "feat_type": "way", "quality_categories": "missing_tags", "issue_ids": "[0]", "osm_url": "https://www.openstreetmap.org/way/1263749164", "josm_url": "http://127.0.0.1:8111/load_object?new_layer=false&objects=w1263749164", "id_url": "https://www.openstreetmap.org/edit?editor=id&way=1263749164#map=20/59.9364334/10.7000594"}}, {"type": "Feature", "geometry": {"type": "Point", "coordinates": [10.7001161, 59.9363551]}, "properties": {"id": 1263749166, "feat_type": "way", "quality_categories": "missing_tags", "issue_ids": "[0]", "osm_url": "https://www.openstreetmap.org/way/1263749166", "josm_url": "http://127.0.0.1:8111/load_object?new_layer=false&objects=w1263749166", "id_url": "https://www.openstreetmap.org/edit?editor=id&way=1263749166#map=20/59.9363551/10.7001161"}}, {"type": "Feature", "geometry": {"type": "Point", "coordinates": [10.7003858, 59.9367551]}, "properties": {"id": 1263749167, "feat_type": "way", "quality_categories": "missing_tags", "issue_ids": "[0]", "osm_url": "https://www.openstreetmap.org/way/1263749167", "josm_url": "http://127.0.0.1:8111/load_object?new_layer=false&objects=w1263749167", "id_url": "https://www.openstreetmap.org/edit?editor=id&way=1263749167#map=20/59.9367551/10.7003858"}}, {"type": "Feature", "geometry": {"type": "Point", "coordinates": [10.7003768, 59.9368103]}, "properties": {"id": 1263749168, "feat_type": "way", "quality_categories": "missing_tags", "issue_ids": "[0]", "osm_url": "https://www.openstreetmap.org/way/1263749168", "josm_url": "http://127.0.0.1:8111/load_object?new_layer=false&objects=w1263749168", "id_url": "https://www.openstreetmap.org/edit?editor=id&way=1263749168#map=20/59.9368103/10.7003768"}}, {"type": "Feature", "geometry": {"type": "Point", "coordinates": [10.7002437, 59.9352866]}, "properties": {"id": 1263749171, "feat_type": "way", "quality_categories": "missing_tags", "issue_ids": "[0]", "osm_url": "https://www.openstreetmap.org/way/1263749171", "josm_url": "http://127.0.0.1:8111/load_object?new_layer=false&objects=w1263749171", "id_url": "https://www.openstreetmap.org/edit?editor=id&way=1263749171#map=20/59.9352866/10.7002437"}}, {"type": "Feature", "geometry": {"type": "Point", "coordinates": [10.7018995, 59.9358098]}, "properties": {"id": 1263753630, "feat_type": "way", "quality_categories": "missing_tags", "issue_ids": "[0]", "osm_url": "https://www.openstreetmap.org/way/1263753630", "josm_url": "http://127.0.0.1:8111/load_object?new_layer=false&objects=w1263753630", "id_url": "https://www.openstreetmap.org/edit?editor=id&way=1263753630#map=20/59.9358098/10.7018995"}}, {"type": "Feature", "geometry": {"type": "Point", "coordinates": [10.701969, 59.9359334]}, "properties": {"id": 1263753631, "feat_type": "way", "quality_categories": "missing_tags", "issue_ids": "[0]", "osm_url": "https://www.openstreetmap.org/way/1263753631", "josm_url": "http://127.0.0.1:8111/load_object?new_layer=false&objects=w1263753631", "id_url": "https://www.openstreetmap.org/edit?editor=id&way=1263753631#map=20/59.9359334/10.701969"}}, {"type": "Feature", "geometry": {"type": "Point", "coordinates": [10.7017513, 59.9354986]}, "properties": {"id": 1263753637, "feat_type": "way", "quality_categories": "missing_tags", "issue_ids": "[0]", "osm_url": "https://www.openstreetmap.org/way/1263753637", "josm_url": "http://127.0.0.1:8111/load_object?new_layer=false&objects=w1263753637", "id_url": "https://www.openstreetmap.org/edit?editor=id&way=1263753637#map=20/59.9354986/10.7017513"}}, {"type": "Feature", "geometry": {"type": "Point", "coordinates": [10.7018639, 59.9354806]}, "properties": {"id": 1263753639, "feat_type": "way", "quality_categories": "missing_tags", "issue_ids": "[0]", "osm_url": "https://www.openstreetmap.org/way/1263753639", "josm_url": "http://127.0.0.1:8111/load_object?new_layer=false&objects=w1263753639", "id_url": "https://www.openstreetmap.org/edit?editor=id&way=1263753639#map=20/59.9354806/10.7018639"}}, {"type": "Feature", "geometry": {"type": "Point", "coordinates": [10.6807112, 59.9385889]}, "properties": {"id": 1263851960, "feat_type": "way", "quality_categories": "missing_tags", "issue_ids": "[0]", "osm_url": "https://www.openstreetmap.org/way/1263851960", "josm_url": "http://127.0.0.1:8111/load_object?new_layer=false&objects=w1263851960", "id_url": "https://www.openstreetmap.org/edit?editor=id&way=1263851960#map=20/59.9385889/10.6807112"}}, {"type": "Feature", "geometry": {"type": "Point", "coordinates": [10.6809625, 59.9386984]}, "properties": {"id": 1263851961, "feat_type": "way", "quality_categories": "missing_tags", "issue_ids": "[0]", "osm_url": "https://www.openstreetmap.org/way/1263851961", "josm_url": "http://127.0.0.1:8111/load_object?new_layer=false&objects=w1263851961", "id_url": "https://www.openstreetmap.org/edit?editor=id&way=1263851961#map=20/59.9386984/10.6809625"}}, {"type": "Feature", "geometry": {"type": "Point", "coordinates": [10.6811796, 59.9355122]}, "properties": {"id": 1263880209, "feat_type": "way", "quality_categories": "missing_tags", "issue_ids": "[0]", "osm_url": "https://www.openstreetmap.org/way/1263880209", "josm_url": "http://127.0.0.1:8111/load_object?new_layer=false&objects=w1263880209", "id_url": "https://www.openstreetmap.org/edit?editor=id&way=1263880209#map=20/59.9355122/10.6811796"}}, {"type": "Feature", "geometry": {"type": "Point", "coordinates": [10.6813898, 59.9354175]}, "properties": {"id": 1263880210, "feat_type": "way", "quality_categories": "missing_tags", "issue_ids": "[0]", "osm_url": "https://www.openstreetmap.org/way/1263880210", "josm_url": "http://127.0.0.1:8111/load_object?new_layer=false&objects=w1263880210", "id_url": "https://www.openstreetmap.org/edit?editor=id&way=1263880210#map=20/59.9354175/10.6813898"}}, {"type": "Feature", "geometry": {"type": "Point", "coordinates": [10.6935982, 59.934789]}, "properties": {"id": 1263880221, "feat_type": "way", "quality_categories": "missing_tags", "issue_ids": "[0]", "osm_url": "https://www.openstreetmap.org/way/1263880221", "josm_url": "http://127.0.0.1:8111/load_object?new_layer=false&objects=w1263880221", "id_url": "https://www.openstreetmap.org/edit?editor=id&way=1263880221#map=20/59.934789/10.6935982"}}, {"type": "Feature", "geometry": {"type": "Point", "coordinates": [10.6899815, 59.9328337]}, "properties": {"id": 1263880225, "feat_type": "way", "quality_categories": "missing_tags", "issue_ids": "[0]", "osm_url": "https://www.openstreetmap.org/way/1263880225", "josm_url": "http://127.0.0.1:8111/load_object?new_layer=false&objects=w1263880225", "id_url": "https://www.openstreetmap.org/edit?editor=id&way=1263880225#map=20/59.9328337/10.6899815"}}, {"type": "Feature", "geometry": {"type": "Point", "coordinates": [10.689768, 59.932696]}, "properties": {"id": 1263880226, "feat_type": "way", "quality_categories": "missing_tags", "issue_ids": "[0]", "osm_url": "https://www.openstreetmap.org/way/1263880226", "josm_url": "http://127.0.0.1:8111/load_object?new_layer=false&objects=w1263880226", "id_url": "https://www.openstreetmap.org/edit?editor=id&way=1263880226#map=20/59.932696/10.689768"}}, {"type": "Feature", "geometry": {"type": "Point", "coordinates": [10.6898947, 59.9326438]}, "properties": {"id": 1263880227, "feat_type": "way", "quality_categories": "missing_tags", "issue_ids": "[0]", "osm_url": "https://www.openstreetmap.org/way/1263880227", "josm_url": "http://127.0.0.1:8111/load_object?new_layer=false&objects=w1263880227", "id_url": "https://www.openstreetmap.org/edit?editor=id&way=1263880227#map=20/59.9326438/10.6898947"}}, {"type": "Feature", "geometry": {"type": "Point", "coordinates": [10.6899588, 59.9326347]}, "properties": {"id": 1263880228, "feat_type": "way", "quality_categories": "missing_tags", "issue_ids": "[0]", "osm_url": "https://www.openstreetmap.org/way/1263880228", "josm_url": "http://127.0.0.1:8111/load_object?new_layer=false&objects=w1263880228", "id_url": "https://www.openstreetmap.org/edit?editor=id&way=1263880228#map=20/59.9326347/10.6899588"}}, {"type": "Feature", "geometry": {"type": "Point", "coordinates": [10.6900871, 59.9327162]}, "properties": {"id": 1263880229, "feat_type": "way", "quality_categories": "missing_tags", "issue_ids": "[0]", "osm_url": "https://www.openstreetmap.org/way/1263880229", "josm_url": "http://127.0.0.1:8111/load_object?new_layer=false&objects=w1263880229", "id_url": "https://www.openstreetmap.org/edit?editor=id&way=1263880229#map=20/59.9327162/10.6900871"}}, {"type": "Feature", "geometry": {"type": "Point", "coordinates": [10.6900637, 59.9328133]}, "properties": {"id": 1263880230, "feat_type": "way", "quality_categories": "missing_tags", "issue_ids": "[0]", "osm_url": "https://www.openstreetmap.org/way/1263880230", "josm_url": "http://127.0.0.1:8111/load_object?new_layer=false&objects=w1263880230", "id_url": "https://www.openstreetmap.org/edit?editor=id&way=1263880230#map=20/59.9328133/10.6900637"}}, {"type": "Feature", "geometry": {"type": "Point", "coordinates": [10.9297429, 59.949528]}, "properties": {"id": 1270422258, "feat_type": "way", "quality_categories": "missing_tags", "issue_ids": "[0]", "osm_url": "https://www.openstreetmap.org/way/1270422258", "josm_url": "http://127.0.0.1:8111/load_object?new_layer=false&objects=w1270422258", "id_url": "https://www.openstreetmap.org/edit?editor=id&way=1270422258#map=20/59.949528/10.9297429"}}, {"type": "Feature", "geometry": {"type": "Point", "coordinates": [10.6729325, 59.9451648]}, "properties": {"id": 1276043192, "feat_type": "way", "quality_categories": "missing_tags", "issue_ids": "[0]", "osm_url": "https://www.openstreetmap.org/way/1276043192", "josm_url": "http://127.0.0.1:8111/load_object?new_layer=false&objects=w1276043192", "id_url": "https://www.openstreetmap.org/edit?editor=id&way=1276043192#map=20/59.9451648/10.6729325"}}, {"type": "Feature", "geometry": {"type": "Point", "coordinates": [10.8412518, 59.8781503]}, "properties": {"id": 1277895974, "feat_type": "way", "quality_categories": "missing_tags", "issue_ids": "[0]", "osm_url": "https://www.openstreetmap.org/way/1277895974", "josm_url": "http://127.0.0.1:8111/load_object?new_layer=false&objects=w1277895974", "id_url": "https://www.openstreetmap.org/edit?editor=id&way=1277895974#map=20/59.8781503/10.8412518"}}, {"type": "Feature", "geometry": {"type": "Point", "coordinates": [10.8417399, 59.8769015]}, "properties": {"id": 1277895975, "feat_type": "way", "quality_categories": "missing_tags", "issue_ids": "[0]", "osm_url": "https://www.openstreetmap.org/way/1277895975", "josm_url": "http://127.0.0.1:8111/load_object?new_layer=false&objects=w1277895975", "id_url": "https://www.openstreetmap.org/edit?editor=id&way=1277895975#map=20/59.8769015/10.8417399"}}, {"type": "Feature", "geometry": {"type": "Point", "coordinates": [10.6388408, 59.9235456]}, "properties": {"id": 1279081885, "feat_type": "way", "quality_categories": "missing_tags", "issue_ids": "[0]", "osm_url": "https://www.openstreetmap.org/way/1279081885", "josm_url": "http://127.0.0.1:8111/load_object?new_layer=false&objects=w1279081885", "id_url": "https://www.openstreetmap.org/edit?editor=id&way=1279081885#map=20/59.9235456/10.6388408"}}, {"type": "Feature", "geometry": {"type": "Point", "coordinates": [10.9097542, 59.9543455]}, "properties": {"id": 1279738299, "feat_type": "way", "quality_categories": "missing_tags", "issue_ids": "[0]", "osm_url": "https://www.openstreetmap.org/way/1279738299", "josm_url": "http://127.0.0.1:8111/load_object?new_layer=false&objects=w1279738299", "id_url": "https://www.openstreetmap.org/edit?editor=id&way=1279738299#map=20/59.9543455/10.9097542"}}, {"type": "Feature", "geometry": {"type": "Point", "coordinates": [10.9097158, 59.954272]}, "properties": {"id": 1279738300, "feat_type": "way", "quality_categories": "missing_tags", "issue_ids": "[0]", "osm_url": "https://www.openstreetmap.org/way/1279738300", "josm_url": "http://127.0.0.1:8111/load_object?new_layer=false&objects=w1279738300", "id_url": "https://www.openstreetmap.org/edit?editor=id&way=1279738300#map=20/59.954272/10.9097158"}}, {"type": "Feature", "geometry": {"type": "Point", "coordinates": [10.8694555, 59.9528508]}, "properties": {"id": 1279773427, "feat_type": "way", "quality_categories": "missing_tags", "issue_ids": "[0]", "osm_url": "https://www.openstreetmap.org/way/1279773427", "josm_url": "http://127.0.0.1:8111/load_object?new_layer=false&objects=w1279773427", "id_url": "https://www.openstreetmap.org/edit?editor=id&way=1279773427#map=20/59.9528508/10.8694555"}}, {"type": "Feature", "geometry": {"type": "Point", "coordinates": [10.8687067, 59.9528722]}, "properties": {"id": 1279773428, "feat_type": "way", "quality_categories": "missing_tags", "issue_ids": "[0]", "osm_url": "https://www.openstreetmap.org/way/1279773428", "josm_url": "http://127.0.0.1:8111/load_object?new_layer=false&objects=w1279773428", "id_url": "https://www.openstreetmap.org/edit?editor=id&way=1279773428#map=20/59.9528722/10.8687067"}}, {"type": "Feature", "geometry": {"type": "Point", "coordinates": [10.7667856, 59.9313785]}, "properties": {"id": 1279887051, "feat_type": "way", "quality_categories": "missing_tags", "issue_ids": "[0]", "osm_url": "https://www.openstreetmap.org/way/1279887051", "josm_url": "http://127.0.0.1:8111/load_object?new_layer=false&objects=w1279887051", "id_url": "https://www.openstreetmap.org/edit?editor=id&way=1279887051#map=20/59.9313785/10.7667856"}}, {"type": "Feature", "geometry": {"type": "Point", "coordinates": [10.7665128, 59.931053]}, "properties": {"id": 1279887052, "feat_type": "way", "quality_categories": "missing_tags", "issue_ids": "[0]", "osm_url": "https://www.openstreetmap.org/way/1279887052", "josm_url": "http://127.0.0.1:8111/load_object?new_layer=false&objects=w1279887052", "id_url": "https://www.openstreetmap.org/edit?editor=id&way=1279887052#map=20/59.931053/10.7665128"}}, {"type": "Feature", "geometry": {"type": "Point", "coordinates": [10.71652, 59.9183009]}, "properties": {"id": 1281237087, "feat_type": "way", "quality_categories": "missing_tags", "issue_ids": "[0]", "osm_url": "https://www.openstreetmap.org/way/1281237087", "josm_url": "http://127.0.0.1:8111/load_object?new_layer=false&objects=w1281237087", "id_url": "https://www.openstreetmap.org/edit?editor=id&way=1281237087#map=20/59.9183009/10.71652"}}, {"type": "Feature", "geometry": {"type": "Point", "coordinates": [10.707258, 59.9307996]}, "properties": {"id": 1282202405, "feat_type": "way", "quality_categories": "missing_tags", "issue_ids": "[0]", "osm_url": "https://www.openstreetmap.org/way/1282202405", "josm_url": "http://127.0.0.1:8111/load_object?new_layer=false&objects=w1282202405", "id_url": "https://www.openstreetmap.org/edit?editor=id&way=1282202405#map=20/59.9307996/10.707258"}}, {"type": "Feature", "geometry": {"type": "Point", "coordinates": [10.8200383, 59.9284235]}, "properties": {"id": 1282769779, "feat_type": "way", "quality_categories": "missing_tags", "issue_ids": "[0]", "osm_url": "https://www.openstreetmap.org/way/1282769779", "josm_url": "http://127.0.0.1:8111/load_object?new_layer=false&objects=w1282769779", "id_url": "https://www.openstreetmap.org/edit?editor=id&way=1282769779#map=20/59.9284235/10.8200383"}}, {"type": "Feature", "geometry": {"type": "Point", "coordinates": [10.7196719, 59.9214195]}, "properties": {"id": 1286411331, "feat_type": "way", "quality_categories": "missing_tags", "issue_ids": "[0]", "osm_url": "https://www.openstreetmap.org/way/1286411331", "josm_url": "http://127.0.0.1:8111/load_object?new_layer=false&objects=w1286411331", "id_url": "https://www.openstreetmap.org/edit?editor=id&way=1286411331#map=20/59.9214195/10.7196719"}}, {"type": "Feature", "geometry": {"type": "Point", "coordinates": [10.7172368, 59.9224635]}, "properties": {"id": 1286411332, "feat_type": "way", "quality_categories": "missing_tags", "issue_ids": "[0]", "osm_url": "https://www.openstreetmap.org/way/1286411332", "josm_url": "http://127.0.0.1:8111/load_object?new_layer=false&objects=w1286411332", "id_url": "https://www.openstreetmap.org/edit?editor=id&way=1286411332#map=20/59.9224635/10.7172368"}}, {"type": "Feature", "geometry": {"type": "Point", "coordinates": [10.7128819, 59.9202339]}, "properties": {"id": 1286411338, "feat_type": "way", "quality_categories": "missing_tags", "issue_ids": "[0]", "osm_url": "https://www.openstreetmap.org/way/1286411338", "josm_url": "http://127.0.0.1:8111/load_object?new_layer=false&objects=w1286411338", "id_url": "https://www.openstreetmap.org/edit?editor=id&way=1286411338#map=20/59.9202339/10.7128819"}}, {"type": "Feature", "geometry": {"type": "Point", "coordinates": [10.713072, 59.920151]}, "properties": {"id": 1286411339, "feat_type": "way", "quality_categories": "missing_tags", "issue_ids": "[0]", "osm_url": "https://www.openstreetmap.org/way/1286411339", "josm_url": "http://127.0.0.1:8111/load_object?new_layer=false&objects=w1286411339", "id_url": "https://www.openstreetmap.org/edit?editor=id&way=1286411339#map=20/59.920151/10.713072"}}, {"type": "Feature", "geometry": {"type": "Point", "coordinates": [10.7026637, 59.9215269]}, "properties": {"id": 1286447494, "feat_type": "way", "quality_categories": "missing_tags", "issue_ids": "[0]", "osm_url": "https://www.openstreetmap.org/way/1286447494", "josm_url": "http://127.0.0.1:8111/load_object?new_layer=false&objects=w1286447494", "id_url": "https://www.openstreetmap.org/edit?editor=id&way=1286447494#map=20/59.9215269/10.7026637"}}, {"type": "Feature", "geometry": {"type": "Point", "coordinates": [10.6753863, 59.9270535]}, "properties": {"id": 1298326431, "feat_type": "way", "quality_categories": "missing_tags", "issue_ids": "[0]", "osm_url": "https://www.openstreetmap.org/way/1298326431", "josm_url": "http://127.0.0.1:8111/load_object?new_layer=false&objects=w1298326431", "id_url": "https://www.openstreetmap.org/edit?editor=id&way=1298326431#map=20/59.9270535/10.6753863"}}, {"type": "Feature", "geometry": {"type": "Point", "coordinates": [10.6661845, 59.9584111]}, "properties": {"id": 1298735078, "feat_type": "way", "quality_categories": "missing_tags", "issue_ids": "[0]", "osm_url": "https://www.openstreetmap.org/way/1298735078", "josm_url": "http://127.0.0.1:8111/load_object?new_layer=false&objects=w1298735078", "id_url": "https://www.openstreetmap.org/edit?editor=id&way=1298735078#map=20/59.9584111/10.6661845"}}, {"type": "Feature", "geometry": {"type": "Point", "coordinates": [10.6482087, 59.9297332]}, "properties": {"id": 1299267624, "feat_type": "way", "quality_categories": "missing_tags", "issue_ids": "[0]", "osm_url": "https://www.openstreetmap.org/way/1299267624", "josm_url": "http://127.0.0.1:8111/load_object?new_layer=false&objects=w1299267624", "id_url": "https://www.openstreetmap.org/edit?editor=id&way=1299267624#map=20/59.9297332/10.6482087"}}, {"type": "Feature", "geometry": {"type": "Point", "coordinates": [10.6420542, 59.9315503]}, "properties": {"id": 1299267628, "feat_type": "way", "quality_categories": "missing_tags", "issue_ids": "[0]", "osm_url": "https://www.openstreetmap.org/way/1299267628", "josm_url": "http://127.0.0.1:8111/load_object?new_layer=false&objects=w1299267628", "id_url": "https://www.openstreetmap.org/edit?editor=id&way=1299267628#map=20/59.9315503/10.6420542"}}, {"type": "Feature", "geometry": {"type": "Point", "coordinates": [10.7081295, 59.9546202]}, "properties": {"id": 1301469526, "feat_type": "way", "quality_categories": "missing_tags", "issue_ids": "[0]", "osm_url": "https://www.openstreetmap.org/way/1301469526", "josm_url": "http://127.0.0.1:8111/load_object?new_layer=false&objects=w1301469526", "id_url": "https://www.openstreetmap.org/edit?editor=id&way=1301469526#map=20/59.9546202/10.7081295"}}, {"type": "Feature", "geometry": {"type": "Point", "coordinates": [10.7066591, 59.9536686]}, "properties": {"id": 1301469527, "feat_type": "way", "quality_categories": "missing_tags", "issue_ids": "[0]", "osm_url": "https://www.openstreetmap.org/way/1301469527", "josm_url": "http://127.0.0.1:8111/load_object?new_layer=false&objects=w1301469527", "id_url": "https://www.openstreetmap.org/edit?editor=id&way=1301469527#map=20/59.9536686/10.7066591"}}, {"type": "Feature", "geometry": {"type": "Point", "coordinates": [10.6493269, 59.9697183]}, "properties": {"id": 1301711494, "feat_type": "way", "quality_categories": "missing_tags", "issue_ids": "[0]", "osm_url": "https://www.openstreetmap.org/way/1301711494", "josm_url": "http://127.0.0.1:8111/load_object?new_layer=false&objects=w1301711494", "id_url": "https://www.openstreetmap.org/edit?editor=id&way=1301711494#map=20/59.9697183/10.6493269"}}, {"type": "Feature", "geometry": {"type": "Point", "coordinates": [10.7020723, 59.9227697]}, "properties": {"id": 1302192022, "feat_type": "way", "quality_categories": "missing_tags", "issue_ids": "[0]", "osm_url": "https://www.openstreetmap.org/way/1302192022", "josm_url": "http://127.0.0.1:8111/load_object?new_layer=false&objects=w1302192022", "id_url": "https://www.openstreetmap.org/edit?editor=id&way=1302192022#map=20/59.9227697/10.7020723"}}, {"type": "Feature", "geometry": {"type": "Point", "coordinates": [10.7918236, 59.9414611]}, "properties": {"id": 1302210185, "feat_type": "way", "quality_categories": "missing_tags", "issue_ids": "[0]", "osm_url": "https://www.openstreetmap.org/way/1302210185", "josm_url": "http://127.0.0.1:8111/load_object?new_layer=false&objects=w1302210185", "id_url": "https://www.openstreetmap.org/edit?editor=id&way=1302210185#map=20/59.9414611/10.7918236"}}, {"type": "Feature", "geometry": {"type": "Point", "coordinates": [10.7152104, 59.9124997]}, "properties": {"id": 1302320103, "feat_type": "way", "quality_categories": "missing_tags", "issue_ids": "[0]", "osm_url": "https://www.openstreetmap.org/way/1302320103", "josm_url": "http://127.0.0.1:8111/load_object?new_layer=false&objects=w1302320103", "id_url": "https://www.openstreetmap.org/edit?editor=id&way=1302320103#map=20/59.9124997/10.7152104"}}, {"type": "Feature", "geometry": {"type": "Point", "coordinates": [10.7183533, 59.9149682]}, "properties": {"id": 1302320111, "feat_type": "way", "quality_categories": "missing_tags", "issue_ids": "[0]", "osm_url": "https://www.openstreetmap.org/way/1302320111", "josm_url": "http://127.0.0.1:8111/load_object?new_layer=false&objects=w1302320111", "id_url": "https://www.openstreetmap.org/edit?editor=id&way=1302320111#map=20/59.9149682/10.7183533"}}, {"type": "Feature", "geometry": {"type": "Point", "coordinates": [10.8283101, 59.9349727]}, "properties": {"id": 1302690566, "feat_type": "way", "quality_categories": "missing_tags", "issue_ids": "[0]", "osm_url": "https://www.openstreetmap.org/way/1302690566", "josm_url": "http://127.0.0.1:8111/load_object?new_layer=false&objects=w1302690566", "id_url": "https://www.openstreetmap.org/edit?editor=id&way=1302690566#map=20/59.9349727/10.8283101"}}, {"type": "Feature", "geometry": {"type": "Point", "coordinates": [10.823829, 59.9357535]}, "properties": {"id": 1302692011, "feat_type": "way", "quality_categories": "missing_tags", "issue_ids": "[0]", "osm_url": "https://www.openstreetmap.org/way/1302692011", "josm_url": "http://127.0.0.1:8111/load_object?new_layer=false&objects=w1302692011", "id_url": "https://www.openstreetmap.org/edit?editor=id&way=1302692011#map=20/59.9357535/10.823829"}}, {"type": "Feature", "geometry": {"type": "Point", "coordinates": [10.8211232, 59.9351171]}, "properties": {"id": 1302692013, "feat_type": "way", "quality_categories": "missing_tags", "issue_ids": "[0]", "osm_url": "https://www.openstreetmap.org/way/1302692013", "josm_url": "http://127.0.0.1:8111/load_object?new_layer=false&objects=w1302692013", "id_url": "https://www.openstreetmap.org/edit?editor=id&way=1302692013#map=20/59.9351171/10.8211232"}}, {"type": "Feature", "geometry": {"type": "Point", "coordinates": [10.8154655, 59.9313567]}, "properties": {"id": 1302692017, "feat_type": "way", "quality_categories": "missing_tags", "issue_ids": "[0]", "osm_url": "https://www.openstreetmap.org/way/1302692017", "josm_url": "http://127.0.0.1:8111/load_object?new_layer=false&objects=w1302692017", "id_url": "https://www.openstreetmap.org/edit?editor=id&way=1302692017#map=20/59.9313567/10.8154655"}}, {"type": "Feature", "geometry": {"type": "Point", "coordinates": [10.8141285, 59.9301571]}, "properties": {"id": 1302692020, "feat_type": "way", "quality_categories": "missing_tags", "issue_ids": "[0]", "osm_url": "https://www.openstreetmap.org/way/1302692020", "josm_url": "http://127.0.0.1:8111/load_object?new_layer=false&objects=w1302692020", "id_url": "https://www.openstreetmap.org/edit?editor=id&way=1302692020#map=20/59.9301571/10.8141285"}}, {"type": "Feature", "geometry": {"type": "Point", "coordinates": [10.8133133, 59.9296783]}, "properties": {"id": 1302692022, "feat_type": "way", "quality_categories": "missing_tags", "issue_ids": "[0]", "osm_url": "https://www.openstreetmap.org/way/1302692022", "josm_url": "http://127.0.0.1:8111/load_object?new_layer=false&objects=w1302692022", "id_url": "https://www.openstreetmap.org/edit?editor=id&way=1302692022#map=20/59.9296783/10.8133133"}}, {"type": "Feature", "geometry": {"type": "Point", "coordinates": [10.8141897, 59.929947]}, "properties": {"id": 1302692023, "feat_type": "way", "quality_categories": "missing_tags", "issue_ids": "[0]", "osm_url": "https://www.openstreetmap.org/way/1302692023", "josm_url": "http://127.0.0.1:8111/load_object?new_layer=false&objects=w1302692023", "id_url": "https://www.openstreetmap.org/edit?editor=id&way=1302692023#map=20/59.929947/10.8141897"}}, {"type": "Feature", "geometry": {"type": "Point", "coordinates": [10.7233006, 59.9330677]}, "properties": {"id": 1304709542, "feat_type": "way", "quality_categories": "missing_tags", "issue_ids": "[0]", "osm_url": "https://www.openstreetmap.org/way/1304709542", "josm_url": "http://127.0.0.1:8111/load_object?new_layer=false&objects=w1304709542", "id_url": "https://www.openstreetmap.org/edit?editor=id&way=1304709542#map=20/59.9330677/10.7233006"}}, {"type": "Feature", "geometry": {"type": "Point", "coordinates": [10.8106855, 59.8888978]}, "properties": {"id": 1311646524, "feat_type": "way", "quality_categories": "missing_tags", "issue_ids": "[0]", "osm_url": "https://www.openstreetmap.org/way/1311646524", "josm_url": "http://127.0.0.1:8111/load_object?new_layer=false&objects=w1311646524", "id_url": "https://www.openstreetmap.org/edit?editor=id&way=1311646524#map=20/59.8888978/10.8106855"}}, {"type": "Feature", "geometry": {"type": "Point", "coordinates": [10.7857972, 59.8638614]}, "properties": {"id": 1314798778, "feat_type": "way", "quality_categories": "missing_tags", "issue_ids": "[0]", "osm_url": "https://www.openstreetmap.org/way/1314798778", "josm_url": "http://127.0.0.1:8111/load_object?new_layer=false&objects=w1314798778", "id_url": "https://www.openstreetmap.org/edit?editor=id&way=1314798778#map=20/59.8638614/10.7857972"}}, {"type": "Feature", "geometry": {"type": "Point", "coordinates": [10.819992, 59.9068078]}, "properties": {"id": 1323511187, "feat_type": "way", "quality_categories": "missing_tags", "issue_ids": "[0]", "osm_url": "https://www.openstreetmap.org/way/1323511187", "josm_url": "http://127.0.0.1:8111/load_object?new_layer=false&objects=w1323511187", "id_url": "https://www.openstreetmap.org/edit?editor=id&way=1323511187#map=20/59.9068078/10.819992"}}, {"type": "Feature", "geometry": {"type": "Point", "coordinates": [10.791971, 59.9239843]}, "properties": {"id": 1331390714, "feat_type": "way", "quality_categories": "missing_tags", "issue_ids": "[0]", "osm_url": "https://www.openstreetmap.org/way/1331390714", "josm_url": "http://127.0.0.1:8111/load_object?new_layer=false&objects=w1331390714", "id_url": "https://www.openstreetmap.org/edit?editor=id&way=1331390714#map=20/59.9239843/10.791971"}}, {"type": "Feature", "geometry": {"type": "Point", "coordinates": [10.8978796, 59.9404847]}, "properties": {"id": 1343163298, "feat_type": "way", "quality_categories": "missing_tags", "issue_ids": "[0]", "osm_url": "https://www.openstreetmap.org/way/1343163298", "josm_url": "http://127.0.0.1:8111/load_object?new_layer=false&objects=w1343163298", "id_url": "https://www.openstreetmap.org/edit?editor=id&way=1343163298#map=20/59.9404847/10.8978796"}}, {"type": "Feature", "geometry": {"type": "Point", "coordinates": [10.89784, 59.9403819]}, "properties": {"id": 1343163300, "feat_type": "way", "quality_categories": "missing_tags", "issue_ids": "[0]", "osm_url": "https://www.openstreetmap.org/way/1343163300", "josm_url": "http://127.0.0.1:8111/load_object?new_layer=false&objects=w1343163300", "id_url": "https://www.openstreetmap.org/edit?editor=id&way=1343163300#map=20/59.9403819/10.89784"}}, {"type": "Feature", "geometry": {"type": "Point", "coordinates": [10.8296856, 59.9361481]}, "properties": {"id": 1374654824, "feat_type": "way", "quality_categories": "missing_tags", "issue_ids": "[0]", "osm_url": "https://www.openstreetmap.org/way/1374654824", "josm_url": "http://127.0.0.1:8111/load_object?new_layer=false&objects=w1374654824", "id_url": "https://www.openstreetmap.org/edit?editor=id&way=1374654824#map=20/59.9361481/10.8296856"}}, {"type": "Feature", "geometry": {"type": "Point", "coordinates": [10.8286786, 59.9357455]}, "properties": {"id": 1374654838, "feat_type": "way", "quality_categories": "missing_tags", "issue_ids": "[0]", "osm_url": "https://www.openstreetmap.org/way/1374654838", "josm_url": "http://127.0.0.1:8111/load_object?new_layer=false&objects=w1374654838", "id_url": "https://www.openstreetmap.org/edit?editor=id&way=1374654838#map=20/59.9357455/10.8286786"}}, {"type": "Feature", "geometry": {"type": "Point", "coordinates": [10.8274762, 59.9355011]}, "properties": {"id": 1374654839, "feat_type": "way", "quality_categories": "missing_tags", "issue_ids": "[0]", "osm_url": "https://www.openstreetmap.org/way/1374654839", "josm_url": "http://127.0.0.1:8111/load_object?new_layer=false&objects=w1374654839", "id_url": "https://www.openstreetmap.org/edit?editor=id&way=1374654839#map=20/59.9355011/10.8274762"}}, {"type": "Feature", "geometry": {"type": "Point", "coordinates": [10.7207821, 59.9376722]}, "properties": {"id": 1387174076, "feat_type": "way", "quality_categories": "missing_tags", "issue_ids": "[0]", "osm_url": "https://www.openstreetmap.org/way/1387174076", "josm_url": "http://127.0.0.1:8111/load_object?new_layer=false&objects=w1387174076", "id_url": "https://www.openstreetmap.org/edit?editor=id&way=1387174076#map=20/59.9376722/10.7207821"}}, {"type": "Feature", "geometry": {"type": "Point", "coordinates": [10.7208729, 59.9375111]}, "properties": {"id": 1387174077, "feat_type": "way", "quality_categories": "missing_tags", "issue_ids": "[0]", "osm_url": "https://www.openstreetmap.org/way/1387174077", "josm_url": "http://127.0.0.1:8111/load_object?new_layer=false&objects=w1387174077", "id_url": "https://www.openstreetmap.org/edit?editor=id&way=1387174077#map=20/59.9375111/10.7208729"}}, {"type": "Feature", "geometry": {"type": "Point", "coordinates": [10.7825451, 59.9135962]}, "properties": {"id": 1393662066, "feat_type": "way", "quality_categories": "missing_tags", "issue_ids": "[0]", "osm_url": "https://www.openstreetmap.org/way/1393662066", "josm_url": "http://127.0.0.1:8111/load_object?new_layer=false&objects=w1393662066", "id_url": "https://www.openstreetmap.org/edit?editor=id&way=1393662066#map=20/59.9135962/10.7825451"}}, {"type": "Feature", "geometry": {"type": "Point", "coordinates": [10.7794849, 59.9125261]}, "properties": {"id": 1393662077, "feat_type": "way", "quality_categories": "missing_tags", "issue_ids": "[0]", "osm_url": "https://www.openstreetmap.org/way/1393662077", "josm_url": "http://127.0.0.1:8111/load_object?new_layer=false&objects=w1393662077", "id_url": "https://www.openstreetmap.org/edit?editor=id&way=1393662077#map=20/59.9125261/10.7794849"}}, {"type": "Feature", "geometry": {"type": "Point", "coordinates": [10.7796069, 59.9125439]}, "properties": {"id": 1393662078, "feat_type": "way", "quality_categories": "missing_tags", "issue_ids": "[0]", "osm_url": "https://www.openstreetmap.org/way/1393662078", "josm_url": "http://127.0.0.1:8111/load_object?new_layer=false&objects=w1393662078", "id_url": "https://www.openstreetmap.org/edit?editor=id&way=1393662078#map=20/59.9125439/10.7796069"}}, {"type": "Feature", "geometry": {"type": "Point", "coordinates": [10.7802711, 59.9111918]}, "properties": {"id": 1393662097, "feat_type": "way", "quality_categories": "missing_tags", "issue_ids": "[0]", "osm_url": "https://www.openstreetmap.org/way/1393662097", "josm_url": "http://127.0.0.1:8111/load_object?new_layer=false&objects=w1393662097", "id_url": "https://www.openstreetmap.org/edit?editor=id&way=1393662097#map=20/59.9111918/10.7802711"}}, {"type": "Feature", "geometry": {"type": "Point", "coordinates": [10.7802756, 59.9111033]}, "properties": {"id": 1393662098, "feat_type": "way", "quality_categories": "missing_tags", "issue_ids": "[0]", "osm_url": "https://www.openstreetmap.org/way/1393662098", "josm_url": "http://127.0.0.1:8111/load_object?new_layer=false&objects=w1393662098", "id_url": "https://www.openstreetmap.org/edit?editor=id&way=1393662098#map=20/59.9111033/10.7802756"}}, {"type": "Feature", "geometry": {"type": "Point", "coordinates": [10.7800888, 59.9112008]}, "properties": {"id": 1393662099, "feat_type": "way", "quality_categories": "missing_tags", "issue_ids": "[0]", "osm_url": "https://www.openstreetmap.org/way/1393662099", "josm_url": "http://127.0.0.1:8111/load_object?new_layer=false&objects=w1393662099", "id_url": "https://www.openstreetmap.org/edit?editor=id&way=1393662099#map=20/59.9112008/10.7800888"}}, {"type": "Feature", "geometry": {"type": "Point", "coordinates": [10.7802466, 59.9112076]}, "properties": {"id": 1393662100, "feat_type": "way", "quality_categories": "missing_tags", "issue_ids": "[0]", "osm_url": "https://www.openstreetmap.org/way/1393662100", "josm_url": "http://127.0.0.1:8111/load_object?new_layer=false&objects=w1393662100", "id_url": "https://www.openstreetmap.org/edit?editor=id&way=1393662100#map=20/59.9112076/10.7802466"}}, {"type": "Feature", "geometry": {"type": "Point", "coordinates": [10.7814765, 59.911198]}, "properties": {"id": 1393662101, "feat_type": "way", "quality_categories": "missing_tags", "issue_ids": "[0]", "osm_url": "https://www.openstreetmap.org/way/1393662101", "josm_url": "http://127.0.0.1:8111/load_object?new_layer=false&objects=w1393662101", "id_url": "https://www.openstreetmap.org/edit?editor=id&way=1393662101#map=20/59.911198/10.7814765"}}, {"type": "Feature", "geometry": {"type": "Point", "coordinates": [10.7813561, 59.9112194]}, "properties": {"id": 1393662102, "feat_type": "way", "quality_categories": "missing_tags", "issue_ids": "[0]", "osm_url": "https://www.openstreetmap.org/way/1393662102", "josm_url": "http://127.0.0.1:8111/load_object?new_layer=false&objects=w1393662102", "id_url": "https://www.openstreetmap.org/edit?editor=id&way=1393662102#map=20/59.9112194/10.7813561"}}, {"type": "Feature", "geometry": {"type": "Point", "coordinates": [10.7683196, 59.9295709]}, "properties": {"id": 1394972090, "feat_type": "way", "quality_categories": "missing_tags", "issue_ids": "[0]", "osm_url": "https://www.openstreetmap.org/way/1394972090", "josm_url": "http://127.0.0.1:8111/load_object?new_layer=false&objects=w1394972090", "id_url": "https://www.openstreetmap.org/edit?editor=id&way=1394972090#map=20/59.9295709/10.7683196"}}, {"type": "Feature", "geometry": {"type": "Point", "coordinates": [10.7489157, 59.9120775]}, "properties": {"id": 1395467959, "feat_type": "way", "quality_categories": "missing_tags", "issue_ids": "[0]", "osm_url": "https://www.openstreetmap.org/way/1395467959", "josm_url": "http://127.0.0.1:8111/load_object?new_layer=false&objects=w1395467959", "id_url": "https://www.openstreetmap.org/edit?editor=id&way=1395467959#map=20/59.9120775/10.7489157"}}, {"type": "Feature", "geometry": {"type": "Point", "coordinates": [10.688463, 59.9051634]}, "properties": {"id": 1412259792, "feat_type": "way", "quality_categories": "missing_tags", "issue_ids": "[0]", "osm_url": "https://www.openstreetmap.org/way/1412259792", "josm_url": "http://127.0.0.1:8111/load_object?new_layer=false&objects=w1412259792", "id_url": "https://www.openstreetmap.org/edit?editor=id&way=1412259792#map=20/59.9051634/10.688463"}}, {"type": "Feature", "geometry": {"type": "Point", "coordinates": [10.6886203, 59.9050547]}, "properties": {"id": 1412259793, "feat_type": "way", "quality_categories": "missing_tags", "issue_ids": "[0]", "osm_url": "https://www.openstreetmap.org/way/1412259793", "josm_url": "http://127.0.0.1:8111/load_object?new_layer=false&objects=w1412259793", "id_url": "https://www.openstreetmap.org/edit?editor=id&way=1412259793#map=20/59.9050547/10.6886203"}}, {"type": "Feature", "geometry": {"type": "Point", "coordinates": [10.6887379, 59.905109]}, "properties": {"id": 1412259794, "feat_type": "way", "quality_categories": "missing_tags", "issue_ids": "[0]", "osm_url": "https://www.openstreetmap.org/way/1412259794", "josm_url": "http://127.0.0.1:8111/load_object?new_layer=false&objects=w1412259794", "id_url": "https://www.openstreetmap.org/edit?editor=id&way=1412259794#map=20/59.905109/10.6887379"}}, {"type": "Feature", "geometry": {"type": "Point", "coordinates": [10.6885796, 59.9052112]}, "properties": {"id": 1412259795, "feat_type": "way", "quality_categories": "missing_tags", "issue_ids": "[0]", "osm_url": "https://www.openstreetmap.org/way/1412259795", "josm_url": "http://127.0.0.1:8111/load_object?new_layer=false&objects=w1412259795", "id_url": "https://www.openstreetmap.org/edit?editor=id&way=1412259795#map=20/59.9052112/10.6885796"}}, {"type": "Feature", "geometry": {"type": "Point", "coordinates": [10.688046, 59.904878]}, "properties": {"id": 1412259796, "feat_type": "way", "quality_categories": "missing_tags", "issue_ids": "[0]", "osm_url": "https://www.openstreetmap.org/way/1412259796", "josm_url": "http://127.0.0.1:8111/load_object?new_layer=false&objects=w1412259796", "id_url": "https://www.openstreetmap.org/edit?editor=id&way=1412259796#map=20/59.904878/10.688046"}}, {"type": "Feature", "geometry": {"type": "Point", "coordinates": [10.6904783, 59.9058208]}, "properties": {"id": 1412259798, "feat_type": "way", "quality_categories": "missing_tags", "issue_ids": "[0]", "osm_url": "https://www.openstreetmap.org/way/1412259798", "josm_url": "http://127.0.0.1:8111/load_object?new_layer=false&objects=w1412259798", "id_url": "https://www.openstreetmap.org/edit?editor=id&way=1412259798#map=20/59.9058208/10.6904783"}}, {"type": "Feature", "geometry": {"type": "Point", "coordinates": [10.6938729, 59.9069353]}, "properties": {"id": 1412259799, "feat_type": "way", "quality_categories": "missing_tags", "issue_ids": "[0]", "osm_url": "https://www.openstreetmap.org/way/1412259799", "josm_url": "http://127.0.0.1:8111/load_object?new_layer=false&objects=w1412259799", "id_url": "https://www.openstreetmap.org/edit?editor=id&way=1412259799#map=20/59.9069353/10.6938729"}}, {"type": "Feature", "geometry": {"type": "Point", "coordinates": [10.6910946, 59.9060238]}, "properties": {"id": 1412259800, "feat_type": "way", "quality_categories": "missing_tags", "issue_ids": "[0]", "osm_url": "https://www.openstreetmap.org/way/1412259800", "josm_url": "http://127.0.0.1:8111/load_object?new_layer=false&objects=w1412259800", "id_url": "https://www.openstreetmap.org/edit?editor=id&way=1412259800#map=20/59.9060238/10.6910946"}}, {"type": "Feature", "geometry": {"type": "Point", "coordinates": [10.691838, 59.906124]}, "properties": {"id": 1412259801, "feat_type": "way", "quality_categories": "missing_tags", "issue_ids": "[0]", "osm_url": "https://www.openstreetmap.org/way/1412259801", "josm_url": "http://127.0.0.1:8111/load_object?new_layer=false&objects=w1412259801", "id_url": "https://www.openstreetmap.org/edit?editor=id&way=1412259801#map=20/59.906124/10.691838"}}, {"type": "Feature", "geometry": {"type": "Point", "coordinates": [10.8444736, 59.923132]}, "properties": {"id": 1424249633, "feat_type": "way", "quality_categories": "missing_tags", "issue_ids": "[0]", "osm_url": "https://www.openstreetmap.org/way/1424249633", "josm_url": "http://127.0.0.1:8111/load_object?new_layer=false&objects=w1424249633", "id_url": "https://www.openstreetmap.org/edit?editor=id&way=1424249633#map=20/59.923132/10.8444736"}}, {"type": "Feature", "geometry": {"type": "Point", "coordinates": [10.8445739, 59.9231742]}, "properties": {"id": 1424249634, "feat_type": "way", "quality_categories": "missing_tags", "issue_ids": "[0]", "osm_url": "https://www.openstreetmap.org/way/1424249634", "josm_url": "http://127.0.0.1:8111/load_object?new_layer=false&objects=w1424249634", "id_url": "https://www.openstreetmap.org/edit?editor=id&way=1424249634#map=20/59.9231742/10.8445739"}}, {"type": "Feature", "geometry": {"type": "Point", "coordinates": [10.8458972, 59.9235723]}, "properties": {"id": 1424249635, "feat_type": "way", "quality_categories": "missing_tags", "issue_ids": "[0]", "osm_url": "https://www.openstreetmap.org/way/1424249635", "josm_url": "http://127.0.0.1:8111/load_object?new_layer=false&objects=w1424249635", "id_url": "https://www.openstreetmap.org/edit?editor=id&way=1424249635#map=20/59.9235723/10.8458972"}}, {"type": "Feature", "geometry": {"type": "Point", "coordinates": [10.8141908, 59.9244222]}, "properties": {"id": 1426436927, "feat_type": "way", "quality_categories": "missing_tags", "issue_ids": "[0]", "osm_url": "https://www.openstreetmap.org/way/1426436927", "josm_url": "http://127.0.0.1:8111/load_object?new_layer=false&objects=w1426436927", "id_url": "https://www.openstreetmap.org/edit?editor=id&way=1426436927#map=20/59.9244222/10.8141908"}}, {"type": "Feature", "geometry": {"type": "Point", "coordinates": [10.8109281, 59.9242939]}, "properties": {"id": 1426436934, "feat_type": "way", "quality_categories": "missing_tags", "issue_ids": "[0]", "osm_url": "https://www.openstreetmap.org/way/1426436934", "josm_url": "http://127.0.0.1:8111/load_object?new_layer=false&objects=w1426436934", "id_url": "https://www.openstreetmap.org/edit?editor=id&way=1426436934#map=20/59.9242939/10.8109281"}}, {"type": "Feature", "geometry": {"type": "Point", "coordinates": [10.8146524, 59.9240826]}, "properties": {"id": 1426436936, "feat_type": "way", "quality_categories": "missing_tags", "issue_ids": "[0]", "osm_url": "https://www.openstreetmap.org/way/1426436936", "josm_url": "http://127.0.0.1:8111/load_object?new_layer=false&objects=w1426436936", "id_url": "https://www.openstreetmap.org/edit?editor=id&way=1426436936#map=20/59.9240826/10.8146524"}}, {"type": "Feature", "geometry": {"type": "Point", "coordinates": [10.8146003, 59.924233]}, "properties": {"id": 1426436937, "feat_type": "way", "quality_categories": "missing_tags", "issue_ids": "[0]", "osm_url": "https://www.openstreetmap.org/way/1426436937", "josm_url": "http://127.0.0.1:8111/load_object?new_layer=false&objects=w1426436937", "id_url": "https://www.openstreetmap.org/edit?editor=id&way=1426436937#map=20/59.924233/10.8146003"}}, {"type": "Feature", "geometry": {"type": "Point", "coordinates": [10.8084215, 59.9242765]}, "properties": {"id": 1426436938, "feat_type": "way", "quality_categories": "missing_tags", "issue_ids": "[0]", "osm_url": "https://www.openstreetmap.org/way/1426436938", "josm_url": "http://127.0.0.1:8111/load_object?new_layer=false&objects=w1426436938", "id_url": "https://www.openstreetmap.org/edit?editor=id&way=1426436938#map=20/59.9242765/10.8084215"}}, {"type": "Feature", "geometry": {"type": "Point", "coordinates": [10.844686, 59.92321]}, "properties": {"id": 1434440960, "feat_type": "way", "quality_categories": "missing_tags", "issue_ids": "[0]", "osm_url": "https://www.openstreetmap.org/way/1434440960", "josm_url": "http://127.0.0.1:8111/load_object?new_layer=false&objects=w1434440960", "id_url": "https://www.openstreetmap.org/edit?editor=id&way=1434440960#map=20/59.92321/10.844686"}}, {"type": "Feature", "geometry": {"type": "Point", "coordinates": [10.8462759, 59.9236407]}, "properties": {"id": 1434440961, "feat_type": "way", "quality_categories": "missing_tags", "issue_ids": "[0]", "osm_url": "https://www.openstreetmap.org/way/1434440961", "josm_url": "http://127.0.0.1:8111/load_object?new_layer=false&objects=w1434440961", "id_url": "https://www.openstreetmap.org/edit?editor=id&way=1434440961#map=20/59.9236407/10.8462759"}}, {"type": "Feature", "geometry": {"type": "Point", "coordinates": [10.846906, 59.9238257]}, "properties": {"id": 1434440962, "feat_type": "way", "quality_categories": "missing_tags", "issue_ids": "[0]", "osm_url": "https://www.openstreetmap.org/way/1434440962", "josm_url": "http://127.0.0.1:8111/load_object?new_layer=false&objects=w1434440962", "id_url": "https://www.openstreetmap.org/edit?editor=id&way=1434440962#map=20/59.9238257/10.846906"}}, {"type": "Feature", "geometry": {"type": "Point", "coordinates": [10.8472761, 59.9239343]}, "properties": {"id": 1434440963, "feat_type": "way", "quality_categories": "missing_tags", "issue_ids": "[0]", "osm_url": "https://www.openstreetmap.org/way/1434440963", "josm_url": "http://127.0.0.1:8111/load_object?new_layer=false&objects=w1434440963", "id_url": "https://www.openstreetmap.org/edit?editor=id&way=1434440963#map=20/59.9239343/10.8472761"}}, {"type": "Feature", "geometry": {"type": "Point", "coordinates": [10.799529, 59.9291205]}, "properties": {"id": 1443091266, "feat_type": "way", "quality_categories": "missing_tags", "issue_ids": "[0]", "osm_url": "https://www.openstreetmap.org/way/1443091266", "josm_url": "http://127.0.0.1:8111/load_object?new_layer=false&objects=w1443091266", "id_url": "https://www.openstreetmap.org/edit?editor=id&way=1443091266#map=20/59.9291205/10.799529"}}, {"type": "Feature", "geometry": {"type": "Point", "coordinates": [10.7170947, 59.9158025]}, "properties": {"id": 1451758616, "feat_type": "way", "quality_categories": "missing_tags", "issue_ids": "[0]", "osm_url": "https://www.openstreetmap.org/way/1451758616", "josm_url": "http://127.0.0.1:8111/load_object?new_layer=false&objects=w1451758616", "id_url": "https://www.openstreetmap.org/edit?editor=id&way=1451758616#map=20/59.9158025/10.7170947"}}, {"type": "Feature", "geometry": {"type": "Point", "coordinates": [10.831295, 59.9364783]}, "properties": {"id": 1453541157, "feat_type": "way", "quality_categories": "missing_tags", "issue_ids": "[0]", "osm_url": "https://www.openstreetmap.org/way/1453541157", "josm_url": "http://127.0.0.1:8111/load_object?new_layer=false&objects=w1453541157", "id_url": "https://www.openstreetmap.org/edit?editor=id&way=1453541157#map=20/59.9364783/10.831295"}}, {"type": "Feature", "geometry": {"type": "Point", "coordinates": [10.7259049, 59.9236237]}, "properties": {"id": 1454168831, "feat_type": "way", "quality_categories": "missing_tags", "issue_ids": "[0]", "osm_url": "https://www.openstreetmap.org/way/1454168831", "josm_url": "http://127.0.0.1:8111/load_object?new_layer=false&objects=w1454168831", "id_url": "https://www.openstreetmap.org/edit?editor=id&way=1454168831#map=20/59.9236237/10.7259049"}}, {"type": "Feature", "geometry": {"type": "Point", "coordinates": [10.8287114, 59.9379287]}, "properties": {"id": 1454875518, "feat_type": "way", "quality_categories": "missing_tags", "issue_ids": "[0]", "osm_url": "https://www.openstreetmap.org/way/1454875518", "josm_url": "http://127.0.0.1:8111/load_object?new_layer=false&objects=w1454875518", "id_url": "https://www.openstreetmap.org/edit?editor=id&way=1454875518#map=20/59.9379287/10.8287114"}}, {"type": "Feature", "geometry": {"type": "Point", "coordinates": [10.6371065, 59.9164839]}, "properties": {"id": 1455399344, "feat_type": "way", "quality_categories": "missing_tags", "issue_ids": "[0]", "osm_url": "https://www.openstreetmap.org/way/1455399344", "josm_url": "http://127.0.0.1:8111/load_object?new_layer=false&objects=w1455399344", "id_url": "https://www.openstreetmap.org/edit?editor=id&way=1455399344#map=20/59.9164839/10.6371065"}}, {"type": "Feature", "geometry": {"type": "Point", "coordinates": [10.6372772, 59.916181]}, "properties": {"id": 1455399345, "feat_type": "way", "quality_categories": "missing_tags", "issue_ids": "[0]", "osm_url": "https://www.openstreetmap.org/way/1455399345", "josm_url": "http://127.0.0.1:8111/load_object?new_layer=false&objects=w1455399345", "id_url": "https://www.openstreetmap.org/edit?editor=id&way=1455399345#map=20/59.916181/10.6372772"}}, {"type": "Feature", "geometry": {"type": "Point", "coordinates": [10.8257491, 59.9349951]}, "properties": {"id": 1456838472, "feat_type": "way", "quality_categories": "missing_tags", "issue_ids": "[0]", "osm_url": "https://www.openstreetmap.org/way/1456838472", "josm_url": "http://127.0.0.1:8111/load_object?new_layer=false&objects=w1456838472", "id_url": "https://www.openstreetmap.org/edit?editor=id&way=1456838472#map=20/59.9349951/10.8257491"}}, {"type": "Feature", "geometry": {"type": "Point", "coordinates": [10.8283103, 59.9361387]}, "properties": {"id": 1456838517, "feat_type": "way", "quality_categories": "missing_tags", "issue_ids": "[0]", "osm_url": "https://www.openstreetmap.org/way/1456838517", "josm_url": "http://127.0.0.1:8111/load_object?new_layer=false&objects=w1456838517", "id_url": "https://www.openstreetmap.org/edit?editor=id&way=1456838517#map=20/59.9361387/10.8283103"}}, {"type": "Feature", "geometry": {"type": "Point", "coordinates": [10.8425088, 59.9032584]}, "properties": {"id": 1458021485, "feat_type": "way", "quality_categories": "missing_tags", "issue_ids": "[0]", "osm_url": "https://www.openstreetmap.org/way/1458021485", "josm_url": "http://127.0.0.1:8111/load_object?new_layer=false&objects=w1458021485", "id_url": "https://www.openstreetmap.org/edit?editor=id&way=1458021485#map=20/59.9032584/10.8425088"}}, {"type": "Feature", "geometry": {"type": "Point", "coordinates": [10.8406877, 59.90378]}, "properties": {"id": 1458021495, "feat_type": "way", "quality_categories": "missing_tags", "issue_ids": "[0]", "osm_url": "https://www.openstreetmap.org/way/1458021495", "josm_url": "http://127.0.0.1:8111/load_object?new_layer=false&objects=w1458021495", "id_url": "https://www.openstreetmap.org/edit?editor=id&way=1458021495#map=20/59.90378/10.8406877"}}, {"type": "Feature", "geometry": {"type": "Point", "coordinates": [10.8822138, 59.938775]}, "properties": {"id": 1463462116, "feat_type": "way", "quality_categories": "missing_tags", "issue_ids": "[0]", "osm_url": "https://www.openstreetmap.org/way/1463462116", "josm_url": "http://127.0.0.1:8111/load_object?new_layer=false&objects=w1463462116", "id_url": "https://www.openstreetmap.org/edit?editor=id&way=1463462116#map=20/59.938775/10.8822138"}}, {"type": "Feature", "geometry": {"type": "Point", "coordinates": [10.8831281, 59.9395182]}, "properties": {"id": 1463462117, "feat_type": "way", "quality_categories": "missing_tags", "issue_ids": "[0]", "osm_url": "https://www.openstreetmap.org/way/1463462117", "josm_url": "http://127.0.0.1:8111/load_object?new_layer=false&objects=w1463462117", "id_url": "https://www.openstreetmap.org/edit?editor=id&way=1463462117#map=20/59.9395182/10.8831281"}}, {"type": "Feature", "geometry": {"type": "Point", "coordinates": [10.8603512, 59.924968]}, "properties": {"id": 1481757618, "feat_type": "way", "quality_categories": "missing_tags", "issue_ids": "[0]", "osm_url": "https://www.openstreetmap.org/way/1481757618", "josm_url": "http://127.0.0.1:8111/load_object?new_layer=false&objects=w1481757618", "id_url": "https://www.openstreetmap.org/edit?editor=id&way=1481757618#map=20/59.924968/10.8603512"}}, {"type": "Feature", "geometry": {"type": "Point", "coordinates": [10.654874, 59.9239023]}, "properties": {"id": 1498125734, "feat_type": "way", "quality_categories": "missing_tags", "issue_ids": "[0]", "osm_url": "https://www.openstreetmap.org/way/1498125734", "josm_url": "http://127.0.0.1:8111/load_object?new_layer=false&objects=w1498125734", "id_url": "https://www.openstreetmap.org/edit?editor=id&way=1498125734#map=20/59.9239023/10.654874"}}, {"type": "Feature", "geometry": {"type": "Point", "coordinates": [10.6546102, 59.9233097]}, "properties": {"id": 1498125736, "feat_type": "way", "quality_categories": "missing_tags", "issue_ids": "[0]", "osm_url": "https://www.openstreetmap.org/way/1498125736", "josm_url": "http://127.0.0.1:8111/load_object?new_layer=false&objects=w1498125736", "id_url": "https://www.openstreetmap.org/edit?editor=id&way=1498125736#map=20/59.9233097/10.6546102"}}, {"type": "Feature", "geometry": {"type": "Point", "coordinates": [10.6740958, 59.9419175]}, "properties": {"id": 1510450820, "feat_type": "way", "quality_categories": "missing_tags", "issue_ids": "[0]", "osm_url": "https://www.openstreetmap.org/way/1510450820", "josm_url": "http://127.0.0.1:8111/load_object?new_layer=false&objects=w1510450820", "id_url": "https://www.openstreetmap.org/edit?editor=id&way=1510450820#map=20/59.9419175/10.6740958"}}, {"type": "Feature", "geometry": {"type": "Point", "coordinates": [10.7269129, 59.9314647]}, "properties": {"id": 1523788877, "feat_type": "way", "quality_categories": "missing_tags", "issue_ids": "[0]", "osm_url": "https://www.openstreetmap.org/way/1523788877", "josm_url": "http://127.0.0.1:8111/load_object?new_layer=false&objects=w1523788877", "id_url": "https://www.openstreetmap.org/edit?editor=id&way=1523788877#map=20/59.9314647/10.7269129"}}, {"type": "Feature", "geometry": {"type": "Point", "coordinates": [10.7270446, 59.9314426]}, "properties": {"id": 1523788878, "feat_type": "way", "quality_categories": "missing_tags", "issue_ids": "[0]", "osm_url": "https://www.openstreetmap.org/way/1523788878", "josm_url": "http://127.0.0.1:8111/load_object?new_layer=false&objects=w1523788878", "id_url": "https://www.openstreetmap.org/edit?editor=id&way=1523788878#map=20/59.9314426/10.7270446"}}, {"type": "Feature", "geometry": {"type": "Point", "coordinates": [10.6666405, 59.9360498]}, "properties": {"id": 1525662609, "feat_type": "way", "quality_categories": "missing_tags", "issue_ids": "[0]", "osm_url": "https://www.openstreetmap.org/way/1525662609", "josm_url": "http://127.0.0.1:8111/load_object?new_layer=false&objects=w1525662609", "id_url": "https://www.openstreetmap.org/edit?editor=id&way=1525662609#map=20/59.9360498/10.6666405"}}, {"type": "Feature", "geometry": {"type": "Point", "coordinates": [10.7383601, 59.9267092]}, "properties": {"id": 1533199830, "feat_type": "way", "quality_categories": "missing_tags", "issue_ids": "[0]", "osm_url": "https://www.openstreetmap.org/way/1533199830", "josm_url": "http://127.0.0.1:8111/load_object?new_layer=false&objects=w1533199830", "id_url": "https://www.openstreetmap.org/edit?editor=id&way=1533199830#map=20/59.9267092/10.7383601"}}, {"type": "Feature", "geometry": {"type": "Point", "coordinates": [10.7590992, 59.9133712]}, "properties": {"id": 1533324683, "feat_type": "way", "quality_categories": "missing_tags", "issue_ids": "[0]", "osm_url": "https://www.openstreetmap.org/way/1533324683", "josm_url": "http://127.0.0.1:8111/load_object?new_layer=false&objects=w1533324683", "id_url": "https://www.openstreetmap.org/edit?editor=id&way=1533324683#map=20/59.9133712/10.7590992"}}, {"type": "Feature", "geometry": {"type": "Point", "coordinates": [10.7589907, 59.9132481]}, "properties": {"id": 1533324684, "feat_type": "way", "quality_categories": "missing_tags", "issue_ids": "[0]", "osm_url": "https://www.openstreetmap.org/way/1533324684", "josm_url": "http://127.0.0.1:8111/load_object?new_layer=false&objects=w1533324684", "id_url": "https://www.openstreetmap.org/edit?editor=id&way=1533324684#map=20/59.9132481/10.7589907"}}, {"type": "Feature", "geometry": {"type": "Point", "coordinates": [10.6458411, 59.9474634]}, "properties": {"id": 1545696749, "feat_type": "way", "quality_categories": "missing_tags", "issue_ids": "[0]", "osm_url": "https://www.openstreetmap.org/way/1545696749", "josm_url": "http://127.0.0.1:8111/load_object?new_layer=false&objects=w1545696749", "id_url": "https://www.openstreetmap.org/edit?editor=id&way=1545696749#map=20/59.9474634/10.6458411"}}, {"type": "Feature", "geometry": {"type": "Point", "coordinates": [10.6458034, 59.9473636]}, "properties": {"id": 1545696760, "feat_type": "way", "quality_categories": "missing_tags", "issue_ids": "[0]", "osm_url": "https://www.openstreetmap.org/way/1545696760", "josm_url": "http://127.0.0.1:8111/load_object?new_layer=false&objects=w1545696760", "id_url": "https://www.openstreetmap.org/edit?editor=id&way=1545696760#map=20/59.9473636/10.6458034"}}, {"type": "Feature", "geometry": {"type": "Point", "coordinates": [10.6447255, 59.9497659]}, "properties": {"id": 1545696764, "feat_type": "way", "quality_categories": "missing_tags", "issue_ids": "[0]", "osm_url": "https://www.openstreetmap.org/way/1545696764", "josm_url": "http://127.0.0.1:8111/load_object?new_layer=false&objects=w1545696764", "id_url": "https://www.openstreetmap.org/edit?editor=id&way=1545696764#map=20/59.9497659/10.6447255"}}, {"type": "Feature", "geometry": {"type": "Point", "coordinates": [10.6459135, 59.9475042]}, "properties": {"id": 1545696765, "feat_type": "way", "quality_categories": "missing_tags", "issue_ids": "[0]", "osm_url": "https://www.openstreetmap.org/way/1545696765", "josm_url": "http://127.0.0.1:8111/load_object?new_layer=false&objects=w1545696765", "id_url": "https://www.openstreetmap.org/edit?editor=id&way=1545696765#map=20/59.9475042/10.6459135"}}, {"type": "Feature", "geometry": {"type": "Point", "coordinates": [10.7985274, 59.9419223]}, "properties": {"id": 1547920369, "feat_type": "way", "quality_categories": "missing_tags", "issue_ids": "[0]", "osm_url": "https://www.openstreetmap.org/way/1547920369", "josm_url": "http://127.0.0.1:8111/load_object?new_layer=false&objects=w1547920369", "id_url": "https://www.openstreetmap.org/edit?editor=id&way=1547920369#map=20/59.9419223/10.7985274"}}, {"type": "Feature", "geometry": {"type": "Point", "coordinates": [10.7644511, 59.9099032]}, "properties": {"id": 1549774074, "feat_type": "way", "quality_categories": "missing_tags", "issue_ids": "[0]", "osm_url": "https://www.openstreetmap.org/way/1549774074", "josm_url": "http://127.0.0.1:8111/load_object?new_layer=false&objects=w1549774074", "id_url": "https://www.openstreetmap.org/edit?editor=id&way=1549774074#map=20/59.9099032/10.7644511"}}, {"type": "Feature", "geometry": {"type": "Point", "coordinates": [10.7643028, 59.9097767]}, "properties": {"id": 1549774078, "feat_type": "way", "quality_categories": "missing_tags", "issue_ids": "[0]", "osm_url": "https://www.openstreetmap.org/way/1549774078", "josm_url": "http://127.0.0.1:8111/load_object?new_layer=false&objects=w1549774078", "id_url": "https://www.openstreetmap.org/edit?editor=id&way=1549774078#map=20/59.9097767/10.7643028"}}, {"type": "Feature", "geometry": {"type": "Point", "coordinates": [10.749966, 59.9538911]}, "properties": {"id": 1551296120, "feat_type": "way", "quality_categories": "missing_tags", "issue_ids": "[0]", "osm_url": "https://www.openstreetmap.org/way/1551296120", "josm_url": "http://127.0.0.1:8111/load_object?new_layer=false&objects=w1551296120", "id_url": "https://www.openstreetmap.org/edit?editor=id&way=1551296120#map=20/59.9538911/10.749966"}}, {"type": "Feature", "geometry": {"type": "Point", "coordinates": [10.7293259, 59.9507017]}, "properties": {"id": 1551296135, "feat_type": "way", "quality_categories": "missing_tags", "issue_ids": "[0]", "osm_url": "https://www.openstreetmap.org/way/1551296135", "josm_url": "http://127.0.0.1:8111/load_object?new_layer=false&objects=w1551296135", "id_url": "https://www.openstreetmap.org/edit?editor=id&way=1551296135#map=20/59.9507017/10.7293259"}}, {"type": "Feature", "geometry": {"type": "Point", "coordinates": [10.7571117, 59.9615039]}, "properties": {"id": 1551808148, "feat_type": "way", "quality_categories": "missing_tags", "issue_ids": "[0]", "osm_url": "https://www.openstreetmap.org/way/1551808148", "josm_url": "http://127.0.0.1:8111/load_object?new_layer=false&objects=w1551808148", "id_url": "https://www.openstreetmap.org/edit?editor=id&way=1551808148#map=20/59.9615039/10.7571117"}}, {"type": "Feature", "geometry": {"type": "Point", "coordinates": [10.706977, 59.9348886]}, "properties": {"id": 1552279832, "feat_type": "way", "quality_categories": "missing_tags", "issue_ids": "[0]", "osm_url": "https://www.openstreetmap.org/way/1552279832", "josm_url": "http://127.0.0.1:8111/load_object?new_layer=false&objects=w1552279832", "id_url": "https://www.openstreetmap.org/edit?editor=id&way=1552279832#map=20/59.9348886/10.706977"}}, {"type": "Feature", "geometry": {"type": "Point", "coordinates": [10.6769109, 59.9320658]}, "properties": {"id": 1552289578, "feat_type": "way", "quality_categories": "missing_tags", "issue_ids": "[0]", "osm_url": "https://www.openstreetmap.org/way/1552289578", "josm_url": "http://127.0.0.1:8111/load_object?new_layer=false&objects=w1552289578", "id_url": "https://www.openstreetmap.org/edit?editor=id&way=1552289578#map=20/59.9320658/10.6769109"}}, {"type": "Feature", "geometry": {"type": "Point", "coordinates": [10.7295235, 59.9441787]}, "properties": {"id": 1552292140, "feat_type": "way", "quality_categories": "missing_tags", "issue_ids": "[0]", "osm_url": "https://www.openstreetmap.org/way/1552292140", "josm_url": "http://127.0.0.1:8111/load_object?new_layer=false&objects=w1552292140", "id_url": "https://www.openstreetmap.org/edit?editor=id&way=1552292140#map=20/59.9441787/10.7295235"}}]}