{"type": "FeatureCollection", "features": [{"type": "Feature", "geometry": {"type": "Point", "coordinates": [10.8636105, 59.9298888]}, "properties": {"id": 4272902, "feat_type": "way", "quality_categories": "older_than_five_years", "issue_ids": "[0]", "osm_url": "https://www.openstreetmap.org/way/4272902", "josm_url": "http://127.0.0.1:8111/load_object?new_layer=false&objects=w4272902", "id_url": "https://www.openstreetmap.org/edit?editor=id&way=4272902#map=20/59.9298888/10.8636105"}}, {"type": "Feature", "geometry": {"type": "Point", "coordinates": [10.7464079, 59.908473]}, "properties": {"id": 5089195, "feat_type": "way", "quality_categories": "older_than_five_years", "issue_ids": "[1]", "osm_url": "https://www.openstreetmap.org/way/5089195", "josm_url": "http://127.0.0.1:8111/load_object?new_layer=false&objects=w5089195", "id_url": "https://www.openstreetmap.org/edit?editor=id&way=5089195#map=20/59.908473/10.7464079"}}, {"type": "Feature", "geometry": {"type": "Point", "coordinates": [10.7727124, 59.9151248]}, "properties": {"id": 5235905, "feat_type": "way", "quality_categories": "older_than_five_years", "issue_ids": "[2]", "osm_url": "https://www.openstreetmap.org/way/5235905", "josm_url": "http://127.0.0.1:8111/load_object?new_layer=false&objects=w5235905", "id_url": "https://www.openstreetmap.org/edit?editor=id&way=5235905#map=20/59.9151248/10.7727124"}}, {"type": "Feature", "geometry": {"type": "Point", "coordinates": [10.9219464, 59.9523659]}, "properties": {"id": 6005230, "feat_type": "way", "quality_categories": "missing_tags, older_than_five_years", "issue_ids": "[3, 4]", "osm_url": "https://www.openstreetmap.org/way/6005230", "josm_url": "http://127.0.0.1:8111/load_object?new_layer=false&objects=w6005230", "id_url": "https://www.openstreetmap.org/edit?editor=id&way=6005230#map=20/59.9523659/10.9219464"}}, {"type": "Feature", "geometry": {"type": "Point", "coordinates": [10.9297349, 59.9368133]}, "properties": {"id": 12528363, "feat_type": "way", "quality_categories": "missing_tags, older_than_five_years", "issue_ids": "[5, 4]", "osm_url": "https://www.openstreetmap.org/way/12528363", "josm_url": "http://127.0.0.1:8111/load_object?new_layer=false&objects=w12528363", "id_url": "https://www.openstreetmap.org/edit?editor=id&way=12528363#map=20/59.9368133/10.9297349"}}, {"type": "Feature", "geometry": {"type": "Point", "coordinates": [10.8291025, 59.8499021]}, "properties": {"id": 23761162, "feat_type": "way", "quality_categories": "older_than_five_years", "issue_ids": "[6]", "osm_url": "https://www.openstreetmap.org/way/23761162", "josm_url": "http://127.0.0.1:8111/load_object?new_layer=false&objects=w23761162", "id_url": "https://www.openstreetmap.org/edit?editor=id&way=23761162#map=20/59.8499021/10.8291025"}}, {"type": "Feature", "geometry": {"type": "Point", "coordinates": [10.7545259, 59.9070408]}, "properties": {"id": 24469656, "feat_type": "way", "quality_categories": "older_than_five_years", "issue_ids": "[7]", "osm_url": "https://www.openstreetmap.org/way/24469656", "josm_url": "http://127.0.0.1:8111/load_object?new_layer=false&objects=w24469656", "id_url": "https://www.openstreetmap.org/edit?editor=id&way=24469656#map=20/59.9070408/10.7545259"}}, {"type": "Feature", "geometry": {"type": "Point", "coordinates": [10.8048385, 59.8960752]}, "properties": {"id": 24483384, "feat_type": "way", "quality_categories": "older_than_five_years", "issue_ids": "[8]", "osm_url": "https://www.openstreetmap.org/way/24483384", "josm_url": "http://127.0.0.1:8111/load_object?new_layer=false&objects=w24483384", "id_url": "https://www.openstreetmap.org/edit?editor=id&way=24483384#map=20/59.8960752/10.8048385"}}, {"type": "Feature", "geometry": {"type": "Point", "coordinates": [10.8427522, 59.9238074]}, "properties": {"id": 26566413, "feat_type": "way", "quality_categories": "older_than_five_years", "issue_ids": "[0]", "osm_url": "https://www.openstreetmap.org/way/26566413", "josm_url": "http://127.0.0.1:8111/load_object?new_layer=false&objects=w26566413", "id_url": "https://www.openstreetmap.org/edit?editor=id&way=26566413#map=20/59.9238074/10.8427522"}}, {"type": "Feature", "geometry": {"type": "Point", "coordinates": [10.796689, 59.8349047]}, "properties": {"id": 28150263, "feat_type": "way", "quality_categories": "older_than_five_years", "issue_ids": "[9]", "osm_url": "https://www.openstreetmap.org/way/28150263", "josm_url": "http://127.0.0.1:8111/load_object?new_layer=false&objects=w28150263", "id_url": "https://www.openstreetmap.org/edit?editor=id&way=28150263#map=20/59.8349047/10.796689"}}, {"type": "Feature", "geometry": {"type": "Point", "coordinates": [10.7647981, 59.9489307]}, "properties": {"id": 34022412, "feat_type": "way", "quality_categories": "older_than_five_years", "issue_ids": "[10]", "osm_url": "https://www.openstreetmap.org/way/34022412", "josm_url": "http://127.0.0.1:8111/load_object?new_layer=false&objects=w34022412", "id_url": "https://www.openstreetmap.org/edit?editor=id&way=34022412#map=20/59.9489307/10.7647981"}}, {"type": "Feature", "geometry": {"type": "Point", "coordinates": [10.7647845, 59.9488586]}, "properties": {"id": 34078742, "feat_type": "way", "quality_categories": "older_than_five_years", "issue_ids": "[10]", "osm_url": "https://www.openstreetmap.org/way/34078742", "josm_url": "http://127.0.0.1:8111/load_object?new_layer=false&objects=w34078742", "id_url": "https://www.openstreetmap.org/edit?editor=id&way=34078742#map=20/59.9488586/10.7647845"}}, {"type": "Feature", "geometry": {"type": "Point", "coordinates": [10.7651243, 59.9142777]}, "properties": {"id": 36972579, "feat_type": "way", "quality_categories": "older_than_five_years", "issue_ids": "[11]", "osm_url": "https://www.openstreetmap.org/way/36972579", "josm_url": "http://127.0.0.1:8111/load_object?new_layer=false&objects=w36972579", "id_url": "https://www.openstreetmap.org/edit?editor=id&way=36972579#map=20/59.9142777/10.7651243"}}, {"type": "Feature", "geometry": {"type": "Point", "coordinates": [10.7961119, 59.8230531]}, "properties": {"id": 48805054, "feat_type": "way", "quality_categories": "older_than_five_years", "issue_ids": "[12]", "osm_url": "https://www.openstreetmap.org/way/48805054", "josm_url": "http://127.0.0.1:8111/load_object?new_layer=false&objects=w48805054", "id_url": "https://www.openstreetmap.org/edit?editor=id&way=48805054#map=20/59.8230531/10.7961119"}}, {"type": "Feature", "geometry": {"type": "Point", "coordinates": [10.8899681, 59.9613366]}, "properties": {"id": 60349392, "feat_type": "way", "quality_categories": "older_than_five_years", "issue_ids": "[13]", "osm_url": "https://www.openstreetmap.org/way/60349392", "josm_url": "http://127.0.0.1:8111/load_object?new_layer=false&objects=w60349392", "id_url": "https://www.openstreetmap.org/edit?editor=id&way=60349392#map=20/59.9613366/10.8899681"}}, {"type": "Feature", "geometry": {"type": "Point", "coordinates": [10.8828767, 59.9583679]}, "properties": {"id": 60349482, "feat_type": "way", "quality_categories": "older_than_five_years", "issue_ids": "[14]", "osm_url": "https://www.openstreetmap.org/way/60349482", "josm_url": "http://127.0.0.1:8111/load_object?new_layer=false&objects=w60349482", "id_url": "https://www.openstreetmap.org/edit?editor=id&way=60349482#map=20/59.9583679/10.8828767"}}, {"type": "Feature", "geometry": {"type": "Point", "coordinates": [10.6485403, 59.946345]}, "properties": {"id": 71537407, "feat_type": "way", "quality_categories": "older_than_five_years", "issue_ids": "[15]", "osm_url": "https://www.openstreetmap.org/way/71537407", "josm_url": "http://127.0.0.1:8111/load_object?new_layer=false&objects=w71537407", "id_url": "https://www.openstreetmap.org/edit?editor=id&way=71537407#map=20/59.946345/10.6485403"}}, {"type": "Feature", "geometry": {"type": "Point", "coordinates": [10.8828295, 59.9594127]}, "properties": {"id": 71769303, "feat_type": "way", "quality_categories": "older_than_five_years", "issue_ids": "[14]", "osm_url": "https://www.openstreetmap.org/way/71769303", "josm_url": "http://127.0.0.1:8111/load_object?new_layer=false&objects=w71769303", "id_url": "https://www.openstreetmap.org/edit?editor=id&way=71769303#map=20/59.9594127/10.8828295"}}, {"type": "Feature", "geometry": {"type": "Point", "coordinates": [10.8828072, 59.959815]}, "properties": {"id": 71769311, "feat_type": "way", "quality_categories": "older_than_five_years", "issue_ids": "[14]", "osm_url": "https://www.openstreetmap.org/way/71769311", "josm_url": "http://127.0.0.1:8111/load_object?new_layer=false&objects=w71769311", "id_url": "https://www.openstreetmap.org/edit?editor=id&way=71769311#map=20/59.959815/10.8828072"}}, {"type": "Feature", "geometry": {"type": "Point", "coordinates": [10.8666354, 59.9529328]}, "properties": {"id": 72146925, "feat_type": "way", "quality_categories": "older_than_five_years", "issue_ids": "[16]", "osm_url": "https://www.openstreetmap.org/way/72146925", "josm_url": "http://127.0.0.1:8111/load_object?new_layer=false&objects=w72146925", "id_url": "https://www.openstreetmap.org/edit?editor=id&way=72146925#map=20/59.9529328/10.8666354"}}, {"type": "Feature", "geometry": {"type": "Point", "coordinates": [10.6447493, 59.9474402]}, "properties": {"id": 73076595, "feat_type": "way", "quality_categories": "older_than_five_years", "issue_ids": "[15]", "osm_url": "https://www.openstreetmap.org/way/73076595", "josm_url": "http://127.0.0.1:8111/load_object?new_layer=false&objects=w73076595", "id_url": "https://www.openstreetmap.org/edit?editor=id&way=73076595#map=20/59.9474402/10.6447493"}}, {"type": "Feature", "geometry": {"type": "Point", "coordinates": [10.6555721, 59.9463957]}, "properties": {"id": 74060512, "feat_type": "way", "quality_categories": "missing_tags, older_than_five_years", "issue_ids": "[17, 4]", "osm_url": "https://www.openstreetmap.org/way/74060512", "josm_url": "http://127.0.0.1:8111/load_object?new_layer=false&objects=w74060512", "id_url": "https://www.openstreetmap.org/edit?editor=id&way=74060512#map=20/59.9463957/10.6555721"}}, {"type": "Feature", "geometry": {"type": "Point", "coordinates": [10.8854228, 59.9525729]}, "properties": {"id": 80180479, "feat_type": "way", "quality_categories": "missing_tags, older_than_five_years", "issue_ids": "[18, 4]", "osm_url": "https://www.openstreetmap.org/way/80180479", "josm_url": "http://127.0.0.1:8111/load_object?new_layer=false&objects=w80180479", "id_url": "https://www.openstreetmap.org/edit?editor=id&way=80180479#map=20/59.9525729/10.8854228"}}, {"type": "Feature", "geometry": {"type": "Point", "coordinates": [10.8097558, 59.9426796]}, "properties": {"id": 80867483, "feat_type": "way", "quality_categories": "older_than_five_years", "issue_ids": "[19]", "osm_url": "https://www.openstreetmap.org/way/80867483", "josm_url": "http://127.0.0.1:8111/load_object?new_layer=false&objects=w80867483", "id_url": "https://www.openstreetmap.org/edit?editor=id&way=80867483#map=20/59.9426796/10.8097558"}}, {"type": "Feature", "geometry": {"type": "Point", "coordinates": [10.6665029, 59.9616849]}, "properties": {"id": 81164203, "feat_type": "way", "quality_categories": "older_than_five_years", "issue_ids": "[2]", "osm_url": "https://www.openstreetmap.org/way/81164203", "josm_url": "http://127.0.0.1:8111/load_object?new_layer=false&objects=w81164203", "id_url": "https://www.openstreetmap.org/edit?editor=id&way=81164203#map=20/59.9616849/10.6665029"}}, {"type": "Feature", "geometry": {"type": "Point", "coordinates": [10.8099603, 59.9429905]}, "properties": {"id": 82628533, "feat_type": "way", "quality_categories": "older_than_five_years", "issue_ids": "[20]", "osm_url": "https://www.openstreetmap.org/way/82628533", "josm_url": "http://127.0.0.1:8111/load_object?new_layer=false&objects=w82628533", "id_url": "https://www.openstreetmap.org/edit?editor=id&way=82628533#map=20/59.9429905/10.8099603"}}, {"type": "Feature", "geometry": {"type": "Point", "coordinates": [10.8094255, 59.9425935]}, "properties": {"id": 82628534, "feat_type": "way", "quality_categories": "older_than_five_years", "issue_ids": "[20]", "osm_url": "https://www.openstreetmap.org/way/82628534", "josm_url": "http://127.0.0.1:8111/load_object?new_layer=false&objects=w82628534", "id_url": "https://www.openstreetmap.org/edit?editor=id&way=82628534#map=20/59.9425935/10.8094255"}}, {"type": "Feature", "geometry": {"type": "Point", "coordinates": [10.8095931, 59.9428567]}, "properties": {"id": 82628536, "feat_type": "way", "quality_categories": "older_than_five_years", "issue_ids": "[20]", "osm_url": "https://www.openstreetmap.org/way/82628536", "josm_url": "http://127.0.0.1:8111/load_object?new_layer=false&objects=w82628536", "id_url": "https://www.openstreetmap.org/edit?editor=id&way=82628536#map=20/59.9428567/10.8095931"}}, {"type": "Feature", "geometry": {"type": "Point", "coordinates": [10.7661828, 59.9496538]}, "properties": {"id": 84360938, "feat_type": "way", "quality_categories": "older_than_five_years", "issue_ids": "[10]", "osm_url": "https://www.openstreetmap.org/way/84360938", "josm_url": "http://127.0.0.1:8111/load_object?new_layer=false&objects=w84360938", "id_url": "https://www.openstreetmap.org/edit?editor=id&way=84360938#map=20/59.9496538/10.7661828"}}, {"type": "Feature", "geometry": {"type": "Point", "coordinates": [10.765179, 59.9498238]}, "properties": {"id": 84360955, "feat_type": "way", "quality_categories": "older_than_five_years", "issue_ids": "[21]", "osm_url": "https://www.openstreetmap.org/way/84360955", "josm_url": "http://127.0.0.1:8111/load_object?new_layer=false&objects=w84360955", "id_url": "https://www.openstreetmap.org/edit?editor=id&way=84360955#map=20/59.9498238/10.765179"}}, {"type": "Feature", "geometry": {"type": "Point", "coordinates": [10.8163173, 59.9082074]}, "properties": {"id": 93672390, "feat_type": "way", "quality_categories": "older_than_five_years", "issue_ids": "[22]", "osm_url": "https://www.openstreetmap.org/way/93672390", "josm_url": "http://127.0.0.1:8111/load_object?new_layer=false&objects=w93672390", "id_url": "https://www.openstreetmap.org/edit?editor=id&way=93672390#map=20/59.9082074/10.8163173"}}, {"type": "Feature", "geometry": {"type": "Point", "coordinates": [10.8071737, 59.8879507]}, "properties": {"id": 95527890, "feat_type": "way", "quality_categories": "older_than_five_years", "issue_ids": "[23]", "osm_url": "https://www.openstreetmap.org/way/95527890", "josm_url": "http://127.0.0.1:8111/load_object?new_layer=false&objects=w95527890", "id_url": "https://www.openstreetmap.org/edit?editor=id&way=95527890#map=20/59.8879507/10.8071737"}}, {"type": "Feature", "geometry": {"type": "Point", "coordinates": [10.8090423, 59.8899121]}, "properties": {"id": 95527895, "feat_type": "way", "quality_categories": "older_than_five_years", "issue_ids": "[23]", "osm_url": "https://www.openstreetmap.org/way/95527895", "josm_url": "http://127.0.0.1:8111/load_object?new_layer=false&objects=w95527895", "id_url": "https://www.openstreetmap.org/edit?editor=id&way=95527895#map=20/59.8899121/10.8090423"}}, {"type": "Feature", "geometry": {"type": "Point", "coordinates": [10.8078795, 59.8883514]}, "properties": {"id": 95527903, "feat_type": "way", "quality_categories": "older_than_five_years", "issue_ids": "[23]", "osm_url": "https://www.openstreetmap.org/way/95527903", "josm_url": "http://127.0.0.1:8111/load_object?new_layer=false&objects=w95527903", "id_url": "https://www.openstreetmap.org/edit?editor=id&way=95527903#map=20/59.8883514/10.8078795"}}, {"type": "Feature", "geometry": {"type": "Point", "coordinates": [10.8066591, 59.8877777]}, "properties": {"id": 95527906, "feat_type": "way", "quality_categories": "older_than_five_years", "issue_ids": "[23]", "osm_url": "https://www.openstreetmap.org/way/95527906", "josm_url": "http://127.0.0.1:8111/load_object?new_layer=false&objects=w95527906", "id_url": "https://www.openstreetmap.org/edit?editor=id&way=95527906#map=20/59.8877777/10.8066591"}}, {"type": "Feature", "geometry": {"type": "Point", "coordinates": [10.806209, 59.8876617]}, "properties": {"id": 95527912, "feat_type": "way", "quality_categories": "older_than_five_years", "issue_ids": "[23]", "osm_url": "https://www.openstreetmap.org/way/95527912", "josm_url": "http://127.0.0.1:8111/load_object?new_layer=false&objects=w95527912", "id_url": "https://www.openstreetmap.org/edit?editor=id&way=95527912#map=20/59.8876617/10.806209"}}, {"type": "Feature", "geometry": {"type": "Point", "coordinates": [10.7831152, 59.9364998]}, "properties": {"id": 102296670, "feat_type": "way", "quality_categories": "older_than_five_years", "issue_ids": "[19]", "osm_url": "https://www.openstreetmap.org/way/102296670", "josm_url": "http://127.0.0.1:8111/load_object?new_layer=false&objects=w102296670", "id_url": "https://www.openstreetmap.org/edit?editor=id&way=102296670#map=20/59.9364998/10.7831152"}}, {"type": "Feature", "geometry": {"type": "Point", "coordinates": [10.7978123, 59.9409637]}, "properties": {"id": 106194681, "feat_type": "way", "quality_categories": "older_than_five_years", "issue_ids": "[0]", "osm_url": "https://www.openstreetmap.org/way/106194681", "josm_url": "http://127.0.0.1:8111/load_object?new_layer=false&objects=w106194681", "id_url": "https://www.openstreetmap.org/edit?editor=id&way=106194681#map=20/59.9409637/10.7978123"}}, {"type": "Feature", "geometry": {"type": "Point", "coordinates": [10.7275774, 59.9201744]}, "properties": {"id": 107919304, "feat_type": "way", "quality_categories": "older_than_five_years", "issue_ids": "[24]", "osm_url": "https://www.openstreetmap.org/way/107919304", "josm_url": "http://127.0.0.1:8111/load_object?new_layer=false&objects=w107919304", "id_url": "https://www.openstreetmap.org/edit?editor=id&way=107919304#map=20/59.9201744/10.7275774"}}, {"type": "Feature", "geometry": {"type": "Point", "coordinates": [10.7326314, 59.9209464]}, "properties": {"id": 107958883, "feat_type": "way", "quality_categories": "older_than_five_years", "issue_ids": "[19]", "osm_url": "https://www.openstreetmap.org/way/107958883", "josm_url": "http://127.0.0.1:8111/load_object?new_layer=false&objects=w107958883", "id_url": "https://www.openstreetmap.org/edit?editor=id&way=107958883#map=20/59.9209464/10.7326314"}}, {"type": "Feature", "geometry": {"type": "Point", "coordinates": [10.7594158, 59.9178487]}, "properties": {"id": 108037336, "feat_type": "way", "quality_categories": "older_than_five_years", "issue_ids": "[25]", "osm_url": "https://www.openstreetmap.org/way/108037336", "josm_url": "http://127.0.0.1:8111/load_object?new_layer=false&objects=w108037336", "id_url": "https://www.openstreetmap.org/edit?editor=id&way=108037336#map=20/59.9178487/10.7594158"}}, {"type": "Feature", "geometry": {"type": "Point", "coordinates": [10.7595628, 59.9173918]}, "properties": {"id": 108037347, "feat_type": "way", "quality_categories": "older_than_five_years", "issue_ids": "[26]", "osm_url": "https://www.openstreetmap.org/way/108037347", "josm_url": "http://127.0.0.1:8111/load_object?new_layer=false&objects=w108037347", "id_url": "https://www.openstreetmap.org/edit?editor=id&way=108037347#map=20/59.9173918/10.7595628"}}, {"type": "Feature", "geometry": {"type": "Point", "coordinates": [10.7589267, 59.9177218]}, "properties": {"id": 108037349, "feat_type": "way", "quality_categories": "older_than_five_years", "issue_ids": "[27]", "osm_url": "https://www.openstreetmap.org/way/108037349", "josm_url": "http://127.0.0.1:8111/load_object?new_layer=false&objects=w108037349", "id_url": "https://www.openstreetmap.org/edit?editor=id&way=108037349#map=20/59.9177218/10.7589267"}}, {"type": "Feature", "geometry": {"type": "Point", "coordinates": [10.7684805, 59.9205622]}, "properties": {"id": 108037370, "feat_type": "way", "quality_categories": "older_than_five_years", "issue_ids": "[28]", "osm_url": "https://www.openstreetmap.org/way/108037370", "josm_url": "http://127.0.0.1:8111/load_object?new_layer=false&objects=w108037370", "id_url": "https://www.openstreetmap.org/edit?editor=id&way=108037370#map=20/59.9205622/10.7684805"}}, {"type": "Feature", "geometry": {"type": "Point", "coordinates": [10.7598345, 59.914567]}, "properties": {"id": 108165761, "feat_type": "way", "quality_categories": "older_than_five_years", "issue_ids": "[29]", "osm_url": "https://www.openstreetmap.org/way/108165761", "josm_url": "http://127.0.0.1:8111/load_object?new_layer=false&objects=w108165761", "id_url": "https://www.openstreetmap.org/edit?editor=id&way=108165761#map=20/59.914567/10.7598345"}}, {"type": "Feature", "geometry": {"type": "Point", "coordinates": [10.7581955, 59.9145991]}, "properties": {"id": 108165764, "feat_type": "way", "quality_categories": "older_than_five_years", "issue_ids": "[30]", "osm_url": "https://www.openstreetmap.org/way/108165764", "josm_url": "http://127.0.0.1:8111/load_object?new_layer=false&objects=w108165764", "id_url": "https://www.openstreetmap.org/edit?editor=id&way=108165764#map=20/59.9145991/10.7581955"}}, {"type": "Feature", "geometry": {"type": "Point", "coordinates": [10.7596993, 59.9160784]}, "properties": {"id": 108165770, "feat_type": "way", "quality_categories": "older_than_five_years", "issue_ids": "[26]", "osm_url": "https://www.openstreetmap.org/way/108165770", "josm_url": "http://127.0.0.1:8111/load_object?new_layer=false&objects=w108165770", "id_url": "https://www.openstreetmap.org/edit?editor=id&way=108165770#map=20/59.9160784/10.7596993"}}, {"type": "Feature", "geometry": {"type": "Point", "coordinates": [10.7600391, 59.9152668]}, "properties": {"id": 108165774, "feat_type": "way", "quality_categories": "older_than_five_years", "issue_ids": "[31]", "osm_url": "https://www.openstreetmap.org/way/108165774", "josm_url": "http://127.0.0.1:8111/load_object?new_layer=false&objects=w108165774", "id_url": "https://www.openstreetmap.org/edit?editor=id&way=108165774#map=20/59.9152668/10.7600391"}}, {"type": "Feature", "geometry": {"type": "Point", "coordinates": [10.7598494, 59.9150742]}, "properties": {"id": 108165778, "feat_type": "way", "quality_categories": "older_than_five_years", "issue_ids": "[29]", "osm_url": "https://www.openstreetmap.org/way/108165778", "josm_url": "http://127.0.0.1:8111/load_object?new_layer=false&objects=w108165778", "id_url": "https://www.openstreetmap.org/edit?editor=id&way=108165778#map=20/59.9150742/10.7598494"}}, {"type": "Feature", "geometry": {"type": "Point", "coordinates": [10.7619567, 59.9164865]}, "properties": {"id": 108165784, "feat_type": "way", "quality_categories": "older_than_five_years", "issue_ids": "[32]", "osm_url": "https://www.openstreetmap.org/way/108165784", "josm_url": "http://127.0.0.1:8111/load_object?new_layer=false&objects=w108165784", "id_url": "https://www.openstreetmap.org/edit?editor=id&way=108165784#map=20/59.9164865/10.7619567"}}, {"type": "Feature", "geometry": {"type": "Point", "coordinates": [10.7299407, 59.9383966]}, "properties": {"id": 108209938, "feat_type": "way", "quality_categories": "older_than_five_years", "issue_ids": "[33]", "osm_url": "https://www.openstreetmap.org/way/108209938", "josm_url": "http://127.0.0.1:8111/load_object?new_layer=false&objects=w108209938", "id_url": "https://www.openstreetmap.org/edit?editor=id&way=108209938#map=20/59.9383966/10.7299407"}}, {"type": "Feature", "geometry": {"type": "Point", "coordinates": [10.7674402, 59.9021045]}, "properties": {"id": 108257206, "feat_type": "way", "quality_categories": "older_than_five_years, uncanny_keys", "issue_ids": "[34, 35]", "osm_url": "https://www.openstreetmap.org/way/108257206", "josm_url": "http://127.0.0.1:8111/load_object?new_layer=false&objects=w108257206", "id_url": "https://www.openstreetmap.org/edit?editor=id&way=108257206#map=20/59.9021045/10.7674402"}}, {"type": "Feature", "geometry": {"type": "Point", "coordinates": [10.7902214, 59.8707267]}, "properties": {"id": 108257232, "feat_type": "way", "quality_categories": "older_than_five_years", "issue_ids": "[36]", "osm_url": "https://www.openstreetmap.org/way/108257232", "josm_url": "http://127.0.0.1:8111/load_object?new_layer=false&objects=w108257232", "id_url": "https://www.openstreetmap.org/edit?editor=id&way=108257232#map=20/59.8707267/10.7902214"}}, {"type": "Feature", "geometry": {"type": "Point", "coordinates": [10.7631669, 59.9273063]}, "properties": {"id": 108324360, "feat_type": "way", "quality_categories": "older_than_five_years", "issue_ids": "[37]", "osm_url": "https://www.openstreetmap.org/way/108324360", "josm_url": "http://127.0.0.1:8111/load_object?new_layer=false&objects=w108324360", "id_url": "https://www.openstreetmap.org/edit?editor=id&way=108324360#map=20/59.9273063/10.7631669"}}, {"type": "Feature", "geometry": {"type": "Point", "coordinates": [10.707624, 59.9236357]}, "properties": {"id": 109816175, "feat_type": "way", "quality_categories": "older_than_five_years", "issue_ids": "[38]", "osm_url": "https://www.openstreetmap.org/way/109816175", "josm_url": "http://127.0.0.1:8111/load_object?new_layer=false&objects=w109816175", "id_url": "https://www.openstreetmap.org/edit?editor=id&way=109816175#map=20/59.9236357/10.707624"}}, {"type": "Feature", "geometry": {"type": "Point", "coordinates": [10.7118147, 59.9269075]}, "properties": {"id": 109816177, "feat_type": "way", "quality_categories": "older_than_five_years", "issue_ids": "[39]", "osm_url": "https://www.openstreetmap.org/way/109816177", "josm_url": "http://127.0.0.1:8111/load_object?new_layer=false&objects=w109816177", "id_url": "https://www.openstreetmap.org/edit?editor=id&way=109816177#map=20/59.9269075/10.7118147"}}, {"type": "Feature", "geometry": {"type": "Point", "coordinates": [10.7112731, 59.926205]}, "properties": {"id": 109816189, "feat_type": "way", "quality_categories": "older_than_five_years", "issue_ids": "[39]", "osm_url": "https://www.openstreetmap.org/way/109816189", "josm_url": "http://127.0.0.1:8111/load_object?new_layer=false&objects=w109816189", "id_url": "https://www.openstreetmap.org/edit?editor=id&way=109816189#map=20/59.926205/10.7112731"}}, {"type": "Feature", "geometry": {"type": "Point", "coordinates": [10.7135546, 59.9295302]}, "properties": {"id": 109816199, "feat_type": "way", "quality_categories": "older_than_five_years", "issue_ids": "[40]", "osm_url": "https://www.openstreetmap.org/way/109816199", "josm_url": "http://127.0.0.1:8111/load_object?new_layer=false&objects=w109816199", "id_url": "https://www.openstreetmap.org/edit?editor=id&way=109816199#map=20/59.9295302/10.7135546"}}, {"type": "Feature", "geometry": {"type": "Point", "coordinates": [10.7062851, 59.9218439]}, "properties": {"id": 109816211, "feat_type": "way", "quality_categories": "older_than_five_years", "issue_ids": "[41]", "osm_url": "https://www.openstreetmap.org/way/109816211", "josm_url": "http://127.0.0.1:8111/load_object?new_layer=false&objects=w109816211", "id_url": "https://www.openstreetmap.org/edit?editor=id&way=109816211#map=20/59.9218439/10.7062851"}}, {"type": "Feature", "geometry": {"type": "Point", "coordinates": [10.7151385, 59.928614]}, "properties": {"id": 109816223, "feat_type": "way", "quality_categories": "older_than_five_years", "issue_ids": "[42]", "osm_url": "https://www.openstreetmap.org/way/109816223", "josm_url": "http://127.0.0.1:8111/load_object?new_layer=false&objects=w109816223", "id_url": "https://www.openstreetmap.org/edit?editor=id&way=109816223#map=20/59.928614/10.7151385"}}, {"type": "Feature", "geometry": {"type": "Point", "coordinates": [10.6871545, 59.9391263]}, "properties": {"id": 109827058, "feat_type": "way", "quality_categories": "older_than_five_years", "issue_ids": "[43]", "osm_url": "https://www.openstreetmap.org/way/109827058", "josm_url": "http://127.0.0.1:8111/load_object?new_layer=false&objects=w109827058", "id_url": "https://www.openstreetmap.org/edit?editor=id&way=109827058#map=20/59.9391263/10.6871545"}}, {"type": "Feature", "geometry": {"type": "Point", "coordinates": [10.6708628, 59.9419777]}, "properties": {"id": 109827090, "feat_type": "way", "quality_categories": "missing_tags, older_than_five_years", "issue_ids": "[44, 4]", "osm_url": "https://www.openstreetmap.org/way/109827090", "josm_url": "http://127.0.0.1:8111/load_object?new_layer=false&objects=w109827090", "id_url": "https://www.openstreetmap.org/edit?editor=id&way=109827090#map=20/59.9419777/10.6708628"}}, {"type": "Feature", "geometry": {"type": "Point", "coordinates": [10.6559914, 59.9464739]}, "properties": {"id": 109827106, "feat_type": "way", "quality_categories": "missing_tags, older_than_five_years", "issue_ids": "[17, 4]", "osm_url": "https://www.openstreetmap.org/way/109827106", "josm_url": "http://127.0.0.1:8111/load_object?new_layer=false&objects=w109827106", "id_url": "https://www.openstreetmap.org/edit?editor=id&way=109827106#map=20/59.9464739/10.6559914"}}, {"type": "Feature", "geometry": {"type": "Point", "coordinates": [10.6549946, 59.9464793]}, "properties": {"id": 109827126, "feat_type": "way", "quality_categories": "missing_tags, older_than_five_years", "issue_ids": "[17, 4]", "osm_url": "https://www.openstreetmap.org/way/109827126", "josm_url": "http://127.0.0.1:8111/load_object?new_layer=false&objects=w109827126", "id_url": "https://www.openstreetmap.org/edit?editor=id&way=109827126#map=20/59.9464793/10.6549946"}}, {"type": "Feature", "geometry": {"type": "Point", "coordinates": [10.6505213, 59.945801]}, "properties": {"id": 109827131, "feat_type": "way", "quality_categories": "missing_tags, older_than_five_years", "issue_ids": "[45, 4]", "osm_url": "https://www.openstreetmap.org/way/109827131", "josm_url": "http://127.0.0.1:8111/load_object?new_layer=false&objects=w109827131", "id_url": "https://www.openstreetmap.org/edit?editor=id&way=109827131#map=20/59.945801/10.6505213"}}, {"type": "Feature", "geometry": {"type": "Point", "coordinates": [10.6571835, 59.9448436]}, "properties": {"id": 109827132, "feat_type": "way", "quality_categories": "older_than_five_years", "issue_ids": "[15]", "osm_url": "https://www.openstreetmap.org/way/109827132", "josm_url": "http://127.0.0.1:8111/load_object?new_layer=false&objects=w109827132", "id_url": "https://www.openstreetmap.org/edit?editor=id&way=109827132#map=20/59.9448436/10.6571835"}}, {"type": "Feature", "geometry": {"type": "Point", "coordinates": [10.660113, 59.9469606]}, "properties": {"id": 109827158, "feat_type": "way", "quality_categories": "older_than_five_years", "issue_ids": "[1]", "osm_url": "https://www.openstreetmap.org/way/109827158", "josm_url": "http://127.0.0.1:8111/load_object?new_layer=false&objects=w109827158", "id_url": "https://www.openstreetmap.org/edit?editor=id&way=109827158#map=20/59.9469606/10.660113"}}, {"type": "Feature", "geometry": {"type": "Point", "coordinates": [10.6531499, 59.9454651]}, "properties": {"id": 109827162, "feat_type": "way", "quality_categories": "older_than_five_years", "issue_ids": "[15]", "osm_url": "https://www.openstreetmap.org/way/109827162", "josm_url": "http://127.0.0.1:8111/load_object?new_layer=false&objects=w109827162", "id_url": "https://www.openstreetmap.org/edit?editor=id&way=109827162#map=20/59.9454651/10.6531499"}}, {"type": "Feature", "geometry": {"type": "Point", "coordinates": [10.8833031, 59.9610727]}, "properties": {"id": 109938987, "feat_type": "way", "quality_categories": "older_than_five_years", "issue_ids": "[46]", "osm_url": "https://www.openstreetmap.org/way/109938987", "josm_url": "http://127.0.0.1:8111/load_object?new_layer=false&objects=w109938987", "id_url": "https://www.openstreetmap.org/edit?editor=id&way=109938987#map=20/59.9610727/10.8833031"}}, {"type": "Feature", "geometry": {"type": "Point", "coordinates": [10.7666746, 59.9043104]}, "properties": {"id": 111556685, "feat_type": "way", "quality_categories": "older_than_five_years", "issue_ids": "[47]", "osm_url": "https://www.openstreetmap.org/way/111556685", "josm_url": "http://127.0.0.1:8111/load_object?new_layer=false&objects=w111556685", "id_url": "https://www.openstreetmap.org/edit?editor=id&way=111556685#map=20/59.9043104/10.7666746"}}, {"type": "Feature", "geometry": {"type": "Point", "coordinates": [10.7667556, 59.9040774]}, "properties": {"id": 111556688, "feat_type": "way", "quality_categories": "older_than_five_years", "issue_ids": "[48]", "osm_url": "https://www.openstreetmap.org/way/111556688", "josm_url": "http://127.0.0.1:8111/load_object?new_layer=false&objects=w111556688", "id_url": "https://www.openstreetmap.org/edit?editor=id&way=111556688#map=20/59.9040774/10.7667556"}}, {"type": "Feature", "geometry": {"type": "Point", "coordinates": [10.7521883, 59.9292787]}, "properties": {"id": 113695200, "feat_type": "way", "quality_categories": "older_than_five_years", "issue_ids": "[49]", "osm_url": "https://www.openstreetmap.org/way/113695200", "josm_url": "http://127.0.0.1:8111/load_object?new_layer=false&objects=w113695200", "id_url": "https://www.openstreetmap.org/edit?editor=id&way=113695200#map=20/59.9292787/10.7521883"}}, {"type": "Feature", "geometry": {"type": "Point", "coordinates": [10.7510166, 59.9325046]}, "properties": {"id": 113696716, "feat_type": "way", "quality_categories": "older_than_five_years", "issue_ids": "[49]", "osm_url": "https://www.openstreetmap.org/way/113696716", "josm_url": "http://127.0.0.1:8111/load_object?new_layer=false&objects=w113696716", "id_url": "https://www.openstreetmap.org/edit?editor=id&way=113696716#map=20/59.9325046/10.7510166"}}, {"type": "Feature", "geometry": {"type": "Point", "coordinates": [10.7180233, 59.9145083]}, "properties": {"id": 116417357, "feat_type": "way", "quality_categories": "missing_tags, older_than_five_years", "issue_ids": "[50, 4]", "osm_url": "https://www.openstreetmap.org/way/116417357", "josm_url": "http://127.0.0.1:8111/load_object?new_layer=false&objects=w116417357", "id_url": "https://www.openstreetmap.org/edit?editor=id&way=116417357#map=20/59.9145083/10.7180233"}}, {"type": "Feature", "geometry": {"type": "Point", "coordinates": [10.8060776, 59.8875616]}, "properties": {"id": 118083274, "feat_type": "way", "quality_categories": "older_than_five_years", "issue_ids": "[23]", "osm_url": "https://www.openstreetmap.org/way/118083274", "josm_url": "http://127.0.0.1:8111/load_object?new_layer=false&objects=w118083274", "id_url": "https://www.openstreetmap.org/edit?editor=id&way=118083274#map=20/59.8875616/10.8060776"}}, {"type": "Feature", "geometry": {"type": "Point", "coordinates": [10.6408177, 59.9616781]}, "properties": {"id": 118115559, "feat_type": "way", "quality_categories": "older_than_five_years", "issue_ids": "[51]", "osm_url": "https://www.openstreetmap.org/way/118115559", "josm_url": "http://127.0.0.1:8111/load_object?new_layer=false&objects=w118115559", "id_url": "https://www.openstreetmap.org/edit?editor=id&way=118115559#map=20/59.9616781/10.6408177"}}, {"type": "Feature", "geometry": {"type": "Point", "coordinates": [10.7669061, 59.9404577]}, "properties": {"id": 118142429, "feat_type": "way", "quality_categories": "older_than_five_years", "issue_ids": "[52]", "osm_url": "https://www.openstreetmap.org/way/118142429", "josm_url": "http://127.0.0.1:8111/load_object?new_layer=false&objects=w118142429", "id_url": "https://www.openstreetmap.org/edit?editor=id&way=118142429#map=20/59.9404577/10.7669061"}}, {"type": "Feature", "geometry": {"type": "Point", "coordinates": [10.8917014, 59.938024]}, "properties": {"id": 118184326, "feat_type": "way", "quality_categories": "older_than_five_years", "issue_ids": "[0]", "osm_url": "https://www.openstreetmap.org/way/118184326", "josm_url": "http://127.0.0.1:8111/load_object?new_layer=false&objects=w118184326", "id_url": "https://www.openstreetmap.org/edit?editor=id&way=118184326#map=20/59.938024/10.8917014"}}, {"type": "Feature", "geometry": {"type": "Point", "coordinates": [10.8855809, 59.9514557]}, "properties": {"id": 118250412, "feat_type": "way", "quality_categories": "missing_tags, older_than_five_years", "issue_ids": "[18, 4]", "osm_url": "https://www.openstreetmap.org/way/118250412", "josm_url": "http://127.0.0.1:8111/load_object?new_layer=false&objects=w118250412", "id_url": "https://www.openstreetmap.org/edit?editor=id&way=118250412#map=20/59.9514557/10.8855809"}}, {"type": "Feature", "geometry": {"type": "Point", "coordinates": [10.8844283, 59.9515681]}, "properties": {"id": 118250426, "feat_type": "way", "quality_categories": "missing_tags, older_than_five_years", "issue_ids": "[53, 4]", "osm_url": "https://www.openstreetmap.org/way/118250426", "josm_url": "http://127.0.0.1:8111/load_object?new_layer=false&objects=w118250426", "id_url": "https://www.openstreetmap.org/edit?editor=id&way=118250426#map=20/59.9515681/10.8844283"}}, {"type": "Feature", "geometry": {"type": "Point", "coordinates": [10.8894897, 59.9496283]}, "properties": {"id": 118251658, "feat_type": "way", "quality_categories": "older_than_five_years", "issue_ids": "[54]", "osm_url": "https://www.openstreetmap.org/way/118251658", "josm_url": "http://127.0.0.1:8111/load_object?new_layer=false&objects=w118251658", "id_url": "https://www.openstreetmap.org/edit?editor=id&way=118251658#map=20/59.9496283/10.8894897"}}, {"type": "Feature", "geometry": {"type": "Point", "coordinates": [10.8857175, 59.9513683]}, "properties": {"id": 118251666, "feat_type": "way", "quality_categories": "missing_tags, older_than_five_years", "issue_ids": "[18, 4]", "osm_url": "https://www.openstreetmap.org/way/118251666", "josm_url": "http://127.0.0.1:8111/load_object?new_layer=false&objects=w118251666", "id_url": "https://www.openstreetmap.org/edit?editor=id&way=118251666#map=20/59.9513683/10.8857175"}}, {"type": "Feature", "geometry": {"type": "Point", "coordinates": [10.8712106, 59.9600246]}, "properties": {"id": 118255152, "feat_type": "way", "quality_categories": "older_than_five_years", "issue_ids": "[46]", "osm_url": "https://www.openstreetmap.org/way/118255152", "josm_url": "http://127.0.0.1:8111/load_object?new_layer=false&objects=w118255152", "id_url": "https://www.openstreetmap.org/edit?editor=id&way=118255152#map=20/59.9600246/10.8712106"}}, {"type": "Feature", "geometry": {"type": "Point", "coordinates": [10.8737068, 59.9577927]}, "properties": {"id": 118255155, "feat_type": "way", "quality_categories": "missing_tags, older_than_five_years", "issue_ids": "[55, 4]", "osm_url": "https://www.openstreetmap.org/way/118255155", "josm_url": "http://127.0.0.1:8111/load_object?new_layer=false&objects=w118255155", "id_url": "https://www.openstreetmap.org/edit?editor=id&way=118255155#map=20/59.9577927/10.8737068"}}, {"type": "Feature", "geometry": {"type": "Point", "coordinates": [10.8722108, 59.9581053]}, "properties": {"id": 118255156, "feat_type": "way", "quality_categories": "older_than_five_years", "issue_ids": "[56]", "osm_url": "https://www.openstreetmap.org/way/118255156", "josm_url": "http://127.0.0.1:8111/load_object?new_layer=false&objects=w118255156", "id_url": "https://www.openstreetmap.org/edit?editor=id&way=118255156#map=20/59.9581053/10.8722108"}}, {"type": "Feature", "geometry": {"type": "Point", "coordinates": [10.8775822, 59.9589309]}, "properties": {"id": 118255168, "feat_type": "way", "quality_categories": "missing_tags, older_than_five_years", "issue_ids": "[57, 4]", "osm_url": "https://www.openstreetmap.org/way/118255168", "josm_url": "http://127.0.0.1:8111/load_object?new_layer=false&objects=w118255168", "id_url": "https://www.openstreetmap.org/edit?editor=id&way=118255168#map=20/59.9589309/10.8775822"}}, {"type": "Feature", "geometry": {"type": "Point", "coordinates": [10.8731898, 59.9563968]}, "properties": {"id": 118255171, "feat_type": "way", "quality_categories": "older_than_five_years", "issue_ids": "[58]", "osm_url": "https://www.openstreetmap.org/way/118255171", "josm_url": "http://127.0.0.1:8111/load_object?new_layer=false&objects=w118255171", "id_url": "https://www.openstreetmap.org/edit?editor=id&way=118255171#map=20/59.9563968/10.8731898"}}, {"type": "Feature", "geometry": {"type": "Point", "coordinates": [10.8722588, 59.957119]}, "properties": {"id": 118255175, "feat_type": "way", "quality_categories": "missing_tags, older_than_five_years", "issue_ids": "[57, 4]", "osm_url": "https://www.openstreetmap.org/way/118255175", "josm_url": "http://127.0.0.1:8111/load_object?new_layer=false&objects=w118255175", "id_url": "https://www.openstreetmap.org/edit?editor=id&way=118255175#map=20/59.957119/10.8722588"}}, {"type": "Feature", "geometry": {"type": "Point", "coordinates": [10.8707286, 59.958471]}, "properties": {"id": 118255182, "feat_type": "way", "quality_categories": "older_than_five_years", "issue_ids": "[59]", "osm_url": "https://www.openstreetmap.org/way/118255182", "josm_url": "http://127.0.0.1:8111/load_object?new_layer=false&objects=w118255182", "id_url": "https://www.openstreetmap.org/edit?editor=id&way=118255182#map=20/59.958471/10.8707286"}}, {"type": "Feature", "geometry": {"type": "Point", "coordinates": [10.7676067, 59.9028482]}, "properties": {"id": 118288506, "feat_type": "way", "quality_categories": "older_than_five_years", "issue_ids": "[35]", "osm_url": "https://www.openstreetmap.org/way/118288506", "josm_url": "http://127.0.0.1:8111/load_object?new_layer=false&objects=w118288506", "id_url": "https://www.openstreetmap.org/edit?editor=id&way=118288506#map=20/59.9028482/10.7676067"}}, {"type": "Feature", "geometry": {"type": "Point", "coordinates": [10.8008904, 59.9147587]}, "properties": {"id": 118346904, "feat_type": "way", "quality_categories": "older_than_five_years", "issue_ids": "[60]", "osm_url": "https://www.openstreetmap.org/way/118346904", "josm_url": "http://127.0.0.1:8111/load_object?new_layer=false&objects=w118346904", "id_url": "https://www.openstreetmap.org/edit?editor=id&way=118346904#map=20/59.9147587/10.8008904"}}, {"type": "Feature", "geometry": {"type": "Point", "coordinates": [10.6561482, 59.9451297]}, "properties": {"id": 118346907, "feat_type": "way", "quality_categories": "older_than_five_years", "issue_ids": "[15]", "osm_url": "https://www.openstreetmap.org/way/118346907", "josm_url": "http://127.0.0.1:8111/load_object?new_layer=false&objects=w118346907", "id_url": "https://www.openstreetmap.org/edit?editor=id&way=118346907#map=20/59.9451297/10.6561482"}}, {"type": "Feature", "geometry": {"type": "Point", "coordinates": [10.918455, 59.9730438]}, "properties": {"id": 118352930, "feat_type": "way", "quality_categories": "older_than_five_years", "issue_ids": "[61]", "osm_url": "https://www.openstreetmap.org/way/118352930", "josm_url": "http://127.0.0.1:8111/load_object?new_layer=false&objects=w118352930", "id_url": "https://www.openstreetmap.org/edit?editor=id&way=118352930#map=20/59.9730438/10.918455"}}, {"type": "Feature", "geometry": {"type": "Point", "coordinates": [10.6924798, 59.9188346]}, "properties": {"id": 118881263, "feat_type": "way", "quality_categories": "missing_tags, older_than_five_years", "issue_ids": "[62, 4]", "osm_url": "https://www.openstreetmap.org/way/118881263", "josm_url": "http://127.0.0.1:8111/load_object?new_layer=false&objects=w118881263", "id_url": "https://www.openstreetmap.org/edit?editor=id&way=118881263#map=20/59.9188346/10.6924798"}}, {"type": "Feature", "geometry": {"type": "Point", "coordinates": [10.6916966, 59.9188915]}, "properties": {"id": 118881289, "feat_type": "way", "quality_categories": "missing_tags, older_than_five_years", "issue_ids": "[63, 4]", "osm_url": "https://www.openstreetmap.org/way/118881289", "josm_url": "http://127.0.0.1:8111/load_object?new_layer=false&objects=w118881289", "id_url": "https://www.openstreetmap.org/edit?editor=id&way=118881289#map=20/59.9188915/10.6916966"}}, {"type": "Feature", "geometry": {"type": "Point", "coordinates": [10.866644, 59.9540986]}, "properties": {"id": 119065903, "feat_type": "way", "quality_categories": "older_than_five_years", "issue_ids": "[16]", "osm_url": "https://www.openstreetmap.org/way/119065903", "josm_url": "http://127.0.0.1:8111/load_object?new_layer=false&objects=w119065903", "id_url": "https://www.openstreetmap.org/edit?editor=id&way=119065903#map=20/59.9540986/10.866644"}}, {"type": "Feature", "geometry": {"type": "Point", "coordinates": [10.8888023, 59.9485851]}, "properties": {"id": 119074812, "feat_type": "way", "quality_categories": "older_than_five_years", "issue_ids": "[54]", "osm_url": "https://www.openstreetmap.org/way/119074812", "josm_url": "http://127.0.0.1:8111/load_object?new_layer=false&objects=w119074812", "id_url": "https://www.openstreetmap.org/edit?editor=id&way=119074812#map=20/59.9485851/10.8888023"}}, {"type": "Feature", "geometry": {"type": "Point", "coordinates": [10.8880319, 59.9481053]}, "properties": {"id": 119074818, "feat_type": "way", "quality_categories": "missing_tags, older_than_five_years", "issue_ids": "[64, 4]", "osm_url": "https://www.openstreetmap.org/way/119074818", "josm_url": "http://127.0.0.1:8111/load_object?new_layer=false&objects=w119074818", "id_url": "https://www.openstreetmap.org/edit?editor=id&way=119074818#map=20/59.9481053/10.8880319"}}, {"type": "Feature", "geometry": {"type": "Point", "coordinates": [10.9299765, 59.936964]}, "properties": {"id": 119138777, "feat_type": "way", "quality_categories": "missing_tags, older_than_five_years", "issue_ids": "[65, 4]", "osm_url": "https://www.openstreetmap.org/way/119138777", "josm_url": "http://127.0.0.1:8111/load_object?new_layer=false&objects=w119138777", "id_url": "https://www.openstreetmap.org/edit?editor=id&way=119138777#map=20/59.936964/10.9299765"}}, {"type": "Feature", "geometry": {"type": "Point", "coordinates": [10.8513077, 59.9039385]}, "properties": {"id": 119144787, "feat_type": "way", "quality_categories": "older_than_five_years", "issue_ids": "[66]", "osm_url": "https://www.openstreetmap.org/way/119144787", "josm_url": "http://127.0.0.1:8111/load_object?new_layer=false&objects=w119144787", "id_url": "https://www.openstreetmap.org/edit?editor=id&way=119144787#map=20/59.9039385/10.8513077"}}, {"type": "Feature", "geometry": {"type": "Point", "coordinates": [10.8301095, 59.911131]}, "properties": {"id": 119144793, "feat_type": "way", "quality_categories": "older_than_five_years", "issue_ids": "[67]", "osm_url": "https://www.openstreetmap.org/way/119144793", "josm_url": "http://127.0.0.1:8111/load_object?new_layer=false&objects=w119144793", "id_url": "https://www.openstreetmap.org/edit?editor=id&way=119144793#map=20/59.911131/10.8301095"}}, {"type": "Feature", "geometry": {"type": "Point", "coordinates": [10.8165577, 59.9082484]}, "properties": {"id": 119315511, "feat_type": "way", "quality_categories": "older_than_five_years", "issue_ids": "[22]", "osm_url": "https://www.openstreetmap.org/way/119315511", "josm_url": "http://127.0.0.1:8111/load_object?new_layer=false&objects=w119315511", "id_url": "https://www.openstreetmap.org/edit?editor=id&way=119315511#map=20/59.9082484/10.8165577"}}, {"type": "Feature", "geometry": {"type": "Point", "coordinates": [10.8165892, 59.9079835]}, "properties": {"id": 119315513, "feat_type": "way", "quality_categories": "older_than_five_years", "issue_ids": "[22]", "osm_url": "https://www.openstreetmap.org/way/119315513", "josm_url": "http://127.0.0.1:8111/load_object?new_layer=false&objects=w119315513", "id_url": "https://www.openstreetmap.org/edit?editor=id&way=119315513#map=20/59.9079835/10.8165892"}}, {"type": "Feature", "geometry": {"type": "Point", "coordinates": [10.8828425, 59.959288]}, "properties": {"id": 119385189, "feat_type": "way", "quality_categories": "older_than_five_years", "issue_ids": "[14]", "osm_url": "https://www.openstreetmap.org/way/119385189", "josm_url": "http://127.0.0.1:8111/load_object?new_layer=false&objects=w119385189", "id_url": "https://www.openstreetmap.org/edit?editor=id&way=119385189#map=20/59.959288/10.8828425"}}, {"type": "Feature", "geometry": {"type": "Point", "coordinates": [10.876368, 59.9586536]}, "properties": {"id": 119385190, "feat_type": "way", "quality_categories": "missing_tags, older_than_five_years", "issue_ids": "[68, 4]", "osm_url": "https://www.openstreetmap.org/way/119385190", "josm_url": "http://127.0.0.1:8111/load_object?new_layer=false&objects=w119385190", "id_url": "https://www.openstreetmap.org/edit?editor=id&way=119385190#map=20/59.9586536/10.876368"}}, {"type": "Feature", "geometry": {"type": "Point", "coordinates": [10.874968, 59.9582138]}, "properties": {"id": 119385195, "feat_type": "way", "quality_categories": "missing_tags, older_than_five_years", "issue_ids": "[57, 4]", "osm_url": "https://www.openstreetmap.org/way/119385195", "josm_url": "http://127.0.0.1:8111/load_object?new_layer=false&objects=w119385195", "id_url": "https://www.openstreetmap.org/edit?editor=id&way=119385195#map=20/59.9582138/10.874968"}}, {"type": "Feature", "geometry": {"type": "Point", "coordinates": [10.728936, 59.9268582]}, "properties": {"id": 119968822, "feat_type": "way", "quality_categories": "older_than_five_years", "issue_ids": "[69]", "osm_url": "https://www.openstreetmap.org/way/119968822", "josm_url": "http://127.0.0.1:8111/load_object?new_layer=false&objects=w119968822", "id_url": "https://www.openstreetmap.org/edit?editor=id&way=119968822#map=20/59.9268582/10.728936"}}, {"type": "Feature", "geometry": {"type": "Point", "coordinates": [10.7339427, 59.9310972]}, "properties": {"id": 119968833, "feat_type": "way", "quality_categories": "older_than_five_years", "issue_ids": "[26]", "osm_url": "https://www.openstreetmap.org/way/119968833", "josm_url": "http://127.0.0.1:8111/load_object?new_layer=false&objects=w119968833", "id_url": "https://www.openstreetmap.org/edit?editor=id&way=119968833#map=20/59.9310972/10.7339427"}}, {"type": "Feature", "geometry": {"type": "Point", "coordinates": [10.7317313, 59.9274196]}, "properties": {"id": 119968835, "feat_type": "way", "quality_categories": "older_than_five_years", "issue_ids": "[70]", "osm_url": "https://www.openstreetmap.org/way/119968835", "josm_url": "http://127.0.0.1:8111/load_object?new_layer=false&objects=w119968835", "id_url": "https://www.openstreetmap.org/edit?editor=id&way=119968835#map=20/59.9274196/10.7317313"}}, {"type": "Feature", "geometry": {"type": "Point", "coordinates": [10.7340939, 59.9298146]}, "properties": {"id": 119968838, "feat_type": "way", "quality_categories": "older_than_five_years", "issue_ids": "[26]", "osm_url": "https://www.openstreetmap.org/way/119968838", "josm_url": "http://127.0.0.1:8111/load_object?new_layer=false&objects=w119968838", "id_url": "https://www.openstreetmap.org/edit?editor=id&way=119968838#map=20/59.9298146/10.7340939"}}, {"type": "Feature", "geometry": {"type": "Point", "coordinates": [10.7330686, 59.9297965]}, "properties": {"id": 119968844, "feat_type": "way", "quality_categories": "older_than_five_years", "issue_ids": "[71]", "osm_url": "https://www.openstreetmap.org/way/119968844", "josm_url": "http://127.0.0.1:8111/load_object?new_layer=false&objects=w119968844", "id_url": "https://www.openstreetmap.org/edit?editor=id&way=119968844#map=20/59.9297965/10.7330686"}}, {"type": "Feature", "geometry": {"type": "Point", "coordinates": [10.733255, 59.9292226]}, "properties": {"id": 119968845, "feat_type": "way", "quality_categories": "older_than_five_years", "issue_ids": "[19]", "osm_url": "https://www.openstreetmap.org/way/119968845", "josm_url": "http://127.0.0.1:8111/load_object?new_layer=false&objects=w119968845", "id_url": "https://www.openstreetmap.org/edit?editor=id&way=119968845#map=20/59.9292226/10.733255"}}, {"type": "Feature", "geometry": {"type": "Point", "coordinates": [10.7290851, 59.926924]}, "properties": {"id": 119968847, "feat_type": "way", "quality_categories": "older_than_five_years", "issue_ids": "[19]", "osm_url": "https://www.openstreetmap.org/way/119968847", "josm_url": "http://127.0.0.1:8111/load_object?new_layer=false&objects=w119968847", "id_url": "https://www.openstreetmap.org/edit?editor=id&way=119968847#map=20/59.926924/10.7290851"}}, {"type": "Feature", "geometry": {"type": "Point", "coordinates": [10.7375926, 59.9126732]}, "properties": {"id": 120059975, "feat_type": "way", "quality_categories": "older_than_five_years", "issue_ids": "[72]", "osm_url": "https://www.openstreetmap.org/way/120059975", "josm_url": "http://127.0.0.1:8111/load_object?new_layer=false&objects=w120059975", "id_url": "https://www.openstreetmap.org/edit?editor=id&way=120059975#map=20/59.9126732/10.7375926"}}, {"type": "Feature", "geometry": {"type": "Point", "coordinates": [10.7203646, 59.927535]}, "properties": {"id": 120082984, "feat_type": "way", "quality_categories": "older_than_five_years", "issue_ids": "[69]", "osm_url": "https://www.openstreetmap.org/way/120082984", "josm_url": "http://127.0.0.1:8111/load_object?new_layer=false&objects=w120082984", "id_url": "https://www.openstreetmap.org/edit?editor=id&way=120082984#map=20/59.927535/10.7203646"}}, {"type": "Feature", "geometry": {"type": "Point", "coordinates": [10.7239518, 59.9242024]}, "properties": {"id": 120082999, "feat_type": "way", "quality_categories": "older_than_five_years", "issue_ids": "[24]", "osm_url": "https://www.openstreetmap.org/way/120082999", "josm_url": "http://127.0.0.1:8111/load_object?new_layer=false&objects=w120082999", "id_url": "https://www.openstreetmap.org/edit?editor=id&way=120082999#map=20/59.9242024/10.7239518"}}, {"type": "Feature", "geometry": {"type": "Point", "coordinates": [10.7224857, 59.9257261]}, "properties": {"id": 120083003, "feat_type": "way", "quality_categories": "older_than_five_years", "issue_ids": "[24]", "osm_url": "https://www.openstreetmap.org/way/120083003", "josm_url": "http://127.0.0.1:8111/load_object?new_layer=false&objects=w120083003", "id_url": "https://www.openstreetmap.org/edit?editor=id&way=120083003#map=20/59.9257261/10.7224857"}}, {"type": "Feature", "geometry": {"type": "Point", "coordinates": [10.7233072, 59.9258946]}, "properties": {"id": 120083041, "feat_type": "way", "quality_categories": "older_than_five_years", "issue_ids": "[69]", "osm_url": "https://www.openstreetmap.org/way/120083041", "josm_url": "http://127.0.0.1:8111/load_object?new_layer=false&objects=w120083041", "id_url": "https://www.openstreetmap.org/edit?editor=id&way=120083041#map=20/59.9258946/10.7233072"}}, {"type": "Feature", "geometry": {"type": "Point", "coordinates": [10.7106893, 59.9464098]}, "properties": {"id": 120101964, "feat_type": "way", "quality_categories": "older_than_five_years", "issue_ids": "[73]", "osm_url": "https://www.openstreetmap.org/way/120101964", "josm_url": "http://127.0.0.1:8111/load_object?new_layer=false&objects=w120101964", "id_url": "https://www.openstreetmap.org/edit?editor=id&way=120101964#map=20/59.9464098/10.7106893"}}, {"type": "Feature", "geometry": {"type": "Point", "coordinates": [10.7109188, 59.9466098]}, "properties": {"id": 120101983, "feat_type": "way", "quality_categories": "older_than_five_years", "issue_ids": "[73]", "osm_url": "https://www.openstreetmap.org/way/120101983", "josm_url": "http://127.0.0.1:8111/load_object?new_layer=false&objects=w120101983", "id_url": "https://www.openstreetmap.org/edit?editor=id&way=120101983#map=20/59.9466098/10.7109188"}}, {"type": "Feature", "geometry": {"type": "Point", "coordinates": [10.7108996, 59.9462]}, "properties": {"id": 120101986, "feat_type": "way", "quality_categories": "older_than_five_years", "issue_ids": "[74]", "osm_url": "https://www.openstreetmap.org/way/120101986", "josm_url": "http://127.0.0.1:8111/load_object?new_layer=false&objects=w120101986", "id_url": "https://www.openstreetmap.org/edit?editor=id&way=120101986#map=20/59.9462/10.7108996"}}, {"type": "Feature", "geometry": {"type": "Point", "coordinates": [10.8118278, 59.9000063]}, "properties": {"id": 120105895, "feat_type": "way", "quality_categories": "older_than_five_years", "issue_ids": "[75]", "osm_url": "https://www.openstreetmap.org/way/120105895", "josm_url": "http://127.0.0.1:8111/load_object?new_layer=false&objects=w120105895", "id_url": "https://www.openstreetmap.org/edit?editor=id&way=120105895#map=20/59.9000063/10.8118278"}}, {"type": "Feature", "geometry": {"type": "Point", "coordinates": [10.8492477, 59.8896006]}, "properties": {"id": 120233910, "feat_type": "way", "quality_categories": "older_than_five_years", "issue_ids": "[30]", "osm_url": "https://www.openstreetmap.org/way/120233910", "josm_url": "http://127.0.0.1:8111/load_object?new_layer=false&objects=w120233910", "id_url": "https://www.openstreetmap.org/edit?editor=id&way=120233910#map=20/59.8896006/10.8492477"}}, {"type": "Feature", "geometry": {"type": "Point", "coordinates": [10.849336, 59.8897839]}, "properties": {"id": 120233915, "feat_type": "way", "quality_categories": "older_than_five_years", "issue_ids": "[76]", "osm_url": "https://www.openstreetmap.org/way/120233915", "josm_url": "http://127.0.0.1:8111/load_object?new_layer=false&objects=w120233915", "id_url": "https://www.openstreetmap.org/edit?editor=id&way=120233915#map=20/59.8897839/10.849336"}}, {"type": "Feature", "geometry": {"type": "Point", "coordinates": [10.8486565, 59.8894303]}, "properties": {"id": 120233927, "feat_type": "way", "quality_categories": "older_than_five_years", "issue_ids": "[77]", "osm_url": "https://www.openstreetmap.org/way/120233927", "josm_url": "http://127.0.0.1:8111/load_object?new_layer=false&objects=w120233927", "id_url": "https://www.openstreetmap.org/edit?editor=id&way=120233927#map=20/59.8894303/10.8486565"}}, {"type": "Feature", "geometry": {"type": "Point", "coordinates": [10.6528552, 59.9463104]}, "properties": {"id": 120248266, "feat_type": "way", "quality_categories": "missing_tags, older_than_five_years", "issue_ids": "[78, 4]", "osm_url": "https://www.openstreetmap.org/way/120248266", "josm_url": "http://127.0.0.1:8111/load_object?new_layer=false&objects=w120248266", "id_url": "https://www.openstreetmap.org/edit?editor=id&way=120248266#map=20/59.9463104/10.6528552"}}, {"type": "Feature", "geometry": {"type": "Point", "coordinates": [10.8074027, 59.9306538]}, "properties": {"id": 120248434, "feat_type": "way", "quality_categories": "missing_tags, older_than_five_years", "issue_ids": "[79, 4]", "osm_url": "https://www.openstreetmap.org/way/120248434", "josm_url": "http://127.0.0.1:8111/load_object?new_layer=false&objects=w120248434", "id_url": "https://www.openstreetmap.org/edit?editor=id&way=120248434#map=20/59.9306538/10.8074027"}}, {"type": "Feature", "geometry": {"type": "Point", "coordinates": [10.8320522, 59.8483149]}, "properties": {"id": 120320824, "feat_type": "way", "quality_categories": "older_than_five_years", "issue_ids": "[80]", "osm_url": "https://www.openstreetmap.org/way/120320824", "josm_url": "http://127.0.0.1:8111/load_object?new_layer=false&objects=w120320824", "id_url": "https://www.openstreetmap.org/edit?editor=id&way=120320824#map=20/59.8483149/10.8320522"}}, {"type": "Feature", "geometry": {"type": "Point", "coordinates": [10.8365916, 59.8497944]}, "properties": {"id": 120320833, "feat_type": "way", "quality_categories": "older_than_five_years", "issue_ids": "[81]", "osm_url": "https://www.openstreetmap.org/way/120320833", "josm_url": "http://127.0.0.1:8111/load_object?new_layer=false&objects=w120320833", "id_url": "https://www.openstreetmap.org/edit?editor=id&way=120320833#map=20/59.8497944/10.8365916"}}, {"type": "Feature", "geometry": {"type": "Point", "coordinates": [10.8893226, 59.949619]}, "properties": {"id": 120427060, "feat_type": "way", "quality_categories": "older_than_five_years", "issue_ids": "[54]", "osm_url": "https://www.openstreetmap.org/way/120427060", "josm_url": "http://127.0.0.1:8111/load_object?new_layer=false&objects=w120427060", "id_url": "https://www.openstreetmap.org/edit?editor=id&way=120427060#map=20/59.949619/10.8893226"}}, {"type": "Feature", "geometry": {"type": "Point", "coordinates": [10.8863032, 59.9516236]}, "properties": {"id": 120427066, "feat_type": "way", "quality_categories": "older_than_five_years", "issue_ids": "[54]", "osm_url": "https://www.openstreetmap.org/way/120427066", "josm_url": "http://127.0.0.1:8111/load_object?new_layer=false&objects=w120427066", "id_url": "https://www.openstreetmap.org/edit?editor=id&way=120427066#map=20/59.9516236/10.8863032"}}, {"type": "Feature", "geometry": {"type": "Point", "coordinates": [10.9056303, 59.9545375]}, "properties": {"id": 121717364, "feat_type": "way", "quality_categories": "missing_tags, older_than_five_years", "issue_ids": "[82, 4]", "osm_url": "https://www.openstreetmap.org/way/121717364", "josm_url": "http://127.0.0.1:8111/load_object?new_layer=false&objects=w121717364", "id_url": "https://www.openstreetmap.org/edit?editor=id&way=121717364#map=20/59.9545375/10.9056303"}}, {"type": "Feature", "geometry": {"type": "Point", "coordinates": [10.9104505, 59.9542578]}, "properties": {"id": 121717372, "feat_type": "way", "quality_categories": "missing_tags, older_than_five_years", "issue_ids": "[82, 4]", "osm_url": "https://www.openstreetmap.org/way/121717372", "josm_url": "http://127.0.0.1:8111/load_object?new_layer=false&objects=w121717372", "id_url": "https://www.openstreetmap.org/edit?editor=id&way=121717372#map=20/59.9542578/10.9104505"}}, {"type": "Feature", "geometry": {"type": "Point", "coordinates": [10.7354233, 59.9113391]}, "properties": {"id": 122159378, "feat_type": "way", "quality_categories": "older_than_five_years", "issue_ids": "[72]", "osm_url": "https://www.openstreetmap.org/way/122159378", "josm_url": "http://127.0.0.1:8111/load_object?new_layer=false&objects=w122159378", "id_url": "https://www.openstreetmap.org/edit?editor=id&way=122159378#map=20/59.9113391/10.7354233"}}, {"type": "Feature", "geometry": {"type": "Point", "coordinates": [10.721695, 59.9138799]}, "properties": {"id": 122159380, "feat_type": "way", "quality_categories": "older_than_five_years", "issue_ids": "[83]", "osm_url": "https://www.openstreetmap.org/way/122159380", "josm_url": "http://127.0.0.1:8111/load_object?new_layer=false&objects=w122159380", "id_url": "https://www.openstreetmap.org/edit?editor=id&way=122159380#map=20/59.9138799/10.721695"}}, {"type": "Feature", "geometry": {"type": "Point", "coordinates": [10.721956, 59.9146211]}, "properties": {"id": 122159382, "feat_type": "way", "quality_categories": "older_than_five_years", "issue_ids": "[83]", "osm_url": "https://www.openstreetmap.org/way/122159382", "josm_url": "http://127.0.0.1:8111/load_object?new_layer=false&objects=w122159382", "id_url": "https://www.openstreetmap.org/edit?editor=id&way=122159382#map=20/59.9146211/10.721956"}}, {"type": "Feature", "geometry": {"type": "Point", "coordinates": [10.7360435, 59.9135656]}, "properties": {"id": 122589078, "feat_type": "way", "quality_categories": "older_than_five_years", "issue_ids": "[84]", "osm_url": "https://www.openstreetmap.org/way/122589078", "josm_url": "http://127.0.0.1:8111/load_object?new_layer=false&objects=w122589078", "id_url": "https://www.openstreetmap.org/edit?editor=id&way=122589078#map=20/59.9135656/10.7360435"}}, {"type": "Feature", "geometry": {"type": "Point", "coordinates": [10.7476612, 59.9165968]}, "properties": {"id": 123099743, "feat_type": "way", "quality_categories": "older_than_five_years", "issue_ids": "[85]", "osm_url": "https://www.openstreetmap.org/way/123099743", "josm_url": "http://127.0.0.1:8111/load_object?new_layer=false&objects=w123099743", "id_url": "https://www.openstreetmap.org/edit?editor=id&way=123099743#map=20/59.9165968/10.7476612"}}, {"type": "Feature", "geometry": {"type": "Point", "coordinates": [10.7491823, 59.9161329]}, "properties": {"id": 123110545, "feat_type": "way", "quality_categories": "older_than_five_years", "issue_ids": "[86]", "osm_url": "https://www.openstreetmap.org/way/123110545", "josm_url": "http://127.0.0.1:8111/load_object?new_layer=false&objects=w123110545", "id_url": "https://www.openstreetmap.org/edit?editor=id&way=123110545#map=20/59.9161329/10.7491823"}}, {"type": "Feature", "geometry": {"type": "Point", "coordinates": [10.7488064, 59.915986]}, "properties": {"id": 123110546, "feat_type": "way", "quality_categories": "older_than_five_years", "issue_ids": "[86]", "osm_url": "https://www.openstreetmap.org/way/123110546", "josm_url": "http://127.0.0.1:8111/load_object?new_layer=false&objects=w123110546", "id_url": "https://www.openstreetmap.org/edit?editor=id&way=123110546#map=20/59.915986/10.7488064"}}, {"type": "Feature", "geometry": {"type": "Point", "coordinates": [10.7490016, 59.9163235]}, "properties": {"id": 123110552, "feat_type": "way", "quality_categories": "older_than_five_years", "issue_ids": "[86]", "osm_url": "https://www.openstreetmap.org/way/123110552", "josm_url": "http://127.0.0.1:8111/load_object?new_layer=false&objects=w123110552", "id_url": "https://www.openstreetmap.org/edit?editor=id&way=123110552#map=20/59.9163235/10.7490016"}}, {"type": "Feature", "geometry": {"type": "Point", "coordinates": [10.7508235, 59.9155803]}, "properties": {"id": 123110558, "feat_type": "way", "quality_categories": "older_than_five_years", "issue_ids": "[87]", "osm_url": "https://www.openstreetmap.org/way/123110558", "josm_url": "http://127.0.0.1:8111/load_object?new_layer=false&objects=w123110558", "id_url": "https://www.openstreetmap.org/edit?editor=id&way=123110558#map=20/59.9155803/10.7508235"}}, {"type": "Feature", "geometry": {"type": "Point", "coordinates": [10.7511668, 59.9159916]}, "properties": {"id": 123110573, "feat_type": "way", "quality_categories": "older_than_five_years", "issue_ids": "[86]", "osm_url": "https://www.openstreetmap.org/way/123110573", "josm_url": "http://127.0.0.1:8111/load_object?new_layer=false&objects=w123110573", "id_url": "https://www.openstreetmap.org/edit?editor=id&way=123110573#map=20/59.9159916/10.7511668"}}, {"type": "Feature", "geometry": {"type": "Point", "coordinates": [10.8603676, 59.9508298]}, "properties": {"id": 123209116, "feat_type": "way", "quality_categories": "older_than_five_years", "issue_ids": "[46]", "osm_url": "https://www.openstreetmap.org/way/123209116", "josm_url": "http://127.0.0.1:8111/load_object?new_layer=false&objects=w123209116", "id_url": "https://www.openstreetmap.org/edit?editor=id&way=123209116#map=20/59.9508298/10.8603676"}}, {"type": "Feature", "geometry": {"type": "Point", "coordinates": [10.9052597, 59.9635803]}, "properties": {"id": 123221754, "feat_type": "way", "quality_categories": "older_than_five_years", "issue_ids": "[88]", "osm_url": "https://www.openstreetmap.org/way/123221754", "josm_url": "http://127.0.0.1:8111/load_object?new_layer=false&objects=w123221754", "id_url": "https://www.openstreetmap.org/edit?editor=id&way=123221754#map=20/59.9635803/10.9052597"}}, {"type": "Feature", "geometry": {"type": "Point", "coordinates": [10.8283315, 59.8488353]}, "properties": {"id": 123383717, "feat_type": "way", "quality_categories": "older_than_five_years", "issue_ids": "[81]", "osm_url": "https://www.openstreetmap.org/way/123383717", "josm_url": "http://127.0.0.1:8111/load_object?new_layer=false&objects=w123383717", "id_url": "https://www.openstreetmap.org/edit?editor=id&way=123383717#map=20/59.8488353/10.8283315"}}, {"type": "Feature", "geometry": {"type": "Point", "coordinates": [10.828763, 59.8498346]}, "properties": {"id": 123383744, "feat_type": "way", "quality_categories": "older_than_five_years", "issue_ids": "[81]", "osm_url": "https://www.openstreetmap.org/way/123383744", "josm_url": "http://127.0.0.1:8111/load_object?new_layer=false&objects=w123383744", "id_url": "https://www.openstreetmap.org/edit?editor=id&way=123383744#map=20/59.8498346/10.828763"}}, {"type": "Feature", "geometry": {"type": "Point", "coordinates": [10.8287243, 59.849917]}, "properties": {"id": 123383752, "feat_type": "way", "quality_categories": "older_than_five_years", "issue_ids": "[81]", "osm_url": "https://www.openstreetmap.org/way/123383752", "josm_url": "http://127.0.0.1:8111/load_object?new_layer=false&objects=w123383752", "id_url": "https://www.openstreetmap.org/edit?editor=id&way=123383752#map=20/59.849917/10.8287243"}}, {"type": "Feature", "geometry": {"type": "Point", "coordinates": [10.8249985, 59.8495655]}, "properties": {"id": 123383758, "feat_type": "way", "quality_categories": "older_than_five_years", "issue_ids": "[89]", "osm_url": "https://www.openstreetmap.org/way/123383758", "josm_url": "http://127.0.0.1:8111/load_object?new_layer=false&objects=w123383758", "id_url": "https://www.openstreetmap.org/edit?editor=id&way=123383758#map=20/59.8495655/10.8249985"}}, {"type": "Feature", "geometry": {"type": "Point", "coordinates": [10.8295739, 59.8498161]}, "properties": {"id": 123383772, "feat_type": "way", "quality_categories": "older_than_five_years", "issue_ids": "[81]", "osm_url": "https://www.openstreetmap.org/way/123383772", "josm_url": "http://127.0.0.1:8111/load_object?new_layer=false&objects=w123383772", "id_url": "https://www.openstreetmap.org/edit?editor=id&way=123383772#map=20/59.8498161/10.8295739"}}, {"type": "Feature", "geometry": {"type": "Point", "coordinates": [10.8279335, 59.8499957]}, "properties": {"id": 123383776, "feat_type": "way", "quality_categories": "older_than_five_years", "issue_ids": "[81]", "osm_url": "https://www.openstreetmap.org/way/123383776", "josm_url": "http://127.0.0.1:8111/load_object?new_layer=false&objects=w123383776", "id_url": "https://www.openstreetmap.org/edit?editor=id&way=123383776#map=20/59.8499957/10.8279335"}}, {"type": "Feature", "geometry": {"type": "Point", "coordinates": [10.7800788, 59.9453525]}, "properties": {"id": 124064665, "feat_type": "way", "quality_categories": "older_than_five_years", "issue_ids": "[37]", "osm_url": "https://www.openstreetmap.org/way/124064665", "josm_url": "http://127.0.0.1:8111/load_object?new_layer=false&objects=w124064665", "id_url": "https://www.openstreetmap.org/edit?editor=id&way=124064665#map=20/59.9453525/10.7800788"}}, {"type": "Feature", "geometry": {"type": "Point", "coordinates": [10.7773344, 59.9450392]}, "properties": {"id": 124064668, "feat_type": "way", "quality_categories": "older_than_five_years", "issue_ids": "[37]", "osm_url": "https://www.openstreetmap.org/way/124064668", "josm_url": "http://127.0.0.1:8111/load_object?new_layer=false&objects=w124064668", "id_url": "https://www.openstreetmap.org/edit?editor=id&way=124064668#map=20/59.9450392/10.7773344"}}, {"type": "Feature", "geometry": {"type": "Point", "coordinates": [10.778056, 59.9450324]}, "properties": {"id": 124064675, "feat_type": "way", "quality_categories": "older_than_five_years", "issue_ids": "[90]", "osm_url": "https://www.openstreetmap.org/way/124064675", "josm_url": "http://127.0.0.1:8111/load_object?new_layer=false&objects=w124064675", "id_url": "https://www.openstreetmap.org/edit?editor=id&way=124064675#map=20/59.9450324/10.778056"}}, {"type": "Feature", "geometry": {"type": "Point", "coordinates": [10.7776328, 59.9449571]}, "properties": {"id": 124064678, "feat_type": "way", "quality_categories": "older_than_five_years", "issue_ids": "[37]", "osm_url": "https://www.openstreetmap.org/way/124064678", "josm_url": "http://127.0.0.1:8111/load_object?new_layer=false&objects=w124064678", "id_url": "https://www.openstreetmap.org/edit?editor=id&way=124064678#map=20/59.9449571/10.7776328"}}, {"type": "Feature", "geometry": {"type": "Point", "coordinates": [10.7159924, 59.9160992]}, "properties": {"id": 124456417, "feat_type": "way", "quality_categories": "missing_tags, older_than_five_years", "issue_ids": "[91, 4]", "osm_url": "https://www.openstreetmap.org/way/124456417", "josm_url": "http://127.0.0.1:8111/load_object?new_layer=false&objects=w124456417", "id_url": "https://www.openstreetmap.org/edit?editor=id&way=124456417#map=20/59.9160992/10.7159924"}}, {"type": "Feature", "geometry": {"type": "Point", "coordinates": [10.7123664, 59.917746]}, "properties": {"id": 124456488, "feat_type": "way", "quality_categories": "missing_tags, older_than_five_years", "issue_ids": "[42, 4]", "osm_url": "https://www.openstreetmap.org/way/124456488", "josm_url": "http://127.0.0.1:8111/load_object?new_layer=false&objects=w124456488", "id_url": "https://www.openstreetmap.org/edit?editor=id&way=124456488#map=20/59.917746/10.7123664"}}, {"type": "Feature", "geometry": {"type": "Point", "coordinates": [10.7164405, 59.9161291]}, "properties": {"id": 124456502, "feat_type": "way", "quality_categories": "missing_tags, older_than_five_years", "issue_ids": "[91, 4]", "osm_url": "https://www.openstreetmap.org/way/124456502", "josm_url": "http://127.0.0.1:8111/load_object?new_layer=false&objects=w124456502", "id_url": "https://www.openstreetmap.org/edit?editor=id&way=124456502#map=20/59.9161291/10.7164405"}}, {"type": "Feature", "geometry": {"type": "Point", "coordinates": [10.7593228, 59.9246189]}, "properties": {"id": 124612631, "feat_type": "way", "quality_categories": "older_than_five_years", "issue_ids": "[92]", "osm_url": "https://www.openstreetmap.org/way/124612631", "josm_url": "http://127.0.0.1:8111/load_object?new_layer=false&objects=w124612631", "id_url": "https://www.openstreetmap.org/edit?editor=id&way=124612631#map=20/59.9246189/10.7593228"}}, {"type": "Feature", "geometry": {"type": "Point", "coordinates": [10.75897, 59.9254711]}, "properties": {"id": 124612635, "feat_type": "way", "quality_categories": "older_than_five_years", "issue_ids": "[93]", "osm_url": "https://www.openstreetmap.org/way/124612635", "josm_url": "http://127.0.0.1:8111/load_object?new_layer=false&objects=w124612635", "id_url": "https://www.openstreetmap.org/edit?editor=id&way=124612635#map=20/59.9254711/10.75897"}}, {"type": "Feature", "geometry": {"type": "Point", "coordinates": [10.7587855, 59.9190974]}, "properties": {"id": 124612663, "feat_type": "way", "quality_categories": "older_than_five_years", "issue_ids": "[94]", "osm_url": "https://www.openstreetmap.org/way/124612663", "josm_url": "http://127.0.0.1:8111/load_object?new_layer=false&objects=w124612663", "id_url": "https://www.openstreetmap.org/edit?editor=id&way=124612663#map=20/59.9190974/10.7587855"}}, {"type": "Feature", "geometry": {"type": "Point", "coordinates": [10.7563341, 59.9210544]}, "properties": {"id": 124634139, "feat_type": "way", "quality_categories": "older_than_five_years", "issue_ids": "[93]", "osm_url": "https://www.openstreetmap.org/way/124634139", "josm_url": "http://127.0.0.1:8111/load_object?new_layer=false&objects=w124634139", "id_url": "https://www.openstreetmap.org/edit?editor=id&way=124634139#map=20/59.9210544/10.7563341"}}, {"type": "Feature", "geometry": {"type": "Point", "coordinates": [10.7568697, 59.9201588]}, "properties": {"id": 124634149, "feat_type": "way", "quality_categories": "older_than_five_years", "issue_ids": "[95]", "osm_url": "https://www.openstreetmap.org/way/124634149", "josm_url": "http://127.0.0.1:8111/load_object?new_layer=false&objects=w124634149", "id_url": "https://www.openstreetmap.org/edit?editor=id&way=124634149#map=20/59.9201588/10.7568697"}}, {"type": "Feature", "geometry": {"type": "Point", "coordinates": [10.7697911, 59.9401758]}, "properties": {"id": 124659906, "feat_type": "way", "quality_categories": "older_than_five_years", "issue_ids": "[96]", "osm_url": "https://www.openstreetmap.org/way/124659906", "josm_url": "http://127.0.0.1:8111/load_object?new_layer=false&objects=w124659906", "id_url": "https://www.openstreetmap.org/edit?editor=id&way=124659906#map=20/59.9401758/10.7697911"}}, {"type": "Feature", "geometry": {"type": "Point", "coordinates": [10.7620144, 59.9325026]}, "properties": {"id": 124659943, "feat_type": "way", "quality_categories": "older_than_five_years", "issue_ids": "[28]", "osm_url": "https://www.openstreetmap.org/way/124659943", "josm_url": "http://127.0.0.1:8111/load_object?new_layer=false&objects=w124659943", "id_url": "https://www.openstreetmap.org/edit?editor=id&way=124659943#map=20/59.9325026/10.7620144"}}, {"type": "Feature", "geometry": {"type": "Point", "coordinates": [10.7637891, 59.931458]}, "properties": {"id": 124659959, "feat_type": "way", "quality_categories": "older_than_five_years", "issue_ids": "[37]", "osm_url": "https://www.openstreetmap.org/way/124659959", "josm_url": "http://127.0.0.1:8111/load_object?new_layer=false&objects=w124659959", "id_url": "https://www.openstreetmap.org/edit?editor=id&way=124659959#map=20/59.931458/10.7637891"}}, {"type": "Feature", "geometry": {"type": "Point", "coordinates": [10.7736985, 59.9428505]}, "properties": {"id": 124659969, "feat_type": "way", "quality_categories": "older_than_five_years", "issue_ids": "[37]", "osm_url": "https://www.openstreetmap.org/way/124659969", "josm_url": "http://127.0.0.1:8111/load_object?new_layer=false&objects=w124659969", "id_url": "https://www.openstreetmap.org/edit?editor=id&way=124659969#map=20/59.9428505/10.7736985"}}, {"type": "Feature", "geometry": {"type": "Point", "coordinates": [10.7711618, 59.9416543]}, "properties": {"id": 124659972, "feat_type": "way", "quality_categories": "older_than_five_years", "issue_ids": "[28]", "osm_url": "https://www.openstreetmap.org/way/124659972", "josm_url": "http://127.0.0.1:8111/load_object?new_layer=false&objects=w124659972", "id_url": "https://www.openstreetmap.org/edit?editor=id&way=124659972#map=20/59.9416543/10.7711618"}}, {"type": "Feature", "geometry": {"type": "Point", "coordinates": [10.7622416, 59.9332806]}, "properties": {"id": 124659975, "feat_type": "way", "quality_categories": "older_than_five_years", "issue_ids": "[28]", "osm_url": "https://www.openstreetmap.org/way/124659975", "josm_url": "http://127.0.0.1:8111/load_object?new_layer=false&objects=w124659975", "id_url": "https://www.openstreetmap.org/edit?editor=id&way=124659975#map=20/59.9332806/10.7622416"}}, {"type": "Feature", "geometry": {"type": "Point", "coordinates": [10.7726507, 59.9403828]}, "properties": {"id": 124659976, "feat_type": "way", "quality_categories": "older_than_five_years", "issue_ids": "[96]", "osm_url": "https://www.openstreetmap.org/way/124659976", "josm_url": "http://127.0.0.1:8111/load_object?new_layer=false&objects=w124659976", "id_url": "https://www.openstreetmap.org/edit?editor=id&way=124659976#map=20/59.9403828/10.7726507"}}, {"type": "Feature", "geometry": {"type": "Point", "coordinates": [10.7628953, 59.9332575]}, "properties": {"id": 124659977, "feat_type": "way", "quality_categories": "older_than_five_years", "issue_ids": "[37]", "osm_url": "https://www.openstreetmap.org/way/124659977", "josm_url": "http://127.0.0.1:8111/load_object?new_layer=false&objects=w124659977", "id_url": "https://www.openstreetmap.org/edit?editor=id&way=124659977#map=20/59.9332575/10.7628953"}}, {"type": "Feature", "geometry": {"type": "Point", "coordinates": [10.7623167, 59.9308307]}, "properties": {"id": 124659978, "feat_type": "way", "quality_categories": "older_than_five_years", "issue_ids": "[37]", "osm_url": "https://www.openstreetmap.org/way/124659978", "josm_url": "http://127.0.0.1:8111/load_object?new_layer=false&objects=w124659978", "id_url": "https://www.openstreetmap.org/edit?editor=id&way=124659978#map=20/59.9308307/10.7623167"}}, {"type": "Feature", "geometry": {"type": "Point", "coordinates": [10.764751, 59.9336386]}, "properties": {"id": 124659983, "feat_type": "way", "quality_categories": "older_than_five_years", "issue_ids": "[37]", "osm_url": "https://www.openstreetmap.org/way/124659983", "josm_url": "http://127.0.0.1:8111/load_object?new_layer=false&objects=w124659983", "id_url": "https://www.openstreetmap.org/edit?editor=id&way=124659983#map=20/59.9336386/10.764751"}}, {"type": "Feature", "geometry": {"type": "Point", "coordinates": [10.7757123, 59.9440071]}, "properties": {"id": 124659987, "feat_type": "way", "quality_categories": "older_than_five_years", "issue_ids": "[49]", "osm_url": "https://www.openstreetmap.org/way/124659987", "josm_url": "http://127.0.0.1:8111/load_object?new_layer=false&objects=w124659987", "id_url": "https://www.openstreetmap.org/edit?editor=id&way=124659987#map=20/59.9440071/10.7757123"}}, {"type": "Feature", "geometry": {"type": "Point", "coordinates": [10.7628934, 59.9340956]}, "properties": {"id": 124659988, "feat_type": "way", "quality_categories": "older_than_five_years", "issue_ids": "[28]", "osm_url": "https://www.openstreetmap.org/way/124659988", "josm_url": "http://127.0.0.1:8111/load_object?new_layer=false&objects=w124659988", "id_url": "https://www.openstreetmap.org/edit?editor=id&way=124659988#map=20/59.9340956/10.7628934"}}, {"type": "Feature", "geometry": {"type": "Point", "coordinates": [10.7670696, 59.9358969]}, "properties": {"id": 124659990, "feat_type": "way", "quality_categories": "older_than_five_years", "issue_ids": "[37]", "osm_url": "https://www.openstreetmap.org/way/124659990", "josm_url": "http://127.0.0.1:8111/load_object?new_layer=false&objects=w124659990", "id_url": "https://www.openstreetmap.org/edit?editor=id&way=124659990#map=20/59.9358969/10.7670696"}}, {"type": "Feature", "geometry": {"type": "Point", "coordinates": [10.7660714, 59.9350005]}, "properties": {"id": 124659994, "feat_type": "way", "quality_categories": "older_than_five_years", "issue_ids": "[37]", "osm_url": "https://www.openstreetmap.org/way/124659994", "josm_url": "http://127.0.0.1:8111/load_object?new_layer=false&objects=w124659994", "id_url": "https://www.openstreetmap.org/edit?editor=id&way=124659994#map=20/59.9350005/10.7660714"}}, {"type": "Feature", "geometry": {"type": "Point", "coordinates": [10.7594443, 59.9200973]}, "properties": {"id": 124798345, "feat_type": "way", "quality_categories": "older_than_five_years", "issue_ids": "[97]", "osm_url": "https://www.openstreetmap.org/way/124798345", "josm_url": "http://127.0.0.1:8111/load_object?new_layer=false&objects=w124798345", "id_url": "https://www.openstreetmap.org/edit?editor=id&way=124798345#map=20/59.9200973/10.7594443"}}, {"type": "Feature", "geometry": {"type": "Point", "coordinates": [10.7653024, 59.9242192]}, "properties": {"id": 124798346, "feat_type": "way", "quality_categories": "older_than_five_years", "issue_ids": "[49]", "osm_url": "https://www.openstreetmap.org/way/124798346", "josm_url": "http://127.0.0.1:8111/load_object?new_layer=false&objects=w124798346", "id_url": "https://www.openstreetmap.org/edit?editor=id&way=124798346#map=20/59.9242192/10.7653024"}}, {"type": "Feature", "geometry": {"type": "Point", "coordinates": [10.7708844, 59.9234848]}, "properties": {"id": 124798383, "feat_type": "way", "quality_categories": "older_than_five_years", "issue_ids": "[98]", "osm_url": "https://www.openstreetmap.org/way/124798383", "josm_url": "http://127.0.0.1:8111/load_object?new_layer=false&objects=w124798383", "id_url": "https://www.openstreetmap.org/edit?editor=id&way=124798383#map=20/59.9234848/10.7708844"}}, {"type": "Feature", "geometry": {"type": "Point", "coordinates": [10.7620282, 59.9197234]}, "properties": {"id": 124798392, "feat_type": "way", "quality_categories": "older_than_five_years", "issue_ids": "[99]", "osm_url": "https://www.openstreetmap.org/way/124798392", "josm_url": "http://127.0.0.1:8111/load_object?new_layer=false&objects=w124798392", "id_url": "https://www.openstreetmap.org/edit?editor=id&way=124798392#map=20/59.9197234/10.7620282"}}, {"type": "Feature", "geometry": {"type": "Point", "coordinates": [10.768346, 59.916057]}, "properties": {"id": 124804402, "feat_type": "way", "quality_categories": "older_than_five_years", "issue_ids": "[100]", "osm_url": "https://www.openstreetmap.org/way/124804402", "josm_url": "http://127.0.0.1:8111/load_object?new_layer=false&objects=w124804402", "id_url": "https://www.openstreetmap.org/edit?editor=id&way=124804402#map=20/59.916057/10.768346"}}, {"type": "Feature", "geometry": {"type": "Point", "coordinates": [10.7670709, 59.9157336]}, "properties": {"id": 124804412, "feat_type": "way", "quality_categories": "older_than_five_years", "issue_ids": "[93]", "osm_url": "https://www.openstreetmap.org/way/124804412", "josm_url": "http://127.0.0.1:8111/load_object?new_layer=false&objects=w124804412", "id_url": "https://www.openstreetmap.org/edit?editor=id&way=124804412#map=20/59.9157336/10.7670709"}}, {"type": "Feature", "geometry": {"type": "Point", "coordinates": [10.8381847, 59.8826912]}, "properties": {"id": 124901449, "feat_type": "way", "quality_categories": "missing_tags, older_than_five_years", "issue_ids": "[101, 4]", "osm_url": "https://www.openstreetmap.org/way/124901449", "josm_url": "http://127.0.0.1:8111/load_object?new_layer=false&objects=w124901449", "id_url": "https://www.openstreetmap.org/edit?editor=id&way=124901449#map=20/59.8826912/10.8381847"}}, {"type": "Feature", "geometry": {"type": "Point", "coordinates": [10.7445453, 59.9134596]}, "properties": {"id": 125480365, "feat_type": "way", "quality_categories": "older_than_five_years", "issue_ids": "[102]", "osm_url": "https://www.openstreetmap.org/way/125480365", "josm_url": "http://127.0.0.1:8111/load_object?new_layer=false&objects=w125480365", "id_url": "https://www.openstreetmap.org/edit?editor=id&way=125480365#map=20/59.9134596/10.7445453"}}, {"type": "Feature", "geometry": {"type": "Point", "coordinates": [10.7361287, 59.9192599]}, "properties": {"id": 128909006, "feat_type": "way", "quality_categories": "older_than_five_years", "issue_ids": "[19]", "osm_url": "https://www.openstreetmap.org/way/128909006", "josm_url": "http://127.0.0.1:8111/load_object?new_layer=false&objects=w128909006", "id_url": "https://www.openstreetmap.org/edit?editor=id&way=128909006#map=20/59.9192599/10.7361287"}}, {"type": "Feature", "geometry": {"type": "Point", "coordinates": [10.7503221, 59.9335411]}, "properties": {"id": 129061349, "feat_type": "way", "quality_categories": "older_than_five_years", "issue_ids": "[103]", "osm_url": "https://www.openstreetmap.org/way/129061349", "josm_url": "http://127.0.0.1:8111/load_object?new_layer=false&objects=w129061349", "id_url": "https://www.openstreetmap.org/edit?editor=id&way=129061349#map=20/59.9335411/10.7503221"}}, {"type": "Feature", "geometry": {"type": "Point", "coordinates": [10.7493617, 59.933334]}, "properties": {"id": 129061351, "feat_type": "way", "quality_categories": "older_than_five_years", "issue_ids": "[103]", "osm_url": "https://www.openstreetmap.org/way/129061351", "josm_url": "http://127.0.0.1:8111/load_object?new_layer=false&objects=w129061351", "id_url": "https://www.openstreetmap.org/edit?editor=id&way=129061351#map=20/59.933334/10.7493617"}}, {"type": "Feature", "geometry": {"type": "Point", "coordinates": [10.7502888, 59.9281968]}, "properties": {"id": 129061356, "feat_type": "way", "quality_categories": "older_than_five_years", "issue_ids": "[10]", "osm_url": "https://www.openstreetmap.org/way/129061356", "josm_url": "http://127.0.0.1:8111/load_object?new_layer=false&objects=w129061356", "id_url": "https://www.openstreetmap.org/edit?editor=id&way=129061356#map=20/59.9281968/10.7502888"}}, {"type": "Feature", "geometry": {"type": "Point", "coordinates": [10.7515121, 59.9338081]}, "properties": {"id": 129061361, "feat_type": "way", "quality_categories": "older_than_five_years", "issue_ids": "[49]", "osm_url": "https://www.openstreetmap.org/way/129061361", "josm_url": "http://127.0.0.1:8111/load_object?new_layer=false&objects=w129061361", "id_url": "https://www.openstreetmap.org/edit?editor=id&way=129061361#map=20/59.9338081/10.7515121"}}, {"type": "Feature", "geometry": {"type": "Point", "coordinates": [10.7506035, 59.9255024]}, "properties": {"id": 129061398, "feat_type": "way", "quality_categories": "older_than_five_years", "issue_ids": "[104]", "osm_url": "https://www.openstreetmap.org/way/129061398", "josm_url": "http://127.0.0.1:8111/load_object?new_layer=false&objects=w129061398", "id_url": "https://www.openstreetmap.org/edit?editor=id&way=129061398#map=20/59.9255024/10.7506035"}}, {"type": "Feature", "geometry": {"type": "Point", "coordinates": [10.7467224, 59.9363652]}, "properties": {"id": 129061415, "feat_type": "way", "quality_categories": "older_than_five_years", "issue_ids": "[70]", "osm_url": "https://www.openstreetmap.org/way/129061415", "josm_url": "http://127.0.0.1:8111/load_object?new_layer=false&objects=w129061415", "id_url": "https://www.openstreetmap.org/edit?editor=id&way=129061415#map=20/59.9363652/10.7467224"}}, {"type": "Feature", "geometry": {"type": "Point", "coordinates": [10.7507993, 59.9342467]}, "properties": {"id": 129061438, "feat_type": "way", "quality_categories": "older_than_five_years", "issue_ids": "[105]", "osm_url": "https://www.openstreetmap.org/way/129061438", "josm_url": "http://127.0.0.1:8111/load_object?new_layer=false&objects=w129061438", "id_url": "https://www.openstreetmap.org/edit?editor=id&way=129061438#map=20/59.9342467/10.7507993"}}, {"type": "Feature", "geometry": {"type": "Point", "coordinates": [10.7483262, 59.9307635]}, "properties": {"id": 129061440, "feat_type": "way", "quality_categories": "older_than_five_years", "issue_ids": "[106]", "osm_url": "https://www.openstreetmap.org/way/129061440", "josm_url": "http://127.0.0.1:8111/load_object?new_layer=false&objects=w129061440", "id_url": "https://www.openstreetmap.org/edit?editor=id&way=129061440#map=20/59.9307635/10.7483262"}}, {"type": "Feature", "geometry": {"type": "Point", "coordinates": [10.7486312, 59.9307059]}, "properties": {"id": 129061442, "feat_type": "way", "quality_categories": "older_than_five_years", "issue_ids": "[107]", "osm_url": "https://www.openstreetmap.org/way/129061442", "josm_url": "http://127.0.0.1:8111/load_object?new_layer=false&objects=w129061442", "id_url": "https://www.openstreetmap.org/edit?editor=id&way=129061442#map=20/59.9307059/10.7486312"}}, {"type": "Feature", "geometry": {"type": "Point", "coordinates": [10.8898323, 59.9495454]}, "properties": {"id": 129715848, "feat_type": "way", "quality_categories": "older_than_five_years", "issue_ids": "[54]", "osm_url": "https://www.openstreetmap.org/way/129715848", "josm_url": "http://127.0.0.1:8111/load_object?new_layer=false&objects=w129715848", "id_url": "https://www.openstreetmap.org/edit?editor=id&way=129715848#map=20/59.9495454/10.8898323"}}, {"type": "Feature", "geometry": {"type": "Point", "coordinates": [10.6736632, 59.9418431]}, "properties": {"id": 129999090, "feat_type": "way", "quality_categories": "missing_tags, older_than_five_years", "issue_ids": "[44, 4]", "osm_url": "https://www.openstreetmap.org/way/129999090", "josm_url": "http://127.0.0.1:8111/load_object?new_layer=false&objects=w129999090", "id_url": "https://www.openstreetmap.org/edit?editor=id&way=129999090#map=20/59.9418431/10.6736632"}}, {"type": "Feature", "geometry": {"type": "Point", "coordinates": [10.6594081, 59.9291923]}, "properties": {"id": 130575116, "feat_type": "way", "quality_categories": "older_than_five_years", "issue_ids": "[43]", "osm_url": "https://www.openstreetmap.org/way/130575116", "josm_url": "http://127.0.0.1:8111/load_object?new_layer=false&objects=w130575116", "id_url": "https://www.openstreetmap.org/edit?editor=id&way=130575116#map=20/59.9291923/10.6594081"}}, {"type": "Feature", "geometry": {"type": "Point", "coordinates": [10.6665847, 59.9184134]}, "properties": {"id": 130575139, "feat_type": "way", "quality_categories": "older_than_five_years", "issue_ids": "[108]", "osm_url": "https://www.openstreetmap.org/way/130575139", "josm_url": "http://127.0.0.1:8111/load_object?new_layer=false&objects=w130575139", "id_url": "https://www.openstreetmap.org/edit?editor=id&way=130575139#map=20/59.9184134/10.6665847"}}, {"type": "Feature", "geometry": {"type": "Point", "coordinates": [10.6601023, 59.9284808]}, "properties": {"id": 130575405, "feat_type": "way", "quality_categories": "older_than_five_years", "issue_ids": "[43]", "osm_url": "https://www.openstreetmap.org/way/130575405", "josm_url": "http://127.0.0.1:8111/load_object?new_layer=false&objects=w130575405", "id_url": "https://www.openstreetmap.org/edit?editor=id&way=130575405#map=20/59.9284808/10.6601023"}}, {"type": "Feature", "geometry": {"type": "Point", "coordinates": [10.6602261, 59.9288771]}, "properties": {"id": 130575406, "feat_type": "way", "quality_categories": "older_than_five_years", "issue_ids": "[109]", "osm_url": "https://www.openstreetmap.org/way/130575406", "josm_url": "http://127.0.0.1:8111/load_object?new_layer=false&objects=w130575406", "id_url": "https://www.openstreetmap.org/edit?editor=id&way=130575406#map=20/59.9288771/10.6602261"}}, {"type": "Feature", "geometry": {"type": "Point", "coordinates": [10.7120398, 59.912494]}, "properties": {"id": 130861631, "feat_type": "way", "quality_categories": "missing_tags, older_than_five_years", "issue_ids": "[110, 4]", "osm_url": "https://www.openstreetmap.org/way/130861631", "josm_url": "http://127.0.0.1:8111/load_object?new_layer=false&objects=w130861631", "id_url": "https://www.openstreetmap.org/edit?editor=id&way=130861631#map=20/59.912494/10.7120398"}}, {"type": "Feature", "geometry": {"type": "Point", "coordinates": [10.8851194, 59.9490976]}, "properties": {"id": 130909350, "feat_type": "way", "quality_categories": "missing_tags, older_than_five_years", "issue_ids": "[18, 4]", "osm_url": "https://www.openstreetmap.org/way/130909350", "josm_url": "http://127.0.0.1:8111/load_object?new_layer=false&objects=w130909350", "id_url": "https://www.openstreetmap.org/edit?editor=id&way=130909350#map=20/59.9490976/10.8851194"}}, {"type": "Feature", "geometry": {"type": "Point", "coordinates": [10.7737712, 59.9144935]}, "properties": {"id": 131303471, "feat_type": "way", "quality_categories": "older_than_five_years", "issue_ids": "[28]", "osm_url": "https://www.openstreetmap.org/way/131303471", "josm_url": "http://127.0.0.1:8111/load_object?new_layer=false&objects=w131303471", "id_url": "https://www.openstreetmap.org/edit?editor=id&way=131303471#map=20/59.9144935/10.7737712"}}, {"type": "Feature", "geometry": {"type": "Point", "coordinates": [10.6998228, 59.9166053]}, "properties": {"id": 131550434, "feat_type": "way", "quality_categories": "missing_tags, older_than_five_years", "issue_ids": "[111, 4]", "osm_url": "https://www.openstreetmap.org/way/131550434", "josm_url": "http://127.0.0.1:8111/load_object?new_layer=false&objects=w131550434", "id_url": "https://www.openstreetmap.org/edit?editor=id&way=131550434#map=20/59.9166053/10.6998228"}}, {"type": "Feature", "geometry": {"type": "Point", "coordinates": [10.7293433, 59.940169]}, "properties": {"id": 133355773, "feat_type": "way", "quality_categories": "older_than_five_years", "issue_ids": "[112]", "osm_url": "https://www.openstreetmap.org/way/133355773", "josm_url": "http://127.0.0.1:8111/load_object?new_layer=false&objects=w133355773", "id_url": "https://www.openstreetmap.org/edit?editor=id&way=133355773#map=20/59.940169/10.7293433"}}, {"type": "Feature", "geometry": {"type": "Point", "coordinates": [10.7747918, 59.9235176]}, "properties": {"id": 133800846, "feat_type": "way", "quality_categories": "older_than_five_years", "issue_ids": "[98]", "osm_url": "https://www.openstreetmap.org/way/133800846", "josm_url": "http://127.0.0.1:8111/load_object?new_layer=false&objects=w133800846", "id_url": "https://www.openstreetmap.org/edit?editor=id&way=133800846#map=20/59.9235176/10.7747918"}}, {"type": "Feature", "geometry": {"type": "Point", "coordinates": [10.7737834, 59.9260009]}, "properties": {"id": 133800877, "feat_type": "way", "quality_categories": "older_than_five_years", "issue_ids": "[37]", "osm_url": "https://www.openstreetmap.org/way/133800877", "josm_url": "http://127.0.0.1:8111/load_object?new_layer=false&objects=w133800877", "id_url": "https://www.openstreetmap.org/edit?editor=id&way=133800877#map=20/59.9260009/10.7737834"}}, {"type": "Feature", "geometry": {"type": "Point", "coordinates": [10.7728673, 59.9223608]}, "properties": {"id": 133800881, "feat_type": "way", "quality_categories": "older_than_five_years", "issue_ids": "[98]", "osm_url": "https://www.openstreetmap.org/way/133800881", "josm_url": "http://127.0.0.1:8111/load_object?new_layer=false&objects=w133800881", "id_url": "https://www.openstreetmap.org/edit?editor=id&way=133800881#map=20/59.9223608/10.7728673"}}, {"type": "Feature", "geometry": {"type": "Point", "coordinates": [10.776509, 59.9215686]}, "properties": {"id": 133800894, "feat_type": "way", "quality_categories": "older_than_five_years", "issue_ids": "[113]", "osm_url": "https://www.openstreetmap.org/way/133800894", "josm_url": "http://127.0.0.1:8111/load_object?new_layer=false&objects=w133800894", "id_url": "https://www.openstreetmap.org/edit?editor=id&way=133800894#map=20/59.9215686/10.776509"}}, {"type": "Feature", "geometry": {"type": "Point", "coordinates": [10.7761029, 59.9216919]}, "properties": {"id": 133800898, "feat_type": "way", "quality_categories": "older_than_five_years", "issue_ids": "[113]", "osm_url": "https://www.openstreetmap.org/way/133800898", "josm_url": "http://127.0.0.1:8111/load_object?new_layer=false&objects=w133800898", "id_url": "https://www.openstreetmap.org/edit?editor=id&way=133800898#map=20/59.9216919/10.7761029"}}, {"type": "Feature", "geometry": {"type": "Point", "coordinates": [10.7699714, 59.9201537]}, "properties": {"id": 133800902, "feat_type": "way", "quality_categories": "older_than_five_years", "issue_ids": "[114]", "osm_url": "https://www.openstreetmap.org/way/133800902", "josm_url": "http://127.0.0.1:8111/load_object?new_layer=false&objects=w133800902", "id_url": "https://www.openstreetmap.org/edit?editor=id&way=133800902#map=20/59.9201537/10.7699714"}}, {"type": "Feature", "geometry": {"type": "Point", "coordinates": [10.8447598, 59.8840799]}, "properties": {"id": 133895153, "feat_type": "way", "quality_categories": "older_than_five_years", "issue_ids": "[115]", "osm_url": "https://www.openstreetmap.org/way/133895153", "josm_url": "http://127.0.0.1:8111/load_object?new_layer=false&objects=w133895153", "id_url": "https://www.openstreetmap.org/edit?editor=id&way=133895153#map=20/59.8840799/10.8447598"}}, {"type": "Feature", "geometry": {"type": "Point", "coordinates": [10.8450236, 59.8840514]}, "properties": {"id": 133895155, "feat_type": "way", "quality_categories": "older_than_five_years", "issue_ids": "[76]", "osm_url": "https://www.openstreetmap.org/way/133895155", "josm_url": "http://127.0.0.1:8111/load_object?new_layer=false&objects=w133895155", "id_url": "https://www.openstreetmap.org/edit?editor=id&way=133895155#map=20/59.8840514/10.8450236"}}, {"type": "Feature", "geometry": {"type": "Point", "coordinates": [10.8439667, 59.8844716]}, "properties": {"id": 133895156, "feat_type": "way", "quality_categories": "older_than_five_years", "issue_ids": "[116]", "osm_url": "https://www.openstreetmap.org/way/133895156", "josm_url": "http://127.0.0.1:8111/load_object?new_layer=false&objects=w133895156", "id_url": "https://www.openstreetmap.org/edit?editor=id&way=133895156#map=20/59.8844716/10.8439667"}}, {"type": "Feature", "geometry": {"type": "Point", "coordinates": [10.7851548, 59.964522]}, "properties": {"id": 133915220, "feat_type": "way", "quality_categories": "older_than_five_years", "issue_ids": "[85]", "osm_url": "https://www.openstreetmap.org/way/133915220", "josm_url": "http://127.0.0.1:8111/load_object?new_layer=false&objects=w133915220", "id_url": "https://www.openstreetmap.org/edit?editor=id&way=133915220#map=20/59.964522/10.7851548"}}, {"type": "Feature", "geometry": {"type": "Point", "coordinates": [10.7722818, 59.9063019]}, "properties": {"id": 135175577, "feat_type": "way", "quality_categories": "older_than_five_years", "issue_ids": "[117]", "osm_url": "https://www.openstreetmap.org/way/135175577", "josm_url": "http://127.0.0.1:8111/load_object?new_layer=false&objects=w135175577", "id_url": "https://www.openstreetmap.org/edit?editor=id&way=135175577#map=20/59.9063019/10.7722818"}}, {"type": "Feature", "geometry": {"type": "Point", "coordinates": [10.7678568, 59.9066602]}, "properties": {"id": 135175589, "feat_type": "way", "quality_categories": "older_than_five_years", "issue_ids": "[118]", "osm_url": "https://www.openstreetmap.org/way/135175589", "josm_url": "http://127.0.0.1:8111/load_object?new_layer=false&objects=w135175589", "id_url": "https://www.openstreetmap.org/edit?editor=id&way=135175589#map=20/59.9066602/10.7678568"}}, {"type": "Feature", "geometry": {"type": "Point", "coordinates": [10.7758427, 59.9173236]}, "properties": {"id": 135234965, "feat_type": "way", "quality_categories": "older_than_five_years", "issue_ids": "[28]", "osm_url": "https://www.openstreetmap.org/way/135234965", "josm_url": "http://127.0.0.1:8111/load_object?new_layer=false&objects=w135234965", "id_url": "https://www.openstreetmap.org/edit?editor=id&way=135234965#map=20/59.9173236/10.7758427"}}, {"type": "Feature", "geometry": {"type": "Point", "coordinates": [10.7758053, 59.9125595]}, "properties": {"id": 135234971, "feat_type": "way", "quality_categories": "older_than_five_years", "issue_ids": "[119]", "osm_url": "https://www.openstreetmap.org/way/135234971", "josm_url": "http://127.0.0.1:8111/load_object?new_layer=false&objects=w135234971", "id_url": "https://www.openstreetmap.org/edit?editor=id&way=135234971#map=20/59.9125595/10.7758053"}}, {"type": "Feature", "geometry": {"type": "Point", "coordinates": [10.7754636, 59.9132003]}, "properties": {"id": 135234974, "feat_type": "way", "quality_categories": "older_than_five_years", "issue_ids": "[119]", "osm_url": "https://www.openstreetmap.org/way/135234974", "josm_url": "http://127.0.0.1:8111/load_object?new_layer=false&objects=w135234974", "id_url": "https://www.openstreetmap.org/edit?editor=id&way=135234974#map=20/59.9132003/10.7754636"}}, {"type": "Feature", "geometry": {"type": "Point", "coordinates": [10.7779005, 59.9065257]}, "properties": {"id": 135235026, "feat_type": "way", "quality_categories": "older_than_five_years", "issue_ids": "[119]", "osm_url": "https://www.openstreetmap.org/way/135235026", "josm_url": "http://127.0.0.1:8111/load_object?new_layer=false&objects=w135235026", "id_url": "https://www.openstreetmap.org/edit?editor=id&way=135235026#map=20/59.9065257/10.7779005"}}, {"type": "Feature", "geometry": {"type": "Point", "coordinates": [10.7792152, 59.906916]}, "properties": {"id": 135235027, "feat_type": "way", "quality_categories": "older_than_five_years", "issue_ids": "[120]", "osm_url": "https://www.openstreetmap.org/way/135235027", "josm_url": "http://127.0.0.1:8111/load_object?new_layer=false&objects=w135235027", "id_url": "https://www.openstreetmap.org/edit?editor=id&way=135235027#map=20/59.906916/10.7792152"}}, {"type": "Feature", "geometry": {"type": "Point", "coordinates": [10.7732262, 59.9075214]}, "properties": {"id": 135235030, "feat_type": "way", "quality_categories": "older_than_five_years", "issue_ids": "[121]", "osm_url": "https://www.openstreetmap.org/way/135235030", "josm_url": "http://127.0.0.1:8111/load_object?new_layer=false&objects=w135235030", "id_url": "https://www.openstreetmap.org/edit?editor=id&way=135235030#map=20/59.9075214/10.7732262"}}, {"type": "Feature", "geometry": {"type": "Point", "coordinates": [10.7751995, 59.9063394]}, "properties": {"id": 135235032, "feat_type": "way", "quality_categories": "older_than_five_years", "issue_ids": "[60]", "osm_url": "https://www.openstreetmap.org/way/135235032", "josm_url": "http://127.0.0.1:8111/load_object?new_layer=false&objects=w135235032", "id_url": "https://www.openstreetmap.org/edit?editor=id&way=135235032#map=20/59.9063394/10.7751995"}}, {"type": "Feature", "geometry": {"type": "Point", "coordinates": [10.7705788, 59.9080885]}, "properties": {"id": 135235033, "feat_type": "way", "quality_categories": "older_than_five_years", "issue_ids": "[122]", "osm_url": "https://www.openstreetmap.org/way/135235033", "josm_url": "http://127.0.0.1:8111/load_object?new_layer=false&objects=w135235033", "id_url": "https://www.openstreetmap.org/edit?editor=id&way=135235033#map=20/59.9080885/10.7705788"}}, {"type": "Feature", "geometry": {"type": "Point", "coordinates": [10.7758698, 59.9061886]}, "properties": {"id": 135235035, "feat_type": "way", "quality_categories": "older_than_five_years", "issue_ids": "[123]", "osm_url": "https://www.openstreetmap.org/way/135235035", "josm_url": "http://127.0.0.1:8111/load_object?new_layer=false&objects=w135235035", "id_url": "https://www.openstreetmap.org/edit?editor=id&way=135235035#map=20/59.9061886/10.7758698"}}, {"type": "Feature", "geometry": {"type": "Point", "coordinates": [10.7784778, 59.90601]}, "properties": {"id": 135235036, "feat_type": "way", "quality_categories": "older_than_five_years", "issue_ids": "[124]", "osm_url": "https://www.openstreetmap.org/way/135235036", "josm_url": "http://127.0.0.1:8111/load_object?new_layer=false&objects=w135235036", "id_url": "https://www.openstreetmap.org/edit?editor=id&way=135235036#map=20/59.90601/10.7784778"}}, {"type": "Feature", "geometry": {"type": "Point", "coordinates": [10.7670237, 59.914568]}, "properties": {"id": 135311825, "feat_type": "way", "quality_categories": "older_than_five_years", "issue_ids": "[28]", "osm_url": "https://www.openstreetmap.org/way/135311825", "josm_url": "http://127.0.0.1:8111/load_object?new_layer=false&objects=w135311825", "id_url": "https://www.openstreetmap.org/edit?editor=id&way=135311825#map=20/59.914568/10.7670237"}}, {"type": "Feature", "geometry": {"type": "Point", "coordinates": [10.7704777, 59.9148002]}, "properties": {"id": 135311832, "feat_type": "way", "quality_categories": "older_than_five_years", "issue_ids": "[28]", "osm_url": "https://www.openstreetmap.org/way/135311832", "josm_url": "http://127.0.0.1:8111/load_object?new_layer=false&objects=w135311832", "id_url": "https://www.openstreetmap.org/edit?editor=id&way=135311832#map=20/59.9148002/10.7704777"}}, {"type": "Feature", "geometry": {"type": "Point", "coordinates": [10.7504897, 59.9501302]}, "properties": {"id": 135344060, "feat_type": "way", "quality_categories": "older_than_five_years", "issue_ids": "[10]", "osm_url": "https://www.openstreetmap.org/way/135344060", "josm_url": "http://127.0.0.1:8111/load_object?new_layer=false&objects=w135344060", "id_url": "https://www.openstreetmap.org/edit?editor=id&way=135344060#map=20/59.9501302/10.7504897"}}, {"type": "Feature", "geometry": {"type": "Point", "coordinates": [10.7497785, 59.9409309]}, "properties": {"id": 135344094, "feat_type": "way", "quality_categories": "older_than_five_years", "issue_ids": "[70]", "osm_url": "https://www.openstreetmap.org/way/135344094", "josm_url": "http://127.0.0.1:8111/load_object?new_layer=false&objects=w135344094", "id_url": "https://www.openstreetmap.org/edit?editor=id&way=135344094#map=20/59.9409309/10.7497785"}}, {"type": "Feature", "geometry": {"type": "Point", "coordinates": [10.736266, 59.9364251]}, "properties": {"id": 135349774, "feat_type": "way", "quality_categories": "older_than_five_years", "issue_ids": "[41]", "osm_url": "https://www.openstreetmap.org/way/135349774", "josm_url": "http://127.0.0.1:8111/load_object?new_layer=false&objects=w135349774", "id_url": "https://www.openstreetmap.org/edit?editor=id&way=135349774#map=20/59.9364251/10.736266"}}, {"type": "Feature", "geometry": {"type": "Point", "coordinates": [10.7395579, 59.9354226]}, "properties": {"id": 135349777, "feat_type": "way", "quality_categories": "older_than_five_years", "issue_ids": "[125]", "osm_url": "https://www.openstreetmap.org/way/135349777", "josm_url": "http://127.0.0.1:8111/load_object?new_layer=false&objects=w135349777", "id_url": "https://www.openstreetmap.org/edit?editor=id&way=135349777#map=20/59.9354226/10.7395579"}}, {"type": "Feature", "geometry": {"type": "Point", "coordinates": [10.7467384, 59.9365095]}, "properties": {"id": 135349780, "feat_type": "way", "quality_categories": "older_than_five_years", "issue_ids": "[37]", "osm_url": "https://www.openstreetmap.org/way/135349780", "josm_url": "http://127.0.0.1:8111/load_object?new_layer=false&objects=w135349780", "id_url": "https://www.openstreetmap.org/edit?editor=id&way=135349780#map=20/59.9365095/10.7467384"}}, {"type": "Feature", "geometry": {"type": "Point", "coordinates": [10.7502419, 59.9376319]}, "properties": {"id": 135349817, "feat_type": "way", "quality_categories": "older_than_five_years", "issue_ids": "[37]", "osm_url": "https://www.openstreetmap.org/way/135349817", "josm_url": "http://127.0.0.1:8111/load_object?new_layer=false&objects=w135349817", "id_url": "https://www.openstreetmap.org/edit?editor=id&way=135349817#map=20/59.9376319/10.7502419"}}, {"type": "Feature", "geometry": {"type": "Point", "coordinates": [10.7341231, 59.9360078]}, "properties": {"id": 135475004, "feat_type": "way", "quality_categories": "older_than_five_years", "issue_ids": "[37]", "osm_url": "https://www.openstreetmap.org/way/135475004", "josm_url": "http://127.0.0.1:8111/load_object?new_layer=false&objects=w135475004", "id_url": "https://www.openstreetmap.org/edit?editor=id&way=135475004#map=20/59.9360078/10.7341231"}}, {"type": "Feature", "geometry": {"type": "Point", "coordinates": [10.7300028, 59.9352936]}, "properties": {"id": 135475015, "feat_type": "way", "quality_categories": "older_than_five_years", "issue_ids": "[70]", "osm_url": "https://www.openstreetmap.org/way/135475015", "josm_url": "http://127.0.0.1:8111/load_object?new_layer=false&objects=w135475015", "id_url": "https://www.openstreetmap.org/edit?editor=id&way=135475015#map=20/59.9352936/10.7300028"}}, {"type": "Feature", "geometry": {"type": "Point", "coordinates": [10.7281916, 59.9334424]}, "properties": {"id": 135475031, "feat_type": "way", "quality_categories": "older_than_five_years", "issue_ids": "[49]", "osm_url": "https://www.openstreetmap.org/way/135475031", "josm_url": "http://127.0.0.1:8111/load_object?new_layer=false&objects=w135475031", "id_url": "https://www.openstreetmap.org/edit?editor=id&way=135475031#map=20/59.9334424/10.7281916"}}, {"type": "Feature", "geometry": {"type": "Point", "coordinates": [10.7284165, 59.9349397]}, "properties": {"id": 135475037, "feat_type": "way", "quality_categories": "older_than_five_years", "issue_ids": "[126]", "osm_url": "https://www.openstreetmap.org/way/135475037", "josm_url": "http://127.0.0.1:8111/load_object?new_layer=false&objects=w135475037", "id_url": "https://www.openstreetmap.org/edit?editor=id&way=135475037#map=20/59.9349397/10.7284165"}}, {"type": "Feature", "geometry": {"type": "Point", "coordinates": [10.7198533, 59.9296167]}, "properties": {"id": 135593872, "feat_type": "way", "quality_categories": "older_than_five_years", "issue_ids": "[19]", "osm_url": "https://www.openstreetmap.org/way/135593872", "josm_url": "http://127.0.0.1:8111/load_object?new_layer=false&objects=w135593872", "id_url": "https://www.openstreetmap.org/edit?editor=id&way=135593872#map=20/59.9296167/10.7198533"}}, {"type": "Feature", "geometry": {"type": "Point", "coordinates": [10.720834, 59.9300074]}, "properties": {"id": 135593885, "feat_type": "way", "quality_categories": "older_than_five_years", "issue_ids": "[69]", "osm_url": "https://www.openstreetmap.org/way/135593885", "josm_url": "http://127.0.0.1:8111/load_object?new_layer=false&objects=w135593885", "id_url": "https://www.openstreetmap.org/edit?editor=id&way=135593885#map=20/59.9300074/10.720834"}}, {"type": "Feature", "geometry": {"type": "Point", "coordinates": [10.7270557, 59.9335553]}, "properties": {"id": 135593891, "feat_type": "way", "quality_categories": "older_than_five_years", "issue_ids": "[70]", "osm_url": "https://www.openstreetmap.org/way/135593891", "josm_url": "http://127.0.0.1:8111/load_object?new_layer=false&objects=w135593891", "id_url": "https://www.openstreetmap.org/edit?editor=id&way=135593891#map=20/59.9335553/10.7270557"}}, {"type": "Feature", "geometry": {"type": "Point", "coordinates": [10.722575, 59.9320179]}, "properties": {"id": 135593895, "feat_type": "way", "quality_categories": "older_than_five_years", "issue_ids": "[127]", "osm_url": "https://www.openstreetmap.org/way/135593895", "josm_url": "http://127.0.0.1:8111/load_object?new_layer=false&objects=w135593895", "id_url": "https://www.openstreetmap.org/edit?editor=id&way=135593895#map=20/59.9320179/10.722575"}}, {"type": "Feature", "geometry": {"type": "Point", "coordinates": [10.7220157, 59.9311068]}, "properties": {"id": 135593898, "feat_type": "way", "quality_categories": "older_than_five_years", "issue_ids": "[19]", "osm_url": "https://www.openstreetmap.org/way/135593898", "josm_url": "http://127.0.0.1:8111/load_object?new_layer=false&objects=w135593898", "id_url": "https://www.openstreetmap.org/edit?editor=id&way=135593898#map=20/59.9311068/10.7220157"}}, {"type": "Feature", "geometry": {"type": "Point", "coordinates": [10.7770579, 59.9237471]}, "properties": {"id": 136164254, "feat_type": "way", "quality_categories": "older_than_five_years", "issue_ids": "[49]", "osm_url": "https://www.openstreetmap.org/way/136164254", "josm_url": "http://127.0.0.1:8111/load_object?new_layer=false&objects=w136164254", "id_url": "https://www.openstreetmap.org/edit?editor=id&way=136164254#map=20/59.9237471/10.7770579"}}, {"type": "Feature", "geometry": {"type": "Point", "coordinates": [10.7744934, 59.9227268]}, "properties": {"id": 136340949, "feat_type": "way", "quality_categories": "older_than_five_years", "issue_ids": "[37]", "osm_url": "https://www.openstreetmap.org/way/136340949", "josm_url": "http://127.0.0.1:8111/load_object?new_layer=false&objects=w136340949", "id_url": "https://www.openstreetmap.org/edit?editor=id&way=136340949#map=20/59.9227268/10.7744934"}}, {"type": "Feature", "geometry": {"type": "Point", "coordinates": [10.7542259, 59.9211855]}, "properties": {"id": 136483616, "feat_type": "way", "quality_categories": "older_than_five_years", "issue_ids": "[128]", "osm_url": "https://www.openstreetmap.org/way/136483616", "josm_url": "http://127.0.0.1:8111/load_object?new_layer=false&objects=w136483616", "id_url": "https://www.openstreetmap.org/edit?editor=id&way=136483616#map=20/59.9211855/10.7542259"}}, {"type": "Feature", "geometry": {"type": "Point", "coordinates": [10.7230368, 59.9110469]}, "properties": {"id": 136540511, "feat_type": "way", "quality_categories": "older_than_five_years", "issue_ids": "[33]", "osm_url": "https://www.openstreetmap.org/way/136540511", "josm_url": "http://127.0.0.1:8111/load_object?new_layer=false&objects=w136540511", "id_url": "https://www.openstreetmap.org/edit?editor=id&way=136540511#map=20/59.9110469/10.7230368"}}, {"type": "Feature", "geometry": {"type": "Point", "coordinates": [10.7215808, 59.9119953]}, "properties": {"id": 136540522, "feat_type": "way", "quality_categories": "older_than_five_years", "issue_ids": "[33]", "osm_url": "https://www.openstreetmap.org/way/136540522", "josm_url": "http://127.0.0.1:8111/load_object?new_layer=false&objects=w136540522", "id_url": "https://www.openstreetmap.org/edit?editor=id&way=136540522#map=20/59.9119953/10.7215808"}}, {"type": "Feature", "geometry": {"type": "Point", "coordinates": [10.7204988, 59.9110538]}, "properties": {"id": 136540545, "feat_type": "way", "quality_categories": "older_than_five_years", "issue_ids": "[33]", "osm_url": "https://www.openstreetmap.org/way/136540545", "josm_url": "http://127.0.0.1:8111/load_object?new_layer=false&objects=w136540545", "id_url": "https://www.openstreetmap.org/edit?editor=id&way=136540545#map=20/59.9110538/10.7204988"}}, {"type": "Feature", "geometry": {"type": "Point", "coordinates": [10.8886677, 59.953616]}, "properties": {"id": 137465274, "feat_type": "way", "quality_categories": "missing_tags, older_than_five_years", "issue_ids": "[129, 4]", "osm_url": "https://www.openstreetmap.org/way/137465274", "josm_url": "http://127.0.0.1:8111/load_object?new_layer=false&objects=w137465274", "id_url": "https://www.openstreetmap.org/edit?editor=id&way=137465274#map=20/59.953616/10.8886677"}}, {"type": "Feature", "geometry": {"type": "Point", "coordinates": [10.8863724, 59.9508429]}, "properties": {"id": 137465279, "feat_type": "way", "quality_categories": "missing_tags, older_than_five_years", "issue_ids": "[18, 4]", "osm_url": "https://www.openstreetmap.org/way/137465279", "josm_url": "http://127.0.0.1:8111/load_object?new_layer=false&objects=w137465279", "id_url": "https://www.openstreetmap.org/edit?editor=id&way=137465279#map=20/59.9508429/10.8863724"}}, {"type": "Feature", "geometry": {"type": "Point", "coordinates": [10.8901227, 59.9539553]}, "properties": {"id": 137465281, "feat_type": "way", "quality_categories": "missing_tags, older_than_five_years", "issue_ids": "[18, 4]", "osm_url": "https://www.openstreetmap.org/way/137465281", "josm_url": "http://127.0.0.1:8111/load_object?new_layer=false&objects=w137465281", "id_url": "https://www.openstreetmap.org/edit?editor=id&way=137465281#map=20/59.9539553/10.8901227"}}, {"type": "Feature", "geometry": {"type": "Point", "coordinates": [10.8934857, 59.9552826]}, "properties": {"id": 137465294, "feat_type": "way", "quality_categories": "older_than_five_years", "issue_ids": "[109]", "osm_url": "https://www.openstreetmap.org/way/137465294", "josm_url": "http://127.0.0.1:8111/load_object?new_layer=false&objects=w137465294", "id_url": "https://www.openstreetmap.org/edit?editor=id&way=137465294#map=20/59.9552826/10.8934857"}}, {"type": "Feature", "geometry": {"type": "Point", "coordinates": [10.9350027, 59.9402307]}, "properties": {"id": 137885776, "feat_type": "way", "quality_categories": "older_than_five_years", "issue_ids": "[0]", "osm_url": "https://www.openstreetmap.org/way/137885776", "josm_url": "http://127.0.0.1:8111/load_object?new_layer=false&objects=w137885776", "id_url": "https://www.openstreetmap.org/edit?editor=id&way=137885776#map=20/59.9402307/10.9350027"}}, {"type": "Feature", "geometry": {"type": "Point", "coordinates": [10.8486786, 59.8893284]}, "properties": {"id": 138551020, "feat_type": "way", "quality_categories": "older_than_five_years", "issue_ids": "[76]", "osm_url": "https://www.openstreetmap.org/way/138551020", "josm_url": "http://127.0.0.1:8111/load_object?new_layer=false&objects=w138551020", "id_url": "https://www.openstreetmap.org/edit?editor=id&way=138551020#map=20/59.8893284/10.8486786"}}, {"type": "Feature", "geometry": {"type": "Point", "coordinates": [10.7114039, 59.9475939]}, "properties": {"id": 146385229, "feat_type": "way", "quality_categories": "older_than_five_years", "issue_ids": "[19]", "osm_url": "https://www.openstreetmap.org/way/146385229", "josm_url": "http://127.0.0.1:8111/load_object?new_layer=false&objects=w146385229", "id_url": "https://www.openstreetmap.org/edit?editor=id&way=146385229#map=20/59.9475939/10.7114039"}}, {"type": "Feature", "geometry": {"type": "Point", "coordinates": [10.8150851, 59.908908]}, "properties": {"id": 149581173, "feat_type": "way", "quality_categories": "older_than_five_years", "issue_ids": "[130]", "osm_url": "https://www.openstreetmap.org/way/149581173", "josm_url": "http://127.0.0.1:8111/load_object?new_layer=false&objects=w149581173", "id_url": "https://www.openstreetmap.org/edit?editor=id&way=149581173#map=20/59.908908/10.8150851"}}, {"type": "Feature", "geometry": {"type": "Point", "coordinates": [10.782903, 59.8266008]}, "properties": {"id": 150808856, "feat_type": "way", "quality_categories": "older_than_five_years", "issue_ids": "[131]", "osm_url": "https://www.openstreetmap.org/way/150808856", "josm_url": "http://127.0.0.1:8111/load_object?new_layer=false&objects=w150808856", "id_url": "https://www.openstreetmap.org/edit?editor=id&way=150808856#map=20/59.8266008/10.782903"}}, {"type": "Feature", "geometry": {"type": "Point", "coordinates": [10.8427576, 59.9438413]}, "properties": {"id": 153883951, "feat_type": "way", "quality_categories": "older_than_five_years", "issue_ids": "[46]", "osm_url": "https://www.openstreetmap.org/way/153883951", "josm_url": "http://127.0.0.1:8111/load_object?new_layer=false&objects=w153883951", "id_url": "https://www.openstreetmap.org/edit?editor=id&way=153883951#map=20/59.9438413/10.8427576"}}, {"type": "Feature", "geometry": {"type": "Point", "coordinates": [10.8705451, 59.9443016]}, "properties": {"id": 154201606, "feat_type": "way", "quality_categories": "missing_tags, older_than_five_years", "issue_ids": "[132, 4]", "osm_url": "https://www.openstreetmap.org/way/154201606", "josm_url": "http://127.0.0.1:8111/load_object?new_layer=false&objects=w154201606", "id_url": "https://www.openstreetmap.org/edit?editor=id&way=154201606#map=20/59.9443016/10.8705451"}}, {"type": "Feature", "geometry": {"type": "Point", "coordinates": [10.812814, 59.9090202]}, "properties": {"id": 155228113, "feat_type": "way", "quality_categories": "older_than_five_years", "issue_ids": "[133]", "osm_url": "https://www.openstreetmap.org/way/155228113", "josm_url": "http://127.0.0.1:8111/load_object?new_layer=false&objects=w155228113", "id_url": "https://www.openstreetmap.org/edit?editor=id&way=155228113#map=20/59.9090202/10.812814"}}, {"type": "Feature", "geometry": {"type": "Point", "coordinates": [10.7966682, 59.8350466]}, "properties": {"id": 161366532, "feat_type": "way", "quality_categories": "older_than_five_years", "issue_ids": "[9]", "osm_url": "https://www.openstreetmap.org/way/161366532", "josm_url": "http://127.0.0.1:8111/load_object?new_layer=false&objects=w161366532", "id_url": "https://www.openstreetmap.org/edit?editor=id&way=161366532#map=20/59.8350466/10.7966682"}}, {"type": "Feature", "geometry": {"type": "Point", "coordinates": [10.7972343, 59.8350158]}, "properties": {"id": 161366538, "feat_type": "way", "quality_categories": "older_than_five_years", "issue_ids": "[9]", "osm_url": "https://www.openstreetmap.org/way/161366538", "josm_url": "http://127.0.0.1:8111/load_object?new_layer=false&objects=w161366538", "id_url": "https://www.openstreetmap.org/edit?editor=id&way=161366538#map=20/59.8350158/10.7972343"}}, {"type": "Feature", "geometry": {"type": "Point", "coordinates": [10.7931349, 59.8300206]}, "properties": {"id": 161796655, "feat_type": "way", "quality_categories": "older_than_five_years", "issue_ids": "[134]", "osm_url": "https://www.openstreetmap.org/way/161796655", "josm_url": "http://127.0.0.1:8111/load_object?new_layer=false&objects=w161796655", "id_url": "https://www.openstreetmap.org/edit?editor=id&way=161796655#map=20/59.8300206/10.7931349"}}, {"type": "Feature", "geometry": {"type": "Point", "coordinates": [10.9109543, 59.9525591]}, "properties": {"id": 163719187, "feat_type": "way", "quality_categories": "missing_tags, older_than_five_years", "issue_ids": "[135, 4]", "osm_url": "https://www.openstreetmap.org/way/163719187", "josm_url": "http://127.0.0.1:8111/load_object?new_layer=false&objects=w163719187", "id_url": "https://www.openstreetmap.org/edit?editor=id&way=163719187#map=20/59.9525591/10.9109543"}}, {"type": "Feature", "geometry": {"type": "Point", "coordinates": [10.8855706, 59.9592527]}, "properties": {"id": 164250245, "feat_type": "way", "quality_categories": "older_than_five_years", "issue_ids": "[14]", "osm_url": "https://www.openstreetmap.org/way/164250245", "josm_url": "http://127.0.0.1:8111/load_object?new_layer=false&objects=w164250245", "id_url": "https://www.openstreetmap.org/edit?editor=id&way=164250245#map=20/59.9592527/10.8855706"}}, {"type": "Feature", "geometry": {"type": "Point", "coordinates": [10.8190407, 59.9126072]}, "properties": {"id": 165118386, "feat_type": "way", "quality_categories": "older_than_five_years", "issue_ids": "[22]", "osm_url": "https://www.openstreetmap.org/way/165118386", "josm_url": "http://127.0.0.1:8111/load_object?new_layer=false&objects=w165118386", "id_url": "https://www.openstreetmap.org/edit?editor=id&way=165118386#map=20/59.9126072/10.8190407"}}, {"type": "Feature", "geometry": {"type": "Point", "coordinates": [10.6703364, 59.9652008]}, "properties": {"id": 165340919, "feat_type": "way", "quality_categories": "older_than_five_years", "issue_ids": "[136]", "osm_url": "https://www.openstreetmap.org/way/165340919", "josm_url": "http://127.0.0.1:8111/load_object?new_layer=false&objects=w165340919", "id_url": "https://www.openstreetmap.org/edit?editor=id&way=165340919#map=20/59.9652008/10.6703364"}}, {"type": "Feature", "geometry": {"type": "Point", "coordinates": [10.8223885, 59.8547761]}, "properties": {"id": 167262731, "feat_type": "way", "quality_categories": "older_than_five_years", "issue_ids": "[6]", "osm_url": "https://www.openstreetmap.org/way/167262731", "josm_url": "http://127.0.0.1:8111/load_object?new_layer=false&objects=w167262731", "id_url": "https://www.openstreetmap.org/edit?editor=id&way=167262731#map=20/59.8547761/10.8223885"}}, {"type": "Feature", "geometry": {"type": "Point", "coordinates": [10.8208374, 59.8486486]}, "properties": {"id": 167637551, "feat_type": "way", "quality_categories": "older_than_five_years", "issue_ids": "[137]", "osm_url": "https://www.openstreetmap.org/way/167637551", "josm_url": "http://127.0.0.1:8111/load_object?new_layer=false&objects=w167637551", "id_url": "https://www.openstreetmap.org/edit?editor=id&way=167637551#map=20/59.8486486/10.8208374"}}, {"type": "Feature", "geometry": {"type": "Point", "coordinates": [10.8231309, 59.8493192]}, "properties": {"id": 167637613, "feat_type": "way", "quality_categories": "older_than_five_years", "issue_ids": "[138]", "osm_url": "https://www.openstreetmap.org/way/167637613", "josm_url": "http://127.0.0.1:8111/load_object?new_layer=false&objects=w167637613", "id_url": "https://www.openstreetmap.org/edit?editor=id&way=167637613#map=20/59.8493192/10.8231309"}}, {"type": "Feature", "geometry": {"type": "Point", "coordinates": [10.8186505, 59.8482517]}, "properties": {"id": 167637704, "feat_type": "way", "quality_categories": "older_than_five_years", "issue_ids": "[139]", "osm_url": "https://www.openstreetmap.org/way/167637704", "josm_url": "http://127.0.0.1:8111/load_object?new_layer=false&objects=w167637704", "id_url": "https://www.openstreetmap.org/edit?editor=id&way=167637704#map=20/59.8482517/10.8186505"}}, {"type": "Feature", "geometry": {"type": "Point", "coordinates": [10.8187927, 59.8475462]}, "properties": {"id": 167637883, "feat_type": "way", "quality_categories": "older_than_five_years", "issue_ids": "[139]", "osm_url": "https://www.openstreetmap.org/way/167637883", "josm_url": "http://127.0.0.1:8111/load_object?new_layer=false&objects=w167637883", "id_url": "https://www.openstreetmap.org/edit?editor=id&way=167637883#map=20/59.8475462/10.8187927"}}, {"type": "Feature", "geometry": {"type": "Point", "coordinates": [10.8377572, 59.9381366]}, "properties": {"id": 170773892, "feat_type": "way", "quality_categories": "missing_tags, older_than_five_years", "issue_ids": "[140, 4]", "osm_url": "https://www.openstreetmap.org/way/170773892", "josm_url": "http://127.0.0.1:8111/load_object?new_layer=false&objects=w170773892", "id_url": "https://www.openstreetmap.org/edit?editor=id&way=170773892#map=20/59.9381366/10.8377572"}}, {"type": "Feature", "geometry": {"type": "Point", "coordinates": [10.9230597, 59.9548495]}, "properties": {"id": 178026537, "feat_type": "way", "quality_categories": "missing_tags, older_than_five_years", "issue_ids": "[141, 4]", "osm_url": "https://www.openstreetmap.org/way/178026537", "josm_url": "http://127.0.0.1:8111/load_object?new_layer=false&objects=w178026537", "id_url": "https://www.openstreetmap.org/edit?editor=id&way=178026537#map=20/59.9548495/10.9230597"}}, {"type": "Feature", "geometry": {"type": "Point", "coordinates": [10.9228008, 59.95315]}, "properties": {"id": 178026545, "feat_type": "way", "quality_categories": "missing_tags, older_than_five_years", "issue_ids": "[3, 4]", "osm_url": "https://www.openstreetmap.org/way/178026545", "josm_url": "http://127.0.0.1:8111/load_object?new_layer=false&objects=w178026545", "id_url": "https://www.openstreetmap.org/edit?editor=id&way=178026545#map=20/59.95315/10.9228008"}}, {"type": "Feature", "geometry": {"type": "Point", "coordinates": [10.9232445, 59.9529855]}, "properties": {"id": 178026548, "feat_type": "way", "quality_categories": "missing_tags, older_than_five_years", "issue_ids": "[3, 4]", "osm_url": "https://www.openstreetmap.org/way/178026548", "josm_url": "http://127.0.0.1:8111/load_object?new_layer=false&objects=w178026548", "id_url": "https://www.openstreetmap.org/edit?editor=id&way=178026548#map=20/59.9529855/10.9232445"}}, {"type": "Feature", "geometry": {"type": "Point", "coordinates": [10.912839, 59.9646718]}, "properties": {"id": 178078923, "feat_type": "way", "quality_categories": "missing_tags, older_than_five_years", "issue_ids": "[142, 4]", "osm_url": "https://www.openstreetmap.org/way/178078923", "josm_url": "http://127.0.0.1:8111/load_object?new_layer=false&objects=w178078923", "id_url": "https://www.openstreetmap.org/edit?editor=id&way=178078923#map=20/59.9646718/10.912839"}}, {"type": "Feature", "geometry": {"type": "Point", "coordinates": [10.9149544, 59.9636566]}, "properties": {"id": 178078934, "feat_type": "way", "quality_categories": "missing_tags, older_than_five_years", "issue_ids": "[141, 4]", "osm_url": "https://www.openstreetmap.org/way/178078934", "josm_url": "http://127.0.0.1:8111/load_object?new_layer=false&objects=w178078934", "id_url": "https://www.openstreetmap.org/edit?editor=id&way=178078934#map=20/59.9636566/10.9149544"}}, {"type": "Feature", "geometry": {"type": "Point", "coordinates": [10.9120003, 59.9635962]}, "properties": {"id": 178078938, "feat_type": "way", "quality_categories": "older_than_five_years", "issue_ids": "[142]", "osm_url": "https://www.openstreetmap.org/way/178078938", "josm_url": "http://127.0.0.1:8111/load_object?new_layer=false&objects=w178078938", "id_url": "https://www.openstreetmap.org/edit?editor=id&way=178078938#map=20/59.9635962/10.9120003"}}, {"type": "Feature", "geometry": {"type": "Point", "coordinates": [10.8581295, 59.9407176]}, "properties": {"id": 178568765, "feat_type": "way", "quality_categories": "missing_tags, older_than_five_years", "issue_ids": "[132, 4]", "osm_url": "https://www.openstreetmap.org/way/178568765", "josm_url": "http://127.0.0.1:8111/load_object?new_layer=false&objects=w178568765", "id_url": "https://www.openstreetmap.org/edit?editor=id&way=178568765#map=20/59.9407176/10.8581295"}}, {"type": "Feature", "geometry": {"type": "Point", "coordinates": [10.8566898, 59.9404231]}, "properties": {"id": 178568768, "feat_type": "way", "quality_categories": "older_than_five_years", "issue_ids": "[143]", "osm_url": "https://www.openstreetmap.org/way/178568768", "josm_url": "http://127.0.0.1:8111/load_object?new_layer=false&objects=w178568768", "id_url": "https://www.openstreetmap.org/edit?editor=id&way=178568768#map=20/59.9404231/10.8566898"}}, {"type": "Feature", "geometry": {"type": "Point", "coordinates": [10.8813597, 59.9532559]}, "properties": {"id": 178739032, "feat_type": "way", "quality_categories": "missing_tags, older_than_five_years", "issue_ids": "[144, 4]", "osm_url": "https://www.openstreetmap.org/way/178739032", "josm_url": "http://127.0.0.1:8111/load_object?new_layer=false&objects=w178739032", "id_url": "https://www.openstreetmap.org/edit?editor=id&way=178739032#map=20/59.9532559/10.8813597"}}, {"type": "Feature", "geometry": {"type": "Point", "coordinates": [10.8810271, 59.9534574]}, "properties": {"id": 178739034, "feat_type": "way", "quality_categories": "missing_tags, older_than_five_years", "issue_ids": "[58, 4]", "osm_url": "https://www.openstreetmap.org/way/178739034", "josm_url": "http://127.0.0.1:8111/load_object?new_layer=false&objects=w178739034", "id_url": "https://www.openstreetmap.org/edit?editor=id&way=178739034#map=20/59.9534574/10.8810271"}}, {"type": "Feature", "geometry": {"type": "Point", "coordinates": [10.8812499, 59.9531919]}, "properties": {"id": 178739035, "feat_type": "way", "quality_categories": "missing_tags, older_than_five_years", "issue_ids": "[144, 4]", "osm_url": "https://www.openstreetmap.org/way/178739035", "josm_url": "http://127.0.0.1:8111/load_object?new_layer=false&objects=w178739035", "id_url": "https://www.openstreetmap.org/edit?editor=id&way=178739035#map=20/59.9531919/10.8812499"}}, {"type": "Feature", "geometry": {"type": "Point", "coordinates": [10.8805891, 59.9543102]}, "properties": {"id": 178739039, "feat_type": "way", "quality_categories": "missing_tags, older_than_five_years", "issue_ids": "[145, 4]", "osm_url": "https://www.openstreetmap.org/way/178739039", "josm_url": "http://127.0.0.1:8111/load_object?new_layer=false&objects=w178739039", "id_url": "https://www.openstreetmap.org/edit?editor=id&way=178739039#map=20/59.9543102/10.8805891"}}, {"type": "Feature", "geometry": {"type": "Point", "coordinates": [10.8806461, 59.9538074]}, "properties": {"id": 178739041, "feat_type": "way", "quality_categories": "missing_tags, older_than_five_years", "issue_ids": "[146, 4]", "osm_url": "https://www.openstreetmap.org/way/178739041", "josm_url": "http://127.0.0.1:8111/load_object?new_layer=false&objects=w178739041", "id_url": "https://www.openstreetmap.org/edit?editor=id&way=178739041#map=20/59.9538074/10.8806461"}}, {"type": "Feature", "geometry": {"type": "Point", "coordinates": [10.8810965, 59.9532016]}, "properties": {"id": 178739049, "feat_type": "way", "quality_categories": "missing_tags, older_than_five_years", "issue_ids": "[144, 4]", "osm_url": "https://www.openstreetmap.org/way/178739049", "josm_url": "http://127.0.0.1:8111/load_object?new_layer=false&objects=w178739049", "id_url": "https://www.openstreetmap.org/edit?editor=id&way=178739049#map=20/59.9532016/10.8810965"}}, {"type": "Feature", "geometry": {"type": "Point", "coordinates": [10.7282405, 59.9515263]}, "properties": {"id": 183072067, "feat_type": "way", "quality_categories": "older_than_five_years", "issue_ids": "[10]", "osm_url": "https://www.openstreetmap.org/way/183072067", "josm_url": "http://127.0.0.1:8111/load_object?new_layer=false&objects=w183072067", "id_url": "https://www.openstreetmap.org/edit?editor=id&way=183072067#map=20/59.9515263/10.7282405"}}, {"type": "Feature", "geometry": {"type": "Point", "coordinates": [10.8632637, 59.9463389]}, "properties": {"id": 183668798, "feat_type": "way", "quality_categories": "missing_tags, older_than_five_years", "issue_ids": "[80, 4]", "osm_url": "https://www.openstreetmap.org/way/183668798", "josm_url": "http://127.0.0.1:8111/load_object?new_layer=false&objects=w183668798", "id_url": "https://www.openstreetmap.org/edit?editor=id&way=183668798#map=20/59.9463389/10.8632637"}}, {"type": "Feature", "geometry": {"type": "Point", "coordinates": [10.8612606, 59.9473844]}, "properties": {"id": 183668799, "feat_type": "way", "quality_categories": "missing_tags, older_than_five_years", "issue_ids": "[147, 4]", "osm_url": "https://www.openstreetmap.org/way/183668799", "josm_url": "http://127.0.0.1:8111/load_object?new_layer=false&objects=w183668799", "id_url": "https://www.openstreetmap.org/edit?editor=id&way=183668799#map=20/59.9473844/10.8612606"}}, {"type": "Feature", "geometry": {"type": "Point", "coordinates": [10.8629828, 59.9464341]}, "properties": {"id": 183668800, "feat_type": "way", "quality_categories": "missing_tags, older_than_five_years", "issue_ids": "[80, 4]", "osm_url": "https://www.openstreetmap.org/way/183668800", "josm_url": "http://127.0.0.1:8111/load_object?new_layer=false&objects=w183668800", "id_url": "https://www.openstreetmap.org/edit?editor=id&way=183668800#map=20/59.9464341/10.8629828"}}, {"type": "Feature", "geometry": {"type": "Point", "coordinates": [10.8634998, 59.9464969]}, "properties": {"id": 183668801, "feat_type": "way", "quality_categories": "older_than_five_years", "issue_ids": "[148]", "osm_url": "https://www.openstreetmap.org/way/183668801", "josm_url": "http://127.0.0.1:8111/load_object?new_layer=false&objects=w183668801", "id_url": "https://www.openstreetmap.org/edit?editor=id&way=183668801#map=20/59.9464969/10.8634998"}}, {"type": "Feature", "geometry": {"type": "Point", "coordinates": [10.8660747, 59.9505378]}, "properties": {"id": 184090111, "feat_type": "way", "quality_categories": "older_than_five_years", "issue_ids": "[149]", "osm_url": "https://www.openstreetmap.org/way/184090111", "josm_url": "http://127.0.0.1:8111/load_object?new_layer=false&objects=w184090111", "id_url": "https://www.openstreetmap.org/edit?editor=id&way=184090111#map=20/59.9505378/10.8660747"}}, {"type": "Feature", "geometry": {"type": "Point", "coordinates": [10.8279899, 59.9334726]}, "properties": {"id": 184613657, "feat_type": "way", "quality_categories": "missing_tags, older_than_five_years", "issue_ids": "[140, 4]", "osm_url": "https://www.openstreetmap.org/way/184613657", "josm_url": "http://127.0.0.1:8111/load_object?new_layer=false&objects=w184613657", "id_url": "https://www.openstreetmap.org/edit?editor=id&way=184613657#map=20/59.9334726/10.8279899"}}, {"type": "Feature", "geometry": {"type": "Point", "coordinates": [10.827302, 59.9337174]}, "properties": {"id": 184613660, "feat_type": "way", "quality_categories": "missing_tags, older_than_five_years", "issue_ids": "[150, 4]", "osm_url": "https://www.openstreetmap.org/way/184613660", "josm_url": "http://127.0.0.1:8111/load_object?new_layer=false&objects=w184613660", "id_url": "https://www.openstreetmap.org/edit?editor=id&way=184613660#map=20/59.9337174/10.827302"}}, {"type": "Feature", "geometry": {"type": "Point", "coordinates": [10.8282622, 59.9331056]}, "properties": {"id": 184613661, "feat_type": "way", "quality_categories": "missing_tags, older_than_five_years", "issue_ids": "[140, 4]", "osm_url": "https://www.openstreetmap.org/way/184613661", "josm_url": "http://127.0.0.1:8111/load_object?new_layer=false&objects=w184613661", "id_url": "https://www.openstreetmap.org/edit?editor=id&way=184613661#map=20/59.9331056/10.8282622"}}, {"type": "Feature", "geometry": {"type": "Point", "coordinates": [10.8279429, 59.9330719]}, "properties": {"id": 184613663, "feat_type": "way", "quality_categories": "missing_tags, older_than_five_years", "issue_ids": "[140, 4]", "osm_url": "https://www.openstreetmap.org/way/184613663", "josm_url": "http://127.0.0.1:8111/load_object?new_layer=false&objects=w184613663", "id_url": "https://www.openstreetmap.org/edit?editor=id&way=184613663#map=20/59.9330719/10.8279429"}}, {"type": "Feature", "geometry": {"type": "Point", "coordinates": [10.829521, 59.9320526]}, "properties": {"id": 184613665, "feat_type": "way", "quality_categories": "missing_tags, older_than_five_years", "issue_ids": "[140, 4]", "osm_url": "https://www.openstreetmap.org/way/184613665", "josm_url": "http://127.0.0.1:8111/load_object?new_layer=false&objects=w184613665", "id_url": "https://www.openstreetmap.org/edit?editor=id&way=184613665#map=20/59.9320526/10.829521"}}, {"type": "Feature", "geometry": {"type": "Point", "coordinates": [10.858142, 59.940543]}, "properties": {"id": 184619872, "feat_type": "way", "quality_categories": "missing_tags, older_than_five_years", "issue_ids": "[132, 4]", "osm_url": "https://www.openstreetmap.org/way/184619872", "josm_url": "http://127.0.0.1:8111/load_object?new_layer=false&objects=w184619872", "id_url": "https://www.openstreetmap.org/edit?editor=id&way=184619872#map=20/59.940543/10.858142"}}, {"type": "Feature", "geometry": {"type": "Point", "coordinates": [10.7753323, 59.9511435]}, "properties": {"id": 187194971, "feat_type": "way", "quality_categories": "older_than_five_years", "issue_ids": "[10]", "osm_url": "https://www.openstreetmap.org/way/187194971", "josm_url": "http://127.0.0.1:8111/load_object?new_layer=false&objects=w187194971", "id_url": "https://www.openstreetmap.org/edit?editor=id&way=187194971#map=20/59.9511435/10.7753323"}}, {"type": "Feature", "geometry": {"type": "Point", "coordinates": [10.886397, 59.9507059]}, "properties": {"id": 188051420, "feat_type": "way", "quality_categories": "missing_tags, older_than_five_years", "issue_ids": "[151, 4]", "osm_url": "https://www.openstreetmap.org/way/188051420", "josm_url": "http://127.0.0.1:8111/load_object?new_layer=false&objects=w188051420", "id_url": "https://www.openstreetmap.org/edit?editor=id&way=188051420#map=20/59.9507059/10.886397"}}, {"type": "Feature", "geometry": {"type": "Point", "coordinates": [10.9292458, 59.9592428]}, "properties": {"id": 195364538, "feat_type": "way", "quality_categories": "older_than_five_years", "issue_ids": "[152]", "osm_url": "https://www.openstreetmap.org/way/195364538", "josm_url": "http://127.0.0.1:8111/load_object?new_layer=false&objects=w195364538", "id_url": "https://www.openstreetmap.org/edit?editor=id&way=195364538#map=20/59.9592428/10.9292458"}}, {"type": "Feature", "geometry": {"type": "Point", "coordinates": [10.9266919, 59.9587533]}, "properties": {"id": 195364550, "feat_type": "way", "quality_categories": "older_than_five_years", "issue_ids": "[153]", "osm_url": "https://www.openstreetmap.org/way/195364550", "josm_url": "http://127.0.0.1:8111/load_object?new_layer=false&objects=w195364550", "id_url": "https://www.openstreetmap.org/edit?editor=id&way=195364550#map=20/59.9587533/10.9266919"}}, {"type": "Feature", "geometry": {"type": "Point", "coordinates": [10.8552548, 59.9509353]}, "properties": {"id": 198386880, "feat_type": "way", "quality_categories": "older_than_five_years", "issue_ids": "[46]", "osm_url": "https://www.openstreetmap.org/way/198386880", "josm_url": "http://127.0.0.1:8111/load_object?new_layer=false&objects=w198386880", "id_url": "https://www.openstreetmap.org/edit?editor=id&way=198386880#map=20/59.9509353/10.8552548"}}, {"type": "Feature", "geometry": {"type": "Point", "coordinates": [10.8556158, 59.9508846]}, "properties": {"id": 198386882, "feat_type": "way", "quality_categories": "older_than_five_years", "issue_ids": "[46]", "osm_url": "https://www.openstreetmap.org/way/198386882", "josm_url": "http://127.0.0.1:8111/load_object?new_layer=false&objects=w198386882", "id_url": "https://www.openstreetmap.org/edit?editor=id&way=198386882#map=20/59.9508846/10.8556158"}}, {"type": "Feature", "geometry": {"type": "Point", "coordinates": [10.8541832, 59.9494834]}, "properties": {"id": 198386885, "feat_type": "way", "quality_categories": "older_than_five_years", "issue_ids": "[46]", "osm_url": "https://www.openstreetmap.org/way/198386885", "josm_url": "http://127.0.0.1:8111/load_object?new_layer=false&objects=w198386885", "id_url": "https://www.openstreetmap.org/edit?editor=id&way=198386885#map=20/59.9494834/10.8541832"}}, {"type": "Feature", "geometry": {"type": "Point", "coordinates": [10.8090075, 59.8892345]}, "properties": {"id": 200646123, "feat_type": "way", "quality_categories": "older_than_five_years", "issue_ids": "[154]", "osm_url": "https://www.openstreetmap.org/way/200646123", "josm_url": "http://127.0.0.1:8111/load_object?new_layer=false&objects=w200646123", "id_url": "https://www.openstreetmap.org/edit?editor=id&way=200646123#map=20/59.8892345/10.8090075"}}, {"type": "Feature", "geometry": {"type": "Point", "coordinates": [10.7756509, 59.8981565]}, "properties": {"id": 202560132, "feat_type": "way", "quality_categories": "older_than_five_years", "issue_ids": "[155]", "osm_url": "https://www.openstreetmap.org/way/202560132", "josm_url": "http://127.0.0.1:8111/load_object?new_layer=false&objects=w202560132", "id_url": "https://www.openstreetmap.org/edit?editor=id&way=202560132#map=20/59.8981565/10.7756509"}}, {"type": "Feature", "geometry": {"type": "Point", "coordinates": [10.7034747, 59.942562]}, "properties": {"id": 216744676, "feat_type": "way", "quality_categories": "older_than_five_years", "issue_ids": "[156]", "osm_url": "https://www.openstreetmap.org/way/216744676", "josm_url": "http://127.0.0.1:8111/load_object?new_layer=false&objects=w216744676", "id_url": "https://www.openstreetmap.org/edit?editor=id&way=216744676#map=20/59.942562/10.7034747"}}, {"type": "Feature", "geometry": {"type": "Point", "coordinates": [10.7065829, 59.9438162]}, "properties": {"id": 216744699, "feat_type": "way", "quality_categories": "older_than_five_years", "issue_ids": "[74]", "osm_url": "https://www.openstreetmap.org/way/216744699", "josm_url": "http://127.0.0.1:8111/load_object?new_layer=false&objects=w216744699", "id_url": "https://www.openstreetmap.org/edit?editor=id&way=216744699#map=20/59.9438162/10.7065829"}}, {"type": "Feature", "geometry": {"type": "Point", "coordinates": [10.8848043, 59.9604941]}, "properties": {"id": 219133545, "feat_type": "way", "quality_categories": "older_than_five_years", "issue_ids": "[14]", "osm_url": "https://www.openstreetmap.org/way/219133545", "josm_url": "http://127.0.0.1:8111/load_object?new_layer=false&objects=w219133545", "id_url": "https://www.openstreetmap.org/edit?editor=id&way=219133545#map=20/59.9604941/10.8848043"}}, {"type": "Feature", "geometry": {"type": "Point", "coordinates": [10.8825624, 59.9592493]}, "properties": {"id": 219133563, "feat_type": "way", "quality_categories": "older_than_five_years", "issue_ids": "[14]", "osm_url": "https://www.openstreetmap.org/way/219133563", "josm_url": "http://127.0.0.1:8111/load_object?new_layer=false&objects=w219133563", "id_url": "https://www.openstreetmap.org/edit?editor=id&way=219133563#map=20/59.9592493/10.8825624"}}, {"type": "Feature", "geometry": {"type": "Point", "coordinates": [10.8825624, 59.9592493]}, "properties": {"id": 219133571, "feat_type": "way", "quality_categories": "older_than_five_years", "issue_ids": "[14]", "osm_url": "https://www.openstreetmap.org/way/219133571", "josm_url": "http://127.0.0.1:8111/load_object?new_layer=false&objects=w219133571", "id_url": "https://www.openstreetmap.org/edit?editor=id&way=219133571#map=20/59.9592493/10.8825624"}}, {"type": "Feature", "geometry": {"type": "Point", "coordinates": [10.8825264, 59.9596082]}, "properties": {"id": 219133614, "feat_type": "way", "quality_categories": "older_than_five_years", "issue_ids": "[14]", "osm_url": "https://www.openstreetmap.org/way/219133614", "josm_url": "http://127.0.0.1:8111/load_object?new_layer=false&objects=w219133614", "id_url": "https://www.openstreetmap.org/edit?editor=id&way=219133614#map=20/59.9596082/10.8825264"}}, {"type": "Feature", "geometry": {"type": "Point", "coordinates": [10.882896, 59.9592167]}, "properties": {"id": 219133639, "feat_type": "way", "quality_categories": "older_than_five_years", "issue_ids": "[14]", "osm_url": "https://www.openstreetmap.org/way/219133639", "josm_url": "http://127.0.0.1:8111/load_object?new_layer=false&objects=w219133639", "id_url": "https://www.openstreetmap.org/edit?editor=id&way=219133639#map=20/59.9592167/10.882896"}}, {"type": "Feature", "geometry": {"type": "Point", "coordinates": [10.6404243, 59.9618822]}, "properties": {"id": 220097564, "feat_type": "way", "quality_categories": "missing_tags, older_than_five_years", "issue_ids": "[157, 4]", "osm_url": "https://www.openstreetmap.org/way/220097564", "josm_url": "http://127.0.0.1:8111/load_object?new_layer=false&objects=w220097564", "id_url": "https://www.openstreetmap.org/edit?editor=id&way=220097564#map=20/59.9618822/10.6404243"}}, {"type": "Feature", "geometry": {"type": "Point", "coordinates": [10.7719656, 59.8817206]}, "properties": {"id": 220153679, "feat_type": "way", "quality_categories": "older_than_five_years", "issue_ids": "[158]", "osm_url": "https://www.openstreetmap.org/way/220153679", "josm_url": "http://127.0.0.1:8111/load_object?new_layer=false&objects=w220153679", "id_url": "https://www.openstreetmap.org/edit?editor=id&way=220153679#map=20/59.8817206/10.7719656"}}, {"type": "Feature", "geometry": {"type": "Point", "coordinates": [10.8950096, 59.9551719]}, "properties": {"id": 221130730, "feat_type": "way", "quality_categories": "missing_tags, older_than_five_years", "issue_ids": "[18, 4]", "osm_url": "https://www.openstreetmap.org/way/221130730", "josm_url": "http://127.0.0.1:8111/load_object?new_layer=false&objects=w221130730", "id_url": "https://www.openstreetmap.org/edit?editor=id&way=221130730#map=20/59.9551719/10.8950096"}}, {"type": "Feature", "geometry": {"type": "Point", "coordinates": [10.8048148, 59.8958703]}, "properties": {"id": 223203695, "feat_type": "way", "quality_categories": "older_than_five_years", "issue_ids": "[8]", "osm_url": "https://www.openstreetmap.org/way/223203695", "josm_url": "http://127.0.0.1:8111/load_object?new_layer=false&objects=w223203695", "id_url": "https://www.openstreetmap.org/edit?editor=id&way=223203695#map=20/59.8958703/10.8048148"}}, {"type": "Feature", "geometry": {"type": "Point", "coordinates": [10.8243817, 59.8573584]}, "properties": {"id": 223305981, "feat_type": "way", "quality_categories": "older_than_five_years", "issue_ids": "[159]", "osm_url": "https://www.openstreetmap.org/way/223305981", "josm_url": "http://127.0.0.1:8111/load_object?new_layer=false&objects=w223305981", "id_url": "https://www.openstreetmap.org/edit?editor=id&way=223305981#map=20/59.8573584/10.8243817"}}, {"type": "Feature", "geometry": {"type": "Point", "coordinates": [10.7958644, 59.9250101]}, "properties": {"id": 224745719, "feat_type": "way", "quality_categories": "older_than_five_years", "issue_ids": "[160]", "osm_url": "https://www.openstreetmap.org/way/224745719", "josm_url": "http://127.0.0.1:8111/load_object?new_layer=false&objects=w224745719", "id_url": "https://www.openstreetmap.org/edit?editor=id&way=224745719#map=20/59.9250101/10.7958644"}}, {"type": "Feature", "geometry": {"type": "Point", "coordinates": [10.8855239, 59.9539007]}, "properties": {"id": 224983452, "feat_type": "way", "quality_categories": "missing_tags, older_than_five_years", "issue_ids": "[146, 4]", "osm_url": "https://www.openstreetmap.org/way/224983452", "josm_url": "http://127.0.0.1:8111/load_object?new_layer=false&objects=w224983452", "id_url": "https://www.openstreetmap.org/edit?editor=id&way=224983452#map=20/59.9539007/10.8855239"}}, {"type": "Feature", "geometry": {"type": "Point", "coordinates": [10.881456, 59.953197]}, "properties": {"id": 224983455, "feat_type": "way", "quality_categories": "missing_tags, older_than_five_years", "issue_ids": "[161, 4]", "osm_url": "https://www.openstreetmap.org/way/224983455", "josm_url": "http://127.0.0.1:8111/load_object?new_layer=false&objects=w224983455", "id_url": "https://www.openstreetmap.org/edit?editor=id&way=224983455#map=20/59.953197/10.881456"}}, {"type": "Feature", "geometry": {"type": "Point", "coordinates": [10.8813648, 59.9531476]}, "properties": {"id": 224983458, "feat_type": "way", "quality_categories": "missing_tags, older_than_five_years", "issue_ids": "[161, 4]", "osm_url": "https://www.openstreetmap.org/way/224983458", "josm_url": "http://127.0.0.1:8111/load_object?new_layer=false&objects=w224983458", "id_url": "https://www.openstreetmap.org/edit?editor=id&way=224983458#map=20/59.9531476/10.8813648"}}, {"type": "Feature", "geometry": {"type": "Point", "coordinates": [10.8872977, 59.953219]}, "properties": {"id": 224983459, "feat_type": "way", "quality_categories": "missing_tags, older_than_five_years", "issue_ids": "[18, 4]", "osm_url": "https://www.openstreetmap.org/way/224983459", "josm_url": "http://127.0.0.1:8111/load_object?new_layer=false&objects=w224983459", "id_url": "https://www.openstreetmap.org/edit?editor=id&way=224983459#map=20/59.953219/10.8872977"}}, {"type": "Feature", "geometry": {"type": "Point", "coordinates": [10.88379, 59.9537568]}, "properties": {"id": 224983469, "feat_type": "way", "quality_categories": "missing_tags, older_than_five_years", "issue_ids": "[146, 4]", "osm_url": "https://www.openstreetmap.org/way/224983469", "josm_url": "http://127.0.0.1:8111/load_object?new_layer=false&objects=w224983469", "id_url": "https://www.openstreetmap.org/edit?editor=id&way=224983469#map=20/59.9537568/10.88379"}}, {"type": "Feature", "geometry": {"type": "Point", "coordinates": [10.6512847, 59.9155504]}, "properties": {"id": 225825926, "feat_type": "way", "quality_categories": "older_than_five_years", "issue_ids": "[162]", "osm_url": "https://www.openstreetmap.org/way/225825926", "josm_url": "http://127.0.0.1:8111/load_object?new_layer=false&objects=w225825926", "id_url": "https://www.openstreetmap.org/edit?editor=id&way=225825926#map=20/59.9155504/10.6512847"}}, {"type": "Feature", "geometry": {"type": "Point", "coordinates": [10.8551873, 59.9491605]}, "properties": {"id": 228251039, "feat_type": "way", "quality_categories": "older_than_five_years", "issue_ids": "[46]", "osm_url": "https://www.openstreetmap.org/way/228251039", "josm_url": "http://127.0.0.1:8111/load_object?new_layer=false&objects=w228251039", "id_url": "https://www.openstreetmap.org/edit?editor=id&way=228251039#map=20/59.9491605/10.8551873"}}, {"type": "Feature", "geometry": {"type": "Point", "coordinates": [10.921385, 59.9588922]}, "properties": {"id": 228288275, "feat_type": "way", "quality_categories": "missing_tags, older_than_five_years", "issue_ids": "[163, 4]", "osm_url": "https://www.openstreetmap.org/way/228288275", "josm_url": "http://127.0.0.1:8111/load_object?new_layer=false&objects=w228288275", "id_url": "https://www.openstreetmap.org/edit?editor=id&way=228288275#map=20/59.9588922/10.921385"}}, {"type": "Feature", "geometry": {"type": "Point", "coordinates": [10.8761436, 59.950566]}, "properties": {"id": 228303944, "feat_type": "way", "quality_categories": "missing_tags, older_than_five_years", "issue_ids": "[163, 4]", "osm_url": "https://www.openstreetmap.org/way/228303944", "josm_url": "http://127.0.0.1:8111/load_object?new_layer=false&objects=w228303944", "id_url": "https://www.openstreetmap.org/edit?editor=id&way=228303944#map=20/59.950566/10.8761436"}}, {"type": "Feature", "geometry": {"type": "Point", "coordinates": [10.9230574, 59.962035]}, "properties": {"id": 228759145, "feat_type": "way", "quality_categories": "older_than_five_years", "issue_ids": "[152]", "osm_url": "https://www.openstreetmap.org/way/228759145", "josm_url": "http://127.0.0.1:8111/load_object?new_layer=false&objects=w228759145", "id_url": "https://www.openstreetmap.org/edit?editor=id&way=228759145#map=20/59.962035/10.9230574"}}, {"type": "Feature", "geometry": {"type": "Point", "coordinates": [10.7642746, 59.9482172]}, "properties": {"id": 229099359, "feat_type": "way", "quality_categories": "older_than_five_years", "issue_ids": "[164]", "osm_url": "https://www.openstreetmap.org/way/229099359", "josm_url": "http://127.0.0.1:8111/load_object?new_layer=false&objects=w229099359", "id_url": "https://www.openstreetmap.org/edit?editor=id&way=229099359#map=20/59.9482172/10.7642746"}}, {"type": "Feature", "geometry": {"type": "Point", "coordinates": [10.7675261, 59.9476325]}, "properties": {"id": 229137225, "feat_type": "way", "quality_categories": "older_than_five_years", "issue_ids": "[37]", "osm_url": "https://www.openstreetmap.org/way/229137225", "josm_url": "http://127.0.0.1:8111/load_object?new_layer=false&objects=w229137225", "id_url": "https://www.openstreetmap.org/edit?editor=id&way=229137225#map=20/59.9476325/10.7675261"}}, {"type": "Feature", "geometry": {"type": "Point", "coordinates": [10.7557742, 59.9202166]}, "properties": {"id": 235095715, "feat_type": "way", "quality_categories": "older_than_five_years", "issue_ids": "[93]", "osm_url": "https://www.openstreetmap.org/way/235095715", "josm_url": "http://127.0.0.1:8111/load_object?new_layer=false&objects=w235095715", "id_url": "https://www.openstreetmap.org/edit?editor=id&way=235095715#map=20/59.9202166/10.7557742"}}, {"type": "Feature", "geometry": {"type": "Point", "coordinates": [10.7546033, 59.9207065]}, "properties": {"id": 235095721, "feat_type": "way", "quality_categories": "older_than_five_years", "issue_ids": "[165]", "osm_url": "https://www.openstreetmap.org/way/235095721", "josm_url": "http://127.0.0.1:8111/load_object?new_layer=false&objects=w235095721", "id_url": "https://www.openstreetmap.org/edit?editor=id&way=235095721#map=20/59.9207065/10.7546033"}}, {"type": "Feature", "geometry": {"type": "Point", "coordinates": [10.778105, 59.9452475]}, "properties": {"id": 237581775, "feat_type": "way", "quality_categories": "older_than_five_years", "issue_ids": "[90]", "osm_url": "https://www.openstreetmap.org/way/237581775", "josm_url": "http://127.0.0.1:8111/load_object?new_layer=false&objects=w237581775", "id_url": "https://www.openstreetmap.org/edit?editor=id&way=237581775#map=20/59.9452475/10.778105"}}, {"type": "Feature", "geometry": {"type": "Point", "coordinates": [10.7783526, 59.9453994]}, "properties": {"id": 237581783, "feat_type": "way", "quality_categories": "older_than_five_years", "issue_ids": "[90]", "osm_url": "https://www.openstreetmap.org/way/237581783", "josm_url": "http://127.0.0.1:8111/load_object?new_layer=false&objects=w237581783", "id_url": "https://www.openstreetmap.org/edit?editor=id&way=237581783#map=20/59.9453994/10.7783526"}}, {"type": "Feature", "geometry": {"type": "Point", "coordinates": [10.7785068, 59.945089]}, "properties": {"id": 237581787, "feat_type": "way", "quality_categories": "older_than_five_years", "issue_ids": "[90]", "osm_url": "https://www.openstreetmap.org/way/237581787", "josm_url": "http://127.0.0.1:8111/load_object?new_layer=false&objects=w237581787", "id_url": "https://www.openstreetmap.org/edit?editor=id&way=237581787#map=20/59.945089/10.7785068"}}, {"type": "Feature", "geometry": {"type": "Point", "coordinates": [10.9089031, 59.9631057]}, "properties": {"id": 237750170, "feat_type": "way", "quality_categories": "older_than_five_years", "issue_ids": "[142]", "osm_url": "https://www.openstreetmap.org/way/237750170", "josm_url": "http://127.0.0.1:8111/load_object?new_layer=false&objects=w237750170", "id_url": "https://www.openstreetmap.org/edit?editor=id&way=237750170#map=20/59.9631057/10.9089031"}}, {"type": "Feature", "geometry": {"type": "Point", "coordinates": [10.909155, 59.963473]}, "properties": {"id": 237750178, "feat_type": "way", "quality_categories": "older_than_five_years", "issue_ids": "[142]", "osm_url": "https://www.openstreetmap.org/way/237750178", "josm_url": "http://127.0.0.1:8111/load_object?new_layer=false&objects=w237750178", "id_url": "https://www.openstreetmap.org/edit?editor=id&way=237750178#map=20/59.963473/10.909155"}}, {"type": "Feature", "geometry": {"type": "Point", "coordinates": [10.9160971, 59.9629677]}, "properties": {"id": 237750180, "feat_type": "way", "quality_categories": "older_than_five_years", "issue_ids": "[142]", "osm_url": "https://www.openstreetmap.org/way/237750180", "josm_url": "http://127.0.0.1:8111/load_object?new_layer=false&objects=w237750180", "id_url": "https://www.openstreetmap.org/edit?editor=id&way=237750180#map=20/59.9629677/10.9160971"}}, {"type": "Feature", "geometry": {"type": "Point", "coordinates": [10.9077377, 59.9621671]}, "properties": {"id": 237750182, "feat_type": "way", "quality_categories": "missing_tags, older_than_five_years", "issue_ids": "[166, 4]", "osm_url": "https://www.openstreetmap.org/way/237750182", "josm_url": "http://127.0.0.1:8111/load_object?new_layer=false&objects=w237750182", "id_url": "https://www.openstreetmap.org/edit?editor=id&way=237750182#map=20/59.9621671/10.9077377"}}, {"type": "Feature", "geometry": {"type": "Point", "coordinates": [10.9109697, 59.9630281]}, "properties": {"id": 237750185, "feat_type": "way", "quality_categories": "older_than_five_years", "issue_ids": "[142]", "osm_url": "https://www.openstreetmap.org/way/237750185", "josm_url": "http://127.0.0.1:8111/load_object?new_layer=false&objects=w237750185", "id_url": "https://www.openstreetmap.org/edit?editor=id&way=237750185#map=20/59.9630281/10.9109697"}}, {"type": "Feature", "geometry": {"type": "Point", "coordinates": [10.7852942, 59.9530896]}, "properties": {"id": 238605813, "feat_type": "way", "quality_categories": "older_than_five_years", "issue_ids": "[167]", "osm_url": "https://www.openstreetmap.org/way/238605813", "josm_url": "http://127.0.0.1:8111/load_object?new_layer=false&objects=w238605813", "id_url": "https://www.openstreetmap.org/edit?editor=id&way=238605813#map=20/59.9530896/10.7852942"}}, {"type": "Feature", "geometry": {"type": "Point", "coordinates": [10.7162676, 59.9292456]}, "properties": {"id": 238862015, "feat_type": "way", "quality_categories": "older_than_five_years", "issue_ids": "[168]", "osm_url": "https://www.openstreetmap.org/way/238862015", "josm_url": "http://127.0.0.1:8111/load_object?new_layer=false&objects=w238862015", "id_url": "https://www.openstreetmap.org/edit?editor=id&way=238862015#map=20/59.9292456/10.7162676"}}, {"type": "Feature", "geometry": {"type": "Point", "coordinates": [10.7182821, 59.9147564]}, "properties": {"id": 238862031, "feat_type": "way", "quality_categories": "missing_tags, older_than_five_years", "issue_ids": "[169, 4]", "osm_url": "https://www.openstreetmap.org/way/238862031", "josm_url": "http://127.0.0.1:8111/load_object?new_layer=false&objects=w238862031", "id_url": "https://www.openstreetmap.org/edit?editor=id&way=238862031#map=20/59.9147564/10.7182821"}}, {"type": "Feature", "geometry": {"type": "Point", "coordinates": [10.7753819, 59.9250784]}, "properties": {"id": 240384008, "feat_type": "way", "quality_categories": "older_than_five_years", "issue_ids": "[114]", "osm_url": "https://www.openstreetmap.org/way/240384008", "josm_url": "http://127.0.0.1:8111/load_object?new_layer=false&objects=w240384008", "id_url": "https://www.openstreetmap.org/edit?editor=id&way=240384008#map=20/59.9250784/10.7753819"}}, {"type": "Feature", "geometry": {"type": "Point", "coordinates": [10.834584, 59.9105523]}, "properties": {"id": 242249963, "feat_type": "way", "quality_categories": "older_than_five_years", "issue_ids": "[170]", "osm_url": "https://www.openstreetmap.org/way/242249963", "josm_url": "http://127.0.0.1:8111/load_object?new_layer=false&objects=w242249963", "id_url": "https://www.openstreetmap.org/edit?editor=id&way=242249963#map=20/59.9105523/10.834584"}}, {"type": "Feature", "geometry": {"type": "Point", "coordinates": [10.8065956, 59.8875532]}, "properties": {"id": 242364796, "feat_type": "way", "quality_categories": "older_than_five_years", "issue_ids": "[23]", "osm_url": "https://www.openstreetmap.org/way/242364796", "josm_url": "http://127.0.0.1:8111/load_object?new_layer=false&objects=w242364796", "id_url": "https://www.openstreetmap.org/edit?editor=id&way=242364796#map=20/59.8875532/10.8065956"}}, {"type": "Feature", "geometry": {"type": "Point", "coordinates": [10.8073387, 59.8878386]}, "properties": {"id": 242364801, "feat_type": "way", "quality_categories": "older_than_five_years", "issue_ids": "[23]", "osm_url": "https://www.openstreetmap.org/way/242364801", "josm_url": "http://127.0.0.1:8111/load_object?new_layer=false&objects=w242364801", "id_url": "https://www.openstreetmap.org/edit?editor=id&way=242364801#map=20/59.8878386/10.8073387"}}, {"type": "Feature", "geometry": {"type": "Point", "coordinates": [10.8011206, 59.931653]}, "properties": {"id": 242870841, "feat_type": "way", "quality_categories": "older_than_five_years", "issue_ids": "[171]", "osm_url": "https://www.openstreetmap.org/way/242870841", "josm_url": "http://127.0.0.1:8111/load_object?new_layer=false&objects=w242870841", "id_url": "https://www.openstreetmap.org/edit?editor=id&way=242870841#map=20/59.931653/10.8011206"}}, {"type": "Feature", "geometry": {"type": "Point", "coordinates": [10.7511007, 59.9365224]}, "properties": {"id": 252475609, "feat_type": "way", "quality_categories": "older_than_five_years", "issue_ids": "[49]", "osm_url": "https://www.openstreetmap.org/way/252475609", "josm_url": "http://127.0.0.1:8111/load_object?new_layer=false&objects=w252475609", "id_url": "https://www.openstreetmap.org/edit?editor=id&way=252475609#map=20/59.9365224/10.7511007"}}, {"type": "Feature", "geometry": {"type": "Point", "coordinates": [10.7522921, 59.9378244]}, "properties": {"id": 252477739, "feat_type": "way", "quality_categories": "older_than_five_years", "issue_ids": "[49]", "osm_url": "https://www.openstreetmap.org/way/252477739", "josm_url": "http://127.0.0.1:8111/load_object?new_layer=false&objects=w252477739", "id_url": "https://www.openstreetmap.org/edit?editor=id&way=252477739#map=20/59.9378244/10.7522921"}}, {"type": "Feature", "geometry": {"type": "Point", "coordinates": [10.7495325, 59.9354765]}, "properties": {"id": 252480534, "feat_type": "way", "quality_categories": "older_than_five_years", "issue_ids": "[24]", "osm_url": "https://www.openstreetmap.org/way/252480534", "josm_url": "http://127.0.0.1:8111/load_object?new_layer=false&objects=w252480534", "id_url": "https://www.openstreetmap.org/edit?editor=id&way=252480534#map=20/59.9354765/10.7495325"}}, {"type": "Feature", "geometry": {"type": "Point", "coordinates": [10.8213495, 59.858128]}, "properties": {"id": 252633356, "feat_type": "way", "quality_categories": "older_than_five_years", "issue_ids": "[138]", "osm_url": "https://www.openstreetmap.org/way/252633356", "josm_url": "http://127.0.0.1:8111/load_object?new_layer=false&objects=w252633356", "id_url": "https://www.openstreetmap.org/edit?editor=id&way=252633356#map=20/59.858128/10.8213495"}}, {"type": "Feature", "geometry": {"type": "Point", "coordinates": [10.8463574, 59.9290857]}, "properties": {"id": 253029411, "feat_type": "way", "quality_categories": "older_than_five_years", "issue_ids": "[172]", "osm_url": "https://www.openstreetmap.org/way/253029411", "josm_url": "http://127.0.0.1:8111/load_object?new_layer=false&objects=w253029411", "id_url": "https://www.openstreetmap.org/edit?editor=id&way=253029411#map=20/59.9290857/10.8463574"}}, {"type": "Feature", "geometry": {"type": "Point", "coordinates": [10.7341466, 59.9639524]}, "properties": {"id": 254689401, "feat_type": "way", "quality_categories": "older_than_five_years", "issue_ids": "[10]", "osm_url": "https://www.openstreetmap.org/way/254689401", "josm_url": "http://127.0.0.1:8111/load_object?new_layer=false&objects=w254689401", "id_url": "https://www.openstreetmap.org/edit?editor=id&way=254689401#map=20/59.9639524/10.7341466"}}, {"type": "Feature", "geometry": {"type": "Point", "coordinates": [10.8484607, 59.9281843]}, "properties": {"id": 254701922, "feat_type": "way", "quality_categories": "missing_tags, older_than_five_years", "issue_ids": "[173, 4]", "osm_url": "https://www.openstreetmap.org/way/254701922", "josm_url": "http://127.0.0.1:8111/load_object?new_layer=false&objects=w254701922", "id_url": "https://www.openstreetmap.org/edit?editor=id&way=254701922#map=20/59.9281843/10.8484607"}}, {"type": "Feature", "geometry": {"type": "Point", "coordinates": [10.7586262, 59.8945083]}, "properties": {"id": 255703518, "feat_type": "way", "quality_categories": "older_than_five_years", "issue_ids": "[174]", "osm_url": "https://www.openstreetmap.org/way/255703518", "josm_url": "http://127.0.0.1:8111/load_object?new_layer=false&objects=w255703518", "id_url": "https://www.openstreetmap.org/edit?editor=id&way=255703518#map=20/59.8945083/10.7586262"}}, {"type": "Feature", "geometry": {"type": "Point", "coordinates": [10.7570121, 59.8948985]}, "properties": {"id": 255703523, "feat_type": "way", "quality_categories": "older_than_five_years", "issue_ids": "[174]", "osm_url": "https://www.openstreetmap.org/way/255703523", "josm_url": "http://127.0.0.1:8111/load_object?new_layer=false&objects=w255703523", "id_url": "https://www.openstreetmap.org/edit?editor=id&way=255703523#map=20/59.8948985/10.7570121"}}, {"type": "Feature", "geometry": {"type": "Point", "coordinates": [10.7561175, 59.8954598]}, "properties": {"id": 255703535, "feat_type": "way", "quality_categories": "older_than_five_years", "issue_ids": "[175]", "osm_url": "https://www.openstreetmap.org/way/255703535", "josm_url": "http://127.0.0.1:8111/load_object?new_layer=false&objects=w255703535", "id_url": "https://www.openstreetmap.org/edit?editor=id&way=255703535#map=20/59.8954598/10.7561175"}}, {"type": "Feature", "geometry": {"type": "Point", "coordinates": [10.8437734, 59.8343014]}, "properties": {"id": 257484185, "feat_type": "way", "quality_categories": "older_than_five_years", "issue_ids": "[176]", "osm_url": "https://www.openstreetmap.org/way/257484185", "josm_url": "http://127.0.0.1:8111/load_object?new_layer=false&objects=w257484185", "id_url": "https://www.openstreetmap.org/edit?editor=id&way=257484185#map=20/59.8343014/10.8437734"}}, {"type": "Feature", "geometry": {"type": "Point", "coordinates": [10.9291719, 59.9366278]}, "properties": {"id": 258545388, "feat_type": "way", "quality_categories": "missing_tags, older_than_five_years", "issue_ids": "[177, 4]", "osm_url": "https://www.openstreetmap.org/way/258545388", "josm_url": "http://127.0.0.1:8111/load_object?new_layer=false&objects=w258545388", "id_url": "https://www.openstreetmap.org/edit?editor=id&way=258545388#map=20/59.9366278/10.9291719"}}, {"type": "Feature", "geometry": {"type": "Point", "coordinates": [10.8177252, 59.9076026]}, "properties": {"id": 258824059, "feat_type": "way", "quality_categories": "older_than_five_years", "issue_ids": "[22]", "osm_url": "https://www.openstreetmap.org/way/258824059", "josm_url": "http://127.0.0.1:8111/load_object?new_layer=false&objects=w258824059", "id_url": "https://www.openstreetmap.org/edit?editor=id&way=258824059#map=20/59.9076026/10.8177252"}}, {"type": "Feature", "geometry": {"type": "Point", "coordinates": [10.7985667, 59.8610496]}, "properties": {"id": 263522656, "feat_type": "way", "quality_categories": "older_than_five_years", "issue_ids": "[178]", "osm_url": "https://www.openstreetmap.org/way/263522656", "josm_url": "http://127.0.0.1:8111/load_object?new_layer=false&objects=w263522656", "id_url": "https://www.openstreetmap.org/edit?editor=id&way=263522656#map=20/59.8610496/10.7985667"}}, {"type": "Feature", "geometry": {"type": "Point", "coordinates": [10.7512648, 59.9120921]}, "properties": {"id": 264635438, "feat_type": "way", "quality_categories": "older_than_five_years", "issue_ids": "[102]", "osm_url": "https://www.openstreetmap.org/way/264635438", "josm_url": "http://127.0.0.1:8111/load_object?new_layer=false&objects=w264635438", "id_url": "https://www.openstreetmap.org/edit?editor=id&way=264635438#map=20/59.9120921/10.7512648"}}, {"type": "Feature", "geometry": {"type": "Point", "coordinates": [10.751842, 59.9123058]}, "properties": {"id": 264635465, "feat_type": "way", "quality_categories": "older_than_five_years", "issue_ids": "[179]", "osm_url": "https://www.openstreetmap.org/way/264635465", "josm_url": "http://127.0.0.1:8111/load_object?new_layer=false&objects=w264635465", "id_url": "https://www.openstreetmap.org/edit?editor=id&way=264635465#map=20/59.9123058/10.751842"}}, {"type": "Feature", "geometry": {"type": "Point", "coordinates": [10.7479706, 59.9129584]}, "properties": {"id": 267226164, "feat_type": "way", "quality_categories": "older_than_five_years", "issue_ids": "[180]", "osm_url": "https://www.openstreetmap.org/way/267226164", "josm_url": "http://127.0.0.1:8111/load_object?new_layer=false&objects=w267226164", "id_url": "https://www.openstreetmap.org/edit?editor=id&way=267226164#map=20/59.9129584/10.7479706"}}, {"type": "Feature", "geometry": {"type": "Point", "coordinates": [10.7474755, 59.912891]}, "properties": {"id": 267226168, "feat_type": "way", "quality_categories": "older_than_five_years", "issue_ids": "[102]", "osm_url": "https://www.openstreetmap.org/way/267226168", "josm_url": "http://127.0.0.1:8111/load_object?new_layer=false&objects=w267226168", "id_url": "https://www.openstreetmap.org/edit?editor=id&way=267226168#map=20/59.912891/10.7474755"}}, {"type": "Feature", "geometry": {"type": "Point", "coordinates": [10.7413391, 59.9145847]}, "properties": {"id": 267237051, "feat_type": "way", "quality_categories": "older_than_five_years", "issue_ids": "[181]", "osm_url": "https://www.openstreetmap.org/way/267237051", "josm_url": "http://127.0.0.1:8111/load_object?new_layer=false&objects=w267237051", "id_url": "https://www.openstreetmap.org/edit?editor=id&way=267237051#map=20/59.9145847/10.7413391"}}, {"type": "Feature", "geometry": {"type": "Point", "coordinates": [10.7414622, 59.9148862]}, "properties": {"id": 267256076, "feat_type": "way", "quality_categories": "older_than_five_years", "issue_ids": "[182]", "osm_url": "https://www.openstreetmap.org/way/267256076", "josm_url": "http://127.0.0.1:8111/load_object?new_layer=false&objects=w267256076", "id_url": "https://www.openstreetmap.org/edit?editor=id&way=267256076#map=20/59.9148862/10.7414622"}}, {"type": "Feature", "geometry": {"type": "Point", "coordinates": [10.7591398, 59.9112158]}, "properties": {"id": 278087469, "feat_type": "way", "quality_categories": "older_than_five_years", "issue_ids": "[31]", "osm_url": "https://www.openstreetmap.org/way/278087469", "josm_url": "http://127.0.0.1:8111/load_object?new_layer=false&objects=w278087469", "id_url": "https://www.openstreetmap.org/edit?editor=id&way=278087469#map=20/59.9112158/10.7591398"}}, {"type": "Feature", "geometry": {"type": "Point", "coordinates": [10.7586639, 59.9114523]}, "properties": {"id": 278087496, "feat_type": "way", "quality_categories": "older_than_five_years", "issue_ids": "[19]", "osm_url": "https://www.openstreetmap.org/way/278087496", "josm_url": "http://127.0.0.1:8111/load_object?new_layer=false&objects=w278087496", "id_url": "https://www.openstreetmap.org/edit?editor=id&way=278087496#map=20/59.9114523/10.7586639"}}, {"type": "Feature", "geometry": {"type": "Point", "coordinates": [10.7377397, 59.9292823]}, "properties": {"id": 284019977, "feat_type": "way", "quality_categories": "older_than_five_years", "issue_ids": "[26]", "osm_url": "https://www.openstreetmap.org/way/284019977", "josm_url": "http://127.0.0.1:8111/load_object?new_layer=false&objects=w284019977", "id_url": "https://www.openstreetmap.org/edit?editor=id&way=284019977#map=20/59.9292823/10.7377397"}}, {"type": "Feature", "geometry": {"type": "Point", "coordinates": [10.7831741, 59.9659856]}, "properties": {"id": 286469698, "feat_type": "way", "quality_categories": "older_than_five_years", "issue_ids": "[24]", "osm_url": "https://www.openstreetmap.org/way/286469698", "josm_url": "http://127.0.0.1:8111/load_object?new_layer=false&objects=w286469698", "id_url": "https://www.openstreetmap.org/edit?editor=id&way=286469698#map=20/59.9659856/10.7831741"}}, {"type": "Feature", "geometry": {"type": "Point", "coordinates": [10.782381, 59.9655086]}, "properties": {"id": 286469713, "feat_type": "way", "quality_categories": "older_than_five_years", "issue_ids": "[24]", "osm_url": "https://www.openstreetmap.org/way/286469713", "josm_url": "http://127.0.0.1:8111/load_object?new_layer=false&objects=w286469713", "id_url": "https://www.openstreetmap.org/edit?editor=id&way=286469713#map=20/59.9655086/10.782381"}}, {"type": "Feature", "geometry": {"type": "Point", "coordinates": [10.9280632, 59.9760521]}, "properties": {"id": 298366694, "feat_type": "way", "quality_categories": "older_than_five_years", "issue_ids": "[183]", "osm_url": "https://www.openstreetmap.org/way/298366694", "josm_url": "http://127.0.0.1:8111/load_object?new_layer=false&objects=w298366694", "id_url": "https://www.openstreetmap.org/edit?editor=id&way=298366694#map=20/59.9760521/10.9280632"}}, {"type": "Feature", "geometry": {"type": "Point", "coordinates": [10.7358452, 59.912393]}, "properties": {"id": 306743686, "feat_type": "way", "quality_categories": "older_than_five_years", "issue_ids": "[72]", "osm_url": "https://www.openstreetmap.org/way/306743686", "josm_url": "http://127.0.0.1:8111/load_object?new_layer=false&objects=w306743686", "id_url": "https://www.openstreetmap.org/edit?editor=id&way=306743686#map=20/59.912393/10.7358452"}}, {"type": "Feature", "geometry": {"type": "Point", "coordinates": [10.7360125, 59.9117759]}, "properties": {"id": 306743690, "feat_type": "way", "quality_categories": "older_than_five_years", "issue_ids": "[72]", "osm_url": "https://www.openstreetmap.org/way/306743690", "josm_url": "http://127.0.0.1:8111/load_object?new_layer=false&objects=w306743690", "id_url": "https://www.openstreetmap.org/edit?editor=id&way=306743690#map=20/59.9117759/10.7360125"}}, {"type": "Feature", "geometry": {"type": "Point", "coordinates": [10.7348979, 59.9119849]}, "properties": {"id": 306752598, "feat_type": "way", "quality_categories": "older_than_five_years", "issue_ids": "[72]", "osm_url": "https://www.openstreetmap.org/way/306752598", "josm_url": "http://127.0.0.1:8111/load_object?new_layer=false&objects=w306752598", "id_url": "https://www.openstreetmap.org/edit?editor=id&way=306752598#map=20/59.9119849/10.7348979"}}, {"type": "Feature", "geometry": {"type": "Point", "coordinates": [10.7352714, 59.9120302]}, "properties": {"id": 306752599, "feat_type": "way", "quality_categories": "older_than_five_years", "issue_ids": "[184]", "osm_url": "https://www.openstreetmap.org/way/306752599", "josm_url": "http://127.0.0.1:8111/load_object?new_layer=false&objects=w306752599", "id_url": "https://www.openstreetmap.org/edit?editor=id&way=306752599#map=20/59.9120302/10.7352714"}}, {"type": "Feature", "geometry": {"type": "Point", "coordinates": [10.7353391, 59.9118398]}, "properties": {"id": 306752600, "feat_type": "way", "quality_categories": "older_than_five_years", "issue_ids": "[72]", "osm_url": "https://www.openstreetmap.org/way/306752600", "josm_url": "http://127.0.0.1:8111/load_object?new_layer=false&objects=w306752600", "id_url": "https://www.openstreetmap.org/edit?editor=id&way=306752600#map=20/59.9118398/10.7353391"}}, {"type": "Feature", "geometry": {"type": "Point", "coordinates": [10.7352207, 59.9120176]}, "properties": {"id": 306752601, "feat_type": "way", "quality_categories": "older_than_five_years", "issue_ids": "[72]", "osm_url": "https://www.openstreetmap.org/way/306752601", "josm_url": "http://127.0.0.1:8111/load_object?new_layer=false&objects=w306752601", "id_url": "https://www.openstreetmap.org/edit?editor=id&way=306752601#map=20/59.9120176/10.7352207"}}, {"type": "Feature", "geometry": {"type": "Point", "coordinates": [10.7492142, 59.9121282]}, "properties": {"id": 307957303, "feat_type": "way", "quality_categories": "older_than_five_years", "issue_ids": "[185]", "osm_url": "https://www.openstreetmap.org/way/307957303", "josm_url": "http://127.0.0.1:8111/load_object?new_layer=false&objects=w307957303", "id_url": "https://www.openstreetmap.org/edit?editor=id&way=307957303#map=20/59.9121282/10.7492142"}}, {"type": "Feature", "geometry": {"type": "Point", "coordinates": [10.7865623, 59.8954582]}, "properties": {"id": 311012218, "feat_type": "way", "quality_categories": "missing_tags, older_than_five_years", "issue_ids": "[186, 4]", "osm_url": "https://www.openstreetmap.org/way/311012218", "josm_url": "http://127.0.0.1:8111/load_object?new_layer=false&objects=w311012218", "id_url": "https://www.openstreetmap.org/edit?editor=id&way=311012218#map=20/59.8954582/10.7865623"}}, {"type": "Feature", "geometry": {"type": "Point", "coordinates": [10.749292, 59.9281181]}, "properties": {"id": 311012221, "feat_type": "way", "quality_categories": "older_than_five_years", "issue_ids": "[10]", "osm_url": "https://www.openstreetmap.org/way/311012221", "josm_url": "http://127.0.0.1:8111/load_object?new_layer=false&objects=w311012221", "id_url": "https://www.openstreetmap.org/edit?editor=id&way=311012221#map=20/59.9281181/10.749292"}}, {"type": "Feature", "geometry": {"type": "Point", "coordinates": [10.7868302, 59.8952421]}, "properties": {"id": 311012222, "feat_type": "way", "quality_categories": "older_than_five_years", "issue_ids": "[187]", "osm_url": "https://www.openstreetmap.org/way/311012222", "josm_url": "http://127.0.0.1:8111/load_object?new_layer=false&objects=w311012222", "id_url": "https://www.openstreetmap.org/edit?editor=id&way=311012222#map=20/59.8952421/10.7868302"}}, {"type": "Feature", "geometry": {"type": "Point", "coordinates": [10.7489981, 59.9463355]}, "properties": {"id": 311012224, "feat_type": "way", "quality_categories": "older_than_five_years", "issue_ids": "[188]", "osm_url": "https://www.openstreetmap.org/way/311012224", "josm_url": "http://127.0.0.1:8111/load_object?new_layer=false&objects=w311012224", "id_url": "https://www.openstreetmap.org/edit?editor=id&way=311012224#map=20/59.9463355/10.7489981"}}, {"type": "Feature", "geometry": {"type": "Point", "coordinates": [10.7508378, 59.9527453]}, "properties": {"id": 311012226, "feat_type": "way", "quality_categories": "older_than_five_years", "issue_ids": "[10]", "osm_url": "https://www.openstreetmap.org/way/311012226", "josm_url": "http://127.0.0.1:8111/load_object?new_layer=false&objects=w311012226", "id_url": "https://www.openstreetmap.org/edit?editor=id&way=311012226#map=20/59.9527453/10.7508378"}}, {"type": "Feature", "geometry": {"type": "Point", "coordinates": [10.7835864, 59.8962391]}, "properties": {"id": 311012228, "feat_type": "way", "quality_categories": "older_than_five_years", "issue_ids": "[189]", "osm_url": "https://www.openstreetmap.org/way/311012228", "josm_url": "http://127.0.0.1:8111/load_object?new_layer=false&objects=w311012228", "id_url": "https://www.openstreetmap.org/edit?editor=id&way=311012228#map=20/59.8962391/10.7835864"}}, {"type": "Feature", "geometry": {"type": "Point", "coordinates": [10.7503124, 59.9497325]}, "properties": {"id": 311012238, "feat_type": "way", "quality_categories": "older_than_five_years", "issue_ids": "[104]", "osm_url": "https://www.openstreetmap.org/way/311012238", "josm_url": "http://127.0.0.1:8111/load_object?new_layer=false&objects=w311012238", "id_url": "https://www.openstreetmap.org/edit?editor=id&way=311012238#map=20/59.9497325/10.7503124"}}, {"type": "Feature", "geometry": {"type": "Point", "coordinates": [10.7503921, 59.9405906]}, "properties": {"id": 311012243, "feat_type": "way", "quality_categories": "older_than_five_years", "issue_ids": "[70]", "osm_url": "https://www.openstreetmap.org/way/311012243", "josm_url": "http://127.0.0.1:8111/load_object?new_layer=false&objects=w311012243", "id_url": "https://www.openstreetmap.org/edit?editor=id&way=311012243#map=20/59.9405906/10.7503921"}}, {"type": "Feature", "geometry": {"type": "Point", "coordinates": [10.7493708, 59.9473287]}, "properties": {"id": 311012250, "feat_type": "way", "quality_categories": "older_than_five_years", "issue_ids": "[37]", "osm_url": "https://www.openstreetmap.org/way/311012250", "josm_url": "http://127.0.0.1:8111/load_object?new_layer=false&objects=w311012250", "id_url": "https://www.openstreetmap.org/edit?editor=id&way=311012250#map=20/59.9473287/10.7493708"}}, {"type": "Feature", "geometry": {"type": "Point", "coordinates": [10.7490875, 59.9308583]}, "properties": {"id": 311012255, "feat_type": "way", "quality_categories": "older_than_five_years", "issue_ids": "[107]", "osm_url": "https://www.openstreetmap.org/way/311012255", "josm_url": "http://127.0.0.1:8111/load_object?new_layer=false&objects=w311012255", "id_url": "https://www.openstreetmap.org/edit?editor=id&way=311012255#map=20/59.9308583/10.7490875"}}, {"type": "Feature", "geometry": {"type": "Point", "coordinates": [10.7503108, 59.9247237]}, "properties": {"id": 311012264, "feat_type": "way", "quality_categories": "older_than_five_years", "issue_ids": "[10]", "osm_url": "https://www.openstreetmap.org/way/311012264", "josm_url": "http://127.0.0.1:8111/load_object?new_layer=false&objects=w311012264", "id_url": "https://www.openstreetmap.org/edit?editor=id&way=311012264#map=20/59.9247237/10.7503108"}}, {"type": "Feature", "geometry": {"type": "Point", "coordinates": [10.7496323, 59.9289134]}, "properties": {"id": 311012265, "feat_type": "way", "quality_categories": "older_than_five_years", "issue_ids": "[104]", "osm_url": "https://www.openstreetmap.org/way/311012265", "josm_url": "http://127.0.0.1:8111/load_object?new_layer=false&objects=w311012265", "id_url": "https://www.openstreetmap.org/edit?editor=id&way=311012265#map=20/59.9289134/10.7496323"}}, {"type": "Feature", "geometry": {"type": "Point", "coordinates": [10.787135, 59.8954473]}, "properties": {"id": 311012278, "feat_type": "way", "quality_categories": "older_than_five_years", "issue_ids": "[187]", "osm_url": "https://www.openstreetmap.org/way/311012278", "josm_url": "http://127.0.0.1:8111/load_object?new_layer=false&objects=w311012278", "id_url": "https://www.openstreetmap.org/edit?editor=id&way=311012278#map=20/59.8954473/10.787135"}}, {"type": "Feature", "geometry": {"type": "Point", "coordinates": [10.7502827, 59.9385708]}, "properties": {"id": 311012281, "feat_type": "way", "quality_categories": "older_than_five_years", "issue_ids": "[70]", "osm_url": "https://www.openstreetmap.org/way/311012281", "josm_url": "http://127.0.0.1:8111/load_object?new_layer=false&objects=w311012281", "id_url": "https://www.openstreetmap.org/edit?editor=id&way=311012281#map=20/59.9385708/10.7502827"}}, {"type": "Feature", "geometry": {"type": "Point", "coordinates": [10.7508496, 59.933964]}, "properties": {"id": 311012282, "feat_type": "way", "quality_categories": "older_than_five_years", "issue_ids": "[70]", "osm_url": "https://www.openstreetmap.org/way/311012282", "josm_url": "http://127.0.0.1:8111/load_object?new_layer=false&objects=w311012282", "id_url": "https://www.openstreetmap.org/edit?editor=id&way=311012282#map=20/59.933964/10.7508496"}}, {"type": "Feature", "geometry": {"type": "Point", "coordinates": [10.7679005, 59.9059495]}, "properties": {"id": 311012283, "feat_type": "way", "quality_categories": "older_than_five_years", "issue_ids": "[118]", "osm_url": "https://www.openstreetmap.org/way/311012283", "josm_url": "http://127.0.0.1:8111/load_object?new_layer=false&objects=w311012283", "id_url": "https://www.openstreetmap.org/edit?editor=id&way=311012283#map=20/59.9059495/10.7679005"}}, {"type": "Feature", "geometry": {"type": "Point", "coordinates": [10.7490351, 59.9295176]}, "properties": {"id": 311012285, "feat_type": "way", "quality_categories": "older_than_five_years", "issue_ids": "[10]", "osm_url": "https://www.openstreetmap.org/way/311012285", "josm_url": "http://127.0.0.1:8111/load_object?new_layer=false&objects=w311012285", "id_url": "https://www.openstreetmap.org/edit?editor=id&way=311012285#map=20/59.9295176/10.7490351"}}, {"type": "Feature", "geometry": {"type": "Point", "coordinates": [10.7516917, 59.9399188]}, "properties": {"id": 311012290, "feat_type": "way", "quality_categories": "older_than_five_years", "issue_ids": "[49]", "osm_url": "https://www.openstreetmap.org/way/311012290", "josm_url": "http://127.0.0.1:8111/load_object?new_layer=false&objects=w311012290", "id_url": "https://www.openstreetmap.org/edit?editor=id&way=311012290#map=20/59.9399188/10.7516917"}}, {"type": "Feature", "geometry": {"type": "Point", "coordinates": [10.7465013, 59.9560804]}, "properties": {"id": 311012294, "feat_type": "way", "quality_categories": "older_than_five_years", "issue_ids": "[190]", "osm_url": "https://www.openstreetmap.org/way/311012294", "josm_url": "http://127.0.0.1:8111/load_object?new_layer=false&objects=w311012294", "id_url": "https://www.openstreetmap.org/edit?editor=id&way=311012294#map=20/59.9560804/10.7465013"}}, {"type": "Feature", "geometry": {"type": "Point", "coordinates": [10.7498931, 59.939195]}, "properties": {"id": 311012295, "feat_type": "way", "quality_categories": "older_than_five_years", "issue_ids": "[70]", "osm_url": "https://www.openstreetmap.org/way/311012295", "josm_url": "http://127.0.0.1:8111/load_object?new_layer=false&objects=w311012295", "id_url": "https://www.openstreetmap.org/edit?editor=id&way=311012295#map=20/59.939195/10.7498931"}}, {"type": "Feature", "geometry": {"type": "Point", "coordinates": [10.750629, 59.9499683]}, "properties": {"id": 311012296, "feat_type": "way", "quality_categories": "older_than_five_years", "issue_ids": "[10]", "osm_url": "https://www.openstreetmap.org/way/311012296", "josm_url": "http://127.0.0.1:8111/load_object?new_layer=false&objects=w311012296", "id_url": "https://www.openstreetmap.org/edit?editor=id&way=311012296#map=20/59.9499683/10.750629"}}, {"type": "Feature", "geometry": {"type": "Point", "coordinates": [10.7521676, 59.9211653]}, "properties": {"id": 311012297, "feat_type": "way", "quality_categories": "older_than_five_years", "issue_ids": "[94]", "osm_url": "https://www.openstreetmap.org/way/311012297", "josm_url": "http://127.0.0.1:8111/load_object?new_layer=false&objects=w311012297", "id_url": "https://www.openstreetmap.org/edit?editor=id&way=311012297#map=20/59.9211653/10.7521676"}}, {"type": "Feature", "geometry": {"type": "Point", "coordinates": [10.7907004, 59.8967614]}, "properties": {"id": 311296983, "feat_type": "way", "quality_categories": "older_than_five_years", "issue_ids": "[191]", "osm_url": "https://www.openstreetmap.org/way/311296983", "josm_url": "http://127.0.0.1:8111/load_object?new_layer=false&objects=w311296983", "id_url": "https://www.openstreetmap.org/edit?editor=id&way=311296983#map=20/59.8967614/10.7907004"}}, {"type": "Feature", "geometry": {"type": "Point", "coordinates": [10.7843089, 59.8971513]}, "properties": {"id": 311296984, "feat_type": "way", "quality_categories": "older_than_five_years", "issue_ids": "[175]", "osm_url": "https://www.openstreetmap.org/way/311296984", "josm_url": "http://127.0.0.1:8111/load_object?new_layer=false&objects=w311296984", "id_url": "https://www.openstreetmap.org/edit?editor=id&way=311296984#map=20/59.8971513/10.7843089"}}, {"type": "Feature", "geometry": {"type": "Point", "coordinates": [10.7962452, 59.8978537]}, "properties": {"id": 311296985, "feat_type": "way", "quality_categories": "missing_tags, older_than_five_years", "issue_ids": "[187, 4]", "osm_url": "https://www.openstreetmap.org/way/311296985", "josm_url": "http://127.0.0.1:8111/load_object?new_layer=false&objects=w311296985", "id_url": "https://www.openstreetmap.org/edit?editor=id&way=311296985#map=20/59.8978537/10.7962452"}}, {"type": "Feature", "geometry": {"type": "Point", "coordinates": [10.7885318, 59.8961871]}, "properties": {"id": 311296986, "feat_type": "way", "quality_categories": "older_than_five_years", "issue_ids": "[175]", "osm_url": "https://www.openstreetmap.org/way/311296986", "josm_url": "http://127.0.0.1:8111/load_object?new_layer=false&objects=w311296986", "id_url": "https://www.openstreetmap.org/edit?editor=id&way=311296986#map=20/59.8961871/10.7885318"}}, {"type": "Feature", "geometry": {"type": "Point", "coordinates": [10.7907926, 59.8968927]}, "properties": {"id": 311296987, "feat_type": "way", "quality_categories": "older_than_five_years", "issue_ids": "[191]", "osm_url": "https://www.openstreetmap.org/way/311296987", "josm_url": "http://127.0.0.1:8111/load_object?new_layer=false&objects=w311296987", "id_url": "https://www.openstreetmap.org/edit?editor=id&way=311296987#map=20/59.8968927/10.7907926"}}, {"type": "Feature", "geometry": {"type": "Point", "coordinates": [10.778168, 59.8979759]}, "properties": {"id": 311296988, "feat_type": "way", "quality_categories": "older_than_five_years", "issue_ids": "[189]", "osm_url": "https://www.openstreetmap.org/way/311296988", "josm_url": "http://127.0.0.1:8111/load_object?new_layer=false&objects=w311296988", "id_url": "https://www.openstreetmap.org/edit?editor=id&way=311296988#map=20/59.8979759/10.778168"}}, {"type": "Feature", "geometry": {"type": "Point", "coordinates": [10.7757017, 59.8976727]}, "properties": {"id": 311296989, "feat_type": "way", "quality_categories": "older_than_five_years", "issue_ids": "[192]", "osm_url": "https://www.openstreetmap.org/way/311296989", "josm_url": "http://127.0.0.1:8111/load_object?new_layer=false&objects=w311296989", "id_url": "https://www.openstreetmap.org/edit?editor=id&way=311296989#map=20/59.8976727/10.7757017"}}, {"type": "Feature", "geometry": {"type": "Point", "coordinates": [10.787328, 59.8958368]}, "properties": {"id": 311296993, "feat_type": "way", "quality_categories": "missing_tags, older_than_five_years", "issue_ids": "[175, 4]", "osm_url": "https://www.openstreetmap.org/way/311296993", "josm_url": "http://127.0.0.1:8111/load_object?new_layer=false&objects=w311296993", "id_url": "https://www.openstreetmap.org/edit?editor=id&way=311296993#map=20/59.8958368/10.787328"}}, {"type": "Feature", "geometry": {"type": "Point", "coordinates": [10.7933482, 59.8977065]}, "properties": {"id": 311296997, "feat_type": "way", "quality_categories": "older_than_five_years", "issue_ids": "[187]", "osm_url": "https://www.openstreetmap.org/way/311296997", "josm_url": "http://127.0.0.1:8111/load_object?new_layer=false&objects=w311296997", "id_url": "https://www.openstreetmap.org/edit?editor=id&way=311296997#map=20/59.8977065/10.7933482"}}, {"type": "Feature", "geometry": {"type": "Point", "coordinates": [10.7974648, 59.8974434]}, "properties": {"id": 311296998, "feat_type": "way", "quality_categories": "missing_tags, older_than_five_years", "issue_ids": "[193, 4]", "osm_url": "https://www.openstreetmap.org/way/311296998", "josm_url": "http://127.0.0.1:8111/load_object?new_layer=false&objects=w311296998", "id_url": "https://www.openstreetmap.org/edit?editor=id&way=311296998#map=20/59.8974434/10.7974648"}}, {"type": "Feature", "geometry": {"type": "Point", "coordinates": [10.797552, 59.8974141]}, "properties": {"id": 311297009, "feat_type": "way", "quality_categories": "older_than_five_years", "issue_ids": "[187]", "osm_url": "https://www.openstreetmap.org/way/311297009", "josm_url": "http://127.0.0.1:8111/load_object?new_layer=false&objects=w311297009", "id_url": "https://www.openstreetmap.org/edit?editor=id&way=311297009#map=20/59.8974141/10.797552"}}, {"type": "Feature", "geometry": {"type": "Point", "coordinates": [10.7918073, 59.8971108]}, "properties": {"id": 311297025, "feat_type": "way", "quality_categories": "missing_tags, older_than_five_years", "issue_ids": "[193, 4]", "osm_url": "https://www.openstreetmap.org/way/311297025", "josm_url": "http://127.0.0.1:8111/load_object?new_layer=false&objects=w311297025", "id_url": "https://www.openstreetmap.org/edit?editor=id&way=311297025#map=20/59.8971108/10.7918073"}}, {"type": "Feature", "geometry": {"type": "Point", "coordinates": [10.7934107, 59.8977339]}, "properties": {"id": 311297026, "feat_type": "way", "quality_categories": "missing_tags, older_than_five_years", "issue_ids": "[193, 4]", "osm_url": "https://www.openstreetmap.org/way/311297026", "josm_url": "http://127.0.0.1:8111/load_object?new_layer=false&objects=w311297026", "id_url": "https://www.openstreetmap.org/edit?editor=id&way=311297026#map=20/59.8977339/10.7934107"}}, {"type": "Feature", "geometry": {"type": "Point", "coordinates": [10.7876491, 59.895944]}, "properties": {"id": 311297030, "feat_type": "way", "quality_categories": "older_than_five_years", "issue_ids": "[175]", "osm_url": "https://www.openstreetmap.org/way/311297030", "josm_url": "http://127.0.0.1:8111/load_object?new_layer=false&objects=w311297030", "id_url": "https://www.openstreetmap.org/edit?editor=id&way=311297030#map=20/59.895944/10.7876491"}}, {"type": "Feature", "geometry": {"type": "Point", "coordinates": [10.8161334, 59.9124979]}, "properties": {"id": 311439471, "feat_type": "way", "quality_categories": "older_than_five_years", "issue_ids": "[22]", "osm_url": "https://www.openstreetmap.org/way/311439471", "josm_url": "http://127.0.0.1:8111/load_object?new_layer=false&objects=w311439471", "id_url": "https://www.openstreetmap.org/edit?editor=id&way=311439471#map=20/59.9124979/10.8161334"}}, {"type": "Feature", "geometry": {"type": "Point", "coordinates": [10.8114338, 59.897851]}, "properties": {"id": 311439474, "feat_type": "way", "quality_categories": "older_than_five_years", "issue_ids": "[194]", "osm_url": "https://www.openstreetmap.org/way/311439474", "josm_url": "http://127.0.0.1:8111/load_object?new_layer=false&objects=w311439474", "id_url": "https://www.openstreetmap.org/edit?editor=id&way=311439474#map=20/59.897851/10.8114338"}}, {"type": "Feature", "geometry": {"type": "Point", "coordinates": [10.813726, 59.8979807]}, "properties": {"id": 311439478, "feat_type": "way", "quality_categories": "older_than_five_years", "issue_ids": "[76]", "osm_url": "https://www.openstreetmap.org/way/311439478", "josm_url": "http://127.0.0.1:8111/load_object?new_layer=false&objects=w311439478", "id_url": "https://www.openstreetmap.org/edit?editor=id&way=311439478#map=20/59.8979807/10.813726"}}, {"type": "Feature", "geometry": {"type": "Point", "coordinates": [10.816383, 59.9081642]}, "properties": {"id": 311439498, "feat_type": "way", "quality_categories": "older_than_five_years", "issue_ids": "[22]", "osm_url": "https://www.openstreetmap.org/way/311439498", "josm_url": "http://127.0.0.1:8111/load_object?new_layer=false&objects=w311439498", "id_url": "https://www.openstreetmap.org/edit?editor=id&way=311439498#map=20/59.9081642/10.816383"}}, {"type": "Feature", "geometry": {"type": "Point", "coordinates": [10.8156558, 59.923234]}, "properties": {"id": 311439501, "feat_type": "way", "quality_categories": "older_than_five_years", "issue_ids": "[195]", "osm_url": "https://www.openstreetmap.org/way/311439501", "josm_url": "http://127.0.0.1:8111/load_object?new_layer=false&objects=w311439501", "id_url": "https://www.openstreetmap.org/edit?editor=id&way=311439501#map=20/59.923234/10.8156558"}}, {"type": "Feature", "geometry": {"type": "Point", "coordinates": [10.8151823, 59.9235402]}, "properties": {"id": 311439507, "feat_type": "way", "quality_categories": "older_than_five_years", "issue_ids": "[195]", "osm_url": "https://www.openstreetmap.org/way/311439507", "josm_url": "http://127.0.0.1:8111/load_object?new_layer=false&objects=w311439507", "id_url": "https://www.openstreetmap.org/edit?editor=id&way=311439507#map=20/59.9235402/10.8151823"}}, {"type": "Feature", "geometry": {"type": "Point", "coordinates": [10.8165184, 59.9228392]}, "properties": {"id": 311439512, "feat_type": "way", "quality_categories": "older_than_five_years", "issue_ids": "[195]", "osm_url": "https://www.openstreetmap.org/way/311439512", "josm_url": "http://127.0.0.1:8111/load_object?new_layer=false&objects=w311439512", "id_url": "https://www.openstreetmap.org/edit?editor=id&way=311439512#map=20/59.9228392/10.8165184"}}, {"type": "Feature", "geometry": {"type": "Point", "coordinates": [10.8118141, 59.8976101]}, "properties": {"id": 311439517, "feat_type": "way", "quality_categories": "older_than_five_years", "issue_ids": "[76]", "osm_url": "https://www.openstreetmap.org/way/311439517", "josm_url": "http://127.0.0.1:8111/load_object?new_layer=false&objects=w311439517", "id_url": "https://www.openstreetmap.org/edit?editor=id&way=311439517#map=20/59.8976101/10.8118141"}}, {"type": "Feature", "geometry": {"type": "Point", "coordinates": [10.8158925, 59.911579]}, "properties": {"id": 311439518, "feat_type": "way", "quality_categories": "older_than_five_years", "issue_ids": "[22]", "osm_url": "https://www.openstreetmap.org/way/311439518", "josm_url": "http://127.0.0.1:8111/load_object?new_layer=false&objects=w311439518", "id_url": "https://www.openstreetmap.org/edit?editor=id&way=311439518#map=20/59.911579/10.8158925"}}, {"type": "Feature", "geometry": {"type": "Point", "coordinates": [10.8161772, 59.9228362]}, "properties": {"id": 311439524, "feat_type": "way", "quality_categories": "older_than_five_years", "issue_ids": "[195]", "osm_url": "https://www.openstreetmap.org/way/311439524", "josm_url": "http://127.0.0.1:8111/load_object?new_layer=false&objects=w311439524", "id_url": "https://www.openstreetmap.org/edit?editor=id&way=311439524#map=20/59.9228362/10.8161772"}}, {"type": "Feature", "geometry": {"type": "Point", "coordinates": [10.8121436, 59.8975775]}, "properties": {"id": 311439530, "feat_type": "way", "quality_categories": "older_than_five_years", "issue_ids": "[76]", "osm_url": "https://www.openstreetmap.org/way/311439530", "josm_url": "http://127.0.0.1:8111/load_object?new_layer=false&objects=w311439530", "id_url": "https://www.openstreetmap.org/edit?editor=id&way=311439530#map=20/59.8975775/10.8121436"}}, {"type": "Feature", "geometry": {"type": "Point", "coordinates": [10.8177345, 59.9069769]}, "properties": {"id": 311439542, "feat_type": "way", "quality_categories": "older_than_five_years", "issue_ids": "[22]", "osm_url": "https://www.openstreetmap.org/way/311439542", "josm_url": "http://127.0.0.1:8111/load_object?new_layer=false&objects=w311439542", "id_url": "https://www.openstreetmap.org/edit?editor=id&way=311439542#map=20/59.9069769/10.8177345"}}, {"type": "Feature", "geometry": {"type": "Point", "coordinates": [10.8055248, 59.895447]}, "properties": {"id": 311439600, "feat_type": "way", "quality_categories": "older_than_five_years", "issue_ids": "[8]", "osm_url": "https://www.openstreetmap.org/way/311439600", "josm_url": "http://127.0.0.1:8111/load_object?new_layer=false&objects=w311439600", "id_url": "https://www.openstreetmap.org/edit?editor=id&way=311439600#map=20/59.895447/10.8055248"}}, {"type": "Feature", "geometry": {"type": "Point", "coordinates": [10.8157857, 59.9087135]}, "properties": {"id": 311439601, "feat_type": "way", "quality_categories": "older_than_five_years", "issue_ids": "[22]", "osm_url": "https://www.openstreetmap.org/way/311439601", "josm_url": "http://127.0.0.1:8111/load_object?new_layer=false&objects=w311439601", "id_url": "https://www.openstreetmap.org/edit?editor=id&way=311439601#map=20/59.9087135/10.8157857"}}, {"type": "Feature", "geometry": {"type": "Point", "coordinates": [10.8159324, 59.9232223]}, "properties": {"id": 311439603, "feat_type": "way", "quality_categories": "older_than_five_years", "issue_ids": "[195]", "osm_url": "https://www.openstreetmap.org/way/311439603", "josm_url": "http://127.0.0.1:8111/load_object?new_layer=false&objects=w311439603", "id_url": "https://www.openstreetmap.org/edit?editor=id&way=311439603#map=20/59.9232223/10.8159324"}}, {"type": "Feature", "geometry": {"type": "Point", "coordinates": [10.7691158, 59.9529219]}, "properties": {"id": 311606468, "feat_type": "way", "quality_categories": "older_than_five_years", "issue_ids": "[164]", "osm_url": "https://www.openstreetmap.org/way/311606468", "josm_url": "http://127.0.0.1:8111/load_object?new_layer=false&objects=w311606468", "id_url": "https://www.openstreetmap.org/edit?editor=id&way=311606468#map=20/59.9529219/10.7691158"}}, {"type": "Feature", "geometry": {"type": "Point", "coordinates": [10.7568476, 59.9533065]}, "properties": {"id": 311648244, "feat_type": "way", "quality_categories": "older_than_five_years", "issue_ids": "[164]", "osm_url": "https://www.openstreetmap.org/way/311648244", "josm_url": "http://127.0.0.1:8111/load_object?new_layer=false&objects=w311648244", "id_url": "https://www.openstreetmap.org/edit?editor=id&way=311648244#map=20/59.9533065/10.7568476"}}, {"type": "Feature", "geometry": {"type": "Point", "coordinates": [10.757621, 59.953322]}, "properties": {"id": 311648255, "feat_type": "way", "quality_categories": "older_than_five_years", "issue_ids": "[164]", "osm_url": "https://www.openstreetmap.org/way/311648255", "josm_url": "http://127.0.0.1:8111/load_object?new_layer=false&objects=w311648255", "id_url": "https://www.openstreetmap.org/edit?editor=id&way=311648255#map=20/59.953322/10.757621"}}, {"type": "Feature", "geometry": {"type": "Point", "coordinates": [10.6826708, 59.9373545]}, "properties": {"id": 312668141, "feat_type": "way", "quality_categories": "older_than_five_years", "issue_ids": "[188]", "osm_url": "https://www.openstreetmap.org/way/312668141", "josm_url": "http://127.0.0.1:8111/load_object?new_layer=false&objects=w312668141", "id_url": "https://www.openstreetmap.org/edit?editor=id&way=312668141#map=20/59.9373545/10.6826708"}}, {"type": "Feature", "geometry": {"type": "Point", "coordinates": [10.6595768, 59.9281553]}, "properties": {"id": 312668148, "feat_type": "way", "quality_categories": "older_than_five_years", "issue_ids": "[43]", "osm_url": "https://www.openstreetmap.org/way/312668148", "josm_url": "http://127.0.0.1:8111/load_object?new_layer=false&objects=w312668148", "id_url": "https://www.openstreetmap.org/edit?editor=id&way=312668148#map=20/59.9281553/10.6595768"}}, {"type": "Feature", "geometry": {"type": "Point", "coordinates": [10.660359, 59.9284696]}, "properties": {"id": 312668160, "feat_type": "way", "quality_categories": "older_than_five_years", "issue_ids": "[43]", "osm_url": "https://www.openstreetmap.org/way/312668160", "josm_url": "http://127.0.0.1:8111/load_object?new_layer=false&objects=w312668160", "id_url": "https://www.openstreetmap.org/edit?editor=id&way=312668160#map=20/59.9284696/10.660359"}}, {"type": "Feature", "geometry": {"type": "Point", "coordinates": [10.8396305, 59.8947612]}, "properties": {"id": 312996813, "feat_type": "way", "quality_categories": "older_than_five_years", "issue_ids": "[196]", "osm_url": "https://www.openstreetmap.org/way/312996813", "josm_url": "http://127.0.0.1:8111/load_object?new_layer=false&objects=w312996813", "id_url": "https://www.openstreetmap.org/edit?editor=id&way=312996813#map=20/59.8947612/10.8396305"}}, {"type": "Feature", "geometry": {"type": "Point", "coordinates": [10.847117, 59.8923044]}, "properties": {"id": 312996814, "feat_type": "way", "quality_categories": "older_than_five_years", "issue_ids": "[197]", "osm_url": "https://www.openstreetmap.org/way/312996814", "josm_url": "http://127.0.0.1:8111/load_object?new_layer=false&objects=w312996814", "id_url": "https://www.openstreetmap.org/edit?editor=id&way=312996814#map=20/59.8923044/10.847117"}}, {"type": "Feature", "geometry": {"type": "Point", "coordinates": [10.8411605, 59.8888486]}, "properties": {"id": 312996816, "feat_type": "way", "quality_categories": "missing_tags, older_than_five_years", "issue_ids": "[198, 4]", "osm_url": "https://www.openstreetmap.org/way/312996816", "josm_url": "http://127.0.0.1:8111/load_object?new_layer=false&objects=w312996816", "id_url": "https://www.openstreetmap.org/edit?editor=id&way=312996816#map=20/59.8888486/10.8411605"}}, {"type": "Feature", "geometry": {"type": "Point", "coordinates": [10.8480553, 59.8890931]}, "properties": {"id": 312996817, "feat_type": "way", "quality_categories": "older_than_five_years", "issue_ids": "[199]", "osm_url": "https://www.openstreetmap.org/way/312996817", "josm_url": "http://127.0.0.1:8111/load_object?new_layer=false&objects=w312996817", "id_url": "https://www.openstreetmap.org/edit?editor=id&way=312996817#map=20/59.8890931/10.8480553"}}, {"type": "Feature", "geometry": {"type": "Point", "coordinates": [10.8558107, 59.8925067]}, "properties": {"id": 312996818, "feat_type": "way", "quality_categories": "older_than_five_years", "issue_ids": "[200]", "osm_url": "https://www.openstreetmap.org/way/312996818", "josm_url": "http://127.0.0.1:8111/load_object?new_layer=false&objects=w312996818", "id_url": "https://www.openstreetmap.org/edit?editor=id&way=312996818#map=20/59.8925067/10.8558107"}}, {"type": "Feature", "geometry": {"type": "Point", "coordinates": [10.8457383, 59.8886433]}, "properties": {"id": 312996821, "feat_type": "way", "quality_categories": "older_than_five_years", "issue_ids": "[199]", "osm_url": "https://www.openstreetmap.org/way/312996821", "josm_url": "http://127.0.0.1:8111/load_object?new_layer=false&objects=w312996821", "id_url": "https://www.openstreetmap.org/edit?editor=id&way=312996821#map=20/59.8886433/10.8457383"}}, {"type": "Feature", "geometry": {"type": "Point", "coordinates": [10.8556051, 59.8943163]}, "properties": {"id": 312996830, "feat_type": "way", "quality_categories": "older_than_five_years", "issue_ids": "[201]", "osm_url": "https://www.openstreetmap.org/way/312996830", "josm_url": "http://127.0.0.1:8111/load_object?new_layer=false&objects=w312996830", "id_url": "https://www.openstreetmap.org/edit?editor=id&way=312996830#map=20/59.8943163/10.8556051"}}, {"type": "Feature", "geometry": {"type": "Point", "coordinates": [10.8471172, 59.8888278]}, "properties": {"id": 312996849, "feat_type": "way", "quality_categories": "older_than_five_years", "issue_ids": "[199]", "osm_url": "https://www.openstreetmap.org/way/312996849", "josm_url": "http://127.0.0.1:8111/load_object?new_layer=false&objects=w312996849", "id_url": "https://www.openstreetmap.org/edit?editor=id&way=312996849#map=20/59.8888278/10.8471172"}}, {"type": "Feature", "geometry": {"type": "Point", "coordinates": [10.8557682, 59.8924027]}, "properties": {"id": 312996857, "feat_type": "way", "quality_categories": "older_than_five_years", "issue_ids": "[200]", "osm_url": "https://www.openstreetmap.org/way/312996857", "josm_url": "http://127.0.0.1:8111/load_object?new_layer=false&objects=w312996857", "id_url": "https://www.openstreetmap.org/edit?editor=id&way=312996857#map=20/59.8924027/10.8557682"}}, {"type": "Feature", "geometry": {"type": "Point", "coordinates": [10.8286456, 59.8802452]}, "properties": {"id": 312996861, "feat_type": "way", "quality_categories": "missing_tags, older_than_five_years", "issue_ids": "[200, 4]", "osm_url": "https://www.openstreetmap.org/way/312996861", "josm_url": "http://127.0.0.1:8111/load_object?new_layer=false&objects=w312996861", "id_url": "https://www.openstreetmap.org/edit?editor=id&way=312996861#map=20/59.8802452/10.8286456"}}, {"type": "Feature", "geometry": {"type": "Point", "coordinates": [10.8315184, 59.8810017]}, "properties": {"id": 312996862, "feat_type": "way", "quality_categories": "missing_tags, older_than_five_years", "issue_ids": "[202, 4]", "osm_url": "https://www.openstreetmap.org/way/312996862", "josm_url": "http://127.0.0.1:8111/load_object?new_layer=false&objects=w312996862", "id_url": "https://www.openstreetmap.org/edit?editor=id&way=312996862#map=20/59.8810017/10.8315184"}}, {"type": "Feature", "geometry": {"type": "Point", "coordinates": [10.8501123, 59.8924299]}, "properties": {"id": 312996865, "feat_type": "way", "quality_categories": "older_than_five_years", "issue_ids": "[197]", "osm_url": "https://www.openstreetmap.org/way/312996865", "josm_url": "http://127.0.0.1:8111/load_object?new_layer=false&objects=w312996865", "id_url": "https://www.openstreetmap.org/edit?editor=id&way=312996865#map=20/59.8924299/10.8501123"}}, {"type": "Feature", "geometry": {"type": "Point", "coordinates": [10.8299552, 59.8804561]}, "properties": {"id": 312996866, "feat_type": "way", "quality_categories": "missing_tags, older_than_five_years", "issue_ids": "[203, 4]", "osm_url": "https://www.openstreetmap.org/way/312996866", "josm_url": "http://127.0.0.1:8111/load_object?new_layer=false&objects=w312996866", "id_url": "https://www.openstreetmap.org/edit?editor=id&way=312996866#map=20/59.8804561/10.8299552"}}, {"type": "Feature", "geometry": {"type": "Point", "coordinates": [10.8408301, 59.8889751]}, "properties": {"id": 312996868, "feat_type": "way", "quality_categories": "missing_tags, older_than_five_years", "issue_ids": "[204, 4]", "osm_url": "https://www.openstreetmap.org/way/312996868", "josm_url": "http://127.0.0.1:8111/load_object?new_layer=false&objects=w312996868", "id_url": "https://www.openstreetmap.org/edit?editor=id&way=312996868#map=20/59.8889751/10.8408301"}}, {"type": "Feature", "geometry": {"type": "Point", "coordinates": [10.8409802, 59.9013288]}, "properties": {"id": 313133625, "feat_type": "way", "quality_categories": "missing_tags, older_than_five_years", "issue_ids": "[205, 4]", "osm_url": "https://www.openstreetmap.org/way/313133625", "josm_url": "http://127.0.0.1:8111/load_object?new_layer=false&objects=w313133625", "id_url": "https://www.openstreetmap.org/edit?editor=id&way=313133625#map=20/59.9013288/10.8409802"}}, {"type": "Feature", "geometry": {"type": "Point", "coordinates": [10.845667, 59.8972689]}, "properties": {"id": 313133629, "feat_type": "way", "quality_categories": "older_than_five_years", "issue_ids": "[206]", "osm_url": "https://www.openstreetmap.org/way/313133629", "josm_url": "http://127.0.0.1:8111/load_object?new_layer=false&objects=w313133629", "id_url": "https://www.openstreetmap.org/edit?editor=id&way=313133629#map=20/59.8972689/10.845667"}}, {"type": "Feature", "geometry": {"type": "Point", "coordinates": [10.846916, 59.8984029]}, "properties": {"id": 313133632, "feat_type": "way", "quality_categories": "older_than_five_years", "issue_ids": "[206]", "osm_url": "https://www.openstreetmap.org/way/313133632", "josm_url": "http://127.0.0.1:8111/load_object?new_layer=false&objects=w313133632", "id_url": "https://www.openstreetmap.org/edit?editor=id&way=313133632#map=20/59.8984029/10.846916"}}, {"type": "Feature", "geometry": {"type": "Point", "coordinates": [10.8419496, 59.8959067]}, "properties": {"id": 313133658, "feat_type": "way", "quality_categories": "older_than_five_years", "issue_ids": "[196]", "osm_url": "https://www.openstreetmap.org/way/313133658", "josm_url": "http://127.0.0.1:8111/load_object?new_layer=false&objects=w313133658", "id_url": "https://www.openstreetmap.org/edit?editor=id&way=313133658#map=20/59.8959067/10.8419496"}}, {"type": "Feature", "geometry": {"type": "Point", "coordinates": [10.8084312, 59.8997902]}, "properties": {"id": 313307784, "feat_type": "way", "quality_categories": "older_than_five_years", "issue_ids": "[207]", "osm_url": "https://www.openstreetmap.org/way/313307784", "josm_url": "http://127.0.0.1:8111/load_object?new_layer=false&objects=w313307784", "id_url": "https://www.openstreetmap.org/edit?editor=id&way=313307784#map=20/59.8997902/10.8084312"}}, {"type": "Feature", "geometry": {"type": "Point", "coordinates": [10.8116773, 59.8976999]}, "properties": {"id": 313307808, "feat_type": "way", "quality_categories": "older_than_five_years", "issue_ids": "[76]", "osm_url": "https://www.openstreetmap.org/way/313307808", "josm_url": "http://127.0.0.1:8111/load_object?new_layer=false&objects=w313307808", "id_url": "https://www.openstreetmap.org/edit?editor=id&way=313307808#map=20/59.8976999/10.8116773"}}, {"type": "Feature", "geometry": {"type": "Point", "coordinates": [10.8142924, 59.8882302]}, "properties": {"id": 313307837, "feat_type": "way", "quality_categories": "older_than_five_years", "issue_ids": "[23]", "osm_url": "https://www.openstreetmap.org/way/313307837", "josm_url": "http://127.0.0.1:8111/load_object?new_layer=false&objects=w313307837", "id_url": "https://www.openstreetmap.org/edit?editor=id&way=313307837#map=20/59.8882302/10.8142924"}}, {"type": "Feature", "geometry": {"type": "Point", "coordinates": [10.8127032, 59.9004673]}, "properties": {"id": 313307878, "feat_type": "way", "quality_categories": "older_than_five_years", "issue_ids": "[208]", "osm_url": "https://www.openstreetmap.org/way/313307878", "josm_url": "http://127.0.0.1:8111/load_object?new_layer=false&objects=w313307878", "id_url": "https://www.openstreetmap.org/edit?editor=id&way=313307878#map=20/59.9004673/10.8127032"}}, {"type": "Feature", "geometry": {"type": "Point", "coordinates": [10.8523003, 59.8790587]}, "properties": {"id": 313726927, "feat_type": "way", "quality_categories": "missing_tags, older_than_five_years", "issue_ids": "[209, 4]", "osm_url": "https://www.openstreetmap.org/way/313726927", "josm_url": "http://127.0.0.1:8111/load_object?new_layer=false&objects=w313726927", "id_url": "https://www.openstreetmap.org/edit?editor=id&way=313726927#map=20/59.8790587/10.8523003"}}, {"type": "Feature", "geometry": {"type": "Point", "coordinates": [10.8532136, 59.8801141]}, "properties": {"id": 313726928, "feat_type": "way", "quality_categories": "older_than_five_years", "issue_ids": "[210]", "osm_url": "https://www.openstreetmap.org/way/313726928", "josm_url": "http://127.0.0.1:8111/load_object?new_layer=false&objects=w313726928", "id_url": "https://www.openstreetmap.org/edit?editor=id&way=313726928#map=20/59.8801141/10.8532136"}}, {"type": "Feature", "geometry": {"type": "Point", "coordinates": [10.8531748, 59.8807018]}, "properties": {"id": 313726929, "feat_type": "way", "quality_categories": "missing_tags, older_than_five_years", "issue_ids": "[203, 4]", "osm_url": "https://www.openstreetmap.org/way/313726929", "josm_url": "http://127.0.0.1:8111/load_object?new_layer=false&objects=w313726929", "id_url": "https://www.openstreetmap.org/edit?editor=id&way=313726929#map=20/59.8807018/10.8531748"}}, {"type": "Feature", "geometry": {"type": "Point", "coordinates": [10.8455759, 59.8810632]}, "properties": {"id": 313726930, "feat_type": "way", "quality_categories": "older_than_five_years", "issue_ids": "[211]", "osm_url": "https://www.openstreetmap.org/way/313726930", "josm_url": "http://127.0.0.1:8111/load_object?new_layer=false&objects=w313726930", "id_url": "https://www.openstreetmap.org/edit?editor=id&way=313726930#map=20/59.8810632/10.8455759"}}, {"type": "Feature", "geometry": {"type": "Point", "coordinates": [10.8520193, 59.8786526]}, "properties": {"id": 313726933, "feat_type": "way", "quality_categories": "missing_tags, older_than_five_years", "issue_ids": "[212, 4]", "osm_url": "https://www.openstreetmap.org/way/313726933", "josm_url": "http://127.0.0.1:8111/load_object?new_layer=false&objects=w313726933", "id_url": "https://www.openstreetmap.org/edit?editor=id&way=313726933#map=20/59.8786526/10.8520193"}}, {"type": "Feature", "geometry": {"type": "Point", "coordinates": [10.8504554, 59.8780561]}, "properties": {"id": 313726934, "feat_type": "way", "quality_categories": "missing_tags, older_than_five_years", "issue_ids": "[212, 4]", "osm_url": "https://www.openstreetmap.org/way/313726934", "josm_url": "http://127.0.0.1:8111/load_object?new_layer=false&objects=w313726934", "id_url": "https://www.openstreetmap.org/edit?editor=id&way=313726934#map=20/59.8780561/10.8504554"}}, {"type": "Feature", "geometry": {"type": "Point", "coordinates": [10.8469531, 59.8780136]}, "properties": {"id": 313726964, "feat_type": "way", "quality_categories": "missing_tags, older_than_five_years", "issue_ids": "[203, 4]", "osm_url": "https://www.openstreetmap.org/way/313726964", "josm_url": "http://127.0.0.1:8111/load_object?new_layer=false&objects=w313726964", "id_url": "https://www.openstreetmap.org/edit?editor=id&way=313726964#map=20/59.8780136/10.8469531"}}, {"type": "Feature", "geometry": {"type": "Point", "coordinates": [10.8482387, 59.8830845]}, "properties": {"id": 313726965, "feat_type": "way", "quality_categories": "older_than_five_years", "issue_ids": "[211]", "osm_url": "https://www.openstreetmap.org/way/313726965", "josm_url": "http://127.0.0.1:8111/load_object?new_layer=false&objects=w313726965", "id_url": "https://www.openstreetmap.org/edit?editor=id&way=313726965#map=20/59.8830845/10.8482387"}}, {"type": "Feature", "geometry": {"type": "Point", "coordinates": [10.8518828, 59.8812203]}, "properties": {"id": 313726969, "feat_type": "way", "quality_categories": "missing_tags, older_than_five_years", "issue_ids": "[212, 4]", "osm_url": "https://www.openstreetmap.org/way/313726969", "josm_url": "http://127.0.0.1:8111/load_object?new_layer=false&objects=w313726969", "id_url": "https://www.openstreetmap.org/edit?editor=id&way=313726969#map=20/59.8812203/10.8518828"}}, {"type": "Feature", "geometry": {"type": "Point", "coordinates": [10.7555818, 59.9282132]}, "properties": {"id": 314109153, "feat_type": "way", "quality_categories": "older_than_five_years", "issue_ids": "[213]", "osm_url": "https://www.openstreetmap.org/way/314109153", "josm_url": "http://127.0.0.1:8111/load_object?new_layer=false&objects=w314109153", "id_url": "https://www.openstreetmap.org/edit?editor=id&way=314109153#map=20/59.9282132/10.7555818"}}, {"type": "Feature", "geometry": {"type": "Point", "coordinates": [10.6754867, 59.9303312]}, "properties": {"id": 314149284, "feat_type": "way", "quality_categories": "older_than_five_years", "issue_ids": "[162]", "osm_url": "https://www.openstreetmap.org/way/314149284", "josm_url": "http://127.0.0.1:8111/load_object?new_layer=false&objects=w314149284", "id_url": "https://www.openstreetmap.org/edit?editor=id&way=314149284#map=20/59.9303312/10.6754867"}}, {"type": "Feature", "geometry": {"type": "Point", "coordinates": [10.6758989, 59.9302535]}, "properties": {"id": 314149340, "feat_type": "way", "quality_categories": "older_than_five_years", "issue_ids": "[162]", "osm_url": "https://www.openstreetmap.org/way/314149340", "josm_url": "http://127.0.0.1:8111/load_object?new_layer=false&objects=w314149340", "id_url": "https://www.openstreetmap.org/edit?editor=id&way=314149340#map=20/59.9302535/10.6758989"}}, {"type": "Feature", "geometry": {"type": "Point", "coordinates": [10.6792748, 59.9344517]}, "properties": {"id": 314149345, "feat_type": "way", "quality_categories": "older_than_five_years", "issue_ids": "[162]", "osm_url": "https://www.openstreetmap.org/way/314149345", "josm_url": "http://127.0.0.1:8111/load_object?new_layer=false&objects=w314149345", "id_url": "https://www.openstreetmap.org/edit?editor=id&way=314149345#map=20/59.9344517/10.6792748"}}, {"type": "Feature", "geometry": {"type": "Point", "coordinates": [10.678804, 59.9344871]}, "properties": {"id": 314149347, "feat_type": "way", "quality_categories": "older_than_five_years", "issue_ids": "[162]", "osm_url": "https://www.openstreetmap.org/way/314149347", "josm_url": "http://127.0.0.1:8111/load_object?new_layer=false&objects=w314149347", "id_url": "https://www.openstreetmap.org/edit?editor=id&way=314149347#map=20/59.9344871/10.678804"}}, {"type": "Feature", "geometry": {"type": "Point", "coordinates": [10.7258838, 59.9353958]}, "properties": {"id": 314200637, "feat_type": "way", "quality_categories": "older_than_five_years", "issue_ids": "[214]", "osm_url": "https://www.openstreetmap.org/way/314200637", "josm_url": "http://127.0.0.1:8111/load_object?new_layer=false&objects=w314200637", "id_url": "https://www.openstreetmap.org/edit?editor=id&way=314200637#map=20/59.9353958/10.7258838"}}, {"type": "Feature", "geometry": {"type": "Point", "coordinates": [10.8205106, 59.8554919]}, "properties": {"id": 314462118, "feat_type": "way", "quality_categories": "older_than_five_years", "issue_ids": "[138]", "osm_url": "https://www.openstreetmap.org/way/314462118", "josm_url": "http://127.0.0.1:8111/load_object?new_layer=false&objects=w314462118", "id_url": "https://www.openstreetmap.org/edit?editor=id&way=314462118#map=20/59.8554919/10.8205106"}}, {"type": "Feature", "geometry": {"type": "Point", "coordinates": [10.820578, 59.8534074]}, "properties": {"id": 314462119, "feat_type": "way", "quality_categories": "older_than_five_years", "issue_ids": "[138]", "osm_url": "https://www.openstreetmap.org/way/314462119", "josm_url": "http://127.0.0.1:8111/load_object?new_layer=false&objects=w314462119", "id_url": "https://www.openstreetmap.org/edit?editor=id&way=314462119#map=20/59.8534074/10.820578"}}, {"type": "Feature", "geometry": {"type": "Point", "coordinates": [10.7778819, 59.9327072]}, "properties": {"id": 315066347, "feat_type": "way", "quality_categories": "older_than_five_years", "issue_ids": "[49]", "osm_url": "https://www.openstreetmap.org/way/315066347", "josm_url": "http://127.0.0.1:8111/load_object?new_layer=false&objects=w315066347", "id_url": "https://www.openstreetmap.org/edit?editor=id&way=315066347#map=20/59.9327072/10.7778819"}}, {"type": "Feature", "geometry": {"type": "Point", "coordinates": [10.7788452, 59.9302962]}, "properties": {"id": 315066348, "feat_type": "way", "quality_categories": "older_than_five_years", "issue_ids": "[49]", "osm_url": "https://www.openstreetmap.org/way/315066348", "josm_url": "http://127.0.0.1:8111/load_object?new_layer=false&objects=w315066348", "id_url": "https://www.openstreetmap.org/edit?editor=id&way=315066348#map=20/59.9302962/10.7788452"}}, {"type": "Feature", "geometry": {"type": "Point", "coordinates": [10.7787962, 59.9296783]}, "properties": {"id": 315066349, "feat_type": "way", "quality_categories": "older_than_five_years", "issue_ids": "[49]", "osm_url": "https://www.openstreetmap.org/way/315066349", "josm_url": "http://127.0.0.1:8111/load_object?new_layer=false&objects=w315066349", "id_url": "https://www.openstreetmap.org/edit?editor=id&way=315066349#map=20/59.9296783/10.7787962"}}, {"type": "Feature", "geometry": {"type": "Point", "coordinates": [10.840363, 59.9434285]}, "properties": {"id": 315369825, "feat_type": "way", "quality_categories": "older_than_five_years", "issue_ids": "[46]", "osm_url": "https://www.openstreetmap.org/way/315369825", "josm_url": "http://127.0.0.1:8111/load_object?new_layer=false&objects=w315369825", "id_url": "https://www.openstreetmap.org/edit?editor=id&way=315369825#map=20/59.9434285/10.840363"}}, {"type": "Feature", "geometry": {"type": "Point", "coordinates": [10.8281467, 59.9466563]}, "properties": {"id": 315369826, "feat_type": "way", "quality_categories": "older_than_five_years", "issue_ids": "[215]", "osm_url": "https://www.openstreetmap.org/way/315369826", "josm_url": "http://127.0.0.1:8111/load_object?new_layer=false&objects=w315369826", "id_url": "https://www.openstreetmap.org/edit?editor=id&way=315369826#map=20/59.9466563/10.8281467"}}, {"type": "Feature", "geometry": {"type": "Point", "coordinates": [10.7813689, 59.9357473]}, "properties": {"id": 315369829, "feat_type": "way", "quality_categories": "older_than_five_years", "issue_ids": "[216]", "osm_url": "https://www.openstreetmap.org/way/315369829", "josm_url": "http://127.0.0.1:8111/load_object?new_layer=false&objects=w315369829", "id_url": "https://www.openstreetmap.org/edit?editor=id&way=315369829#map=20/59.9357473/10.7813689"}}, {"type": "Feature", "geometry": {"type": "Point", "coordinates": [10.8283697, 59.9463614]}, "properties": {"id": 315369831, "feat_type": "way", "quality_categories": "older_than_five_years", "issue_ids": "[217]", "osm_url": "https://www.openstreetmap.org/way/315369831", "josm_url": "http://127.0.0.1:8111/load_object?new_layer=false&objects=w315369831", "id_url": "https://www.openstreetmap.org/edit?editor=id&way=315369831#map=20/59.9463614/10.8283697"}}, {"type": "Feature", "geometry": {"type": "Point", "coordinates": [10.8079235, 59.9441773]}, "properties": {"id": 315369834, "feat_type": "way", "quality_categories": "older_than_five_years", "issue_ids": "[218]", "osm_url": "https://www.openstreetmap.org/way/315369834", "josm_url": "http://127.0.0.1:8111/load_object?new_layer=false&objects=w315369834", "id_url": "https://www.openstreetmap.org/edit?editor=id&way=315369834#map=20/59.9441773/10.8079235"}}, {"type": "Feature", "geometry": {"type": "Point", "coordinates": [10.8099923, 59.9460035]}, "properties": {"id": 315369837, "feat_type": "way", "quality_categories": "older_than_five_years", "issue_ids": "[218]", "osm_url": "https://www.openstreetmap.org/way/315369837", "josm_url": "http://127.0.0.1:8111/load_object?new_layer=false&objects=w315369837", "id_url": "https://www.openstreetmap.org/edit?editor=id&way=315369837#map=20/59.9460035/10.8099923"}}, {"type": "Feature", "geometry": {"type": "Point", "coordinates": [10.8377444, 59.9438771]}, "properties": {"id": 315369840, "feat_type": "way", "quality_categories": "older_than_five_years", "issue_ids": "[46]", "osm_url": "https://www.openstreetmap.org/way/315369840", "josm_url": "http://127.0.0.1:8111/load_object?new_layer=false&objects=w315369840", "id_url": "https://www.openstreetmap.org/edit?editor=id&way=315369840#map=20/59.9438771/10.8377444"}}, {"type": "Feature", "geometry": {"type": "Point", "coordinates": [10.8383538, 59.9431468]}, "properties": {"id": 315369844, "feat_type": "way", "quality_categories": "older_than_five_years", "issue_ids": "[46]", "osm_url": "https://www.openstreetmap.org/way/315369844", "josm_url": "http://127.0.0.1:8111/load_object?new_layer=false&objects=w315369844", "id_url": "https://www.openstreetmap.org/edit?editor=id&way=315369844#map=20/59.9431468/10.8383538"}}, {"type": "Feature", "geometry": {"type": "Point", "coordinates": [10.8366913, 59.9441763]}, "properties": {"id": 315369853, "feat_type": "way", "quality_categories": "older_than_five_years", "issue_ids": "[149]", "osm_url": "https://www.openstreetmap.org/way/315369853", "josm_url": "http://127.0.0.1:8111/load_object?new_layer=false&objects=w315369853", "id_url": "https://www.openstreetmap.org/edit?editor=id&way=315369853#map=20/59.9441763/10.8366913"}}, {"type": "Feature", "geometry": {"type": "Point", "coordinates": [10.7825061, 59.9362439]}, "properties": {"id": 315369912, "feat_type": "way", "quality_categories": "older_than_five_years", "issue_ids": "[19]", "osm_url": "https://www.openstreetmap.org/way/315369912", "josm_url": "http://127.0.0.1:8111/load_object?new_layer=false&objects=w315369912", "id_url": "https://www.openstreetmap.org/edit?editor=id&way=315369912#map=20/59.9362439/10.7825061"}}, {"type": "Feature", "geometry": {"type": "Point", "coordinates": [10.8246731, 59.94645]}, "properties": {"id": 315369914, "feat_type": "way", "quality_categories": "older_than_five_years", "issue_ids": "[46]", "osm_url": "https://www.openstreetmap.org/way/315369914", "josm_url": "http://127.0.0.1:8111/load_object?new_layer=false&objects=w315369914", "id_url": "https://www.openstreetmap.org/edit?editor=id&way=315369914#map=20/59.94645/10.8246731"}}, {"type": "Feature", "geometry": {"type": "Point", "coordinates": [10.8369305, 59.9435613]}, "properties": {"id": 315369931, "feat_type": "way", "quality_categories": "older_than_five_years", "issue_ids": "[46]", "osm_url": "https://www.openstreetmap.org/way/315369931", "josm_url": "http://127.0.0.1:8111/load_object?new_layer=false&objects=w315369931", "id_url": "https://www.openstreetmap.org/edit?editor=id&way=315369931#map=20/59.9435613/10.8369305"}}, {"type": "Feature", "geometry": {"type": "Point", "coordinates": [10.8367033, 59.9442113]}, "properties": {"id": 315369942, "feat_type": "way", "quality_categories": "older_than_five_years", "issue_ids": "[149]", "osm_url": "https://www.openstreetmap.org/way/315369942", "josm_url": "http://127.0.0.1:8111/load_object?new_layer=false&objects=w315369942", "id_url": "https://www.openstreetmap.org/edit?editor=id&way=315369942#map=20/59.9442113/10.8367033"}}, {"type": "Feature", "geometry": {"type": "Point", "coordinates": [10.8319584, 59.9444582]}, "properties": {"id": 315369946, "feat_type": "way", "quality_categories": "older_than_five_years", "issue_ids": "[149]", "osm_url": "https://www.openstreetmap.org/way/315369946", "josm_url": "http://127.0.0.1:8111/load_object?new_layer=false&objects=w315369946", "id_url": "https://www.openstreetmap.org/edit?editor=id&way=315369946#map=20/59.9444582/10.8319584"}}, {"type": "Feature", "geometry": {"type": "Point", "coordinates": [10.8234521, 59.9471917]}, "properties": {"id": 315369950, "feat_type": "way", "quality_categories": "missing_tags, older_than_five_years", "issue_ids": "[219, 4]", "osm_url": "https://www.openstreetmap.org/way/315369950", "josm_url": "http://127.0.0.1:8111/load_object?new_layer=false&objects=w315369950", "id_url": "https://www.openstreetmap.org/edit?editor=id&way=315369950#map=20/59.9471917/10.8234521"}}, {"type": "Feature", "geometry": {"type": "Point", "coordinates": [10.83718, 59.9432974]}, "properties": {"id": 315369953, "feat_type": "way", "quality_categories": "older_than_five_years", "issue_ids": "[46]", "osm_url": "https://www.openstreetmap.org/way/315369953", "josm_url": "http://127.0.0.1:8111/load_object?new_layer=false&objects=w315369953", "id_url": "https://www.openstreetmap.org/edit?editor=id&way=315369953#map=20/59.9432974/10.83718"}}, {"type": "Feature", "geometry": {"type": "Point", "coordinates": [10.8363411, 59.9444113]}, "properties": {"id": 315369954, "feat_type": "way", "quality_categories": "older_than_five_years", "issue_ids": "[149]", "osm_url": "https://www.openstreetmap.org/way/315369954", "josm_url": "http://127.0.0.1:8111/load_object?new_layer=false&objects=w315369954", "id_url": "https://www.openstreetmap.org/edit?editor=id&way=315369954#map=20/59.9444113/10.8363411"}}, {"type": "Feature", "geometry": {"type": "Point", "coordinates": [10.8370062, 59.9432383]}, "properties": {"id": 315369955, "feat_type": "way", "quality_categories": "older_than_five_years", "issue_ids": "[46]", "osm_url": "https://www.openstreetmap.org/way/315369955", "josm_url": "http://127.0.0.1:8111/load_object?new_layer=false&objects=w315369955", "id_url": "https://www.openstreetmap.org/edit?editor=id&way=315369955#map=20/59.9432383/10.8370062"}}, {"type": "Feature", "geometry": {"type": "Point", "coordinates": [10.8377524, 59.9446553]}, "properties": {"id": 315369957, "feat_type": "way", "quality_categories": "older_than_five_years", "issue_ids": "[149]", "osm_url": "https://www.openstreetmap.org/way/315369957", "josm_url": "http://127.0.0.1:8111/load_object?new_layer=false&objects=w315369957", "id_url": "https://www.openstreetmap.org/edit?editor=id&way=315369957#map=20/59.9446553/10.8377524"}}, {"type": "Feature", "geometry": {"type": "Point", "coordinates": [10.6999568, 59.91915]}, "properties": {"id": 317701809, "feat_type": "way", "quality_categories": "missing_tags, older_than_five_years", "issue_ids": "[220, 4]", "osm_url": "https://www.openstreetmap.org/way/317701809", "josm_url": "http://127.0.0.1:8111/load_object?new_layer=false&objects=w317701809", "id_url": "https://www.openstreetmap.org/edit?editor=id&way=317701809#map=20/59.91915/10.6999568"}}, {"type": "Feature", "geometry": {"type": "Point", "coordinates": [10.7084505, 59.9183533]}, "properties": {"id": 317943608, "feat_type": "way", "quality_categories": "older_than_five_years", "issue_ids": "[41]", "osm_url": "https://www.openstreetmap.org/way/317943608", "josm_url": "http://127.0.0.1:8111/load_object?new_layer=false&objects=w317943608", "id_url": "https://www.openstreetmap.org/edit?editor=id&way=317943608#map=20/59.9183533/10.7084505"}}, {"type": "Feature", "geometry": {"type": "Point", "coordinates": [10.6937251, 59.9349395]}, "properties": {"id": 318995456, "feat_type": "way", "quality_categories": "missing_tags, older_than_five_years", "issue_ids": "[221, 4]", "osm_url": "https://www.openstreetmap.org/way/318995456", "josm_url": "http://127.0.0.1:8111/load_object?new_layer=false&objects=w318995456", "id_url": "https://www.openstreetmap.org/edit?editor=id&way=318995456#map=20/59.9349395/10.6937251"}}, {"type": "Feature", "geometry": {"type": "Point", "coordinates": [10.6939377, 59.9348984]}, "properties": {"id": 318995459, "feat_type": "way", "quality_categories": "missing_tags, older_than_five_years", "issue_ids": "[221, 4]", "osm_url": "https://www.openstreetmap.org/way/318995459", "josm_url": "http://127.0.0.1:8111/load_object?new_layer=false&objects=w318995459", "id_url": "https://www.openstreetmap.org/edit?editor=id&way=318995459#map=20/59.9348984/10.6939377"}}, {"type": "Feature", "geometry": {"type": "Point", "coordinates": [10.7936707, 59.9223311]}, "properties": {"id": 319038275, "feat_type": "way", "quality_categories": "older_than_five_years", "issue_ids": "[222]", "osm_url": "https://www.openstreetmap.org/way/319038275", "josm_url": "http://127.0.0.1:8111/load_object?new_layer=false&objects=w319038275", "id_url": "https://www.openstreetmap.org/edit?editor=id&way=319038275#map=20/59.9223311/10.7936707"}}, {"type": "Feature", "geometry": {"type": "Point", "coordinates": [10.7936557, 59.9224368]}, "properties": {"id": 319038276, "feat_type": "way", "quality_categories": "older_than_five_years", "issue_ids": "[160]", "osm_url": "https://www.openstreetmap.org/way/319038276", "josm_url": "http://127.0.0.1:8111/load_object?new_layer=false&objects=w319038276", "id_url": "https://www.openstreetmap.org/edit?editor=id&way=319038276#map=20/59.9224368/10.7936557"}}, {"type": "Feature", "geometry": {"type": "Point", "coordinates": [10.7986578, 59.9186368]}, "properties": {"id": 319038277, "feat_type": "way", "quality_categories": "older_than_five_years", "issue_ids": "[7]", "osm_url": "https://www.openstreetmap.org/way/319038277", "josm_url": "http://127.0.0.1:8111/load_object?new_layer=false&objects=w319038277", "id_url": "https://www.openstreetmap.org/edit?editor=id&way=319038277#map=20/59.9186368/10.7986578"}}, {"type": "Feature", "geometry": {"type": "Point", "coordinates": [10.7958353, 59.9171567]}, "properties": {"id": 319038284, "feat_type": "way", "quality_categories": "older_than_five_years", "issue_ids": "[223]", "osm_url": "https://www.openstreetmap.org/way/319038284", "josm_url": "http://127.0.0.1:8111/load_object?new_layer=false&objects=w319038284", "id_url": "https://www.openstreetmap.org/edit?editor=id&way=319038284#map=20/59.9171567/10.7958353"}}, {"type": "Feature", "geometry": {"type": "Point", "coordinates": [10.784133, 59.9209746]}, "properties": {"id": 319038285, "feat_type": "way", "quality_categories": "older_than_five_years", "issue_ids": "[224]", "osm_url": "https://www.openstreetmap.org/way/319038285", "josm_url": "http://127.0.0.1:8111/load_object?new_layer=false&objects=w319038285", "id_url": "https://www.openstreetmap.org/edit?editor=id&way=319038285#map=20/59.9209746/10.784133"}}, {"type": "Feature", "geometry": {"type": "Point", "coordinates": [10.7956007, 59.9185]}, "properties": {"id": 319038286, "feat_type": "way", "quality_categories": "older_than_five_years", "issue_ids": "[223]", "osm_url": "https://www.openstreetmap.org/way/319038286", "josm_url": "http://127.0.0.1:8111/load_object?new_layer=false&objects=w319038286", "id_url": "https://www.openstreetmap.org/edit?editor=id&way=319038286#map=20/59.9185/10.7956007"}}, {"type": "Feature", "geometry": {"type": "Point", "coordinates": [10.7898811, 59.9243588]}, "properties": {"id": 319038309, "feat_type": "way", "quality_categories": "older_than_five_years", "issue_ids": "[160]", "osm_url": "https://www.openstreetmap.org/way/319038309", "josm_url": "http://127.0.0.1:8111/load_object?new_layer=false&objects=w319038309", "id_url": "https://www.openstreetmap.org/edit?editor=id&way=319038309#map=20/59.9243588/10.7898811"}}, {"type": "Feature", "geometry": {"type": "Point", "coordinates": [10.7742896, 59.9295429]}, "properties": {"id": 319142178, "feat_type": "way", "quality_categories": "older_than_five_years", "issue_ids": "[145]", "osm_url": "https://www.openstreetmap.org/way/319142178", "josm_url": "http://127.0.0.1:8111/load_object?new_layer=false&objects=w319142178", "id_url": "https://www.openstreetmap.org/edit?editor=id&way=319142178#map=20/59.9295429/10.7742896"}}, {"type": "Feature", "geometry": {"type": "Point", "coordinates": [10.7665704, 59.9280227]}, "properties": {"id": 319142193, "feat_type": "way", "quality_categories": "older_than_five_years", "issue_ids": "[225]", "osm_url": "https://www.openstreetmap.org/way/319142193", "josm_url": "http://127.0.0.1:8111/load_object?new_layer=false&objects=w319142193", "id_url": "https://www.openstreetmap.org/edit?editor=id&way=319142193#map=20/59.9280227/10.7665704"}}, {"type": "Feature", "geometry": {"type": "Point", "coordinates": [10.7601321, 59.9328674]}, "properties": {"id": 319336711, "feat_type": "way", "quality_categories": "older_than_five_years", "issue_ids": "[49]", "osm_url": "https://www.openstreetmap.org/way/319336711", "josm_url": "http://127.0.0.1:8111/load_object?new_layer=false&objects=w319336711", "id_url": "https://www.openstreetmap.org/edit?editor=id&way=319336711#map=20/59.9328674/10.7601321"}}, {"type": "Feature", "geometry": {"type": "Point", "coordinates": [10.7560726, 59.9341298]}, "properties": {"id": 319336731, "feat_type": "way", "quality_categories": "older_than_five_years", "issue_ids": "[49]", "osm_url": "https://www.openstreetmap.org/way/319336731", "josm_url": "http://127.0.0.1:8111/load_object?new_layer=false&objects=w319336731", "id_url": "https://www.openstreetmap.org/edit?editor=id&way=319336731#map=20/59.9341298/10.7560726"}}, {"type": "Feature", "geometry": {"type": "Point", "coordinates": [10.7291674, 59.934088]}, "properties": {"id": 319426255, "feat_type": "way", "quality_categories": "older_than_five_years", "issue_ids": "[49]", "osm_url": "https://www.openstreetmap.org/way/319426255", "josm_url": "http://127.0.0.1:8111/load_object?new_layer=false&objects=w319426255", "id_url": "https://www.openstreetmap.org/edit?editor=id&way=319426255#map=20/59.934088/10.7291674"}}, {"type": "Feature", "geometry": {"type": "Point", "coordinates": [10.6407759, 59.9618484]}, "properties": {"id": 320091838, "feat_type": "way", "quality_categories": "older_than_five_years", "issue_ids": "[51]", "osm_url": "https://www.openstreetmap.org/way/320091838", "josm_url": "http://127.0.0.1:8111/load_object?new_layer=false&objects=w320091838", "id_url": "https://www.openstreetmap.org/edit?editor=id&way=320091838#map=20/59.9618484/10.6407759"}}, {"type": "Feature", "geometry": {"type": "Point", "coordinates": [10.6417154, 59.9577553]}, "properties": {"id": 320091867, "feat_type": "way", "quality_categories": "missing_tags, older_than_five_years", "issue_ids": "[226, 4]", "osm_url": "https://www.openstreetmap.org/way/320091867", "josm_url": "http://127.0.0.1:8111/load_object?new_layer=false&objects=w320091867", "id_url": "https://www.openstreetmap.org/edit?editor=id&way=320091867#map=20/59.9577553/10.6417154"}}, {"type": "Feature", "geometry": {"type": "Point", "coordinates": [10.6446264, 59.9503091]}, "properties": {"id": 320091880, "feat_type": "way", "quality_categories": "missing_tags, older_than_five_years", "issue_ids": "[226, 4]", "osm_url": "https://www.openstreetmap.org/way/320091880", "josm_url": "http://127.0.0.1:8111/load_object?new_layer=false&objects=w320091880", "id_url": "https://www.openstreetmap.org/edit?editor=id&way=320091880#map=20/59.9503091/10.6446264"}}, {"type": "Feature", "geometry": {"type": "Point", "coordinates": [10.6440606, 59.971035]}, "properties": {"id": 320512881, "feat_type": "way", "quality_categories": "missing_tags, older_than_five_years", "issue_ids": "[227, 4]", "osm_url": "https://www.openstreetmap.org/way/320512881", "josm_url": "http://127.0.0.1:8111/load_object?new_layer=false&objects=w320512881", "id_url": "https://www.openstreetmap.org/edit?editor=id&way=320512881#map=20/59.971035/10.6440606"}}, {"type": "Feature", "geometry": {"type": "Point", "coordinates": [10.7826532, 59.9051147]}, "properties": {"id": 320528998, "feat_type": "way", "quality_categories": "older_than_five_years", "issue_ids": "[124]", "osm_url": "https://www.openstreetmap.org/way/320528998", "josm_url": "http://127.0.0.1:8111/load_object?new_layer=false&objects=w320528998", "id_url": "https://www.openstreetmap.org/edit?editor=id&way=320528998#map=20/59.9051147/10.7826532"}}, {"type": "Feature", "geometry": {"type": "Point", "coordinates": [10.784835, 59.904781]}, "properties": {"id": 320529008, "feat_type": "way", "quality_categories": "older_than_five_years", "issue_ids": "[228]", "osm_url": "https://www.openstreetmap.org/way/320529008", "josm_url": "http://127.0.0.1:8111/load_object?new_layer=false&objects=w320529008", "id_url": "https://www.openstreetmap.org/edit?editor=id&way=320529008#map=20/59.904781/10.784835"}}, {"type": "Feature", "geometry": {"type": "Point", "coordinates": [10.7697922, 59.9051123]}, "properties": {"id": 320529009, "feat_type": "way", "quality_categories": "older_than_five_years", "issue_ids": "[229]", "osm_url": "https://www.openstreetmap.org/way/320529009", "josm_url": "http://127.0.0.1:8111/load_object?new_layer=false&objects=w320529009", "id_url": "https://www.openstreetmap.org/edit?editor=id&way=320529009#map=20/59.9051123/10.7697922"}}, {"type": "Feature", "geometry": {"type": "Point", "coordinates": [10.7722399, 59.9067297]}, "properties": {"id": 320529011, "feat_type": "way", "quality_categories": "older_than_five_years", "issue_ids": "[230]", "osm_url": "https://www.openstreetmap.org/way/320529011", "josm_url": "http://127.0.0.1:8111/load_object?new_layer=false&objects=w320529011", "id_url": "https://www.openstreetmap.org/edit?editor=id&way=320529011#map=20/59.9067297/10.7722399"}}, {"type": "Feature", "geometry": {"type": "Point", "coordinates": [10.7227933, 59.9215124]}, "properties": {"id": 320841823, "feat_type": "way", "quality_categories": "older_than_five_years", "issue_ids": "[104]", "osm_url": "https://www.openstreetmap.org/way/320841823", "josm_url": "http://127.0.0.1:8111/load_object?new_layer=false&objects=w320841823", "id_url": "https://www.openstreetmap.org/edit?editor=id&way=320841823#map=20/59.9215124/10.7227933"}}, {"type": "Feature", "geometry": {"type": "Point", "coordinates": [10.7786689, 59.8480565]}, "properties": {"id": 330719788, "feat_type": "way", "quality_categories": "older_than_five_years", "issue_ids": "[211]", "osm_url": "https://www.openstreetmap.org/way/330719788", "josm_url": "http://127.0.0.1:8111/load_object?new_layer=false&objects=w330719788", "id_url": "https://www.openstreetmap.org/edit?editor=id&way=330719788#map=20/59.8480565/10.7786689"}}, {"type": "Feature", "geometry": {"type": "Point", "coordinates": [10.7726443, 59.8812163]}, "properties": {"id": 331994220, "feat_type": "way", "quality_categories": "missing_tags, older_than_five_years", "issue_ids": "[231, 4]", "osm_url": "https://www.openstreetmap.org/way/331994220", "josm_url": "http://127.0.0.1:8111/load_object?new_layer=false&objects=w331994220", "id_url": "https://www.openstreetmap.org/edit?editor=id&way=331994220#map=20/59.8812163/10.7726443"}}, {"type": "Feature", "geometry": {"type": "Point", "coordinates": [10.7736106, 59.8808119]}, "properties": {"id": 331994225, "feat_type": "way", "quality_categories": "older_than_five_years", "issue_ids": "[158]", "osm_url": "https://www.openstreetmap.org/way/331994225", "josm_url": "http://127.0.0.1:8111/load_object?new_layer=false&objects=w331994225", "id_url": "https://www.openstreetmap.org/edit?editor=id&way=331994225#map=20/59.8808119/10.7736106"}}, {"type": "Feature", "geometry": {"type": "Point", "coordinates": [10.7793292, 59.8733627]}, "properties": {"id": 331994230, "feat_type": "way", "quality_categories": "missing_tags, older_than_five_years", "issue_ids": "[231, 4]", "osm_url": "https://www.openstreetmap.org/way/331994230", "josm_url": "http://127.0.0.1:8111/load_object?new_layer=false&objects=w331994230", "id_url": "https://www.openstreetmap.org/edit?editor=id&way=331994230#map=20/59.8733627/10.7793292"}}, {"type": "Feature", "geometry": {"type": "Point", "coordinates": [10.7068155, 59.9206999]}, "properties": {"id": 333666936, "feat_type": "way", "quality_categories": "older_than_five_years", "issue_ids": "[41]", "osm_url": "https://www.openstreetmap.org/way/333666936", "josm_url": "http://127.0.0.1:8111/load_object?new_layer=false&objects=w333666936", "id_url": "https://www.openstreetmap.org/edit?editor=id&way=333666936#map=20/59.9206999/10.7068155"}}, {"type": "Feature", "geometry": {"type": "Point", "coordinates": [10.7061611, 59.9207483]}, "properties": {"id": 333666939, "feat_type": "way", "quality_categories": "older_than_five_years", "issue_ids": "[41]", "osm_url": "https://www.openstreetmap.org/way/333666939", "josm_url": "http://127.0.0.1:8111/load_object?new_layer=false&objects=w333666939", "id_url": "https://www.openstreetmap.org/edit?editor=id&way=333666939#map=20/59.9207483/10.7061611"}}, {"type": "Feature", "geometry": {"type": "Point", "coordinates": [10.7340428, 59.9191077]}, "properties": {"id": 333858650, "feat_type": "way", "quality_categories": "older_than_five_years", "issue_ids": "[19]", "osm_url": "https://www.openstreetmap.org/way/333858650", "josm_url": "http://127.0.0.1:8111/load_object?new_layer=false&objects=w333858650", "id_url": "https://www.openstreetmap.org/edit?editor=id&way=333858650#map=20/59.9191077/10.7340428"}}, {"type": "Feature", "geometry": {"type": "Point", "coordinates": [10.7327208, 59.9203036]}, "properties": {"id": 333858658, "feat_type": "way", "quality_categories": "older_than_five_years", "issue_ids": "[19]", "osm_url": "https://www.openstreetmap.org/way/333858658", "josm_url": "http://127.0.0.1:8111/load_object?new_layer=false&objects=w333858658", "id_url": "https://www.openstreetmap.org/edit?editor=id&way=333858658#map=20/59.9203036/10.7327208"}}, {"type": "Feature", "geometry": {"type": "Point", "coordinates": [10.7300824, 59.9215943]}, "properties": {"id": 333858659, "feat_type": "way", "quality_categories": "older_than_five_years", "issue_ids": "[19]", "osm_url": "https://www.openstreetmap.org/way/333858659", "josm_url": "http://127.0.0.1:8111/load_object?new_layer=false&objects=w333858659", "id_url": "https://www.openstreetmap.org/edit?editor=id&way=333858659#map=20/59.9215943/10.7300824"}}, {"type": "Feature", "geometry": {"type": "Point", "coordinates": [10.7266607, 59.9225883]}, "properties": {"id": 333887746, "feat_type": "way", "quality_categories": "older_than_five_years", "issue_ids": "[19]", "osm_url": "https://www.openstreetmap.org/way/333887746", "josm_url": "http://127.0.0.1:8111/load_object?new_layer=false&objects=w333887746", "id_url": "https://www.openstreetmap.org/edit?editor=id&way=333887746#map=20/59.9225883/10.7266607"}}, {"type": "Feature", "geometry": {"type": "Point", "coordinates": [10.7203474, 59.9268624]}, "properties": {"id": 334100479, "feat_type": "way", "quality_categories": "older_than_five_years", "issue_ids": "[24]", "osm_url": "https://www.openstreetmap.org/way/334100479", "josm_url": "http://127.0.0.1:8111/load_object?new_layer=false&objects=w334100479", "id_url": "https://www.openstreetmap.org/edit?editor=id&way=334100479#map=20/59.9268624/10.7203474"}}, {"type": "Feature", "geometry": {"type": "Point", "coordinates": [10.7217989, 59.9261198]}, "properties": {"id": 334100483, "feat_type": "way", "quality_categories": "older_than_five_years", "issue_ids": "[24]", "osm_url": "https://www.openstreetmap.org/way/334100483", "josm_url": "http://127.0.0.1:8111/load_object?new_layer=false&objects=w334100483", "id_url": "https://www.openstreetmap.org/edit?editor=id&way=334100483#map=20/59.9261198/10.7217989"}}, {"type": "Feature", "geometry": {"type": "Point", "coordinates": [10.7198428, 59.9271224]}, "properties": {"id": 334100485, "feat_type": "way", "quality_categories": "older_than_five_years", "issue_ids": "[24]", "osm_url": "https://www.openstreetmap.org/way/334100485", "josm_url": "http://127.0.0.1:8111/load_object?new_layer=false&objects=w334100485", "id_url": "https://www.openstreetmap.org/edit?editor=id&way=334100485#map=20/59.9271224/10.7198428"}}, {"type": "Feature", "geometry": {"type": "Point", "coordinates": [10.7343988, 59.9318485]}, "properties": {"id": 334205483, "feat_type": "way", "quality_categories": "older_than_five_years", "issue_ids": "[104]", "osm_url": "https://www.openstreetmap.org/way/334205483", "josm_url": "http://127.0.0.1:8111/load_object?new_layer=false&objects=w334205483", "id_url": "https://www.openstreetmap.org/edit?editor=id&way=334205483#map=20/59.9318485/10.7343988"}}, {"type": "Feature", "geometry": {"type": "Point", "coordinates": [10.7349865, 59.934256]}, "properties": {"id": 334205484, "feat_type": "way", "quality_categories": "older_than_five_years", "issue_ids": "[37]", "osm_url": "https://www.openstreetmap.org/way/334205484", "josm_url": "http://127.0.0.1:8111/load_object?new_layer=false&objects=w334205484", "id_url": "https://www.openstreetmap.org/edit?editor=id&way=334205484#map=20/59.934256/10.7349865"}}, {"type": "Feature", "geometry": {"type": "Point", "coordinates": [10.7341309, 59.9318011]}, "properties": {"id": 334205486, "feat_type": "way", "quality_categories": "older_than_five_years", "issue_ids": "[104]", "osm_url": "https://www.openstreetmap.org/way/334205486", "josm_url": "http://127.0.0.1:8111/load_object?new_layer=false&objects=w334205486", "id_url": "https://www.openstreetmap.org/edit?editor=id&way=334205486#map=20/59.9318011/10.7341309"}}, {"type": "Feature", "geometry": {"type": "Point", "coordinates": [10.7346618, 59.9322369]}, "properties": {"id": 334205488, "feat_type": "way", "quality_categories": "older_than_five_years", "issue_ids": "[104]", "osm_url": "https://www.openstreetmap.org/way/334205488", "josm_url": "http://127.0.0.1:8111/load_object?new_layer=false&objects=w334205488", "id_url": "https://www.openstreetmap.org/edit?editor=id&way=334205488#map=20/59.9322369/10.7346618"}}, {"type": "Feature", "geometry": {"type": "Point", "coordinates": [10.7341281, 59.9345392]}, "properties": {"id": 334205489, "feat_type": "way", "quality_categories": "older_than_five_years", "issue_ids": "[37]", "osm_url": "https://www.openstreetmap.org/way/334205489", "josm_url": "http://127.0.0.1:8111/load_object?new_layer=false&objects=w334205489", "id_url": "https://www.openstreetmap.org/edit?editor=id&way=334205489#map=20/59.9345392/10.7341281"}}, {"type": "Feature", "geometry": {"type": "Point", "coordinates": [10.7335419, 59.9335525]}, "properties": {"id": 334205491, "feat_type": "way", "quality_categories": "older_than_five_years", "issue_ids": "[70]", "osm_url": "https://www.openstreetmap.org/way/334205491", "josm_url": "http://127.0.0.1:8111/load_object?new_layer=false&objects=w334205491", "id_url": "https://www.openstreetmap.org/edit?editor=id&way=334205491#map=20/59.9335525/10.7335419"}}, {"type": "Feature", "geometry": {"type": "Point", "coordinates": [10.7324503, 59.9189488]}, "properties": {"id": 334216026, "feat_type": "way", "quality_categories": "older_than_five_years", "issue_ids": "[19]", "osm_url": "https://www.openstreetmap.org/way/334216026", "josm_url": "http://127.0.0.1:8111/load_object?new_layer=false&objects=w334216026", "id_url": "https://www.openstreetmap.org/edit?editor=id&way=334216026#map=20/59.9189488/10.7324503"}}, {"type": "Feature", "geometry": {"type": "Point", "coordinates": [10.7312743, 59.926142]}, "properties": {"id": 334373009, "feat_type": "way", "quality_categories": "older_than_five_years", "issue_ids": "[71]", "osm_url": "https://www.openstreetmap.org/way/334373009", "josm_url": "http://127.0.0.1:8111/load_object?new_layer=false&objects=w334373009", "id_url": "https://www.openstreetmap.org/edit?editor=id&way=334373009#map=20/59.926142/10.7312743"}}, {"type": "Feature", "geometry": {"type": "Point", "coordinates": [10.7310843, 59.9257887]}, "properties": {"id": 334373014, "feat_type": "way", "quality_categories": "older_than_five_years", "issue_ids": "[24]", "osm_url": "https://www.openstreetmap.org/way/334373014", "josm_url": "http://127.0.0.1:8111/load_object?new_layer=false&objects=w334373014", "id_url": "https://www.openstreetmap.org/edit?editor=id&way=334373014#map=20/59.9257887/10.7310843"}}, {"type": "Feature", "geometry": {"type": "Point", "coordinates": [10.730898, 59.9258215]}, "properties": {"id": 334373018, "feat_type": "way", "quality_categories": "older_than_five_years", "issue_ids": "[24]", "osm_url": "https://www.openstreetmap.org/way/334373018", "josm_url": "http://127.0.0.1:8111/load_object?new_layer=false&objects=w334373018", "id_url": "https://www.openstreetmap.org/edit?editor=id&way=334373018#map=20/59.9258215/10.730898"}}, {"type": "Feature", "geometry": {"type": "Point", "coordinates": [10.7330287, 59.9294124]}, "properties": {"id": 334382287, "feat_type": "way", "quality_categories": "older_than_five_years", "issue_ids": "[19]", "osm_url": "https://www.openstreetmap.org/way/334382287", "josm_url": "http://127.0.0.1:8111/load_object?new_layer=false&objects=w334382287", "id_url": "https://www.openstreetmap.org/edit?editor=id&way=334382287#map=20/59.9294124/10.7330287"}}, {"type": "Feature", "geometry": {"type": "Point", "coordinates": [10.7331932, 59.929706]}, "properties": {"id": 334382290, "feat_type": "way", "quality_categories": "older_than_five_years", "issue_ids": "[19]", "osm_url": "https://www.openstreetmap.org/way/334382290", "josm_url": "http://127.0.0.1:8111/load_object?new_layer=false&objects=w334382290", "id_url": "https://www.openstreetmap.org/edit?editor=id&way=334382290#map=20/59.929706/10.7331932"}}, {"type": "Feature", "geometry": {"type": "Point", "coordinates": [10.7372172, 59.9185532]}, "properties": {"id": 335019054, "feat_type": "way", "quality_categories": "older_than_five_years", "issue_ids": "[19]", "osm_url": "https://www.openstreetmap.org/way/335019054", "josm_url": "http://127.0.0.1:8111/load_object?new_layer=false&objects=w335019054", "id_url": "https://www.openstreetmap.org/edit?editor=id&way=335019054#map=20/59.9185532/10.7372172"}}, {"type": "Feature", "geometry": {"type": "Point", "coordinates": [10.7091627, 59.9451161]}, "properties": {"id": 335254653, "feat_type": "way", "quality_categories": "older_than_five_years", "issue_ids": "[74]", "osm_url": "https://www.openstreetmap.org/way/335254653", "josm_url": "http://127.0.0.1:8111/load_object?new_layer=false&objects=w335254653", "id_url": "https://www.openstreetmap.org/edit?editor=id&way=335254653#map=20/59.9451161/10.7091627"}}, {"type": "Feature", "geometry": {"type": "Point", "coordinates": [10.7087011, 59.936344]}, "properties": {"id": 335265404, "feat_type": "way", "quality_categories": "older_than_five_years", "issue_ids": "[232]", "osm_url": "https://www.openstreetmap.org/way/335265404", "josm_url": "http://127.0.0.1:8111/load_object?new_layer=false&objects=w335265404", "id_url": "https://www.openstreetmap.org/edit?editor=id&way=335265404#map=20/59.936344/10.7087011"}}, {"type": "Feature", "geometry": {"type": "Point", "coordinates": [10.7076741, 59.9366377]}, "properties": {"id": 335265405, "feat_type": "way", "quality_categories": "older_than_five_years", "issue_ids": "[102]", "osm_url": "https://www.openstreetmap.org/way/335265405", "josm_url": "http://127.0.0.1:8111/load_object?new_layer=false&objects=w335265405", "id_url": "https://www.openstreetmap.org/edit?editor=id&way=335265405#map=20/59.9366377/10.7076741"}}, {"type": "Feature", "geometry": {"type": "Point", "coordinates": [10.8429082, 59.8745997]}, "properties": {"id": 335805339, "feat_type": "way", "quality_categories": "missing_tags, older_than_five_years", "issue_ids": "[203, 4]", "osm_url": "https://www.openstreetmap.org/way/335805339", "josm_url": "http://127.0.0.1:8111/load_object?new_layer=false&objects=w335805339", "id_url": "https://www.openstreetmap.org/edit?editor=id&way=335805339#map=20/59.8745997/10.8429082"}}, {"type": "Feature", "geometry": {"type": "Point", "coordinates": [10.8437166, 59.8748099]}, "properties": {"id": 335805401, "feat_type": "way", "quality_categories": "missing_tags, older_than_five_years", "issue_ids": "[233, 4]", "osm_url": "https://www.openstreetmap.org/way/335805401", "josm_url": "http://127.0.0.1:8111/load_object?new_layer=false&objects=w335805401", "id_url": "https://www.openstreetmap.org/edit?editor=id&way=335805401#map=20/59.8748099/10.8437166"}}, {"type": "Feature", "geometry": {"type": "Point", "coordinates": [10.8459551, 59.8735411]}, "properties": {"id": 335805406, "feat_type": "way", "quality_categories": "missing_tags, older_than_five_years", "issue_ids": "[203, 4]", "osm_url": "https://www.openstreetmap.org/way/335805406", "josm_url": "http://127.0.0.1:8111/load_object?new_layer=false&objects=w335805406", "id_url": "https://www.openstreetmap.org/edit?editor=id&way=335805406#map=20/59.8735411/10.8459551"}}, {"type": "Feature", "geometry": {"type": "Point", "coordinates": [10.8443396, 59.8680155]}, "properties": {"id": 335811921, "feat_type": "way", "quality_categories": "missing_tags, older_than_five_years", "issue_ids": "[234, 4]", "osm_url": "https://www.openstreetmap.org/way/335811921", "josm_url": "http://127.0.0.1:8111/load_object?new_layer=false&objects=w335811921", "id_url": "https://www.openstreetmap.org/edit?editor=id&way=335811921#map=20/59.8680155/10.8443396"}}, {"type": "Feature", "geometry": {"type": "Point", "coordinates": [10.8464348, 59.8693991]}, "properties": {"id": 335811925, "feat_type": "way", "quality_categories": "missing_tags, older_than_five_years", "issue_ids": "[235, 4]", "osm_url": "https://www.openstreetmap.org/way/335811925", "josm_url": "http://127.0.0.1:8111/load_object?new_layer=false&objects=w335811925", "id_url": "https://www.openstreetmap.org/edit?editor=id&way=335811925#map=20/59.8693991/10.8464348"}}, {"type": "Feature", "geometry": {"type": "Point", "coordinates": [10.8460429, 59.8692222]}, "properties": {"id": 335811927, "feat_type": "way", "quality_categories": "missing_tags, older_than_five_years", "issue_ids": "[200, 4]", "osm_url": "https://www.openstreetmap.org/way/335811927", "josm_url": "http://127.0.0.1:8111/load_object?new_layer=false&objects=w335811927", "id_url": "https://www.openstreetmap.org/edit?editor=id&way=335811927#map=20/59.8692222/10.8460429"}}, {"type": "Feature", "geometry": {"type": "Point", "coordinates": [10.8457744, 59.8687791]}, "properties": {"id": 335811935, "feat_type": "way", "quality_categories": "older_than_five_years", "issue_ids": "[210]", "osm_url": "https://www.openstreetmap.org/way/335811935", "josm_url": "http://127.0.0.1:8111/load_object?new_layer=false&objects=w335811935", "id_url": "https://www.openstreetmap.org/edit?editor=id&way=335811935#map=20/59.8687791/10.8457744"}}, {"type": "Feature", "geometry": {"type": "Point", "coordinates": [10.7326887, 59.9470941]}, "properties": {"id": 335903178, "feat_type": "way", "quality_categories": "older_than_five_years", "issue_ids": "[10]", "osm_url": "https://www.openstreetmap.org/way/335903178", "josm_url": "http://127.0.0.1:8111/load_object?new_layer=false&objects=w335903178", "id_url": "https://www.openstreetmap.org/edit?editor=id&way=335903178#map=20/59.9470941/10.7326887"}}, {"type": "Feature", "geometry": {"type": "Point", "coordinates": [10.7328971, 59.9471237]}, "properties": {"id": 335903180, "feat_type": "way", "quality_categories": "older_than_five_years", "issue_ids": "[10]", "osm_url": "https://www.openstreetmap.org/way/335903180", "josm_url": "http://127.0.0.1:8111/load_object?new_layer=false&objects=w335903180", "id_url": "https://www.openstreetmap.org/edit?editor=id&way=335903180#map=20/59.9471237/10.7328971"}}, {"type": "Feature", "geometry": {"type": "Point", "coordinates": [10.7330018, 59.9471252]}, "properties": {"id": 335903181, "feat_type": "way", "quality_categories": "older_than_five_years", "issue_ids": "[10]", "osm_url": "https://www.openstreetmap.org/way/335903181", "josm_url": "http://127.0.0.1:8111/load_object?new_layer=false&objects=w335903181", "id_url": "https://www.openstreetmap.org/edit?editor=id&way=335903181#map=20/59.9471252/10.7330018"}}, {"type": "Feature", "geometry": {"type": "Point", "coordinates": [10.7380645, 59.9237158]}, "properties": {"id": 337052892, "feat_type": "way", "quality_categories": "older_than_five_years", "issue_ids": "[236]", "osm_url": "https://www.openstreetmap.org/way/337052892", "josm_url": "http://127.0.0.1:8111/load_object?new_layer=false&objects=w337052892", "id_url": "https://www.openstreetmap.org/edit?editor=id&way=337052892#map=20/59.9237158/10.7380645"}}, {"type": "Feature", "geometry": {"type": "Point", "coordinates": [10.7361781, 59.92397]}, "properties": {"id": 337052903, "feat_type": "way", "quality_categories": "older_than_five_years", "issue_ids": "[26]", "osm_url": "https://www.openstreetmap.org/way/337052903", "josm_url": "http://127.0.0.1:8111/load_object?new_layer=false&objects=w337052903", "id_url": "https://www.openstreetmap.org/edit?editor=id&way=337052903#map=20/59.92397/10.7361781"}}, {"type": "Feature", "geometry": {"type": "Point", "coordinates": [10.7384076, 59.9227064]}, "properties": {"id": 337052908, "feat_type": "way", "quality_categories": "older_than_five_years", "issue_ids": "[237]", "osm_url": "https://www.openstreetmap.org/way/337052908", "josm_url": "http://127.0.0.1:8111/load_object?new_layer=false&objects=w337052908", "id_url": "https://www.openstreetmap.org/edit?editor=id&way=337052908#map=20/59.9227064/10.7384076"}}, {"type": "Feature", "geometry": {"type": "Point", "coordinates": [10.7388546, 59.9227529]}, "properties": {"id": 337052932, "feat_type": "way", "quality_categories": "older_than_five_years", "issue_ids": "[38]", "osm_url": "https://www.openstreetmap.org/way/337052932", "josm_url": "http://127.0.0.1:8111/load_object?new_layer=false&objects=w337052932", "id_url": "https://www.openstreetmap.org/edit?editor=id&way=337052932#map=20/59.9227529/10.7388546"}}, {"type": "Feature", "geometry": {"type": "Point", "coordinates": [10.7537615, 59.92936]}, "properties": {"id": 337073155, "feat_type": "way", "quality_categories": "older_than_five_years", "issue_ids": "[49]", "osm_url": "https://www.openstreetmap.org/way/337073155", "josm_url": "http://127.0.0.1:8111/load_object?new_layer=false&objects=w337073155", "id_url": "https://www.openstreetmap.org/edit?editor=id&way=337073155#map=20/59.92936/10.7537615"}}, {"type": "Feature", "geometry": {"type": "Point", "coordinates": [10.76092, 59.9284113]}, "properties": {"id": 337073159, "feat_type": "way", "quality_categories": "older_than_five_years", "issue_ids": "[95]", "osm_url": "https://www.openstreetmap.org/way/337073159", "josm_url": "http://127.0.0.1:8111/load_object?new_layer=false&objects=w337073159", "id_url": "https://www.openstreetmap.org/edit?editor=id&way=337073159#map=20/59.9284113/10.76092"}}, {"type": "Feature", "geometry": {"type": "Point", "coordinates": [10.7548001, 59.9283063]}, "properties": {"id": 337073160, "feat_type": "way", "quality_categories": "older_than_five_years", "issue_ids": "[213]", "osm_url": "https://www.openstreetmap.org/way/337073160", "josm_url": "http://127.0.0.1:8111/load_object?new_layer=false&objects=w337073160", "id_url": "https://www.openstreetmap.org/edit?editor=id&way=337073160#map=20/59.9283063/10.7548001"}}, {"type": "Feature", "geometry": {"type": "Point", "coordinates": [10.7588879, 59.9281211]}, "properties": {"id": 337073192, "feat_type": "way", "quality_categories": "older_than_five_years", "issue_ids": "[237]", "osm_url": "https://www.openstreetmap.org/way/337073192", "josm_url": "http://127.0.0.1:8111/load_object?new_layer=false&objects=w337073192", "id_url": "https://www.openstreetmap.org/edit?editor=id&way=337073192#map=20/59.9281211/10.7588879"}}, {"type": "Feature", "geometry": {"type": "Point", "coordinates": [10.7647436, 59.9286258]}, "properties": {"id": 337379133, "feat_type": "way", "quality_categories": "older_than_five_years", "issue_ids": "[37]", "osm_url": "https://www.openstreetmap.org/way/337379133", "josm_url": "http://127.0.0.1:8111/load_object?new_layer=false&objects=w337379133", "id_url": "https://www.openstreetmap.org/edit?editor=id&way=337379133#map=20/59.9286258/10.7647436"}}, {"type": "Feature", "geometry": {"type": "Point", "coordinates": [10.8871405, 59.9596824]}, "properties": {"id": 337631565, "feat_type": "way", "quality_categories": "older_than_five_years", "issue_ids": "[14]", "osm_url": "https://www.openstreetmap.org/way/337631565", "josm_url": "http://127.0.0.1:8111/load_object?new_layer=false&objects=w337631565", "id_url": "https://www.openstreetmap.org/edit?editor=id&way=337631565#map=20/59.9596824/10.8871405"}}, {"type": "Feature", "geometry": {"type": "Point", "coordinates": [10.7221156, 59.9095164]}, "properties": {"id": 337670718, "feat_type": "way", "quality_categories": "older_than_five_years", "issue_ids": "[238]", "osm_url": "https://www.openstreetmap.org/way/337670718", "josm_url": "http://127.0.0.1:8111/load_object?new_layer=false&objects=w337670718", "id_url": "https://www.openstreetmap.org/edit?editor=id&way=337670718#map=20/59.9095164/10.7221156"}}, {"type": "Feature", "geometry": {"type": "Point", "coordinates": [10.7223257, 59.9098437]}, "properties": {"id": 337670719, "feat_type": "way", "quality_categories": "older_than_five_years", "issue_ids": "[33]", "osm_url": "https://www.openstreetmap.org/way/337670719", "josm_url": "http://127.0.0.1:8111/load_object?new_layer=false&objects=w337670719", "id_url": "https://www.openstreetmap.org/edit?editor=id&way=337670719#map=20/59.9098437/10.7223257"}}, {"type": "Feature", "geometry": {"type": "Point", "coordinates": [10.7050109, 59.9210903]}, "properties": {"id": 337816190, "feat_type": "way", "quality_categories": "older_than_five_years", "issue_ids": "[41]", "osm_url": "https://www.openstreetmap.org/way/337816190", "josm_url": "http://127.0.0.1:8111/load_object?new_layer=false&objects=w337816190", "id_url": "https://www.openstreetmap.org/edit?editor=id&way=337816190#map=20/59.9210903/10.7050109"}}, {"type": "Feature", "geometry": {"type": "Point", "coordinates": [10.7044196, 59.9198825]}, "properties": {"id": 337816191, "feat_type": "way", "quality_categories": "older_than_five_years", "issue_ids": "[41]", "osm_url": "https://www.openstreetmap.org/way/337816191", "josm_url": "http://127.0.0.1:8111/load_object?new_layer=false&objects=w337816191", "id_url": "https://www.openstreetmap.org/edit?editor=id&way=337816191#map=20/59.9198825/10.7044196"}}, {"type": "Feature", "geometry": {"type": "Point", "coordinates": [10.7637262, 59.9353404]}, "properties": {"id": 337836317, "feat_type": "way", "quality_categories": "older_than_five_years", "issue_ids": "[28]", "osm_url": "https://www.openstreetmap.org/way/337836317", "josm_url": "http://127.0.0.1:8111/load_object?new_layer=false&objects=w337836317", "id_url": "https://www.openstreetmap.org/edit?editor=id&way=337836317#map=20/59.9353404/10.7637262"}}, {"type": "Feature", "geometry": {"type": "Point", "coordinates": [10.754778, 59.9367757]}, "properties": {"id": 337836324, "feat_type": "way", "quality_categories": "older_than_five_years", "issue_ids": "[49]", "osm_url": "https://www.openstreetmap.org/way/337836324", "josm_url": "http://127.0.0.1:8111/load_object?new_layer=false&objects=w337836324", "id_url": "https://www.openstreetmap.org/edit?editor=id&way=337836324#map=20/59.9367757/10.754778"}}, {"type": "Feature", "geometry": {"type": "Point", "coordinates": [10.7534598, 59.9372256]}, "properties": {"id": 337836329, "feat_type": "way", "quality_categories": "older_than_five_years", "issue_ids": "[239]", "osm_url": "https://www.openstreetmap.org/way/337836329", "josm_url": "http://127.0.0.1:8111/load_object?new_layer=false&objects=w337836329", "id_url": "https://www.openstreetmap.org/edit?editor=id&way=337836329#map=20/59.9372256/10.7534598"}}, {"type": "Feature", "geometry": {"type": "Point", "coordinates": [10.7646708, 59.9345528]}, "properties": {"id": 337836368, "feat_type": "way", "quality_categories": "older_than_five_years", "issue_ids": "[37]", "osm_url": "https://www.openstreetmap.org/way/337836368", "josm_url": "http://127.0.0.1:8111/load_object?new_layer=false&objects=w337836368", "id_url": "https://www.openstreetmap.org/edit?editor=id&way=337836368#map=20/59.9345528/10.7646708"}}, {"type": "Feature", "geometry": {"type": "Point", "coordinates": [10.7624255, 59.9354644]}, "properties": {"id": 337836369, "feat_type": "way", "quality_categories": "older_than_five_years", "issue_ids": "[28]", "osm_url": "https://www.openstreetmap.org/way/337836369", "josm_url": "http://127.0.0.1:8111/load_object?new_layer=false&objects=w337836369", "id_url": "https://www.openstreetmap.org/edit?editor=id&way=337836369#map=20/59.9354644/10.7624255"}}, {"type": "Feature", "geometry": {"type": "Point", "coordinates": [10.7658557, 59.9344913]}, "properties": {"id": 337972458, "feat_type": "way", "quality_categories": "older_than_five_years", "issue_ids": "[37]", "osm_url": "https://www.openstreetmap.org/way/337972458", "josm_url": "http://127.0.0.1:8111/load_object?new_layer=false&objects=w337972458", "id_url": "https://www.openstreetmap.org/edit?editor=id&way=337972458#map=20/59.9344913/10.7658557"}}, {"type": "Feature", "geometry": {"type": "Point", "coordinates": [10.7678111, 59.9336613]}, "properties": {"id": 337972459, "feat_type": "way", "quality_categories": "older_than_five_years", "issue_ids": "[145]", "osm_url": "https://www.openstreetmap.org/way/337972459", "josm_url": "http://127.0.0.1:8111/load_object?new_layer=false&objects=w337972459", "id_url": "https://www.openstreetmap.org/edit?editor=id&way=337972459#map=20/59.9336613/10.7678111"}}, {"type": "Feature", "geometry": {"type": "Point", "coordinates": [10.7672787, 59.9347131]}, "properties": {"id": 337972479, "feat_type": "way", "quality_categories": "older_than_five_years", "issue_ids": "[37]", "osm_url": "https://www.openstreetmap.org/way/337972479", "josm_url": "http://127.0.0.1:8111/load_object?new_layer=false&objects=w337972479", "id_url": "https://www.openstreetmap.org/edit?editor=id&way=337972479#map=20/59.9347131/10.7672787"}}, {"type": "Feature", "geometry": {"type": "Point", "coordinates": [10.7778046, 59.9156664]}, "properties": {"id": 338350800, "feat_type": "way", "quality_categories": "older_than_five_years", "issue_ids": "[28]", "osm_url": "https://www.openstreetmap.org/way/338350800", "josm_url": "http://127.0.0.1:8111/load_object?new_layer=false&objects=w338350800", "id_url": "https://www.openstreetmap.org/edit?editor=id&way=338350800#map=20/59.9156664/10.7778046"}}, {"type": "Feature", "geometry": {"type": "Point", "coordinates": [10.7776421, 59.9117729]}, "properties": {"id": 338360655, "feat_type": "way", "quality_categories": "older_than_five_years", "issue_ids": "[119]", "osm_url": "https://www.openstreetmap.org/way/338360655", "josm_url": "http://127.0.0.1:8111/load_object?new_layer=false&objects=w338360655", "id_url": "https://www.openstreetmap.org/edit?editor=id&way=338360655#map=20/59.9117729/10.7776421"}}, {"type": "Feature", "geometry": {"type": "Point", "coordinates": [10.7782857, 59.9117263]}, "properties": {"id": 338360659, "feat_type": "way", "quality_categories": "older_than_five_years", "issue_ids": "[119]", "osm_url": "https://www.openstreetmap.org/way/338360659", "josm_url": "http://127.0.0.1:8111/load_object?new_layer=false&objects=w338360659", "id_url": "https://www.openstreetmap.org/edit?editor=id&way=338360659#map=20/59.9117263/10.7782857"}}, {"type": "Feature", "geometry": {"type": "Point", "coordinates": [10.7771611, 59.9107485]}, "properties": {"id": 338360667, "feat_type": "way", "quality_categories": "older_than_five_years", "issue_ids": "[119]", "osm_url": "https://www.openstreetmap.org/way/338360667", "josm_url": "http://127.0.0.1:8111/load_object?new_layer=false&objects=w338360667", "id_url": "https://www.openstreetmap.org/edit?editor=id&way=338360667#map=20/59.9107485/10.7771611"}}, {"type": "Feature", "geometry": {"type": "Point", "coordinates": [10.7768263, 59.911099]}, "properties": {"id": 338360669, "feat_type": "way", "quality_categories": "older_than_five_years", "issue_ids": "[119]", "osm_url": "https://www.openstreetmap.org/way/338360669", "josm_url": "http://127.0.0.1:8111/load_object?new_layer=false&objects=w338360669", "id_url": "https://www.openstreetmap.org/edit?editor=id&way=338360669#map=20/59.911099/10.7768263"}}, {"type": "Feature", "geometry": {"type": "Point", "coordinates": [10.7772301, 59.9100974]}, "properties": {"id": 338360679, "feat_type": "way", "quality_categories": "older_than_five_years", "issue_ids": "[119]", "osm_url": "https://www.openstreetmap.org/way/338360679", "josm_url": "http://127.0.0.1:8111/load_object?new_layer=false&objects=w338360679", "id_url": "https://www.openstreetmap.org/edit?editor=id&way=338360679#map=20/59.9100974/10.7772301"}}, {"type": "Feature", "geometry": {"type": "Point", "coordinates": [10.76648, 59.967994]}, "properties": {"id": 338680317, "feat_type": "way", "quality_categories": "older_than_five_years", "issue_ids": "[240]", "osm_url": "https://www.openstreetmap.org/way/338680317", "josm_url": "http://127.0.0.1:8111/load_object?new_layer=false&objects=w338680317", "id_url": "https://www.openstreetmap.org/edit?editor=id&way=338680317#map=20/59.967994/10.76648"}}, {"type": "Feature", "geometry": {"type": "Point", "coordinates": [10.767581, 59.9675953]}, "properties": {"id": 338680318, "feat_type": "way", "quality_categories": "older_than_five_years", "issue_ids": "[241]", "osm_url": "https://www.openstreetmap.org/way/338680318", "josm_url": "http://127.0.0.1:8111/load_object?new_layer=false&objects=w338680318", "id_url": "https://www.openstreetmap.org/edit?editor=id&way=338680318#map=20/59.9675953/10.767581"}}, {"type": "Feature", "geometry": {"type": "Point", "coordinates": [10.7627426, 59.9557759]}, "properties": {"id": 338680319, "feat_type": "way", "quality_categories": "older_than_five_years", "issue_ids": "[10]", "osm_url": "https://www.openstreetmap.org/way/338680319", "josm_url": "http://127.0.0.1:8111/load_object?new_layer=false&objects=w338680319", "id_url": "https://www.openstreetmap.org/edit?editor=id&way=338680319#map=20/59.9557759/10.7627426"}}, {"type": "Feature", "geometry": {"type": "Point", "coordinates": [10.76533, 59.9615129]}, "properties": {"id": 338680324, "feat_type": "way", "quality_categories": "older_than_five_years", "issue_ids": "[10]", "osm_url": "https://www.openstreetmap.org/way/338680324", "josm_url": "http://127.0.0.1:8111/load_object?new_layer=false&objects=w338680324", "id_url": "https://www.openstreetmap.org/edit?editor=id&way=338680324#map=20/59.9615129/10.76533"}}, {"type": "Feature", "geometry": {"type": "Point", "coordinates": [10.774361, 59.9667537]}, "properties": {"id": 338680334, "feat_type": "way", "quality_categories": "older_than_five_years", "issue_ids": "[242]", "osm_url": "https://www.openstreetmap.org/way/338680334", "josm_url": "http://127.0.0.1:8111/load_object?new_layer=false&objects=w338680334", "id_url": "https://www.openstreetmap.org/edit?editor=id&way=338680334#map=20/59.9667537/10.774361"}}, {"type": "Feature", "geometry": {"type": "Point", "coordinates": [10.7735639, 59.9670203]}, "properties": {"id": 338680369, "feat_type": "way", "quality_categories": "older_than_five_years", "issue_ids": "[242]", "osm_url": "https://www.openstreetmap.org/way/338680369", "josm_url": "http://127.0.0.1:8111/load_object?new_layer=false&objects=w338680369", "id_url": "https://www.openstreetmap.org/edit?editor=id&way=338680369#map=20/59.9670203/10.7735639"}}, {"type": "Feature", "geometry": {"type": "Point", "coordinates": [10.77547, 59.9665053]}, "properties": {"id": 338680372, "feat_type": "way", "quality_categories": "older_than_five_years", "issue_ids": "[242]", "osm_url": "https://www.openstreetmap.org/way/338680372", "josm_url": "http://127.0.0.1:8111/load_object?new_layer=false&objects=w338680372", "id_url": "https://www.openstreetmap.org/edit?editor=id&way=338680372#map=20/59.9665053/10.77547"}}, {"type": "Feature", "geometry": {"type": "Point", "coordinates": [10.7665646, 59.9633127]}, "properties": {"id": 338680375, "feat_type": "way", "quality_categories": "older_than_five_years", "issue_ids": "[10]", "osm_url": "https://www.openstreetmap.org/way/338680375", "josm_url": "http://127.0.0.1:8111/load_object?new_layer=false&objects=w338680375", "id_url": "https://www.openstreetmap.org/edit?editor=id&way=338680375#map=20/59.9633127/10.7665646"}}, {"type": "Feature", "geometry": {"type": "Point", "coordinates": [10.7666643, 59.9650061]}, "properties": {"id": 338680377, "feat_type": "way", "quality_categories": "older_than_five_years", "issue_ids": "[242]", "osm_url": "https://www.openstreetmap.org/way/338680377", "josm_url": "http://127.0.0.1:8111/load_object?new_layer=false&objects=w338680377", "id_url": "https://www.openstreetmap.org/edit?editor=id&way=338680377#map=20/59.9650061/10.7666643"}}, {"type": "Feature", "geometry": {"type": "Point", "coordinates": [10.7736835, 59.9669038]}, "properties": {"id": 338680378, "feat_type": "way", "quality_categories": "older_than_five_years", "issue_ids": "[126]", "osm_url": "https://www.openstreetmap.org/way/338680378", "josm_url": "http://127.0.0.1:8111/load_object?new_layer=false&objects=w338680378", "id_url": "https://www.openstreetmap.org/edit?editor=id&way=338680378#map=20/59.9669038/10.7736835"}}, {"type": "Feature", "geometry": {"type": "Point", "coordinates": [10.771835, 59.967816]}, "properties": {"id": 338680379, "feat_type": "way", "quality_categories": "older_than_five_years", "issue_ids": "[242]", "osm_url": "https://www.openstreetmap.org/way/338680379", "josm_url": "http://127.0.0.1:8111/load_object?new_layer=false&objects=w338680379", "id_url": "https://www.openstreetmap.org/edit?editor=id&way=338680379#map=20/59.967816/10.771835"}}, {"type": "Feature", "geometry": {"type": "Point", "coordinates": [10.7608338, 59.9509439]}, "properties": {"id": 338693961, "feat_type": "way", "quality_categories": "older_than_five_years", "issue_ids": "[164]", "osm_url": "https://www.openstreetmap.org/way/338693961", "josm_url": "http://127.0.0.1:8111/load_object?new_layer=false&objects=w338693961", "id_url": "https://www.openstreetmap.org/edit?editor=id&way=338693961#map=20/59.9509439/10.7608338"}}, {"type": "Feature", "geometry": {"type": "Point", "coordinates": [10.7594929, 59.9483998]}, "properties": {"id": 338693963, "feat_type": "way", "quality_categories": "older_than_five_years", "issue_ids": "[10]", "osm_url": "https://www.openstreetmap.org/way/338693963", "josm_url": "http://127.0.0.1:8111/load_object?new_layer=false&objects=w338693963", "id_url": "https://www.openstreetmap.org/edit?editor=id&way=338693963#map=20/59.9483998/10.7594929"}}, {"type": "Feature", "geometry": {"type": "Point", "coordinates": [10.7529904, 59.9458166]}, "properties": {"id": 338693965, "feat_type": "way", "quality_categories": "older_than_five_years", "issue_ids": "[179]", "osm_url": "https://www.openstreetmap.org/way/338693965", "josm_url": "http://127.0.0.1:8111/load_object?new_layer=false&objects=w338693965", "id_url": "https://www.openstreetmap.org/edit?editor=id&way=338693965#map=20/59.9458166/10.7529904"}}, {"type": "Feature", "geometry": {"type": "Point", "coordinates": [10.7588386, 59.9418309]}, "properties": {"id": 338835840, "feat_type": "way", "quality_categories": "older_than_five_years", "issue_ids": "[49]", "osm_url": "https://www.openstreetmap.org/way/338835840", "josm_url": "http://127.0.0.1:8111/load_object?new_layer=false&objects=w338835840", "id_url": "https://www.openstreetmap.org/edit?editor=id&way=338835840#map=20/59.9418309/10.7588386"}}, {"type": "Feature", "geometry": {"type": "Point", "coordinates": [10.7585157, 59.9425382]}, "properties": {"id": 338835842, "feat_type": "way", "quality_categories": "older_than_five_years", "issue_ids": "[49]", "osm_url": "https://www.openstreetmap.org/way/338835842", "josm_url": "http://127.0.0.1:8111/load_object?new_layer=false&objects=w338835842", "id_url": "https://www.openstreetmap.org/edit?editor=id&way=338835842#map=20/59.9425382/10.7585157"}}, {"type": "Feature", "geometry": {"type": "Point", "coordinates": [10.7619486, 59.9409985]}, "properties": {"id": 338835843, "feat_type": "way", "quality_categories": "older_than_five_years", "issue_ids": "[10]", "osm_url": "https://www.openstreetmap.org/way/338835843", "josm_url": "http://127.0.0.1:8111/load_object?new_layer=false&objects=w338835843", "id_url": "https://www.openstreetmap.org/edit?editor=id&way=338835843#map=20/59.9409985/10.7619486"}}, {"type": "Feature", "geometry": {"type": "Point", "coordinates": [10.7586823, 59.9384357]}, "properties": {"id": 338835847, "feat_type": "way", "quality_categories": "older_than_five_years", "issue_ids": "[37]", "osm_url": "https://www.openstreetmap.org/way/338835847", "josm_url": "http://127.0.0.1:8111/load_object?new_layer=false&objects=w338835847", "id_url": "https://www.openstreetmap.org/edit?editor=id&way=338835847#map=20/59.9384357/10.7586823"}}, {"type": "Feature", "geometry": {"type": "Point", "coordinates": [10.7596226, 59.9420791]}, "properties": {"id": 338835866, "feat_type": "way", "quality_categories": "older_than_five_years", "issue_ids": "[19]", "osm_url": "https://www.openstreetmap.org/way/338835866", "josm_url": "http://127.0.0.1:8111/load_object?new_layer=false&objects=w338835866", "id_url": "https://www.openstreetmap.org/edit?editor=id&way=338835866#map=20/59.9420791/10.7596226"}}, {"type": "Feature", "geometry": {"type": "Point", "coordinates": [10.7596961, 59.942371]}, "properties": {"id": 338835867, "feat_type": "way", "quality_categories": "older_than_five_years", "issue_ids": "[19]", "osm_url": "https://www.openstreetmap.org/way/338835867", "josm_url": "http://127.0.0.1:8111/load_object?new_layer=false&objects=w338835867", "id_url": "https://www.openstreetmap.org/edit?editor=id&way=338835867#map=20/59.942371/10.7596961"}}, {"type": "Feature", "geometry": {"type": "Point", "coordinates": [10.791927, 59.9104814]}, "properties": {"id": 339554094, "feat_type": "way", "quality_categories": "older_than_five_years", "issue_ids": "[243]", "osm_url": "https://www.openstreetmap.org/way/339554094", "josm_url": "http://127.0.0.1:8111/load_object?new_layer=false&objects=w339554094", "id_url": "https://www.openstreetmap.org/edit?editor=id&way=339554094#map=20/59.9104814/10.791927"}}, {"type": "Feature", "geometry": {"type": "Point", "coordinates": [10.7803152, 59.9072264]}, "properties": {"id": 339554095, "feat_type": "way", "quality_categories": "older_than_five_years", "issue_ids": "[120]", "osm_url": "https://www.openstreetmap.org/way/339554095", "josm_url": "http://127.0.0.1:8111/load_object?new_layer=false&objects=w339554095", "id_url": "https://www.openstreetmap.org/edit?editor=id&way=339554095#map=20/59.9072264/10.7803152"}}, {"type": "Feature", "geometry": {"type": "Point", "coordinates": [10.7827977, 59.9079507]}, "properties": {"id": 339554100, "feat_type": "way", "quality_categories": "older_than_five_years", "issue_ids": "[120]", "osm_url": "https://www.openstreetmap.org/way/339554100", "josm_url": "http://127.0.0.1:8111/load_object?new_layer=false&objects=w339554100", "id_url": "https://www.openstreetmap.org/edit?editor=id&way=339554100#map=20/59.9079507/10.7827977"}}, {"type": "Feature", "geometry": {"type": "Point", "coordinates": [10.849731, 59.9170555]}, "properties": {"id": 339796590, "feat_type": "way", "quality_categories": "older_than_five_years", "issue_ids": "[167]", "osm_url": "https://www.openstreetmap.org/way/339796590", "josm_url": "http://127.0.0.1:8111/load_object?new_layer=false&objects=w339796590", "id_url": "https://www.openstreetmap.org/edit?editor=id&way=339796590#map=20/59.9170555/10.849731"}}, {"type": "Feature", "geometry": {"type": "Point", "coordinates": [10.8486992, 59.9158592]}, "properties": {"id": 339796605, "feat_type": "way", "quality_categories": "older_than_five_years", "issue_ids": "[167]", "osm_url": "https://www.openstreetmap.org/way/339796605", "josm_url": "http://127.0.0.1:8111/load_object?new_layer=false&objects=w339796605", "id_url": "https://www.openstreetmap.org/edit?editor=id&way=339796605#map=20/59.9158592/10.8486992"}}, {"type": "Feature", "geometry": {"type": "Point", "coordinates": [10.849337, 59.9158667]}, "properties": {"id": 339796614, "feat_type": "way", "quality_categories": "older_than_five_years", "issue_ids": "[244]", "osm_url": "https://www.openstreetmap.org/way/339796614", "josm_url": "http://127.0.0.1:8111/load_object?new_layer=false&objects=w339796614", "id_url": "https://www.openstreetmap.org/edit?editor=id&way=339796614#map=20/59.9158667/10.849337"}}, {"type": "Feature", "geometry": {"type": "Point", "coordinates": [10.8513014, 59.917807]}, "properties": {"id": 339796618, "feat_type": "way", "quality_categories": "older_than_five_years", "issue_ids": "[167]", "osm_url": "https://www.openstreetmap.org/way/339796618", "josm_url": "http://127.0.0.1:8111/load_object?new_layer=false&objects=w339796618", "id_url": "https://www.openstreetmap.org/edit?editor=id&way=339796618#map=20/59.917807/10.8513014"}}, {"type": "Feature", "geometry": {"type": "Point", "coordinates": [10.8491992, 59.9158316]}, "properties": {"id": 339796624, "feat_type": "way", "quality_categories": "older_than_five_years", "issue_ids": "[244]", "osm_url": "https://www.openstreetmap.org/way/339796624", "josm_url": "http://127.0.0.1:8111/load_object?new_layer=false&objects=w339796624", "id_url": "https://www.openstreetmap.org/edit?editor=id&way=339796624#map=20/59.9158316/10.8491992"}}, {"type": "Feature", "geometry": {"type": "Point", "coordinates": [10.85021, 59.9181264]}, "properties": {"id": 339796625, "feat_type": "way", "quality_categories": "older_than_five_years", "issue_ids": "[67]", "osm_url": "https://www.openstreetmap.org/way/339796625", "josm_url": "http://127.0.0.1:8111/load_object?new_layer=false&objects=w339796625", "id_url": "https://www.openstreetmap.org/edit?editor=id&way=339796625#map=20/59.9181264/10.85021"}}, {"type": "Feature", "geometry": {"type": "Point", "coordinates": [10.8268418, 59.9248277]}, "properties": {"id": 339911287, "feat_type": "way", "quality_categories": "missing_tags, older_than_five_years", "issue_ids": "[245, 4]", "osm_url": "https://www.openstreetmap.org/way/339911287", "josm_url": "http://127.0.0.1:8111/load_object?new_layer=false&objects=w339911287", "id_url": "https://www.openstreetmap.org/edit?editor=id&way=339911287#map=20/59.9248277/10.8268418"}}, {"type": "Feature", "geometry": {"type": "Point", "coordinates": [10.8270139, 59.924825]}, "properties": {"id": 339911288, "feat_type": "way", "quality_categories": "missing_tags, older_than_five_years", "issue_ids": "[246, 4]", "osm_url": "https://www.openstreetmap.org/way/339911288", "josm_url": "http://127.0.0.1:8111/load_object?new_layer=false&objects=w339911288", "id_url": "https://www.openstreetmap.org/edit?editor=id&way=339911288#map=20/59.924825/10.8270139"}}, {"type": "Feature", "geometry": {"type": "Point", "coordinates": [10.8268102, 59.9252606]}, "properties": {"id": 339911292, "feat_type": "way", "quality_categories": "missing_tags, older_than_five_years", "issue_ids": "[246, 4]", "osm_url": "https://www.openstreetmap.org/way/339911292", "josm_url": "http://127.0.0.1:8111/load_object?new_layer=false&objects=w339911292", "id_url": "https://www.openstreetmap.org/edit?editor=id&way=339911292#map=20/59.9252606/10.8268102"}}, {"type": "Feature", "geometry": {"type": "Point", "coordinates": [10.8267382, 59.9250952]}, "properties": {"id": 339911293, "feat_type": "way", "quality_categories": "missing_tags, older_than_five_years", "issue_ids": "[246, 4]", "osm_url": "https://www.openstreetmap.org/way/339911293", "josm_url": "http://127.0.0.1:8111/load_object?new_layer=false&objects=w339911293", "id_url": "https://www.openstreetmap.org/edit?editor=id&way=339911293#map=20/59.9250952/10.8267382"}}, {"type": "Feature", "geometry": {"type": "Point", "coordinates": [10.8482426, 59.9289495]}, "properties": {"id": 339911297, "feat_type": "way", "quality_categories": "missing_tags, older_than_five_years", "issue_ids": "[147, 4]", "osm_url": "https://www.openstreetmap.org/way/339911297", "josm_url": "http://127.0.0.1:8111/load_object?new_layer=false&objects=w339911297", "id_url": "https://www.openstreetmap.org/edit?editor=id&way=339911297#map=20/59.9289495/10.8482426"}}, {"type": "Feature", "geometry": {"type": "Point", "coordinates": [10.8343692, 59.9241819]}, "properties": {"id": 339911324, "feat_type": "way", "quality_categories": "missing_tags, older_than_five_years", "issue_ids": "[246, 4]", "osm_url": "https://www.openstreetmap.org/way/339911324", "josm_url": "http://127.0.0.1:8111/load_object?new_layer=false&objects=w339911324", "id_url": "https://www.openstreetmap.org/edit?editor=id&way=339911324#map=20/59.9241819/10.8343692"}}, {"type": "Feature", "geometry": {"type": "Point", "coordinates": [10.8259136, 59.924403]}, "properties": {"id": 339911325, "feat_type": "way", "quality_categories": "missing_tags, older_than_five_years", "issue_ids": "[247, 4]", "osm_url": "https://www.openstreetmap.org/way/339911325", "josm_url": "http://127.0.0.1:8111/load_object?new_layer=false&objects=w339911325", "id_url": "https://www.openstreetmap.org/edit?editor=id&way=339911325#map=20/59.924403/10.8259136"}}, {"type": "Feature", "geometry": {"type": "Point", "coordinates": [10.823406, 59.9243226]}, "properties": {"id": 339911326, "feat_type": "way", "quality_categories": "older_than_five_years", "issue_ids": "[0]", "osm_url": "https://www.openstreetmap.org/way/339911326", "josm_url": "http://127.0.0.1:8111/load_object?new_layer=false&objects=w339911326", "id_url": "https://www.openstreetmap.org/edit?editor=id&way=339911326#map=20/59.9243226/10.823406"}}, {"type": "Feature", "geometry": {"type": "Point", "coordinates": [10.8332545, 59.9246704]}, "properties": {"id": 339911327, "feat_type": "way", "quality_categories": "missing_tags, older_than_five_years", "issue_ids": "[245, 4]", "osm_url": "https://www.openstreetmap.org/way/339911327", "josm_url": "http://127.0.0.1:8111/load_object?new_layer=false&objects=w339911327", "id_url": "https://www.openstreetmap.org/edit?editor=id&way=339911327#map=20/59.9246704/10.8332545"}}, {"type": "Feature", "geometry": {"type": "Point", "coordinates": [10.8355, 59.9239586]}, "properties": {"id": 339911330, "feat_type": "way", "quality_categories": "older_than_five_years", "issue_ids": "[0]", "osm_url": "https://www.openstreetmap.org/way/339911330", "josm_url": "http://127.0.0.1:8111/load_object?new_layer=false&objects=w339911330", "id_url": "https://www.openstreetmap.org/edit?editor=id&way=339911330#map=20/59.9239586/10.8355"}}, {"type": "Feature", "geometry": {"type": "Point", "coordinates": [10.8472639, 59.9286933]}, "properties": {"id": 339911331, "feat_type": "way", "quality_categories": "missing_tags, older_than_five_years", "issue_ids": "[247, 4]", "osm_url": "https://www.openstreetmap.org/way/339911331", "josm_url": "http://127.0.0.1:8111/load_object?new_layer=false&objects=w339911331", "id_url": "https://www.openstreetmap.org/edit?editor=id&way=339911331#map=20/59.9286933/10.8472639"}}, {"type": "Feature", "geometry": {"type": "Point", "coordinates": [10.8265632, 59.9245168]}, "properties": {"id": 339911332, "feat_type": "way", "quality_categories": "missing_tags, older_than_five_years", "issue_ids": "[246, 4]", "osm_url": "https://www.openstreetmap.org/way/339911332", "josm_url": "http://127.0.0.1:8111/load_object?new_layer=false&objects=w339911332", "id_url": "https://www.openstreetmap.org/edit?editor=id&way=339911332#map=20/59.9245168/10.8265632"}}, {"type": "Feature", "geometry": {"type": "Point", "coordinates": [10.8276881, 59.9335953]}, "properties": {"id": 340000707, "feat_type": "way", "quality_categories": "missing_tags, older_than_five_years", "issue_ids": "[246, 4]", "osm_url": "https://www.openstreetmap.org/way/340000707", "josm_url": "http://127.0.0.1:8111/load_object?new_layer=false&objects=w340000707", "id_url": "https://www.openstreetmap.org/edit?editor=id&way=340000707#map=20/59.9335953/10.8276881"}}, {"type": "Feature", "geometry": {"type": "Point", "coordinates": [10.8274409, 59.9335655]}, "properties": {"id": 340000714, "feat_type": "way", "quality_categories": "missing_tags, older_than_five_years", "issue_ids": "[246, 4]", "osm_url": "https://www.openstreetmap.org/way/340000714", "josm_url": "http://127.0.0.1:8111/load_object?new_layer=false&objects=w340000714", "id_url": "https://www.openstreetmap.org/edit?editor=id&way=340000714#map=20/59.9335655/10.8274409"}}, {"type": "Feature", "geometry": {"type": "Point", "coordinates": [10.7735559, 59.9396285]}, "properties": {"id": 340202355, "feat_type": "way", "quality_categories": "older_than_five_years", "issue_ids": "[248]", "osm_url": "https://www.openstreetmap.org/way/340202355", "josm_url": "http://127.0.0.1:8111/load_object?new_layer=false&objects=w340202355", "id_url": "https://www.openstreetmap.org/edit?editor=id&way=340202355#map=20/59.9396285/10.7735559"}}, {"type": "Feature", "geometry": {"type": "Point", "coordinates": [10.7703273, 59.9409776]}, "properties": {"id": 340202377, "feat_type": "way", "quality_categories": "older_than_five_years", "issue_ids": "[37]", "osm_url": "https://www.openstreetmap.org/way/340202377", "josm_url": "http://127.0.0.1:8111/load_object?new_layer=false&objects=w340202377", "id_url": "https://www.openstreetmap.org/edit?editor=id&way=340202377#map=20/59.9409776/10.7703273"}}, {"type": "Feature", "geometry": {"type": "Point", "coordinates": [10.768371, 59.9512426]}, "properties": {"id": 340277744, "feat_type": "way", "quality_categories": "older_than_five_years", "issue_ids": "[10]", "osm_url": "https://www.openstreetmap.org/way/340277744", "josm_url": "http://127.0.0.1:8111/load_object?new_layer=false&objects=w340277744", "id_url": "https://www.openstreetmap.org/edit?editor=id&way=340277744#map=20/59.9512426/10.768371"}}, {"type": "Feature", "geometry": {"type": "Point", "coordinates": [10.7679426, 59.9515401]}, "properties": {"id": 340277749, "feat_type": "way", "quality_categories": "older_than_five_years", "issue_ids": "[10]", "osm_url": "https://www.openstreetmap.org/way/340277749", "josm_url": "http://127.0.0.1:8111/load_object?new_layer=false&objects=w340277749", "id_url": "https://www.openstreetmap.org/edit?editor=id&way=340277749#map=20/59.9515401/10.7679426"}}, {"type": "Feature", "geometry": {"type": "Point", "coordinates": [10.7758409, 59.9354088]}, "properties": {"id": 340305871, "feat_type": "way", "quality_categories": "older_than_five_years", "issue_ids": "[145]", "osm_url": "https://www.openstreetmap.org/way/340305871", "josm_url": "http://127.0.0.1:8111/load_object?new_layer=false&objects=w340305871", "id_url": "https://www.openstreetmap.org/edit?editor=id&way=340305871#map=20/59.9354088/10.7758409"}}, {"type": "Feature", "geometry": {"type": "Point", "coordinates": [10.7748167, 59.9357686]}, "properties": {"id": 340305872, "feat_type": "way", "quality_categories": "older_than_five_years", "issue_ids": "[49]", "osm_url": "https://www.openstreetmap.org/way/340305872", "josm_url": "http://127.0.0.1:8111/load_object?new_layer=false&objects=w340305872", "id_url": "https://www.openstreetmap.org/edit?editor=id&way=340305872#map=20/59.9357686/10.7748167"}}, {"type": "Feature", "geometry": {"type": "Point", "coordinates": [10.7749418, 59.935151]}, "properties": {"id": 340305876, "feat_type": "way", "quality_categories": "older_than_five_years", "issue_ids": "[249]", "osm_url": "https://www.openstreetmap.org/way/340305876", "josm_url": "http://127.0.0.1:8111/load_object?new_layer=false&objects=w340305876", "id_url": "https://www.openstreetmap.org/edit?editor=id&way=340305876#map=20/59.935151/10.7749418"}}, {"type": "Feature", "geometry": {"type": "Point", "coordinates": [10.7741797, 59.9378097]}, "properties": {"id": 340305882, "feat_type": "way", "quality_categories": "older_than_five_years", "issue_ids": "[49]", "osm_url": "https://www.openstreetmap.org/way/340305882", "josm_url": "http://127.0.0.1:8111/load_object?new_layer=false&objects=w340305882", "id_url": "https://www.openstreetmap.org/edit?editor=id&way=340305882#map=20/59.9378097/10.7741797"}}, {"type": "Feature", "geometry": {"type": "Point", "coordinates": [10.7759848, 59.9353812]}, "properties": {"id": 340305907, "feat_type": "way", "quality_categories": "older_than_five_years", "issue_ids": "[145]", "osm_url": "https://www.openstreetmap.org/way/340305907", "josm_url": "http://127.0.0.1:8111/load_object?new_layer=false&objects=w340305907", "id_url": "https://www.openstreetmap.org/edit?editor=id&way=340305907#map=20/59.9353812/10.7759848"}}, {"type": "Feature", "geometry": {"type": "Point", "coordinates": [10.7615946, 59.9266294]}, "properties": {"id": 340320307, "feat_type": "way", "quality_categories": "older_than_five_years", "issue_ids": "[49]", "osm_url": "https://www.openstreetmap.org/way/340320307", "josm_url": "http://127.0.0.1:8111/load_object?new_layer=false&objects=w340320307", "id_url": "https://www.openstreetmap.org/edit?editor=id&way=340320307#map=20/59.9266294/10.7615946"}}, {"type": "Feature", "geometry": {"type": "Point", "coordinates": [10.7616248, 59.926717]}, "properties": {"id": 340320308, "feat_type": "way", "quality_categories": "older_than_five_years", "issue_ids": "[37]", "osm_url": "https://www.openstreetmap.org/way/340320308", "josm_url": "http://127.0.0.1:8111/load_object?new_layer=false&objects=w340320308", "id_url": "https://www.openstreetmap.org/edit?editor=id&way=340320308#map=20/59.926717/10.7616248"}}, {"type": "Feature", "geometry": {"type": "Point", "coordinates": [10.6826614, 59.9015326]}, "properties": {"id": 340970994, "feat_type": "way", "quality_categories": "missing_tags, older_than_five_years", "issue_ids": "[250, 4]", "osm_url": "https://www.openstreetmap.org/way/340970994", "josm_url": "http://127.0.0.1:8111/load_object?new_layer=false&objects=w340970994", "id_url": "https://www.openstreetmap.org/edit?editor=id&way=340970994#map=20/59.9015326/10.6826614"}}, {"type": "Feature", "geometry": {"type": "Point", "coordinates": [10.6752103, 59.9009858]}, "properties": {"id": 340970999, "feat_type": "way", "quality_categories": "missing_tags, older_than_five_years", "issue_ids": "[250, 4]", "osm_url": "https://www.openstreetmap.org/way/340970999", "josm_url": "http://127.0.0.1:8111/load_object?new_layer=false&objects=w340970999", "id_url": "https://www.openstreetmap.org/edit?editor=id&way=340970999#map=20/59.9009858/10.6752103"}}, {"type": "Feature", "geometry": {"type": "Point", "coordinates": [10.754456, 59.9135133]}, "properties": {"id": 341293227, "feat_type": "way", "quality_categories": "older_than_five_years", "issue_ids": "[46]", "osm_url": "https://www.openstreetmap.org/way/341293227", "josm_url": "http://127.0.0.1:8111/load_object?new_layer=false&objects=w341293227", "id_url": "https://www.openstreetmap.org/edit?editor=id&way=341293227#map=20/59.9135133/10.754456"}}, {"type": "Feature", "geometry": {"type": "Point", "coordinates": [10.7418425, 59.930687]}, "properties": {"id": 342796361, "feat_type": "way", "quality_categories": "older_than_five_years", "issue_ids": "[37]", "osm_url": "https://www.openstreetmap.org/way/342796361", "josm_url": "http://127.0.0.1:8111/load_object?new_layer=false&objects=w342796361", "id_url": "https://www.openstreetmap.org/edit?editor=id&way=342796361#map=20/59.930687/10.7418425"}}, {"type": "Feature", "geometry": {"type": "Point", "coordinates": [10.7410983, 59.9321794]}, "properties": {"id": 342796363, "feat_type": "way", "quality_categories": "older_than_five_years", "issue_ids": "[37]", "osm_url": "https://www.openstreetmap.org/way/342796363", "josm_url": "http://127.0.0.1:8111/load_object?new_layer=false&objects=w342796363", "id_url": "https://www.openstreetmap.org/edit?editor=id&way=342796363#map=20/59.9321794/10.7410983"}}, {"type": "Feature", "geometry": {"type": "Point", "coordinates": [10.7423287, 59.93314]}, "properties": {"id": 342796366, "feat_type": "way", "quality_categories": "older_than_five_years", "issue_ids": "[37]", "osm_url": "https://www.openstreetmap.org/way/342796366", "josm_url": "http://127.0.0.1:8111/load_object?new_layer=false&objects=w342796366", "id_url": "https://www.openstreetmap.org/edit?editor=id&way=342796366#map=20/59.93314/10.7423287"}}, {"type": "Feature", "geometry": {"type": "Point", "coordinates": [10.7412951, 59.9333914]}, "properties": {"id": 342796367, "feat_type": "way", "quality_categories": "older_than_five_years", "issue_ids": "[37]", "osm_url": "https://www.openstreetmap.org/way/342796367", "josm_url": "http://127.0.0.1:8111/load_object?new_layer=false&objects=w342796367", "id_url": "https://www.openstreetmap.org/edit?editor=id&way=342796367#map=20/59.9333914/10.7412951"}}, {"type": "Feature", "geometry": {"type": "Point", "coordinates": [10.7434997, 59.9319627]}, "properties": {"id": 342796370, "feat_type": "way", "quality_categories": "older_than_five_years", "issue_ids": "[103]", "osm_url": "https://www.openstreetmap.org/way/342796370", "josm_url": "http://127.0.0.1:8111/load_object?new_layer=false&objects=w342796370", "id_url": "https://www.openstreetmap.org/edit?editor=id&way=342796370#map=20/59.9319627/10.7434997"}}, {"type": "Feature", "geometry": {"type": "Point", "coordinates": [10.7419698, 59.9316224]}, "properties": {"id": 342796388, "feat_type": "way", "quality_categories": "older_than_five_years", "issue_ids": "[37]", "osm_url": "https://www.openstreetmap.org/way/342796388", "josm_url": "http://127.0.0.1:8111/load_object?new_layer=false&objects=w342796388", "id_url": "https://www.openstreetmap.org/edit?editor=id&way=342796388#map=20/59.9316224/10.7419698"}}, {"type": "Feature", "geometry": {"type": "Point", "coordinates": [10.7399306, 59.9330926]}, "properties": {"id": 342796390, "feat_type": "way", "quality_categories": "older_than_five_years", "issue_ids": "[49]", "osm_url": "https://www.openstreetmap.org/way/342796390", "josm_url": "http://127.0.0.1:8111/load_object?new_layer=false&objects=w342796390", "id_url": "https://www.openstreetmap.org/edit?editor=id&way=342796390#map=20/59.9330926/10.7399306"}}, {"type": "Feature", "geometry": {"type": "Point", "coordinates": [10.7439248, 59.9297361]}, "properties": {"id": 342796393, "feat_type": "way", "quality_categories": "older_than_five_years", "issue_ids": "[70]", "osm_url": "https://www.openstreetmap.org/way/342796393", "josm_url": "http://127.0.0.1:8111/load_object?new_layer=false&objects=w342796393", "id_url": "https://www.openstreetmap.org/edit?editor=id&way=342796393#map=20/59.9297361/10.7439248"}}, {"type": "Feature", "geometry": {"type": "Point", "coordinates": [10.7411881, 59.922045]}, "properties": {"id": 343224186, "feat_type": "way", "quality_categories": "older_than_five_years", "issue_ids": "[104]", "osm_url": "https://www.openstreetmap.org/way/343224186", "josm_url": "http://127.0.0.1:8111/load_object?new_layer=false&objects=w343224186", "id_url": "https://www.openstreetmap.org/edit?editor=id&way=343224186#map=20/59.922045/10.7411881"}}, {"type": "Feature", "geometry": {"type": "Point", "coordinates": [10.7470474, 59.9145622]}, "properties": {"id": 343275293, "feat_type": "way", "quality_categories": "older_than_five_years", "issue_ids": "[251]", "osm_url": "https://www.openstreetmap.org/way/343275293", "josm_url": "http://127.0.0.1:8111/load_object?new_layer=false&objects=w343275293", "id_url": "https://www.openstreetmap.org/edit?editor=id&way=343275293#map=20/59.9145622/10.7470474"}}, {"type": "Feature", "geometry": {"type": "Point", "coordinates": [10.7496722, 59.9151075]}, "properties": {"id": 343275308, "feat_type": "way", "quality_categories": "older_than_five_years", "issue_ids": "[252]", "osm_url": "https://www.openstreetmap.org/way/343275308", "josm_url": "http://127.0.0.1:8111/load_object?new_layer=false&objects=w343275308", "id_url": "https://www.openstreetmap.org/edit?editor=id&way=343275308#map=20/59.9151075/10.7496722"}}, {"type": "Feature", "geometry": {"type": "Point", "coordinates": [10.8006734, 59.9121922]}, "properties": {"id": 343722833, "feat_type": "way", "quality_categories": "older_than_five_years", "issue_ids": "[133]", "osm_url": "https://www.openstreetmap.org/way/343722833", "josm_url": "http://127.0.0.1:8111/load_object?new_layer=false&objects=w343722833", "id_url": "https://www.openstreetmap.org/edit?editor=id&way=343722833#map=20/59.9121922/10.8006734"}}, {"type": "Feature", "geometry": {"type": "Point", "coordinates": [10.7997789, 59.9120978]}, "properties": {"id": 343722836, "feat_type": "way", "quality_categories": "older_than_five_years", "issue_ids": "[33]", "osm_url": "https://www.openstreetmap.org/way/343722836", "josm_url": "http://127.0.0.1:8111/load_object?new_layer=false&objects=w343722836", "id_url": "https://www.openstreetmap.org/edit?editor=id&way=343722836#map=20/59.9120978/10.7997789"}}, {"type": "Feature", "geometry": {"type": "Point", "coordinates": [10.8026997, 59.9111746]}, "properties": {"id": 343722837, "feat_type": "way", "quality_categories": "older_than_five_years", "issue_ids": "[33]", "osm_url": "https://www.openstreetmap.org/way/343722837", "josm_url": "http://127.0.0.1:8111/load_object?new_layer=false&objects=w343722837", "id_url": "https://www.openstreetmap.org/edit?editor=id&way=343722837#map=20/59.9111746/10.8026997"}}, {"type": "Feature", "geometry": {"type": "Point", "coordinates": [10.8035575, 59.9086572]}, "properties": {"id": 343722842, "feat_type": "way", "quality_categories": "older_than_five_years", "issue_ids": "[253]", "osm_url": "https://www.openstreetmap.org/way/343722842", "josm_url": "http://127.0.0.1:8111/load_object?new_layer=false&objects=w343722842", "id_url": "https://www.openstreetmap.org/edit?editor=id&way=343722842#map=20/59.9086572/10.8035575"}}, {"type": "Feature", "geometry": {"type": "Point", "coordinates": [10.8014093, 59.9075496]}, "properties": {"id": 343722857, "feat_type": "way", "quality_categories": "older_than_five_years", "issue_ids": "[33]", "osm_url": "https://www.openstreetmap.org/way/343722857", "josm_url": "http://127.0.0.1:8111/load_object?new_layer=false&objects=w343722857", "id_url": "https://www.openstreetmap.org/edit?editor=id&way=343722857#map=20/59.9075496/10.8014093"}}, {"type": "Feature", "geometry": {"type": "Point", "coordinates": [10.8023075, 59.9078394]}, "properties": {"id": 343722858, "feat_type": "way", "quality_categories": "older_than_five_years", "issue_ids": "[33]", "osm_url": "https://www.openstreetmap.org/way/343722858", "josm_url": "http://127.0.0.1:8111/load_object?new_layer=false&objects=w343722858", "id_url": "https://www.openstreetmap.org/edit?editor=id&way=343722858#map=20/59.9078394/10.8023075"}}, {"type": "Feature", "geometry": {"type": "Point", "coordinates": [10.80199, 59.9075984]}, "properties": {"id": 343722860, "feat_type": "way", "quality_categories": "older_than_five_years", "issue_ids": "[254]", "osm_url": "https://www.openstreetmap.org/way/343722860", "josm_url": "http://127.0.0.1:8111/load_object?new_layer=false&objects=w343722860", "id_url": "https://www.openstreetmap.org/edit?editor=id&way=343722860#map=20/59.9075984/10.80199"}}, {"type": "Feature", "geometry": {"type": "Point", "coordinates": [10.7974098, 59.9114188]}, "properties": {"id": 343722867, "feat_type": "way", "quality_categories": "older_than_five_years", "issue_ids": "[33]", "osm_url": "https://www.openstreetmap.org/way/343722867", "josm_url": "http://127.0.0.1:8111/load_object?new_layer=false&objects=w343722867", "id_url": "https://www.openstreetmap.org/edit?editor=id&way=343722867#map=20/59.9114188/10.7974098"}}, {"type": "Feature", "geometry": {"type": "Point", "coordinates": [10.7970801, 59.911006]}, "properties": {"id": 343722869, "feat_type": "way", "quality_categories": "older_than_five_years", "issue_ids": "[33]", "osm_url": "https://www.openstreetmap.org/way/343722869", "josm_url": "http://127.0.0.1:8111/load_object?new_layer=false&objects=w343722869", "id_url": "https://www.openstreetmap.org/edit?editor=id&way=343722869#map=20/59.911006/10.7970801"}}, {"type": "Feature", "geometry": {"type": "Point", "coordinates": [10.8038211, 59.9096156]}, "properties": {"id": 343722871, "feat_type": "way", "quality_categories": "older_than_five_years", "issue_ids": "[255]", "osm_url": "https://www.openstreetmap.org/way/343722871", "josm_url": "http://127.0.0.1:8111/load_object?new_layer=false&objects=w343722871", "id_url": "https://www.openstreetmap.org/edit?editor=id&way=343722871#map=20/59.9096156/10.8038211"}}, {"type": "Feature", "geometry": {"type": "Point", "coordinates": [10.7980064, 59.9117508]}, "properties": {"id": 343722873, "feat_type": "way", "quality_categories": "older_than_five_years", "issue_ids": "[33]", "osm_url": "https://www.openstreetmap.org/way/343722873", "josm_url": "http://127.0.0.1:8111/load_object?new_layer=false&objects=w343722873", "id_url": "https://www.openstreetmap.org/edit?editor=id&way=343722873#map=20/59.9117508/10.7980064"}}, {"type": "Feature", "geometry": {"type": "Point", "coordinates": [10.8031672, 59.9082554]}, "properties": {"id": 343722874, "feat_type": "way", "quality_categories": "older_than_five_years", "issue_ids": "[33]", "osm_url": "https://www.openstreetmap.org/way/343722874", "josm_url": "http://127.0.0.1:8111/load_object?new_layer=false&objects=w343722874", "id_url": "https://www.openstreetmap.org/edit?editor=id&way=343722874#map=20/59.9082554/10.8031672"}}, {"type": "Feature", "geometry": {"type": "Point", "coordinates": [10.8036454, 59.9094163]}, "properties": {"id": 343722876, "feat_type": "way", "quality_categories": "older_than_five_years", "issue_ids": "[33]", "osm_url": "https://www.openstreetmap.org/way/343722876", "josm_url": "http://127.0.0.1:8111/load_object?new_layer=false&objects=w343722876", "id_url": "https://www.openstreetmap.org/edit?editor=id&way=343722876#map=20/59.9094163/10.8036454"}}, {"type": "Feature", "geometry": {"type": "Point", "coordinates": [10.768055, 59.9476007]}, "properties": {"id": 343742032, "feat_type": "way", "quality_categories": "older_than_five_years", "issue_ids": "[10]", "osm_url": "https://www.openstreetmap.org/way/343742032", "josm_url": "http://127.0.0.1:8111/load_object?new_layer=false&objects=w343742032", "id_url": "https://www.openstreetmap.org/edit?editor=id&way=343742032#map=20/59.9476007/10.768055"}}, {"type": "Feature", "geometry": {"type": "Point", "coordinates": [10.7652798, 59.9464914]}, "properties": {"id": 343742035, "feat_type": "way", "quality_categories": "older_than_five_years", "issue_ids": "[164]", "osm_url": "https://www.openstreetmap.org/way/343742035", "josm_url": "http://127.0.0.1:8111/load_object?new_layer=false&objects=w343742035", "id_url": "https://www.openstreetmap.org/edit?editor=id&way=343742035#map=20/59.9464914/10.7652798"}}, {"type": "Feature", "geometry": {"type": "Point", "coordinates": [10.8566915, 59.9176948]}, "properties": {"id": 344100390, "feat_type": "way", "quality_categories": "missing_tags, older_than_five_years", "issue_ids": "[256, 4]", "osm_url": "https://www.openstreetmap.org/way/344100390", "josm_url": "http://127.0.0.1:8111/load_object?new_layer=false&objects=w344100390", "id_url": "https://www.openstreetmap.org/edit?editor=id&way=344100390#map=20/59.9176948/10.8566915"}}, {"type": "Feature", "geometry": {"type": "Point", "coordinates": [10.8308744, 59.9110031]}, "properties": {"id": 344136419, "feat_type": "way", "quality_categories": "older_than_five_years", "issue_ids": "[257]", "osm_url": "https://www.openstreetmap.org/way/344136419", "josm_url": "http://127.0.0.1:8111/load_object?new_layer=false&objects=w344136419", "id_url": "https://www.openstreetmap.org/edit?editor=id&way=344136419#map=20/59.9110031/10.8308744"}}, {"type": "Feature", "geometry": {"type": "Point", "coordinates": [10.8450411, 59.9206203]}, "properties": {"id": 344136423, "feat_type": "way", "quality_categories": "older_than_five_years", "issue_ids": "[67]", "osm_url": "https://www.openstreetmap.org/way/344136423", "josm_url": "http://127.0.0.1:8111/load_object?new_layer=false&objects=w344136423", "id_url": "https://www.openstreetmap.org/edit?editor=id&way=344136423#map=20/59.9206203/10.8450411"}}, {"type": "Feature", "geometry": {"type": "Point", "coordinates": [10.8299159, 59.9106856]}, "properties": {"id": 344136425, "feat_type": "way", "quality_categories": "older_than_five_years", "issue_ids": "[127]", "osm_url": "https://www.openstreetmap.org/way/344136425", "josm_url": "http://127.0.0.1:8111/load_object?new_layer=false&objects=w344136425", "id_url": "https://www.openstreetmap.org/edit?editor=id&way=344136425#map=20/59.9106856/10.8299159"}}, {"type": "Feature", "geometry": {"type": "Point", "coordinates": [10.8458641, 59.9194705]}, "properties": {"id": 344136429, "feat_type": "way", "quality_categories": "older_than_five_years", "issue_ids": "[184]", "osm_url": "https://www.openstreetmap.org/way/344136429", "josm_url": "http://127.0.0.1:8111/load_object?new_layer=false&objects=w344136429", "id_url": "https://www.openstreetmap.org/edit?editor=id&way=344136429#map=20/59.9194705/10.8458641"}}, {"type": "Feature", "geometry": {"type": "Point", "coordinates": [10.8427168, 59.920683]}, "properties": {"id": 344136442, "feat_type": "way", "quality_categories": "older_than_five_years", "issue_ids": "[67]", "osm_url": "https://www.openstreetmap.org/way/344136442", "josm_url": "http://127.0.0.1:8111/load_object?new_layer=false&objects=w344136442", "id_url": "https://www.openstreetmap.org/edit?editor=id&way=344136442#map=20/59.920683/10.8427168"}}, {"type": "Feature", "geometry": {"type": "Point", "coordinates": [10.8301018, 59.912811]}, "properties": {"id": 344136444, "feat_type": "way", "quality_categories": "older_than_five_years", "issue_ids": "[67]", "osm_url": "https://www.openstreetmap.org/way/344136444", "josm_url": "http://127.0.0.1:8111/load_object?new_layer=false&objects=w344136444", "id_url": "https://www.openstreetmap.org/edit?editor=id&way=344136444#map=20/59.912811/10.8301018"}}, {"type": "Feature", "geometry": {"type": "Point", "coordinates": [10.8382928, 59.918701]}, "properties": {"id": 344136445, "feat_type": "way", "quality_categories": "older_than_five_years", "issue_ids": "[67]", "osm_url": "https://www.openstreetmap.org/way/344136445", "josm_url": "http://127.0.0.1:8111/load_object?new_layer=false&objects=w344136445", "id_url": "https://www.openstreetmap.org/edit?editor=id&way=344136445#map=20/59.918701/10.8382928"}}, {"type": "Feature", "geometry": {"type": "Point", "coordinates": [10.8352745, 59.9111612]}, "properties": {"id": 344136452, "feat_type": "way", "quality_categories": "older_than_five_years", "issue_ids": "[258]", "osm_url": "https://www.openstreetmap.org/way/344136452", "josm_url": "http://127.0.0.1:8111/load_object?new_layer=false&objects=w344136452", "id_url": "https://www.openstreetmap.org/edit?editor=id&way=344136452#map=20/59.9111612/10.8352745"}}, {"type": "Feature", "geometry": {"type": "Point", "coordinates": [10.8609175, 59.9161197]}, "properties": {"id": 344282875, "feat_type": "way", "quality_categories": "missing_tags, older_than_five_years", "issue_ids": "[259, 4]", "osm_url": "https://www.openstreetmap.org/way/344282875", "josm_url": "http://127.0.0.1:8111/load_object?new_layer=false&objects=w344282875", "id_url": "https://www.openstreetmap.org/edit?editor=id&way=344282875#map=20/59.9161197/10.8609175"}}, {"type": "Feature", "geometry": {"type": "Point", "coordinates": [10.8581606, 59.9138521]}, "properties": {"id": 344325575, "feat_type": "way", "quality_categories": "older_than_five_years", "issue_ids": "[167]", "osm_url": "https://www.openstreetmap.org/way/344325575", "josm_url": "http://127.0.0.1:8111/load_object?new_layer=false&objects=w344325575", "id_url": "https://www.openstreetmap.org/edit?editor=id&way=344325575#map=20/59.9138521/10.8581606"}}, {"type": "Feature", "geometry": {"type": "Point", "coordinates": [10.872551, 59.9248643]}, "properties": {"id": 344344147, "feat_type": "way", "quality_categories": "older_than_five_years", "issue_ids": "[260]", "osm_url": "https://www.openstreetmap.org/way/344344147", "josm_url": "http://127.0.0.1:8111/load_object?new_layer=false&objects=w344344147", "id_url": "https://www.openstreetmap.org/edit?editor=id&way=344344147#map=20/59.9248643/10.872551"}}, {"type": "Feature", "geometry": {"type": "Point", "coordinates": [10.861498, 59.923338]}, "properties": {"id": 344344148, "feat_type": "way", "quality_categories": "older_than_five_years", "issue_ids": "[261]", "osm_url": "https://www.openstreetmap.org/way/344344148", "josm_url": "http://127.0.0.1:8111/load_object?new_layer=false&objects=w344344148", "id_url": "https://www.openstreetmap.org/edit?editor=id&way=344344148#map=20/59.923338/10.861498"}}, {"type": "Feature", "geometry": {"type": "Point", "coordinates": [10.8685588, 59.9246397]}, "properties": {"id": 344344149, "feat_type": "way", "quality_categories": "missing_tags, older_than_five_years", "issue_ids": "[262, 4]", "osm_url": "https://www.openstreetmap.org/way/344344149", "josm_url": "http://127.0.0.1:8111/load_object?new_layer=false&objects=w344344149", "id_url": "https://www.openstreetmap.org/edit?editor=id&way=344344149#map=20/59.9246397/10.8685588"}}, {"type": "Feature", "geometry": {"type": "Point", "coordinates": [10.8713508, 59.9242114]}, "properties": {"id": 344344150, "feat_type": "way", "quality_categories": "older_than_five_years", "issue_ids": "[260]", "osm_url": "https://www.openstreetmap.org/way/344344150", "josm_url": "http://127.0.0.1:8111/load_object?new_layer=false&objects=w344344150", "id_url": "https://www.openstreetmap.org/edit?editor=id&way=344344150#map=20/59.9242114/10.8713508"}}, {"type": "Feature", "geometry": {"type": "Point", "coordinates": [10.81699, 59.9190989]}, "properties": {"id": 344554868, "feat_type": "way", "quality_categories": "older_than_five_years", "issue_ids": "[263]", "osm_url": "https://www.openstreetmap.org/way/344554868", "josm_url": "http://127.0.0.1:8111/load_object?new_layer=false&objects=w344554868", "id_url": "https://www.openstreetmap.org/edit?editor=id&way=344554868#map=20/59.9190989/10.81699"}}, {"type": "Feature", "geometry": {"type": "Point", "coordinates": [10.8449442, 59.9308609]}, "properties": {"id": 344590975, "feat_type": "way", "quality_categories": "missing_tags, older_than_five_years", "issue_ids": "[247, 4]", "osm_url": "https://www.openstreetmap.org/way/344590975", "josm_url": "http://127.0.0.1:8111/load_object?new_layer=false&objects=w344590975", "id_url": "https://www.openstreetmap.org/edit?editor=id&way=344590975#map=20/59.9308609/10.8449442"}}, {"type": "Feature", "geometry": {"type": "Point", "coordinates": [10.8433068, 59.9324883]}, "properties": {"id": 344590981, "feat_type": "way", "quality_categories": "missing_tags, older_than_five_years", "issue_ids": "[247, 4]", "osm_url": "https://www.openstreetmap.org/way/344590981", "josm_url": "http://127.0.0.1:8111/load_object?new_layer=false&objects=w344590981", "id_url": "https://www.openstreetmap.org/edit?editor=id&way=344590981#map=20/59.9324883/10.8433068"}}, {"type": "Feature", "geometry": {"type": "Point", "coordinates": [10.8418175, 59.9294438]}, "properties": {"id": 344590982, "feat_type": "way", "quality_categories": "missing_tags, older_than_five_years", "issue_ids": "[245, 4]", "osm_url": "https://www.openstreetmap.org/way/344590982", "josm_url": "http://127.0.0.1:8111/load_object?new_layer=false&objects=w344590982", "id_url": "https://www.openstreetmap.org/edit?editor=id&way=344590982#map=20/59.9294438/10.8418175"}}, {"type": "Feature", "geometry": {"type": "Point", "coordinates": [10.8520688, 59.9339217]}, "properties": {"id": 344590988, "feat_type": "way", "quality_categories": "missing_tags, older_than_five_years", "issue_ids": "[264, 4]", "osm_url": "https://www.openstreetmap.org/way/344590988", "josm_url": "http://127.0.0.1:8111/load_object?new_layer=false&objects=w344590988", "id_url": "https://www.openstreetmap.org/edit?editor=id&way=344590988#map=20/59.9339217/10.8520688"}}, {"type": "Feature", "geometry": {"type": "Point", "coordinates": [10.8582106, 59.9360168]}, "properties": {"id": 344591003, "feat_type": "way", "quality_categories": "missing_tags, older_than_five_years", "issue_ids": "[265, 4]", "osm_url": "https://www.openstreetmap.org/way/344591003", "josm_url": "http://127.0.0.1:8111/load_object?new_layer=false&objects=w344591003", "id_url": "https://www.openstreetmap.org/edit?editor=id&way=344591003#map=20/59.9360168/10.8582106"}}, {"type": "Feature", "geometry": {"type": "Point", "coordinates": [10.8586737, 59.9372611]}, "properties": {"id": 344591037, "feat_type": "way", "quality_categories": "missing_tags, older_than_five_years", "issue_ids": "[147, 4]", "osm_url": "https://www.openstreetmap.org/way/344591037", "josm_url": "http://127.0.0.1:8111/load_object?new_layer=false&objects=w344591037", "id_url": "https://www.openstreetmap.org/edit?editor=id&way=344591037#map=20/59.9372611/10.8586737"}}, {"type": "Feature", "geometry": {"type": "Point", "coordinates": [10.8618383, 59.9447893]}, "properties": {"id": 344753209, "feat_type": "way", "quality_categories": "missing_tags, older_than_five_years", "issue_ids": "[147, 4]", "osm_url": "https://www.openstreetmap.org/way/344753209", "josm_url": "http://127.0.0.1:8111/load_object?new_layer=false&objects=w344753209", "id_url": "https://www.openstreetmap.org/edit?editor=id&way=344753209#map=20/59.9447893/10.8618383"}}, {"type": "Feature", "geometry": {"type": "Point", "coordinates": [10.8571274, 59.9401178]}, "properties": {"id": 344753211, "feat_type": "way", "quality_categories": "older_than_five_years", "issue_ids": "[143]", "osm_url": "https://www.openstreetmap.org/way/344753211", "josm_url": "http://127.0.0.1:8111/load_object?new_layer=false&objects=w344753211", "id_url": "https://www.openstreetmap.org/edit?editor=id&way=344753211#map=20/59.9401178/10.8571274"}}, {"type": "Feature", "geometry": {"type": "Point", "coordinates": [10.8582249, 59.9388819]}, "properties": {"id": 344753218, "feat_type": "way", "quality_categories": "older_than_five_years", "issue_ids": "[143]", "osm_url": "https://www.openstreetmap.org/way/344753218", "josm_url": "http://127.0.0.1:8111/load_object?new_layer=false&objects=w344753218", "id_url": "https://www.openstreetmap.org/edit?editor=id&way=344753218#map=20/59.9388819/10.8582249"}}, {"type": "Feature", "geometry": {"type": "Point", "coordinates": [10.8566273, 59.9419418]}, "properties": {"id": 344753219, "feat_type": "way", "quality_categories": "older_than_five_years", "issue_ids": "[143]", "osm_url": "https://www.openstreetmap.org/way/344753219", "josm_url": "http://127.0.0.1:8111/load_object?new_layer=false&objects=w344753219", "id_url": "https://www.openstreetmap.org/edit?editor=id&way=344753219#map=20/59.9419418/10.8566273"}}, {"type": "Feature", "geometry": {"type": "Point", "coordinates": [10.8583728, 59.9380249]}, "properties": {"id": 344753238, "feat_type": "way", "quality_categories": "older_than_five_years", "issue_ids": "[143]", "osm_url": "https://www.openstreetmap.org/way/344753238", "josm_url": "http://127.0.0.1:8111/load_object?new_layer=false&objects=w344753238", "id_url": "https://www.openstreetmap.org/edit?editor=id&way=344753238#map=20/59.9380249/10.8583728"}}, {"type": "Feature", "geometry": {"type": "Point", "coordinates": [10.8637756, 59.9485894]}, "properties": {"id": 344753239, "feat_type": "way", "quality_categories": "missing_tags, older_than_five_years", "issue_ids": "[148, 4]", "osm_url": "https://www.openstreetmap.org/way/344753239", "josm_url": "http://127.0.0.1:8111/load_object?new_layer=false&objects=w344753239", "id_url": "https://www.openstreetmap.org/edit?editor=id&way=344753239#map=20/59.9485894/10.8637756"}}, {"type": "Feature", "geometry": {"type": "Point", "coordinates": [10.8662628, 59.9516668]}, "properties": {"id": 344753243, "feat_type": "way", "quality_categories": "older_than_five_years", "issue_ids": "[149]", "osm_url": "https://www.openstreetmap.org/way/344753243", "josm_url": "http://127.0.0.1:8111/load_object?new_layer=false&objects=w344753243", "id_url": "https://www.openstreetmap.org/edit?editor=id&way=344753243#map=20/59.9516668/10.8662628"}}, {"type": "Feature", "geometry": {"type": "Point", "coordinates": [10.8637997, 59.9466478]}, "properties": {"id": 344753252, "feat_type": "way", "quality_categories": "older_than_five_years", "issue_ids": "[148]", "osm_url": "https://www.openstreetmap.org/way/344753252", "josm_url": "http://127.0.0.1:8111/load_object?new_layer=false&objects=w344753252", "id_url": "https://www.openstreetmap.org/edit?editor=id&way=344753252#map=20/59.9466478/10.8637997"}}, {"type": "Feature", "geometry": {"type": "Point", "coordinates": [10.8583424, 59.9405259]}, "properties": {"id": 344753253, "feat_type": "way", "quality_categories": "older_than_five_years", "issue_ids": "[143]", "osm_url": "https://www.openstreetmap.org/way/344753253", "josm_url": "http://127.0.0.1:8111/load_object?new_layer=false&objects=w344753253", "id_url": "https://www.openstreetmap.org/edit?editor=id&way=344753253#map=20/59.9405259/10.8583424"}}, {"type": "Feature", "geometry": {"type": "Point", "coordinates": [10.8663725, 59.9518396]}, "properties": {"id": 344761103, "feat_type": "way", "quality_categories": "older_than_five_years", "issue_ids": "[149]", "osm_url": "https://www.openstreetmap.org/way/344761103", "josm_url": "http://127.0.0.1:8111/load_object?new_layer=false&objects=w344761103", "id_url": "https://www.openstreetmap.org/edit?editor=id&way=344761103#map=20/59.9518396/10.8663725"}}, {"type": "Feature", "geometry": {"type": "Point", "coordinates": [10.851534, 59.9299205]}, "properties": {"id": 344889182, "feat_type": "way", "quality_categories": "older_than_five_years", "issue_ids": "[266]", "osm_url": "https://www.openstreetmap.org/way/344889182", "josm_url": "http://127.0.0.1:8111/load_object?new_layer=false&objects=w344889182", "id_url": "https://www.openstreetmap.org/edit?editor=id&way=344889182#map=20/59.9299205/10.851534"}}, {"type": "Feature", "geometry": {"type": "Point", "coordinates": [10.8619816, 59.9314216]}, "properties": {"id": 344889229, "feat_type": "way", "quality_categories": "missing_tags, older_than_five_years", "issue_ids": "[147, 4]", "osm_url": "https://www.openstreetmap.org/way/344889229", "josm_url": "http://127.0.0.1:8111/load_object?new_layer=false&objects=w344889229", "id_url": "https://www.openstreetmap.org/edit?editor=id&way=344889229#map=20/59.9314216/10.8619816"}}, {"type": "Feature", "geometry": {"type": "Point", "coordinates": [10.8597909, 59.9327828]}, "properties": {"id": 344889231, "feat_type": "way", "quality_categories": "missing_tags, older_than_five_years", "issue_ids": "[267, 4]", "osm_url": "https://www.openstreetmap.org/way/344889231", "josm_url": "http://127.0.0.1:8111/load_object?new_layer=false&objects=w344889231", "id_url": "https://www.openstreetmap.org/edit?editor=id&way=344889231#map=20/59.9327828/10.8597909"}}, {"type": "Feature", "geometry": {"type": "Point", "coordinates": [10.8258717, 59.9152718]}, "properties": {"id": 345559238, "feat_type": "way", "quality_categories": "older_than_five_years", "issue_ids": "[22]", "osm_url": "https://www.openstreetmap.org/way/345559238", "josm_url": "http://127.0.0.1:8111/load_object?new_layer=false&objects=w345559238", "id_url": "https://www.openstreetmap.org/edit?editor=id&way=345559238#map=20/59.9152718/10.8258717"}}, {"type": "Feature", "geometry": {"type": "Point", "coordinates": [10.8336065, 59.9227586]}, "properties": {"id": 345559244, "feat_type": "way", "quality_categories": "older_than_five_years", "issue_ids": "[0]", "osm_url": "https://www.openstreetmap.org/way/345559244", "josm_url": "http://127.0.0.1:8111/load_object?new_layer=false&objects=w345559244", "id_url": "https://www.openstreetmap.org/edit?editor=id&way=345559244#map=20/59.9227586/10.8336065"}}, {"type": "Feature", "geometry": {"type": "Point", "coordinates": [10.8172222, 59.9126957]}, "properties": {"id": 345606281, "feat_type": "way", "quality_categories": "older_than_five_years", "issue_ids": "[22]", "osm_url": "https://www.openstreetmap.org/way/345606281", "josm_url": "http://127.0.0.1:8111/load_object?new_layer=false&objects=w345606281", "id_url": "https://www.openstreetmap.org/edit?editor=id&way=345606281#map=20/59.9126957/10.8172222"}}, {"type": "Feature", "geometry": {"type": "Point", "coordinates": [10.8173797, 59.9125442]}, "properties": {"id": 345606282, "feat_type": "way", "quality_categories": "older_than_five_years", "issue_ids": "[22]", "osm_url": "https://www.openstreetmap.org/way/345606282", "josm_url": "http://127.0.0.1:8111/load_object?new_layer=false&objects=w345606282", "id_url": "https://www.openstreetmap.org/edit?editor=id&way=345606282#map=20/59.9125442/10.8173797"}}, {"type": "Feature", "geometry": {"type": "Point", "coordinates": [10.8172582, 59.9127003]}, "properties": {"id": 345606286, "feat_type": "way", "quality_categories": "older_than_five_years", "issue_ids": "[22]", "osm_url": "https://www.openstreetmap.org/way/345606286", "josm_url": "http://127.0.0.1:8111/load_object?new_layer=false&objects=w345606286", "id_url": "https://www.openstreetmap.org/edit?editor=id&way=345606286#map=20/59.9127003/10.8172582"}}, {"type": "Feature", "geometry": {"type": "Point", "coordinates": [10.8225893, 59.9120618]}, "properties": {"id": 345606292, "feat_type": "way", "quality_categories": "older_than_five_years", "issue_ids": "[22]", "osm_url": "https://www.openstreetmap.org/way/345606292", "josm_url": "http://127.0.0.1:8111/load_object?new_layer=false&objects=w345606292", "id_url": "https://www.openstreetmap.org/edit?editor=id&way=345606292#map=20/59.9120618/10.8225893"}}, {"type": "Feature", "geometry": {"type": "Point", "coordinates": [10.8826582, 59.9585057]}, "properties": {"id": 345711471, "feat_type": "way", "quality_categories": "older_than_five_years", "issue_ids": "[14]", "osm_url": "https://www.openstreetmap.org/way/345711471", "josm_url": "http://127.0.0.1:8111/load_object?new_layer=false&objects=w345711471", "id_url": "https://www.openstreetmap.org/edit?editor=id&way=345711471#map=20/59.9585057/10.8826582"}}, {"type": "Feature", "geometry": {"type": "Point", "coordinates": [10.8767966, 59.9544198]}, "properties": {"id": 345711494, "feat_type": "way", "quality_categories": "missing_tags, older_than_five_years", "issue_ids": "[145, 4]", "osm_url": "https://www.openstreetmap.org/way/345711494", "josm_url": "http://127.0.0.1:8111/load_object?new_layer=false&objects=w345711494", "id_url": "https://www.openstreetmap.org/edit?editor=id&way=345711494#map=20/59.9544198/10.8767966"}}, {"type": "Feature", "geometry": {"type": "Point", "coordinates": [10.8793479, 59.9558147]}, "properties": {"id": 345711497, "feat_type": "way", "quality_categories": "missing_tags, older_than_five_years", "issue_ids": "[145, 4]", "osm_url": "https://www.openstreetmap.org/way/345711497", "josm_url": "http://127.0.0.1:8111/load_object?new_layer=false&objects=w345711497", "id_url": "https://www.openstreetmap.org/edit?editor=id&way=345711497#map=20/59.9558147/10.8793479"}}, {"type": "Feature", "geometry": {"type": "Point", "coordinates": [10.8805853, 59.9558728]}, "properties": {"id": 345711504, "feat_type": "way", "quality_categories": "missing_tags, older_than_five_years", "issue_ids": "[145, 4]", "osm_url": "https://www.openstreetmap.org/way/345711504", "josm_url": "http://127.0.0.1:8111/load_object?new_layer=false&objects=w345711504", "id_url": "https://www.openstreetmap.org/edit?editor=id&way=345711504#map=20/59.9558728/10.8805853"}}, {"type": "Feature", "geometry": {"type": "Point", "coordinates": [10.7320632, 59.9450278]}, "properties": {"id": 347237845, "feat_type": "way", "quality_categories": "older_than_five_years", "issue_ids": "[19]", "osm_url": "https://www.openstreetmap.org/way/347237845", "josm_url": "http://127.0.0.1:8111/load_object?new_layer=false&objects=w347237845", "id_url": "https://www.openstreetmap.org/edit?editor=id&way=347237845#map=20/59.9450278/10.7320632"}}, {"type": "Feature", "geometry": {"type": "Point", "coordinates": [10.7329087, 59.9573975]}, "properties": {"id": 347272001, "feat_type": "way", "quality_categories": "older_than_five_years", "issue_ids": "[10]", "osm_url": "https://www.openstreetmap.org/way/347272001", "josm_url": "http://127.0.0.1:8111/load_object?new_layer=false&objects=w347272001", "id_url": "https://www.openstreetmap.org/edit?editor=id&way=347272001#map=20/59.9573975/10.7329087"}}, {"type": "Feature", "geometry": {"type": "Point", "coordinates": [10.7326581, 59.9589328]}, "properties": {"id": 347272002, "feat_type": "way", "quality_categories": "older_than_five_years", "issue_ids": "[10]", "osm_url": "https://www.openstreetmap.org/way/347272002", "josm_url": "http://127.0.0.1:8111/load_object?new_layer=false&objects=w347272002", "id_url": "https://www.openstreetmap.org/edit?editor=id&way=347272002#map=20/59.9589328/10.7326581"}}, {"type": "Feature", "geometry": {"type": "Point", "coordinates": [10.7340969, 59.9606698]}, "properties": {"id": 347272004, "feat_type": "way", "quality_categories": "older_than_five_years", "issue_ids": "[245]", "osm_url": "https://www.openstreetmap.org/way/347272004", "josm_url": "http://127.0.0.1:8111/load_object?new_layer=false&objects=w347272004", "id_url": "https://www.openstreetmap.org/edit?editor=id&way=347272004#map=20/59.9606698/10.7340969"}}, {"type": "Feature", "geometry": {"type": "Point", "coordinates": [10.7321584, 59.9557437]}, "properties": {"id": 347272005, "feat_type": "way", "quality_categories": "older_than_five_years", "issue_ids": "[10]", "osm_url": "https://www.openstreetmap.org/way/347272005", "josm_url": "http://127.0.0.1:8111/load_object?new_layer=false&objects=w347272005", "id_url": "https://www.openstreetmap.org/edit?editor=id&way=347272005#map=20/59.9557437/10.7321584"}}, {"type": "Feature", "geometry": {"type": "Point", "coordinates": [10.7325436, 59.956592]}, "properties": {"id": 347272006, "feat_type": "way", "quality_categories": "older_than_five_years", "issue_ids": "[10]", "osm_url": "https://www.openstreetmap.org/way/347272006", "josm_url": "http://127.0.0.1:8111/load_object?new_layer=false&objects=w347272006", "id_url": "https://www.openstreetmap.org/edit?editor=id&way=347272006#map=20/59.956592/10.7325436"}}, {"type": "Feature", "geometry": {"type": "Point", "coordinates": [10.7354092, 59.9612897]}, "properties": {"id": 347272025, "feat_type": "way", "quality_categories": "older_than_five_years", "issue_ids": "[245]", "osm_url": "https://www.openstreetmap.org/way/347272025", "josm_url": "http://127.0.0.1:8111/load_object?new_layer=false&objects=w347272025", "id_url": "https://www.openstreetmap.org/edit?editor=id&way=347272025#map=20/59.9612897/10.7354092"}}, {"type": "Feature", "geometry": {"type": "Point", "coordinates": [10.73411, 59.9621057]}, "properties": {"id": 347272026, "feat_type": "way", "quality_categories": "older_than_five_years", "issue_ids": "[245]", "osm_url": "https://www.openstreetmap.org/way/347272026", "josm_url": "http://127.0.0.1:8111/load_object?new_layer=false&objects=w347272026", "id_url": "https://www.openstreetmap.org/edit?editor=id&way=347272026#map=20/59.9621057/10.73411"}}, {"type": "Feature", "geometry": {"type": "Point", "coordinates": [10.7486379, 59.9608264]}, "properties": {"id": 347301759, "feat_type": "way", "quality_categories": "older_than_five_years", "issue_ids": "[190]", "osm_url": "https://www.openstreetmap.org/way/347301759", "josm_url": "http://127.0.0.1:8111/load_object?new_layer=false&objects=w347301759", "id_url": "https://www.openstreetmap.org/edit?editor=id&way=347301759#map=20/59.9608264/10.7486379"}}, {"type": "Feature", "geometry": {"type": "Point", "coordinates": [10.7479601, 59.9602753]}, "properties": {"id": 347301760, "feat_type": "way", "quality_categories": "older_than_five_years", "issue_ids": "[10]", "osm_url": "https://www.openstreetmap.org/way/347301760", "josm_url": "http://127.0.0.1:8111/load_object?new_layer=false&objects=w347301760", "id_url": "https://www.openstreetmap.org/edit?editor=id&way=347301760#map=20/59.9602753/10.7479601"}}, {"type": "Feature", "geometry": {"type": "Point", "coordinates": [10.7551588, 59.9591291]}, "properties": {"id": 347301761, "feat_type": "way", "quality_categories": "older_than_five_years", "issue_ids": "[74]", "osm_url": "https://www.openstreetmap.org/way/347301761", "josm_url": "http://127.0.0.1:8111/load_object?new_layer=false&objects=w347301761", "id_url": "https://www.openstreetmap.org/edit?editor=id&way=347301761#map=20/59.9591291/10.7551588"}}, {"type": "Feature", "geometry": {"type": "Point", "coordinates": [10.7447848, 59.9613038]}, "properties": {"id": 347301788, "feat_type": "way", "quality_categories": "older_than_five_years", "issue_ids": "[74]", "osm_url": "https://www.openstreetmap.org/way/347301788", "josm_url": "http://127.0.0.1:8111/load_object?new_layer=false&objects=w347301788", "id_url": "https://www.openstreetmap.org/edit?editor=id&way=347301788#map=20/59.9613038/10.7447848"}}, {"type": "Feature", "geometry": {"type": "Point", "coordinates": [10.7597093, 59.9581612]}, "properties": {"id": 347301789, "feat_type": "way", "quality_categories": "older_than_five_years", "issue_ids": "[245]", "osm_url": "https://www.openstreetmap.org/way/347301789", "josm_url": "http://127.0.0.1:8111/load_object?new_layer=false&objects=w347301789", "id_url": "https://www.openstreetmap.org/edit?editor=id&way=347301789#map=20/59.9581612/10.7597093"}}, {"type": "Feature", "geometry": {"type": "Point", "coordinates": [10.747011, 59.9611061]}, "properties": {"id": 347301790, "feat_type": "way", "quality_categories": "older_than_five_years", "issue_ids": "[74]", "osm_url": "https://www.openstreetmap.org/way/347301790", "josm_url": "http://127.0.0.1:8111/load_object?new_layer=false&objects=w347301790", "id_url": "https://www.openstreetmap.org/edit?editor=id&way=347301790#map=20/59.9611061/10.747011"}}, {"type": "Feature", "geometry": {"type": "Point", "coordinates": [10.752844, 59.959515]}, "properties": {"id": 347301793, "feat_type": "way", "quality_categories": "older_than_five_years", "issue_ids": "[74]", "osm_url": "https://www.openstreetmap.org/way/347301793", "josm_url": "http://127.0.0.1:8111/load_object?new_layer=false&objects=w347301793", "id_url": "https://www.openstreetmap.org/edit?editor=id&way=347301793#map=20/59.959515/10.752844"}}, {"type": "Feature", "geometry": {"type": "Point", "coordinates": [10.7930135, 59.949505]}, "properties": {"id": 347630157, "feat_type": "way", "quality_categories": "older_than_five_years", "issue_ids": "[70]", "osm_url": "https://www.openstreetmap.org/way/347630157", "josm_url": "http://127.0.0.1:8111/load_object?new_layer=false&objects=w347630157", "id_url": "https://www.openstreetmap.org/edit?editor=id&way=347630157#map=20/59.949505/10.7930135"}}, {"type": "Feature", "geometry": {"type": "Point", "coordinates": [10.7959308, 59.9514182]}, "properties": {"id": 347630168, "feat_type": "way", "quality_categories": "older_than_five_years", "issue_ids": "[218]", "osm_url": "https://www.openstreetmap.org/way/347630168", "josm_url": "http://127.0.0.1:8111/load_object?new_layer=false&objects=w347630168", "id_url": "https://www.openstreetmap.org/edit?editor=id&way=347630168#map=20/59.9514182/10.7959308"}}, {"type": "Feature", "geometry": {"type": "Point", "coordinates": [10.7984652, 59.9479407]}, "properties": {"id": 347636559, "feat_type": "way", "quality_categories": "older_than_five_years", "issue_ids": "[268]", "osm_url": "https://www.openstreetmap.org/way/347636559", "josm_url": "http://127.0.0.1:8111/load_object?new_layer=false&objects=w347636559", "id_url": "https://www.openstreetmap.org/edit?editor=id&way=347636559#map=20/59.9479407/10.7984652"}}, {"type": "Feature", "geometry": {"type": "Point", "coordinates": [10.8048532, 59.9455066]}, "properties": {"id": 347636560, "feat_type": "way", "quality_categories": "older_than_five_years", "issue_ids": "[269]", "osm_url": "https://www.openstreetmap.org/way/347636560", "josm_url": "http://127.0.0.1:8111/load_object?new_layer=false&objects=w347636560", "id_url": "https://www.openstreetmap.org/edit?editor=id&way=347636560#map=20/59.9455066/10.8048532"}}, {"type": "Feature", "geometry": {"type": "Point", "coordinates": [10.8028854, 59.9473191]}, "properties": {"id": 347636561, "feat_type": "way", "quality_categories": "older_than_five_years", "issue_ids": "[218]", "osm_url": "https://www.openstreetmap.org/way/347636561", "josm_url": "http://127.0.0.1:8111/load_object?new_layer=false&objects=w347636561", "id_url": "https://www.openstreetmap.org/edit?editor=id&way=347636561#map=20/59.9473191/10.8028854"}}, {"type": "Feature", "geometry": {"type": "Point", "coordinates": [10.8048356, 59.9475989]}, "properties": {"id": 347636562, "feat_type": "way", "quality_categories": "older_than_five_years", "issue_ids": "[268]", "osm_url": "https://www.openstreetmap.org/way/347636562", "josm_url": "http://127.0.0.1:8111/load_object?new_layer=false&objects=w347636562", "id_url": "https://www.openstreetmap.org/edit?editor=id&way=347636562#map=20/59.9475989/10.8048356"}}, {"type": "Feature", "geometry": {"type": "Point", "coordinates": [10.7999286, 59.9482535]}, "properties": {"id": 347636563, "feat_type": "way", "quality_categories": "older_than_five_years", "issue_ids": "[270]", "osm_url": "https://www.openstreetmap.org/way/347636563", "josm_url": "http://127.0.0.1:8111/load_object?new_layer=false&objects=w347636563", "id_url": "https://www.openstreetmap.org/edit?editor=id&way=347636563#map=20/59.9482535/10.7999286"}}, {"type": "Feature", "geometry": {"type": "Point", "coordinates": [10.8020498, 59.94752]}, "properties": {"id": 347636573, "feat_type": "way", "quality_categories": "older_than_five_years", "issue_ids": "[269]", "osm_url": "https://www.openstreetmap.org/way/347636573", "josm_url": "http://127.0.0.1:8111/load_object?new_layer=false&objects=w347636573", "id_url": "https://www.openstreetmap.org/edit?editor=id&way=347636573#map=20/59.94752/10.8020498"}}, {"type": "Feature", "geometry": {"type": "Point", "coordinates": [10.8652244, 59.9280699]}, "properties": {"id": 347646436, "feat_type": "way", "quality_categories": "older_than_five_years", "issue_ids": "[0]", "osm_url": "https://www.openstreetmap.org/way/347646436", "josm_url": "http://127.0.0.1:8111/load_object?new_layer=false&objects=w347646436", "id_url": "https://www.openstreetmap.org/edit?editor=id&way=347646436#map=20/59.9280699/10.8652244"}}, {"type": "Feature", "geometry": {"type": "Point", "coordinates": [10.8811566, 59.9329428]}, "properties": {"id": 347943832, "feat_type": "way", "quality_categories": "missing_tags, older_than_five_years", "issue_ids": "[271, 4]", "osm_url": "https://www.openstreetmap.org/way/347943832", "josm_url": "http://127.0.0.1:8111/load_object?new_layer=false&objects=w347943832", "id_url": "https://www.openstreetmap.org/edit?editor=id&way=347943832#map=20/59.9329428/10.8811566"}}, {"type": "Feature", "geometry": {"type": "Point", "coordinates": [10.8709383, 59.9298588]}, "properties": {"id": 347943852, "feat_type": "way", "quality_categories": "missing_tags, older_than_five_years", "issue_ids": "[272, 4]", "osm_url": "https://www.openstreetmap.org/way/347943852", "josm_url": "http://127.0.0.1:8111/load_object?new_layer=false&objects=w347943852", "id_url": "https://www.openstreetmap.org/edit?editor=id&way=347943852#map=20/59.9298588/10.8709383"}}, {"type": "Feature", "geometry": {"type": "Point", "coordinates": [10.9275158, 59.937298]}, "properties": {"id": 347989959, "feat_type": "way", "quality_categories": "missing_tags, older_than_five_years", "issue_ids": "[273, 4]", "osm_url": "https://www.openstreetmap.org/way/347989959", "josm_url": "http://127.0.0.1:8111/load_object?new_layer=false&objects=w347989959", "id_url": "https://www.openstreetmap.org/edit?editor=id&way=347989959#map=20/59.937298/10.9275158"}}, {"type": "Feature", "geometry": {"type": "Point", "coordinates": [10.9199373, 59.9411694]}, "properties": {"id": 347989965, "feat_type": "way", "quality_categories": "missing_tags, older_than_five_years", "issue_ids": "[272, 4]", "osm_url": "https://www.openstreetmap.org/way/347989965", "josm_url": "http://127.0.0.1:8111/load_object?new_layer=false&objects=w347989965", "id_url": "https://www.openstreetmap.org/edit?editor=id&way=347989965#map=20/59.9411694/10.9199373"}}, {"type": "Feature", "geometry": {"type": "Point", "coordinates": [10.9217336, 59.9413636]}, "properties": {"id": 347989966, "feat_type": "way", "quality_categories": "missing_tags, older_than_five_years", "issue_ids": "[272, 4]", "osm_url": "https://www.openstreetmap.org/way/347989966", "josm_url": "http://127.0.0.1:8111/load_object?new_layer=false&objects=w347989966", "id_url": "https://www.openstreetmap.org/edit?editor=id&way=347989966#map=20/59.9413636/10.9217336"}}, {"type": "Feature", "geometry": {"type": "Point", "coordinates": [10.9294636, 59.937086]}, "properties": {"id": 347989969, "feat_type": "way", "quality_categories": "missing_tags, older_than_five_years", "issue_ids": "[5, 4]", "osm_url": "https://www.openstreetmap.org/way/347989969", "josm_url": "http://127.0.0.1:8111/load_object?new_layer=false&objects=w347989969", "id_url": "https://www.openstreetmap.org/edit?editor=id&way=347989969#map=20/59.937086/10.9294636"}}, {"type": "Feature", "geometry": {"type": "Point", "coordinates": [10.9171052, 59.9366028]}, "properties": {"id": 348761396, "feat_type": "way", "quality_categories": "missing_tags, older_than_five_years", "issue_ids": "[274, 4]", "osm_url": "https://www.openstreetmap.org/way/348761396", "josm_url": "http://127.0.0.1:8111/load_object?new_layer=false&objects=w348761396", "id_url": "https://www.openstreetmap.org/edit?editor=id&way=348761396#map=20/59.9366028/10.9171052"}}, {"type": "Feature", "geometry": {"type": "Point", "coordinates": [10.8771352, 59.9545903]}, "properties": {"id": 349267993, "feat_type": "way", "quality_categories": "missing_tags, older_than_five_years", "issue_ids": "[275, 4]", "osm_url": "https://www.openstreetmap.org/way/349267993", "josm_url": "http://127.0.0.1:8111/load_object?new_layer=false&objects=w349267993", "id_url": "https://www.openstreetmap.org/edit?editor=id&way=349267993#map=20/59.9545903/10.8771352"}}, {"type": "Feature", "geometry": {"type": "Point", "coordinates": [10.8729935, 59.9533826]}, "properties": {"id": 349267994, "feat_type": "way", "quality_categories": "older_than_five_years", "issue_ids": "[145]", "osm_url": "https://www.openstreetmap.org/way/349267994", "josm_url": "http://127.0.0.1:8111/load_object?new_layer=false&objects=w349267994", "id_url": "https://www.openstreetmap.org/edit?editor=id&way=349267994#map=20/59.9533826/10.8729935"}}, {"type": "Feature", "geometry": {"type": "Point", "coordinates": [10.8735313, 59.9534361]}, "properties": {"id": 349267995, "feat_type": "way", "quality_categories": "older_than_five_years", "issue_ids": "[145]", "osm_url": "https://www.openstreetmap.org/way/349267995", "josm_url": "http://127.0.0.1:8111/load_object?new_layer=false&objects=w349267995", "id_url": "https://www.openstreetmap.org/edit?editor=id&way=349267995#map=20/59.9534361/10.8735313"}}, {"type": "Feature", "geometry": {"type": "Point", "coordinates": [10.8790612, 59.9548166]}, "properties": {"id": 349267999, "feat_type": "way", "quality_categories": "missing_tags, older_than_five_years", "issue_ids": "[145, 4]", "osm_url": "https://www.openstreetmap.org/way/349267999", "josm_url": "http://127.0.0.1:8111/load_object?new_layer=false&objects=w349267999", "id_url": "https://www.openstreetmap.org/edit?editor=id&way=349267999#map=20/59.9548166/10.8790612"}}, {"type": "Feature", "geometry": {"type": "Point", "coordinates": [10.8235446, 59.8536271]}, "properties": {"id": 350649607, "feat_type": "way", "quality_categories": "older_than_five_years", "issue_ids": "[6]", "osm_url": "https://www.openstreetmap.org/way/350649607", "josm_url": "http://127.0.0.1:8111/load_object?new_layer=false&objects=w350649607", "id_url": "https://www.openstreetmap.org/edit?editor=id&way=350649607#map=20/59.8536271/10.8235446"}}, {"type": "Feature", "geometry": {"type": "Point", "coordinates": [10.6378883, 59.950493]}, "properties": {"id": 352864133, "feat_type": "way", "quality_categories": "missing_tags, older_than_five_years", "issue_ids": "[276, 4]", "osm_url": "https://www.openstreetmap.org/way/352864133", "josm_url": "http://127.0.0.1:8111/load_object?new_layer=false&objects=w352864133", "id_url": "https://www.openstreetmap.org/edit?editor=id&way=352864133#map=20/59.950493/10.6378883"}}, {"type": "Feature", "geometry": {"type": "Point", "coordinates": [10.6479385, 59.946681]}, "properties": {"id": 352864138, "feat_type": "way", "quality_categories": "older_than_five_years", "issue_ids": "[15]", "osm_url": "https://www.openstreetmap.org/way/352864138", "josm_url": "http://127.0.0.1:8111/load_object?new_layer=false&objects=w352864138", "id_url": "https://www.openstreetmap.org/edit?editor=id&way=352864138#map=20/59.946681/10.6479385"}}, {"type": "Feature", "geometry": {"type": "Point", "coordinates": [10.6467506, 59.9471446]}, "properties": {"id": 352864141, "feat_type": "way", "quality_categories": "missing_tags, older_than_five_years", "issue_ids": "[15, 4]", "osm_url": "https://www.openstreetmap.org/way/352864141", "josm_url": "http://127.0.0.1:8111/load_object?new_layer=false&objects=w352864141", "id_url": "https://www.openstreetmap.org/edit?editor=id&way=352864141#map=20/59.9471446/10.6467506"}}, {"type": "Feature", "geometry": {"type": "Point", "coordinates": [10.6339734, 59.9527114]}, "properties": {"id": 352869796, "feat_type": "way", "quality_categories": "missing_tags, older_than_five_years", "issue_ids": "[276, 4]", "osm_url": "https://www.openstreetmap.org/way/352869796", "josm_url": "http://127.0.0.1:8111/load_object?new_layer=false&objects=w352869796", "id_url": "https://www.openstreetmap.org/edit?editor=id&way=352869796#map=20/59.9527114/10.6339734"}}, {"type": "Feature", "geometry": {"type": "Point", "coordinates": [10.6339279, 59.9526228]}, "properties": {"id": 352869800, "feat_type": "way", "quality_categories": "missing_tags, older_than_five_years", "issue_ids": "[276, 4]", "osm_url": "https://www.openstreetmap.org/way/352869800", "josm_url": "http://127.0.0.1:8111/load_object?new_layer=false&objects=w352869800", "id_url": "https://www.openstreetmap.org/edit?editor=id&way=352869800#map=20/59.9526228/10.6339279"}}, {"type": "Feature", "geometry": {"type": "Point", "coordinates": [10.8264605, 59.9122374]}, "properties": {"id": 353222197, "feat_type": "way", "quality_categories": "older_than_five_years", "issue_ids": "[184]", "osm_url": "https://www.openstreetmap.org/way/353222197", "josm_url": "http://127.0.0.1:8111/load_object?new_layer=false&objects=w353222197", "id_url": "https://www.openstreetmap.org/edit?editor=id&way=353222197#map=20/59.9122374/10.8264605"}}, {"type": "Feature", "geometry": {"type": "Point", "coordinates": [10.8356069, 59.8241322]}, "properties": {"id": 354118860, "feat_type": "way", "quality_categories": "missing_tags, older_than_five_years", "issue_ids": "[277, 4]", "osm_url": "https://www.openstreetmap.org/way/354118860", "josm_url": "http://127.0.0.1:8111/load_object?new_layer=false&objects=w354118860", "id_url": "https://www.openstreetmap.org/edit?editor=id&way=354118860#map=20/59.8241322/10.8356069"}}, {"type": "Feature", "geometry": {"type": "Point", "coordinates": [10.8428613, 59.8196156]}, "properties": {"id": 354118861, "feat_type": "way", "quality_categories": "missing_tags, older_than_five_years", "issue_ids": "[208, 4]", "osm_url": "https://www.openstreetmap.org/way/354118861", "josm_url": "http://127.0.0.1:8111/load_object?new_layer=false&objects=w354118861", "id_url": "https://www.openstreetmap.org/edit?editor=id&way=354118861#map=20/59.8196156/10.8428613"}}, {"type": "Feature", "geometry": {"type": "Point", "coordinates": [10.8357025, 59.8235367]}, "properties": {"id": 354118862, "feat_type": "way", "quality_categories": "missing_tags, older_than_five_years", "issue_ids": "[278, 4]", "osm_url": "https://www.openstreetmap.org/way/354118862", "josm_url": "http://127.0.0.1:8111/load_object?new_layer=false&objects=w354118862", "id_url": "https://www.openstreetmap.org/edit?editor=id&way=354118862#map=20/59.8235367/10.8357025"}}, {"type": "Feature", "geometry": {"type": "Point", "coordinates": [10.837592, 59.8307129]}, "properties": {"id": 354118864, "feat_type": "way", "quality_categories": "older_than_five_years", "issue_ids": "[279]", "osm_url": "https://www.openstreetmap.org/way/354118864", "josm_url": "http://127.0.0.1:8111/load_object?new_layer=false&objects=w354118864", "id_url": "https://www.openstreetmap.org/edit?editor=id&way=354118864#map=20/59.8307129/10.837592"}}, {"type": "Feature", "geometry": {"type": "Point", "coordinates": [10.8392008, 59.8213567]}, "properties": {"id": 354118870, "feat_type": "way", "quality_categories": "missing_tags, older_than_five_years", "issue_ids": "[278, 4]", "osm_url": "https://www.openstreetmap.org/way/354118870", "josm_url": "http://127.0.0.1:8111/load_object?new_layer=false&objects=w354118870", "id_url": "https://www.openstreetmap.org/edit?editor=id&way=354118870#map=20/59.8213567/10.8392008"}}, {"type": "Feature", "geometry": {"type": "Point", "coordinates": [10.8352768, 59.8250397]}, "properties": {"id": 354118871, "feat_type": "way", "quality_categories": "missing_tags, older_than_five_years", "issue_ids": "[280, 4]", "osm_url": "https://www.openstreetmap.org/way/354118871", "josm_url": "http://127.0.0.1:8111/load_object?new_layer=false&objects=w354118871", "id_url": "https://www.openstreetmap.org/edit?editor=id&way=354118871#map=20/59.8250397/10.8352768"}}, {"type": "Feature", "geometry": {"type": "Point", "coordinates": [10.8357783, 59.8261293]}, "properties": {"id": 354118874, "feat_type": "way", "quality_categories": "missing_tags, older_than_five_years", "issue_ids": "[281, 4]", "osm_url": "https://www.openstreetmap.org/way/354118874", "josm_url": "http://127.0.0.1:8111/load_object?new_layer=false&objects=w354118874", "id_url": "https://www.openstreetmap.org/edit?editor=id&way=354118874#map=20/59.8261293/10.8357783"}}, {"type": "Feature", "geometry": {"type": "Point", "coordinates": [10.8355158, 59.8363007]}, "properties": {"id": 354118880, "feat_type": "way", "quality_categories": "missing_tags, older_than_five_years", "issue_ids": "[282, 4]", "osm_url": "https://www.openstreetmap.org/way/354118880", "josm_url": "http://127.0.0.1:8111/load_object?new_layer=false&objects=w354118880", "id_url": "https://www.openstreetmap.org/edit?editor=id&way=354118880#map=20/59.8363007/10.8355158"}}, {"type": "Feature", "geometry": {"type": "Point", "coordinates": [10.7627935, 59.9125741]}, "properties": {"id": 354907923, "feat_type": "way", "quality_categories": "older_than_five_years", "issue_ids": "[283]", "osm_url": "https://www.openstreetmap.org/way/354907923", "josm_url": "http://127.0.0.1:8111/load_object?new_layer=false&objects=w354907923", "id_url": "https://www.openstreetmap.org/edit?editor=id&way=354907923#map=20/59.9125741/10.7627935"}}, {"type": "Feature", "geometry": {"type": "Point", "coordinates": [10.7659243, 59.913314]}, "properties": {"id": 354907925, "feat_type": "way", "quality_categories": "older_than_five_years", "issue_ids": "[224]", "osm_url": "https://www.openstreetmap.org/way/354907925", "josm_url": "http://127.0.0.1:8111/load_object?new_layer=false&objects=w354907925", "id_url": "https://www.openstreetmap.org/edit?editor=id&way=354907925#map=20/59.913314/10.7659243"}}, {"type": "Feature", "geometry": {"type": "Point", "coordinates": [10.7693113, 59.9148135]}, "properties": {"id": 354907926, "feat_type": "way", "quality_categories": "older_than_five_years", "issue_ids": "[118]", "osm_url": "https://www.openstreetmap.org/way/354907926", "josm_url": "http://127.0.0.1:8111/load_object?new_layer=false&objects=w354907926", "id_url": "https://www.openstreetmap.org/edit?editor=id&way=354907926#map=20/59.9148135/10.7693113"}}, {"type": "Feature", "geometry": {"type": "Point", "coordinates": [10.76434, 59.9128671]}, "properties": {"id": 354907929, "feat_type": "way", "quality_categories": "older_than_five_years", "issue_ids": "[26]", "osm_url": "https://www.openstreetmap.org/way/354907929", "josm_url": "http://127.0.0.1:8111/load_object?new_layer=false&objects=w354907929", "id_url": "https://www.openstreetmap.org/edit?editor=id&way=354907929#map=20/59.9128671/10.76434"}}, {"type": "Feature", "geometry": {"type": "Point", "coordinates": [10.7866564, 59.9222035]}, "properties": {"id": 355182889, "feat_type": "way", "quality_categories": "older_than_five_years", "issue_ids": "[7]", "osm_url": "https://www.openstreetmap.org/way/355182889", "josm_url": "http://127.0.0.1:8111/load_object?new_layer=false&objects=w355182889", "id_url": "https://www.openstreetmap.org/edit?editor=id&way=355182889#map=20/59.9222035/10.7866564"}}, {"type": "Feature", "geometry": {"type": "Point", "coordinates": [10.7866113, 59.9225731]}, "properties": {"id": 355182893, "feat_type": "way", "quality_categories": "older_than_five_years", "issue_ids": "[7]", "osm_url": "https://www.openstreetmap.org/way/355182893", "josm_url": "http://127.0.0.1:8111/load_object?new_layer=false&objects=w355182893", "id_url": "https://www.openstreetmap.org/edit?editor=id&way=355182893#map=20/59.9225731/10.7866113"}}, {"type": "Feature", "geometry": {"type": "Point", "coordinates": [10.8102198, 59.9286086]}, "properties": {"id": 355281628, "feat_type": "way", "quality_categories": "older_than_five_years", "issue_ids": "[74]", "osm_url": "https://www.openstreetmap.org/way/355281628", "josm_url": "http://127.0.0.1:8111/load_object?new_layer=false&objects=w355281628", "id_url": "https://www.openstreetmap.org/edit?editor=id&way=355281628#map=20/59.9286086/10.8102198"}}, {"type": "Feature", "geometry": {"type": "Point", "coordinates": [10.8071123, 59.9283896]}, "properties": {"id": 355281634, "feat_type": "way", "quality_categories": "older_than_five_years", "issue_ids": "[284]", "osm_url": "https://www.openstreetmap.org/way/355281634", "josm_url": "http://127.0.0.1:8111/load_object?new_layer=false&objects=w355281634", "id_url": "https://www.openstreetmap.org/edit?editor=id&way=355281634#map=20/59.9283896/10.8071123"}}, {"type": "Feature", "geometry": {"type": "Point", "coordinates": [10.8028279, 59.9303693]}, "properties": {"id": 355281638, "feat_type": "way", "quality_categories": "older_than_five_years", "issue_ids": "[285]", "osm_url": "https://www.openstreetmap.org/way/355281638", "josm_url": "http://127.0.0.1:8111/load_object?new_layer=false&objects=w355281638", "id_url": "https://www.openstreetmap.org/edit?editor=id&way=355281638#map=20/59.9303693/10.8028279"}}, {"type": "Feature", "geometry": {"type": "Point", "coordinates": [10.8115903, 59.9361692]}, "properties": {"id": 355287161, "feat_type": "way", "quality_categories": "missing_tags, older_than_five_years", "issue_ids": "[286, 4]", "osm_url": "https://www.openstreetmap.org/way/355287161", "josm_url": "http://127.0.0.1:8111/load_object?new_layer=false&objects=w355287161", "id_url": "https://www.openstreetmap.org/edit?editor=id&way=355287161#map=20/59.9361692/10.8115903"}}, {"type": "Feature", "geometry": {"type": "Point", "coordinates": [10.8206044, 59.9372077]}, "properties": {"id": 355295075, "feat_type": "way", "quality_categories": "missing_tags, older_than_five_years", "issue_ids": "[286, 4]", "osm_url": "https://www.openstreetmap.org/way/355295075", "josm_url": "http://127.0.0.1:8111/load_object?new_layer=false&objects=w355295075", "id_url": "https://www.openstreetmap.org/edit?editor=id&way=355295075#map=20/59.9372077/10.8206044"}}, {"type": "Feature", "geometry": {"type": "Point", "coordinates": [10.8393527, 59.9415329]}, "properties": {"id": 355295077, "feat_type": "way", "quality_categories": "missing_tags, older_than_five_years", "issue_ids": "[286, 4]", "osm_url": "https://www.openstreetmap.org/way/355295077", "josm_url": "http://127.0.0.1:8111/load_object?new_layer=false&objects=w355295077", "id_url": "https://www.openstreetmap.org/edit?editor=id&way=355295077#map=20/59.9415329/10.8393527"}}, {"type": "Feature", "geometry": {"type": "Point", "coordinates": [10.7937655, 59.8795722]}, "properties": {"id": 355525279, "feat_type": "way", "quality_categories": "missing_tags, older_than_five_years", "issue_ids": "[287, 4]", "osm_url": "https://www.openstreetmap.org/way/355525279", "josm_url": "http://127.0.0.1:8111/load_object?new_layer=false&objects=w355525279", "id_url": "https://www.openstreetmap.org/edit?editor=id&way=355525279#map=20/59.8795722/10.7937655"}}, {"type": "Feature", "geometry": {"type": "Point", "coordinates": [10.8040231, 59.8795574]}, "properties": {"id": 355525284, "feat_type": "way", "quality_categories": "older_than_five_years", "issue_ids": "[288]", "osm_url": "https://www.openstreetmap.org/way/355525284", "josm_url": "http://127.0.0.1:8111/load_object?new_layer=false&objects=w355525284", "id_url": "https://www.openstreetmap.org/edit?editor=id&way=355525284#map=20/59.8795574/10.8040231"}}, {"type": "Feature", "geometry": {"type": "Point", "coordinates": [10.8037689, 59.8794564]}, "properties": {"id": 355525287, "feat_type": "way", "quality_categories": "older_than_five_years", "issue_ids": "[287]", "osm_url": "https://www.openstreetmap.org/way/355525287", "josm_url": "http://127.0.0.1:8111/load_object?new_layer=false&objects=w355525287", "id_url": "https://www.openstreetmap.org/edit?editor=id&way=355525287#map=20/59.8794564/10.8037689"}}, {"type": "Feature", "geometry": {"type": "Point", "coordinates": [10.7907371, 59.8796139]}, "properties": {"id": 355525291, "feat_type": "way", "quality_categories": "missing_tags, older_than_five_years", "issue_ids": "[287, 4]", "osm_url": "https://www.openstreetmap.org/way/355525291", "josm_url": "http://127.0.0.1:8111/load_object?new_layer=false&objects=w355525291", "id_url": "https://www.openstreetmap.org/edit?editor=id&way=355525291#map=20/59.8796139/10.7907371"}}, {"type": "Feature", "geometry": {"type": "Point", "coordinates": [10.7836233, 59.8819551]}, "properties": {"id": 355525308, "feat_type": "way", "quality_categories": "older_than_five_years", "issue_ids": "[158]", "osm_url": "https://www.openstreetmap.org/way/355525308", "josm_url": "http://127.0.0.1:8111/load_object?new_layer=false&objects=w355525308", "id_url": "https://www.openstreetmap.org/edit?editor=id&way=355525308#map=20/59.8819551/10.7836233"}}, {"type": "Feature", "geometry": {"type": "Point", "coordinates": [10.8013484, 59.8796896]}, "properties": {"id": 355525329, "feat_type": "way", "quality_categories": "older_than_five_years", "issue_ids": "[288]", "osm_url": "https://www.openstreetmap.org/way/355525329", "josm_url": "http://127.0.0.1:8111/load_object?new_layer=false&objects=w355525329", "id_url": "https://www.openstreetmap.org/edit?editor=id&way=355525329#map=20/59.8796896/10.8013484"}}, {"type": "Feature", "geometry": {"type": "Point", "coordinates": [10.8025884, 59.8794343]}, "properties": {"id": 355525363, "feat_type": "way", "quality_categories": "older_than_five_years", "issue_ids": "[287]", "osm_url": "https://www.openstreetmap.org/way/355525363", "josm_url": "http://127.0.0.1:8111/load_object?new_layer=false&objects=w355525363", "id_url": "https://www.openstreetmap.org/edit?editor=id&way=355525363#map=20/59.8794343/10.8025884"}}, {"type": "Feature", "geometry": {"type": "Point", "coordinates": [10.8002639, 59.8799084]}, "properties": {"id": 355525388, "feat_type": "way", "quality_categories": "older_than_five_years", "issue_ids": "[36]", "osm_url": "https://www.openstreetmap.org/way/355525388", "josm_url": "http://127.0.0.1:8111/load_object?new_layer=false&objects=w355525388", "id_url": "https://www.openstreetmap.org/edit?editor=id&way=355525388#map=20/59.8799084/10.8002639"}}, {"type": "Feature", "geometry": {"type": "Point", "coordinates": [10.7964843, 59.8798066]}, "properties": {"id": 355525389, "feat_type": "way", "quality_categories": "missing_tags, older_than_five_years", "issue_ids": "[289, 4]", "osm_url": "https://www.openstreetmap.org/way/355525389", "josm_url": "http://127.0.0.1:8111/load_object?new_layer=false&objects=w355525389", "id_url": "https://www.openstreetmap.org/edit?editor=id&way=355525389#map=20/59.8798066/10.7964843"}}, {"type": "Feature", "geometry": {"type": "Point", "coordinates": [10.8566835, 59.9412167]}, "properties": {"id": 357001981, "feat_type": "way", "quality_categories": "older_than_five_years", "issue_ids": "[143]", "osm_url": "https://www.openstreetmap.org/way/357001981", "josm_url": "http://127.0.0.1:8111/load_object?new_layer=false&objects=w357001981", "id_url": "https://www.openstreetmap.org/edit?editor=id&way=357001981#map=20/59.9412167/10.8566835"}}, {"type": "Feature", "geometry": {"type": "Point", "coordinates": [10.8704077, 59.9446045]}, "properties": {"id": 357001984, "feat_type": "way", "quality_categories": "older_than_five_years", "issue_ids": "[148]", "osm_url": "https://www.openstreetmap.org/way/357001984", "josm_url": "http://127.0.0.1:8111/load_object?new_layer=false&objects=w357001984", "id_url": "https://www.openstreetmap.org/edit?editor=id&way=357001984#map=20/59.9446045/10.8704077"}}, {"type": "Feature", "geometry": {"type": "Point", "coordinates": [10.8963576, 59.9543491]}, "properties": {"id": 357236542, "feat_type": "way", "quality_categories": "missing_tags, older_than_five_years", "issue_ids": "[18, 4]", "osm_url": "https://www.openstreetmap.org/way/357236542", "josm_url": "http://127.0.0.1:8111/load_object?new_layer=false&objects=w357236542", "id_url": "https://www.openstreetmap.org/edit?editor=id&way=357236542#map=20/59.9543491/10.8963576"}}, {"type": "Feature", "geometry": {"type": "Point", "coordinates": [10.8963392, 59.9546279]}, "properties": {"id": 357236543, "feat_type": "way", "quality_categories": "missing_tags, older_than_five_years", "issue_ids": "[18, 4]", "osm_url": "https://www.openstreetmap.org/way/357236543", "josm_url": "http://127.0.0.1:8111/load_object?new_layer=false&objects=w357236543", "id_url": "https://www.openstreetmap.org/edit?editor=id&way=357236543#map=20/59.9546279/10.8963392"}}, {"type": "Feature", "geometry": {"type": "Point", "coordinates": [10.9366553, 59.9538238]}, "properties": {"id": 357494832, "feat_type": "way", "quality_categories": "older_than_five_years", "issue_ids": "[153]", "osm_url": "https://www.openstreetmap.org/way/357494832", "josm_url": "http://127.0.0.1:8111/load_object?new_layer=false&objects=w357494832", "id_url": "https://www.openstreetmap.org/edit?editor=id&way=357494832#map=20/59.9538238/10.9366553"}}, {"type": "Feature", "geometry": {"type": "Point", "coordinates": [10.9283144, 59.9528246]}, "properties": {"id": 357494833, "feat_type": "way", "quality_categories": "missing_tags, older_than_five_years", "issue_ids": "[3, 4]", "osm_url": "https://www.openstreetmap.org/way/357494833", "josm_url": "http://127.0.0.1:8111/load_object?new_layer=false&objects=w357494833", "id_url": "https://www.openstreetmap.org/edit?editor=id&way=357494833#map=20/59.9528246/10.9283144"}}, {"type": "Feature", "geometry": {"type": "Point", "coordinates": [10.9345618, 59.9552335]}, "properties": {"id": 357494834, "feat_type": "way", "quality_categories": "older_than_five_years", "issue_ids": "[153]", "osm_url": "https://www.openstreetmap.org/way/357494834", "josm_url": "http://127.0.0.1:8111/load_object?new_layer=false&objects=w357494834", "id_url": "https://www.openstreetmap.org/edit?editor=id&way=357494834#map=20/59.9552335/10.9345618"}}, {"type": "Feature", "geometry": {"type": "Point", "coordinates": [10.9301876, 59.9536201]}, "properties": {"id": 357494855, "feat_type": "way", "quality_categories": "missing_tags, older_than_five_years", "issue_ids": "[3, 4]", "osm_url": "https://www.openstreetmap.org/way/357494855", "josm_url": "http://127.0.0.1:8111/load_object?new_layer=false&objects=w357494855", "id_url": "https://www.openstreetmap.org/edit?editor=id&way=357494855#map=20/59.9536201/10.9301876"}}, {"type": "Feature", "geometry": {"type": "Point", "coordinates": [10.9331417, 59.954346]}, "properties": {"id": 357494858, "feat_type": "way", "quality_categories": "older_than_five_years", "issue_ids": "[153]", "osm_url": "https://www.openstreetmap.org/way/357494858", "josm_url": "http://127.0.0.1:8111/load_object?new_layer=false&objects=w357494858", "id_url": "https://www.openstreetmap.org/edit?editor=id&way=357494858#map=20/59.954346/10.9331417"}}, {"type": "Feature", "geometry": {"type": "Point", "coordinates": [10.9324735, 59.953884]}, "properties": {"id": 357494859, "feat_type": "way", "quality_categories": "missing_tags, older_than_five_years", "issue_ids": "[3, 4]", "osm_url": "https://www.openstreetmap.org/way/357494859", "josm_url": "http://127.0.0.1:8111/load_object?new_layer=false&objects=w357494859", "id_url": "https://www.openstreetmap.org/edit?editor=id&way=357494859#map=20/59.953884/10.9324735"}}, {"type": "Feature", "geometry": {"type": "Point", "coordinates": [10.9235795, 59.9530463]}, "properties": {"id": 357494860, "feat_type": "way", "quality_categories": "missing_tags, older_than_five_years", "issue_ids": "[3, 4]", "osm_url": "https://www.openstreetmap.org/way/357494860", "josm_url": "http://127.0.0.1:8111/load_object?new_layer=false&objects=w357494860", "id_url": "https://www.openstreetmap.org/edit?editor=id&way=357494860#map=20/59.9530463/10.9235795"}}, {"type": "Feature", "geometry": {"type": "Point", "coordinates": [10.9343311, 59.955139]}, "properties": {"id": 357494862, "feat_type": "way", "quality_categories": "older_than_five_years", "issue_ids": "[290]", "osm_url": "https://www.openstreetmap.org/way/357494862", "josm_url": "http://127.0.0.1:8111/load_object?new_layer=false&objects=w357494862", "id_url": "https://www.openstreetmap.org/edit?editor=id&way=357494862#map=20/59.955139/10.9343311"}}, {"type": "Feature", "geometry": {"type": "Point", "coordinates": [10.9307631, 59.959527]}, "properties": {"id": 357501470, "feat_type": "way", "quality_categories": "missing_tags, older_than_five_years", "issue_ids": "[3, 4]", "osm_url": "https://www.openstreetmap.org/way/357501470", "josm_url": "http://127.0.0.1:8111/load_object?new_layer=false&objects=w357501470", "id_url": "https://www.openstreetmap.org/edit?editor=id&way=357501470#map=20/59.959527/10.9307631"}}, {"type": "Feature", "geometry": {"type": "Point", "coordinates": [10.9362244, 59.9563645]}, "properties": {"id": 357501471, "feat_type": "way", "quality_categories": "older_than_five_years", "issue_ids": "[153]", "osm_url": "https://www.openstreetmap.org/way/357501471", "josm_url": "http://127.0.0.1:8111/load_object?new_layer=false&objects=w357501471", "id_url": "https://www.openstreetmap.org/edit?editor=id&way=357501471#map=20/59.9563645/10.9362244"}}, {"type": "Feature", "geometry": {"type": "Point", "coordinates": [10.937562, 59.9550376]}, "properties": {"id": 357501480, "feat_type": "way", "quality_categories": "older_than_five_years", "issue_ids": "[153]", "osm_url": "https://www.openstreetmap.org/way/357501480", "josm_url": "http://127.0.0.1:8111/load_object?new_layer=false&objects=w357501480", "id_url": "https://www.openstreetmap.org/edit?editor=id&way=357501480#map=20/59.9550376/10.937562"}}, {"type": "Feature", "geometry": {"type": "Point", "coordinates": [10.9297959, 59.9592908]}, "properties": {"id": 357501481, "feat_type": "way", "quality_categories": "older_than_five_years", "issue_ids": "[153]", "osm_url": "https://www.openstreetmap.org/way/357501481", "josm_url": "http://127.0.0.1:8111/load_object?new_layer=false&objects=w357501481", "id_url": "https://www.openstreetmap.org/edit?editor=id&way=357501481#map=20/59.9592908/10.9297959"}}, {"type": "Feature", "geometry": {"type": "Point", "coordinates": [10.9384814, 59.9504881]}, "properties": {"id": 357526867, "feat_type": "way", "quality_categories": "older_than_five_years", "issue_ids": "[153]", "osm_url": "https://www.openstreetmap.org/way/357526867", "josm_url": "http://127.0.0.1:8111/load_object?new_layer=false&objects=w357526867", "id_url": "https://www.openstreetmap.org/edit?editor=id&way=357526867#map=20/59.9504881/10.9384814"}}, {"type": "Feature", "geometry": {"type": "Point", "coordinates": [10.939421, 59.9461892]}, "properties": {"id": 357526869, "feat_type": "way", "quality_categories": "older_than_five_years", "issue_ids": "[153]", "osm_url": "https://www.openstreetmap.org/way/357526869", "josm_url": "http://127.0.0.1:8111/load_object?new_layer=false&objects=w357526869", "id_url": "https://www.openstreetmap.org/edit?editor=id&way=357526869#map=20/59.9461892/10.939421"}}, {"type": "Feature", "geometry": {"type": "Point", "coordinates": [10.9392039, 59.9462378]}, "properties": {"id": 357526870, "feat_type": "way", "quality_categories": "older_than_five_years", "issue_ids": "[153]", "osm_url": "https://www.openstreetmap.org/way/357526870", "josm_url": "http://127.0.0.1:8111/load_object?new_layer=false&objects=w357526870", "id_url": "https://www.openstreetmap.org/edit?editor=id&way=357526870#map=20/59.9462378/10.9392039"}}, {"type": "Feature", "geometry": {"type": "Point", "coordinates": [10.9394588, 59.9459827]}, "properties": {"id": 357526872, "feat_type": "way", "quality_categories": "older_than_five_years", "issue_ids": "[273]", "osm_url": "https://www.openstreetmap.org/way/357526872", "josm_url": "http://127.0.0.1:8111/load_object?new_layer=false&objects=w357526872", "id_url": "https://www.openstreetmap.org/edit?editor=id&way=357526872#map=20/59.9459827/10.9394588"}}, {"type": "Feature", "geometry": {"type": "Point", "coordinates": [10.9385667, 59.9512002]}, "properties": {"id": 357526886, "feat_type": "way", "quality_categories": "older_than_five_years", "issue_ids": "[153]", "osm_url": "https://www.openstreetmap.org/way/357526886", "josm_url": "http://127.0.0.1:8111/load_object?new_layer=false&objects=w357526886", "id_url": "https://www.openstreetmap.org/edit?editor=id&way=357526886#map=20/59.9512002/10.9385667"}}, {"type": "Feature", "geometry": {"type": "Point", "coordinates": [10.9382686, 59.9499057]}, "properties": {"id": 357526887, "feat_type": "way", "quality_categories": "older_than_five_years", "issue_ids": "[153]", "osm_url": "https://www.openstreetmap.org/way/357526887", "josm_url": "http://127.0.0.1:8111/load_object?new_layer=false&objects=w357526887", "id_url": "https://www.openstreetmap.org/edit?editor=id&way=357526887#map=20/59.9499057/10.9382686"}}, {"type": "Feature", "geometry": {"type": "Point", "coordinates": [10.9425172, 59.944874]}, "properties": {"id": 357526888, "feat_type": "way", "quality_categories": "older_than_five_years", "issue_ids": "[153]", "osm_url": "https://www.openstreetmap.org/way/357526888", "josm_url": "http://127.0.0.1:8111/load_object?new_layer=false&objects=w357526888", "id_url": "https://www.openstreetmap.org/edit?editor=id&way=357526888#map=20/59.944874/10.9425172"}}, {"type": "Feature", "geometry": {"type": "Point", "coordinates": [10.9381526, 59.9501671]}, "properties": {"id": 357526889, "feat_type": "way", "quality_categories": "older_than_five_years", "issue_ids": "[153]", "osm_url": "https://www.openstreetmap.org/way/357526889", "josm_url": "http://127.0.0.1:8111/load_object?new_layer=false&objects=w357526889", "id_url": "https://www.openstreetmap.org/edit?editor=id&way=357526889#map=20/59.9501671/10.9381526"}}, {"type": "Feature", "geometry": {"type": "Point", "coordinates": [10.938353, 59.9501161]}, "properties": {"id": 357526890, "feat_type": "way", "quality_categories": "older_than_five_years", "issue_ids": "[153]", "osm_url": "https://www.openstreetmap.org/way/357526890", "josm_url": "http://127.0.0.1:8111/load_object?new_layer=false&objects=w357526890", "id_url": "https://www.openstreetmap.org/edit?editor=id&way=357526890#map=20/59.9501161/10.938353"}}, {"type": "Feature", "geometry": {"type": "Point", "coordinates": [10.9390805, 59.9461742]}, "properties": {"id": 357526892, "feat_type": "way", "quality_categories": "older_than_five_years", "issue_ids": "[153]", "osm_url": "https://www.openstreetmap.org/way/357526892", "josm_url": "http://127.0.0.1:8111/load_object?new_layer=false&objects=w357526892", "id_url": "https://www.openstreetmap.org/edit?editor=id&way=357526892#map=20/59.9461742/10.9390805"}}, {"type": "Feature", "geometry": {"type": "Point", "coordinates": [10.9378979, 59.9504815]}, "properties": {"id": 357526893, "feat_type": "way", "quality_categories": "older_than_five_years", "issue_ids": "[153]", "osm_url": "https://www.openstreetmap.org/way/357526893", "josm_url": "http://127.0.0.1:8111/load_object?new_layer=false&objects=w357526893", "id_url": "https://www.openstreetmap.org/edit?editor=id&way=357526893#map=20/59.9504815/10.9378979"}}, {"type": "Feature", "geometry": {"type": "Point", "coordinates": [10.9032142, 59.9385185]}, "properties": {"id": 357538884, "feat_type": "way", "quality_categories": "missing_tags, older_than_five_years", "issue_ids": "[271, 4]", "osm_url": "https://www.openstreetmap.org/way/357538884", "josm_url": "http://127.0.0.1:8111/load_object?new_layer=false&objects=w357538884", "id_url": "https://www.openstreetmap.org/edit?editor=id&way=357538884#map=20/59.9385185/10.9032142"}}, {"type": "Feature", "geometry": {"type": "Point", "coordinates": [10.9055984, 59.9388732]}, "properties": {"id": 357538885, "feat_type": "way", "quality_categories": "older_than_five_years", "issue_ids": "[291]", "osm_url": "https://www.openstreetmap.org/way/357538885", "josm_url": "http://127.0.0.1:8111/load_object?new_layer=false&objects=w357538885", "id_url": "https://www.openstreetmap.org/edit?editor=id&way=357538885#map=20/59.9388732/10.9055984"}}, {"type": "Feature", "geometry": {"type": "Point", "coordinates": [10.9290838, 59.9522241]}, "properties": {"id": 357544458, "feat_type": "way", "quality_categories": "missing_tags, older_than_five_years", "issue_ids": "[3, 4]", "osm_url": "https://www.openstreetmap.org/way/357544458", "josm_url": "http://127.0.0.1:8111/load_object?new_layer=false&objects=w357544458", "id_url": "https://www.openstreetmap.org/edit?editor=id&way=357544458#map=20/59.9522241/10.9290838"}}, {"type": "Feature", "geometry": {"type": "Point", "coordinates": [10.9288123, 59.9524064]}, "properties": {"id": 357544459, "feat_type": "way", "quality_categories": "missing_tags, older_than_five_years", "issue_ids": "[3, 4]", "osm_url": "https://www.openstreetmap.org/way/357544459", "josm_url": "http://127.0.0.1:8111/load_object?new_layer=false&objects=w357544459", "id_url": "https://www.openstreetmap.org/edit?editor=id&way=357544459#map=20/59.9524064/10.9288123"}}, {"type": "Feature", "geometry": {"type": "Point", "coordinates": [10.9309496, 59.9501317]}, "properties": {"id": 357544463, "feat_type": "way", "quality_categories": "missing_tags, older_than_five_years", "issue_ids": "[3, 4]", "osm_url": "https://www.openstreetmap.org/way/357544463", "josm_url": "http://127.0.0.1:8111/load_object?new_layer=false&objects=w357544463", "id_url": "https://www.openstreetmap.org/edit?editor=id&way=357544463#map=20/59.9501317/10.9309496"}}, {"type": "Feature", "geometry": {"type": "Point", "coordinates": [10.9291343, 59.9517946]}, "properties": {"id": 357544465, "feat_type": "way", "quality_categories": "missing_tags, older_than_five_years", "issue_ids": "[3, 4]", "osm_url": "https://www.openstreetmap.org/way/357544465", "josm_url": "http://127.0.0.1:8111/load_object?new_layer=false&objects=w357544465", "id_url": "https://www.openstreetmap.org/edit?editor=id&way=357544465#map=20/59.9517946/10.9291343"}}, {"type": "Feature", "geometry": {"type": "Point", "coordinates": [10.9136094, 59.9445521]}, "properties": {"id": 357805461, "feat_type": "way", "quality_categories": "missing_tags, older_than_five_years", "issue_ids": "[292, 4]", "osm_url": "https://www.openstreetmap.org/way/357805461", "josm_url": "http://127.0.0.1:8111/load_object?new_layer=false&objects=w357805461", "id_url": "https://www.openstreetmap.org/edit?editor=id&way=357805461#map=20/59.9445521/10.9136094"}}, {"type": "Feature", "geometry": {"type": "Point", "coordinates": [10.9181169, 59.9441671]}, "properties": {"id": 357805462, "feat_type": "way", "quality_categories": "missing_tags, older_than_five_years", "issue_ids": "[292, 4]", "osm_url": "https://www.openstreetmap.org/way/357805462", "josm_url": "http://127.0.0.1:8111/load_object?new_layer=false&objects=w357805462", "id_url": "https://www.openstreetmap.org/edit?editor=id&way=357805462#map=20/59.9441671/10.9181169"}}, {"type": "Feature", "geometry": {"type": "Point", "coordinates": [10.911088, 59.9445926]}, "properties": {"id": 357805463, "feat_type": "way", "quality_categories": "missing_tags, older_than_five_years", "issue_ids": "[292, 4]", "osm_url": "https://www.openstreetmap.org/way/357805463", "josm_url": "http://127.0.0.1:8111/load_object?new_layer=false&objects=w357805463", "id_url": "https://www.openstreetmap.org/edit?editor=id&way=357805463#map=20/59.9445926/10.911088"}}, {"type": "Feature", "geometry": {"type": "Point", "coordinates": [10.9086396, 59.9445427]}, "properties": {"id": 357805465, "feat_type": "way", "quality_categories": "missing_tags, older_than_five_years", "issue_ids": "[293, 4]", "osm_url": "https://www.openstreetmap.org/way/357805465", "josm_url": "http://127.0.0.1:8111/load_object?new_layer=false&objects=w357805465", "id_url": "https://www.openstreetmap.org/edit?editor=id&way=357805465#map=20/59.9445427/10.9086396"}}, {"type": "Feature", "geometry": {"type": "Point", "coordinates": [10.9160862, 59.9443652]}, "properties": {"id": 357805466, "feat_type": "way", "quality_categories": "missing_tags, older_than_five_years", "issue_ids": "[292, 4]", "osm_url": "https://www.openstreetmap.org/way/357805466", "josm_url": "http://127.0.0.1:8111/load_object?new_layer=false&objects=w357805466", "id_url": "https://www.openstreetmap.org/edit?editor=id&way=357805466#map=20/59.9443652/10.9160862"}}, {"type": "Feature", "geometry": {"type": "Point", "coordinates": [10.9109847, 59.9446025]}, "properties": {"id": 357805467, "feat_type": "way", "quality_categories": "missing_tags, older_than_five_years", "issue_ids": "[292, 4]", "osm_url": "https://www.openstreetmap.org/way/357805467", "josm_url": "http://127.0.0.1:8111/load_object?new_layer=false&objects=w357805467", "id_url": "https://www.openstreetmap.org/edit?editor=id&way=357805467#map=20/59.9446025/10.9109847"}}, {"type": "Feature", "geometry": {"type": "Point", "coordinates": [10.9058129, 59.9454759]}, "properties": {"id": 357805476, "feat_type": "way", "quality_categories": "missing_tags, older_than_five_years", "issue_ids": "[292, 4]", "osm_url": "https://www.openstreetmap.org/way/357805476", "josm_url": "http://127.0.0.1:8111/load_object?new_layer=false&objects=w357805476", "id_url": "https://www.openstreetmap.org/edit?editor=id&way=357805476#map=20/59.9454759/10.9058129"}}, {"type": "Feature", "geometry": {"type": "Point", "coordinates": [10.9172277, 59.9444115]}, "properties": {"id": 357805477, "feat_type": "way", "quality_categories": "missing_tags, older_than_five_years", "issue_ids": "[292, 4]", "osm_url": "https://www.openstreetmap.org/way/357805477", "josm_url": "http://127.0.0.1:8111/load_object?new_layer=false&objects=w357805477", "id_url": "https://www.openstreetmap.org/edit?editor=id&way=357805477#map=20/59.9444115/10.9172277"}}, {"type": "Feature", "geometry": {"type": "Point", "coordinates": [10.9048444, 59.9463859]}, "properties": {"id": 357805478, "feat_type": "way", "quality_categories": "missing_tags, older_than_five_years", "issue_ids": "[292, 4]", "osm_url": "https://www.openstreetmap.org/way/357805478", "josm_url": "http://127.0.0.1:8111/load_object?new_layer=false&objects=w357805478", "id_url": "https://www.openstreetmap.org/edit?editor=id&way=357805478#map=20/59.9463859/10.9048444"}}, {"type": "Feature", "geometry": {"type": "Point", "coordinates": [10.9314248, 59.9450269]}, "properties": {"id": 358399691, "feat_type": "way", "quality_categories": "missing_tags, older_than_five_years", "issue_ids": "[294, 4]", "osm_url": "https://www.openstreetmap.org/way/358399691", "josm_url": "http://127.0.0.1:8111/load_object?new_layer=false&objects=w358399691", "id_url": "https://www.openstreetmap.org/edit?editor=id&way=358399691#map=20/59.9450269/10.9314248"}}, {"type": "Feature", "geometry": {"type": "Point", "coordinates": [10.9207706, 59.9445339]}, "properties": {"id": 358399703, "feat_type": "way", "quality_categories": "missing_tags, older_than_five_years", "issue_ids": "[294, 4]", "osm_url": "https://www.openstreetmap.org/way/358399703", "josm_url": "http://127.0.0.1:8111/load_object?new_layer=false&objects=w358399703", "id_url": "https://www.openstreetmap.org/edit?editor=id&way=358399703#map=20/59.9445339/10.9207706"}}, {"type": "Feature", "geometry": {"type": "Point", "coordinates": [10.930492, 59.9397133]}, "properties": {"id": 358399705, "feat_type": "way", "quality_categories": "older_than_five_years", "issue_ids": "[0]", "osm_url": "https://www.openstreetmap.org/way/358399705", "josm_url": "http://127.0.0.1:8111/load_object?new_layer=false&objects=w358399705", "id_url": "https://www.openstreetmap.org/edit?editor=id&way=358399705#map=20/59.9397133/10.930492"}}, {"type": "Feature", "geometry": {"type": "Point", "coordinates": [10.9272932, 59.9450095]}, "properties": {"id": 358399707, "feat_type": "way", "quality_categories": "missing_tags, older_than_five_years", "issue_ids": "[294, 4]", "osm_url": "https://www.openstreetmap.org/way/358399707", "josm_url": "http://127.0.0.1:8111/load_object?new_layer=false&objects=w358399707", "id_url": "https://www.openstreetmap.org/edit?editor=id&way=358399707#map=20/59.9450095/10.9272932"}}, {"type": "Feature", "geometry": {"type": "Point", "coordinates": [10.9283478, 59.9403507]}, "properties": {"id": 358399708, "feat_type": "way", "quality_categories": "older_than_five_years", "issue_ids": "[0]", "osm_url": "https://www.openstreetmap.org/way/358399708", "josm_url": "http://127.0.0.1:8111/load_object?new_layer=false&objects=w358399708", "id_url": "https://www.openstreetmap.org/edit?editor=id&way=358399708#map=20/59.9403507/10.9283478"}}, {"type": "Feature", "geometry": {"type": "Point", "coordinates": [10.9233259, 59.9442939]}, "properties": {"id": 358399711, "feat_type": "way", "quality_categories": "missing_tags, older_than_five_years", "issue_ids": "[294, 4]", "osm_url": "https://www.openstreetmap.org/way/358399711", "josm_url": "http://127.0.0.1:8111/load_object?new_layer=false&objects=w358399711", "id_url": "https://www.openstreetmap.org/edit?editor=id&way=358399711#map=20/59.9442939/10.9233259"}}, {"type": "Feature", "geometry": {"type": "Point", "coordinates": [10.9178546, 59.9640993]}, "properties": {"id": 359593130, "feat_type": "way", "quality_categories": "older_than_five_years", "issue_ids": "[184]", "osm_url": "https://www.openstreetmap.org/way/359593130", "josm_url": "http://127.0.0.1:8111/load_object?new_layer=false&objects=w359593130", "id_url": "https://www.openstreetmap.org/edit?editor=id&way=359593130#map=20/59.9640993/10.9178546"}}, {"type": "Feature", "geometry": {"type": "Point", "coordinates": [10.9222436, 59.9541054]}, "properties": {"id": 359593135, "feat_type": "way", "quality_categories": "missing_tags, older_than_five_years", "issue_ids": "[295, 4]", "osm_url": "https://www.openstreetmap.org/way/359593135", "josm_url": "http://127.0.0.1:8111/load_object?new_layer=false&objects=w359593135", "id_url": "https://www.openstreetmap.org/edit?editor=id&way=359593135#map=20/59.9541054/10.9222436"}}, {"type": "Feature", "geometry": {"type": "Point", "coordinates": [10.9228374, 59.9686594]}, "properties": {"id": 363002049, "feat_type": "way", "quality_categories": "older_than_five_years", "issue_ids": "[296]", "osm_url": "https://www.openstreetmap.org/way/363002049", "josm_url": "http://127.0.0.1:8111/load_object?new_layer=false&objects=w363002049", "id_url": "https://www.openstreetmap.org/edit?editor=id&way=363002049#map=20/59.9686594/10.9228374"}}, {"type": "Feature", "geometry": {"type": "Point", "coordinates": [10.9224821, 59.9685504]}, "properties": {"id": 363002052, "feat_type": "way", "quality_categories": "older_than_five_years", "issue_ids": "[297]", "osm_url": "https://www.openstreetmap.org/way/363002052", "josm_url": "http://127.0.0.1:8111/load_object?new_layer=false&objects=w363002052", "id_url": "https://www.openstreetmap.org/edit?editor=id&way=363002052#map=20/59.9685504/10.9224821"}}, {"type": "Feature", "geometry": {"type": "Point", "coordinates": [10.9190322, 59.9665348]}, "properties": {"id": 363002053, "feat_type": "way", "quality_categories": "older_than_five_years", "issue_ids": "[180]", "osm_url": "https://www.openstreetmap.org/way/363002053", "josm_url": "http://127.0.0.1:8111/load_object?new_layer=false&objects=w363002053", "id_url": "https://www.openstreetmap.org/edit?editor=id&way=363002053#map=20/59.9665348/10.9190322"}}, {"type": "Feature", "geometry": {"type": "Point", "coordinates": [10.9196419, 59.9677845]}, "properties": {"id": 363002054, "feat_type": "way", "quality_categories": "older_than_five_years", "issue_ids": "[109]", "osm_url": "https://www.openstreetmap.org/way/363002054", "josm_url": "http://127.0.0.1:8111/load_object?new_layer=false&objects=w363002054", "id_url": "https://www.openstreetmap.org/edit?editor=id&way=363002054#map=20/59.9677845/10.9196419"}}, {"type": "Feature", "geometry": {"type": "Point", "coordinates": [10.9041725, 59.9689351]}, "properties": {"id": 363382143, "feat_type": "way", "quality_categories": "older_than_five_years", "issue_ids": "[298]", "osm_url": "https://www.openstreetmap.org/way/363382143", "josm_url": "http://127.0.0.1:8111/load_object?new_layer=false&objects=w363382143", "id_url": "https://www.openstreetmap.org/edit?editor=id&way=363382143#map=20/59.9689351/10.9041725"}}, {"type": "Feature", "geometry": {"type": "Point", "coordinates": [10.8984499, 59.9651971]}, "properties": {"id": 363382145, "feat_type": "way", "quality_categories": "missing_tags, older_than_five_years", "issue_ids": "[299, 4]", "osm_url": "https://www.openstreetmap.org/way/363382145", "josm_url": "http://127.0.0.1:8111/load_object?new_layer=false&objects=w363382145", "id_url": "https://www.openstreetmap.org/edit?editor=id&way=363382145#map=20/59.9651971/10.8984499"}}, {"type": "Feature", "geometry": {"type": "Point", "coordinates": [10.8901165, 59.9669329]}, "properties": {"id": 363382146, "feat_type": "way", "quality_categories": "older_than_five_years", "issue_ids": "[88]", "osm_url": "https://www.openstreetmap.org/way/363382146", "josm_url": "http://127.0.0.1:8111/load_object?new_layer=false&objects=w363382146", "id_url": "https://www.openstreetmap.org/edit?editor=id&way=363382146#map=20/59.9669329/10.8901165"}}, {"type": "Feature", "geometry": {"type": "Point", "coordinates": [10.9044687, 59.9718661]}, "properties": {"id": 363382147, "feat_type": "way", "quality_categories": "older_than_five_years", "issue_ids": "[300]", "osm_url": "https://www.openstreetmap.org/way/363382147", "josm_url": "http://127.0.0.1:8111/load_object?new_layer=false&objects=w363382147", "id_url": "https://www.openstreetmap.org/edit?editor=id&way=363382147#map=20/59.9718661/10.9044687"}}, {"type": "Feature", "geometry": {"type": "Point", "coordinates": [10.8961165, 59.9619412]}, "properties": {"id": 363382148, "feat_type": "way", "quality_categories": "older_than_five_years", "issue_ids": "[88]", "osm_url": "https://www.openstreetmap.org/way/363382148", "josm_url": "http://127.0.0.1:8111/load_object?new_layer=false&objects=w363382148", "id_url": "https://www.openstreetmap.org/edit?editor=id&way=363382148#map=20/59.9619412/10.8961165"}}, {"type": "Feature", "geometry": {"type": "Point", "coordinates": [10.8895648, 59.9651345]}, "properties": {"id": 363382150, "feat_type": "way", "quality_categories": "missing_tags, older_than_five_years", "issue_ids": "[299, 4]", "osm_url": "https://www.openstreetmap.org/way/363382150", "josm_url": "http://127.0.0.1:8111/load_object?new_layer=false&objects=w363382150", "id_url": "https://www.openstreetmap.org/edit?editor=id&way=363382150#map=20/59.9651345/10.8895648"}}, {"type": "Feature", "geometry": {"type": "Point", "coordinates": [10.8991958, 59.9717277]}, "properties": {"id": 363382153, "feat_type": "way", "quality_categories": "older_than_five_years", "issue_ids": "[300]", "osm_url": "https://www.openstreetmap.org/way/363382153", "josm_url": "http://127.0.0.1:8111/load_object?new_layer=false&objects=w363382153", "id_url": "https://www.openstreetmap.org/edit?editor=id&way=363382153#map=20/59.9717277/10.8991958"}}, {"type": "Feature", "geometry": {"type": "Point", "coordinates": [10.8691773, 59.966768]}, "properties": {"id": 363799060, "feat_type": "way", "quality_categories": "older_than_five_years", "issue_ids": "[46]", "osm_url": "https://www.openstreetmap.org/way/363799060", "josm_url": "http://127.0.0.1:8111/load_object?new_layer=false&objects=w363799060", "id_url": "https://www.openstreetmap.org/edit?editor=id&way=363799060#map=20/59.966768/10.8691773"}}, {"type": "Feature", "geometry": {"type": "Point", "coordinates": [10.871053, 59.9670342]}, "properties": {"id": 363799061, "feat_type": "way", "quality_categories": "older_than_five_years", "issue_ids": "[46]", "osm_url": "https://www.openstreetmap.org/way/363799061", "josm_url": "http://127.0.0.1:8111/load_object?new_layer=false&objects=w363799061", "id_url": "https://www.openstreetmap.org/edit?editor=id&way=363799061#map=20/59.9670342/10.871053"}}, {"type": "Feature", "geometry": {"type": "Point", "coordinates": [10.8714818, 59.9600734]}, "properties": {"id": 363799062, "feat_type": "way", "quality_categories": "older_than_five_years", "issue_ids": "[301]", "osm_url": "https://www.openstreetmap.org/way/363799062", "josm_url": "http://127.0.0.1:8111/load_object?new_layer=false&objects=w363799062", "id_url": "https://www.openstreetmap.org/edit?editor=id&way=363799062#map=20/59.9600734/10.8714818"}}, {"type": "Feature", "geometry": {"type": "Point", "coordinates": [10.8728123, 59.9613664]}, "properties": {"id": 363799063, "feat_type": "way", "quality_categories": "older_than_five_years", "issue_ids": "[46]", "osm_url": "https://www.openstreetmap.org/way/363799063", "josm_url": "http://127.0.0.1:8111/load_object?new_layer=false&objects=w363799063", "id_url": "https://www.openstreetmap.org/edit?editor=id&way=363799063#map=20/59.9613664/10.8728123"}}, {"type": "Feature", "geometry": {"type": "Point", "coordinates": [10.8709588, 59.9618241]}, "properties": {"id": 363799064, "feat_type": "way", "quality_categories": "older_than_five_years", "issue_ids": "[46]", "osm_url": "https://www.openstreetmap.org/way/363799064", "josm_url": "http://127.0.0.1:8111/load_object?new_layer=false&objects=w363799064", "id_url": "https://www.openstreetmap.org/edit?editor=id&way=363799064#map=20/59.9618241/10.8709588"}}, {"type": "Feature", "geometry": {"type": "Point", "coordinates": [10.8702696, 59.9684192]}, "properties": {"id": 363799075, "feat_type": "way", "quality_categories": "older_than_five_years", "issue_ids": "[302]", "osm_url": "https://www.openstreetmap.org/way/363799075", "josm_url": "http://127.0.0.1:8111/load_object?new_layer=false&objects=w363799075", "id_url": "https://www.openstreetmap.org/edit?editor=id&way=363799075#map=20/59.9684192/10.8702696"}}, {"type": "Feature", "geometry": {"type": "Point", "coordinates": [10.8826846, 59.9661674]}, "properties": {"id": 363799076, "feat_type": "way", "quality_categories": "older_than_five_years", "issue_ids": "[303]", "osm_url": "https://www.openstreetmap.org/way/363799076", "josm_url": "http://127.0.0.1:8111/load_object?new_layer=false&objects=w363799076", "id_url": "https://www.openstreetmap.org/edit?editor=id&way=363799076#map=20/59.9661674/10.8826846"}}, {"type": "Feature", "geometry": {"type": "Point", "coordinates": [10.7750984, 59.903722]}, "properties": {"id": 363934997, "feat_type": "way", "quality_categories": "older_than_five_years", "issue_ids": "[304]", "osm_url": "https://www.openstreetmap.org/way/363934997", "josm_url": "http://127.0.0.1:8111/load_object?new_layer=false&objects=w363934997", "id_url": "https://www.openstreetmap.org/edit?editor=id&way=363934997#map=20/59.903722/10.7750984"}}, {"type": "Feature", "geometry": {"type": "Point", "coordinates": [10.7870268, 59.943668]}, "properties": {"id": 363988649, "feat_type": "way", "quality_categories": "older_than_five_years", "issue_ids": "[70]", "osm_url": "https://www.openstreetmap.org/way/363988649", "josm_url": "http://127.0.0.1:8111/load_object?new_layer=false&objects=w363988649", "id_url": "https://www.openstreetmap.org/edit?editor=id&way=363988649#map=20/59.943668/10.7870268"}}, {"type": "Feature", "geometry": {"type": "Point", "coordinates": [10.7858843, 59.9441192]}, "properties": {"id": 363988650, "feat_type": "way", "quality_categories": "older_than_five_years", "issue_ids": "[0]", "osm_url": "https://www.openstreetmap.org/way/363988650", "josm_url": "http://127.0.0.1:8111/load_object?new_layer=false&objects=w363988650", "id_url": "https://www.openstreetmap.org/edit?editor=id&way=363988650#map=20/59.9441192/10.7858843"}}, {"type": "Feature", "geometry": {"type": "Point", "coordinates": [10.791629, 59.9456539]}, "properties": {"id": 363988651, "feat_type": "way", "quality_categories": "older_than_five_years", "issue_ids": "[268]", "osm_url": "https://www.openstreetmap.org/way/363988651", "josm_url": "http://127.0.0.1:8111/load_object?new_layer=false&objects=w363988651", "id_url": "https://www.openstreetmap.org/edit?editor=id&way=363988651#map=20/59.9456539/10.791629"}}, {"type": "Feature", "geometry": {"type": "Point", "coordinates": [10.7875305, 59.9445382]}, "properties": {"id": 363988653, "feat_type": "way", "quality_categories": "older_than_five_years", "issue_ids": "[262]", "osm_url": "https://www.openstreetmap.org/way/363988653", "josm_url": "http://127.0.0.1:8111/load_object?new_layer=false&objects=w363988653", "id_url": "https://www.openstreetmap.org/edit?editor=id&way=363988653#map=20/59.9445382/10.7875305"}}, {"type": "Feature", "geometry": {"type": "Point", "coordinates": [10.7893266, 59.9451265]}, "properties": {"id": 363988668, "feat_type": "way", "quality_categories": "older_than_five_years", "issue_ids": "[268]", "osm_url": "https://www.openstreetmap.org/way/363988668", "josm_url": "http://127.0.0.1:8111/load_object?new_layer=false&objects=w363988668", "id_url": "https://www.openstreetmap.org/edit?editor=id&way=363988668#map=20/59.9451265/10.7893266"}}, {"type": "Feature", "geometry": {"type": "Point", "coordinates": [10.7860989, 59.944277]}, "properties": {"id": 363988671, "feat_type": "way", "quality_categories": "older_than_five_years", "issue_ids": "[0]", "osm_url": "https://www.openstreetmap.org/way/363988671", "josm_url": "http://127.0.0.1:8111/load_object?new_layer=false&objects=w363988671", "id_url": "https://www.openstreetmap.org/edit?editor=id&way=363988671#map=20/59.944277/10.7860989"}}, {"type": "Feature", "geometry": {"type": "Point", "coordinates": [10.7925112, 59.9462626]}, "properties": {"id": 363988672, "feat_type": "way", "quality_categories": "older_than_five_years", "issue_ids": "[268]", "osm_url": "https://www.openstreetmap.org/way/363988672", "josm_url": "http://127.0.0.1:8111/load_object?new_layer=false&objects=w363988672", "id_url": "https://www.openstreetmap.org/edit?editor=id&way=363988672#map=20/59.9462626/10.7925112"}}, {"type": "Feature", "geometry": {"type": "Point", "coordinates": [10.7899586, 59.9452105]}, "properties": {"id": 363988674, "feat_type": "way", "quality_categories": "older_than_five_years", "issue_ids": "[268]", "osm_url": "https://www.openstreetmap.org/way/363988674", "josm_url": "http://127.0.0.1:8111/load_object?new_layer=false&objects=w363988674", "id_url": "https://www.openstreetmap.org/edit?editor=id&way=363988674#map=20/59.9452105/10.7899586"}}, {"type": "Feature", "geometry": {"type": "Point", "coordinates": [10.7840215, 59.9628834]}, "properties": {"id": 365537398, "feat_type": "way", "quality_categories": "older_than_five_years", "issue_ids": "[24]", "osm_url": "https://www.openstreetmap.org/way/365537398", "josm_url": "http://127.0.0.1:8111/load_object?new_layer=false&objects=w365537398", "id_url": "https://www.openstreetmap.org/edit?editor=id&way=365537398#map=20/59.9628834/10.7840215"}}, {"type": "Feature", "geometry": {"type": "Point", "coordinates": [10.790047, 59.9498595]}, "properties": {"id": 365537404, "feat_type": "way", "quality_categories": "older_than_five_years", "issue_ids": "[305]", "osm_url": "https://www.openstreetmap.org/way/365537404", "josm_url": "http://127.0.0.1:8111/load_object?new_layer=false&objects=w365537404", "id_url": "https://www.openstreetmap.org/edit?editor=id&way=365537404#map=20/59.9498595/10.790047"}}, {"type": "Feature", "geometry": {"type": "Point", "coordinates": [10.7847851, 59.9641383]}, "properties": {"id": 365537405, "feat_type": "way", "quality_categories": "older_than_five_years", "issue_ids": "[24]", "osm_url": "https://www.openstreetmap.org/way/365537405", "josm_url": "http://127.0.0.1:8111/load_object?new_layer=false&objects=w365537405", "id_url": "https://www.openstreetmap.org/edit?editor=id&way=365537405#map=20/59.9641383/10.7847851"}}, {"type": "Feature", "geometry": {"type": "Point", "coordinates": [10.7854263, 59.9520795]}, "properties": {"id": 365537407, "feat_type": "way", "quality_categories": "older_than_five_years", "issue_ids": "[0]", "osm_url": "https://www.openstreetmap.org/way/365537407", "josm_url": "http://127.0.0.1:8111/load_object?new_layer=false&objects=w365537407", "id_url": "https://www.openstreetmap.org/edit?editor=id&way=365537407#map=20/59.9520795/10.7854263"}}, {"type": "Feature", "geometry": {"type": "Point", "coordinates": [10.7900907, 59.9502818]}, "properties": {"id": 365537408, "feat_type": "way", "quality_categories": "older_than_five_years", "issue_ids": "[306]", "osm_url": "https://www.openstreetmap.org/way/365537408", "josm_url": "http://127.0.0.1:8111/load_object?new_layer=false&objects=w365537408", "id_url": "https://www.openstreetmap.org/edit?editor=id&way=365537408#map=20/59.9502818/10.7900907"}}, {"type": "Feature", "geometry": {"type": "Point", "coordinates": [10.7843265, 59.9632204]}, "properties": {"id": 365537418, "feat_type": "way", "quality_categories": "older_than_five_years", "issue_ids": "[24]", "osm_url": "https://www.openstreetmap.org/way/365537418", "josm_url": "http://127.0.0.1:8111/load_object?new_layer=false&objects=w365537418", "id_url": "https://www.openstreetmap.org/edit?editor=id&way=365537418#map=20/59.9632204/10.7843265"}}, {"type": "Feature", "geometry": {"type": "Point", "coordinates": [10.7851023, 59.9597118]}, "properties": {"id": 365537420, "feat_type": "way", "quality_categories": "older_than_five_years", "issue_ids": "[167]", "osm_url": "https://www.openstreetmap.org/way/365537420", "josm_url": "http://127.0.0.1:8111/load_object?new_layer=false&objects=w365537420", "id_url": "https://www.openstreetmap.org/edit?editor=id&way=365537420#map=20/59.9597118/10.7851023"}}, {"type": "Feature", "geometry": {"type": "Point", "coordinates": [10.790123, 59.9494594]}, "properties": {"id": 365537422, "feat_type": "way", "quality_categories": "older_than_five_years", "issue_ids": "[305]", "osm_url": "https://www.openstreetmap.org/way/365537422", "josm_url": "http://127.0.0.1:8111/load_object?new_layer=false&objects=w365537422", "id_url": "https://www.openstreetmap.org/edit?editor=id&way=365537422#map=20/59.9494594/10.790123"}}, {"type": "Feature", "geometry": {"type": "Point", "coordinates": [10.7854562, 59.9524425]}, "properties": {"id": 365537423, "feat_type": "way", "quality_categories": "older_than_five_years", "issue_ids": "[0]", "osm_url": "https://www.openstreetmap.org/way/365537423", "josm_url": "http://127.0.0.1:8111/load_object?new_layer=false&objects=w365537423", "id_url": "https://www.openstreetmap.org/edit?editor=id&way=365537423#map=20/59.9524425/10.7854562"}}, {"type": "Feature", "geometry": {"type": "Point", "coordinates": [10.7852298, 59.9521858]}, "properties": {"id": 365537424, "feat_type": "way", "quality_categories": "older_than_five_years", "issue_ids": "[0]", "osm_url": "https://www.openstreetmap.org/way/365537424", "josm_url": "http://127.0.0.1:8111/load_object?new_layer=false&objects=w365537424", "id_url": "https://www.openstreetmap.org/edit?editor=id&way=365537424#map=20/59.9521858/10.7852298"}}, {"type": "Feature", "geometry": {"type": "Point", "coordinates": [10.7901728, 59.9501883]}, "properties": {"id": 365537432, "feat_type": "way", "quality_categories": "older_than_five_years", "issue_ids": "[305]", "osm_url": "https://www.openstreetmap.org/way/365537432", "josm_url": "http://127.0.0.1:8111/load_object?new_layer=false&objects=w365537432", "id_url": "https://www.openstreetmap.org/edit?editor=id&way=365537432#map=20/59.9501883/10.7901728"}}, {"type": "Feature", "geometry": {"type": "Point", "coordinates": [10.845393, 59.8837114]}, "properties": {"id": 366388649, "feat_type": "way", "quality_categories": "older_than_five_years", "issue_ids": "[211]", "osm_url": "https://www.openstreetmap.org/way/366388649", "josm_url": "http://127.0.0.1:8111/load_object?new_layer=false&objects=w366388649", "id_url": "https://www.openstreetmap.org/edit?editor=id&way=366388649#map=20/59.8837114/10.845393"}}, {"type": "Feature", "geometry": {"type": "Point", "coordinates": [10.7427791, 59.904528]}, "properties": {"id": 366545671, "feat_type": "way", "quality_categories": "older_than_five_years", "issue_ids": "[102]", "osm_url": "https://www.openstreetmap.org/way/366545671", "josm_url": "http://127.0.0.1:8111/load_object?new_layer=false&objects=w366545671", "id_url": "https://www.openstreetmap.org/edit?editor=id&way=366545671#map=20/59.904528/10.7427791"}}, {"type": "Feature", "geometry": {"type": "Point", "coordinates": [10.7611985, 59.9307842]}, "properties": {"id": 366715166, "feat_type": "way", "quality_categories": "older_than_five_years", "issue_ids": "[37]", "osm_url": "https://www.openstreetmap.org/way/366715166", "josm_url": "http://127.0.0.1:8111/load_object?new_layer=false&objects=w366715166", "id_url": "https://www.openstreetmap.org/edit?editor=id&way=366715166#map=20/59.9307842/10.7611985"}}, {"type": "Feature", "geometry": {"type": "Point", "coordinates": [10.7645063, 59.9347106]}, "properties": {"id": 366715168, "feat_type": "way", "quality_categories": "older_than_five_years", "issue_ids": "[37]", "osm_url": "https://www.openstreetmap.org/way/366715168", "josm_url": "http://127.0.0.1:8111/load_object?new_layer=false&objects=w366715168", "id_url": "https://www.openstreetmap.org/edit?editor=id&way=366715168#map=20/59.9347106/10.7645063"}}, {"type": "Feature", "geometry": {"type": "Point", "coordinates": [10.7593583, 59.9200415]}, "properties": {"id": 367428089, "feat_type": "way", "quality_categories": "older_than_five_years", "issue_ids": "[307]", "osm_url": "https://www.openstreetmap.org/way/367428089", "josm_url": "http://127.0.0.1:8111/load_object?new_layer=false&objects=w367428089", "id_url": "https://www.openstreetmap.org/edit?editor=id&way=367428089#map=20/59.9200415/10.7593583"}}, {"type": "Feature", "geometry": {"type": "Point", "coordinates": [10.7525752, 59.9129934]}, "properties": {"id": 367481800, "feat_type": "way", "quality_categories": "older_than_five_years", "issue_ids": "[308]", "osm_url": "https://www.openstreetmap.org/way/367481800", "josm_url": "http://127.0.0.1:8111/load_object?new_layer=false&objects=w367481800", "id_url": "https://www.openstreetmap.org/edit?editor=id&way=367481800#map=20/59.9129934/10.7525752"}}, {"type": "Feature", "geometry": {"type": "Point", "coordinates": [10.7088323, 59.9362283]}, "properties": {"id": 372374927, "feat_type": "way", "quality_categories": "older_than_five_years", "issue_ids": "[309]", "osm_url": "https://www.openstreetmap.org/way/372374927", "josm_url": "http://127.0.0.1:8111/load_object?new_layer=false&objects=w372374927", "id_url": "https://www.openstreetmap.org/edit?editor=id&way=372374927#map=20/59.9362283/10.7088323"}}, {"type": "Feature", "geometry": {"type": "Point", "coordinates": [10.7160299, 59.9455372]}, "properties": {"id": 372528681, "feat_type": "way", "quality_categories": "older_than_five_years", "issue_ids": "[310]", "osm_url": "https://www.openstreetmap.org/way/372528681", "josm_url": "http://127.0.0.1:8111/load_object?new_layer=false&objects=w372528681", "id_url": "https://www.openstreetmap.org/edit?editor=id&way=372528681#map=20/59.9455372/10.7160299"}}, {"type": "Feature", "geometry": {"type": "Point", "coordinates": [10.6740625, 59.9518377]}, "properties": {"id": 372863138, "feat_type": "way", "quality_categories": "older_than_five_years", "issue_ids": "[311]", "osm_url": "https://www.openstreetmap.org/way/372863138", "josm_url": "http://127.0.0.1:8111/load_object?new_layer=false&objects=w372863138", "id_url": "https://www.openstreetmap.org/edit?editor=id&way=372863138#map=20/59.9518377/10.6740625"}}, {"type": "Feature", "geometry": {"type": "Point", "coordinates": [10.665567, 59.9508023]}, "properties": {"id": 372873273, "feat_type": "way", "quality_categories": "older_than_five_years", "issue_ids": "[312]", "osm_url": "https://www.openstreetmap.org/way/372873273", "josm_url": "http://127.0.0.1:8111/load_object?new_layer=false&objects=w372873273", "id_url": "https://www.openstreetmap.org/edit?editor=id&way=372873273#map=20/59.9508023/10.665567"}}, {"type": "Feature", "geometry": {"type": "Point", "coordinates": [10.6666384, 59.9504304]}, "properties": {"id": 372873298, "feat_type": "way", "quality_categories": "older_than_five_years", "issue_ids": "[312]", "osm_url": "https://www.openstreetmap.org/way/372873298", "josm_url": "http://127.0.0.1:8111/load_object?new_layer=false&objects=w372873298", "id_url": "https://www.openstreetmap.org/edit?editor=id&way=372873298#map=20/59.9504304/10.6666384"}}, {"type": "Feature", "geometry": {"type": "Point", "coordinates": [10.666263, 59.948684]}, "properties": {"id": 372873301, "feat_type": "way", "quality_categories": "missing_tags, older_than_five_years", "issue_ids": "[17, 4]", "osm_url": "https://www.openstreetmap.org/way/372873301", "josm_url": "http://127.0.0.1:8111/load_object?new_layer=false&objects=w372873301", "id_url": "https://www.openstreetmap.org/edit?editor=id&way=372873301#map=20/59.948684/10.666263"}}, {"type": "Feature", "geometry": {"type": "Point", "coordinates": [10.6644961, 59.9513176]}, "properties": {"id": 372966232, "feat_type": "way", "quality_categories": "missing_tags, older_than_five_years", "issue_ids": "[313, 4]", "osm_url": "https://www.openstreetmap.org/way/372966232", "josm_url": "http://127.0.0.1:8111/load_object?new_layer=false&objects=w372966232", "id_url": "https://www.openstreetmap.org/edit?editor=id&way=372966232#map=20/59.9513176/10.6644961"}}, {"type": "Feature", "geometry": {"type": "Point", "coordinates": [10.6568337, 59.9525412]}, "properties": {"id": 372966236, "feat_type": "way", "quality_categories": "missing_tags, older_than_five_years", "issue_ids": "[314, 4]", "osm_url": "https://www.openstreetmap.org/way/372966236", "josm_url": "http://127.0.0.1:8111/load_object?new_layer=false&objects=w372966236", "id_url": "https://www.openstreetmap.org/edit?editor=id&way=372966236#map=20/59.9525412/10.6568337"}}, {"type": "Feature", "geometry": {"type": "Point", "coordinates": [10.6553843, 59.9562941]}, "properties": {"id": 372966249, "feat_type": "way", "quality_categories": "missing_tags, older_than_five_years", "issue_ids": "[312, 4]", "osm_url": "https://www.openstreetmap.org/way/372966249", "josm_url": "http://127.0.0.1:8111/load_object?new_layer=false&objects=w372966249", "id_url": "https://www.openstreetmap.org/edit?editor=id&way=372966249#map=20/59.9562941/10.6553843"}}, {"type": "Feature", "geometry": {"type": "Point", "coordinates": [10.6556678, 59.9540182]}, "properties": {"id": 372966254, "feat_type": "way", "quality_categories": "older_than_five_years", "issue_ids": "[315]", "osm_url": "https://www.openstreetmap.org/way/372966254", "josm_url": "http://127.0.0.1:8111/load_object?new_layer=false&objects=w372966254", "id_url": "https://www.openstreetmap.org/edit?editor=id&way=372966254#map=20/59.9540182/10.6556678"}}, {"type": "Feature", "geometry": {"type": "Point", "coordinates": [10.7805469, 59.8912028]}, "properties": {"id": 373005706, "feat_type": "way", "quality_categories": "older_than_five_years", "issue_ids": "[313]", "osm_url": "https://www.openstreetmap.org/way/373005706", "josm_url": "http://127.0.0.1:8111/load_object?new_layer=false&objects=w373005706", "id_url": "https://www.openstreetmap.org/edit?editor=id&way=373005706#map=20/59.8912028/10.7805469"}}, {"type": "Feature", "geometry": {"type": "Point", "coordinates": [10.7807735, 59.8911664]}, "properties": {"id": 373005707, "feat_type": "way", "quality_categories": "older_than_five_years", "issue_ids": "[316]", "osm_url": "https://www.openstreetmap.org/way/373005707", "josm_url": "http://127.0.0.1:8111/load_object?new_layer=false&objects=w373005707", "id_url": "https://www.openstreetmap.org/edit?editor=id&way=373005707#map=20/59.8911664/10.7807735"}}, {"type": "Feature", "geometry": {"type": "Point", "coordinates": [10.6535934, 59.9536743]}, "properties": {"id": 373071628, "feat_type": "way", "quality_categories": "missing_tags, older_than_five_years", "issue_ids": "[313, 4]", "osm_url": "https://www.openstreetmap.org/way/373071628", "josm_url": "http://127.0.0.1:8111/load_object?new_layer=false&objects=w373071628", "id_url": "https://www.openstreetmap.org/edit?editor=id&way=373071628#map=20/59.9536743/10.6535934"}}, {"type": "Feature", "geometry": {"type": "Point", "coordinates": [10.6481773, 59.9463769]}, "properties": {"id": 373427775, "feat_type": "way", "quality_categories": "older_than_five_years", "issue_ids": "[317]", "osm_url": "https://www.openstreetmap.org/way/373427775", "josm_url": "http://127.0.0.1:8111/load_object?new_layer=false&objects=w373427775", "id_url": "https://www.openstreetmap.org/edit?editor=id&way=373427775#map=20/59.9463769/10.6481773"}}, {"type": "Feature", "geometry": {"type": "Point", "coordinates": [10.6760244, 59.9492521]}, "properties": {"id": 373704108, "feat_type": "way", "quality_categories": "older_than_five_years", "issue_ids": "[315]", "osm_url": "https://www.openstreetmap.org/way/373704108", "josm_url": "http://127.0.0.1:8111/load_object?new_layer=false&objects=w373704108", "id_url": "https://www.openstreetmap.org/edit?editor=id&way=373704108#map=20/59.9492521/10.6760244"}}, {"type": "Feature", "geometry": {"type": "Point", "coordinates": [10.6766173, 59.9473507]}, "properties": {"id": 373704126, "feat_type": "way", "quality_categories": "older_than_five_years", "issue_ids": "[315]", "osm_url": "https://www.openstreetmap.org/way/373704126", "josm_url": "http://127.0.0.1:8111/load_object?new_layer=false&objects=w373704126", "id_url": "https://www.openstreetmap.org/edit?editor=id&way=373704126#map=20/59.9473507/10.6766173"}}, {"type": "Feature", "geometry": {"type": "Point", "coordinates": [10.6456343, 59.9636391]}, "properties": {"id": 374352118, "feat_type": "way", "quality_categories": "missing_tags, older_than_five_years", "issue_ids": "[51, 4]", "osm_url": "https://www.openstreetmap.org/way/374352118", "josm_url": "http://127.0.0.1:8111/load_object?new_layer=false&objects=w374352118", "id_url": "https://www.openstreetmap.org/edit?editor=id&way=374352118#map=20/59.9636391/10.6456343"}}, {"type": "Feature", "geometry": {"type": "Point", "coordinates": [10.6803804, 59.9508075]}, "properties": {"id": 374582313, "feat_type": "way", "quality_categories": "older_than_five_years", "issue_ids": "[106]", "osm_url": "https://www.openstreetmap.org/way/374582313", "josm_url": "http://127.0.0.1:8111/load_object?new_layer=false&objects=w374582313", "id_url": "https://www.openstreetmap.org/edit?editor=id&way=374582313#map=20/59.9508075/10.6803804"}}, {"type": "Feature", "geometry": {"type": "Point", "coordinates": [10.6813247, 59.9505926]}, "properties": {"id": 374582328, "feat_type": "way", "quality_categories": "older_than_five_years", "issue_ids": "[318]", "osm_url": "https://www.openstreetmap.org/way/374582328", "josm_url": "http://127.0.0.1:8111/load_object?new_layer=false&objects=w374582328", "id_url": "https://www.openstreetmap.org/edit?editor=id&way=374582328#map=20/59.9505926/10.6813247"}}, {"type": "Feature", "geometry": {"type": "Point", "coordinates": [10.6990896, 59.9435259]}, "properties": {"id": 374590747, "feat_type": "way", "quality_categories": "older_than_five_years", "issue_ids": "[318]", "osm_url": "https://www.openstreetmap.org/way/374590747", "josm_url": "http://127.0.0.1:8111/load_object?new_layer=false&objects=w374590747", "id_url": "https://www.openstreetmap.org/edit?editor=id&way=374590747#map=20/59.9435259/10.6990896"}}, {"type": "Feature", "geometry": {"type": "Point", "coordinates": [10.7038778, 59.9426946]}, "properties": {"id": 374590759, "feat_type": "way", "quality_categories": "older_than_five_years", "issue_ids": "[318]", "osm_url": "https://www.openstreetmap.org/way/374590759", "josm_url": "http://127.0.0.1:8111/load_object?new_layer=false&objects=w374590759", "id_url": "https://www.openstreetmap.org/edit?editor=id&way=374590759#map=20/59.9426946/10.7038778"}}, {"type": "Feature", "geometry": {"type": "Point", "coordinates": [10.6988449, 59.9432641]}, "properties": {"id": 374590765, "feat_type": "way", "quality_categories": "older_than_five_years", "issue_ids": "[319]", "osm_url": "https://www.openstreetmap.org/way/374590765", "josm_url": "http://127.0.0.1:8111/load_object?new_layer=false&objects=w374590765", "id_url": "https://www.openstreetmap.org/edit?editor=id&way=374590765#map=20/59.9432641/10.6988449"}}, {"type": "Feature", "geometry": {"type": "Point", "coordinates": [10.6994004, 59.9437007]}, "properties": {"id": 374590791, "feat_type": "way", "quality_categories": "older_than_five_years", "issue_ids": "[318]", "osm_url": "https://www.openstreetmap.org/way/374590791", "josm_url": "http://127.0.0.1:8111/load_object?new_layer=false&objects=w374590791", "id_url": "https://www.openstreetmap.org/edit?editor=id&way=374590791#map=20/59.9437007/10.6994004"}}, {"type": "Feature", "geometry": {"type": "Point", "coordinates": [10.6980818, 59.9434263]}, "properties": {"id": 374590798, "feat_type": "way", "quality_categories": "older_than_five_years", "issue_ids": "[318]", "osm_url": "https://www.openstreetmap.org/way/374590798", "josm_url": "http://127.0.0.1:8111/load_object?new_layer=false&objects=w374590798", "id_url": "https://www.openstreetmap.org/edit?editor=id&way=374590798#map=20/59.9434263/10.6980818"}}, {"type": "Feature", "geometry": {"type": "Point", "coordinates": [10.6959741, 59.9437077]}, "properties": {"id": 374590801, "feat_type": "way", "quality_categories": "older_than_five_years", "issue_ids": "[318]", "osm_url": "https://www.openstreetmap.org/way/374590801", "josm_url": "http://127.0.0.1:8111/load_object?new_layer=false&objects=w374590801", "id_url": "https://www.openstreetmap.org/edit?editor=id&way=374590801#map=20/59.9437077/10.6959741"}}, {"type": "Feature", "geometry": {"type": "Point", "coordinates": [10.6992626, 59.943739]}, "properties": {"id": 374590806, "feat_type": "way", "quality_categories": "older_than_five_years", "issue_ids": "[318]", "osm_url": "https://www.openstreetmap.org/way/374590806", "josm_url": "http://127.0.0.1:8111/load_object?new_layer=false&objects=w374590806", "id_url": "https://www.openstreetmap.org/edit?editor=id&way=374590806#map=20/59.943739/10.6992626"}}, {"type": "Feature", "geometry": {"type": "Point", "coordinates": [10.698778, 59.9434725]}, "properties": {"id": 374590807, "feat_type": "way", "quality_categories": "older_than_five_years", "issue_ids": "[318]", "osm_url": "https://www.openstreetmap.org/way/374590807", "josm_url": "http://127.0.0.1:8111/load_object?new_layer=false&objects=w374590807", "id_url": "https://www.openstreetmap.org/edit?editor=id&way=374590807#map=20/59.9434725/10.698778"}}, {"type": "Feature", "geometry": {"type": "Point", "coordinates": [10.6886407, 59.9452158]}, "properties": {"id": 374595625, "feat_type": "way", "quality_categories": "older_than_five_years", "issue_ids": "[318]", "osm_url": "https://www.openstreetmap.org/way/374595625", "josm_url": "http://127.0.0.1:8111/load_object?new_layer=false&objects=w374595625", "id_url": "https://www.openstreetmap.org/edit?editor=id&way=374595625#map=20/59.9452158/10.6886407"}}, {"type": "Feature", "geometry": {"type": "Point", "coordinates": [10.6800713, 59.9508203]}, "properties": {"id": 374610132, "feat_type": "way", "quality_categories": "older_than_five_years", "issue_ids": "[318]", "osm_url": "https://www.openstreetmap.org/way/374610132", "josm_url": "http://127.0.0.1:8111/load_object?new_layer=false&objects=w374610132", "id_url": "https://www.openstreetmap.org/edit?editor=id&way=374610132#map=20/59.9508203/10.6800713"}}, {"type": "Feature", "geometry": {"type": "Point", "coordinates": [10.6800147, 59.9507444]}, "properties": {"id": 374610133, "feat_type": "way", "quality_categories": "older_than_five_years", "issue_ids": "[318]", "osm_url": "https://www.openstreetmap.org/way/374610133", "josm_url": "http://127.0.0.1:8111/load_object?new_layer=false&objects=w374610133", "id_url": "https://www.openstreetmap.org/edit?editor=id&way=374610133#map=20/59.9507444/10.6800147"}}, {"type": "Feature", "geometry": {"type": "Point", "coordinates": [10.6798758, 59.9508468]}, "properties": {"id": 374610134, "feat_type": "way", "quality_categories": "older_than_five_years", "issue_ids": "[318]", "osm_url": "https://www.openstreetmap.org/way/374610134", "josm_url": "http://127.0.0.1:8111/load_object?new_layer=false&objects=w374610134", "id_url": "https://www.openstreetmap.org/edit?editor=id&way=374610134#map=20/59.9508468/10.6798758"}}, {"type": "Feature", "geometry": {"type": "Point", "coordinates": [10.7781868, 59.9284091]}, "properties": {"id": 374861884, "feat_type": "way", "quality_categories": "older_than_five_years", "issue_ids": "[145]", "osm_url": "https://www.openstreetmap.org/way/374861884", "josm_url": "http://127.0.0.1:8111/load_object?new_layer=false&objects=w374861884", "id_url": "https://www.openstreetmap.org/edit?editor=id&way=374861884#map=20/59.9284091/10.7781868"}}, {"type": "Feature", "geometry": {"type": "Point", "coordinates": [10.7841188, 59.9293052]}, "properties": {"id": 374861887, "feat_type": "way", "quality_categories": "older_than_five_years", "issue_ids": "[320]", "osm_url": "https://www.openstreetmap.org/way/374861887", "josm_url": "http://127.0.0.1:8111/load_object?new_layer=false&objects=w374861887", "id_url": "https://www.openstreetmap.org/edit?editor=id&way=374861887#map=20/59.9293052/10.7841188"}}, {"type": "Feature", "geometry": {"type": "Point", "coordinates": [10.7843211, 59.9302081]}, "properties": {"id": 374861922, "feat_type": "way", "quality_categories": "older_than_five_years", "issue_ids": "[224]", "osm_url": "https://www.openstreetmap.org/way/374861922", "josm_url": "http://127.0.0.1:8111/load_object?new_layer=false&objects=w374861922", "id_url": "https://www.openstreetmap.org/edit?editor=id&way=374861922#map=20/59.9302081/10.7843211"}}, {"type": "Feature", "geometry": {"type": "Point", "coordinates": [10.7850275, 59.9303984]}, "properties": {"id": 374861933, "feat_type": "way", "quality_categories": "older_than_five_years", "issue_ids": "[224]", "osm_url": "https://www.openstreetmap.org/way/374861933", "josm_url": "http://127.0.0.1:8111/load_object?new_layer=false&objects=w374861933", "id_url": "https://www.openstreetmap.org/edit?editor=id&way=374861933#map=20/59.9303984/10.7850275"}}, {"type": "Feature", "geometry": {"type": "Point", "coordinates": [10.784594, 59.9302198]}, "properties": {"id": 374861938, "feat_type": "way", "quality_categories": "older_than_five_years", "issue_ids": "[224]", "osm_url": "https://www.openstreetmap.org/way/374861938", "josm_url": "http://127.0.0.1:8111/load_object?new_layer=false&objects=w374861938", "id_url": "https://www.openstreetmap.org/edit?editor=id&way=374861938#map=20/59.9302198/10.784594"}}, {"type": "Feature", "geometry": {"type": "Point", "coordinates": [10.7844816, 59.9303007]}, "properties": {"id": 374861954, "feat_type": "way", "quality_categories": "older_than_five_years", "issue_ids": "[224]", "osm_url": "https://www.openstreetmap.org/way/374861954", "josm_url": "http://127.0.0.1:8111/load_object?new_layer=false&objects=w374861954", "id_url": "https://www.openstreetmap.org/edit?editor=id&way=374861954#map=20/59.9303007/10.7844816"}}, {"type": "Feature", "geometry": {"type": "Point", "coordinates": [10.7824298, 59.9294237]}, "properties": {"id": 374861956, "feat_type": "way", "quality_categories": "older_than_five_years", "issue_ids": "[49]", "osm_url": "https://www.openstreetmap.org/way/374861956", "josm_url": "http://127.0.0.1:8111/load_object?new_layer=false&objects=w374861956", "id_url": "https://www.openstreetmap.org/edit?editor=id&way=374861956#map=20/59.9294237/10.7824298"}}, {"type": "Feature", "geometry": {"type": "Point", "coordinates": [10.6561056, 59.9443242]}, "properties": {"id": 374980730, "feat_type": "way", "quality_categories": "missing_tags, older_than_five_years", "issue_ids": "[309, 4]", "osm_url": "https://www.openstreetmap.org/way/374980730", "josm_url": "http://127.0.0.1:8111/load_object?new_layer=false&objects=w374980730", "id_url": "https://www.openstreetmap.org/edit?editor=id&way=374980730#map=20/59.9443242/10.6561056"}}, {"type": "Feature", "geometry": {"type": "Point", "coordinates": [10.6551072, 59.9430879]}, "properties": {"id": 374980735, "feat_type": "way", "quality_categories": "missing_tags, older_than_five_years", "issue_ids": "[321, 4]", "osm_url": "https://www.openstreetmap.org/way/374980735", "josm_url": "http://127.0.0.1:8111/load_object?new_layer=false&objects=w374980735", "id_url": "https://www.openstreetmap.org/edit?editor=id&way=374980735#map=20/59.9430879/10.6551072"}}, {"type": "Feature", "geometry": {"type": "Point", "coordinates": [10.6548844, 59.9423028]}, "properties": {"id": 374980738, "feat_type": "way", "quality_categories": "missing_tags, older_than_five_years", "issue_ids": "[226, 4]", "osm_url": "https://www.openstreetmap.org/way/374980738", "josm_url": "http://127.0.0.1:8111/load_object?new_layer=false&objects=w374980738", "id_url": "https://www.openstreetmap.org/edit?editor=id&way=374980738#map=20/59.9423028/10.6548844"}}, {"type": "Feature", "geometry": {"type": "Point", "coordinates": [10.6563628, 59.9438733]}, "properties": {"id": 374980740, "feat_type": "way", "quality_categories": "missing_tags, older_than_five_years", "issue_ids": "[226, 4]", "osm_url": "https://www.openstreetmap.org/way/374980740", "josm_url": "http://127.0.0.1:8111/load_object?new_layer=false&objects=w374980740", "id_url": "https://www.openstreetmap.org/edit?editor=id&way=374980740#map=20/59.9438733/10.6563628"}}, {"type": "Feature", "geometry": {"type": "Point", "coordinates": [10.8513182, 59.9019368]}, "properties": {"id": 375122262, "feat_type": "way", "quality_categories": "older_than_five_years", "issue_ids": "[66]", "osm_url": "https://www.openstreetmap.org/way/375122262", "josm_url": "http://127.0.0.1:8111/load_object?new_layer=false&objects=w375122262", "id_url": "https://www.openstreetmap.org/edit?editor=id&way=375122262#map=20/59.9019368/10.8513182"}}, {"type": "Feature", "geometry": {"type": "Point", "coordinates": [10.8509838, 59.9070176]}, "properties": {"id": 375206329, "feat_type": "way", "quality_categories": "older_than_five_years", "issue_ids": "[244]", "osm_url": "https://www.openstreetmap.org/way/375206329", "josm_url": "http://127.0.0.1:8111/load_object?new_layer=false&objects=w375206329", "id_url": "https://www.openstreetmap.org/edit?editor=id&way=375206329#map=20/59.9070176/10.8509838"}}, {"type": "Feature", "geometry": {"type": "Point", "coordinates": [10.8512232, 59.9069197]}, "properties": {"id": 375206331, "feat_type": "way", "quality_categories": "older_than_five_years", "issue_ids": "[244]", "osm_url": "https://www.openstreetmap.org/way/375206331", "josm_url": "http://127.0.0.1:8111/load_object?new_layer=false&objects=w375206331", "id_url": "https://www.openstreetmap.org/edit?editor=id&way=375206331#map=20/59.9069197/10.8512232"}}, {"type": "Feature", "geometry": {"type": "Point", "coordinates": [10.8513113, 59.9040591]}, "properties": {"id": 375206339, "feat_type": "way", "quality_categories": "older_than_five_years", "issue_ids": "[66]", "osm_url": "https://www.openstreetmap.org/way/375206339", "josm_url": "http://127.0.0.1:8111/load_object?new_layer=false&objects=w375206339", "id_url": "https://www.openstreetmap.org/edit?editor=id&way=375206339#map=20/59.9040591/10.8513113"}}, {"type": "Feature", "geometry": {"type": "Point", "coordinates": [10.9275093, 59.9758309]}, "properties": {"id": 376882429, "feat_type": "way", "quality_categories": "older_than_five_years", "issue_ids": "[183]", "osm_url": "https://www.openstreetmap.org/way/376882429", "josm_url": "http://127.0.0.1:8111/load_object?new_layer=false&objects=w376882429", "id_url": "https://www.openstreetmap.org/edit?editor=id&way=376882429#map=20/59.9758309/10.9275093"}}, {"type": "Feature", "geometry": {"type": "Point", "coordinates": [10.9272738, 59.9756746]}, "properties": {"id": 376882438, "feat_type": "way", "quality_categories": "older_than_five_years", "issue_ids": "[61]", "osm_url": "https://www.openstreetmap.org/way/376882438", "josm_url": "http://127.0.0.1:8111/load_object?new_layer=false&objects=w376882438", "id_url": "https://www.openstreetmap.org/edit?editor=id&way=376882438#map=20/59.9756746/10.9272738"}}, {"type": "Feature", "geometry": {"type": "Point", "coordinates": [10.9107682, 59.9679438]}, "properties": {"id": 376893789, "feat_type": "way", "quality_categories": "older_than_five_years", "issue_ids": "[61]", "osm_url": "https://www.openstreetmap.org/way/376893789", "josm_url": "http://127.0.0.1:8111/load_object?new_layer=false&objects=w376893789", "id_url": "https://www.openstreetmap.org/edit?editor=id&way=376893789#map=20/59.9679438/10.9107682"}}, {"type": "Feature", "geometry": {"type": "Point", "coordinates": [10.9142016, 59.9704889]}, "properties": {"id": 376893790, "feat_type": "way", "quality_categories": "older_than_five_years", "issue_ids": "[61]", "osm_url": "https://www.openstreetmap.org/way/376893790", "josm_url": "http://127.0.0.1:8111/load_object?new_layer=false&objects=w376893790", "id_url": "https://www.openstreetmap.org/edit?editor=id&way=376893790#map=20/59.9704889/10.9142016"}}, {"type": "Feature", "geometry": {"type": "Point", "coordinates": [10.9102152, 59.9677079]}, "properties": {"id": 376893791, "feat_type": "way", "quality_categories": "older_than_five_years", "issue_ids": "[61]", "osm_url": "https://www.openstreetmap.org/way/376893791", "josm_url": "http://127.0.0.1:8111/load_object?new_layer=false&objects=w376893791", "id_url": "https://www.openstreetmap.org/edit?editor=id&way=376893791#map=20/59.9677079/10.9102152"}}, {"type": "Feature", "geometry": {"type": "Point", "coordinates": [10.9090818, 59.9655642]}, "properties": {"id": 376893793, "feat_type": "way", "quality_categories": "older_than_five_years", "issue_ids": "[322]", "osm_url": "https://www.openstreetmap.org/way/376893793", "josm_url": "http://127.0.0.1:8111/load_object?new_layer=false&objects=w376893793", "id_url": "https://www.openstreetmap.org/edit?editor=id&way=376893793#map=20/59.9655642/10.9090818"}}, {"type": "Feature", "geometry": {"type": "Point", "coordinates": [10.9095222, 59.965385]}, "properties": {"id": 376893794, "feat_type": "way", "quality_categories": "older_than_five_years", "issue_ids": "[142]", "osm_url": "https://www.openstreetmap.org/way/376893794", "josm_url": "http://127.0.0.1:8111/load_object?new_layer=false&objects=w376893794", "id_url": "https://www.openstreetmap.org/edit?editor=id&way=376893794#map=20/59.965385/10.9095222"}}, {"type": "Feature", "geometry": {"type": "Point", "coordinates": [10.9194199, 59.9735089]}, "properties": {"id": 376893801, "feat_type": "way", "quality_categories": "older_than_five_years", "issue_ids": "[61]", "osm_url": "https://www.openstreetmap.org/way/376893801", "josm_url": "http://127.0.0.1:8111/load_object?new_layer=false&objects=w376893801", "id_url": "https://www.openstreetmap.org/edit?editor=id&way=376893801#map=20/59.9735089/10.9194199"}}, {"type": "Feature", "geometry": {"type": "Point", "coordinates": [10.9107598, 59.9641084]}, "properties": {"id": 377208290, "feat_type": "way", "quality_categories": "older_than_five_years", "issue_ids": "[142]", "osm_url": "https://www.openstreetmap.org/way/377208290", "josm_url": "http://127.0.0.1:8111/load_object?new_layer=false&objects=w377208290", "id_url": "https://www.openstreetmap.org/edit?editor=id&way=377208290#map=20/59.9641084/10.9107598"}}, {"type": "Feature", "geometry": {"type": "Point", "coordinates": [10.76479, 59.9497946]}, "properties": {"id": 377209122, "feat_type": "way", "quality_categories": "older_than_five_years", "issue_ids": "[37]", "osm_url": "https://www.openstreetmap.org/way/377209122", "josm_url": "http://127.0.0.1:8111/load_object?new_layer=false&objects=w377209122", "id_url": "https://www.openstreetmap.org/edit?editor=id&way=377209122#map=20/59.9497946/10.76479"}}, {"type": "Feature", "geometry": {"type": "Point", "coordinates": [10.8858828, 59.9596729]}, "properties": {"id": 377509872, "feat_type": "way", "quality_categories": "older_than_five_years", "issue_ids": "[14]", "osm_url": "https://www.openstreetmap.org/way/377509872", "josm_url": "http://127.0.0.1:8111/load_object?new_layer=false&objects=w377509872", "id_url": "https://www.openstreetmap.org/edit?editor=id&way=377509872#map=20/59.9596729/10.8858828"}}, {"type": "Feature", "geometry": {"type": "Point", "coordinates": [10.7585789, 59.9128031]}, "properties": {"id": 377766496, "feat_type": "way", "quality_categories": "older_than_five_years", "issue_ids": "[114]", "osm_url": "https://www.openstreetmap.org/way/377766496", "josm_url": "http://127.0.0.1:8111/load_object?new_layer=false&objects=w377766496", "id_url": "https://www.openstreetmap.org/edit?editor=id&way=377766496#map=20/59.9128031/10.7585789"}}, {"type": "Feature", "geometry": {"type": "Point", "coordinates": [10.7590684, 59.9152552]}, "properties": {"id": 377766497, "feat_type": "way", "quality_categories": "older_than_five_years", "issue_ids": "[323]", "osm_url": "https://www.openstreetmap.org/way/377766497", "josm_url": "http://127.0.0.1:8111/load_object?new_layer=false&objects=w377766497", "id_url": "https://www.openstreetmap.org/edit?editor=id&way=377766497#map=20/59.9152552/10.7590684"}}, {"type": "Feature", "geometry": {"type": "Point", "coordinates": [10.7581362, 59.9126977]}, "properties": {"id": 377766498, "feat_type": "way", "quality_categories": "older_than_five_years", "issue_ids": "[114]", "osm_url": "https://www.openstreetmap.org/way/377766498", "josm_url": "http://127.0.0.1:8111/load_object?new_layer=false&objects=w377766498", "id_url": "https://www.openstreetmap.org/edit?editor=id&way=377766498#map=20/59.9126977/10.7581362"}}, {"type": "Feature", "geometry": {"type": "Point", "coordinates": [10.7561031, 59.9122681]}, "properties": {"id": 377766499, "feat_type": "way", "quality_categories": "older_than_five_years", "issue_ids": "[114]", "osm_url": "https://www.openstreetmap.org/way/377766499", "josm_url": "http://127.0.0.1:8111/load_object?new_layer=false&objects=w377766499", "id_url": "https://www.openstreetmap.org/edit?editor=id&way=377766499#map=20/59.9122681/10.7561031"}}, {"type": "Feature", "geometry": {"type": "Point", "coordinates": [10.7679027, 59.9190374]}, "properties": {"id": 377776510, "feat_type": "way", "quality_categories": "older_than_five_years", "issue_ids": "[26]", "osm_url": "https://www.openstreetmap.org/way/377776510", "josm_url": "http://127.0.0.1:8111/load_object?new_layer=false&objects=w377776510", "id_url": "https://www.openstreetmap.org/edit?editor=id&way=377776510#map=20/59.9190374/10.7679027"}}, {"type": "Feature", "geometry": {"type": "Point", "coordinates": [10.8328818, 59.9241944]}, "properties": {"id": 377851451, "feat_type": "way", "quality_categories": "missing_tags, older_than_five_years", "issue_ids": "[324, 4]", "osm_url": "https://www.openstreetmap.org/way/377851451", "josm_url": "http://127.0.0.1:8111/load_object?new_layer=false&objects=w377851451", "id_url": "https://www.openstreetmap.org/edit?editor=id&way=377851451#map=20/59.9241944/10.8328818"}}, {"type": "Feature", "geometry": {"type": "Point", "coordinates": [10.7117747, 59.9269529]}, "properties": {"id": 377895177, "feat_type": "way", "quality_categories": "older_than_five_years", "issue_ids": "[39]", "osm_url": "https://www.openstreetmap.org/way/377895177", "josm_url": "http://127.0.0.1:8111/load_object?new_layer=false&objects=w377895177", "id_url": "https://www.openstreetmap.org/edit?editor=id&way=377895177#map=20/59.9269529/10.7117747"}}, {"type": "Feature", "geometry": {"type": "Point", "coordinates": [10.7258868, 59.9238542]}, "properties": {"id": 377895180, "feat_type": "way", "quality_categories": "older_than_five_years", "issue_ids": "[24]", "osm_url": "https://www.openstreetmap.org/way/377895180", "josm_url": "http://127.0.0.1:8111/load_object?new_layer=false&objects=w377895180", "id_url": "https://www.openstreetmap.org/edit?editor=id&way=377895180#map=20/59.9238542/10.7258868"}}, {"type": "Feature", "geometry": {"type": "Point", "coordinates": [10.7412872, 59.9224525]}, "properties": {"id": 377895184, "feat_type": "way", "quality_categories": "older_than_five_years", "issue_ids": "[86]", "osm_url": "https://www.openstreetmap.org/way/377895184", "josm_url": "http://127.0.0.1:8111/load_object?new_layer=false&objects=w377895184", "id_url": "https://www.openstreetmap.org/edit?editor=id&way=377895184#map=20/59.9224525/10.7412872"}}, {"type": "Feature", "geometry": {"type": "Point", "coordinates": [10.7256914, 59.9251593]}, "properties": {"id": 377895196, "feat_type": "way", "quality_categories": "older_than_five_years", "issue_ids": "[69]", "osm_url": "https://www.openstreetmap.org/way/377895196", "josm_url": "http://127.0.0.1:8111/load_object?new_layer=false&objects=w377895196", "id_url": "https://www.openstreetmap.org/edit?editor=id&way=377895196#map=20/59.9251593/10.7256914"}}, {"type": "Feature", "geometry": {"type": "Point", "coordinates": [10.7522154, 59.9212515]}, "properties": {"id": 377899751, "feat_type": "way", "quality_categories": "older_than_five_years", "issue_ids": "[128]", "osm_url": "https://www.openstreetmap.org/way/377899751", "josm_url": "http://127.0.0.1:8111/load_object?new_layer=false&objects=w377899751", "id_url": "https://www.openstreetmap.org/edit?editor=id&way=377899751#map=20/59.9212515/10.7522154"}}, {"type": "Feature", "geometry": {"type": "Point", "coordinates": [10.7706253, 59.9061478]}, "properties": {"id": 377899752, "feat_type": "way", "quality_categories": "older_than_five_years", "issue_ids": "[325]", "osm_url": "https://www.openstreetmap.org/way/377899752", "josm_url": "http://127.0.0.1:8111/load_object?new_layer=false&objects=w377899752", "id_url": "https://www.openstreetmap.org/edit?editor=id&way=377899752#map=20/59.9061478/10.7706253"}}, {"type": "Feature", "geometry": {"type": "Point", "coordinates": [10.7680795, 59.9067478]}, "properties": {"id": 377899758, "feat_type": "way", "quality_categories": "older_than_five_years", "issue_ids": "[106]", "osm_url": "https://www.openstreetmap.org/way/377899758", "josm_url": "http://127.0.0.1:8111/load_object?new_layer=false&objects=w377899758", "id_url": "https://www.openstreetmap.org/edit?editor=id&way=377899758#map=20/59.9067478/10.7680795"}}, {"type": "Feature", "geometry": {"type": "Point", "coordinates": [10.7770737, 59.9152797]}, "properties": {"id": 377899759, "feat_type": "way", "quality_categories": "older_than_five_years", "issue_ids": "[119]", "osm_url": "https://www.openstreetmap.org/way/377899759", "josm_url": "http://127.0.0.1:8111/load_object?new_layer=false&objects=w377899759", "id_url": "https://www.openstreetmap.org/edit?editor=id&way=377899759#map=20/59.9152797/10.7770737"}}, {"type": "Feature", "geometry": {"type": "Point", "coordinates": [10.7652604, 59.91898]}, "properties": {"id": 377899761, "feat_type": "way", "quality_categories": "older_than_five_years", "issue_ids": "[26]", "osm_url": "https://www.openstreetmap.org/way/377899761", "josm_url": "http://127.0.0.1:8111/load_object?new_layer=false&objects=w377899761", "id_url": "https://www.openstreetmap.org/edit?editor=id&way=377899761#map=20/59.91898/10.7652604"}}, {"type": "Feature", "geometry": {"type": "Point", "coordinates": [10.7677717, 59.9056394]}, "properties": {"id": 377899768, "feat_type": "way", "quality_categories": "older_than_five_years", "issue_ids": "[60]", "osm_url": "https://www.openstreetmap.org/way/377899768", "josm_url": "http://127.0.0.1:8111/load_object?new_layer=false&objects=w377899768", "id_url": "https://www.openstreetmap.org/edit?editor=id&way=377899768#map=20/59.9056394/10.7677717"}}, {"type": "Feature", "geometry": {"type": "Point", "coordinates": [10.7641197, 59.919363]}, "properties": {"id": 377899771, "feat_type": "way", "quality_categories": "older_than_five_years", "issue_ids": "[35]", "osm_url": "https://www.openstreetmap.org/way/377899771", "josm_url": "http://127.0.0.1:8111/load_object?new_layer=false&objects=w377899771", "id_url": "https://www.openstreetmap.org/edit?editor=id&way=377899771#map=20/59.919363/10.7641197"}}, {"type": "Feature", "geometry": {"type": "Point", "coordinates": [10.7719358, 59.9066298]}, "properties": {"id": 377899772, "feat_type": "way", "quality_categories": "older_than_five_years", "issue_ids": "[230]", "osm_url": "https://www.openstreetmap.org/way/377899772", "josm_url": "http://127.0.0.1:8111/load_object?new_layer=false&objects=w377899772", "id_url": "https://www.openstreetmap.org/edit?editor=id&way=377899772#map=20/59.9066298/10.7719358"}}, {"type": "Feature", "geometry": {"type": "Point", "coordinates": [10.7610604, 59.9204267]}, "properties": {"id": 377899776, "feat_type": "way", "quality_categories": "older_than_five_years", "issue_ids": "[326]", "osm_url": "https://www.openstreetmap.org/way/377899776", "josm_url": "http://127.0.0.1:8111/load_object?new_layer=false&objects=w377899776", "id_url": "https://www.openstreetmap.org/edit?editor=id&way=377899776#map=20/59.9204267/10.7610604"}}, {"type": "Feature", "geometry": {"type": "Point", "coordinates": [10.7776638, 59.9065966]}, "properties": {"id": 377899778, "feat_type": "way", "quality_categories": "older_than_five_years", "issue_ids": "[119]", "osm_url": "https://www.openstreetmap.org/way/377899778", "josm_url": "http://127.0.0.1:8111/load_object?new_layer=false&objects=w377899778", "id_url": "https://www.openstreetmap.org/edit?editor=id&way=377899778#map=20/59.9065966/10.7776638"}}, {"type": "Feature", "geometry": {"type": "Point", "coordinates": [10.7720816, 59.9063954]}, "properties": {"id": 377899781, "feat_type": "way", "quality_categories": "older_than_five_years", "issue_ids": "[118]", "osm_url": "https://www.openstreetmap.org/way/377899781", "josm_url": "http://127.0.0.1:8111/load_object?new_layer=false&objects=w377899781", "id_url": "https://www.openstreetmap.org/edit?editor=id&way=377899781#map=20/59.9063954/10.7720816"}}, {"type": "Feature", "geometry": {"type": "Point", "coordinates": [10.7770676, 59.9153145]}, "properties": {"id": 377899782, "feat_type": "way", "quality_categories": "older_than_five_years", "issue_ids": "[119]", "osm_url": "https://www.openstreetmap.org/way/377899782", "josm_url": "http://127.0.0.1:8111/load_object?new_layer=false&objects=w377899782", "id_url": "https://www.openstreetmap.org/edit?editor=id&way=377899782#map=20/59.9153145/10.7770676"}}, {"type": "Feature", "geometry": {"type": "Point", "coordinates": [10.7737499, 59.914813]}, "properties": {"id": 377899790, "feat_type": "way", "quality_categories": "older_than_five_years", "issue_ids": "[2]", "osm_url": "https://www.openstreetmap.org/way/377899790", "josm_url": "http://127.0.0.1:8111/load_object?new_layer=false&objects=w377899790", "id_url": "https://www.openstreetmap.org/edit?editor=id&way=377899790#map=20/59.914813/10.7737499"}}, {"type": "Feature", "geometry": {"type": "Point", "coordinates": [10.7772271, 59.9136149]}, "properties": {"id": 377899798, "feat_type": "way", "quality_categories": "older_than_five_years", "issue_ids": "[119]", "osm_url": "https://www.openstreetmap.org/way/377899798", "josm_url": "http://127.0.0.1:8111/load_object?new_layer=false&objects=w377899798", "id_url": "https://www.openstreetmap.org/edit?editor=id&way=377899798#map=20/59.9136149/10.7772271"}}, {"type": "Feature", "geometry": {"type": "Point", "coordinates": [10.8479959, 59.8932012]}, "properties": {"id": 379457733, "feat_type": "way", "quality_categories": "older_than_five_years", "issue_ids": "[327]", "osm_url": "https://www.openstreetmap.org/way/379457733", "josm_url": "http://127.0.0.1:8111/load_object?new_layer=false&objects=w379457733", "id_url": "https://www.openstreetmap.org/edit?editor=id&way=379457733#map=20/59.8932012/10.8479959"}}, {"type": "Feature", "geometry": {"type": "Point", "coordinates": [10.760979, 59.9203633]}, "properties": {"id": 380001865, "feat_type": "way", "quality_categories": "older_than_five_years", "issue_ids": "[326]", "osm_url": "https://www.openstreetmap.org/way/380001865", "josm_url": "http://127.0.0.1:8111/load_object?new_layer=false&objects=w380001865", "id_url": "https://www.openstreetmap.org/edit?editor=id&way=380001865#map=20/59.9203633/10.760979"}}, {"type": "Feature", "geometry": {"type": "Point", "coordinates": [10.7610608, 59.9202325]}, "properties": {"id": 380001866, "feat_type": "way", "quality_categories": "older_than_five_years", "issue_ids": "[326]", "osm_url": "https://www.openstreetmap.org/way/380001866", "josm_url": "http://127.0.0.1:8111/load_object?new_layer=false&objects=w380001866", "id_url": "https://www.openstreetmap.org/edit?editor=id&way=380001866#map=20/59.9202325/10.7610608"}}, {"type": "Feature", "geometry": {"type": "Point", "coordinates": [10.7613201, 59.9203065]}, "properties": {"id": 380001867, "feat_type": "way", "quality_categories": "older_than_five_years", "issue_ids": "[326]", "osm_url": "https://www.openstreetmap.org/way/380001867", "josm_url": "http://127.0.0.1:8111/load_object?new_layer=false&objects=w380001867", "id_url": "https://www.openstreetmap.org/edit?editor=id&way=380001867#map=20/59.9203065/10.7613201"}}, {"type": "Feature", "geometry": {"type": "Point", "coordinates": [10.7652159, 59.9499001]}, "properties": {"id": 381581269, "feat_type": "way", "quality_categories": "older_than_five_years", "issue_ids": "[21]", "osm_url": "https://www.openstreetmap.org/way/381581269", "josm_url": "http://127.0.0.1:8111/load_object?new_layer=false&objects=w381581269", "id_url": "https://www.openstreetmap.org/edit?editor=id&way=381581269#map=20/59.9499001/10.7652159"}}, {"type": "Feature", "geometry": {"type": "Point", "coordinates": [10.7641937, 59.9503766]}, "properties": {"id": 381581281, "feat_type": "way", "quality_categories": "older_than_five_years", "issue_ids": "[21]", "osm_url": "https://www.openstreetmap.org/way/381581281", "josm_url": "http://127.0.0.1:8111/load_object?new_layer=false&objects=w381581281", "id_url": "https://www.openstreetmap.org/edit?editor=id&way=381581281#map=20/59.9503766/10.7641937"}}, {"type": "Feature", "geometry": {"type": "Point", "coordinates": [10.7633246, 59.9402623]}, "properties": {"id": 381743855, "feat_type": "way", "quality_categories": "older_than_five_years", "issue_ids": "[10]", "osm_url": "https://www.openstreetmap.org/way/381743855", "josm_url": "http://127.0.0.1:8111/load_object?new_layer=false&objects=w381743855", "id_url": "https://www.openstreetmap.org/edit?editor=id&way=381743855#map=20/59.9402623/10.7633246"}}, {"type": "Feature", "geometry": {"type": "Point", "coordinates": [10.7574781, 59.9333486]}, "properties": {"id": 381743859, "feat_type": "way", "quality_categories": "older_than_five_years", "issue_ids": "[52]", "osm_url": "https://www.openstreetmap.org/way/381743859", "josm_url": "http://127.0.0.1:8111/load_object?new_layer=false&objects=w381743859", "id_url": "https://www.openstreetmap.org/edit?editor=id&way=381743859#map=20/59.9333486/10.7574781"}}, {"type": "Feature", "geometry": {"type": "Point", "coordinates": [10.7536822, 59.9211051]}, "properties": {"id": 381749954, "feat_type": "way", "quality_categories": "older_than_five_years", "issue_ids": "[128]", "osm_url": "https://www.openstreetmap.org/way/381749954", "josm_url": "http://127.0.0.1:8111/load_object?new_layer=false&objects=w381749954", "id_url": "https://www.openstreetmap.org/edit?editor=id&way=381749954#map=20/59.9211051/10.7536822"}}, {"type": "Feature", "geometry": {"type": "Point", "coordinates": [10.7532621, 59.9211213]}, "properties": {"id": 381749957, "feat_type": "way", "quality_categories": "older_than_five_years", "issue_ids": "[328]", "osm_url": "https://www.openstreetmap.org/way/381749957", "josm_url": "http://127.0.0.1:8111/load_object?new_layer=false&objects=w381749957", "id_url": "https://www.openstreetmap.org/edit?editor=id&way=381749957#map=20/59.9211213/10.7532621"}}, {"type": "Feature", "geometry": {"type": "Point", "coordinates": [10.7545036, 59.9212177]}, "properties": {"id": 381749959, "feat_type": "way", "quality_categories": "older_than_five_years", "issue_ids": "[128]", "osm_url": "https://www.openstreetmap.org/way/381749959", "josm_url": "http://127.0.0.1:8111/load_object?new_layer=false&objects=w381749959", "id_url": "https://www.openstreetmap.org/edit?editor=id&way=381749959#map=20/59.9212177/10.7545036"}}, {"type": "Feature", "geometry": {"type": "Point", "coordinates": [10.9235506, 59.9619695]}, "properties": {"id": 381849869, "feat_type": "way", "quality_categories": "older_than_five_years", "issue_ids": "[329]", "osm_url": "https://www.openstreetmap.org/way/381849869", "josm_url": "http://127.0.0.1:8111/load_object?new_layer=false&objects=w381849869", "id_url": "https://www.openstreetmap.org/edit?editor=id&way=381849869#map=20/59.9619695/10.9235506"}}, {"type": "Feature", "geometry": {"type": "Point", "coordinates": [10.9254308, 59.9600573]}, "properties": {"id": 381849870, "feat_type": "way", "quality_categories": "older_than_five_years", "issue_ids": "[152]", "osm_url": "https://www.openstreetmap.org/way/381849870", "josm_url": "http://127.0.0.1:8111/load_object?new_layer=false&objects=w381849870", "id_url": "https://www.openstreetmap.org/edit?editor=id&way=381849870#map=20/59.9600573/10.9254308"}}, {"type": "Feature", "geometry": {"type": "Point", "coordinates": [10.9255152, 59.9602282]}, "properties": {"id": 381849872, "feat_type": "way", "quality_categories": "older_than_five_years", "issue_ids": "[330]", "osm_url": "https://www.openstreetmap.org/way/381849872", "josm_url": "http://127.0.0.1:8111/load_object?new_layer=false&objects=w381849872", "id_url": "https://www.openstreetmap.org/edit?editor=id&way=381849872#map=20/59.9602282/10.9255152"}}, {"type": "Feature", "geometry": {"type": "Point", "coordinates": [10.9229237, 59.9613964]}, "properties": {"id": 381849875, "feat_type": "way", "quality_categories": "older_than_five_years", "issue_ids": "[152]", "osm_url": "https://www.openstreetmap.org/way/381849875", "josm_url": "http://127.0.0.1:8111/load_object?new_layer=false&objects=w381849875", "id_url": "https://www.openstreetmap.org/edit?editor=id&way=381849875#map=20/59.9613964/10.9229237"}}, {"type": "Feature", "geometry": {"type": "Point", "coordinates": [10.9177859, 59.9632544]}, "properties": {"id": 381849896, "feat_type": "way", "quality_categories": "older_than_five_years", "issue_ids": "[180]", "osm_url": "https://www.openstreetmap.org/way/381849896", "josm_url": "http://127.0.0.1:8111/load_object?new_layer=false&objects=w381849896", "id_url": "https://www.openstreetmap.org/edit?editor=id&way=381849896#map=20/59.9632544/10.9177859"}}, {"type": "Feature", "geometry": {"type": "Point", "coordinates": [10.9231162, 59.961934]}, "properties": {"id": 381849897, "feat_type": "way", "quality_categories": "older_than_five_years", "issue_ids": "[152]", "osm_url": "https://www.openstreetmap.org/way/381849897", "josm_url": "http://127.0.0.1:8111/load_object?new_layer=false&objects=w381849897", "id_url": "https://www.openstreetmap.org/edit?editor=id&way=381849897#map=20/59.961934/10.9231162"}}, {"type": "Feature", "geometry": {"type": "Point", "coordinates": [10.7502049, 59.9090305]}, "properties": {"id": 387150594, "feat_type": "way", "quality_categories": "older_than_five_years", "issue_ids": "[331]", "osm_url": "https://www.openstreetmap.org/way/387150594", "josm_url": "http://127.0.0.1:8111/load_object?new_layer=false&objects=w387150594", "id_url": "https://www.openstreetmap.org/edit?editor=id&way=387150594#map=20/59.9090305/10.7502049"}}, {"type": "Feature", "geometry": {"type": "Point", "coordinates": [10.7323103, 59.9134592]}, "properties": {"id": 395306155, "feat_type": "way", "quality_categories": "older_than_five_years", "issue_ids": "[72]", "osm_url": "https://www.openstreetmap.org/way/395306155", "josm_url": "http://127.0.0.1:8111/load_object?new_layer=false&objects=w395306155", "id_url": "https://www.openstreetmap.org/edit?editor=id&way=395306155#map=20/59.9134592/10.7323103"}}, {"type": "Feature", "geometry": {"type": "Point", "coordinates": [10.76165, 59.9067433]}, "properties": {"id": 397522091, "feat_type": "way", "quality_categories": "older_than_five_years", "issue_ids": "[316]", "osm_url": "https://www.openstreetmap.org/way/397522091", "josm_url": "http://127.0.0.1:8111/load_object?new_layer=false&objects=w397522091", "id_url": "https://www.openstreetmap.org/edit?editor=id&way=397522091#map=20/59.9067433/10.76165"}}, {"type": "Feature", "geometry": {"type": "Point", "coordinates": [10.8192301, 59.8440243]}, "properties": {"id": 402955726, "feat_type": "way", "quality_categories": "older_than_five_years", "issue_ids": "[332]", "osm_url": "https://www.openstreetmap.org/way/402955726", "josm_url": "http://127.0.0.1:8111/load_object?new_layer=false&objects=w402955726", "id_url": "https://www.openstreetmap.org/edit?editor=id&way=402955726#map=20/59.8440243/10.8192301"}}, {"type": "Feature", "geometry": {"type": "Point", "coordinates": [10.8292042, 59.839892]}, "properties": {"id": 402955728, "feat_type": "way", "quality_categories": "older_than_five_years", "issue_ids": "[332]", "osm_url": "https://www.openstreetmap.org/way/402955728", "josm_url": "http://127.0.0.1:8111/load_object?new_layer=false&objects=w402955728", "id_url": "https://www.openstreetmap.org/edit?editor=id&way=402955728#map=20/59.839892/10.8292042"}}, {"type": "Feature", "geometry": {"type": "Point", "coordinates": [10.8146778, 59.84892]}, "properties": {"id": 404794527, "feat_type": "way", "quality_categories": "older_than_five_years", "issue_ids": "[139]", "osm_url": "https://www.openstreetmap.org/way/404794527", "josm_url": "http://127.0.0.1:8111/load_object?new_layer=false&objects=w404794527", "id_url": "https://www.openstreetmap.org/edit?editor=id&way=404794527#map=20/59.84892/10.8146778"}}, {"type": "Feature", "geometry": {"type": "Point", "coordinates": [10.8165055, 59.8488396]}, "properties": {"id": 404794530, "feat_type": "way", "quality_categories": "older_than_five_years", "issue_ids": "[139]", "osm_url": "https://www.openstreetmap.org/way/404794530", "josm_url": "http://127.0.0.1:8111/load_object?new_layer=false&objects=w404794530", "id_url": "https://www.openstreetmap.org/edit?editor=id&way=404794530#map=20/59.8488396/10.8165055"}}, {"type": "Feature", "geometry": {"type": "Point", "coordinates": [10.8145095, 59.849277]}, "properties": {"id": 404794532, "feat_type": "way", "quality_categories": "older_than_five_years", "issue_ids": "[333]", "osm_url": "https://www.openstreetmap.org/way/404794532", "josm_url": "http://127.0.0.1:8111/load_object?new_layer=false&objects=w404794532", "id_url": "https://www.openstreetmap.org/edit?editor=id&way=404794532#map=20/59.849277/10.8145095"}}, {"type": "Feature", "geometry": {"type": "Point", "coordinates": [10.8197191, 59.8490304]}, "properties": {"id": 404794551, "feat_type": "way", "quality_categories": "older_than_five_years", "issue_ids": "[137]", "osm_url": "https://www.openstreetmap.org/way/404794551", "josm_url": "http://127.0.0.1:8111/load_object?new_layer=false&objects=w404794551", "id_url": "https://www.openstreetmap.org/edit?editor=id&way=404794551#map=20/59.8490304/10.8197191"}}, {"type": "Feature", "geometry": {"type": "Point", "coordinates": [10.8100955, 59.848183]}, "properties": {"id": 404794552, "feat_type": "way", "quality_categories": "older_than_five_years", "issue_ids": "[137]", "osm_url": "https://www.openstreetmap.org/way/404794552", "josm_url": "http://127.0.0.1:8111/load_object?new_layer=false&objects=w404794552", "id_url": "https://www.openstreetmap.org/edit?editor=id&way=404794552#map=20/59.848183/10.8100955"}}, {"type": "Feature", "geometry": {"type": "Point", "coordinates": [10.8166219, 59.8487564]}, "properties": {"id": 404794582, "feat_type": "way", "quality_categories": "older_than_five_years", "issue_ids": "[137]", "osm_url": "https://www.openstreetmap.org/way/404794582", "josm_url": "http://127.0.0.1:8111/load_object?new_layer=false&objects=w404794582", "id_url": "https://www.openstreetmap.org/edit?editor=id&way=404794582#map=20/59.8487564/10.8166219"}}, {"type": "Feature", "geometry": {"type": "Point", "coordinates": [10.8272087, 59.8500475]}, "properties": {"id": 404794583, "feat_type": "way", "quality_categories": "older_than_five_years", "issue_ids": "[333]", "osm_url": "https://www.openstreetmap.org/way/404794583", "josm_url": "http://127.0.0.1:8111/load_object?new_layer=false&objects=w404794583", "id_url": "https://www.openstreetmap.org/edit?editor=id&way=404794583#map=20/59.8500475/10.8272087"}}, {"type": "Feature", "geometry": {"type": "Point", "coordinates": [10.7554143, 59.9082623]}, "properties": {"id": 405327668, "feat_type": "way", "quality_categories": "older_than_five_years", "issue_ids": "[334]", "osm_url": "https://www.openstreetmap.org/way/405327668", "josm_url": "http://127.0.0.1:8111/load_object?new_layer=false&objects=w405327668", "id_url": "https://www.openstreetmap.org/edit?editor=id&way=405327668#map=20/59.9082623/10.7554143"}}, {"type": "Feature", "geometry": {"type": "Point", "coordinates": [10.7552977, 59.9077689]}, "properties": {"id": 405332458, "feat_type": "way", "quality_categories": "older_than_five_years", "issue_ids": "[26]", "osm_url": "https://www.openstreetmap.org/way/405332458", "josm_url": "http://127.0.0.1:8111/load_object?new_layer=false&objects=w405332458", "id_url": "https://www.openstreetmap.org/edit?editor=id&way=405332458#map=20/59.9077689/10.7552977"}}, {"type": "Feature", "geometry": {"type": "Point", "coordinates": [10.7559501, 59.9076086]}, "properties": {"id": 405332461, "feat_type": "way", "quality_categories": "older_than_five_years", "issue_ids": "[26]", "osm_url": "https://www.openstreetmap.org/way/405332461", "josm_url": "http://127.0.0.1:8111/load_object?new_layer=false&objects=w405332461", "id_url": "https://www.openstreetmap.org/edit?editor=id&way=405332461#map=20/59.9076086/10.7559501"}}, {"type": "Feature", "geometry": {"type": "Point", "coordinates": [10.7809969, 59.8290623]}, "properties": {"id": 410100120, "feat_type": "way", "quality_categories": "older_than_five_years", "issue_ids": "[335]", "osm_url": "https://www.openstreetmap.org/way/410100120", "josm_url": "http://127.0.0.1:8111/load_object?new_layer=false&objects=w410100120", "id_url": "https://www.openstreetmap.org/edit?editor=id&way=410100120#map=20/59.8290623/10.7809969"}}, {"type": "Feature", "geometry": {"type": "Point", "coordinates": [10.7868877, 59.837856]}, "properties": {"id": 410100122, "feat_type": "way", "quality_categories": "older_than_five_years", "issue_ids": "[336]", "osm_url": "https://www.openstreetmap.org/way/410100122", "josm_url": "http://127.0.0.1:8111/load_object?new_layer=false&objects=w410100122", "id_url": "https://www.openstreetmap.org/edit?editor=id&way=410100122#map=20/59.837856/10.7868877"}}, {"type": "Feature", "geometry": {"type": "Point", "coordinates": [10.7828467, 59.8305275]}, "properties": {"id": 410100129, "feat_type": "way", "quality_categories": "older_than_five_years", "issue_ids": "[337]", "osm_url": "https://www.openstreetmap.org/way/410100129", "josm_url": "http://127.0.0.1:8111/load_object?new_layer=false&objects=w410100129", "id_url": "https://www.openstreetmap.org/edit?editor=id&way=410100129#map=20/59.8305275/10.7828467"}}, {"type": "Feature", "geometry": {"type": "Point", "coordinates": [10.7821333, 59.8301164]}, "properties": {"id": 410100134, "feat_type": "way", "quality_categories": "older_than_five_years", "issue_ids": "[338]", "osm_url": "https://www.openstreetmap.org/way/410100134", "josm_url": "http://127.0.0.1:8111/load_object?new_layer=false&objects=w410100134", "id_url": "https://www.openstreetmap.org/edit?editor=id&way=410100134#map=20/59.8301164/10.7821333"}}, {"type": "Feature", "geometry": {"type": "Point", "coordinates": [10.7895284, 59.8365842]}, "properties": {"id": 410100139, "feat_type": "way", "quality_categories": "older_than_five_years", "issue_ids": "[338]", "osm_url": "https://www.openstreetmap.org/way/410100139", "josm_url": "http://127.0.0.1:8111/load_object?new_layer=false&objects=w410100139", "id_url": "https://www.openstreetmap.org/edit?editor=id&way=410100139#map=20/59.8365842/10.7895284"}}, {"type": "Feature", "geometry": {"type": "Point", "coordinates": [10.7942222, 59.8374908]}, "properties": {"id": 410100163, "feat_type": "way", "quality_categories": "older_than_five_years", "issue_ids": "[339]", "osm_url": "https://www.openstreetmap.org/way/410100163", "josm_url": "http://127.0.0.1:8111/load_object?new_layer=false&objects=w410100163", "id_url": "https://www.openstreetmap.org/edit?editor=id&way=410100163#map=20/59.8374908/10.7942222"}}, {"type": "Feature", "geometry": {"type": "Point", "coordinates": [10.7892122, 59.8365938]}, "properties": {"id": 410100166, "feat_type": "way", "quality_categories": "older_than_five_years", "issue_ids": "[340]", "osm_url": "https://www.openstreetmap.org/way/410100166", "josm_url": "http://127.0.0.1:8111/load_object?new_layer=false&objects=w410100166", "id_url": "https://www.openstreetmap.org/edit?editor=id&way=410100166#map=20/59.8365938/10.7892122"}}, {"type": "Feature", "geometry": {"type": "Point", "coordinates": [10.7877636, 59.8307833]}, "properties": {"id": 410100171, "feat_type": "way", "quality_categories": "older_than_five_years", "issue_ids": "[93]", "osm_url": "https://www.openstreetmap.org/way/410100171", "josm_url": "http://127.0.0.1:8111/load_object?new_layer=false&objects=w410100171", "id_url": "https://www.openstreetmap.org/edit?editor=id&way=410100171#map=20/59.8307833/10.7877636"}}, {"type": "Feature", "geometry": {"type": "Point", "coordinates": [10.7818387, 59.8299707]}, "properties": {"id": 410100174, "feat_type": "way", "quality_categories": "older_than_five_years", "issue_ids": "[337]", "osm_url": "https://www.openstreetmap.org/way/410100174", "josm_url": "http://127.0.0.1:8111/load_object?new_layer=false&objects=w410100174", "id_url": "https://www.openstreetmap.org/edit?editor=id&way=410100174#map=20/59.8299707/10.7818387"}}, {"type": "Feature", "geometry": {"type": "Point", "coordinates": [10.7994034, 59.8513498]}, "properties": {"id": 412145904, "feat_type": "way", "quality_categories": "older_than_five_years", "issue_ids": "[341]", "osm_url": "https://www.openstreetmap.org/way/412145904", "josm_url": "http://127.0.0.1:8111/load_object?new_layer=false&objects=w412145904", "id_url": "https://www.openstreetmap.org/edit?editor=id&way=412145904#map=20/59.8513498/10.7994034"}}, {"type": "Feature", "geometry": {"type": "Point", "coordinates": [10.8111312, 59.8603973]}, "properties": {"id": 413346698, "feat_type": "way", "quality_categories": "older_than_five_years", "issue_ids": "[342]", "osm_url": "https://www.openstreetmap.org/way/413346698", "josm_url": "http://127.0.0.1:8111/load_object?new_layer=false&objects=w413346698", "id_url": "https://www.openstreetmap.org/edit?editor=id&way=413346698#map=20/59.8603973/10.8111312"}}, {"type": "Feature", "geometry": {"type": "Point", "coordinates": [10.8285294, 59.8623717]}, "properties": {"id": 413346699, "feat_type": "way", "quality_categories": "older_than_five_years", "issue_ids": "[343]", "osm_url": "https://www.openstreetmap.org/way/413346699", "josm_url": "http://127.0.0.1:8111/load_object?new_layer=false&objects=w413346699", "id_url": "https://www.openstreetmap.org/edit?editor=id&way=413346699#map=20/59.8623717/10.8285294"}}, {"type": "Feature", "geometry": {"type": "Point", "coordinates": [10.8259742, 59.8621489]}, "properties": {"id": 413346700, "feat_type": "way", "quality_categories": "older_than_five_years", "issue_ids": "[341]", "osm_url": "https://www.openstreetmap.org/way/413346700", "josm_url": "http://127.0.0.1:8111/load_object?new_layer=false&objects=w413346700", "id_url": "https://www.openstreetmap.org/edit?editor=id&way=413346700#map=20/59.8621489/10.8259742"}}, {"type": "Feature", "geometry": {"type": "Point", "coordinates": [10.8274856, 59.8623867]}, "properties": {"id": 413346706, "feat_type": "way", "quality_categories": "older_than_five_years", "issue_ids": "[341]", "osm_url": "https://www.openstreetmap.org/way/413346706", "josm_url": "http://127.0.0.1:8111/load_object?new_layer=false&objects=w413346706", "id_url": "https://www.openstreetmap.org/edit?editor=id&way=413346706#map=20/59.8623867/10.8274856"}}, {"type": "Feature", "geometry": {"type": "Point", "coordinates": [10.8512008, 59.8971396]}, "properties": {"id": 413992789, "feat_type": "way", "quality_categories": "older_than_five_years", "issue_ids": "[344]", "osm_url": "https://www.openstreetmap.org/way/413992789", "josm_url": "http://127.0.0.1:8111/load_object?new_layer=false&objects=w413992789", "id_url": "https://www.openstreetmap.org/edit?editor=id&way=413992789#map=20/59.8971396/10.8512008"}}, {"type": "Feature", "geometry": {"type": "Point", "coordinates": [10.8510936, 59.8977979]}, "properties": {"id": 413992792, "feat_type": "way", "quality_categories": "missing_tags, older_than_five_years", "issue_ids": "[345, 4]", "osm_url": "https://www.openstreetmap.org/way/413992792", "josm_url": "http://127.0.0.1:8111/load_object?new_layer=false&objects=w413992792", "id_url": "https://www.openstreetmap.org/edit?editor=id&way=413992792#map=20/59.8977979/10.8510936"}}, {"type": "Feature", "geometry": {"type": "Point", "coordinates": [10.7995723, 59.9137611]}, "properties": {"id": 414357275, "feat_type": "way", "quality_categories": "older_than_five_years", "issue_ids": "[130]", "osm_url": "https://www.openstreetmap.org/way/414357275", "josm_url": "http://127.0.0.1:8111/load_object?new_layer=false&objects=w414357275", "id_url": "https://www.openstreetmap.org/edit?editor=id&way=414357275#map=20/59.9137611/10.7995723"}}, {"type": "Feature", "geometry": {"type": "Point", "coordinates": [10.6990888, 59.9433486]}, "properties": {"id": 414834882, "feat_type": "way", "quality_categories": "older_than_five_years", "issue_ids": "[39]", "osm_url": "https://www.openstreetmap.org/way/414834882", "josm_url": "http://127.0.0.1:8111/load_object?new_layer=false&objects=w414834882", "id_url": "https://www.openstreetmap.org/edit?editor=id&way=414834882#map=20/59.9433486/10.6990888"}}, {"type": "Feature", "geometry": {"type": "Point", "coordinates": [10.8250702, 59.8828784]}, "properties": {"id": 416784727, "feat_type": "way", "quality_categories": "missing_tags, older_than_five_years", "issue_ids": "[346, 4]", "osm_url": "https://www.openstreetmap.org/way/416784727", "josm_url": "http://127.0.0.1:8111/load_object?new_layer=false&objects=w416784727", "id_url": "https://www.openstreetmap.org/edit?editor=id&way=416784727#map=20/59.8828784/10.8250702"}}, {"type": "Feature", "geometry": {"type": "Point", "coordinates": [10.7666925, 59.9114853]}, "properties": {"id": 428586021, "feat_type": "way", "quality_categories": "older_than_five_years", "issue_ids": "[224]", "osm_url": "https://www.openstreetmap.org/way/428586021", "josm_url": "http://127.0.0.1:8111/load_object?new_layer=false&objects=w428586021", "id_url": "https://www.openstreetmap.org/edit?editor=id&way=428586021#map=20/59.9114853/10.7666925"}}, {"type": "Feature", "geometry": {"type": "Point", "coordinates": [10.7214659, 59.9127473]}, "properties": {"id": 429739132, "feat_type": "way", "quality_categories": "older_than_five_years", "issue_ids": "[110]", "osm_url": "https://www.openstreetmap.org/way/429739132", "josm_url": "http://127.0.0.1:8111/load_object?new_layer=false&objects=w429739132", "id_url": "https://www.openstreetmap.org/edit?editor=id&way=429739132#map=20/59.9127473/10.7214659"}}, {"type": "Feature", "geometry": {"type": "Point", "coordinates": [10.859585, 59.8328072]}, "properties": {"id": 431281814, "feat_type": "way", "quality_categories": "older_than_five_years", "issue_ids": "[176]", "osm_url": "https://www.openstreetmap.org/way/431281814", "josm_url": "http://127.0.0.1:8111/load_object?new_layer=false&objects=w431281814", "id_url": "https://www.openstreetmap.org/edit?editor=id&way=431281814#map=20/59.8328072/10.859585"}}, {"type": "Feature", "geometry": {"type": "Point", "coordinates": [10.8188121, 59.8769489]}, "properties": {"id": 435972421, "feat_type": "way", "quality_categories": "older_than_five_years", "issue_ids": "[347]", "osm_url": "https://www.openstreetmap.org/way/435972421", "josm_url": "http://127.0.0.1:8111/load_object?new_layer=false&objects=w435972421", "id_url": "https://www.openstreetmap.org/edit?editor=id&way=435972421#map=20/59.8769489/10.8188121"}}, {"type": "Feature", "geometry": {"type": "Point", "coordinates": [10.8242689, 59.8795846]}, "properties": {"id": 436753813, "feat_type": "way", "quality_categories": "older_than_five_years", "issue_ids": "[203]", "osm_url": "https://www.openstreetmap.org/way/436753813", "josm_url": "http://127.0.0.1:8111/load_object?new_layer=false&objects=w436753813", "id_url": "https://www.openstreetmap.org/edit?editor=id&way=436753813#map=20/59.8795846/10.8242689"}}, {"type": "Feature", "geometry": {"type": "Point", "coordinates": [10.8196947, 59.8789142]}, "properties": {"id": 436753814, "feat_type": "way", "quality_categories": "older_than_five_years", "issue_ids": "[348]", "osm_url": "https://www.openstreetmap.org/way/436753814", "josm_url": "http://127.0.0.1:8111/load_object?new_layer=false&objects=w436753814", "id_url": "https://www.openstreetmap.org/edit?editor=id&way=436753814#map=20/59.8789142/10.8196947"}}, {"type": "Feature", "geometry": {"type": "Point", "coordinates": [10.8220322, 59.8791399]}, "properties": {"id": 436753816, "feat_type": "way", "quality_categories": "older_than_five_years", "issue_ids": "[203]", "osm_url": "https://www.openstreetmap.org/way/436753816", "josm_url": "http://127.0.0.1:8111/load_object?new_layer=false&objects=w436753816", "id_url": "https://www.openstreetmap.org/edit?editor=id&way=436753816#map=20/59.8791399/10.8220322"}}, {"type": "Feature", "geometry": {"type": "Point", "coordinates": [10.8189326, 59.8783934]}, "properties": {"id": 436753818, "feat_type": "way", "quality_categories": "older_than_five_years", "issue_ids": "[348]", "osm_url": "https://www.openstreetmap.org/way/436753818", "josm_url": "http://127.0.0.1:8111/load_object?new_layer=false&objects=w436753818", "id_url": "https://www.openstreetmap.org/edit?editor=id&way=436753818#map=20/59.8783934/10.8189326"}}, {"type": "Feature", "geometry": {"type": "Point", "coordinates": [10.8192489, 59.8838998]}, "properties": {"id": 437536719, "feat_type": "way", "quality_categories": "missing_tags, older_than_five_years", "issue_ids": "[115, 4]", "osm_url": "https://www.openstreetmap.org/way/437536719", "josm_url": "http://127.0.0.1:8111/load_object?new_layer=false&objects=w437536719", "id_url": "https://www.openstreetmap.org/edit?editor=id&way=437536719#map=20/59.8838998/10.8192489"}}, {"type": "Feature", "geometry": {"type": "Point", "coordinates": [10.8284575, 59.8740629]}, "properties": {"id": 438259653, "feat_type": "way", "quality_categories": "missing_tags, older_than_five_years", "issue_ids": "[349, 4]", "osm_url": "https://www.openstreetmap.org/way/438259653", "josm_url": "http://127.0.0.1:8111/load_object?new_layer=false&objects=w438259653", "id_url": "https://www.openstreetmap.org/edit?editor=id&way=438259653#map=20/59.8740629/10.8284575"}}, {"type": "Feature", "geometry": {"type": "Point", "coordinates": [10.8281916, 59.8769318]}, "properties": {"id": 438259672, "feat_type": "way", "quality_categories": "older_than_five_years", "issue_ids": "[350]", "osm_url": "https://www.openstreetmap.org/way/438259672", "josm_url": "http://127.0.0.1:8111/load_object?new_layer=false&objects=w438259672", "id_url": "https://www.openstreetmap.org/edit?editor=id&way=438259672#map=20/59.8769318/10.8281916"}}, {"type": "Feature", "geometry": {"type": "Point", "coordinates": [10.8437972, 59.8670028]}, "properties": {"id": 439069175, "feat_type": "way", "quality_categories": "older_than_five_years", "issue_ids": "[351]", "osm_url": "https://www.openstreetmap.org/way/439069175", "josm_url": "http://127.0.0.1:8111/load_object?new_layer=false&objects=w439069175", "id_url": "https://www.openstreetmap.org/edit?editor=id&way=439069175#map=20/59.8670028/10.8437972"}}, {"type": "Feature", "geometry": {"type": "Point", "coordinates": [10.8391994, 59.8503327]}, "properties": {"id": 439364866, "feat_type": "way", "quality_categories": "missing_tags, older_than_five_years", "issue_ids": "[81, 4]", "osm_url": "https://www.openstreetmap.org/way/439364866", "josm_url": "http://127.0.0.1:8111/load_object?new_layer=false&objects=w439364866", "id_url": "https://www.openstreetmap.org/edit?editor=id&way=439364866#map=20/59.8503327/10.8391994"}}, {"type": "Feature", "geometry": {"type": "Point", "coordinates": [10.7387815, 59.9178717]}, "properties": {"id": 440149398, "feat_type": "way", "quality_categories": "older_than_five_years", "issue_ids": "[37]", "osm_url": "https://www.openstreetmap.org/way/440149398", "josm_url": "http://127.0.0.1:8111/load_object?new_layer=false&objects=w440149398", "id_url": "https://www.openstreetmap.org/edit?editor=id&way=440149398#map=20/59.9178717/10.7387815"}}, {"type": "Feature", "geometry": {"type": "Point", "coordinates": [10.8251464, 59.9391814]}, "properties": {"id": 440661664, "feat_type": "way", "quality_categories": "missing_tags, older_than_five_years", "issue_ids": "[352, 4]", "osm_url": "https://www.openstreetmap.org/way/440661664", "josm_url": "http://127.0.0.1:8111/load_object?new_layer=false&objects=w440661664", "id_url": "https://www.openstreetmap.org/edit?editor=id&way=440661664#map=20/59.9391814/10.8251464"}}, {"type": "Feature", "geometry": {"type": "Point", "coordinates": [10.670687, 59.9328821]}, "properties": {"id": 440662195, "feat_type": "way", "quality_categories": "missing_tags, older_than_five_years", "issue_ids": "[353, 4]", "osm_url": "https://www.openstreetmap.org/way/440662195", "josm_url": "http://127.0.0.1:8111/load_object?new_layer=false&objects=w440662195", "id_url": "https://www.openstreetmap.org/edit?editor=id&way=440662195#map=20/59.9328821/10.670687"}}, {"type": "Feature", "geometry": {"type": "Point", "coordinates": [10.781765, 59.9653229]}, "properties": {"id": 443055142, "feat_type": "way", "quality_categories": "older_than_five_years", "issue_ids": "[126]", "osm_url": "https://www.openstreetmap.org/way/443055142", "josm_url": "http://127.0.0.1:8111/load_object?new_layer=false&objects=w443055142", "id_url": "https://www.openstreetmap.org/edit?editor=id&way=443055142#map=20/59.9653229/10.781765"}}, {"type": "Feature", "geometry": {"type": "Point", "coordinates": [10.7767011, 59.9006297]}, "properties": {"id": 443651696, "feat_type": "way", "quality_categories": "older_than_five_years", "issue_ids": "[33]", "osm_url": "https://www.openstreetmap.org/way/443651696", "josm_url": "http://127.0.0.1:8111/load_object?new_layer=false&objects=w443651696", "id_url": "https://www.openstreetmap.org/edit?editor=id&way=443651696#map=20/59.9006297/10.7767011"}}, {"type": "Feature", "geometry": {"type": "Point", "coordinates": [10.8512504, 59.9179463]}, "properties": {"id": 445175526, "feat_type": "way", "quality_categories": "older_than_five_years", "issue_ids": "[67]", "osm_url": "https://www.openstreetmap.org/way/445175526", "josm_url": "http://127.0.0.1:8111/load_object?new_layer=false&objects=w445175526", "id_url": "https://www.openstreetmap.org/edit?editor=id&way=445175526#map=20/59.9179463/10.8512504"}}, {"type": "Feature", "geometry": {"type": "Point", "coordinates": [10.839272, 59.9131643]}, "properties": {"id": 445176612, "feat_type": "way", "quality_categories": "older_than_five_years", "issue_ids": "[257]", "osm_url": "https://www.openstreetmap.org/way/445176612", "josm_url": "http://127.0.0.1:8111/load_object?new_layer=false&objects=w445176612", "id_url": "https://www.openstreetmap.org/edit?editor=id&way=445176612#map=20/59.9131643/10.839272"}}, {"type": "Feature", "geometry": {"type": "Point", "coordinates": [10.8401696, 59.9132549]}, "properties": {"id": 445176614, "feat_type": "way", "quality_categories": "older_than_five_years", "issue_ids": "[67]", "osm_url": "https://www.openstreetmap.org/way/445176614", "josm_url": "http://127.0.0.1:8111/load_object?new_layer=false&objects=w445176614", "id_url": "https://www.openstreetmap.org/edit?editor=id&way=445176614#map=20/59.9132549/10.8401696"}}, {"type": "Feature", "geometry": {"type": "Point", "coordinates": [10.8182333, 59.8762984]}, "properties": {"id": 447771102, "feat_type": "way", "quality_categories": "older_than_five_years", "issue_ids": "[354]", "osm_url": "https://www.openstreetmap.org/way/447771102", "josm_url": "http://127.0.0.1:8111/load_object?new_layer=false&objects=w447771102", "id_url": "https://www.openstreetmap.org/edit?editor=id&way=447771102#map=20/59.8762984/10.8182333"}}, {"type": "Feature", "geometry": {"type": "Point", "coordinates": [10.8166126, 59.8755117]}, "properties": {"id": 447771118, "feat_type": "way", "quality_categories": "older_than_five_years", "issue_ids": "[354]", "osm_url": "https://www.openstreetmap.org/way/447771118", "josm_url": "http://127.0.0.1:8111/load_object?new_layer=false&objects=w447771118", "id_url": "https://www.openstreetmap.org/edit?editor=id&way=447771118#map=20/59.8755117/10.8166126"}}, {"type": "Feature", "geometry": {"type": "Point", "coordinates": [10.7174412, 59.9203454]}, "properties": {"id": 447903745, "feat_type": "way", "quality_categories": "older_than_five_years", "issue_ids": "[355]", "osm_url": "https://www.openstreetmap.org/way/447903745", "josm_url": "http://127.0.0.1:8111/load_object?new_layer=false&objects=w447903745", "id_url": "https://www.openstreetmap.org/edit?editor=id&way=447903745#map=20/59.9203454/10.7174412"}}, {"type": "Feature", "geometry": {"type": "Point", "coordinates": [10.7215063, 59.9167157]}, "properties": {"id": 447903748, "feat_type": "way", "quality_categories": "older_than_five_years", "issue_ids": "[355]", "osm_url": "https://www.openstreetmap.org/way/447903748", "josm_url": "http://127.0.0.1:8111/load_object?new_layer=false&objects=w447903748", "id_url": "https://www.openstreetmap.org/edit?editor=id&way=447903748#map=20/59.9167157/10.7215063"}}, {"type": "Feature", "geometry": {"type": "Point", "coordinates": [10.7227518, 59.9184263]}, "properties": {"id": 447903749, "feat_type": "way", "quality_categories": "older_than_five_years", "issue_ids": "[355]", "osm_url": "https://www.openstreetmap.org/way/447903749", "josm_url": "http://127.0.0.1:8111/load_object?new_layer=false&objects=w447903749", "id_url": "https://www.openstreetmap.org/edit?editor=id&way=447903749#map=20/59.9184263/10.7227518"}}, {"type": "Feature", "geometry": {"type": "Point", "coordinates": [10.7213064, 59.9168327]}, "properties": {"id": 447903750, "feat_type": "way", "quality_categories": "older_than_five_years", "issue_ids": "[355]", "osm_url": "https://www.openstreetmap.org/way/447903750", "josm_url": "http://127.0.0.1:8111/load_object?new_layer=false&objects=w447903750", "id_url": "https://www.openstreetmap.org/edit?editor=id&way=447903750#map=20/59.9168327/10.7213064"}}, {"type": "Feature", "geometry": {"type": "Point", "coordinates": [10.7220682, 59.917932]}, "properties": {"id": 447903751, "feat_type": "way", "quality_categories": "older_than_five_years", "issue_ids": "[355]", "osm_url": "https://www.openstreetmap.org/way/447903751", "josm_url": "http://127.0.0.1:8111/load_object?new_layer=false&objects=w447903751", "id_url": "https://www.openstreetmap.org/edit?editor=id&way=447903751#map=20/59.917932/10.7220682"}}, {"type": "Feature", "geometry": {"type": "Point", "coordinates": [10.6599341, 59.9288526]}, "properties": {"id": 448258206, "feat_type": "way", "quality_categories": "older_than_five_years", "issue_ids": "[43]", "osm_url": "https://www.openstreetmap.org/way/448258206", "josm_url": "http://127.0.0.1:8111/load_object?new_layer=false&objects=w448258206", "id_url": "https://www.openstreetmap.org/edit?editor=id&way=448258206#map=20/59.9288526/10.6599341"}}, {"type": "Feature", "geometry": {"type": "Point", "coordinates": [10.7774746, 59.9381685]}, "properties": {"id": 450662018, "feat_type": "way", "quality_categories": "older_than_five_years", "issue_ids": "[49]", "osm_url": "https://www.openstreetmap.org/way/450662018", "josm_url": "http://127.0.0.1:8111/load_object?new_layer=false&objects=w450662018", "id_url": "https://www.openstreetmap.org/edit?editor=id&way=450662018#map=20/59.9381685/10.7774746"}}, {"type": "Feature", "geometry": {"type": "Point", "coordinates": [10.7558085, 59.9081776]}, "properties": {"id": 453102550, "feat_type": "way", "quality_categories": "older_than_five_years", "issue_ids": "[238]", "osm_url": "https://www.openstreetmap.org/way/453102550", "josm_url": "http://127.0.0.1:8111/load_object?new_layer=false&objects=w453102550", "id_url": "https://www.openstreetmap.org/edit?editor=id&way=453102550#map=20/59.9081776/10.7558085"}}, {"type": "Feature", "geometry": {"type": "Point", "coordinates": [10.7554565, 59.9079738]}, "properties": {"id": 453102551, "feat_type": "way", "quality_categories": "older_than_five_years", "issue_ids": "[93]", "osm_url": "https://www.openstreetmap.org/way/453102551", "josm_url": "http://127.0.0.1:8111/load_object?new_layer=false&objects=w453102551", "id_url": "https://www.openstreetmap.org/edit?editor=id&way=453102551#map=20/59.9079738/10.7554565"}}, {"type": "Feature", "geometry": {"type": "Point", "coordinates": [10.6744232, 59.9344978]}, "properties": {"id": 453683981, "feat_type": "way", "quality_categories": "missing_tags, older_than_five_years", "issue_ids": "[356, 4]", "osm_url": "https://www.openstreetmap.org/way/453683981", "josm_url": "http://127.0.0.1:8111/load_object?new_layer=false&objects=w453683981", "id_url": "https://www.openstreetmap.org/edit?editor=id&way=453683981#map=20/59.9344978/10.6744232"}}, {"type": "Feature", "geometry": {"type": "Point", "coordinates": [10.6777896, 59.9360006]}, "properties": {"id": 453683983, "feat_type": "way", "quality_categories": "older_than_five_years", "issue_ids": "[43]", "osm_url": "https://www.openstreetmap.org/way/453683983", "josm_url": "http://127.0.0.1:8111/load_object?new_layer=false&objects=w453683983", "id_url": "https://www.openstreetmap.org/edit?editor=id&way=453683983#map=20/59.9360006/10.6777896"}}, {"type": "Feature", "geometry": {"type": "Point", "coordinates": [10.7981921, 59.9135855]}, "properties": {"id": 459860364, "feat_type": "way", "quality_categories": "older_than_five_years", "issue_ids": "[254]", "osm_url": "https://www.openstreetmap.org/way/459860364", "josm_url": "http://127.0.0.1:8111/load_object?new_layer=false&objects=w459860364", "id_url": "https://www.openstreetmap.org/edit?editor=id&way=459860364#map=20/59.9135855/10.7981921"}}, {"type": "Feature", "geometry": {"type": "Point", "coordinates": [10.7302956, 59.9383994]}, "properties": {"id": 461219386, "feat_type": "way", "quality_categories": "older_than_five_years", "issue_ids": "[24]", "osm_url": "https://www.openstreetmap.org/way/461219386", "josm_url": "http://127.0.0.1:8111/load_object?new_layer=false&objects=w461219386", "id_url": "https://www.openstreetmap.org/edit?editor=id&way=461219386#map=20/59.9383994/10.7302956"}}, {"type": "Feature", "geometry": {"type": "Point", "coordinates": [10.7296487, 59.9399135]}, "properties": {"id": 461219388, "feat_type": "way", "quality_categories": "older_than_five_years", "issue_ids": "[112]", "osm_url": "https://www.openstreetmap.org/way/461219388", "josm_url": "http://127.0.0.1:8111/load_object?new_layer=false&objects=w461219388", "id_url": "https://www.openstreetmap.org/edit?editor=id&way=461219388#map=20/59.9399135/10.7296487"}}, {"type": "Feature", "geometry": {"type": "Point", "coordinates": [10.7236675, 59.9376058]}, "properties": {"id": 461219406, "feat_type": "way", "quality_categories": "older_than_five_years", "issue_ids": "[357]", "osm_url": "https://www.openstreetmap.org/way/461219406", "josm_url": "http://127.0.0.1:8111/load_object?new_layer=false&objects=w461219406", "id_url": "https://www.openstreetmap.org/edit?editor=id&way=461219406#map=20/59.9376058/10.7236675"}}, {"type": "Feature", "geometry": {"type": "Point", "coordinates": [10.723699, 59.9374997]}, "properties": {"id": 461219418, "feat_type": "way", "quality_categories": "older_than_five_years", "issue_ids": "[357]", "osm_url": "https://www.openstreetmap.org/way/461219418", "josm_url": "http://127.0.0.1:8111/load_object?new_layer=false&objects=w461219418", "id_url": "https://www.openstreetmap.org/edit?editor=id&way=461219418#map=20/59.9374997/10.723699"}}, {"type": "Feature", "geometry": {"type": "Point", "coordinates": [10.7824115, 59.9068752]}, "properties": {"id": 461350649, "feat_type": "way", "quality_categories": "older_than_five_years", "issue_ids": "[100]", "osm_url": "https://www.openstreetmap.org/way/461350649", "josm_url": "http://127.0.0.1:8111/load_object?new_layer=false&objects=w461350649", "id_url": "https://www.openstreetmap.org/edit?editor=id&way=461350649#map=20/59.9068752/10.7824115"}}, {"type": "Feature", "geometry": {"type": "Point", "coordinates": [10.7838255, 59.9070064]}, "properties": {"id": 461350650, "feat_type": "way", "quality_categories": "older_than_five_years", "issue_ids": "[358]", "osm_url": "https://www.openstreetmap.org/way/461350650", "josm_url": "http://127.0.0.1:8111/load_object?new_layer=false&objects=w461350650", "id_url": "https://www.openstreetmap.org/edit?editor=id&way=461350650#map=20/59.9070064/10.7838255"}}, {"type": "Feature", "geometry": {"type": "Point", "coordinates": [10.7859094, 59.9079173]}, "properties": {"id": 461350666, "feat_type": "way", "quality_categories": "older_than_five_years", "issue_ids": "[224]", "osm_url": "https://www.openstreetmap.org/way/461350666", "josm_url": "http://127.0.0.1:8111/load_object?new_layer=false&objects=w461350666", "id_url": "https://www.openstreetmap.org/edit?editor=id&way=461350666#map=20/59.9079173/10.7859094"}}, {"type": "Feature", "geometry": {"type": "Point", "coordinates": [10.7851663, 59.9076159]}, "properties": {"id": 461350673, "feat_type": "way", "quality_categories": "older_than_five_years", "issue_ids": "[356]", "osm_url": "https://www.openstreetmap.org/way/461350673", "josm_url": "http://127.0.0.1:8111/load_object?new_layer=false&objects=w461350673", "id_url": "https://www.openstreetmap.org/edit?editor=id&way=461350673#map=20/59.9076159/10.7851663"}}, {"type": "Feature", "geometry": {"type": "Point", "coordinates": [10.7855648, 59.9067069]}, "properties": {"id": 461350677, "feat_type": "way", "quality_categories": "older_than_five_years", "issue_ids": "[356]", "osm_url": "https://www.openstreetmap.org/way/461350677", "josm_url": "http://127.0.0.1:8111/load_object?new_layer=false&objects=w461350677", "id_url": "https://www.openstreetmap.org/edit?editor=id&way=461350677#map=20/59.9067069/10.7855648"}}, {"type": "Feature", "geometry": {"type": "Point", "coordinates": [10.7873144, 59.9081414]}, "properties": {"id": 461350681, "feat_type": "way", "quality_categories": "older_than_five_years", "issue_ids": "[224]", "osm_url": "https://www.openstreetmap.org/way/461350681", "josm_url": "http://127.0.0.1:8111/load_object?new_layer=false&objects=w461350681", "id_url": "https://www.openstreetmap.org/edit?editor=id&way=461350681#map=20/59.9081414/10.7873144"}}, {"type": "Feature", "geometry": {"type": "Point", "coordinates": [10.7892992, 59.9086918]}, "properties": {"id": 461350684, "feat_type": "way", "quality_categories": "older_than_five_years", "issue_ids": "[359]", "osm_url": "https://www.openstreetmap.org/way/461350684", "josm_url": "http://127.0.0.1:8111/load_object?new_layer=false&objects=w461350684", "id_url": "https://www.openstreetmap.org/edit?editor=id&way=461350684#map=20/59.9086918/10.7892992"}}, {"type": "Feature", "geometry": {"type": "Point", "coordinates": [10.7885997, 59.9078126]}, "properties": {"id": 461350694, "feat_type": "way", "quality_categories": "older_than_five_years", "issue_ids": "[359]", "osm_url": "https://www.openstreetmap.org/way/461350694", "josm_url": "http://127.0.0.1:8111/load_object?new_layer=false&objects=w461350694", "id_url": "https://www.openstreetmap.org/edit?editor=id&way=461350694#map=20/59.9078126/10.7885997"}}, {"type": "Feature", "geometry": {"type": "Point", "coordinates": [10.78981, 59.9074604]}, "properties": {"id": 461379380, "feat_type": "way", "quality_categories": "older_than_five_years", "issue_ids": "[243]", "osm_url": "https://www.openstreetmap.org/way/461379380", "josm_url": "http://127.0.0.1:8111/load_object?new_layer=false&objects=w461379380", "id_url": "https://www.openstreetmap.org/edit?editor=id&way=461379380#map=20/59.9074604/10.78981"}}, {"type": "Feature", "geometry": {"type": "Point", "coordinates": [10.7742213, 59.9080872]}, "properties": {"id": 461997728, "feat_type": "way", "quality_categories": "older_than_five_years", "issue_ids": "[237]", "osm_url": "https://www.openstreetmap.org/way/461997728", "josm_url": "http://127.0.0.1:8111/load_object?new_layer=false&objects=w461997728", "id_url": "https://www.openstreetmap.org/edit?editor=id&way=461997728#map=20/59.9080872/10.7742213"}}, {"type": "Feature", "geometry": {"type": "Point", "coordinates": [10.7522599, 59.912041]}, "properties": {"id": 462147522, "feat_type": "way", "quality_categories": "older_than_five_years", "issue_ids": "[102]", "osm_url": "https://www.openstreetmap.org/way/462147522", "josm_url": "http://127.0.0.1:8111/load_object?new_layer=false&objects=w462147522", "id_url": "https://www.openstreetmap.org/edit?editor=id&way=462147522#map=20/59.912041/10.7522599"}}, {"type": "Feature", "geometry": {"type": "Point", "coordinates": [10.6668699, 59.9877899]}, "properties": {"id": 462424839, "feat_type": "way", "quality_categories": "older_than_five_years", "issue_ids": "[311]", "osm_url": "https://www.openstreetmap.org/way/462424839", "josm_url": "http://127.0.0.1:8111/load_object?new_layer=false&objects=w462424839", "id_url": "https://www.openstreetmap.org/edit?editor=id&way=462424839#map=20/59.9877899/10.6668699"}}, {"type": "Feature", "geometry": {"type": "Point", "coordinates": [10.6677879, 59.9858363]}, "properties": {"id": 462424842, "feat_type": "way", "quality_categories": "older_than_five_years", "issue_ids": "[360]", "osm_url": "https://www.openstreetmap.org/way/462424842", "josm_url": "http://127.0.0.1:8111/load_object?new_layer=false&objects=w462424842", "id_url": "https://www.openstreetmap.org/edit?editor=id&way=462424842#map=20/59.9858363/10.6677879"}}, {"type": "Feature", "geometry": {"type": "Point", "coordinates": [10.6700682, 59.9719382]}, "properties": {"id": 462424845, "feat_type": "way", "quality_categories": "older_than_five_years", "issue_ids": "[344]", "osm_url": "https://www.openstreetmap.org/way/462424845", "josm_url": "http://127.0.0.1:8111/load_object?new_layer=false&objects=w462424845", "id_url": "https://www.openstreetmap.org/edit?editor=id&way=462424845#map=20/59.9719382/10.6700682"}}, {"type": "Feature", "geometry": {"type": "Point", "coordinates": [10.6594335, 59.9290786]}, "properties": {"id": 463741663, "feat_type": "way", "quality_categories": "older_than_five_years", "issue_ids": "[43]", "osm_url": "https://www.openstreetmap.org/way/463741663", "josm_url": "http://127.0.0.1:8111/load_object?new_layer=false&objects=w463741663", "id_url": "https://www.openstreetmap.org/edit?editor=id&way=463741663#map=20/59.9290786/10.6594335"}}, {"type": "Feature", "geometry": {"type": "Point", "coordinates": [10.7578227, 59.9136011]}, "properties": {"id": 469158046, "feat_type": "way", "quality_categories": "older_than_five_years", "issue_ids": "[29]", "osm_url": "https://www.openstreetmap.org/way/469158046", "josm_url": "http://127.0.0.1:8111/load_object?new_layer=false&objects=w469158046", "id_url": "https://www.openstreetmap.org/edit?editor=id&way=469158046#map=20/59.9136011/10.7578227"}}, {"type": "Feature", "geometry": {"type": "Point", "coordinates": [10.7565832, 59.9137586]}, "properties": {"id": 469158049, "feat_type": "way", "quality_categories": "older_than_five_years", "issue_ids": "[29]", "osm_url": "https://www.openstreetmap.org/way/469158049", "josm_url": "http://127.0.0.1:8111/load_object?new_layer=false&objects=w469158049", "id_url": "https://www.openstreetmap.org/edit?editor=id&way=469158049#map=20/59.9137586/10.7565832"}}, {"type": "Feature", "geometry": {"type": "Point", "coordinates": [10.8660274, 59.9516503]}, "properties": {"id": 472340757, "feat_type": "way", "quality_categories": "older_than_five_years", "issue_ids": "[149]", "osm_url": "https://www.openstreetmap.org/way/472340757", "josm_url": "http://127.0.0.1:8111/load_object?new_layer=false&objects=w472340757", "id_url": "https://www.openstreetmap.org/edit?editor=id&way=472340757#map=20/59.9516503/10.8660274"}}, {"type": "Feature", "geometry": {"type": "Point", "coordinates": [10.8653596, 59.9516507]}, "properties": {"id": 472340758, "feat_type": "way", "quality_categories": "older_than_five_years", "issue_ids": "[149]", "osm_url": "https://www.openstreetmap.org/way/472340758", "josm_url": "http://127.0.0.1:8111/load_object?new_layer=false&objects=w472340758", "id_url": "https://www.openstreetmap.org/edit?editor=id&way=472340758#map=20/59.9516507/10.8653596"}}, {"type": "Feature", "geometry": {"type": "Point", "coordinates": [10.866339, 59.9520237]}, "properties": {"id": 472340763, "feat_type": "way", "quality_categories": "missing_tags, older_than_five_years", "issue_ids": "[57, 4]", "osm_url": "https://www.openstreetmap.org/way/472340763", "josm_url": "http://127.0.0.1:8111/load_object?new_layer=false&objects=w472340763", "id_url": "https://www.openstreetmap.org/edit?editor=id&way=472340763#map=20/59.9520237/10.866339"}}, {"type": "Feature", "geometry": {"type": "Point", "coordinates": [10.7184001, 59.930457]}, "properties": {"id": 477204386, "feat_type": "way", "quality_categories": "older_than_five_years", "issue_ids": "[361]", "osm_url": "https://www.openstreetmap.org/way/477204386", "josm_url": "http://127.0.0.1:8111/load_object?new_layer=false&objects=w477204386", "id_url": "https://www.openstreetmap.org/edit?editor=id&way=477204386#map=20/59.930457/10.7184001"}}, {"type": "Feature", "geometry": {"type": "Point", "coordinates": [10.7190673, 59.9287068]}, "properties": {"id": 477342698, "feat_type": "way", "quality_categories": "older_than_five_years", "issue_ids": "[19]", "osm_url": "https://www.openstreetmap.org/way/477342698", "josm_url": "http://127.0.0.1:8111/load_object?new_layer=false&objects=w477342698", "id_url": "https://www.openstreetmap.org/edit?editor=id&way=477342698#map=20/59.9287068/10.7190673"}}, {"type": "Feature", "geometry": {"type": "Point", "coordinates": [10.7182553, 59.9291762]}, "properties": {"id": 477342700, "feat_type": "way", "quality_categories": "older_than_five_years", "issue_ids": "[19]", "osm_url": "https://www.openstreetmap.org/way/477342700", "josm_url": "http://127.0.0.1:8111/load_object?new_layer=false&objects=w477342700", "id_url": "https://www.openstreetmap.org/edit?editor=id&way=477342700#map=20/59.9291762/10.7182553"}}, {"type": "Feature", "geometry": {"type": "Point", "coordinates": [10.723179, 59.9141366]}, "properties": {"id": 478730021, "feat_type": "way", "quality_categories": "older_than_five_years", "issue_ids": "[83]", "osm_url": "https://www.openstreetmap.org/way/478730021", "josm_url": "http://127.0.0.1:8111/load_object?new_layer=false&objects=w478730021", "id_url": "https://www.openstreetmap.org/edit?editor=id&way=478730021#map=20/59.9141366/10.723179"}}, {"type": "Feature", "geometry": {"type": "Point", "coordinates": [10.722347, 59.9135799]}, "properties": {"id": 478730027, "feat_type": "way", "quality_categories": "older_than_five_years", "issue_ids": "[83]", "osm_url": "https://www.openstreetmap.org/way/478730027", "josm_url": "http://127.0.0.1:8111/load_object?new_layer=false&objects=w478730027", "id_url": "https://www.openstreetmap.org/edit?editor=id&way=478730027#map=20/59.9135799/10.722347"}}, {"type": "Feature", "geometry": {"type": "Point", "coordinates": [10.7225113, 59.9136801]}, "properties": {"id": 478730028, "feat_type": "way", "quality_categories": "older_than_five_years", "issue_ids": "[83]", "osm_url": "https://www.openstreetmap.org/way/478730028", "josm_url": "http://127.0.0.1:8111/load_object?new_layer=false&objects=w478730028", "id_url": "https://www.openstreetmap.org/edit?editor=id&way=478730028#map=20/59.9136801/10.7225113"}}, {"type": "Feature", "geometry": {"type": "Point", "coordinates": [10.8276913, 59.8332242]}, "properties": {"id": 483521295, "feat_type": "way", "quality_categories": "older_than_five_years", "issue_ids": "[362]", "osm_url": "https://www.openstreetmap.org/way/483521295", "josm_url": "http://127.0.0.1:8111/load_object?new_layer=false&objects=w483521295", "id_url": "https://www.openstreetmap.org/edit?editor=id&way=483521295#map=20/59.8332242/10.8276913"}}, {"type": "Feature", "geometry": {"type": "Point", "coordinates": [10.8313135, 59.8287406]}, "properties": {"id": 483521297, "feat_type": "way", "quality_categories": "older_than_five_years", "issue_ids": "[362]", "osm_url": "https://www.openstreetmap.org/way/483521297", "josm_url": "http://127.0.0.1:8111/load_object?new_layer=false&objects=w483521297", "id_url": "https://www.openstreetmap.org/edit?editor=id&way=483521297#map=20/59.8287406/10.8313135"}}, {"type": "Feature", "geometry": {"type": "Point", "coordinates": [10.8366531, 59.8314914]}, "properties": {"id": 483521303, "feat_type": "way", "quality_categories": "older_than_five_years", "issue_ids": "[362]", "osm_url": "https://www.openstreetmap.org/way/483521303", "josm_url": "http://127.0.0.1:8111/load_object?new_layer=false&objects=w483521303", "id_url": "https://www.openstreetmap.org/edit?editor=id&way=483521303#map=20/59.8314914/10.8366531"}}, {"type": "Feature", "geometry": {"type": "Point", "coordinates": [10.8334963, 59.8307613]}, "properties": {"id": 483521304, "feat_type": "way", "quality_categories": "older_than_five_years", "issue_ids": "[363]", "osm_url": "https://www.openstreetmap.org/way/483521304", "josm_url": "http://127.0.0.1:8111/load_object?new_layer=false&objects=w483521304", "id_url": "https://www.openstreetmap.org/edit?editor=id&way=483521304#map=20/59.8307613/10.8334963"}}, {"type": "Feature", "geometry": {"type": "Point", "coordinates": [10.8002135, 59.8354582]}, "properties": {"id": 483738843, "feat_type": "way", "quality_categories": "older_than_five_years", "issue_ids": "[364]", "osm_url": "https://www.openstreetmap.org/way/483738843", "josm_url": "http://127.0.0.1:8111/load_object?new_layer=false&objects=w483738843", "id_url": "https://www.openstreetmap.org/edit?editor=id&way=483738843#map=20/59.8354582/10.8002135"}}, {"type": "Feature", "geometry": {"type": "Point", "coordinates": [10.8014266, 59.8367927]}, "properties": {"id": 483738847, "feat_type": "way", "quality_categories": "older_than_five_years", "issue_ids": "[9]", "osm_url": "https://www.openstreetmap.org/way/483738847", "josm_url": "http://127.0.0.1:8111/load_object?new_layer=false&objects=w483738847", "id_url": "https://www.openstreetmap.org/edit?editor=id&way=483738847#map=20/59.8367927/10.8014266"}}, {"type": "Feature", "geometry": {"type": "Point", "coordinates": [10.7975321, 59.8350626]}, "properties": {"id": 483738864, "feat_type": "way", "quality_categories": "older_than_five_years", "issue_ids": "[9]", "osm_url": "https://www.openstreetmap.org/way/483738864", "josm_url": "http://127.0.0.1:8111/load_object?new_layer=false&objects=w483738864", "id_url": "https://www.openstreetmap.org/edit?editor=id&way=483738864#map=20/59.8350626/10.7975321"}}, {"type": "Feature", "geometry": {"type": "Point", "coordinates": [10.8086366, 59.8918542]}, "properties": {"id": 485562657, "feat_type": "way", "quality_categories": "older_than_five_years", "issue_ids": "[183]", "osm_url": "https://www.openstreetmap.org/way/485562657", "josm_url": "http://127.0.0.1:8111/load_object?new_layer=false&objects=w485562657", "id_url": "https://www.openstreetmap.org/edit?editor=id&way=485562657#map=20/59.8918542/10.8086366"}}, {"type": "Feature", "geometry": {"type": "Point", "coordinates": [10.7994117, 59.828438]}, "properties": {"id": 491795157, "feat_type": "way", "quality_categories": "older_than_five_years", "issue_ids": "[365]", "osm_url": "https://www.openstreetmap.org/way/491795157", "josm_url": "http://127.0.0.1:8111/load_object?new_layer=false&objects=w491795157", "id_url": "https://www.openstreetmap.org/edit?editor=id&way=491795157#map=20/59.828438/10.7994117"}}, {"type": "Feature", "geometry": {"type": "Point", "coordinates": [10.7973887, 59.8348274]}, "properties": {"id": 491795166, "feat_type": "way", "quality_categories": "older_than_five_years", "issue_ids": "[366]", "osm_url": "https://www.openstreetmap.org/way/491795166", "josm_url": "http://127.0.0.1:8111/load_object?new_layer=false&objects=w491795166", "id_url": "https://www.openstreetmap.org/edit?editor=id&way=491795166#map=20/59.8348274/10.7973887"}}, {"type": "Feature", "geometry": {"type": "Point", "coordinates": [10.7661574, 59.9335332]}, "properties": {"id": 492801979, "feat_type": "way", "quality_categories": "older_than_five_years", "issue_ids": "[119]", "osm_url": "https://www.openstreetmap.org/way/492801979", "josm_url": "http://127.0.0.1:8111/load_object?new_layer=false&objects=w492801979", "id_url": "https://www.openstreetmap.org/edit?editor=id&way=492801979#map=20/59.9335332/10.7661574"}}, {"type": "Feature", "geometry": {"type": "Point", "coordinates": [10.8396597, 59.8731077]}, "properties": {"id": 495339723, "feat_type": "way", "quality_categories": "missing_tags, older_than_five_years", "issue_ids": "[367, 4]", "osm_url": "https://www.openstreetmap.org/way/495339723", "josm_url": "http://127.0.0.1:8111/load_object?new_layer=false&objects=w495339723", "id_url": "https://www.openstreetmap.org/edit?editor=id&way=495339723#map=20/59.8731077/10.8396597"}}, {"type": "Feature", "geometry": {"type": "Point", "coordinates": [10.8390618, 59.8724203]}, "properties": {"id": 495339724, "feat_type": "way", "quality_categories": "older_than_five_years", "issue_ids": "[368]", "osm_url": "https://www.openstreetmap.org/way/495339724", "josm_url": "http://127.0.0.1:8111/load_object?new_layer=false&objects=w495339724", "id_url": "https://www.openstreetmap.org/edit?editor=id&way=495339724#map=20/59.8724203/10.8390618"}}, {"type": "Feature", "geometry": {"type": "Point", "coordinates": [10.8385195, 59.8822039]}, "properties": {"id": 495805146, "feat_type": "way", "quality_categories": "missing_tags, older_than_five_years", "issue_ids": "[101, 4]", "osm_url": "https://www.openstreetmap.org/way/495805146", "josm_url": "http://127.0.0.1:8111/load_object?new_layer=false&objects=w495805146", "id_url": "https://www.openstreetmap.org/edit?editor=id&way=495805146#map=20/59.8822039/10.8385195"}}, {"type": "Feature", "geometry": {"type": "Point", "coordinates": [10.8386697, 59.8814229]}, "properties": {"id": 495805147, "feat_type": "way", "quality_categories": "missing_tags, older_than_five_years", "issue_ids": "[101, 4]", "osm_url": "https://www.openstreetmap.org/way/495805147", "josm_url": "http://127.0.0.1:8111/load_object?new_layer=false&objects=w495805147", "id_url": "https://www.openstreetmap.org/edit?editor=id&way=495805147#map=20/59.8814229/10.8386697"}}, {"type": "Feature", "geometry": {"type": "Point", "coordinates": [10.8384765, 59.8813266]}, "properties": {"id": 495805148, "feat_type": "way", "quality_categories": "missing_tags, older_than_five_years", "issue_ids": "[203, 4]", "osm_url": "https://www.openstreetmap.org/way/495805148", "josm_url": "http://127.0.0.1:8111/load_object?new_layer=false&objects=w495805148", "id_url": "https://www.openstreetmap.org/edit?editor=id&way=495805148#map=20/59.8813266/10.8384765"}}, {"type": "Feature", "geometry": {"type": "Point", "coordinates": [10.8383122, 59.8821641]}, "properties": {"id": 495805149, "feat_type": "way", "quality_categories": "missing_tags, older_than_five_years", "issue_ids": "[101, 4]", "osm_url": "https://www.openstreetmap.org/way/495805149", "josm_url": "http://127.0.0.1:8111/load_object?new_layer=false&objects=w495805149", "id_url": "https://www.openstreetmap.org/edit?editor=id&way=495805149#map=20/59.8821641/10.8383122"}}, {"type": "Feature", "geometry": {"type": "Point", "coordinates": [10.8399686, 59.876445]}, "properties": {"id": 495826153, "feat_type": "way", "quality_categories": "older_than_five_years", "issue_ids": "[368]", "osm_url": "https://www.openstreetmap.org/way/495826153", "josm_url": "http://127.0.0.1:8111/load_object?new_layer=false&objects=w495826153", "id_url": "https://www.openstreetmap.org/edit?editor=id&way=495826153#map=20/59.876445/10.8399686"}}, {"type": "Feature", "geometry": {"type": "Point", "coordinates": [10.8369706, 59.8723033]}, "properties": {"id": 496260097, "feat_type": "way", "quality_categories": "older_than_five_years", "issue_ids": "[369]", "osm_url": "https://www.openstreetmap.org/way/496260097", "josm_url": "http://127.0.0.1:8111/load_object?new_layer=false&objects=w496260097", "id_url": "https://www.openstreetmap.org/edit?editor=id&way=496260097#map=20/59.8723033/10.8369706"}}, {"type": "Feature", "geometry": {"type": "Point", "coordinates": [10.8432355, 59.8723854]}, "properties": {"id": 496353565, "feat_type": "way", "quality_categories": "missing_tags, older_than_five_years", "issue_ids": "[235, 4]", "osm_url": "https://www.openstreetmap.org/way/496353565", "josm_url": "http://127.0.0.1:8111/load_object?new_layer=false&objects=w496353565", "id_url": "https://www.openstreetmap.org/edit?editor=id&way=496353565#map=20/59.8723854/10.8432355"}}, {"type": "Feature", "geometry": {"type": "Point", "coordinates": [10.8458055, 59.8717536]}, "properties": {"id": 496353568, "feat_type": "way", "quality_categories": "older_than_five_years", "issue_ids": "[368]", "osm_url": "https://www.openstreetmap.org/way/496353568", "josm_url": "http://127.0.0.1:8111/load_object?new_layer=false&objects=w496353568", "id_url": "https://www.openstreetmap.org/edit?editor=id&way=496353568#map=20/59.8717536/10.8458055"}}, {"type": "Feature", "geometry": {"type": "Point", "coordinates": [10.8457114, 59.8716913]}, "properties": {"id": 496353569, "feat_type": "way", "quality_categories": "older_than_five_years", "issue_ids": "[368]", "osm_url": "https://www.openstreetmap.org/way/496353569", "josm_url": "http://127.0.0.1:8111/load_object?new_layer=false&objects=w496353569", "id_url": "https://www.openstreetmap.org/edit?editor=id&way=496353569#map=20/59.8716913/10.8457114"}}, {"type": "Feature", "geometry": {"type": "Point", "coordinates": [10.8465979, 59.8723532]}, "properties": {"id": 496353572, "feat_type": "way", "quality_categories": "older_than_five_years", "issue_ids": "[368]", "osm_url": "https://www.openstreetmap.org/way/496353572", "josm_url": "http://127.0.0.1:8111/load_object?new_layer=false&objects=w496353572", "id_url": "https://www.openstreetmap.org/edit?editor=id&way=496353572#map=20/59.8723532/10.8465979"}}, {"type": "Feature", "geometry": {"type": "Point", "coordinates": [10.8457509, 59.8729918]}, "properties": {"id": 496353580, "feat_type": "way", "quality_categories": "missing_tags, older_than_five_years", "issue_ids": "[203, 4]", "osm_url": "https://www.openstreetmap.org/way/496353580", "josm_url": "http://127.0.0.1:8111/load_object?new_layer=false&objects=w496353580", "id_url": "https://www.openstreetmap.org/edit?editor=id&way=496353580#map=20/59.8729918/10.8457509"}}, {"type": "Feature", "geometry": {"type": "Point", "coordinates": [10.844071, 59.8728542]}, "properties": {"id": 496353582, "feat_type": "way", "quality_categories": "missing_tags, older_than_five_years", "issue_ids": "[235, 4]", "osm_url": "https://www.openstreetmap.org/way/496353582", "josm_url": "http://127.0.0.1:8111/load_object?new_layer=false&objects=w496353582", "id_url": "https://www.openstreetmap.org/edit?editor=id&way=496353582#map=20/59.8728542/10.844071"}}, {"type": "Feature", "geometry": {"type": "Point", "coordinates": [10.8432159, 59.8727562]}, "properties": {"id": 496353585, "feat_type": "way", "quality_categories": "missing_tags, older_than_five_years", "issue_ids": "[203, 4]", "osm_url": "https://www.openstreetmap.org/way/496353585", "josm_url": "http://127.0.0.1:8111/load_object?new_layer=false&objects=w496353585", "id_url": "https://www.openstreetmap.org/edit?editor=id&way=496353585#map=20/59.8727562/10.8432159"}}, {"type": "Feature", "geometry": {"type": "Point", "coordinates": [10.7550948, 59.9094995]}, "properties": {"id": 497778660, "feat_type": "way", "quality_categories": "older_than_five_years", "issue_ids": "[370]", "osm_url": "https://www.openstreetmap.org/way/497778660", "josm_url": "http://127.0.0.1:8111/load_object?new_layer=false&objects=w497778660", "id_url": "https://www.openstreetmap.org/edit?editor=id&way=497778660#map=20/59.9094995/10.7550948"}}, {"type": "Feature", "geometry": {"type": "Point", "coordinates": [10.8408954, 59.878697]}, "properties": {"id": 497813432, "feat_type": "way", "quality_categories": "missing_tags, older_than_five_years", "issue_ids": "[203, 4]", "osm_url": "https://www.openstreetmap.org/way/497813432", "josm_url": "http://127.0.0.1:8111/load_object?new_layer=false&objects=w497813432", "id_url": "https://www.openstreetmap.org/edit?editor=id&way=497813432#map=20/59.878697/10.8408954"}}, {"type": "Feature", "geometry": {"type": "Point", "coordinates": [10.6405057, 59.9616396]}, "properties": {"id": 501394383, "feat_type": "way", "quality_categories": "missing_tags, older_than_five_years", "issue_ids": "[157, 4]", "osm_url": "https://www.openstreetmap.org/way/501394383", "josm_url": "http://127.0.0.1:8111/load_object?new_layer=false&objects=w501394383", "id_url": "https://www.openstreetmap.org/edit?editor=id&way=501394383#map=20/59.9616396/10.6405057"}}, {"type": "Feature", "geometry": {"type": "Point", "coordinates": [10.6405596, 59.9620849]}, "properties": {"id": 501394384, "feat_type": "way", "quality_categories": "missing_tags, older_than_five_years", "issue_ids": "[371, 4]", "osm_url": "https://www.openstreetmap.org/way/501394384", "josm_url": "http://127.0.0.1:8111/load_object?new_layer=false&objects=w501394384", "id_url": "https://www.openstreetmap.org/edit?editor=id&way=501394384#map=20/59.9620849/10.6405596"}}, {"type": "Feature", "geometry": {"type": "Point", "coordinates": [10.6404863, 59.9619827]}, "properties": {"id": 501394385, "feat_type": "way", "quality_categories": "missing_tags, older_than_five_years", "issue_ids": "[157, 4]", "osm_url": "https://www.openstreetmap.org/way/501394385", "josm_url": "http://127.0.0.1:8111/load_object?new_layer=false&objects=w501394385", "id_url": "https://www.openstreetmap.org/edit?editor=id&way=501394385#map=20/59.9619827/10.6404863"}}, {"type": "Feature", "geometry": {"type": "Point", "coordinates": [10.8349274, 59.9109782]}, "properties": {"id": 502176206, "feat_type": "way", "quality_categories": "older_than_five_years", "issue_ids": "[258]", "osm_url": "https://www.openstreetmap.org/way/502176206", "josm_url": "http://127.0.0.1:8111/load_object?new_layer=false&objects=w502176206", "id_url": "https://www.openstreetmap.org/edit?editor=id&way=502176206#map=20/59.9109782/10.8349274"}}, {"type": "Feature", "geometry": {"type": "Point", "coordinates": [10.7890683, 59.8490136]}, "properties": {"id": 502428890, "feat_type": "way", "quality_categories": "older_than_five_years", "issue_ids": "[372]", "osm_url": "https://www.openstreetmap.org/way/502428890", "josm_url": "http://127.0.0.1:8111/load_object?new_layer=false&objects=w502428890", "id_url": "https://www.openstreetmap.org/edit?editor=id&way=502428890#map=20/59.8490136/10.7890683"}}, {"type": "Feature", "geometry": {"type": "Point", "coordinates": [10.7888864, 59.849065]}, "properties": {"id": 502428892, "feat_type": "way", "quality_categories": "older_than_five_years", "issue_ids": "[372]", "osm_url": "https://www.openstreetmap.org/way/502428892", "josm_url": "http://127.0.0.1:8111/load_object?new_layer=false&objects=w502428892", "id_url": "https://www.openstreetmap.org/edit?editor=id&way=502428892#map=20/59.849065/10.7888864"}}, {"type": "Feature", "geometry": {"type": "Point", "coordinates": [10.7854982, 59.85466]}, "properties": {"id": 502428898, "feat_type": "way", "quality_categories": "older_than_five_years", "issue_ids": "[373]", "osm_url": "https://www.openstreetmap.org/way/502428898", "josm_url": "http://127.0.0.1:8111/load_object?new_layer=false&objects=w502428898", "id_url": "https://www.openstreetmap.org/edit?editor=id&way=502428898#map=20/59.85466/10.7854982"}}, {"type": "Feature", "geometry": {"type": "Point", "coordinates": [10.7854569, 59.8513449]}, "properties": {"id": 502428901, "feat_type": "way", "quality_categories": "older_than_five_years", "issue_ids": "[372]", "osm_url": "https://www.openstreetmap.org/way/502428901", "josm_url": "http://127.0.0.1:8111/load_object?new_layer=false&objects=w502428901", "id_url": "https://www.openstreetmap.org/edit?editor=id&way=502428901#map=20/59.8513449/10.7854569"}}, {"type": "Feature", "geometry": {"type": "Point", "coordinates": [10.7889281, 59.8493271]}, "properties": {"id": 502428917, "feat_type": "way", "quality_categories": "older_than_five_years", "issue_ids": "[372]", "osm_url": "https://www.openstreetmap.org/way/502428917", "josm_url": "http://127.0.0.1:8111/load_object?new_layer=false&objects=w502428917", "id_url": "https://www.openstreetmap.org/edit?editor=id&way=502428917#map=20/59.8493271/10.7889281"}}, {"type": "Feature", "geometry": {"type": "Point", "coordinates": [10.7990004, 59.8499904]}, "properties": {"id": 502428922, "feat_type": "way", "quality_categories": "older_than_five_years", "issue_ids": "[372]", "osm_url": "https://www.openstreetmap.org/way/502428922", "josm_url": "http://127.0.0.1:8111/load_object?new_layer=false&objects=w502428922", "id_url": "https://www.openstreetmap.org/edit?editor=id&way=502428922#map=20/59.8499904/10.7990004"}}, {"type": "Feature", "geometry": {"type": "Point", "coordinates": [10.7933713, 59.8494244]}, "properties": {"id": 502428925, "feat_type": "way", "quality_categories": "older_than_five_years", "issue_ids": "[372]", "osm_url": "https://www.openstreetmap.org/way/502428925", "josm_url": "http://127.0.0.1:8111/load_object?new_layer=false&objects=w502428925", "id_url": "https://www.openstreetmap.org/edit?editor=id&way=502428925#map=20/59.8494244/10.7933713"}}, {"type": "Feature", "geometry": {"type": "Point", "coordinates": [10.8005245, 59.8501578]}, "properties": {"id": 502428935, "feat_type": "way", "quality_categories": "older_than_five_years", "issue_ids": "[372]", "osm_url": "https://www.openstreetmap.org/way/502428935", "josm_url": "http://127.0.0.1:8111/load_object?new_layer=false&objects=w502428935", "id_url": "https://www.openstreetmap.org/edit?editor=id&way=502428935#map=20/59.8501578/10.8005245"}}, {"type": "Feature", "geometry": {"type": "Point", "coordinates": [10.8430103, 59.882902]}, "properties": {"id": 503036537, "feat_type": "way", "quality_categories": "older_than_five_years", "issue_ids": "[115]", "osm_url": "https://www.openstreetmap.org/way/503036537", "josm_url": "http://127.0.0.1:8111/load_object?new_layer=false&objects=w503036537", "id_url": "https://www.openstreetmap.org/edit?editor=id&way=503036537#map=20/59.882902/10.8430103"}}, {"type": "Feature", "geometry": {"type": "Point", "coordinates": [10.845809, 59.8785848]}, "properties": {"id": 503156651, "feat_type": "way", "quality_categories": "older_than_five_years", "issue_ids": "[203]", "osm_url": "https://www.openstreetmap.org/way/503156651", "josm_url": "http://127.0.0.1:8111/load_object?new_layer=false&objects=w503156651", "id_url": "https://www.openstreetmap.org/edit?editor=id&way=503156651#map=20/59.8785848/10.845809"}}, {"type": "Feature", "geometry": {"type": "Point", "coordinates": [10.8485199, 59.877555]}, "properties": {"id": 503156653, "feat_type": "way", "quality_categories": "missing_tags, older_than_five_years", "issue_ids": "[203, 4]", "osm_url": "https://www.openstreetmap.org/way/503156653", "josm_url": "http://127.0.0.1:8111/load_object?new_layer=false&objects=w503156653", "id_url": "https://www.openstreetmap.org/edit?editor=id&way=503156653#map=20/59.877555/10.8485199"}}, {"type": "Feature", "geometry": {"type": "Point", "coordinates": [10.7289437, 59.9103781]}, "properties": {"id": 504720480, "feat_type": "way", "quality_categories": "older_than_five_years", "issue_ids": "[85]", "osm_url": "https://www.openstreetmap.org/way/504720480", "josm_url": "http://127.0.0.1:8111/load_object?new_layer=false&objects=w504720480", "id_url": "https://www.openstreetmap.org/edit?editor=id&way=504720480#map=20/59.9103781/10.7289437"}}, {"type": "Feature", "geometry": {"type": "Point", "coordinates": [10.7024551, 59.9479426]}, "properties": {"id": 511795272, "feat_type": "way", "quality_categories": "older_than_five_years", "issue_ids": "[102]", "osm_url": "https://www.openstreetmap.org/way/511795272", "josm_url": "http://127.0.0.1:8111/load_object?new_layer=false&objects=w511795272", "id_url": "https://www.openstreetmap.org/edit?editor=id&way=511795272#map=20/59.9479426/10.7024551"}}, {"type": "Feature", "geometry": {"type": "Point", "coordinates": [10.6983887, 59.9467868]}, "properties": {"id": 511795286, "feat_type": "way", "quality_categories": "missing_tags, older_than_five_years", "issue_ids": "[374, 4]", "osm_url": "https://www.openstreetmap.org/way/511795286", "josm_url": "http://127.0.0.1:8111/load_object?new_layer=false&objects=w511795286", "id_url": "https://www.openstreetmap.org/edit?editor=id&way=511795286#map=20/59.9467868/10.6983887"}}, {"type": "Feature", "geometry": {"type": "Point", "coordinates": [10.7876642, 59.901891]}, "properties": {"id": 514426286, "feat_type": "way", "quality_categories": "older_than_five_years", "issue_ids": "[22]", "osm_url": "https://www.openstreetmap.org/way/514426286", "josm_url": "http://127.0.0.1:8111/load_object?new_layer=false&objects=w514426286", "id_url": "https://www.openstreetmap.org/edit?editor=id&way=514426286#map=20/59.901891/10.7876642"}}, {"type": "Feature", "geometry": {"type": "Point", "coordinates": [10.7953311, 59.8664576]}, "properties": {"id": 514516162, "feat_type": "way", "quality_categories": "older_than_five_years", "issue_ids": "[375]", "osm_url": "https://www.openstreetmap.org/way/514516162", "josm_url": "http://127.0.0.1:8111/load_object?new_layer=false&objects=w514516162", "id_url": "https://www.openstreetmap.org/edit?editor=id&way=514516162#map=20/59.8664576/10.7953311"}}, {"type": "Feature", "geometry": {"type": "Point", "coordinates": [10.9279062, 59.9612164]}, "properties": {"id": 516480867, "feat_type": "way", "quality_categories": "older_than_five_years", "issue_ids": "[330]", "osm_url": "https://www.openstreetmap.org/way/516480867", "josm_url": "http://127.0.0.1:8111/load_object?new_layer=false&objects=w516480867", "id_url": "https://www.openstreetmap.org/edit?editor=id&way=516480867#map=20/59.9612164/10.9279062"}}, {"type": "Feature", "geometry": {"type": "Point", "coordinates": [10.858751, 59.9326187]}, "properties": {"id": 532599524, "feat_type": "way", "quality_categories": "missing_tags, older_than_five_years", "issue_ids": "[376, 4]", "osm_url": "https://www.openstreetmap.org/way/532599524", "josm_url": "http://127.0.0.1:8111/load_object?new_layer=false&objects=w532599524", "id_url": "https://www.openstreetmap.org/edit?editor=id&way=532599524#map=20/59.9326187/10.858751"}}, {"type": "Feature", "geometry": {"type": "Point", "coordinates": [10.8582749, 59.932519]}, "properties": {"id": 532599538, "feat_type": "way", "quality_categories": "missing_tags, older_than_five_years", "issue_ids": "[376, 4]", "osm_url": "https://www.openstreetmap.org/way/532599538", "josm_url": "http://127.0.0.1:8111/load_object?new_layer=false&objects=w532599538", "id_url": "https://www.openstreetmap.org/edit?editor=id&way=532599538#map=20/59.932519/10.8582749"}}, {"type": "Feature", "geometry": {"type": "Point", "coordinates": [10.8582749, 59.932519]}, "properties": {"id": 532599539, "feat_type": "way", "quality_categories": "missing_tags, older_than_five_years", "issue_ids": "[376, 4]", "osm_url": "https://www.openstreetmap.org/way/532599539", "josm_url": "http://127.0.0.1:8111/load_object?new_layer=false&objects=w532599539", "id_url": "https://www.openstreetmap.org/edit?editor=id&way=532599539#map=20/59.932519/10.8582749"}}, {"type": "Feature", "geometry": {"type": "Point", "coordinates": [10.7561442, 59.9080832]}, "properties": {"id": 535246853, "feat_type": "way", "quality_categories": "older_than_five_years", "issue_ids": "[238]", "osm_url": "https://www.openstreetmap.org/way/535246853", "josm_url": "http://127.0.0.1:8111/load_object?new_layer=false&objects=w535246853", "id_url": "https://www.openstreetmap.org/edit?editor=id&way=535246853#map=20/59.9080832/10.7561442"}}, {"type": "Feature", "geometry": {"type": "Point", "coordinates": [10.8085271, 59.8603735]}, "properties": {"id": 536458452, "feat_type": "way", "quality_categories": "older_than_five_years", "issue_ids": "[341]", "osm_url": "https://www.openstreetmap.org/way/536458452", "josm_url": "http://127.0.0.1:8111/load_object?new_layer=false&objects=w536458452", "id_url": "https://www.openstreetmap.org/edit?editor=id&way=536458452#map=20/59.8603735/10.8085271"}}, {"type": "Feature", "geometry": {"type": "Point", "coordinates": [10.8043815, 59.8605672]}, "properties": {"id": 536458456, "feat_type": "way", "quality_categories": "older_than_five_years", "issue_ids": "[341]", "osm_url": "https://www.openstreetmap.org/way/536458456", "josm_url": "http://127.0.0.1:8111/load_object?new_layer=false&objects=w536458456", "id_url": "https://www.openstreetmap.org/edit?editor=id&way=536458456#map=20/59.8605672/10.8043815"}}, {"type": "Feature", "geometry": {"type": "Point", "coordinates": [10.7858539, 59.8838287]}, "properties": {"id": 536732665, "feat_type": "way", "quality_categories": "older_than_five_years", "issue_ids": "[192]", "osm_url": "https://www.openstreetmap.org/way/536732665", "josm_url": "http://127.0.0.1:8111/load_object?new_layer=false&objects=w536732665", "id_url": "https://www.openstreetmap.org/edit?editor=id&way=536732665#map=20/59.8838287/10.7858539"}}, {"type": "Feature", "geometry": {"type": "Point", "coordinates": [10.7859997, 59.8839243]}, "properties": {"id": 536732668, "feat_type": "way", "quality_categories": "older_than_five_years", "issue_ids": "[192]", "osm_url": "https://www.openstreetmap.org/way/536732668", "josm_url": "http://127.0.0.1:8111/load_object?new_layer=false&objects=w536732668", "id_url": "https://www.openstreetmap.org/edit?editor=id&way=536732668#map=20/59.8839243/10.7859997"}}, {"type": "Feature", "geometry": {"type": "Point", "coordinates": [10.7753463, 59.8978321]}, "properties": {"id": 536732687, "feat_type": "way", "quality_categories": "older_than_five_years", "issue_ids": "[155]", "osm_url": "https://www.openstreetmap.org/way/536732687", "josm_url": "http://127.0.0.1:8111/load_object?new_layer=false&objects=w536732687", "id_url": "https://www.openstreetmap.org/edit?editor=id&way=536732687#map=20/59.8978321/10.7753463"}}, {"type": "Feature", "geometry": {"type": "Point", "coordinates": [10.837827, 59.9115147]}, "properties": {"id": 537843667, "feat_type": "way", "quality_categories": "older_than_five_years", "issue_ids": "[127]", "osm_url": "https://www.openstreetmap.org/way/537843667", "josm_url": "http://127.0.0.1:8111/load_object?new_layer=false&objects=w537843667", "id_url": "https://www.openstreetmap.org/edit?editor=id&way=537843667#map=20/59.9115147/10.837827"}}, {"type": "Feature", "geometry": {"type": "Point", "coordinates": [10.8379228, 59.9112836]}, "properties": {"id": 537844243, "feat_type": "way", "quality_categories": "older_than_five_years", "issue_ids": "[377]", "osm_url": "https://www.openstreetmap.org/way/537844243", "josm_url": "http://127.0.0.1:8111/load_object?new_layer=false&objects=w537844243", "id_url": "https://www.openstreetmap.org/edit?editor=id&way=537844243#map=20/59.9112836/10.8379228"}}, {"type": "Feature", "geometry": {"type": "Point", "coordinates": [10.8379108, 59.911015]}, "properties": {"id": 537844244, "feat_type": "way", "quality_categories": "older_than_five_years", "issue_ids": "[377]", "osm_url": "https://www.openstreetmap.org/way/537844244", "josm_url": "http://127.0.0.1:8111/load_object?new_layer=false&objects=w537844244", "id_url": "https://www.openstreetmap.org/edit?editor=id&way=537844244#map=20/59.911015/10.8379108"}}, {"type": "Feature", "geometry": {"type": "Point", "coordinates": [10.8377525, 59.9111894]}, "properties": {"id": 537844245, "feat_type": "way", "quality_categories": "older_than_five_years", "issue_ids": "[377]", "osm_url": "https://www.openstreetmap.org/way/537844245", "josm_url": "http://127.0.0.1:8111/load_object?new_layer=false&objects=w537844245", "id_url": "https://www.openstreetmap.org/edit?editor=id&way=537844245#map=20/59.9111894/10.8377525"}}, {"type": "Feature", "geometry": {"type": "Point", "coordinates": [10.7675122, 59.9053083]}, "properties": {"id": 540856450, "feat_type": "way", "quality_categories": "older_than_five_years", "issue_ids": "[47]", "osm_url": "https://www.openstreetmap.org/way/540856450", "josm_url": "http://127.0.0.1:8111/load_object?new_layer=false&objects=w540856450", "id_url": "https://www.openstreetmap.org/edit?editor=id&way=540856450#map=20/59.9053083/10.7675122"}}, {"type": "Feature", "geometry": {"type": "Point", "coordinates": [10.767343, 59.9053429]}, "properties": {"id": 540856451, "feat_type": "way", "quality_categories": "older_than_five_years", "issue_ids": "[47]", "osm_url": "https://www.openstreetmap.org/way/540856451", "josm_url": "http://127.0.0.1:8111/load_object?new_layer=false&objects=w540856451", "id_url": "https://www.openstreetmap.org/edit?editor=id&way=540856451#map=20/59.9053429/10.767343"}}, {"type": "Feature", "geometry": {"type": "Point", "coordinates": [10.7973363, 59.8861211]}, "properties": {"id": 543590832, "feat_type": "way", "quality_categories": "older_than_five_years", "issue_ids": "[378]", "osm_url": "https://www.openstreetmap.org/way/543590832", "josm_url": "http://127.0.0.1:8111/load_object?new_layer=false&objects=w543590832", "id_url": "https://www.openstreetmap.org/edit?editor=id&way=543590832#map=20/59.8861211/10.7973363"}}, {"type": "Feature", "geometry": {"type": "Point", "coordinates": [10.7966619, 59.8860115]}, "properties": {"id": 543590833, "feat_type": "way", "quality_categories": "older_than_five_years", "issue_ids": "[352]", "osm_url": "https://www.openstreetmap.org/way/543590833", "josm_url": "http://127.0.0.1:8111/load_object?new_layer=false&objects=w543590833", "id_url": "https://www.openstreetmap.org/edit?editor=id&way=543590833#map=20/59.8860115/10.7966619"}}, {"type": "Feature", "geometry": {"type": "Point", "coordinates": [10.8033673, 59.8868271]}, "properties": {"id": 543590851, "feat_type": "way", "quality_categories": "older_than_five_years", "issue_ids": "[36]", "osm_url": "https://www.openstreetmap.org/way/543590851", "josm_url": "http://127.0.0.1:8111/load_object?new_layer=false&objects=w543590851", "id_url": "https://www.openstreetmap.org/edit?editor=id&way=543590851#map=20/59.8868271/10.8033673"}}, {"type": "Feature", "geometry": {"type": "Point", "coordinates": [10.8054149, 59.8872642]}, "properties": {"id": 543590855, "feat_type": "way", "quality_categories": "older_than_five_years", "issue_ids": "[369]", "osm_url": "https://www.openstreetmap.org/way/543590855", "josm_url": "http://127.0.0.1:8111/load_object?new_layer=false&objects=w543590855", "id_url": "https://www.openstreetmap.org/edit?editor=id&way=543590855#map=20/59.8872642/10.8054149"}}, {"type": "Feature", "geometry": {"type": "Point", "coordinates": [10.7980281, 59.8863296]}, "properties": {"id": 543590858, "feat_type": "way", "quality_categories": "older_than_five_years", "issue_ids": "[352]", "osm_url": "https://www.openstreetmap.org/way/543590858", "josm_url": "http://127.0.0.1:8111/load_object?new_layer=false&objects=w543590858", "id_url": "https://www.openstreetmap.org/edit?editor=id&way=543590858#map=20/59.8863296/10.7980281"}}, {"type": "Feature", "geometry": {"type": "Point", "coordinates": [10.7960261, 59.8859129]}, "properties": {"id": 543590861, "feat_type": "way", "quality_categories": "older_than_five_years", "issue_ids": "[378]", "osm_url": "https://www.openstreetmap.org/way/543590861", "josm_url": "http://127.0.0.1:8111/load_object?new_layer=false&objects=w543590861", "id_url": "https://www.openstreetmap.org/edit?editor=id&way=543590861#map=20/59.8859129/10.7960261"}}, {"type": "Feature", "geometry": {"type": "Point", "coordinates": [10.7940446, 59.8858374]}, "properties": {"id": 543590862, "feat_type": "way", "quality_categories": "older_than_five_years", "issue_ids": "[352]", "osm_url": "https://www.openstreetmap.org/way/543590862", "josm_url": "http://127.0.0.1:8111/load_object?new_layer=false&objects=w543590862", "id_url": "https://www.openstreetmap.org/edit?editor=id&way=543590862#map=20/59.8858374/10.7940446"}}, {"type": "Feature", "geometry": {"type": "Point", "coordinates": [10.8008296, 59.8863596]}, "properties": {"id": 543590864, "feat_type": "way", "quality_categories": "older_than_five_years", "issue_ids": "[36]", "osm_url": "https://www.openstreetmap.org/way/543590864", "josm_url": "http://127.0.0.1:8111/load_object?new_layer=false&objects=w543590864", "id_url": "https://www.openstreetmap.org/edit?editor=id&way=543590864#map=20/59.8863596/10.8008296"}}, {"type": "Feature", "geometry": {"type": "Point", "coordinates": [10.7981953, 59.88628]}, "properties": {"id": 543590866, "feat_type": "way", "quality_categories": "older_than_five_years", "issue_ids": "[352]", "osm_url": "https://www.openstreetmap.org/way/543590866", "josm_url": "http://127.0.0.1:8111/load_object?new_layer=false&objects=w543590866", "id_url": "https://www.openstreetmap.org/edit?editor=id&way=543590866#map=20/59.88628/10.7981953"}}, {"type": "Feature", "geometry": {"type": "Point", "coordinates": [10.7917181, 59.885712]}, "properties": {"id": 543590867, "feat_type": "way", "quality_categories": "older_than_five_years", "issue_ids": "[378]", "osm_url": "https://www.openstreetmap.org/way/543590867", "josm_url": "http://127.0.0.1:8111/load_object?new_layer=false&objects=w543590867", "id_url": "https://www.openstreetmap.org/edit?editor=id&way=543590867#map=20/59.885712/10.7917181"}}, {"type": "Feature", "geometry": {"type": "Point", "coordinates": [10.7305855, 59.93785]}, "properties": {"id": 546205706, "feat_type": "way", "quality_categories": "older_than_five_years", "issue_ids": "[24]", "osm_url": "https://www.openstreetmap.org/way/546205706", "josm_url": "http://127.0.0.1:8111/load_object?new_layer=false&objects=w546205706", "id_url": "https://www.openstreetmap.org/edit?editor=id&way=546205706#map=20/59.93785/10.7305855"}}, {"type": "Feature", "geometry": {"type": "Point", "coordinates": [10.7599338, 59.9082037]}, "properties": {"id": 547033680, "feat_type": "way", "quality_categories": "older_than_five_years", "issue_ids": "[379]", "osm_url": "https://www.openstreetmap.org/way/547033680", "josm_url": "http://127.0.0.1:8111/load_object?new_layer=false&objects=w547033680", "id_url": "https://www.openstreetmap.org/edit?editor=id&way=547033680#map=20/59.9082037/10.7599338"}}, {"type": "Feature", "geometry": {"type": "Point", "coordinates": [10.8088744, 59.8291786]}, "properties": {"id": 549792256, "feat_type": "way", "quality_categories": "older_than_five_years", "issue_ids": "[380]", "osm_url": "https://www.openstreetmap.org/way/549792256", "josm_url": "http://127.0.0.1:8111/load_object?new_layer=false&objects=w549792256", "id_url": "https://www.openstreetmap.org/edit?editor=id&way=549792256#map=20/59.8291786/10.8088744"}}, {"type": "Feature", "geometry": {"type": "Point", "coordinates": [10.8287188, 59.8480916]}, "properties": {"id": 552913083, "feat_type": "way", "quality_categories": "older_than_five_years", "issue_ids": "[381]", "osm_url": "https://www.openstreetmap.org/way/552913083", "josm_url": "http://127.0.0.1:8111/load_object?new_layer=false&objects=w552913083", "id_url": "https://www.openstreetmap.org/edit?editor=id&way=552913083#map=20/59.8480916/10.8287188"}}, {"type": "Feature", "geometry": {"type": "Point", "coordinates": [10.7611997, 59.9277811]}, "properties": {"id": 553639424, "feat_type": "way", "quality_categories": "older_than_five_years", "issue_ids": "[95]", "osm_url": "https://www.openstreetmap.org/way/553639424", "josm_url": "http://127.0.0.1:8111/load_object?new_layer=false&objects=w553639424", "id_url": "https://www.openstreetmap.org/edit?editor=id&way=553639424#map=20/59.9277811/10.7611997"}}, {"type": "Feature", "geometry": {"type": "Point", "coordinates": [10.7613126, 59.9272889]}, "properties": {"id": 553639425, "feat_type": "way", "quality_categories": "older_than_five_years", "issue_ids": "[95]", "osm_url": "https://www.openstreetmap.org/way/553639425", "josm_url": "http://127.0.0.1:8111/load_object?new_layer=false&objects=w553639425", "id_url": "https://www.openstreetmap.org/edit?editor=id&way=553639425#map=20/59.9272889/10.7613126"}}, {"type": "Feature", "geometry": {"type": "Point", "coordinates": [10.8101643, 59.8733842]}, "properties": {"id": 554317289, "feat_type": "way", "quality_categories": "older_than_five_years", "issue_ids": "[382]", "osm_url": "https://www.openstreetmap.org/way/554317289", "josm_url": "http://127.0.0.1:8111/load_object?new_layer=false&objects=w554317289", "id_url": "https://www.openstreetmap.org/edit?editor=id&way=554317289#map=20/59.8733842/10.8101643"}}, {"type": "Feature", "geometry": {"type": "Point", "coordinates": [10.8099207, 59.8732461]}, "properties": {"id": 554317291, "feat_type": "way", "quality_categories": "older_than_five_years", "issue_ids": "[382]", "osm_url": "https://www.openstreetmap.org/way/554317291", "josm_url": "http://127.0.0.1:8111/load_object?new_layer=false&objects=w554317291", "id_url": "https://www.openstreetmap.org/edit?editor=id&way=554317291#map=20/59.8732461/10.8099207"}}, {"type": "Feature", "geometry": {"type": "Point", "coordinates": [10.8104467, 59.8735659]}, "properties": {"id": 554317295, "feat_type": "way", "quality_categories": "older_than_five_years", "issue_ids": "[382]", "osm_url": "https://www.openstreetmap.org/way/554317295", "josm_url": "http://127.0.0.1:8111/load_object?new_layer=false&objects=w554317295", "id_url": "https://www.openstreetmap.org/edit?editor=id&way=554317295#map=20/59.8735659/10.8104467"}}, {"type": "Feature", "geometry": {"type": "Point", "coordinates": [10.6872913, 59.9391781]}, "properties": {"id": 554724024, "feat_type": "way", "quality_categories": "older_than_five_years", "issue_ids": "[171]", "osm_url": "https://www.openstreetmap.org/way/554724024", "josm_url": "http://127.0.0.1:8111/load_object?new_layer=false&objects=w554724024", "id_url": "https://www.openstreetmap.org/edit?editor=id&way=554724024#map=20/59.9391781/10.6872913"}}, {"type": "Feature", "geometry": {"type": "Point", "coordinates": [10.6805661, 59.9365279]}, "properties": {"id": 554724026, "feat_type": "way", "quality_categories": "older_than_five_years", "issue_ids": "[43]", "osm_url": "https://www.openstreetmap.org/way/554724026", "josm_url": "http://127.0.0.1:8111/load_object?new_layer=false&objects=w554724026", "id_url": "https://www.openstreetmap.org/edit?editor=id&way=554724026#map=20/59.9365279/10.6805661"}}, {"type": "Feature", "geometry": {"type": "Point", "coordinates": [10.6849176, 59.9380207]}, "properties": {"id": 554724032, "feat_type": "way", "quality_categories": "older_than_five_years", "issue_ids": "[43]", "osm_url": "https://www.openstreetmap.org/way/554724032", "josm_url": "http://127.0.0.1:8111/load_object?new_layer=false&objects=w554724032", "id_url": "https://www.openstreetmap.org/edit?editor=id&way=554724032#map=20/59.9380207/10.6849176"}}, {"type": "Feature", "geometry": {"type": "Point", "coordinates": [10.6874254, 59.9387965]}, "properties": {"id": 554724038, "feat_type": "way", "quality_categories": "older_than_five_years", "issue_ids": "[43]", "osm_url": "https://www.openstreetmap.org/way/554724038", "josm_url": "http://127.0.0.1:8111/load_object?new_layer=false&objects=w554724038", "id_url": "https://www.openstreetmap.org/edit?editor=id&way=554724038#map=20/59.9387965/10.6874254"}}, {"type": "Feature", "geometry": {"type": "Point", "coordinates": [10.6551433, 59.9279228]}, "properties": {"id": 554734401, "feat_type": "way", "quality_categories": "older_than_five_years", "issue_ids": "[43]", "osm_url": "https://www.openstreetmap.org/way/554734401", "josm_url": "http://127.0.0.1:8111/load_object?new_layer=false&objects=w554734401", "id_url": "https://www.openstreetmap.org/edit?editor=id&way=554734401#map=20/59.9279228/10.6551433"}}, {"type": "Feature", "geometry": {"type": "Point", "coordinates": [10.8080996, 59.8882723]}, "properties": {"id": 564193484, "feat_type": "way", "quality_categories": "older_than_five_years", "issue_ids": "[154]", "osm_url": "https://www.openstreetmap.org/way/564193484", "josm_url": "http://127.0.0.1:8111/load_object?new_layer=false&objects=w564193484", "id_url": "https://www.openstreetmap.org/edit?editor=id&way=564193484#map=20/59.8882723/10.8080996"}}, {"type": "Feature", "geometry": {"type": "Point", "coordinates": [10.8439715, 59.8786435]}, "properties": {"id": 572851077, "feat_type": "way", "quality_categories": "older_than_five_years", "issue_ids": "[203]", "osm_url": "https://www.openstreetmap.org/way/572851077", "josm_url": "http://127.0.0.1:8111/load_object?new_layer=false&objects=w572851077", "id_url": "https://www.openstreetmap.org/edit?editor=id&way=572851077#map=20/59.8786435/10.8439715"}}, {"type": "Feature", "geometry": {"type": "Point", "coordinates": [10.8374461, 59.8310024]}, "properties": {"id": 573113052, "feat_type": "way", "quality_categories": "older_than_five_years", "issue_ids": "[279]", "osm_url": "https://www.openstreetmap.org/way/573113052", "josm_url": "http://127.0.0.1:8111/load_object?new_layer=false&objects=w573113052", "id_url": "https://www.openstreetmap.org/edit?editor=id&way=573113052#map=20/59.8310024/10.8374461"}}, {"type": "Feature", "geometry": {"type": "Point", "coordinates": [10.8420914, 59.8464483]}, "properties": {"id": 573219716, "feat_type": "way", "quality_categories": "older_than_five_years", "issue_ids": "[383]", "osm_url": "https://www.openstreetmap.org/way/573219716", "josm_url": "http://127.0.0.1:8111/load_object?new_layer=false&objects=w573219716", "id_url": "https://www.openstreetmap.org/edit?editor=id&way=573219716#map=20/59.8464483/10.8420914"}}, {"type": "Feature", "geometry": {"type": "Point", "coordinates": [10.7632434, 59.9199188]}, "properties": {"id": 583229212, "feat_type": "way", "quality_categories": "older_than_five_years", "issue_ids": "[256]", "osm_url": "https://www.openstreetmap.org/way/583229212", "josm_url": "http://127.0.0.1:8111/load_object?new_layer=false&objects=w583229212", "id_url": "https://www.openstreetmap.org/edit?editor=id&way=583229212#map=20/59.9199188/10.7632434"}}, {"type": "Feature", "geometry": {"type": "Point", "coordinates": [10.7646818, 59.9212735]}, "properties": {"id": 583231389, "feat_type": "way", "quality_categories": "older_than_five_years", "issue_ids": "[86]", "osm_url": "https://www.openstreetmap.org/way/583231389", "josm_url": "http://127.0.0.1:8111/load_object?new_layer=false&objects=w583231389", "id_url": "https://www.openstreetmap.org/edit?editor=id&way=583231389#map=20/59.9212735/10.7646818"}}, {"type": "Feature", "geometry": {"type": "Point", "coordinates": [10.7646482, 59.9213999]}, "properties": {"id": 583231392, "feat_type": "way", "quality_categories": "older_than_five_years", "issue_ids": "[104]", "osm_url": "https://www.openstreetmap.org/way/583231392", "josm_url": "http://127.0.0.1:8111/load_object?new_layer=false&objects=w583231392", "id_url": "https://www.openstreetmap.org/edit?editor=id&way=583231392#map=20/59.9213999/10.7646482"}}, {"type": "Feature", "geometry": {"type": "Point", "coordinates": [10.7654952, 59.9205943]}, "properties": {"id": 583231396, "feat_type": "way", "quality_categories": "older_than_five_years", "issue_ids": "[104]", "osm_url": "https://www.openstreetmap.org/way/583231396", "josm_url": "http://127.0.0.1:8111/load_object?new_layer=false&objects=w583231396", "id_url": "https://www.openstreetmap.org/edit?editor=id&way=583231396#map=20/59.9205943/10.7654952"}}, {"type": "Feature", "geometry": {"type": "Point", "coordinates": [10.8538911, 59.8791459]}, "properties": {"id": 585308472, "feat_type": "way", "quality_categories": "missing_tags, older_than_five_years", "issue_ids": "[212, 4]", "osm_url": "https://www.openstreetmap.org/way/585308472", "josm_url": "http://127.0.0.1:8111/load_object?new_layer=false&objects=w585308472", "id_url": "https://www.openstreetmap.org/edit?editor=id&way=585308472#map=20/59.8791459/10.8538911"}}, {"type": "Feature", "geometry": {"type": "Point", "coordinates": [10.8527285, 59.8775691]}, "properties": {"id": 585308473, "feat_type": "way", "quality_categories": "missing_tags, older_than_five_years", "issue_ids": "[212, 4]", "osm_url": "https://www.openstreetmap.org/way/585308473", "josm_url": "http://127.0.0.1:8111/load_object?new_layer=false&objects=w585308473", "id_url": "https://www.openstreetmap.org/edit?editor=id&way=585308473#map=20/59.8775691/10.8527285"}}, {"type": "Feature", "geometry": {"type": "Point", "coordinates": [10.8530469, 59.8830592]}, "properties": {"id": 585465795, "feat_type": "way", "quality_categories": "missing_tags, older_than_five_years", "issue_ids": "[384, 4]", "osm_url": "https://www.openstreetmap.org/way/585465795", "josm_url": "http://127.0.0.1:8111/load_object?new_layer=false&objects=w585465795", "id_url": "https://www.openstreetmap.org/edit?editor=id&way=585465795#map=20/59.8830592/10.8530469"}}, {"type": "Feature", "geometry": {"type": "Point", "coordinates": [10.8538183, 59.8810489]}, "properties": {"id": 585465796, "feat_type": "way", "quality_categories": "missing_tags, older_than_five_years", "issue_ids": "[385, 4]", "osm_url": "https://www.openstreetmap.org/way/585465796", "josm_url": "http://127.0.0.1:8111/load_object?new_layer=false&objects=w585465796", "id_url": "https://www.openstreetmap.org/edit?editor=id&way=585465796#map=20/59.8810489/10.8538183"}}, {"type": "Feature", "geometry": {"type": "Point", "coordinates": [10.854538, 59.8825065]}, "properties": {"id": 585465797, "feat_type": "way", "quality_categories": "missing_tags, older_than_five_years", "issue_ids": "[385, 4]", "osm_url": "https://www.openstreetmap.org/way/585465797", "josm_url": "http://127.0.0.1:8111/load_object?new_layer=false&objects=w585465797", "id_url": "https://www.openstreetmap.org/edit?editor=id&way=585465797#map=20/59.8825065/10.854538"}}, {"type": "Feature", "geometry": {"type": "Point", "coordinates": [10.8540229, 59.881459]}, "properties": {"id": 585465798, "feat_type": "way", "quality_categories": "missing_tags, older_than_five_years", "issue_ids": "[385, 4]", "osm_url": "https://www.openstreetmap.org/way/585465798", "josm_url": "http://127.0.0.1:8111/load_object?new_layer=false&objects=w585465798", "id_url": "https://www.openstreetmap.org/edit?editor=id&way=585465798#map=20/59.881459/10.8540229"}}, {"type": "Feature", "geometry": {"type": "Point", "coordinates": [10.8490994, 59.8925364]}, "properties": {"id": 586071273, "feat_type": "way", "quality_categories": "older_than_five_years", "issue_ids": "[197]", "osm_url": "https://www.openstreetmap.org/way/586071273", "josm_url": "http://127.0.0.1:8111/load_object?new_layer=false&objects=w586071273", "id_url": "https://www.openstreetmap.org/edit?editor=id&way=586071273#map=20/59.8925364/10.8490994"}}, {"type": "Feature", "geometry": {"type": "Point", "coordinates": [10.842878, 59.8853556]}, "properties": {"id": 587422037, "feat_type": "way", "quality_categories": "missing_tags, older_than_five_years", "issue_ids": "[198, 4]", "osm_url": "https://www.openstreetmap.org/way/587422037", "josm_url": "http://127.0.0.1:8111/load_object?new_layer=false&objects=w587422037", "id_url": "https://www.openstreetmap.org/edit?editor=id&way=587422037#map=20/59.8853556/10.842878"}}, {"type": "Feature", "geometry": {"type": "Point", "coordinates": [10.8428133, 59.8860441]}, "properties": {"id": 587422039, "feat_type": "way", "quality_categories": "missing_tags, older_than_five_years", "issue_ids": "[198, 4]", "osm_url": "https://www.openstreetmap.org/way/587422039", "josm_url": "http://127.0.0.1:8111/load_object?new_layer=false&objects=w587422039", "id_url": "https://www.openstreetmap.org/edit?editor=id&way=587422039#map=20/59.8860441/10.8428133"}}, {"type": "Feature", "geometry": {"type": "Point", "coordinates": [10.8468019, 59.885894]}, "properties": {"id": 587422042, "feat_type": "way", "quality_categories": "missing_tags, older_than_five_years", "issue_ids": "[198, 4]", "osm_url": "https://www.openstreetmap.org/way/587422042", "josm_url": "http://127.0.0.1:8111/load_object?new_layer=false&objects=w587422042", "id_url": "https://www.openstreetmap.org/edit?editor=id&way=587422042#map=20/59.885894/10.8468019"}}, {"type": "Feature", "geometry": {"type": "Point", "coordinates": [10.8454989, 59.884854]}, "properties": {"id": 587422045, "feat_type": "way", "quality_categories": "missing_tags, older_than_five_years", "issue_ids": "[116, 4]", "osm_url": "https://www.openstreetmap.org/way/587422045", "josm_url": "http://127.0.0.1:8111/load_object?new_layer=false&objects=w587422045", "id_url": "https://www.openstreetmap.org/edit?editor=id&way=587422045#map=20/59.884854/10.8454989"}}, {"type": "Feature", "geometry": {"type": "Point", "coordinates": [10.8450982, 59.8860273]}, "properties": {"id": 587422047, "feat_type": "way", "quality_categories": "missing_tags, older_than_five_years", "issue_ids": "[198, 4]", "osm_url": "https://www.openstreetmap.org/way/587422047", "josm_url": "http://127.0.0.1:8111/load_object?new_layer=false&objects=w587422047", "id_url": "https://www.openstreetmap.org/edit?editor=id&way=587422047#map=20/59.8860273/10.8450982"}}, {"type": "Feature", "geometry": {"type": "Point", "coordinates": [10.8437974, 59.8851563]}, "properties": {"id": 587422048, "feat_type": "way", "quality_categories": "missing_tags, older_than_five_years", "issue_ids": "[386, 4]", "osm_url": "https://www.openstreetmap.org/way/587422048", "josm_url": "http://127.0.0.1:8111/load_object?new_layer=false&objects=w587422048", "id_url": "https://www.openstreetmap.org/edit?editor=id&way=587422048#map=20/59.8851563/10.8437974"}}, {"type": "Feature", "geometry": {"type": "Point", "coordinates": [10.8427232, 59.8854919]}, "properties": {"id": 587422050, "feat_type": "way", "quality_categories": "missing_tags, older_than_five_years", "issue_ids": "[198, 4]", "osm_url": "https://www.openstreetmap.org/way/587422050", "josm_url": "http://127.0.0.1:8111/load_object?new_layer=false&objects=w587422050", "id_url": "https://www.openstreetmap.org/edit?editor=id&way=587422050#map=20/59.8854919/10.8427232"}}, {"type": "Feature", "geometry": {"type": "Point", "coordinates": [10.8415642, 59.9024742]}, "properties": {"id": 589767634, "feat_type": "way", "quality_categories": "missing_tags, older_than_five_years", "issue_ids": "[387, 4]", "osm_url": "https://www.openstreetmap.org/way/589767634", "josm_url": "http://127.0.0.1:8111/load_object?new_layer=false&objects=w589767634", "id_url": "https://www.openstreetmap.org/edit?editor=id&way=589767634#map=20/59.9024742/10.8415642"}}, {"type": "Feature", "geometry": {"type": "Point", "coordinates": [10.8310703, 59.9104308]}, "properties": {"id": 591478431, "feat_type": "way", "quality_categories": "older_than_five_years", "issue_ids": "[184]", "osm_url": "https://www.openstreetmap.org/way/591478431", "josm_url": "http://127.0.0.1:8111/load_object?new_layer=false&objects=w591478431", "id_url": "https://www.openstreetmap.org/edit?editor=id&way=591478431#map=20/59.9104308/10.8310703"}}, {"type": "Feature", "geometry": {"type": "Point", "coordinates": [10.8488911, 59.8924301]}, "properties": {"id": 595884815, "feat_type": "way", "quality_categories": "older_than_five_years", "issue_ids": "[197]", "osm_url": "https://www.openstreetmap.org/way/595884815", "josm_url": "http://127.0.0.1:8111/load_object?new_layer=false&objects=w595884815", "id_url": "https://www.openstreetmap.org/edit?editor=id&way=595884815#map=20/59.8924301/10.8488911"}}, {"type": "Feature", "geometry": {"type": "Point", "coordinates": [10.8484138, 59.8925567]}, "properties": {"id": 595884818, "feat_type": "way", "quality_categories": "older_than_five_years", "issue_ids": "[197]", "osm_url": "https://www.openstreetmap.org/way/595884818", "josm_url": "http://127.0.0.1:8111/load_object?new_layer=false&objects=w595884818", "id_url": "https://www.openstreetmap.org/edit?editor=id&way=595884818#map=20/59.8925567/10.8484138"}}, {"type": "Feature", "geometry": {"type": "Point", "coordinates": [10.8892171, 59.9494842]}, "properties": {"id": 596164949, "feat_type": "way", "quality_categories": "older_than_five_years", "issue_ids": "[54]", "osm_url": "https://www.openstreetmap.org/way/596164949", "josm_url": "http://127.0.0.1:8111/load_object?new_layer=false&objects=w596164949", "id_url": "https://www.openstreetmap.org/edit?editor=id&way=596164949#map=20/59.9494842/10.8892171"}}, {"type": "Feature", "geometry": {"type": "Point", "coordinates": [10.7800704, 59.9166292]}, "properties": {"id": 597479821, "feat_type": "way", "quality_categories": "older_than_five_years", "issue_ids": "[37]", "osm_url": "https://www.openstreetmap.org/way/597479821", "josm_url": "http://127.0.0.1:8111/load_object?new_layer=false&objects=w597479821", "id_url": "https://www.openstreetmap.org/edit?editor=id&way=597479821#map=20/59.9166292/10.7800704"}}, {"type": "Feature", "geometry": {"type": "Point", "coordinates": [10.7804131, 59.9164445]}, "properties": {"id": 597479823, "feat_type": "way", "quality_categories": "older_than_five_years", "issue_ids": "[388]", "osm_url": "https://www.openstreetmap.org/way/597479823", "josm_url": "http://127.0.0.1:8111/load_object?new_layer=false&objects=w597479823", "id_url": "https://www.openstreetmap.org/edit?editor=id&way=597479823#map=20/59.9164445/10.7804131"}}, {"type": "Feature", "geometry": {"type": "Point", "coordinates": [10.7645738, 59.9134858]}, "properties": {"id": 619272299, "feat_type": "way", "quality_categories": "older_than_five_years", "issue_ids": "[26]", "osm_url": "https://www.openstreetmap.org/way/619272299", "josm_url": "http://127.0.0.1:8111/load_object?new_layer=false&objects=w619272299", "id_url": "https://www.openstreetmap.org/edit?editor=id&way=619272299#map=20/59.9134858/10.7645738"}}, {"type": "Feature", "geometry": {"type": "Point", "coordinates": [10.7640883, 59.9133917]}, "properties": {"id": 619272300, "feat_type": "way", "quality_categories": "older_than_five_years", "issue_ids": "[11]", "osm_url": "https://www.openstreetmap.org/way/619272300", "josm_url": "http://127.0.0.1:8111/load_object?new_layer=false&objects=w619272300", "id_url": "https://www.openstreetmap.org/edit?editor=id&way=619272300#map=20/59.9133917/10.7640883"}}, {"type": "Feature", "geometry": {"type": "Point", "coordinates": [10.7635318, 59.9142502]}, "properties": {"id": 619272303, "feat_type": "way", "quality_categories": "older_than_five_years", "issue_ids": "[389]", "osm_url": "https://www.openstreetmap.org/way/619272303", "josm_url": "http://127.0.0.1:8111/load_object?new_layer=false&objects=w619272303", "id_url": "https://www.openstreetmap.org/edit?editor=id&way=619272303#map=20/59.9142502/10.7635318"}}, {"type": "Feature", "geometry": {"type": "Point", "coordinates": [10.7567994, 59.9139345]}, "properties": {"id": 619523164, "feat_type": "way", "quality_categories": "older_than_five_years", "issue_ids": "[390]", "osm_url": "https://www.openstreetmap.org/way/619523164", "josm_url": "http://127.0.0.1:8111/load_object?new_layer=false&objects=w619523164", "id_url": "https://www.openstreetmap.org/edit?editor=id&way=619523164#map=20/59.9139345/10.7567994"}}, {"type": "Feature", "geometry": {"type": "Point", "coordinates": [10.7568873, 59.9140051]}, "properties": {"id": 619523166, "feat_type": "way", "quality_categories": "older_than_five_years", "issue_ids": "[391]", "osm_url": "https://www.openstreetmap.org/way/619523166", "josm_url": "http://127.0.0.1:8111/load_object?new_layer=false&objects=w619523166", "id_url": "https://www.openstreetmap.org/edit?editor=id&way=619523166#map=20/59.9140051/10.7568873"}}, {"type": "Feature", "geometry": {"type": "Point", "coordinates": [10.7554143, 59.9082623]}, "properties": {"id": 621094373, "feat_type": "way", "quality_categories": "older_than_five_years", "issue_ids": "[334]", "osm_url": "https://www.openstreetmap.org/way/621094373", "josm_url": "http://127.0.0.1:8111/load_object?new_layer=false&objects=w621094373", "id_url": "https://www.openstreetmap.org/edit?editor=id&way=621094373#map=20/59.9082623/10.7554143"}}, {"type": "Feature", "geometry": {"type": "Point", "coordinates": [10.8521715, 59.9185624]}, "properties": {"id": 622692263, "feat_type": "way", "quality_categories": "missing_tags, older_than_five_years", "issue_ids": "[392, 4]", "osm_url": "https://www.openstreetmap.org/way/622692263", "josm_url": "http://127.0.0.1:8111/load_object?new_layer=false&objects=w622692263", "id_url": "https://www.openstreetmap.org/edit?editor=id&way=622692263#map=20/59.9185624/10.8521715"}}, {"type": "Feature", "geometry": {"type": "Point", "coordinates": [10.853212, 59.9195715]}, "properties": {"id": 622692273, "feat_type": "way", "quality_categories": "missing_tags, older_than_five_years", "issue_ids": "[392, 4]", "osm_url": "https://www.openstreetmap.org/way/622692273", "josm_url": "http://127.0.0.1:8111/load_object?new_layer=false&objects=w622692273", "id_url": "https://www.openstreetmap.org/edit?editor=id&way=622692273#map=20/59.9195715/10.853212"}}, {"type": "Feature", "geometry": {"type": "Point", "coordinates": [10.8579724, 59.9188124]}, "properties": {"id": 622708278, "feat_type": "way", "quality_categories": "older_than_five_years", "issue_ids": "[67]", "osm_url": "https://www.openstreetmap.org/way/622708278", "josm_url": "http://127.0.0.1:8111/load_object?new_layer=false&objects=w622708278", "id_url": "https://www.openstreetmap.org/edit?editor=id&way=622708278#map=20/59.9188124/10.8579724"}}, {"type": "Feature", "geometry": {"type": "Point", "coordinates": [10.8573538, 59.918435]}, "properties": {"id": 622708279, "feat_type": "way", "quality_categories": "older_than_five_years", "issue_ids": "[67]", "osm_url": "https://www.openstreetmap.org/way/622708279", "josm_url": "http://127.0.0.1:8111/load_object?new_layer=false&objects=w622708279", "id_url": "https://www.openstreetmap.org/edit?editor=id&way=622708279#map=20/59.918435/10.8573538"}}, {"type": "Feature", "geometry": {"type": "Point", "coordinates": [10.8586748, 59.9192544]}, "properties": {"id": 622708280, "feat_type": "way", "quality_categories": "older_than_five_years", "issue_ids": "[67]", "osm_url": "https://www.openstreetmap.org/way/622708280", "josm_url": "http://127.0.0.1:8111/load_object?new_layer=false&objects=w622708280", "id_url": "https://www.openstreetmap.org/edit?editor=id&way=622708280#map=20/59.9192544/10.8586748"}}, {"type": "Feature", "geometry": {"type": "Point", "coordinates": [10.8590583, 59.919655]}, "properties": {"id": 622708281, "feat_type": "way", "quality_categories": "older_than_five_years", "issue_ids": "[67]", "osm_url": "https://www.openstreetmap.org/way/622708281", "josm_url": "http://127.0.0.1:8111/load_object?new_layer=false&objects=w622708281", "id_url": "https://www.openstreetmap.org/edit?editor=id&way=622708281#map=20/59.919655/10.8590583"}}, {"type": "Feature", "geometry": {"type": "Point", "coordinates": [10.8852618, 59.9309064]}, "properties": {"id": 645877622, "feat_type": "way", "quality_categories": "missing_tags, older_than_five_years", "issue_ids": "[393, 4]", "osm_url": "https://www.openstreetmap.org/way/645877622", "josm_url": "http://127.0.0.1:8111/load_object?new_layer=false&objects=w645877622", "id_url": "https://www.openstreetmap.org/edit?editor=id&way=645877622#map=20/59.9309064/10.8852618"}}, {"type": "Feature", "geometry": {"type": "Point", "coordinates": [10.8660169, 59.9282387]}, "properties": {"id": 646556186, "feat_type": "way", "quality_categories": "older_than_five_years", "issue_ids": "[0]", "osm_url": "https://www.openstreetmap.org/way/646556186", "josm_url": "http://127.0.0.1:8111/load_object?new_layer=false&objects=w646556186", "id_url": "https://www.openstreetmap.org/edit?editor=id&way=646556186#map=20/59.9282387/10.8660169"}}, {"type": "Feature", "geometry": {"type": "Point", "coordinates": [10.8657484, 59.928126]}, "properties": {"id": 646556188, "feat_type": "way", "quality_categories": "older_than_five_years", "issue_ids": "[0]", "osm_url": "https://www.openstreetmap.org/way/646556188", "josm_url": "http://127.0.0.1:8111/load_object?new_layer=false&objects=w646556188", "id_url": "https://www.openstreetmap.org/edit?editor=id&way=646556188#map=20/59.928126/10.8657484"}}, {"type": "Feature", "geometry": {"type": "Point", "coordinates": [10.8696246, 59.9297435]}, "properties": {"id": 646947443, "feat_type": "way", "quality_categories": "older_than_five_years", "issue_ids": "[394]", "osm_url": "https://www.openstreetmap.org/way/646947443", "josm_url": "http://127.0.0.1:8111/load_object?new_layer=false&objects=w646947443", "id_url": "https://www.openstreetmap.org/edit?editor=id&way=646947443#map=20/59.9297435/10.8696246"}}, {"type": "Feature", "geometry": {"type": "Point", "coordinates": [10.901915, 59.9377125]}, "properties": {"id": 648744225, "feat_type": "way", "quality_categories": "missing_tags, older_than_five_years", "issue_ids": "[271, 4]", "osm_url": "https://www.openstreetmap.org/way/648744225", "josm_url": "http://127.0.0.1:8111/load_object?new_layer=false&objects=w648744225", "id_url": "https://www.openstreetmap.org/edit?editor=id&way=648744225#map=20/59.9377125/10.901915"}}, {"type": "Feature", "geometry": {"type": "Point", "coordinates": [10.9303499, 59.9366679]}, "properties": {"id": 651238573, "feat_type": "way", "quality_categories": "older_than_five_years", "issue_ids": "[177]", "osm_url": "https://www.openstreetmap.org/way/651238573", "josm_url": "http://127.0.0.1:8111/load_object?new_layer=false&objects=w651238573", "id_url": "https://www.openstreetmap.org/edit?editor=id&way=651238573#map=20/59.9366679/10.9303499"}}, {"type": "Feature", "geometry": {"type": "Point", "coordinates": [10.9235225, 59.9365756]}, "properties": {"id": 651480970, "feat_type": "way", "quality_categories": "missing_tags, older_than_five_years", "issue_ids": "[395, 4]", "osm_url": "https://www.openstreetmap.org/way/651480970", "josm_url": "http://127.0.0.1:8111/load_object?new_layer=false&objects=w651480970", "id_url": "https://www.openstreetmap.org/edit?editor=id&way=651480970#map=20/59.9365756/10.9235225"}}, {"type": "Feature", "geometry": {"type": "Point", "coordinates": [10.9235416, 59.9366116]}, "properties": {"id": 651480971, "feat_type": "way", "quality_categories": "missing_tags, older_than_five_years", "issue_ids": "[395, 4]", "osm_url": "https://www.openstreetmap.org/way/651480971", "josm_url": "http://127.0.0.1:8111/load_object?new_layer=false&objects=w651480971", "id_url": "https://www.openstreetmap.org/edit?editor=id&way=651480971#map=20/59.9366116/10.9235416"}}, {"type": "Feature", "geometry": {"type": "Point", "coordinates": [10.9243362, 59.9376721]}, "properties": {"id": 651560806, "feat_type": "way", "quality_categories": "missing_tags, older_than_five_years", "issue_ids": "[395, 4]", "osm_url": "https://www.openstreetmap.org/way/651560806", "josm_url": "http://127.0.0.1:8111/load_object?new_layer=false&objects=w651560806", "id_url": "https://www.openstreetmap.org/edit?editor=id&way=651560806#map=20/59.9376721/10.9243362"}}, {"type": "Feature", "geometry": {"type": "Point", "coordinates": [10.9234578, 59.9359681]}, "properties": {"id": 651560808, "feat_type": "way", "quality_categories": "older_than_five_years", "issue_ids": "[395]", "osm_url": "https://www.openstreetmap.org/way/651560808", "josm_url": "http://127.0.0.1:8111/load_object?new_layer=false&objects=w651560808", "id_url": "https://www.openstreetmap.org/edit?editor=id&way=651560808#map=20/59.9359681/10.9234578"}}, {"type": "Feature", "geometry": {"type": "Point", "coordinates": [10.9213975, 59.9350131]}, "properties": {"id": 651560810, "feat_type": "way", "quality_categories": "older_than_five_years", "issue_ids": "[395]", "osm_url": "https://www.openstreetmap.org/way/651560810", "josm_url": "http://127.0.0.1:8111/load_object?new_layer=false&objects=w651560810", "id_url": "https://www.openstreetmap.org/edit?editor=id&way=651560810#map=20/59.9350131/10.9213975"}}, {"type": "Feature", "geometry": {"type": "Point", "coordinates": [10.8268906, 59.9108293]}, "properties": {"id": 651747340, "feat_type": "way", "quality_categories": "older_than_five_years", "issue_ids": "[273]", "osm_url": "https://www.openstreetmap.org/way/651747340", "josm_url": "http://127.0.0.1:8111/load_object?new_layer=false&objects=w651747340", "id_url": "https://www.openstreetmap.org/edit?editor=id&way=651747340#map=20/59.9108293/10.8268906"}}, {"type": "Feature", "geometry": {"type": "Point", "coordinates": [10.8287652, 59.911145]}, "properties": {"id": 651747344, "feat_type": "way", "quality_categories": "older_than_five_years", "issue_ids": "[184]", "osm_url": "https://www.openstreetmap.org/way/651747344", "josm_url": "http://127.0.0.1:8111/load_object?new_layer=false&objects=w651747344", "id_url": "https://www.openstreetmap.org/edit?editor=id&way=651747344#map=20/59.911145/10.8287652"}}, {"type": "Feature", "geometry": {"type": "Point", "coordinates": [10.8191115, 59.9079267]}, "properties": {"id": 651762407, "feat_type": "way", "quality_categories": "older_than_five_years", "issue_ids": "[22]", "osm_url": "https://www.openstreetmap.org/way/651762407", "josm_url": "http://127.0.0.1:8111/load_object?new_layer=false&objects=w651762407", "id_url": "https://www.openstreetmap.org/edit?editor=id&way=651762407#map=20/59.9079267/10.8191115"}}, {"type": "Feature", "geometry": {"type": "Point", "coordinates": [10.823506, 59.9095966]}, "properties": {"id": 651881167, "feat_type": "way", "quality_categories": "older_than_five_years", "issue_ids": "[22]", "osm_url": "https://www.openstreetmap.org/way/651881167", "josm_url": "http://127.0.0.1:8111/load_object?new_layer=false&objects=w651881167", "id_url": "https://www.openstreetmap.org/edit?editor=id&way=651881167#map=20/59.9095966/10.823506"}}, {"type": "Feature", "geometry": {"type": "Point", "coordinates": [10.8592251, 59.9249282]}, "properties": {"id": 652565379, "feat_type": "way", "quality_categories": "older_than_five_years", "issue_ids": "[0]", "osm_url": "https://www.openstreetmap.org/way/652565379", "josm_url": "http://127.0.0.1:8111/load_object?new_layer=false&objects=w652565379", "id_url": "https://www.openstreetmap.org/edit?editor=id&way=652565379#map=20/59.9249282/10.8592251"}}, {"type": "Feature", "geometry": {"type": "Point", "coordinates": [10.830871, 59.9110038]}, "properties": {"id": 654311343, "feat_type": "way", "quality_categories": "older_than_five_years", "issue_ids": "[257]", "osm_url": "https://www.openstreetmap.org/way/654311343", "josm_url": "http://127.0.0.1:8111/load_object?new_layer=false&objects=w654311343", "id_url": "https://www.openstreetmap.org/edit?editor=id&way=654311343#map=20/59.9110038/10.830871"}}, {"type": "Feature", "geometry": {"type": "Point", "coordinates": [10.7679078, 59.9079055]}, "properties": {"id": 654671883, "feat_type": "way", "quality_categories": "older_than_five_years", "issue_ids": "[48]", "osm_url": "https://www.openstreetmap.org/way/654671883", "josm_url": "http://127.0.0.1:8111/load_object?new_layer=false&objects=w654671883", "id_url": "https://www.openstreetmap.org/edit?editor=id&way=654671883#map=20/59.9079055/10.7679078"}}, {"type": "Feature", "geometry": {"type": "Point", "coordinates": [10.8396991, 59.9170762]}, "properties": {"id": 654768827, "feat_type": "way", "quality_categories": "older_than_five_years", "issue_ids": "[396]", "osm_url": "https://www.openstreetmap.org/way/654768827", "josm_url": "http://127.0.0.1:8111/load_object?new_layer=false&objects=w654768827", "id_url": "https://www.openstreetmap.org/edit?editor=id&way=654768827#map=20/59.9170762/10.8396991"}}, {"type": "Feature", "geometry": {"type": "Point", "coordinates": [10.841922, 59.9154798]}, "properties": {"id": 655066416, "feat_type": "way", "quality_categories": "older_than_five_years", "issue_ids": "[184]", "osm_url": "https://www.openstreetmap.org/way/655066416", "josm_url": "http://127.0.0.1:8111/load_object?new_layer=false&objects=w655066416", "id_url": "https://www.openstreetmap.org/edit?editor=id&way=655066416#map=20/59.9154798/10.841922"}}, {"type": "Feature", "geometry": {"type": "Point", "coordinates": [10.8412116, 59.9137655]}, "properties": {"id": 655066432, "feat_type": "way", "quality_categories": "older_than_five_years", "issue_ids": "[257]", "osm_url": "https://www.openstreetmap.org/way/655066432", "josm_url": "http://127.0.0.1:8111/load_object?new_layer=false&objects=w655066432", "id_url": "https://www.openstreetmap.org/edit?editor=id&way=655066432#map=20/59.9137655/10.8412116"}}, {"type": "Feature", "geometry": {"type": "Point", "coordinates": [10.8431169, 59.9211576]}, "properties": {"id": 655085109, "feat_type": "way", "quality_categories": "missing_tags, older_than_five_years", "issue_ids": "[10, 4]", "osm_url": "https://www.openstreetmap.org/way/655085109", "josm_url": "http://127.0.0.1:8111/load_object?new_layer=false&objects=w655085109", "id_url": "https://www.openstreetmap.org/edit?editor=id&way=655085109#map=20/59.9211576/10.8431169"}}, {"type": "Feature", "geometry": {"type": "Point", "coordinates": [10.8311137, 59.9130828]}, "properties": {"id": 655223715, "feat_type": "way", "quality_categories": "missing_tags, older_than_five_years", "issue_ids": "[397, 4]", "osm_url": "https://www.openstreetmap.org/way/655223715", "josm_url": "http://127.0.0.1:8111/load_object?new_layer=false&objects=w655223715", "id_url": "https://www.openstreetmap.org/edit?editor=id&way=655223715#map=20/59.9130828/10.8311137"}}, {"type": "Feature", "geometry": {"type": "Point", "coordinates": [10.830813, 59.9130313]}, "properties": {"id": 655223717, "feat_type": "way", "quality_categories": "older_than_five_years", "issue_ids": "[10]", "osm_url": "https://www.openstreetmap.org/way/655223717", "josm_url": "http://127.0.0.1:8111/load_object?new_layer=false&objects=w655223717", "id_url": "https://www.openstreetmap.org/edit?editor=id&way=655223717#map=20/59.9130313/10.830813"}}, {"type": "Feature", "geometry": {"type": "Point", "coordinates": [10.8179407, 59.9084275]}, "properties": {"id": 660873393, "feat_type": "way", "quality_categories": "older_than_five_years", "issue_ids": "[22]", "osm_url": "https://www.openstreetmap.org/way/660873393", "josm_url": "http://127.0.0.1:8111/load_object?new_layer=false&objects=w660873393", "id_url": "https://www.openstreetmap.org/edit?editor=id&way=660873393#map=20/59.9084275/10.8179407"}}, {"type": "Feature", "geometry": {"type": "Point", "coordinates": [10.8226946, 59.9113723]}, "properties": {"id": 660924811, "feat_type": "way", "quality_categories": "older_than_five_years", "issue_ids": "[22]", "osm_url": "https://www.openstreetmap.org/way/660924811", "josm_url": "http://127.0.0.1:8111/load_object?new_layer=false&objects=w660924811", "id_url": "https://www.openstreetmap.org/edit?editor=id&way=660924811#map=20/59.9113723/10.8226946"}}, {"type": "Feature", "geometry": {"type": "Point", "coordinates": [10.8223929, 59.9119976]}, "properties": {"id": 660924814, "feat_type": "way", "quality_categories": "older_than_five_years", "issue_ids": "[22]", "osm_url": "https://www.openstreetmap.org/way/660924814", "josm_url": "http://127.0.0.1:8111/load_object?new_layer=false&objects=w660924814", "id_url": "https://www.openstreetmap.org/edit?editor=id&way=660924814#map=20/59.9119976/10.8223929"}}, {"type": "Feature", "geometry": {"type": "Point", "coordinates": [10.7468626, 59.9098383]}, "properties": {"id": 663292071, "feat_type": "way", "quality_categories": "older_than_five_years", "issue_ids": "[398]", "osm_url": "https://www.openstreetmap.org/way/663292071", "josm_url": "http://127.0.0.1:8111/load_object?new_layer=false&objects=w663292071", "id_url": "https://www.openstreetmap.org/edit?editor=id&way=663292071#map=20/59.9098383/10.7468626"}}, {"type": "Feature", "geometry": {"type": "Point", "coordinates": [10.7460723, 59.9100426]}, "properties": {"id": 663292074, "feat_type": "way", "quality_categories": "older_than_five_years", "issue_ids": "[399]", "osm_url": "https://www.openstreetmap.org/way/663292074", "josm_url": "http://127.0.0.1:8111/load_object?new_layer=false&objects=w663292074", "id_url": "https://www.openstreetmap.org/edit?editor=id&way=663292074#map=20/59.9100426/10.7460723"}}, {"type": "Feature", "geometry": {"type": "Point", "coordinates": [10.7459041, 59.91008]}, "properties": {"id": 663292075, "feat_type": "way", "quality_categories": "older_than_five_years", "issue_ids": "[399]", "osm_url": "https://www.openstreetmap.org/way/663292075", "josm_url": "http://127.0.0.1:8111/load_object?new_layer=false&objects=w663292075", "id_url": "https://www.openstreetmap.org/edit?editor=id&way=663292075#map=20/59.91008/10.7459041"}}, {"type": "Feature", "geometry": {"type": "Point", "coordinates": [10.7460826, 59.9100227]}, "properties": {"id": 663292076, "feat_type": "way", "quality_categories": "older_than_five_years", "issue_ids": "[399]", "osm_url": "https://www.openstreetmap.org/way/663292076", "josm_url": "http://127.0.0.1:8111/load_object?new_layer=false&objects=w663292076", "id_url": "https://www.openstreetmap.org/edit?editor=id&way=663292076#map=20/59.9100227/10.7460826"}}, {"type": "Feature", "geometry": {"type": "Point", "coordinates": [10.7459972, 59.9099337]}, "properties": {"id": 663292077, "feat_type": "way", "quality_categories": "older_than_five_years", "issue_ids": "[399]", "osm_url": "https://www.openstreetmap.org/way/663292077", "josm_url": "http://127.0.0.1:8111/load_object?new_layer=false&objects=w663292077", "id_url": "https://www.openstreetmap.org/edit?editor=id&way=663292077#map=20/59.9099337/10.7459972"}}, {"type": "Feature", "geometry": {"type": "Point", "coordinates": [10.7459356, 59.9099339]}, "properties": {"id": 663292078, "feat_type": "way", "quality_categories": "older_than_five_years", "issue_ids": "[399]", "osm_url": "https://www.openstreetmap.org/way/663292078", "josm_url": "http://127.0.0.1:8111/load_object?new_layer=false&objects=w663292078", "id_url": "https://www.openstreetmap.org/edit?editor=id&way=663292078#map=20/59.9099339/10.7459356"}}, {"type": "Feature", "geometry": {"type": "Point", "coordinates": [10.7458279, 59.9100865]}, "properties": {"id": 663292079, "feat_type": "way", "quality_categories": "older_than_five_years", "issue_ids": "[399]", "osm_url": "https://www.openstreetmap.org/way/663292079", "josm_url": "http://127.0.0.1:8111/load_object?new_layer=false&objects=w663292079", "id_url": "https://www.openstreetmap.org/edit?editor=id&way=663292079#map=20/59.9100865/10.7458279"}}, {"type": "Feature", "geometry": {"type": "Point", "coordinates": [10.7457479, 59.9100012]}, "properties": {"id": 663292080, "feat_type": "way", "quality_categories": "older_than_five_years", "issue_ids": "[399]", "osm_url": "https://www.openstreetmap.org/way/663292080", "josm_url": "http://127.0.0.1:8111/load_object?new_layer=false&objects=w663292080", "id_url": "https://www.openstreetmap.org/edit?editor=id&way=663292080#map=20/59.9100012/10.7457479"}}, {"type": "Feature", "geometry": {"type": "Point", "coordinates": [10.746825, 59.9098346]}, "properties": {"id": 663292092, "feat_type": "way", "quality_categories": "older_than_five_years", "issue_ids": "[398]", "osm_url": "https://www.openstreetmap.org/way/663292092", "josm_url": "http://127.0.0.1:8111/load_object?new_layer=false&objects=w663292092", "id_url": "https://www.openstreetmap.org/edit?editor=id&way=663292092#map=20/59.9098346/10.746825"}}, {"type": "Feature", "geometry": {"type": "Point", "coordinates": [10.7454601, 59.9094095]}, "properties": {"id": 663292110, "feat_type": "way", "quality_categories": "older_than_five_years", "issue_ids": "[1]", "osm_url": "https://www.openstreetmap.org/way/663292110", "josm_url": "http://127.0.0.1:8111/load_object?new_layer=false&objects=w663292110", "id_url": "https://www.openstreetmap.org/edit?editor=id&way=663292110#map=20/59.9094095/10.7454601"}}, {"type": "Feature", "geometry": {"type": "Point", "coordinates": [10.8496989, 59.8936618]}, "properties": {"id": 665159224, "feat_type": "way", "quality_categories": "missing_tags, older_than_five_years", "issue_ids": "[400, 4]", "osm_url": "https://www.openstreetmap.org/way/665159224", "josm_url": "http://127.0.0.1:8111/load_object?new_layer=false&objects=w665159224", "id_url": "https://www.openstreetmap.org/edit?editor=id&way=665159224#map=20/59.8936618/10.8496989"}}, {"type": "Feature", "geometry": {"type": "Point", "coordinates": [10.8529136, 59.8932692]}, "properties": {"id": 665160012, "feat_type": "way", "quality_categories": "missing_tags, older_than_five_years", "issue_ids": "[400, 4]", "osm_url": "https://www.openstreetmap.org/way/665160012", "josm_url": "http://127.0.0.1:8111/load_object?new_layer=false&objects=w665160012", "id_url": "https://www.openstreetmap.org/edit?editor=id&way=665160012#map=20/59.8932692/10.8529136"}}, {"type": "Feature", "geometry": {"type": "Point", "coordinates": [10.8507377, 59.8944957]}, "properties": {"id": 665160014, "feat_type": "way", "quality_categories": "missing_tags, older_than_five_years", "issue_ids": "[400, 4]", "osm_url": "https://www.openstreetmap.org/way/665160014", "josm_url": "http://127.0.0.1:8111/load_object?new_layer=false&objects=w665160014", "id_url": "https://www.openstreetmap.org/edit?editor=id&way=665160014#map=20/59.8944957/10.8507377"}}, {"type": "Feature", "geometry": {"type": "Point", "coordinates": [10.8526746, 59.8950445]}, "properties": {"id": 665411365, "feat_type": "way", "quality_categories": "missing_tags, older_than_five_years", "issue_ids": "[201, 4]", "osm_url": "https://www.openstreetmap.org/way/665411365", "josm_url": "http://127.0.0.1:8111/load_object?new_layer=false&objects=w665411365", "id_url": "https://www.openstreetmap.org/edit?editor=id&way=665411365#map=20/59.8950445/10.8526746"}}, {"type": "Feature", "geometry": {"type": "Point", "coordinates": [10.8542971, 59.8947302]}, "properties": {"id": 665411368, "feat_type": "way", "quality_categories": "missing_tags, older_than_five_years", "issue_ids": "[401, 4]", "osm_url": "https://www.openstreetmap.org/way/665411368", "josm_url": "http://127.0.0.1:8111/load_object?new_layer=false&objects=w665411368", "id_url": "https://www.openstreetmap.org/edit?editor=id&way=665411368#map=20/59.8947302/10.8542971"}}, {"type": "Feature", "geometry": {"type": "Point", "coordinates": [10.7466815, 59.9106647]}, "properties": {"id": 666375407, "feat_type": "way", "quality_categories": "older_than_five_years", "issue_ids": "[185]", "osm_url": "https://www.openstreetmap.org/way/666375407", "josm_url": "http://127.0.0.1:8111/load_object?new_layer=false&objects=w666375407", "id_url": "https://www.openstreetmap.org/edit?editor=id&way=666375407#map=20/59.9106647/10.7466815"}}, {"type": "Feature", "geometry": {"type": "Point", "coordinates": [10.7465302, 59.9105554]}, "properties": {"id": 666375427, "feat_type": "way", "quality_categories": "older_than_five_years", "issue_ids": "[185]", "osm_url": "https://www.openstreetmap.org/way/666375427", "josm_url": "http://127.0.0.1:8111/load_object?new_layer=false&objects=w666375427", "id_url": "https://www.openstreetmap.org/edit?editor=id&way=666375427#map=20/59.9105554/10.7465302"}}, {"type": "Feature", "geometry": {"type": "Point", "coordinates": [10.7463452, 59.9105982]}, "properties": {"id": 666375429, "feat_type": "way", "quality_categories": "older_than_five_years", "issue_ids": "[185]", "osm_url": "https://www.openstreetmap.org/way/666375429", "josm_url": "http://127.0.0.1:8111/load_object?new_layer=false&objects=w666375429", "id_url": "https://www.openstreetmap.org/edit?editor=id&way=666375429#map=20/59.9105982/10.7463452"}}, {"type": "Feature", "geometry": {"type": "Point", "coordinates": [10.8050799, 59.9230584]}, "properties": {"id": 669413088, "feat_type": "way", "quality_categories": "older_than_five_years", "issue_ids": "[402]", "osm_url": "https://www.openstreetmap.org/way/669413088", "josm_url": "http://127.0.0.1:8111/load_object?new_layer=false&objects=w669413088", "id_url": "https://www.openstreetmap.org/edit?editor=id&way=669413088#map=20/59.9230584/10.8050799"}}, {"type": "Feature", "geometry": {"type": "Point", "coordinates": [10.7391722, 59.9180417]}, "properties": {"id": 669423926, "feat_type": "way", "quality_categories": "older_than_five_years", "issue_ids": "[37]", "osm_url": "https://www.openstreetmap.org/way/669423926", "josm_url": "http://127.0.0.1:8111/load_object?new_layer=false&objects=w669423926", "id_url": "https://www.openstreetmap.org/edit?editor=id&way=669423926#map=20/59.9180417/10.7391722"}}, {"type": "Feature", "geometry": {"type": "Point", "coordinates": [10.8102414, 59.9191625]}, "properties": {"id": 670303911, "feat_type": "way", "quality_categories": "older_than_five_years", "issue_ids": "[46]", "osm_url": "https://www.openstreetmap.org/way/670303911", "josm_url": "http://127.0.0.1:8111/load_object?new_layer=false&objects=w670303911", "id_url": "https://www.openstreetmap.org/edit?editor=id&way=670303911#map=20/59.9191625/10.8102414"}}, {"type": "Feature", "geometry": {"type": "Point", "coordinates": [10.8076324, 59.8898064]}, "properties": {"id": 670445988, "feat_type": "way", "quality_categories": "missing_tags, older_than_five_years", "issue_ids": "[403, 4]", "osm_url": "https://www.openstreetmap.org/way/670445988", "josm_url": "http://127.0.0.1:8111/load_object?new_layer=false&objects=w670445988", "id_url": "https://www.openstreetmap.org/edit?editor=id&way=670445988#map=20/59.8898064/10.8076324"}}, {"type": "Feature", "geometry": {"type": "Point", "coordinates": [10.8158351, 59.9235435]}, "properties": {"id": 670957311, "feat_type": "way", "quality_categories": "older_than_five_years", "issue_ids": "[404]", "osm_url": "https://www.openstreetmap.org/way/670957311", "josm_url": "http://127.0.0.1:8111/load_object?new_layer=false&objects=w670957311", "id_url": "https://www.openstreetmap.org/edit?editor=id&way=670957311#map=20/59.9235435/10.8158351"}}, {"type": "Feature", "geometry": {"type": "Point", "coordinates": [10.8193193, 59.9238892]}, "properties": {"id": 670957314, "feat_type": "way", "quality_categories": "older_than_five_years", "issue_ids": "[404]", "osm_url": "https://www.openstreetmap.org/way/670957314", "josm_url": "http://127.0.0.1:8111/load_object?new_layer=false&objects=w670957314", "id_url": "https://www.openstreetmap.org/edit?editor=id&way=670957314#map=20/59.9238892/10.8193193"}}, {"type": "Feature", "geometry": {"type": "Point", "coordinates": [10.8048263, 59.8963454]}, "properties": {"id": 672626313, "feat_type": "way", "quality_categories": "older_than_five_years", "issue_ids": "[8]", "osm_url": "https://www.openstreetmap.org/way/672626313", "josm_url": "http://127.0.0.1:8111/load_object?new_layer=false&objects=w672626313", "id_url": "https://www.openstreetmap.org/edit?editor=id&way=672626313#map=20/59.8963454/10.8048263"}}, {"type": "Feature", "geometry": {"type": "Point", "coordinates": [10.7474284, 59.9300697]}, "properties": {"id": 673225186, "feat_type": "way", "quality_categories": "older_than_five_years", "issue_ids": "[70]", "osm_url": "https://www.openstreetmap.org/way/673225186", "josm_url": "http://127.0.0.1:8111/load_object?new_layer=false&objects=w673225186", "id_url": "https://www.openstreetmap.org/edit?editor=id&way=673225186#map=20/59.9300697/10.7474284"}}, {"type": "Feature", "geometry": {"type": "Point", "coordinates": [10.7479949, 59.9317765]}, "properties": {"id": 673225187, "feat_type": "way", "quality_categories": "older_than_five_years", "issue_ids": "[70]", "osm_url": "https://www.openstreetmap.org/way/673225187", "josm_url": "http://127.0.0.1:8111/load_object?new_layer=false&objects=w673225187", "id_url": "https://www.openstreetmap.org/edit?editor=id&way=673225187#map=20/59.9317765/10.7479949"}}, {"type": "Feature", "geometry": {"type": "Point", "coordinates": [10.7463193, 59.9309456]}, "properties": {"id": 673225188, "feat_type": "way", "quality_categories": "older_than_five_years", "issue_ids": "[103]", "osm_url": "https://www.openstreetmap.org/way/673225188", "josm_url": "http://127.0.0.1:8111/load_object?new_layer=false&objects=w673225188", "id_url": "https://www.openstreetmap.org/edit?editor=id&way=673225188#map=20/59.9309456/10.7463193"}}, {"type": "Feature", "geometry": {"type": "Point", "coordinates": [10.8084467, 59.8975702]}, "properties": {"id": 673692058, "feat_type": "way", "quality_categories": "older_than_five_years", "issue_ids": "[22]", "osm_url": "https://www.openstreetmap.org/way/673692058", "josm_url": "http://127.0.0.1:8111/load_object?new_layer=false&objects=w673692058", "id_url": "https://www.openstreetmap.org/edit?editor=id&way=673692058#map=20/59.8975702/10.8084467"}}, {"type": "Feature", "geometry": {"type": "Point", "coordinates": [10.6493598, 59.9155725]}, "properties": {"id": 674076676, "feat_type": "way", "quality_categories": "older_than_five_years", "issue_ids": "[162]", "osm_url": "https://www.openstreetmap.org/way/674076676", "josm_url": "http://127.0.0.1:8111/load_object?new_layer=false&objects=w674076676", "id_url": "https://www.openstreetmap.org/edit?editor=id&way=674076676#map=20/59.9155725/10.6493598"}}, {"type": "Feature", "geometry": {"type": "Point", "coordinates": [10.716062, 59.9528897]}, "properties": {"id": 674076697, "feat_type": "way", "quality_categories": "older_than_five_years", "issue_ids": "[162]", "osm_url": "https://www.openstreetmap.org/way/674076697", "josm_url": "http://127.0.0.1:8111/load_object?new_layer=false&objects=w674076697", "id_url": "https://www.openstreetmap.org/edit?editor=id&way=674076697#map=20/59.9528897/10.716062"}}, {"type": "Feature", "geometry": {"type": "Point", "coordinates": [10.8105294, 59.8995962]}, "properties": {"id": 674179374, "feat_type": "way", "quality_categories": "older_than_five_years", "issue_ids": "[208]", "osm_url": "https://www.openstreetmap.org/way/674179374", "josm_url": "http://127.0.0.1:8111/load_object?new_layer=false&objects=w674179374", "id_url": "https://www.openstreetmap.org/edit?editor=id&way=674179374#map=20/59.8995962/10.8105294"}}, {"type": "Feature", "geometry": {"type": "Point", "coordinates": [10.810167, 59.9004136]}, "properties": {"id": 674179375, "feat_type": "way", "quality_categories": "older_than_five_years", "issue_ids": "[208]", "osm_url": "https://www.openstreetmap.org/way/674179375", "josm_url": "http://127.0.0.1:8111/load_object?new_layer=false&objects=w674179375", "id_url": "https://www.openstreetmap.org/edit?editor=id&way=674179375#map=20/59.9004136/10.810167"}}, {"type": "Feature", "geometry": {"type": "Point", "coordinates": [10.8168977, 59.9081412]}, "properties": {"id": 674182050, "feat_type": "way", "quality_categories": "older_than_five_years", "issue_ids": "[22]", "osm_url": "https://www.openstreetmap.org/way/674182050", "josm_url": "http://127.0.0.1:8111/load_object?new_layer=false&objects=w674182050", "id_url": "https://www.openstreetmap.org/edit?editor=id&way=674182050#map=20/59.9081412/10.8168977"}}, {"type": "Feature", "geometry": {"type": "Point", "coordinates": [10.815513, 59.9081173]}, "properties": {"id": 674182053, "feat_type": "way", "quality_categories": "older_than_five_years", "issue_ids": "[22]", "osm_url": "https://www.openstreetmap.org/way/674182053", "josm_url": "http://127.0.0.1:8111/load_object?new_layer=false&objects=w674182053", "id_url": "https://www.openstreetmap.org/edit?editor=id&way=674182053#map=20/59.9081173/10.815513"}}, {"type": "Feature", "geometry": {"type": "Point", "coordinates": [10.8148035, 59.9011178]}, "properties": {"id": 674217914, "feat_type": "way", "quality_categories": "older_than_five_years", "issue_ids": "[22]", "osm_url": "https://www.openstreetmap.org/way/674217914", "josm_url": "http://127.0.0.1:8111/load_object?new_layer=false&objects=w674217914", "id_url": "https://www.openstreetmap.org/edit?editor=id&way=674217914#map=20/59.9011178/10.8148035"}}, {"type": "Feature", "geometry": {"type": "Point", "coordinates": [10.8373948, 59.819956]}, "properties": {"id": 674532167, "feat_type": "way", "quality_categories": "missing_tags, older_than_five_years", "issue_ids": "[405, 4]", "osm_url": "https://www.openstreetmap.org/way/674532167", "josm_url": "http://127.0.0.1:8111/load_object?new_layer=false&objects=w674532167", "id_url": "https://www.openstreetmap.org/edit?editor=id&way=674532167#map=20/59.819956/10.8373948"}}, {"type": "Feature", "geometry": {"type": "Point", "coordinates": [10.8339029, 59.8249234]}, "properties": {"id": 674754338, "feat_type": "way", "quality_categories": "missing_tags, older_than_five_years", "issue_ids": "[406, 4]", "osm_url": "https://www.openstreetmap.org/way/674754338", "josm_url": "http://127.0.0.1:8111/load_object?new_layer=false&objects=w674754338", "id_url": "https://www.openstreetmap.org/edit?editor=id&way=674754338#map=20/59.8249234/10.8339029"}}, {"type": "Feature", "geometry": {"type": "Point", "coordinates": [10.8384092, 59.8341843]}, "properties": {"id": 675601572, "feat_type": "way", "quality_categories": "missing_tags, older_than_five_years", "issue_ids": "[279, 4]", "osm_url": "https://www.openstreetmap.org/way/675601572", "josm_url": "http://127.0.0.1:8111/load_object?new_layer=false&objects=w675601572", "id_url": "https://www.openstreetmap.org/edit?editor=id&way=675601572#map=20/59.8341843/10.8384092"}}, {"type": "Feature", "geometry": {"type": "Point", "coordinates": [10.8368748, 59.8300715]}, "properties": {"id": 675601581, "feat_type": "way", "quality_categories": "missing_tags, older_than_five_years", "issue_ids": "[279, 4]", "osm_url": "https://www.openstreetmap.org/way/675601581", "josm_url": "http://127.0.0.1:8111/load_object?new_layer=false&objects=w675601581", "id_url": "https://www.openstreetmap.org/edit?editor=id&way=675601581#map=20/59.8300715/10.8368748"}}, {"type": "Feature", "geometry": {"type": "Point", "coordinates": [10.838637, 59.8301309]}, "properties": {"id": 675671974, "feat_type": "way", "quality_categories": "older_than_five_years", "issue_ids": "[281]", "osm_url": "https://www.openstreetmap.org/way/675671974", "josm_url": "http://127.0.0.1:8111/load_object?new_layer=false&objects=w675671974", "id_url": "https://www.openstreetmap.org/edit?editor=id&way=675671974#map=20/59.8301309/10.838637"}}, {"type": "Feature", "geometry": {"type": "Point", "coordinates": [10.83536, 59.8239737]}, "properties": {"id": 675933644, "feat_type": "way", "quality_categories": "missing_tags, older_than_five_years", "issue_ids": "[280, 4]", "osm_url": "https://www.openstreetmap.org/way/675933644", "josm_url": "http://127.0.0.1:8111/load_object?new_layer=false&objects=w675933644", "id_url": "https://www.openstreetmap.org/edit?editor=id&way=675933644#map=20/59.8239737/10.83536"}}, {"type": "Feature", "geometry": {"type": "Point", "coordinates": [10.8309612, 59.8266097]}, "properties": {"id": 676370519, "feat_type": "way", "quality_categories": "missing_tags, older_than_five_years", "issue_ids": "[362, 4]", "osm_url": "https://www.openstreetmap.org/way/676370519", "josm_url": "http://127.0.0.1:8111/load_object?new_layer=false&objects=w676370519", "id_url": "https://www.openstreetmap.org/edit?editor=id&way=676370519#map=20/59.8266097/10.8309612"}}, {"type": "Feature", "geometry": {"type": "Point", "coordinates": [10.8279165, 59.8350153]}, "properties": {"id": 676975498, "feat_type": "way", "quality_categories": "missing_tags, older_than_five_years", "issue_ids": "[407, 4]", "osm_url": "https://www.openstreetmap.org/way/676975498", "josm_url": "http://127.0.0.1:8111/load_object?new_layer=false&objects=w676975498", "id_url": "https://www.openstreetmap.org/edit?editor=id&way=676975498#map=20/59.8350153/10.8279165"}}, {"type": "Feature", "geometry": {"type": "Point", "coordinates": [10.8330811, 59.8302433]}, "properties": {"id": 677059849, "feat_type": "way", "quality_categories": "missing_tags, older_than_five_years", "issue_ids": "[407, 4]", "osm_url": "https://www.openstreetmap.org/way/677059849", "josm_url": "http://127.0.0.1:8111/load_object?new_layer=false&objects=w677059849", "id_url": "https://www.openstreetmap.org/edit?editor=id&way=677059849#map=20/59.8302433/10.8330811"}}, {"type": "Feature", "geometry": {"type": "Point", "coordinates": [10.8050416, 59.8458402]}, "properties": {"id": 678806255, "feat_type": "way", "quality_categories": "older_than_five_years", "issue_ids": "[408]", "osm_url": "https://www.openstreetmap.org/way/678806255", "josm_url": "http://127.0.0.1:8111/load_object?new_layer=false&objects=w678806255", "id_url": "https://www.openstreetmap.org/edit?editor=id&way=678806255#map=20/59.8458402/10.8050416"}}, {"type": "Feature", "geometry": {"type": "Point", "coordinates": [10.806822, 59.8403281]}, "properties": {"id": 678826106, "feat_type": "way", "quality_categories": "older_than_five_years", "issue_ids": "[408]", "osm_url": "https://www.openstreetmap.org/way/678826106", "josm_url": "http://127.0.0.1:8111/load_object?new_layer=false&objects=w678826106", "id_url": "https://www.openstreetmap.org/edit?editor=id&way=678826106#map=20/59.8403281/10.806822"}}, {"type": "Feature", "geometry": {"type": "Point", "coordinates": [10.7976897, 59.8344225]}, "properties": {"id": 682048210, "feat_type": "way", "quality_categories": "older_than_five_years", "issue_ids": "[409]", "osm_url": "https://www.openstreetmap.org/way/682048210", "josm_url": "http://127.0.0.1:8111/load_object?new_layer=false&objects=w682048210", "id_url": "https://www.openstreetmap.org/edit?editor=id&way=682048210#map=20/59.8344225/10.7976897"}}, {"type": "Feature", "geometry": {"type": "Point", "coordinates": [10.7998542, 59.8303414]}, "properties": {"id": 682048211, "feat_type": "way", "quality_categories": "older_than_five_years", "issue_ids": "[409]", "osm_url": "https://www.openstreetmap.org/way/682048211", "josm_url": "http://127.0.0.1:8111/load_object?new_layer=false&objects=w682048211", "id_url": "https://www.openstreetmap.org/edit?editor=id&way=682048211#map=20/59.8303414/10.7998542"}}, {"type": "Feature", "geometry": {"type": "Point", "coordinates": [10.8475564, 59.9001758]}, "properties": {"id": 682223041, "feat_type": "way", "quality_categories": "older_than_five_years", "issue_ids": "[206]", "osm_url": "https://www.openstreetmap.org/way/682223041", "josm_url": "http://127.0.0.1:8111/load_object?new_layer=false&objects=w682223041", "id_url": "https://www.openstreetmap.org/edit?editor=id&way=682223041#map=20/59.9001758/10.8475564"}}, {"type": "Feature", "geometry": {"type": "Point", "coordinates": [10.8040794, 59.8410662]}, "properties": {"id": 682296759, "feat_type": "way", "quality_categories": "older_than_five_years", "issue_ids": "[410]", "osm_url": "https://www.openstreetmap.org/way/682296759", "josm_url": "http://127.0.0.1:8111/load_object?new_layer=false&objects=w682296759", "id_url": "https://www.openstreetmap.org/edit?editor=id&way=682296759#map=20/59.8410662/10.8040794"}}, {"type": "Feature", "geometry": {"type": "Point", "coordinates": [10.7895271, 59.9208052]}, "properties": {"id": 682539022, "feat_type": "way", "quality_categories": "older_than_five_years", "issue_ids": "[160]", "osm_url": "https://www.openstreetmap.org/way/682539022", "josm_url": "http://127.0.0.1:8111/load_object?new_layer=false&objects=w682539022", "id_url": "https://www.openstreetmap.org/edit?editor=id&way=682539022#map=20/59.9208052/10.7895271"}}, {"type": "Feature", "geometry": {"type": "Point", "coordinates": [10.7908474, 59.9213509]}, "properties": {"id": 682539023, "feat_type": "way", "quality_categories": "older_than_five_years", "issue_ids": "[302]", "osm_url": "https://www.openstreetmap.org/way/682539023", "josm_url": "http://127.0.0.1:8111/load_object?new_layer=false&objects=w682539023", "id_url": "https://www.openstreetmap.org/edit?editor=id&way=682539023#map=20/59.9213509/10.7908474"}}, {"type": "Feature", "geometry": {"type": "Point", "coordinates": [10.7887067, 59.9206342]}, "properties": {"id": 682539025, "feat_type": "way", "quality_categories": "older_than_five_years", "issue_ids": "[411]", "osm_url": "https://www.openstreetmap.org/way/682539025", "josm_url": "http://127.0.0.1:8111/load_object?new_layer=false&objects=w682539025", "id_url": "https://www.openstreetmap.org/edit?editor=id&way=682539025#map=20/59.9206342/10.7887067"}}, {"type": "Feature", "geometry": {"type": "Point", "coordinates": [10.8976375, 59.9412677]}, "properties": {"id": 683421224, "feat_type": "way", "quality_categories": "missing_tags, older_than_five_years", "issue_ids": "[412, 4]", "osm_url": "https://www.openstreetmap.org/way/683421224", "josm_url": "http://127.0.0.1:8111/load_object?new_layer=false&objects=w683421224", "id_url": "https://www.openstreetmap.org/edit?editor=id&way=683421224#map=20/59.9412677/10.8976375"}}, {"type": "Feature", "geometry": {"type": "Point", "coordinates": [10.8083252, 59.8897679]}, "properties": {"id": 685792745, "feat_type": "way", "quality_categories": "missing_tags, older_than_five_years", "issue_ids": "[403, 4]", "osm_url": "https://www.openstreetmap.org/way/685792745", "josm_url": "http://127.0.0.1:8111/load_object?new_layer=false&objects=w685792745", "id_url": "https://www.openstreetmap.org/edit?editor=id&way=685792745#map=20/59.8897679/10.8083252"}}, {"type": "Feature", "geometry": {"type": "Point", "coordinates": [10.766108, 59.9125857]}, "properties": {"id": 686874692, "feat_type": "way", "quality_categories": "older_than_five_years", "issue_ids": "[39]", "osm_url": "https://www.openstreetmap.org/way/686874692", "josm_url": "http://127.0.0.1:8111/load_object?new_layer=false&objects=w686874692", "id_url": "https://www.openstreetmap.org/edit?editor=id&way=686874692#map=20/59.9125857/10.766108"}}, {"type": "Feature", "geometry": {"type": "Point", "coordinates": [10.7665452, 59.9119505]}, "properties": {"id": 686874695, "feat_type": "way", "quality_categories": "older_than_five_years", "issue_ids": "[224]", "osm_url": "https://www.openstreetmap.org/way/686874695", "josm_url": "http://127.0.0.1:8111/load_object?new_layer=false&objects=w686874695", "id_url": "https://www.openstreetmap.org/edit?editor=id&way=686874695#map=20/59.9119505/10.7665452"}}, {"type": "Feature", "geometry": {"type": "Point", "coordinates": [10.7950756, 59.8303289]}, "properties": {"id": 687222354, "feat_type": "way", "quality_categories": "older_than_five_years", "issue_ids": "[12]", "osm_url": "https://www.openstreetmap.org/way/687222354", "josm_url": "http://127.0.0.1:8111/load_object?new_layer=false&objects=w687222354", "id_url": "https://www.openstreetmap.org/edit?editor=id&way=687222354#map=20/59.8303289/10.7950756"}}, {"type": "Feature", "geometry": {"type": "Point", "coordinates": [10.7941086, 59.8299036]}, "properties": {"id": 687222440, "feat_type": "way", "quality_categories": "older_than_five_years", "issue_ids": "[12]", "osm_url": "https://www.openstreetmap.org/way/687222440", "josm_url": "http://127.0.0.1:8111/load_object?new_layer=false&objects=w687222440", "id_url": "https://www.openstreetmap.org/edit?editor=id&way=687222440#map=20/59.8299036/10.7941086"}}, {"type": "Feature", "geometry": {"type": "Point", "coordinates": [10.7797511, 59.8290787]}, "properties": {"id": 687852994, "feat_type": "way", "quality_categories": "older_than_five_years", "issue_ids": "[337]", "osm_url": "https://www.openstreetmap.org/way/687852994", "josm_url": "http://127.0.0.1:8111/load_object?new_layer=false&objects=w687852994", "id_url": "https://www.openstreetmap.org/edit?editor=id&way=687852994#map=20/59.8290787/10.7797511"}}, {"type": "Feature", "geometry": {"type": "Point", "coordinates": [10.7853616, 59.8383299]}, "properties": {"id": 690020579, "feat_type": "way", "quality_categories": "older_than_five_years", "issue_ids": "[413]", "osm_url": "https://www.openstreetmap.org/way/690020579", "josm_url": "http://127.0.0.1:8111/load_object?new_layer=false&objects=w690020579", "id_url": "https://www.openstreetmap.org/edit?editor=id&way=690020579#map=20/59.8383299/10.7853616"}}, {"type": "Feature", "geometry": {"type": "Point", "coordinates": [10.7854092, 59.8382305]}, "properties": {"id": 690020582, "feat_type": "way", "quality_categories": "older_than_five_years", "issue_ids": "[413]", "osm_url": "https://www.openstreetmap.org/way/690020582", "josm_url": "http://127.0.0.1:8111/load_object?new_layer=false&objects=w690020582", "id_url": "https://www.openstreetmap.org/edit?editor=id&way=690020582#map=20/59.8382305/10.7854092"}}, {"type": "Feature", "geometry": {"type": "Point", "coordinates": [10.7861207, 59.8381692]}, "properties": {"id": 690020584, "feat_type": "way", "quality_categories": "older_than_five_years", "issue_ids": "[413]", "osm_url": "https://www.openstreetmap.org/way/690020584", "josm_url": "http://127.0.0.1:8111/load_object?new_layer=false&objects=w690020584", "id_url": "https://www.openstreetmap.org/edit?editor=id&way=690020584#map=20/59.8381692/10.7861207"}}, {"type": "Feature", "geometry": {"type": "Point", "coordinates": [10.7902399, 59.8369702]}, "properties": {"id": 690801913, "feat_type": "way", "quality_categories": "older_than_five_years", "issue_ids": "[414]", "osm_url": "https://www.openstreetmap.org/way/690801913", "josm_url": "http://127.0.0.1:8111/load_object?new_layer=false&objects=w690801913", "id_url": "https://www.openstreetmap.org/edit?editor=id&way=690801913#map=20/59.8369702/10.7902399"}}, {"type": "Feature", "geometry": {"type": "Point", "coordinates": [10.783645, 59.8433125]}, "properties": {"id": 695831750, "feat_type": "way", "quality_categories": "older_than_five_years", "issue_ids": "[373]", "osm_url": "https://www.openstreetmap.org/way/695831750", "josm_url": "http://127.0.0.1:8111/load_object?new_layer=false&objects=w695831750", "id_url": "https://www.openstreetmap.org/edit?editor=id&way=695831750#map=20/59.8433125/10.783645"}}, {"type": "Feature", "geometry": {"type": "Point", "coordinates": [10.7951825, 59.8436108]}, "properties": {"id": 695959137, "feat_type": "way", "quality_categories": "older_than_five_years", "issue_ids": "[331]", "osm_url": "https://www.openstreetmap.org/way/695959137", "josm_url": "http://127.0.0.1:8111/load_object?new_layer=false&objects=w695959137", "id_url": "https://www.openstreetmap.org/edit?editor=id&way=695959137#map=20/59.8436108/10.7951825"}}, {"type": "Feature", "geometry": {"type": "Point", "coordinates": [10.8346687, 59.848227]}, "properties": {"id": 696754086, "feat_type": "way", "quality_categories": "older_than_five_years", "issue_ids": "[89]", "osm_url": "https://www.openstreetmap.org/way/696754086", "josm_url": "http://127.0.0.1:8111/load_object?new_layer=false&objects=w696754086", "id_url": "https://www.openstreetmap.org/edit?editor=id&way=696754086#map=20/59.848227/10.8346687"}}, {"type": "Feature", "geometry": {"type": "Point", "coordinates": [10.8374679, 59.8402156]}, "properties": {"id": 697517183, "feat_type": "way", "quality_categories": "older_than_five_years", "issue_ids": "[381]", "osm_url": "https://www.openstreetmap.org/way/697517183", "josm_url": "http://127.0.0.1:8111/load_object?new_layer=false&objects=w697517183", "id_url": "https://www.openstreetmap.org/edit?editor=id&way=697517183#map=20/59.8402156/10.8374679"}}, {"type": "Feature", "geometry": {"type": "Point", "coordinates": [10.8390054, 59.8357202]}, "properties": {"id": 697517196, "feat_type": "way", "quality_categories": "older_than_five_years", "issue_ids": "[381]", "osm_url": "https://www.openstreetmap.org/way/697517196", "josm_url": "http://127.0.0.1:8111/load_object?new_layer=false&objects=w697517196", "id_url": "https://www.openstreetmap.org/edit?editor=id&way=697517196#map=20/59.8357202/10.8390054"}}, {"type": "Feature", "geometry": {"type": "Point", "coordinates": [10.8291359, 59.8441135]}, "properties": {"id": 699085695, "feat_type": "way", "quality_categories": "older_than_five_years", "issue_ids": "[415]", "osm_url": "https://www.openstreetmap.org/way/699085695", "josm_url": "http://127.0.0.1:8111/load_object?new_layer=false&objects=w699085695", "id_url": "https://www.openstreetmap.org/edit?editor=id&way=699085695#map=20/59.8441135/10.8291359"}}, {"type": "Feature", "geometry": {"type": "Point", "coordinates": [10.8297648, 59.8439384]}, "properties": {"id": 699085696, "feat_type": "way", "quality_categories": "older_than_five_years", "issue_ids": "[415]", "osm_url": "https://www.openstreetmap.org/way/699085696", "josm_url": "http://127.0.0.1:8111/load_object?new_layer=false&objects=w699085696", "id_url": "https://www.openstreetmap.org/edit?editor=id&way=699085696#map=20/59.8439384/10.8297648"}}, {"type": "Feature", "geometry": {"type": "Point", "coordinates": [10.82713, 59.8468517]}, "properties": {"id": 699085704, "feat_type": "way", "quality_categories": "older_than_five_years", "issue_ids": "[416]", "osm_url": "https://www.openstreetmap.org/way/699085704", "josm_url": "http://127.0.0.1:8111/load_object?new_layer=false&objects=w699085704", "id_url": "https://www.openstreetmap.org/edit?editor=id&way=699085704#map=20/59.8468517/10.82713"}}, {"type": "Feature", "geometry": {"type": "Point", "coordinates": [10.8284717, 59.8465772]}, "properties": {"id": 699784290, "feat_type": "way", "quality_categories": "older_than_five_years", "issue_ids": "[416]", "osm_url": "https://www.openstreetmap.org/way/699784290", "josm_url": "http://127.0.0.1:8111/load_object?new_layer=false&objects=w699784290", "id_url": "https://www.openstreetmap.org/edit?editor=id&way=699784290#map=20/59.8465772/10.8284717"}}, {"type": "Feature", "geometry": {"type": "Point", "coordinates": [10.7912, 59.9177178]}, "properties": {"id": 700223639, "feat_type": "way", "quality_categories": "older_than_five_years", "issue_ids": "[417]", "osm_url": "https://www.openstreetmap.org/way/700223639", "josm_url": "http://127.0.0.1:8111/load_object?new_layer=false&objects=w700223639", "id_url": "https://www.openstreetmap.org/edit?editor=id&way=700223639#map=20/59.9177178/10.7912"}}, {"type": "Feature", "geometry": {"type": "Point", "coordinates": [10.8409376, 59.8656074]}, "properties": {"id": 700721680, "feat_type": "way", "quality_categories": "older_than_five_years", "issue_ids": "[418]", "osm_url": "https://www.openstreetmap.org/way/700721680", "josm_url": "http://127.0.0.1:8111/load_object?new_layer=false&objects=w700721680", "id_url": "https://www.openstreetmap.org/edit?editor=id&way=700721680#map=20/59.8656074/10.8409376"}}, {"type": "Feature", "geometry": {"type": "Point", "coordinates": [10.8410689, 59.8659099]}, "properties": {"id": 700721684, "feat_type": "way", "quality_categories": "older_than_five_years", "issue_ids": "[418]", "osm_url": "https://www.openstreetmap.org/way/700721684", "josm_url": "http://127.0.0.1:8111/load_object?new_layer=false&objects=w700721684", "id_url": "https://www.openstreetmap.org/edit?editor=id&way=700721684#map=20/59.8659099/10.8410689"}}, {"type": "Feature", "geometry": {"type": "Point", "coordinates": [10.7593755, 59.8744223]}, "properties": {"id": 703495809, "feat_type": "way", "quality_categories": "older_than_five_years", "issue_ids": "[419]", "osm_url": "https://www.openstreetmap.org/way/703495809", "josm_url": "http://127.0.0.1:8111/load_object?new_layer=false&objects=w703495809", "id_url": "https://www.openstreetmap.org/edit?editor=id&way=703495809#map=20/59.8744223/10.7593755"}}, {"type": "Feature", "geometry": {"type": "Point", "coordinates": [10.7593841, 59.8744295]}, "properties": {"id": 703495810, "feat_type": "way", "quality_categories": "older_than_five_years", "issue_ids": "[419]", "osm_url": "https://www.openstreetmap.org/way/703495810", "josm_url": "http://127.0.0.1:8111/load_object?new_layer=false&objects=w703495810", "id_url": "https://www.openstreetmap.org/edit?editor=id&way=703495810#map=20/59.8744295/10.7593841"}}, {"type": "Feature", "geometry": {"type": "Point", "coordinates": [10.7580136, 59.8732353]}, "properties": {"id": 703495811, "feat_type": "way", "quality_categories": "older_than_five_years", "issue_ids": "[419]", "osm_url": "https://www.openstreetmap.org/way/703495811", "josm_url": "http://127.0.0.1:8111/load_object?new_layer=false&objects=w703495811", "id_url": "https://www.openstreetmap.org/edit?editor=id&way=703495811#map=20/59.8732353/10.7580136"}}, {"type": "Feature", "geometry": {"type": "Point", "coordinates": [10.7608378, 59.8776112]}, "properties": {"id": 703816458, "feat_type": "way", "quality_categories": "older_than_five_years", "issue_ids": "[420]", "osm_url": "https://www.openstreetmap.org/way/703816458", "josm_url": "http://127.0.0.1:8111/load_object?new_layer=false&objects=w703816458", "id_url": "https://www.openstreetmap.org/edit?editor=id&way=703816458#map=20/59.8776112/10.7608378"}}, {"type": "Feature", "geometry": {"type": "Point", "coordinates": [10.7646342, 59.8793368]}, "properties": {"id": 703816461, "feat_type": "way", "quality_categories": "older_than_five_years", "issue_ids": "[420]", "osm_url": "https://www.openstreetmap.org/way/703816461", "josm_url": "http://127.0.0.1:8111/load_object?new_layer=false&objects=w703816461", "id_url": "https://www.openstreetmap.org/edit?editor=id&way=703816461#map=20/59.8793368/10.7646342"}}, {"type": "Feature", "geometry": {"type": "Point", "coordinates": [10.7652739, 59.8799147]}, "properties": {"id": 703816462, "feat_type": "way", "quality_categories": "older_than_five_years", "issue_ids": "[421]", "osm_url": "https://www.openstreetmap.org/way/703816462", "josm_url": "http://127.0.0.1:8111/load_object?new_layer=false&objects=w703816462", "id_url": "https://www.openstreetmap.org/edit?editor=id&way=703816462#map=20/59.8799147/10.7652739"}}, {"type": "Feature", "geometry": {"type": "Point", "coordinates": [10.764267, 59.8788058]}, "properties": {"id": 703816463, "feat_type": "way", "quality_categories": "older_than_five_years", "issue_ids": "[421]", "osm_url": "https://www.openstreetmap.org/way/703816463", "josm_url": "http://127.0.0.1:8111/load_object?new_layer=false&objects=w703816463", "id_url": "https://www.openstreetmap.org/edit?editor=id&way=703816463#map=20/59.8788058/10.764267"}}, {"type": "Feature", "geometry": {"type": "Point", "coordinates": [10.7599048, 59.8906582]}, "properties": {"id": 704117173, "feat_type": "way", "quality_categories": "older_than_five_years", "issue_ids": "[422]", "osm_url": "https://www.openstreetmap.org/way/704117173", "josm_url": "http://127.0.0.1:8111/load_object?new_layer=false&objects=w704117173", "id_url": "https://www.openstreetmap.org/edit?editor=id&way=704117173#map=20/59.8906582/10.7599048"}}, {"type": "Feature", "geometry": {"type": "Point", "coordinates": [10.7589526, 59.8924867]}, "properties": {"id": 704220485, "feat_type": "way", "quality_categories": "older_than_five_years", "issue_ids": "[175]", "osm_url": "https://www.openstreetmap.org/way/704220485", "josm_url": "http://127.0.0.1:8111/load_object?new_layer=false&objects=w704220485", "id_url": "https://www.openstreetmap.org/edit?editor=id&way=704220485#map=20/59.8924867/10.7589526"}}, {"type": "Feature", "geometry": {"type": "Point", "coordinates": [10.7526179, 59.9013363]}, "properties": {"id": 704252747, "feat_type": "way", "quality_categories": "older_than_five_years", "issue_ids": "[238]", "osm_url": "https://www.openstreetmap.org/way/704252747", "josm_url": "http://127.0.0.1:8111/load_object?new_layer=false&objects=w704252747", "id_url": "https://www.openstreetmap.org/edit?editor=id&way=704252747#map=20/59.9013363/10.7526179"}}, {"type": "Feature", "geometry": {"type": "Point", "coordinates": [10.7528613, 59.9012812]}, "properties": {"id": 704252748, "feat_type": "way", "quality_categories": "older_than_five_years", "issue_ids": "[238]", "osm_url": "https://www.openstreetmap.org/way/704252748", "josm_url": "http://127.0.0.1:8111/load_object?new_layer=false&objects=w704252748", "id_url": "https://www.openstreetmap.org/edit?editor=id&way=704252748#map=20/59.9012812/10.7528613"}}, {"type": "Feature", "geometry": {"type": "Point", "coordinates": [10.7541119, 59.9028334]}, "properties": {"id": 704252752, "feat_type": "way", "quality_categories": "older_than_five_years", "issue_ids": "[238]", "osm_url": "https://www.openstreetmap.org/way/704252752", "josm_url": "http://127.0.0.1:8111/load_object?new_layer=false&objects=w704252752", "id_url": "https://www.openstreetmap.org/edit?editor=id&way=704252752#map=20/59.9028334/10.7541119"}}, {"type": "Feature", "geometry": {"type": "Point", "coordinates": [10.7538946, 59.9028615]}, "properties": {"id": 704252753, "feat_type": "way", "quality_categories": "older_than_five_years", "issue_ids": "[238]", "osm_url": "https://www.openstreetmap.org/way/704252753", "josm_url": "http://127.0.0.1:8111/load_object?new_layer=false&objects=w704252753", "id_url": "https://www.openstreetmap.org/edit?editor=id&way=704252753#map=20/59.9028615/10.7538946"}}, {"type": "Feature", "geometry": {"type": "Point", "coordinates": [10.7553697, 59.9030578]}, "properties": {"id": 704252754, "feat_type": "way", "quality_categories": "older_than_five_years", "issue_ids": "[238]", "osm_url": "https://www.openstreetmap.org/way/704252754", "josm_url": "http://127.0.0.1:8111/load_object?new_layer=false&objects=w704252754", "id_url": "https://www.openstreetmap.org/edit?editor=id&way=704252754#map=20/59.9030578/10.7553697"}}, {"type": "Feature", "geometry": {"type": "Point", "coordinates": [10.7389815, 59.9282647]}, "properties": {"id": 707283466, "feat_type": "way", "quality_categories": "older_than_five_years", "issue_ids": "[37]", "osm_url": "https://www.openstreetmap.org/way/707283466", "josm_url": "http://127.0.0.1:8111/load_object?new_layer=false&objects=w707283466", "id_url": "https://www.openstreetmap.org/edit?editor=id&way=707283466#map=20/59.9282647/10.7389815"}}, {"type": "Feature", "geometry": {"type": "Point", "coordinates": [10.8254327, 59.9482835]}, "properties": {"id": 707283468, "feat_type": "way", "quality_categories": "older_than_five_years", "issue_ids": "[46]", "osm_url": "https://www.openstreetmap.org/way/707283468", "josm_url": "http://127.0.0.1:8111/load_object?new_layer=false&objects=w707283468", "id_url": "https://www.openstreetmap.org/edit?editor=id&way=707283468#map=20/59.9482835/10.8254327"}}, {"type": "Feature", "geometry": {"type": "Point", "coordinates": [10.8289556, 59.9484253]}, "properties": {"id": 707284402, "feat_type": "way", "quality_categories": "older_than_five_years", "issue_ids": "[85]", "osm_url": "https://www.openstreetmap.org/way/707284402", "josm_url": "http://127.0.0.1:8111/load_object?new_layer=false&objects=w707284402", "id_url": "https://www.openstreetmap.org/edit?editor=id&way=707284402#map=20/59.9484253/10.8289556"}}, {"type": "Feature", "geometry": {"type": "Point", "coordinates": [10.8273422, 59.946074]}, "properties": {"id": 707284796, "feat_type": "way", "quality_categories": "older_than_five_years", "issue_ids": "[85]", "osm_url": "https://www.openstreetmap.org/way/707284796", "josm_url": "http://127.0.0.1:8111/load_object?new_layer=false&objects=w707284796", "id_url": "https://www.openstreetmap.org/edit?editor=id&way=707284796#map=20/59.946074/10.8273422"}}, {"type": "Feature", "geometry": {"type": "Point", "coordinates": [10.8040137, 59.8992769]}, "properties": {"id": 708614895, "feat_type": "way", "quality_categories": "older_than_five_years", "issue_ids": "[423]", "osm_url": "https://www.openstreetmap.org/way/708614895", "josm_url": "http://127.0.0.1:8111/load_object?new_layer=false&objects=w708614895", "id_url": "https://www.openstreetmap.org/edit?editor=id&way=708614895#map=20/59.8992769/10.8040137"}}, {"type": "Feature", "geometry": {"type": "Point", "coordinates": [10.7959265, 59.9001531]}, "properties": {"id": 708614915, "feat_type": "way", "quality_categories": "older_than_five_years", "issue_ids": "[423]", "osm_url": "https://www.openstreetmap.org/way/708614915", "josm_url": "http://127.0.0.1:8111/load_object?new_layer=false&objects=w708614915", "id_url": "https://www.openstreetmap.org/edit?editor=id&way=708614915#map=20/59.9001531/10.7959265"}}, {"type": "Feature", "geometry": {"type": "Point", "coordinates": [10.8054728, 59.899016]}, "properties": {"id": 708656986, "feat_type": "way", "quality_categories": "older_than_five_years", "issue_ids": "[423]", "osm_url": "https://www.openstreetmap.org/way/708656986", "josm_url": "http://127.0.0.1:8111/load_object?new_layer=false&objects=w708656986", "id_url": "https://www.openstreetmap.org/edit?editor=id&way=708656986#map=20/59.899016/10.8054728"}}, {"type": "Feature", "geometry": {"type": "Point", "coordinates": [10.8046849, 59.8988993]}, "properties": {"id": 708656988, "feat_type": "way", "quality_categories": "older_than_five_years", "issue_ids": "[423]", "osm_url": "https://www.openstreetmap.org/way/708656988", "josm_url": "http://127.0.0.1:8111/load_object?new_layer=false&objects=w708656988", "id_url": "https://www.openstreetmap.org/edit?editor=id&way=708656988#map=20/59.8988993/10.8046849"}}, {"type": "Feature", "geometry": {"type": "Point", "coordinates": [10.8057129, 59.8976334]}, "properties": {"id": 708656990, "feat_type": "way", "quality_categories": "older_than_five_years", "issue_ids": "[423]", "osm_url": "https://www.openstreetmap.org/way/708656990", "josm_url": "http://127.0.0.1:8111/load_object?new_layer=false&objects=w708656990", "id_url": "https://www.openstreetmap.org/edit?editor=id&way=708656990#map=20/59.8976334/10.8057129"}}, {"type": "Feature", "geometry": {"type": "Point", "coordinates": [10.8075149, 59.9010372]}, "properties": {"id": 708713858, "feat_type": "way", "quality_categories": "older_than_five_years", "issue_ids": "[183]", "osm_url": "https://www.openstreetmap.org/way/708713858", "josm_url": "http://127.0.0.1:8111/load_object?new_layer=false&objects=w708713858", "id_url": "https://www.openstreetmap.org/edit?editor=id&way=708713858#map=20/59.9010372/10.8075149"}}, {"type": "Feature", "geometry": {"type": "Point", "coordinates": [10.8018609, 59.9035162]}, "properties": {"id": 708713860, "feat_type": "way", "quality_categories": "older_than_five_years", "issue_ids": "[183]", "osm_url": "https://www.openstreetmap.org/way/708713860", "josm_url": "http://127.0.0.1:8111/load_object?new_layer=false&objects=w708713860", "id_url": "https://www.openstreetmap.org/edit?editor=id&way=708713860#map=20/59.9035162/10.8018609"}}, {"type": "Feature", "geometry": {"type": "Point", "coordinates": [10.8033538, 59.9040156]}, "properties": {"id": 708713862, "feat_type": "way", "quality_categories": "older_than_five_years", "issue_ids": "[183]", "osm_url": "https://www.openstreetmap.org/way/708713862", "josm_url": "http://127.0.0.1:8111/load_object?new_layer=false&objects=w708713862", "id_url": "https://www.openstreetmap.org/edit?editor=id&way=708713862#map=20/59.9040156/10.8033538"}}, {"type": "Feature", "geometry": {"type": "Point", "coordinates": [10.8031815, 59.9017686]}, "properties": {"id": 708713863, "feat_type": "way", "quality_categories": "older_than_five_years", "issue_ids": "[183]", "osm_url": "https://www.openstreetmap.org/way/708713863", "josm_url": "http://127.0.0.1:8111/load_object?new_layer=false&objects=w708713863", "id_url": "https://www.openstreetmap.org/edit?editor=id&way=708713863#map=20/59.9017686/10.8031815"}}, {"type": "Feature", "geometry": {"type": "Point", "coordinates": [10.8027219, 59.9019366]}, "properties": {"id": 708713865, "feat_type": "way", "quality_categories": "older_than_five_years", "issue_ids": "[183]", "osm_url": "https://www.openstreetmap.org/way/708713865", "josm_url": "http://127.0.0.1:8111/load_object?new_layer=false&objects=w708713865", "id_url": "https://www.openstreetmap.org/edit?editor=id&way=708713865#map=20/59.9019366/10.8027219"}}, {"type": "Feature", "geometry": {"type": "Point", "coordinates": [10.8036343, 59.9021372]}, "properties": {"id": 708713866, "feat_type": "way", "quality_categories": "older_than_five_years", "issue_ids": "[183]", "osm_url": "https://www.openstreetmap.org/way/708713866", "josm_url": "http://127.0.0.1:8111/load_object?new_layer=false&objects=w708713866", "id_url": "https://www.openstreetmap.org/edit?editor=id&way=708713866#map=20/59.9021372/10.8036343"}}, {"type": "Feature", "geometry": {"type": "Point", "coordinates": [10.8053615, 59.9001206]}, "properties": {"id": 708713867, "feat_type": "way", "quality_categories": "older_than_five_years", "issue_ids": "[183]", "osm_url": "https://www.openstreetmap.org/way/708713867", "josm_url": "http://127.0.0.1:8111/load_object?new_layer=false&objects=w708713867", "id_url": "https://www.openstreetmap.org/edit?editor=id&way=708713867#map=20/59.9001206/10.8053615"}}, {"type": "Feature", "geometry": {"type": "Point", "coordinates": [10.8101338, 59.8941811]}, "properties": {"id": 708928915, "feat_type": "way", "quality_categories": "older_than_five_years", "issue_ids": "[183]", "osm_url": "https://www.openstreetmap.org/way/708928915", "josm_url": "http://127.0.0.1:8111/load_object?new_layer=false&objects=w708928915", "id_url": "https://www.openstreetmap.org/edit?editor=id&way=708928915#map=20/59.8941811/10.8101338"}}, {"type": "Feature", "geometry": {"type": "Point", "coordinates": [10.7940501, 59.9016524]}, "properties": {"id": 708995141, "feat_type": "way", "quality_categories": "older_than_five_years", "issue_ids": "[183]", "osm_url": "https://www.openstreetmap.org/way/708995141", "josm_url": "http://127.0.0.1:8111/load_object?new_layer=false&objects=w708995141", "id_url": "https://www.openstreetmap.org/edit?editor=id&way=708995141#map=20/59.9016524/10.7940501"}}, {"type": "Feature", "geometry": {"type": "Point", "coordinates": [10.7905383, 59.9018154]}, "properties": {"id": 708995150, "feat_type": "way", "quality_categories": "older_than_five_years", "issue_ids": "[183]", "osm_url": "https://www.openstreetmap.org/way/708995150", "josm_url": "http://127.0.0.1:8111/load_object?new_layer=false&objects=w708995150", "id_url": "https://www.openstreetmap.org/edit?editor=id&way=708995150#map=20/59.9018154/10.7905383"}}, {"type": "Feature", "geometry": {"type": "Point", "coordinates": [10.7958692, 59.902327]}, "properties": {"id": 708995151, "feat_type": "way", "quality_categories": "older_than_five_years", "issue_ids": "[424]", "osm_url": "https://www.openstreetmap.org/way/708995151", "josm_url": "http://127.0.0.1:8111/load_object?new_layer=false&objects=w708995151", "id_url": "https://www.openstreetmap.org/edit?editor=id&way=708995151#map=20/59.902327/10.7958692"}}, {"type": "Feature", "geometry": {"type": "Point", "coordinates": [10.8113084, 59.9014746]}, "properties": {"id": 709245473, "feat_type": "way", "quality_categories": "older_than_five_years", "issue_ids": "[126]", "osm_url": "https://www.openstreetmap.org/way/709245473", "josm_url": "http://127.0.0.1:8111/load_object?new_layer=false&objects=w709245473", "id_url": "https://www.openstreetmap.org/edit?editor=id&way=709245473#map=20/59.9014746/10.8113084"}}, {"type": "Feature", "geometry": {"type": "Point", "coordinates": [10.8090663, 59.9012822]}, "properties": {"id": 709245474, "feat_type": "way", "quality_categories": "older_than_five_years", "issue_ids": "[425]", "osm_url": "https://www.openstreetmap.org/way/709245474", "josm_url": "http://127.0.0.1:8111/load_object?new_layer=false&objects=w709245474", "id_url": "https://www.openstreetmap.org/edit?editor=id&way=709245474#map=20/59.9012822/10.8090663"}}, {"type": "Feature", "geometry": {"type": "Point", "coordinates": [10.8141156, 59.9017086]}, "properties": {"id": 709245475, "feat_type": "way", "quality_categories": "older_than_five_years", "issue_ids": "[126]", "osm_url": "https://www.openstreetmap.org/way/709245475", "josm_url": "http://127.0.0.1:8111/load_object?new_layer=false&objects=w709245475", "id_url": "https://www.openstreetmap.org/edit?editor=id&way=709245475#map=20/59.9017086/10.8141156"}}, {"type": "Feature", "geometry": {"type": "Point", "coordinates": [10.8148448, 59.9024242]}, "properties": {"id": 709245476, "feat_type": "way", "quality_categories": "older_than_five_years", "issue_ids": "[22]", "osm_url": "https://www.openstreetmap.org/way/709245476", "josm_url": "http://127.0.0.1:8111/load_object?new_layer=false&objects=w709245476", "id_url": "https://www.openstreetmap.org/edit?editor=id&way=709245476#map=20/59.9024242/10.8148448"}}, {"type": "Feature", "geometry": {"type": "Point", "coordinates": [10.7908739, 59.9052349]}, "properties": {"id": 709823775, "feat_type": "way", "quality_categories": "older_than_five_years", "issue_ids": "[49]", "osm_url": "https://www.openstreetmap.org/way/709823775", "josm_url": "http://127.0.0.1:8111/load_object?new_layer=false&objects=w709823775", "id_url": "https://www.openstreetmap.org/edit?editor=id&way=709823775#map=20/59.9052349/10.7908739"}}, {"type": "Feature", "geometry": {"type": "Point", "coordinates": [10.7898094, 59.9053714]}, "properties": {"id": 709823782, "feat_type": "way", "quality_categories": "older_than_five_years", "issue_ids": "[100]", "osm_url": "https://www.openstreetmap.org/way/709823782", "josm_url": "http://127.0.0.1:8111/load_object?new_layer=false&objects=w709823782", "id_url": "https://www.openstreetmap.org/edit?editor=id&way=709823782#map=20/59.9053714/10.7898094"}}, {"type": "Feature", "geometry": {"type": "Point", "coordinates": [10.7868811, 59.9055695]}, "properties": {"id": 709823795, "feat_type": "way", "quality_categories": "older_than_five_years", "issue_ids": "[426]", "osm_url": "https://www.openstreetmap.org/way/709823795", "josm_url": "http://127.0.0.1:8111/load_object?new_layer=false&objects=w709823795", "id_url": "https://www.openstreetmap.org/edit?editor=id&way=709823795#map=20/59.9055695/10.7868811"}}, {"type": "Feature", "geometry": {"type": "Point", "coordinates": [10.7990502, 59.9056509]}, "properties": {"id": 709873570, "feat_type": "way", "quality_categories": "older_than_five_years", "issue_ids": "[426]", "osm_url": "https://www.openstreetmap.org/way/709873570", "josm_url": "http://127.0.0.1:8111/load_object?new_layer=false&objects=w709873570", "id_url": "https://www.openstreetmap.org/edit?editor=id&way=709873570#map=20/59.9056509/10.7990502"}}, {"type": "Feature", "geometry": {"type": "Point", "coordinates": [10.7931326, 59.9050688]}, "properties": {"id": 709873571, "feat_type": "way", "quality_categories": "older_than_five_years", "issue_ids": "[49]", "osm_url": "https://www.openstreetmap.org/way/709873571", "josm_url": "http://127.0.0.1:8111/load_object?new_layer=false&objects=w709873571", "id_url": "https://www.openstreetmap.org/edit?editor=id&way=709873571#map=20/59.9050688/10.7931326"}}, {"type": "Feature", "geometry": {"type": "Point", "coordinates": [10.7928205, 59.9029126]}, "properties": {"id": 709886458, "feat_type": "way", "quality_categories": "older_than_five_years", "issue_ids": "[426]", "osm_url": "https://www.openstreetmap.org/way/709886458", "josm_url": "http://127.0.0.1:8111/load_object?new_layer=false&objects=w709886458", "id_url": "https://www.openstreetmap.org/edit?editor=id&way=709886458#map=20/59.9029126/10.7928205"}}, {"type": "Feature", "geometry": {"type": "Point", "coordinates": [10.7920936, 59.9023014]}, "properties": {"id": 709886459, "feat_type": "way", "quality_categories": "older_than_five_years", "issue_ids": "[427]", "osm_url": "https://www.openstreetmap.org/way/709886459", "josm_url": "http://127.0.0.1:8111/load_object?new_layer=false&objects=w709886459", "id_url": "https://www.openstreetmap.org/edit?editor=id&way=709886459#map=20/59.9023014/10.7920936"}}, {"type": "Feature", "geometry": {"type": "Point", "coordinates": [10.7931373, 59.9030432]}, "properties": {"id": 709886460, "feat_type": "way", "quality_categories": "older_than_five_years", "issue_ids": "[160]", "osm_url": "https://www.openstreetmap.org/way/709886460", "josm_url": "http://127.0.0.1:8111/load_object?new_layer=false&objects=w709886460", "id_url": "https://www.openstreetmap.org/edit?editor=id&way=709886460#map=20/59.9030432/10.7931373"}}, {"type": "Feature", "geometry": {"type": "Point", "coordinates": [10.7914167, 59.9029289]}, "properties": {"id": 709886465, "feat_type": "way", "quality_categories": "older_than_five_years", "issue_ids": "[41]", "osm_url": "https://www.openstreetmap.org/way/709886465", "josm_url": "http://127.0.0.1:8111/load_object?new_layer=false&objects=w709886465", "id_url": "https://www.openstreetmap.org/edit?editor=id&way=709886465#map=20/59.9029289/10.7914167"}}, {"type": "Feature", "geometry": {"type": "Point", "coordinates": [10.7825326, 59.8857171]}, "properties": {"id": 709924038, "feat_type": "way", "quality_categories": "older_than_five_years", "issue_ids": "[426]", "osm_url": "https://www.openstreetmap.org/way/709924038", "josm_url": "http://127.0.0.1:8111/load_object?new_layer=false&objects=w709924038", "id_url": "https://www.openstreetmap.org/edit?editor=id&way=709924038#map=20/59.8857171/10.7825326"}}, {"type": "Feature", "geometry": {"type": "Point", "coordinates": [10.7793159, 59.8858634]}, "properties": {"id": 709924039, "feat_type": "way", "quality_categories": "older_than_five_years", "issue_ids": "[428]", "osm_url": "https://www.openstreetmap.org/way/709924039", "josm_url": "http://127.0.0.1:8111/load_object?new_layer=false&objects=w709924039", "id_url": "https://www.openstreetmap.org/edit?editor=id&way=709924039#map=20/59.8858634/10.7793159"}}, {"type": "Feature", "geometry": {"type": "Point", "coordinates": [10.7846632, 59.8856208]}, "properties": {"id": 709924040, "feat_type": "way", "quality_categories": "older_than_five_years", "issue_ids": "[426]", "osm_url": "https://www.openstreetmap.org/way/709924040", "josm_url": "http://127.0.0.1:8111/load_object?new_layer=false&objects=w709924040", "id_url": "https://www.openstreetmap.org/edit?editor=id&way=709924040#map=20/59.8856208/10.7846632"}}, {"type": "Feature", "geometry": {"type": "Point", "coordinates": [10.7970339, 59.8910447]}, "properties": {"id": 710347669, "feat_type": "way", "quality_categories": "older_than_five_years", "issue_ids": "[426]", "osm_url": "https://www.openstreetmap.org/way/710347669", "josm_url": "http://127.0.0.1:8111/load_object?new_layer=false&objects=w710347669", "id_url": "https://www.openstreetmap.org/edit?editor=id&way=710347669#map=20/59.8910447/10.7970339"}}, {"type": "Feature", "geometry": {"type": "Point", "coordinates": [10.7921439, 59.8909647]}, "properties": {"id": 710459339, "feat_type": "way", "quality_categories": "older_than_five_years", "issue_ids": "[187]", "osm_url": "https://www.openstreetmap.org/way/710459339", "josm_url": "http://127.0.0.1:8111/load_object?new_layer=false&objects=w710459339", "id_url": "https://www.openstreetmap.org/edit?editor=id&way=710459339#map=20/59.8909647/10.7921439"}}, {"type": "Feature", "geometry": {"type": "Point", "coordinates": [10.7927839, 59.8905124]}, "properties": {"id": 710459341, "feat_type": "way", "quality_categories": "older_than_five_years", "issue_ids": "[187]", "osm_url": "https://www.openstreetmap.org/way/710459341", "josm_url": "http://127.0.0.1:8111/load_object?new_layer=false&objects=w710459341", "id_url": "https://www.openstreetmap.org/edit?editor=id&way=710459341#map=20/59.8905124/10.7927839"}}, {"type": "Feature", "geometry": {"type": "Point", "coordinates": [10.7861551, 59.895317]}, "properties": {"id": 710478930, "feat_type": "way", "quality_categories": "older_than_five_years", "issue_ids": "[187]", "osm_url": "https://www.openstreetmap.org/way/710478930", "josm_url": "http://127.0.0.1:8111/load_object?new_layer=false&objects=w710478930", "id_url": "https://www.openstreetmap.org/edit?editor=id&way=710478930#map=20/59.895317/10.7861551"}}, {"type": "Feature", "geometry": {"type": "Point", "coordinates": [10.9311081, 59.9770783]}, "properties": {"id": 710669830, "feat_type": "way", "quality_categories": "older_than_five_years", "issue_ids": "[191]", "osm_url": "https://www.openstreetmap.org/way/710669830", "josm_url": "http://127.0.0.1:8111/load_object?new_layer=false&objects=w710669830", "id_url": "https://www.openstreetmap.org/edit?editor=id&way=710669830#map=20/59.9770783/10.9311081"}}, {"type": "Feature", "geometry": {"type": "Point", "coordinates": [10.9307447, 59.9764472]}, "properties": {"id": 710669858, "feat_type": "way", "quality_categories": "older_than_five_years", "issue_ids": "[191]", "osm_url": "https://www.openstreetmap.org/way/710669858", "josm_url": "http://127.0.0.1:8111/load_object?new_layer=false&objects=w710669858", "id_url": "https://www.openstreetmap.org/edit?editor=id&way=710669858#map=20/59.9764472/10.9307447"}}, {"type": "Feature", "geometry": {"type": "Point", "coordinates": [10.7988145, 59.9326472]}, "properties": {"id": 712153050, "feat_type": "way", "quality_categories": "older_than_five_years", "issue_ids": "[285]", "osm_url": "https://www.openstreetmap.org/way/712153050", "josm_url": "http://127.0.0.1:8111/load_object?new_layer=false&objects=w712153050", "id_url": "https://www.openstreetmap.org/edit?editor=id&way=712153050#map=20/59.9326472/10.7988145"}}, {"type": "Feature", "geometry": {"type": "Point", "coordinates": [10.8031167, 59.9307604]}, "properties": {"id": 712159131, "feat_type": "way", "quality_categories": "older_than_five_years", "issue_ids": "[429]", "osm_url": "https://www.openstreetmap.org/way/712159131", "josm_url": "http://127.0.0.1:8111/load_object?new_layer=false&objects=w712159131", "id_url": "https://www.openstreetmap.org/edit?editor=id&way=712159131#map=20/59.9307604/10.8031167"}}, {"type": "Feature", "geometry": {"type": "Point", "coordinates": [10.8028141, 59.9308294]}, "properties": {"id": 712159132, "feat_type": "way", "quality_categories": "older_than_five_years", "issue_ids": "[285]", "osm_url": "https://www.openstreetmap.org/way/712159132", "josm_url": "http://127.0.0.1:8111/load_object?new_layer=false&objects=w712159132", "id_url": "https://www.openstreetmap.org/edit?editor=id&way=712159132#map=20/59.9308294/10.8028141"}}, {"type": "Feature", "geometry": {"type": "Point", "coordinates": [10.7747392, 59.9041533]}, "properties": {"id": 712575242, "feat_type": "way", "quality_categories": "older_than_five_years", "issue_ids": "[325]", "osm_url": "https://www.openstreetmap.org/way/712575242", "josm_url": "http://127.0.0.1:8111/load_object?new_layer=false&objects=w712575242", "id_url": "https://www.openstreetmap.org/edit?editor=id&way=712575242#map=20/59.9041533/10.7747392"}}, {"type": "Feature", "geometry": {"type": "Point", "coordinates": [10.7745825, 59.9040574]}, "properties": {"id": 712575243, "feat_type": "way", "quality_categories": "older_than_five_years", "issue_ids": "[430]", "osm_url": "https://www.openstreetmap.org/way/712575243", "josm_url": "http://127.0.0.1:8111/load_object?new_layer=false&objects=w712575243", "id_url": "https://www.openstreetmap.org/edit?editor=id&way=712575243#map=20/59.9040574/10.7745825"}}, {"type": "Feature", "geometry": {"type": "Point", "coordinates": [10.7708566, 59.9050834]}, "properties": {"id": 712575245, "feat_type": "way", "quality_categories": "older_than_five_years", "issue_ids": "[325]", "osm_url": "https://www.openstreetmap.org/way/712575245", "josm_url": "http://127.0.0.1:8111/load_object?new_layer=false&objects=w712575245", "id_url": "https://www.openstreetmap.org/edit?editor=id&way=712575245#map=20/59.9050834/10.7708566"}}, {"type": "Feature", "geometry": {"type": "Point", "coordinates": [10.7876807, 59.9027533]}, "properties": {"id": 712624819, "feat_type": "way", "quality_categories": "older_than_five_years", "issue_ids": "[325]", "osm_url": "https://www.openstreetmap.org/way/712624819", "josm_url": "http://127.0.0.1:8111/load_object?new_layer=false&objects=w712624819", "id_url": "https://www.openstreetmap.org/edit?editor=id&way=712624819#map=20/59.9027533/10.7876807"}}, {"type": "Feature", "geometry": {"type": "Point", "coordinates": [10.7882673, 59.9030045]}, "properties": {"id": 712624821, "feat_type": "way", "quality_categories": "older_than_five_years", "issue_ids": "[325]", "osm_url": "https://www.openstreetmap.org/way/712624821", "josm_url": "http://127.0.0.1:8111/load_object?new_layer=false&objects=w712624821", "id_url": "https://www.openstreetmap.org/edit?editor=id&way=712624821#map=20/59.9030045/10.7882673"}}, {"type": "Feature", "geometry": {"type": "Point", "coordinates": [10.7885005, 59.9029743]}, "properties": {"id": 712645811, "feat_type": "way", "quality_categories": "older_than_five_years", "issue_ids": "[325]", "osm_url": "https://www.openstreetmap.org/way/712645811", "josm_url": "http://127.0.0.1:8111/load_object?new_layer=false&objects=w712645811", "id_url": "https://www.openstreetmap.org/edit?editor=id&way=712645811#map=20/59.9029743/10.7885005"}}, {"type": "Feature", "geometry": {"type": "Point", "coordinates": [10.7886086, 59.9035773]}, "properties": {"id": 712645812, "feat_type": "way", "quality_categories": "older_than_five_years", "issue_ids": "[325]", "osm_url": "https://www.openstreetmap.org/way/712645812", "josm_url": "http://127.0.0.1:8111/load_object?new_layer=false&objects=w712645812", "id_url": "https://www.openstreetmap.org/edit?editor=id&way=712645812#map=20/59.9035773/10.7886086"}}, {"type": "Feature", "geometry": {"type": "Point", "coordinates": [10.7886202, 59.9035973]}, "properties": {"id": 712645813, "feat_type": "way", "quality_categories": "older_than_five_years", "issue_ids": "[160]", "osm_url": "https://www.openstreetmap.org/way/712645813", "josm_url": "http://127.0.0.1:8111/load_object?new_layer=false&objects=w712645813", "id_url": "https://www.openstreetmap.org/edit?editor=id&way=712645813#map=20/59.9035973/10.7886202"}}, {"type": "Feature", "geometry": {"type": "Point", "coordinates": [10.7702712, 59.9065613]}, "properties": {"id": 712697965, "feat_type": "way", "quality_categories": "older_than_five_years", "issue_ids": "[325]", "osm_url": "https://www.openstreetmap.org/way/712697965", "josm_url": "http://127.0.0.1:8111/load_object?new_layer=false&objects=w712697965", "id_url": "https://www.openstreetmap.org/edit?editor=id&way=712697965#map=20/59.9065613/10.7702712"}}, {"type": "Feature", "geometry": {"type": "Point", "coordinates": [10.7692694, 59.907289]}, "properties": {"id": 712697966, "feat_type": "way", "quality_categories": "older_than_five_years", "issue_ids": "[230]", "osm_url": "https://www.openstreetmap.org/way/712697966", "josm_url": "http://127.0.0.1:8111/load_object?new_layer=false&objects=w712697966", "id_url": "https://www.openstreetmap.org/edit?editor=id&way=712697966#map=20/59.907289/10.7692694"}}, {"type": "Feature", "geometry": {"type": "Point", "coordinates": [10.7723192, 59.9064072]}, "properties": {"id": 712697976, "feat_type": "way", "quality_categories": "older_than_five_years", "issue_ids": "[325]", "osm_url": "https://www.openstreetmap.org/way/712697976", "josm_url": "http://127.0.0.1:8111/load_object?new_layer=false&objects=w712697976", "id_url": "https://www.openstreetmap.org/edit?editor=id&way=712697976#map=20/59.9064072/10.7723192"}}, {"type": "Feature", "geometry": {"type": "Point", "coordinates": [10.7703147, 59.9072065]}, "properties": {"id": 713156575, "feat_type": "way", "quality_categories": "older_than_five_years", "issue_ids": "[230]", "osm_url": "https://www.openstreetmap.org/way/713156575", "josm_url": "http://127.0.0.1:8111/load_object?new_layer=false&objects=w713156575", "id_url": "https://www.openstreetmap.org/edit?editor=id&way=713156575#map=20/59.9072065/10.7703147"}}, {"type": "Feature", "geometry": {"type": "Point", "coordinates": [10.7719593, 59.9067876]}, "properties": {"id": 713156576, "feat_type": "way", "quality_categories": "older_than_five_years", "issue_ids": "[230]", "osm_url": "https://www.openstreetmap.org/way/713156576", "josm_url": "http://127.0.0.1:8111/load_object?new_layer=false&objects=w713156576", "id_url": "https://www.openstreetmap.org/edit?editor=id&way=713156576#map=20/59.9067876/10.7719593"}}, {"type": "Feature", "geometry": {"type": "Point", "coordinates": [10.8774435, 59.9624941]}, "properties": {"id": 713485108, "feat_type": "way", "quality_categories": "older_than_five_years", "issue_ids": "[46]", "osm_url": "https://www.openstreetmap.org/way/713485108", "josm_url": "http://127.0.0.1:8111/load_object?new_layer=false&objects=w713485108", "id_url": "https://www.openstreetmap.org/edit?editor=id&way=713485108#map=20/59.9624941/10.8774435"}}, {"type": "Feature", "geometry": {"type": "Point", "coordinates": [10.8717042, 59.9671548]}, "properties": {"id": 713485111, "feat_type": "way", "quality_categories": "older_than_five_years", "issue_ids": "[46]", "osm_url": "https://www.openstreetmap.org/way/713485111", "josm_url": "http://127.0.0.1:8111/load_object?new_layer=false&objects=w713485111", "id_url": "https://www.openstreetmap.org/edit?editor=id&way=713485111#map=20/59.9671548/10.8717042"}}, {"type": "Feature", "geometry": {"type": "Point", "coordinates": [10.7668152, 59.9052756]}, "properties": {"id": 714727691, "feat_type": "way", "quality_categories": "older_than_five_years", "issue_ids": "[47]", "osm_url": "https://www.openstreetmap.org/way/714727691", "josm_url": "http://127.0.0.1:8111/load_object?new_layer=false&objects=w714727691", "id_url": "https://www.openstreetmap.org/edit?editor=id&way=714727691#map=20/59.9052756/10.7668152"}}, {"type": "Feature", "geometry": {"type": "Point", "coordinates": [10.7672044, 59.9053169]}, "properties": {"id": 714727698, "feat_type": "way", "quality_categories": "older_than_five_years", "issue_ids": "[47]", "osm_url": "https://www.openstreetmap.org/way/714727698", "josm_url": "http://127.0.0.1:8111/load_object?new_layer=false&objects=w714727698", "id_url": "https://www.openstreetmap.org/edit?editor=id&way=714727698#map=20/59.9053169/10.7672044"}}, {"type": "Feature", "geometry": {"type": "Point", "coordinates": [10.7660329, 59.9045863]}, "properties": {"id": 714955597, "feat_type": "way", "quality_categories": "older_than_five_years", "issue_ids": "[47]", "osm_url": "https://www.openstreetmap.org/way/714955597", "josm_url": "http://127.0.0.1:8111/load_object?new_layer=false&objects=w714955597", "id_url": "https://www.openstreetmap.org/edit?editor=id&way=714955597#map=20/59.9045863/10.7660329"}}, {"type": "Feature", "geometry": {"type": "Point", "coordinates": [10.7667625, 59.904548]}, "properties": {"id": 714955598, "feat_type": "way", "quality_categories": "older_than_five_years", "issue_ids": "[47]", "osm_url": "https://www.openstreetmap.org/way/714955598", "josm_url": "http://127.0.0.1:8111/load_object?new_layer=false&objects=w714955598", "id_url": "https://www.openstreetmap.org/edit?editor=id&way=714955598#map=20/59.904548/10.7667625"}}, {"type": "Feature", "geometry": {"type": "Point", "coordinates": [10.767503, 59.9037464]}, "properties": {"id": 714955607, "feat_type": "way", "quality_categories": "older_than_five_years", "issue_ids": "[47]", "osm_url": "https://www.openstreetmap.org/way/714955607", "josm_url": "http://127.0.0.1:8111/load_object?new_layer=false&objects=w714955607", "id_url": "https://www.openstreetmap.org/edit?editor=id&way=714955607#map=20/59.9037464/10.767503"}}, {"type": "Feature", "geometry": {"type": "Point", "coordinates": [10.7669865, 59.9041018]}, "properties": {"id": 714955608, "feat_type": "way", "quality_categories": "older_than_five_years", "issue_ids": "[48]", "osm_url": "https://www.openstreetmap.org/way/714955608", "josm_url": "http://127.0.0.1:8111/load_object?new_layer=false&objects=w714955608", "id_url": "https://www.openstreetmap.org/edit?editor=id&way=714955608#map=20/59.9041018/10.7669865"}}, {"type": "Feature", "geometry": {"type": "Point", "coordinates": [10.7671152, 59.9046714]}, "properties": {"id": 714955609, "feat_type": "way", "quality_categories": "older_than_five_years", "issue_ids": "[47]", "osm_url": "https://www.openstreetmap.org/way/714955609", "josm_url": "http://127.0.0.1:8111/load_object?new_layer=false&objects=w714955609", "id_url": "https://www.openstreetmap.org/edit?editor=id&way=714955609#map=20/59.9046714/10.7671152"}}, {"type": "Feature", "geometry": {"type": "Point", "coordinates": [10.7672386, 59.9051952]}, "properties": {"id": 714955611, "feat_type": "way", "quality_categories": "older_than_five_years", "issue_ids": "[47]", "osm_url": "https://www.openstreetmap.org/way/714955611", "josm_url": "http://127.0.0.1:8111/load_object?new_layer=false&objects=w714955611", "id_url": "https://www.openstreetmap.org/edit?editor=id&way=714955611#map=20/59.9051952/10.7672386"}}, {"type": "Feature", "geometry": {"type": "Point", "coordinates": [10.767604, 59.9034811]}, "properties": {"id": 715007020, "feat_type": "way", "quality_categories": "older_than_five_years", "issue_ids": "[35]", "osm_url": "https://www.openstreetmap.org/way/715007020", "josm_url": "http://127.0.0.1:8111/load_object?new_layer=false&objects=w715007020", "id_url": "https://www.openstreetmap.org/edit?editor=id&way=715007020#map=20/59.9034811/10.767604"}}, {"type": "Feature", "geometry": {"type": "Point", "coordinates": [10.7955059, 59.8349701]}, "properties": {"id": 717904768, "feat_type": "way", "quality_categories": "older_than_five_years", "issue_ids": "[431]", "osm_url": "https://www.openstreetmap.org/way/717904768", "josm_url": "http://127.0.0.1:8111/load_object?new_layer=false&objects=w717904768", "id_url": "https://www.openstreetmap.org/edit?editor=id&way=717904768#map=20/59.8349701/10.7955059"}}, {"type": "Feature", "geometry": {"type": "Point", "coordinates": [10.7727934, 59.9024847]}, "properties": {"id": 718098052, "feat_type": "way", "quality_categories": "older_than_five_years", "issue_ids": "[35]", "osm_url": "https://www.openstreetmap.org/way/718098052", "josm_url": "http://127.0.0.1:8111/load_object?new_layer=false&objects=w718098052", "id_url": "https://www.openstreetmap.org/edit?editor=id&way=718098052#map=20/59.9024847/10.7727934"}}, {"type": "Feature", "geometry": {"type": "Point", "coordinates": [10.7724069, 59.9033022]}, "properties": {"id": 718098053, "feat_type": "way", "quality_categories": "older_than_five_years", "issue_ids": "[35]", "osm_url": "https://www.openstreetmap.org/way/718098053", "josm_url": "http://127.0.0.1:8111/load_object?new_layer=false&objects=w718098053", "id_url": "https://www.openstreetmap.org/edit?editor=id&way=718098053#map=20/59.9033022/10.7724069"}}, {"type": "Feature", "geometry": {"type": "Point", "coordinates": [10.7719006, 59.9033602]}, "properties": {"id": 718098072, "feat_type": "way", "quality_categories": "older_than_five_years", "issue_ids": "[229]", "osm_url": "https://www.openstreetmap.org/way/718098072", "josm_url": "http://127.0.0.1:8111/load_object?new_layer=false&objects=w718098072", "id_url": "https://www.openstreetmap.org/edit?editor=id&way=718098072#map=20/59.9033602/10.7719006"}}, {"type": "Feature", "geometry": {"type": "Point", "coordinates": [10.7695781, 59.90309]}, "properties": {"id": 718098077, "feat_type": "way", "quality_categories": "older_than_five_years", "issue_ids": "[35]", "osm_url": "https://www.openstreetmap.org/way/718098077", "josm_url": "http://127.0.0.1:8111/load_object?new_layer=false&objects=w718098077", "id_url": "https://www.openstreetmap.org/edit?editor=id&way=718098077#map=20/59.90309/10.7695781"}}, {"type": "Feature", "geometry": {"type": "Point", "coordinates": [10.7782256, 59.9011736]}, "properties": {"id": 718225116, "feat_type": "way", "quality_categories": "older_than_five_years", "issue_ids": "[432]", "osm_url": "https://www.openstreetmap.org/way/718225116", "josm_url": "http://127.0.0.1:8111/load_object?new_layer=false&objects=w718225116", "id_url": "https://www.openstreetmap.org/edit?editor=id&way=718225116#map=20/59.9011736/10.7782256"}}, {"type": "Feature", "geometry": {"type": "Point", "coordinates": [10.7753757, 59.9016908]}, "properties": {"id": 718225126, "feat_type": "way", "quality_categories": "older_than_five_years", "issue_ids": "[433]", "osm_url": "https://www.openstreetmap.org/way/718225126", "josm_url": "http://127.0.0.1:8111/load_object?new_layer=false&objects=w718225126", "id_url": "https://www.openstreetmap.org/edit?editor=id&way=718225126#map=20/59.9016908/10.7753757"}}, {"type": "Feature", "geometry": {"type": "Point", "coordinates": [10.7752215, 59.9016624]}, "properties": {"id": 718225129, "feat_type": "way", "quality_categories": "older_than_five_years", "issue_ids": "[433]", "osm_url": "https://www.openstreetmap.org/way/718225129", "josm_url": "http://127.0.0.1:8111/load_object?new_layer=false&objects=w718225129", "id_url": "https://www.openstreetmap.org/edit?editor=id&way=718225129#map=20/59.9016624/10.7752215"}}, {"type": "Feature", "geometry": {"type": "Point", "coordinates": [10.7826009, 59.9009574]}, "properties": {"id": 719030428, "feat_type": "way", "quality_categories": "older_than_five_years", "issue_ids": "[434]", "osm_url": "https://www.openstreetmap.org/way/719030428", "josm_url": "http://127.0.0.1:8111/load_object?new_layer=false&objects=w719030428", "id_url": "https://www.openstreetmap.org/edit?editor=id&way=719030428#map=20/59.9009574/10.7826009"}}, {"type": "Feature", "geometry": {"type": "Point", "coordinates": [10.7811002, 59.9003857]}, "properties": {"id": 719030429, "feat_type": "way", "quality_categories": "older_than_five_years", "issue_ids": "[434]", "osm_url": "https://www.openstreetmap.org/way/719030429", "josm_url": "http://127.0.0.1:8111/load_object?new_layer=false&objects=w719030429", "id_url": "https://www.openstreetmap.org/edit?editor=id&way=719030429#map=20/59.9003857/10.7811002"}}, {"type": "Feature", "geometry": {"type": "Point", "coordinates": [10.7814228, 59.9005733]}, "properties": {"id": 719030430, "feat_type": "way", "quality_categories": "older_than_five_years", "issue_ids": "[435]", "osm_url": "https://www.openstreetmap.org/way/719030430", "josm_url": "http://127.0.0.1:8111/load_object?new_layer=false&objects=w719030430", "id_url": "https://www.openstreetmap.org/edit?editor=id&way=719030430#map=20/59.9005733/10.7814228"}}, {"type": "Feature", "geometry": {"type": "Point", "coordinates": [10.7822897, 59.900943]}, "properties": {"id": 719030431, "feat_type": "way", "quality_categories": "older_than_five_years", "issue_ids": "[434]", "osm_url": "https://www.openstreetmap.org/way/719030431", "josm_url": "http://127.0.0.1:8111/load_object?new_layer=false&objects=w719030431", "id_url": "https://www.openstreetmap.org/edit?editor=id&way=719030431#map=20/59.900943/10.7822897"}}, {"type": "Feature", "geometry": {"type": "Point", "coordinates": [10.7795865, 59.9004242]}, "properties": {"id": 719030435, "feat_type": "way", "quality_categories": "older_than_five_years", "issue_ids": "[434]", "osm_url": "https://www.openstreetmap.org/way/719030435", "josm_url": "http://127.0.0.1:8111/load_object?new_layer=false&objects=w719030435", "id_url": "https://www.openstreetmap.org/edit?editor=id&way=719030435#map=20/59.9004242/10.7795865"}}, {"type": "Feature", "geometry": {"type": "Point", "coordinates": [10.7844798, 59.9012028]}, "properties": {"id": 719030438, "feat_type": "way", "quality_categories": "older_than_five_years", "issue_ids": "[434]", "osm_url": "https://www.openstreetmap.org/way/719030438", "josm_url": "http://127.0.0.1:8111/load_object?new_layer=false&objects=w719030438", "id_url": "https://www.openstreetmap.org/edit?editor=id&way=719030438#map=20/59.9012028/10.7844798"}}, {"type": "Feature", "geometry": {"type": "Point", "coordinates": [10.7738327, 59.9002616]}, "properties": {"id": 719431520, "feat_type": "way", "quality_categories": "older_than_five_years", "issue_ids": "[175]", "osm_url": "https://www.openstreetmap.org/way/719431520", "josm_url": "http://127.0.0.1:8111/load_object?new_layer=false&objects=w719431520", "id_url": "https://www.openstreetmap.org/edit?editor=id&way=719431520#map=20/59.9002616/10.7738327"}}, {"type": "Feature", "geometry": {"type": "Point", "coordinates": [10.771972, 59.8994444]}, "properties": {"id": 719431521, "feat_type": "way", "quality_categories": "older_than_five_years", "issue_ids": "[189]", "osm_url": "https://www.openstreetmap.org/way/719431521", "josm_url": "http://127.0.0.1:8111/load_object?new_layer=false&objects=w719431521", "id_url": "https://www.openstreetmap.org/edit?editor=id&way=719431521#map=20/59.8994444/10.771972"}}, {"type": "Feature", "geometry": {"type": "Point", "coordinates": [10.7826834, 59.9019595]}, "properties": {"id": 719458541, "feat_type": "way", "quality_categories": "older_than_five_years", "issue_ids": "[155]", "osm_url": "https://www.openstreetmap.org/way/719458541", "josm_url": "http://127.0.0.1:8111/load_object?new_layer=false&objects=w719458541", "id_url": "https://www.openstreetmap.org/edit?editor=id&way=719458541#map=20/59.9019595/10.7826834"}}, {"type": "Feature", "geometry": {"type": "Point", "coordinates": [10.7827857, 59.9014453]}, "properties": {"id": 719458544, "feat_type": "way", "quality_categories": "older_than_five_years", "issue_ids": "[314]", "osm_url": "https://www.openstreetmap.org/way/719458544", "josm_url": "http://127.0.0.1:8111/load_object?new_layer=false&objects=w719458544", "id_url": "https://www.openstreetmap.org/edit?editor=id&way=719458544#map=20/59.9014453/10.7827857"}}, {"type": "Feature", "geometry": {"type": "Point", "coordinates": [10.7846941, 59.9015519]}, "properties": {"id": 719458547, "feat_type": "way", "quality_categories": "older_than_five_years", "issue_ids": "[155]", "osm_url": "https://www.openstreetmap.org/way/719458547", "josm_url": "http://127.0.0.1:8111/load_object?new_layer=false&objects=w719458547", "id_url": "https://www.openstreetmap.org/edit?editor=id&way=719458547#map=20/59.9015519/10.7846941"}}, {"type": "Feature", "geometry": {"type": "Point", "coordinates": [10.7798959, 59.9011665]}, "properties": {"id": 719458549, "feat_type": "way", "quality_categories": "older_than_five_years", "issue_ids": "[155]", "osm_url": "https://www.openstreetmap.org/way/719458549", "josm_url": "http://127.0.0.1:8111/load_object?new_layer=false&objects=w719458549", "id_url": "https://www.openstreetmap.org/edit?editor=id&way=719458549#map=20/59.9011665/10.7798959"}}, {"type": "Feature", "geometry": {"type": "Point", "coordinates": [10.7806396, 59.8993085]}, "properties": {"id": 722696957, "feat_type": "way", "quality_categories": "older_than_five_years", "issue_ids": "[175]", "osm_url": "https://www.openstreetmap.org/way/722696957", "josm_url": "http://127.0.0.1:8111/load_object?new_layer=false&objects=w722696957", "id_url": "https://www.openstreetmap.org/edit?editor=id&way=722696957#map=20/59.8993085/10.7806396"}}, {"type": "Feature", "geometry": {"type": "Point", "coordinates": [10.7830911, 59.8992225]}, "properties": {"id": 722696958, "feat_type": "way", "quality_categories": "older_than_five_years", "issue_ids": "[175]", "osm_url": "https://www.openstreetmap.org/way/722696958", "josm_url": "http://127.0.0.1:8111/load_object?new_layer=false&objects=w722696958", "id_url": "https://www.openstreetmap.org/edit?editor=id&way=722696958#map=20/59.8992225/10.7830911"}}, {"type": "Feature", "geometry": {"type": "Point", "coordinates": [10.7801467, 59.8986995]}, "properties": {"id": 722696959, "feat_type": "way", "quality_categories": "older_than_five_years", "issue_ids": "[175]", "osm_url": "https://www.openstreetmap.org/way/722696959", "josm_url": "http://127.0.0.1:8111/load_object?new_layer=false&objects=w722696959", "id_url": "https://www.openstreetmap.org/edit?editor=id&way=722696959#map=20/59.8986995/10.7801467"}}, {"type": "Feature", "geometry": {"type": "Point", "coordinates": [10.7754448, 59.898987]}, "properties": {"id": 722696961, "feat_type": "way", "quality_categories": "older_than_five_years", "issue_ids": "[175]", "osm_url": "https://www.openstreetmap.org/way/722696961", "josm_url": "http://127.0.0.1:8111/load_object?new_layer=false&objects=w722696961", "id_url": "https://www.openstreetmap.org/edit?editor=id&way=722696961#map=20/59.898987/10.7754448"}}, {"type": "Feature", "geometry": {"type": "Point", "coordinates": [10.7859389, 59.8974005]}, "properties": {"id": 722696964, "feat_type": "way", "quality_categories": "older_than_five_years", "issue_ids": "[175]", "osm_url": "https://www.openstreetmap.org/way/722696964", "josm_url": "http://127.0.0.1:8111/load_object?new_layer=false&objects=w722696964", "id_url": "https://www.openstreetmap.org/edit?editor=id&way=722696964#map=20/59.8974005/10.7859389"}}, {"type": "Feature", "geometry": {"type": "Point", "coordinates": [10.7876572, 59.8960211]}, "properties": {"id": 722696967, "feat_type": "way", "quality_categories": "older_than_five_years", "issue_ids": "[175]", "osm_url": "https://www.openstreetmap.org/way/722696967", "josm_url": "http://127.0.0.1:8111/load_object?new_layer=false&objects=w722696967", "id_url": "https://www.openstreetmap.org/edit?editor=id&way=722696967#map=20/59.8960211/10.7876572"}}, {"type": "Feature", "geometry": {"type": "Point", "coordinates": [10.7573412, 59.8940696]}, "properties": {"id": 722789813, "feat_type": "way", "quality_categories": "older_than_five_years", "issue_ids": "[175]", "osm_url": "https://www.openstreetmap.org/way/722789813", "josm_url": "http://127.0.0.1:8111/load_object?new_layer=false&objects=w722789813", "id_url": "https://www.openstreetmap.org/edit?editor=id&way=722789813#map=20/59.8940696/10.7573412"}}, {"type": "Feature", "geometry": {"type": "Point", "coordinates": [10.7585794, 59.8949018]}, "properties": {"id": 722842488, "feat_type": "way", "quality_categories": "older_than_five_years", "issue_ids": "[174]", "osm_url": "https://www.openstreetmap.org/way/722842488", "josm_url": "http://127.0.0.1:8111/load_object?new_layer=false&objects=w722842488", "id_url": "https://www.openstreetmap.org/edit?editor=id&way=722842488#map=20/59.8949018/10.7585794"}}, {"type": "Feature", "geometry": {"type": "Point", "coordinates": [10.7409381, 59.9034675]}, "properties": {"id": 724528966, "feat_type": "way", "quality_categories": "older_than_five_years", "issue_ids": "[436]", "osm_url": "https://www.openstreetmap.org/way/724528966", "josm_url": "http://127.0.0.1:8111/load_object?new_layer=false&objects=w724528966", "id_url": "https://www.openstreetmap.org/edit?editor=id&way=724528966#map=20/59.9034675/10.7409381"}}, {"type": "Feature", "geometry": {"type": "Point", "coordinates": [10.7443664, 59.9072094]}, "properties": {"id": 724625301, "feat_type": "way", "quality_categories": "older_than_five_years", "issue_ids": "[252]", "osm_url": "https://www.openstreetmap.org/way/724625301", "josm_url": "http://127.0.0.1:8111/load_object?new_layer=false&objects=w724625301", "id_url": "https://www.openstreetmap.org/edit?editor=id&way=724625301#map=20/59.9072094/10.7443664"}}, {"type": "Feature", "geometry": {"type": "Point", "coordinates": [10.7443576, 59.9069227]}, "properties": {"id": 724625302, "feat_type": "way", "quality_categories": "older_than_five_years", "issue_ids": "[252]", "osm_url": "https://www.openstreetmap.org/way/724625302", "josm_url": "http://127.0.0.1:8111/load_object?new_layer=false&objects=w724625302", "id_url": "https://www.openstreetmap.org/edit?editor=id&way=724625302#map=20/59.9069227/10.7443576"}}, {"type": "Feature", "geometry": {"type": "Point", "coordinates": [10.7454496, 59.9071119]}, "properties": {"id": 724675103, "feat_type": "way", "quality_categories": "older_than_five_years", "issue_ids": "[437]", "osm_url": "https://www.openstreetmap.org/way/724675103", "josm_url": "http://127.0.0.1:8111/load_object?new_layer=false&objects=w724675103", "id_url": "https://www.openstreetmap.org/edit?editor=id&way=724675103#map=20/59.9071119/10.7454496"}}, {"type": "Feature", "geometry": {"type": "Point", "coordinates": [10.7591566, 59.9037512]}, "properties": {"id": 727863087, "feat_type": "way", "quality_categories": "older_than_five_years", "issue_ids": "[424]", "osm_url": "https://www.openstreetmap.org/way/727863087", "josm_url": "http://127.0.0.1:8111/load_object?new_layer=false&objects=w727863087", "id_url": "https://www.openstreetmap.org/edit?editor=id&way=727863087#map=20/59.9037512/10.7591566"}}, {"type": "Feature", "geometry": {"type": "Point", "coordinates": [10.7535345, 59.9086914]}, "properties": {"id": 729168446, "feat_type": "way", "quality_categories": "older_than_five_years", "issue_ids": "[438]", "osm_url": "https://www.openstreetmap.org/way/729168446", "josm_url": "http://127.0.0.1:8111/load_object?new_layer=false&objects=w729168446", "id_url": "https://www.openstreetmap.org/edit?editor=id&way=729168446#map=20/59.9086914/10.7535345"}}, {"type": "Feature", "geometry": {"type": "Point", "coordinates": [10.7547926, 59.9071214]}, "properties": {"id": 729168448, "feat_type": "way", "quality_categories": "older_than_five_years", "issue_ids": "[125]", "osm_url": "https://www.openstreetmap.org/way/729168448", "josm_url": "http://127.0.0.1:8111/load_object?new_layer=false&objects=w729168448", "id_url": "https://www.openstreetmap.org/edit?editor=id&way=729168448#map=20/59.9071214/10.7547926"}}, {"type": "Feature", "geometry": {"type": "Point", "coordinates": [10.7561527, 59.9074155]}, "properties": {"id": 729168453, "feat_type": "way", "quality_categories": "older_than_five_years", "issue_ids": "[93]", "osm_url": "https://www.openstreetmap.org/way/729168453", "josm_url": "http://127.0.0.1:8111/load_object?new_layer=false&objects=w729168453", "id_url": "https://www.openstreetmap.org/edit?editor=id&way=729168453#map=20/59.9074155/10.7561527"}}, {"type": "Feature", "geometry": {"type": "Point", "coordinates": [10.7627378, 59.9077505]}, "properties": {"id": 729267312, "feat_type": "way", "quality_categories": "older_than_five_years", "issue_ids": "[224]", "osm_url": "https://www.openstreetmap.org/way/729267312", "josm_url": "http://127.0.0.1:8111/load_object?new_layer=false&objects=w729267312", "id_url": "https://www.openstreetmap.org/edit?editor=id&way=729267312#map=20/59.9077505/10.7627378"}}, {"type": "Feature", "geometry": {"type": "Point", "coordinates": [10.7666002, 59.9045668]}, "properties": {"id": 729505760, "feat_type": "way", "quality_categories": "older_than_five_years", "issue_ids": "[47]", "osm_url": "https://www.openstreetmap.org/way/729505760", "josm_url": "http://127.0.0.1:8111/load_object?new_layer=false&objects=w729505760", "id_url": "https://www.openstreetmap.org/edit?editor=id&way=729505760#map=20/59.9045668/10.7666002"}}, {"type": "Feature", "geometry": {"type": "Point", "coordinates": [10.7692956, 59.905729]}, "properties": {"id": 729795946, "feat_type": "way", "quality_categories": "older_than_five_years", "issue_ids": "[439]", "osm_url": "https://www.openstreetmap.org/way/729795946", "josm_url": "http://127.0.0.1:8111/load_object?new_layer=false&objects=w729795946", "id_url": "https://www.openstreetmap.org/edit?editor=id&way=729795946#map=20/59.905729/10.7692956"}}, {"type": "Feature", "geometry": {"type": "Point", "coordinates": [10.8279511, 59.937917]}, "properties": {"id": 732153935, "feat_type": "way", "quality_categories": "missing_tags, older_than_five_years", "issue_ids": "[440, 4]", "osm_url": "https://www.openstreetmap.org/way/732153935", "josm_url": "http://127.0.0.1:8111/load_object?new_layer=false&objects=w732153935", "id_url": "https://www.openstreetmap.org/edit?editor=id&way=732153935#map=20/59.937917/10.8279511"}}, {"type": "Feature", "geometry": {"type": "Point", "coordinates": [10.7594191, 59.9110688]}, "properties": {"id": 733862653, "feat_type": "way", "quality_categories": "older_than_five_years", "issue_ids": "[441]", "osm_url": "https://www.openstreetmap.org/way/733862653", "josm_url": "http://127.0.0.1:8111/load_object?new_layer=false&objects=w733862653", "id_url": "https://www.openstreetmap.org/edit?editor=id&way=733862653#map=20/59.9110688/10.7594191"}}, {"type": "Feature", "geometry": {"type": "Point", "coordinates": [10.7787828, 59.8869559]}, "properties": {"id": 734613058, "feat_type": "way", "quality_categories": "older_than_five_years", "issue_ids": "[442]", "osm_url": "https://www.openstreetmap.org/way/734613058", "josm_url": "http://127.0.0.1:8111/load_object?new_layer=false&objects=w734613058", "id_url": "https://www.openstreetmap.org/edit?editor=id&way=734613058#map=20/59.8869559/10.7787828"}}, {"type": "Feature", "geometry": {"type": "Point", "coordinates": [10.778241, 59.888183]}, "properties": {"id": 734613059, "feat_type": "way", "quality_categories": "older_than_five_years", "issue_ids": "[443]", "osm_url": "https://www.openstreetmap.org/way/734613059", "josm_url": "http://127.0.0.1:8111/load_object?new_layer=false&objects=w734613059", "id_url": "https://www.openstreetmap.org/edit?editor=id&way=734613059#map=20/59.888183/10.778241"}}, {"type": "Feature", "geometry": {"type": "Point", "coordinates": [10.775774, 59.8882177]}, "properties": {"id": 734613060, "feat_type": "way", "quality_categories": "older_than_five_years", "issue_ids": "[443]", "osm_url": "https://www.openstreetmap.org/way/734613060", "josm_url": "http://127.0.0.1:8111/load_object?new_layer=false&objects=w734613060", "id_url": "https://www.openstreetmap.org/edit?editor=id&way=734613060#map=20/59.8882177/10.775774"}}, {"type": "Feature", "geometry": {"type": "Point", "coordinates": [10.7767718, 59.892254]}, "properties": {"id": 736717547, "feat_type": "way", "quality_categories": "older_than_five_years", "issue_ids": "[428]", "osm_url": "https://www.openstreetmap.org/way/736717547", "josm_url": "http://127.0.0.1:8111/load_object?new_layer=false&objects=w736717547", "id_url": "https://www.openstreetmap.org/edit?editor=id&way=736717547#map=20/59.892254/10.7767718"}}, {"type": "Feature", "geometry": {"type": "Point", "coordinates": [10.7846924, 59.8831446]}, "properties": {"id": 736842875, "feat_type": "way", "quality_categories": "older_than_five_years", "issue_ids": "[428]", "osm_url": "https://www.openstreetmap.org/way/736842875", "josm_url": "http://127.0.0.1:8111/load_object?new_layer=false&objects=w736842875", "id_url": "https://www.openstreetmap.org/edit?editor=id&way=736842875#map=20/59.8831446/10.7846924"}}, {"type": "Feature", "geometry": {"type": "Point", "coordinates": [10.7765073, 59.8838373]}, "properties": {"id": 736956664, "feat_type": "way", "quality_categories": "older_than_five_years", "issue_ids": "[158]", "osm_url": "https://www.openstreetmap.org/way/736956664", "josm_url": "http://127.0.0.1:8111/load_object?new_layer=false&objects=w736956664", "id_url": "https://www.openstreetmap.org/edit?editor=id&way=736956664#map=20/59.8838373/10.7765073"}}, {"type": "Feature", "geometry": {"type": "Point", "coordinates": [10.7835896, 59.8821361]}, "properties": {"id": 736956670, "feat_type": "way", "quality_categories": "older_than_five_years", "issue_ids": "[158]", "osm_url": "https://www.openstreetmap.org/way/736956670", "josm_url": "http://127.0.0.1:8111/load_object?new_layer=false&objects=w736956670", "id_url": "https://www.openstreetmap.org/edit?editor=id&way=736956670#map=20/59.8821361/10.7835896"}}, {"type": "Feature", "geometry": {"type": "Point", "coordinates": [10.7723609, 59.8813547]}, "properties": {"id": 736998831, "feat_type": "way", "quality_categories": "older_than_five_years", "issue_ids": "[158]", "osm_url": "https://www.openstreetmap.org/way/736998831", "josm_url": "http://127.0.0.1:8111/load_object?new_layer=false&objects=w736998831", "id_url": "https://www.openstreetmap.org/edit?editor=id&way=736998831#map=20/59.8813547/10.7723609"}}, {"type": "Feature", "geometry": {"type": "Point", "coordinates": [10.7787774, 59.8824084]}, "properties": {"id": 736998837, "feat_type": "way", "quality_categories": "older_than_five_years", "issue_ids": "[158]", "osm_url": "https://www.openstreetmap.org/way/736998837", "josm_url": "http://127.0.0.1:8111/load_object?new_layer=false&objects=w736998837", "id_url": "https://www.openstreetmap.org/edit?editor=id&way=736998837#map=20/59.8824084/10.7787774"}}, {"type": "Feature", "geometry": {"type": "Point", "coordinates": [10.7788757, 59.8823306]}, "properties": {"id": 736998839, "feat_type": "way", "quality_categories": "older_than_five_years", "issue_ids": "[158]", "osm_url": "https://www.openstreetmap.org/way/736998839", "josm_url": "http://127.0.0.1:8111/load_object?new_layer=false&objects=w736998839", "id_url": "https://www.openstreetmap.org/edit?editor=id&way=736998839#map=20/59.8823306/10.7788757"}}, {"type": "Feature", "geometry": {"type": "Point", "coordinates": [10.7693351, 59.8843812]}, "properties": {"id": 737002250, "feat_type": "way", "quality_categories": "older_than_five_years", "issue_ids": "[158]", "osm_url": "https://www.openstreetmap.org/way/737002250", "josm_url": "http://127.0.0.1:8111/load_object?new_layer=false&objects=w737002250", "id_url": "https://www.openstreetmap.org/edit?editor=id&way=737002250#map=20/59.8843812/10.7693351"}}, {"type": "Feature", "geometry": {"type": "Point", "coordinates": [10.7667712, 59.8804575]}, "properties": {"id": 737029415, "feat_type": "way", "quality_categories": "older_than_five_years", "issue_ids": "[180]", "osm_url": "https://www.openstreetmap.org/way/737029415", "josm_url": "http://127.0.0.1:8111/load_object?new_layer=false&objects=w737029415", "id_url": "https://www.openstreetmap.org/edit?editor=id&way=737029415#map=20/59.8804575/10.7667712"}}, {"type": "Feature", "geometry": {"type": "Point", "coordinates": [10.7687319, 59.8813212]}, "properties": {"id": 737029420, "feat_type": "way", "quality_categories": "older_than_five_years", "issue_ids": "[180]", "osm_url": "https://www.openstreetmap.org/way/737029420", "josm_url": "http://127.0.0.1:8111/load_object?new_layer=false&objects=w737029420", "id_url": "https://www.openstreetmap.org/edit?editor=id&way=737029420#map=20/59.8813212/10.7687319"}}, {"type": "Feature", "geometry": {"type": "Point", "coordinates": [10.7703476, 59.8817052]}, "properties": {"id": 737029424, "feat_type": "way", "quality_categories": "older_than_five_years", "issue_ids": "[158]", "osm_url": "https://www.openstreetmap.org/way/737029424", "josm_url": "http://127.0.0.1:8111/load_object?new_layer=false&objects=w737029424", "id_url": "https://www.openstreetmap.org/edit?editor=id&way=737029424#map=20/59.8817052/10.7703476"}}, {"type": "Feature", "geometry": {"type": "Point", "coordinates": [10.7855185, 59.8450891]}, "properties": {"id": 738003903, "feat_type": "way", "quality_categories": "older_than_five_years", "issue_ids": "[444]", "osm_url": "https://www.openstreetmap.org/way/738003903", "josm_url": "http://127.0.0.1:8111/load_object?new_layer=false&objects=w738003903", "id_url": "https://www.openstreetmap.org/edit?editor=id&way=738003903#map=20/59.8450891/10.7855185"}}, {"type": "Feature", "geometry": {"type": "Point", "coordinates": [10.7801038, 59.8468221]}, "properties": {"id": 738003911, "feat_type": "way", "quality_categories": "older_than_five_years", "issue_ids": "[444]", "osm_url": "https://www.openstreetmap.org/way/738003911", "josm_url": "http://127.0.0.1:8111/load_object?new_layer=false&objects=w738003911", "id_url": "https://www.openstreetmap.org/edit?editor=id&way=738003911#map=20/59.8468221/10.7801038"}}, {"type": "Feature", "geometry": {"type": "Point", "coordinates": [10.7827843, 59.8484716]}, "properties": {"id": 738003915, "feat_type": "way", "quality_categories": "older_than_five_years", "issue_ids": "[444]", "osm_url": "https://www.openstreetmap.org/way/738003915", "josm_url": "http://127.0.0.1:8111/load_object?new_layer=false&objects=w738003915", "id_url": "https://www.openstreetmap.org/edit?editor=id&way=738003915#map=20/59.8484716/10.7827843"}}, {"type": "Feature", "geometry": {"type": "Point", "coordinates": [10.7819317, 59.850531]}, "properties": {"id": 738003916, "feat_type": "way", "quality_categories": "older_than_five_years", "issue_ids": "[445]", "osm_url": "https://www.openstreetmap.org/way/738003916", "josm_url": "http://127.0.0.1:8111/load_object?new_layer=false&objects=w738003916", "id_url": "https://www.openstreetmap.org/edit?editor=id&way=738003916#map=20/59.850531/10.7819317"}}, {"type": "Feature", "geometry": {"type": "Point", "coordinates": [10.7875684, 59.8468547]}, "properties": {"id": 738573145, "feat_type": "way", "quality_categories": "older_than_five_years", "issue_ids": "[373]", "osm_url": "https://www.openstreetmap.org/way/738573145", "josm_url": "http://127.0.0.1:8111/load_object?new_layer=false&objects=w738573145", "id_url": "https://www.openstreetmap.org/edit?editor=id&way=738573145#map=20/59.8468547/10.7875684"}}, {"type": "Feature", "geometry": {"type": "Point", "coordinates": [10.7859742, 59.8562736]}, "properties": {"id": 738658275, "feat_type": "way", "quality_categories": "older_than_five_years", "issue_ids": "[373]", "osm_url": "https://www.openstreetmap.org/way/738658275", "josm_url": "http://127.0.0.1:8111/load_object?new_layer=false&objects=w738658275", "id_url": "https://www.openstreetmap.org/edit?editor=id&way=738658275#map=20/59.8562736/10.7859742"}}, {"type": "Feature", "geometry": {"type": "Point", "coordinates": [10.790937, 59.8612944]}, "properties": {"id": 738724707, "feat_type": "way", "quality_categories": "older_than_five_years", "issue_ids": "[446]", "osm_url": "https://www.openstreetmap.org/way/738724707", "josm_url": "http://127.0.0.1:8111/load_object?new_layer=false&objects=w738724707", "id_url": "https://www.openstreetmap.org/edit?editor=id&way=738724707#map=20/59.8612944/10.790937"}}, {"type": "Feature", "geometry": {"type": "Point", "coordinates": [10.7908058, 59.861186]}, "properties": {"id": 738724708, "feat_type": "way", "quality_categories": "older_than_five_years", "issue_ids": "[446]", "osm_url": "https://www.openstreetmap.org/way/738724708", "josm_url": "http://127.0.0.1:8111/load_object?new_layer=false&objects=w738724708", "id_url": "https://www.openstreetmap.org/edit?editor=id&way=738724708#map=20/59.861186/10.7908058"}}, {"type": "Feature", "geometry": {"type": "Point", "coordinates": [10.791766, 59.8616651]}, "properties": {"id": 738724735, "feat_type": "way", "quality_categories": "older_than_five_years", "issue_ids": "[341]", "osm_url": "https://www.openstreetmap.org/way/738724735", "josm_url": "http://127.0.0.1:8111/load_object?new_layer=false&objects=w738724735", "id_url": "https://www.openstreetmap.org/edit?editor=id&way=738724735#map=20/59.8616651/10.791766"}}, {"type": "Feature", "geometry": {"type": "Point", "coordinates": [10.7906526, 59.8617287]}, "properties": {"id": 738724737, "feat_type": "way", "quality_categories": "older_than_five_years", "issue_ids": "[341]", "osm_url": "https://www.openstreetmap.org/way/738724737", "josm_url": "http://127.0.0.1:8111/load_object?new_layer=false&objects=w738724737", "id_url": "https://www.openstreetmap.org/edit?editor=id&way=738724737#map=20/59.8617287/10.7906526"}}, {"type": "Feature", "geometry": {"type": "Point", "coordinates": [10.7909238, 59.8617106]}, "properties": {"id": 738724738, "feat_type": "way", "quality_categories": "older_than_five_years", "issue_ids": "[341]", "osm_url": "https://www.openstreetmap.org/way/738724738", "josm_url": "http://127.0.0.1:8111/load_object?new_layer=false&objects=w738724738", "id_url": "https://www.openstreetmap.org/edit?editor=id&way=738724738#map=20/59.8617106/10.7909238"}}, {"type": "Feature", "geometry": {"type": "Point", "coordinates": [10.7921594, 59.8615695]}, "properties": {"id": 738724742, "feat_type": "way", "quality_categories": "older_than_five_years", "issue_ids": "[341]", "osm_url": "https://www.openstreetmap.org/way/738724742", "josm_url": "http://127.0.0.1:8111/load_object?new_layer=false&objects=w738724742", "id_url": "https://www.openstreetmap.org/edit?editor=id&way=738724742#map=20/59.8615695/10.7921594"}}, {"type": "Feature", "geometry": {"type": "Point", "coordinates": [10.7966758, 59.8608749]}, "properties": {"id": 738724744, "feat_type": "way", "quality_categories": "older_than_five_years", "issue_ids": "[341]", "osm_url": "https://www.openstreetmap.org/way/738724744", "josm_url": "http://127.0.0.1:8111/load_object?new_layer=false&objects=w738724744", "id_url": "https://www.openstreetmap.org/edit?editor=id&way=738724744#map=20/59.8608749/10.7966758"}}, {"type": "Feature", "geometry": {"type": "Point", "coordinates": [10.7968314, 59.8608985]}, "properties": {"id": 738724745, "feat_type": "way", "quality_categories": "older_than_five_years", "issue_ids": "[341]", "osm_url": "https://www.openstreetmap.org/way/738724745", "josm_url": "http://127.0.0.1:8111/load_object?new_layer=false&objects=w738724745", "id_url": "https://www.openstreetmap.org/edit?editor=id&way=738724745#map=20/59.8608985/10.7968314"}}, {"type": "Feature", "geometry": {"type": "Point", "coordinates": [10.827876, 59.8622681]}, "properties": {"id": 738813900, "feat_type": "way", "quality_categories": "older_than_five_years", "issue_ids": "[341]", "osm_url": "https://www.openstreetmap.org/way/738813900", "josm_url": "http://127.0.0.1:8111/load_object?new_layer=false&objects=w738813900", "id_url": "https://www.openstreetmap.org/edit?editor=id&way=738813900#map=20/59.8622681/10.827876"}}, {"type": "Feature", "geometry": {"type": "Point", "coordinates": [10.8276753, 59.8622748]}, "properties": {"id": 738813901, "feat_type": "way", "quality_categories": "older_than_five_years", "issue_ids": "[341]", "osm_url": "https://www.openstreetmap.org/way/738813901", "josm_url": "http://127.0.0.1:8111/load_object?new_layer=false&objects=w738813901", "id_url": "https://www.openstreetmap.org/edit?editor=id&way=738813901#map=20/59.8622748/10.8276753"}}, {"type": "Feature", "geometry": {"type": "Point", "coordinates": [10.8237142, 59.8621142]}, "properties": {"id": 738813902, "feat_type": "way", "quality_categories": "older_than_five_years", "issue_ids": "[341]", "osm_url": "https://www.openstreetmap.org/way/738813902", "josm_url": "http://127.0.0.1:8111/load_object?new_layer=false&objects=w738813902", "id_url": "https://www.openstreetmap.org/edit?editor=id&way=738813902#map=20/59.8621142/10.8237142"}}, {"type": "Feature", "geometry": {"type": "Point", "coordinates": [10.8153683, 59.8628346]}, "properties": {"id": 738813904, "feat_type": "way", "quality_categories": "older_than_five_years", "issue_ids": "[143]", "osm_url": "https://www.openstreetmap.org/way/738813904", "josm_url": "http://127.0.0.1:8111/load_object?new_layer=false&objects=w738813904", "id_url": "https://www.openstreetmap.org/edit?editor=id&way=738813904#map=20/59.8628346/10.8153683"}}, {"type": "Feature", "geometry": {"type": "Point", "coordinates": [10.8065806, 59.8605773]}, "properties": {"id": 738813908, "feat_type": "way", "quality_categories": "older_than_five_years", "issue_ids": "[341]", "osm_url": "https://www.openstreetmap.org/way/738813908", "josm_url": "http://127.0.0.1:8111/load_object?new_layer=false&objects=w738813908", "id_url": "https://www.openstreetmap.org/edit?editor=id&way=738813908#map=20/59.8605773/10.8065806"}}, {"type": "Feature", "geometry": {"type": "Point", "coordinates": [10.8240173, 59.8620008]}, "properties": {"id": 738864366, "feat_type": "way", "quality_categories": "older_than_five_years", "issue_ids": "[341]", "osm_url": "https://www.openstreetmap.org/way/738864366", "josm_url": "http://127.0.0.1:8111/load_object?new_layer=false&objects=w738864366", "id_url": "https://www.openstreetmap.org/edit?editor=id&way=738864366#map=20/59.8620008/10.8240173"}}, {"type": "Feature", "geometry": {"type": "Point", "coordinates": [10.8238215, 59.8619673]}, "properties": {"id": 738864367, "feat_type": "way", "quality_categories": "older_than_five_years", "issue_ids": "[341]", "osm_url": "https://www.openstreetmap.org/way/738864367", "josm_url": "http://127.0.0.1:8111/load_object?new_layer=false&objects=w738864367", "id_url": "https://www.openstreetmap.org/edit?editor=id&way=738864367#map=20/59.8619673/10.8238215"}}, {"type": "Feature", "geometry": {"type": "Point", "coordinates": [10.8125565, 59.860336]}, "properties": {"id": 738864393, "feat_type": "way", "quality_categories": "older_than_five_years", "issue_ids": "[341]", "osm_url": "https://www.openstreetmap.org/way/738864393", "josm_url": "http://127.0.0.1:8111/load_object?new_layer=false&objects=w738864393", "id_url": "https://www.openstreetmap.org/edit?editor=id&way=738864393#map=20/59.860336/10.8125565"}}, {"type": "Feature", "geometry": {"type": "Point", "coordinates": [10.8124271, 59.8602318]}, "properties": {"id": 738864394, "feat_type": "way", "quality_categories": "older_than_five_years", "issue_ids": "[341]", "osm_url": "https://www.openstreetmap.org/way/738864394", "josm_url": "http://127.0.0.1:8111/load_object?new_layer=false&objects=w738864394", "id_url": "https://www.openstreetmap.org/edit?editor=id&way=738864394#map=20/59.8602318/10.8124271"}}, {"type": "Feature", "geometry": {"type": "Point", "coordinates": [10.8020798, 59.8554038]}, "properties": {"id": 738884761, "feat_type": "way", "quality_categories": "older_than_five_years", "issue_ids": "[341]", "osm_url": "https://www.openstreetmap.org/way/738884761", "josm_url": "http://127.0.0.1:8111/load_object?new_layer=false&objects=w738884761", "id_url": "https://www.openstreetmap.org/edit?editor=id&way=738884761#map=20/59.8554038/10.8020798"}}, {"type": "Feature", "geometry": {"type": "Point", "coordinates": [10.8028553, 59.857568]}, "properties": {"id": 738903576, "feat_type": "way", "quality_categories": "older_than_five_years", "issue_ids": "[341]", "osm_url": "https://www.openstreetmap.org/way/738903576", "josm_url": "http://127.0.0.1:8111/load_object?new_layer=false&objects=w738903576", "id_url": "https://www.openstreetmap.org/edit?editor=id&way=738903576#map=20/59.857568/10.8028553"}}, {"type": "Feature", "geometry": {"type": "Point", "coordinates": [10.8148074, 59.8566307]}, "properties": {"id": 738929280, "feat_type": "way", "quality_categories": "older_than_five_years", "issue_ids": "[446]", "osm_url": "https://www.openstreetmap.org/way/738929280", "josm_url": "http://127.0.0.1:8111/load_object?new_layer=false&objects=w738929280", "id_url": "https://www.openstreetmap.org/edit?editor=id&way=738929280#map=20/59.8566307/10.8148074"}}, {"type": "Feature", "geometry": {"type": "Point", "coordinates": [10.7903612, 59.8551696]}, "properties": {"id": 739002791, "feat_type": "way", "quality_categories": "older_than_five_years", "issue_ids": "[446]", "osm_url": "https://www.openstreetmap.org/way/739002791", "josm_url": "http://127.0.0.1:8111/load_object?new_layer=false&objects=w739002791", "id_url": "https://www.openstreetmap.org/edit?editor=id&way=739002791#map=20/59.8551696/10.7903612"}}, {"type": "Feature", "geometry": {"type": "Point", "coordinates": [10.7962225, 59.8547723]}, "properties": {"id": 739008791, "feat_type": "way", "quality_categories": "older_than_five_years", "issue_ids": "[446]", "osm_url": "https://www.openstreetmap.org/way/739008791", "josm_url": "http://127.0.0.1:8111/load_object?new_layer=false&objects=w739008791", "id_url": "https://www.openstreetmap.org/edit?editor=id&way=739008791#map=20/59.8547723/10.7962225"}}, {"type": "Feature", "geometry": {"type": "Point", "coordinates": [10.7945535, 59.8552535]}, "properties": {"id": 739008792, "feat_type": "way", "quality_categories": "older_than_five_years", "issue_ids": "[446]", "osm_url": "https://www.openstreetmap.org/way/739008792", "josm_url": "http://127.0.0.1:8111/load_object?new_layer=false&objects=w739008792", "id_url": "https://www.openstreetmap.org/edit?editor=id&way=739008792#map=20/59.8552535/10.7945535"}}, {"type": "Feature", "geometry": {"type": "Point", "coordinates": [10.809994, 59.8525517]}, "properties": {"id": 739037042, "feat_type": "way", "quality_categories": "older_than_five_years", "issue_ids": "[446]", "osm_url": "https://www.openstreetmap.org/way/739037042", "josm_url": "http://127.0.0.1:8111/load_object?new_layer=false&objects=w739037042", "id_url": "https://www.openstreetmap.org/edit?editor=id&way=739037042#map=20/59.8525517/10.809994"}}, {"type": "Feature", "geometry": {"type": "Point", "coordinates": [10.8070632, 59.8601429]}, "properties": {"id": 739067747, "feat_type": "way", "quality_categories": "older_than_five_years", "issue_ids": "[446]", "osm_url": "https://www.openstreetmap.org/way/739067747", "josm_url": "http://127.0.0.1:8111/load_object?new_layer=false&objects=w739067747", "id_url": "https://www.openstreetmap.org/edit?editor=id&way=739067747#map=20/59.8601429/10.8070632"}}, {"type": "Feature", "geometry": {"type": "Point", "coordinates": [10.8163351, 59.8630885]}, "properties": {"id": 739592456, "feat_type": "way", "quality_categories": "older_than_five_years", "issue_ids": "[347]", "osm_url": "https://www.openstreetmap.org/way/739592456", "josm_url": "http://127.0.0.1:8111/load_object?new_layer=false&objects=w739592456", "id_url": "https://www.openstreetmap.org/edit?editor=id&way=739592456#map=20/59.8630885/10.8163351"}}, {"type": "Feature", "geometry": {"type": "Point", "coordinates": [10.8131087, 59.8660889]}, "properties": {"id": 739613664, "feat_type": "way", "quality_categories": "older_than_five_years", "issue_ids": "[347]", "osm_url": "https://www.openstreetmap.org/way/739613664", "josm_url": "http://127.0.0.1:8111/load_object?new_layer=false&objects=w739613664", "id_url": "https://www.openstreetmap.org/edit?editor=id&way=739613664#map=20/59.8660889/10.8131087"}}, {"type": "Feature", "geometry": {"type": "Point", "coordinates": [10.8131064, 59.8705081]}, "properties": {"id": 739628517, "feat_type": "way", "quality_categories": "older_than_five_years", "issue_ids": "[347]", "osm_url": "https://www.openstreetmap.org/way/739628517", "josm_url": "http://127.0.0.1:8111/load_object?new_layer=false&objects=w739628517", "id_url": "https://www.openstreetmap.org/edit?editor=id&way=739628517#map=20/59.8705081/10.8131064"}}, {"type": "Feature", "geometry": {"type": "Point", "coordinates": [10.8133024, 59.8768502]}, "properties": {"id": 739667025, "feat_type": "way", "quality_categories": "older_than_five_years", "issue_ids": "[287]", "osm_url": "https://www.openstreetmap.org/way/739667025", "josm_url": "http://127.0.0.1:8111/load_object?new_layer=false&objects=w739667025", "id_url": "https://www.openstreetmap.org/edit?editor=id&way=739667025#map=20/59.8768502/10.8133024"}}, {"type": "Feature", "geometry": {"type": "Point", "coordinates": [10.8140567, 59.8759668]}, "properties": {"id": 739667026, "feat_type": "way", "quality_categories": "older_than_five_years", "issue_ids": "[287]", "osm_url": "https://www.openstreetmap.org/way/739667026", "josm_url": "http://127.0.0.1:8111/load_object?new_layer=false&objects=w739667026", "id_url": "https://www.openstreetmap.org/edit?editor=id&way=739667026#map=20/59.8759668/10.8140567"}}, {"type": "Feature", "geometry": {"type": "Point", "coordinates": [10.8195273, 59.8743534]}, "properties": {"id": 739667027, "feat_type": "way", "quality_categories": "older_than_five_years", "issue_ids": "[447]", "osm_url": "https://www.openstreetmap.org/way/739667027", "josm_url": "http://127.0.0.1:8111/load_object?new_layer=false&objects=w739667027", "id_url": "https://www.openstreetmap.org/edit?editor=id&way=739667027#map=20/59.8743534/10.8195273"}}, {"type": "Feature", "geometry": {"type": "Point", "coordinates": [10.8198323, 59.8759208]}, "properties": {"id": 739667028, "feat_type": "way", "quality_categories": "older_than_five_years", "issue_ids": "[447]", "osm_url": "https://www.openstreetmap.org/way/739667028", "josm_url": "http://127.0.0.1:8111/load_object?new_layer=false&objects=w739667028", "id_url": "https://www.openstreetmap.org/edit?editor=id&way=739667028#map=20/59.8759208/10.8198323"}}, {"type": "Feature", "geometry": {"type": "Point", "coordinates": [10.8194511, 59.8764934]}, "properties": {"id": 739667030, "feat_type": "way", "quality_categories": "older_than_five_years", "issue_ids": "[347]", "osm_url": "https://www.openstreetmap.org/way/739667030", "josm_url": "http://127.0.0.1:8111/load_object?new_layer=false&objects=w739667030", "id_url": "https://www.openstreetmap.org/edit?editor=id&way=739667030#map=20/59.8764934/10.8194511"}}, {"type": "Feature", "geometry": {"type": "Point", "coordinates": [10.8187504, 59.875916]}, "properties": {"id": 739667031, "feat_type": "way", "quality_categories": "older_than_five_years", "issue_ids": "[347]", "osm_url": "https://www.openstreetmap.org/way/739667031", "josm_url": "http://127.0.0.1:8111/load_object?new_layer=false&objects=w739667031", "id_url": "https://www.openstreetmap.org/edit?editor=id&way=739667031#map=20/59.875916/10.8187504"}}, {"type": "Feature", "geometry": {"type": "Point", "coordinates": [10.8184802, 59.8759089]}, "properties": {"id": 739667032, "feat_type": "way", "quality_categories": "older_than_five_years", "issue_ids": "[354]", "osm_url": "https://www.openstreetmap.org/way/739667032", "josm_url": "http://127.0.0.1:8111/load_object?new_layer=false&objects=w739667032", "id_url": "https://www.openstreetmap.org/edit?editor=id&way=739667032#map=20/59.8759089/10.8184802"}}, {"type": "Feature", "geometry": {"type": "Point", "coordinates": [10.8197462, 59.876168]}, "properties": {"id": 739667039, "feat_type": "way", "quality_categories": "older_than_five_years", "issue_ids": "[347]", "osm_url": "https://www.openstreetmap.org/way/739667039", "josm_url": "http://127.0.0.1:8111/load_object?new_layer=false&objects=w739667039", "id_url": "https://www.openstreetmap.org/edit?editor=id&way=739667039#map=20/59.876168/10.8197462"}}, {"type": "Feature", "geometry": {"type": "Point", "coordinates": [10.819596, 59.8770894]}, "properties": {"id": 739667043, "feat_type": "way", "quality_categories": "older_than_five_years", "issue_ids": "[347]", "osm_url": "https://www.openstreetmap.org/way/739667043", "josm_url": "http://127.0.0.1:8111/load_object?new_layer=false&objects=w739667043", "id_url": "https://www.openstreetmap.org/edit?editor=id&way=739667043#map=20/59.8770894/10.819596"}}, {"type": "Feature", "geometry": {"type": "Point", "coordinates": [10.6297483, 59.9261035]}, "properties": {"id": 740529119, "feat_type": "way", "quality_categories": "older_than_five_years", "issue_ids": "[448]", "osm_url": "https://www.openstreetmap.org/way/740529119", "josm_url": "http://127.0.0.1:8111/load_object?new_layer=false&objects=w740529119", "id_url": "https://www.openstreetmap.org/edit?editor=id&way=740529119#map=20/59.9261035/10.6297483"}}, {"type": "Feature", "geometry": {"type": "Point", "coordinates": [10.8068966, 59.8798703]}, "properties": {"id": 740776806, "feat_type": "way", "quality_categories": "older_than_five_years", "issue_ids": "[449]", "osm_url": "https://www.openstreetmap.org/way/740776806", "josm_url": "http://127.0.0.1:8111/load_object?new_layer=false&objects=w740776806", "id_url": "https://www.openstreetmap.org/edit?editor=id&way=740776806#map=20/59.8798703/10.8068966"}}, {"type": "Feature", "geometry": {"type": "Point", "coordinates": [10.8117545, 59.8781459]}, "properties": {"id": 740804228, "feat_type": "way", "quality_categories": "older_than_five_years", "issue_ids": "[287]", "osm_url": "https://www.openstreetmap.org/way/740804228", "josm_url": "http://127.0.0.1:8111/load_object?new_layer=false&objects=w740804228", "id_url": "https://www.openstreetmap.org/edit?editor=id&way=740804228#map=20/59.8781459/10.8117545"}}, {"type": "Feature", "geometry": {"type": "Point", "coordinates": [10.81224, 59.8766843]}, "properties": {"id": 740804229, "feat_type": "way", "quality_categories": "older_than_five_years", "issue_ids": "[287]", "osm_url": "https://www.openstreetmap.org/way/740804229", "josm_url": "http://127.0.0.1:8111/load_object?new_layer=false&objects=w740804229", "id_url": "https://www.openstreetmap.org/edit?editor=id&way=740804229#map=20/59.8766843/10.81224"}}, {"type": "Feature", "geometry": {"type": "Point", "coordinates": [10.804122, 59.8771355]}, "properties": {"id": 741170685, "feat_type": "way", "quality_categories": "older_than_five_years", "issue_ids": "[36]", "osm_url": "https://www.openstreetmap.org/way/741170685", "josm_url": "http://127.0.0.1:8111/load_object?new_layer=false&objects=w741170685", "id_url": "https://www.openstreetmap.org/edit?editor=id&way=741170685#map=20/59.8771355/10.804122"}}, {"type": "Feature", "geometry": {"type": "Point", "coordinates": [10.8086718, 59.8800676]}, "properties": {"id": 741170696, "feat_type": "way", "quality_categories": "older_than_five_years", "issue_ids": "[287]", "osm_url": "https://www.openstreetmap.org/way/741170696", "josm_url": "http://127.0.0.1:8111/load_object?new_layer=false&objects=w741170696", "id_url": "https://www.openstreetmap.org/edit?editor=id&way=741170696#map=20/59.8800676/10.8086718"}}, {"type": "Feature", "geometry": {"type": "Point", "coordinates": [10.8174494, 59.8763471]}, "properties": {"id": 741209333, "feat_type": "way", "quality_categories": "older_than_five_years", "issue_ids": "[287]", "osm_url": "https://www.openstreetmap.org/way/741209333", "josm_url": "http://127.0.0.1:8111/load_object?new_layer=false&objects=w741209333", "id_url": "https://www.openstreetmap.org/edit?editor=id&way=741209333#map=20/59.8763471/10.8174494"}}, {"type": "Feature", "geometry": {"type": "Point", "coordinates": [10.811499, 59.8791491]}, "properties": {"id": 741209336, "feat_type": "way", "quality_categories": "older_than_five_years", "issue_ids": "[287]", "osm_url": "https://www.openstreetmap.org/way/741209336", "josm_url": "http://127.0.0.1:8111/load_object?new_layer=false&objects=w741209336", "id_url": "https://www.openstreetmap.org/edit?editor=id&way=741209336#map=20/59.8791491/10.811499"}}, {"type": "Feature", "geometry": {"type": "Point", "coordinates": [10.8112858, 59.8798808]}, "properties": {"id": 741209337, "feat_type": "way", "quality_categories": "older_than_five_years", "issue_ids": "[287]", "osm_url": "https://www.openstreetmap.org/way/741209337", "josm_url": "http://127.0.0.1:8111/load_object?new_layer=false&objects=w741209337", "id_url": "https://www.openstreetmap.org/edit?editor=id&way=741209337#map=20/59.8798808/10.8112858"}}, {"type": "Feature", "geometry": {"type": "Point", "coordinates": [10.812301, 59.8787551]}, "properties": {"id": 741209339, "feat_type": "way", "quality_categories": "older_than_five_years", "issue_ids": "[287]", "osm_url": "https://www.openstreetmap.org/way/741209339", "josm_url": "http://127.0.0.1:8111/load_object?new_layer=false&objects=w741209339", "id_url": "https://www.openstreetmap.org/edit?editor=id&way=741209339#map=20/59.8787551/10.812301"}}, {"type": "Feature", "geometry": {"type": "Point", "coordinates": [10.8072618, 59.8717237]}, "properties": {"id": 741289349, "feat_type": "way", "quality_categories": "older_than_five_years", "issue_ids": "[287]", "osm_url": "https://www.openstreetmap.org/way/741289349", "josm_url": "http://127.0.0.1:8111/load_object?new_layer=false&objects=w741289349", "id_url": "https://www.openstreetmap.org/edit?editor=id&way=741289349#map=20/59.8717237/10.8072618"}}, {"type": "Feature", "geometry": {"type": "Point", "coordinates": [10.8091863, 59.8731526]}, "properties": {"id": 741289356, "feat_type": "way", "quality_categories": "older_than_five_years", "issue_ids": "[287]", "osm_url": "https://www.openstreetmap.org/way/741289356", "josm_url": "http://127.0.0.1:8111/load_object?new_layer=false&objects=w741289356", "id_url": "https://www.openstreetmap.org/edit?editor=id&way=741289356#map=20/59.8731526/10.8091863"}}, {"type": "Feature", "geometry": {"type": "Point", "coordinates": [10.7940818, 59.8707759]}, "properties": {"id": 741581777, "feat_type": "way", "quality_categories": "older_than_five_years", "issue_ids": "[178]", "osm_url": "https://www.openstreetmap.org/way/741581777", "josm_url": "http://127.0.0.1:8111/load_object?new_layer=false&objects=w741581777", "id_url": "https://www.openstreetmap.org/edit?editor=id&way=741581777#map=20/59.8707759/10.7940818"}}, {"type": "Feature", "geometry": {"type": "Point", "coordinates": [10.8055236, 59.87164]}, "properties": {"id": 741590624, "feat_type": "way", "quality_categories": "older_than_five_years", "issue_ids": "[178]", "osm_url": "https://www.openstreetmap.org/way/741590624", "josm_url": "http://127.0.0.1:8111/load_object?new_layer=false&objects=w741590624", "id_url": "https://www.openstreetmap.org/edit?editor=id&way=741590624#map=20/59.87164/10.8055236"}}, {"type": "Feature", "geometry": {"type": "Point", "coordinates": [10.8058371, 59.8716046]}, "properties": {"id": 741590625, "feat_type": "way", "quality_categories": "older_than_five_years", "issue_ids": "[178]", "osm_url": "https://www.openstreetmap.org/way/741590625", "josm_url": "http://127.0.0.1:8111/load_object?new_layer=false&objects=w741590625", "id_url": "https://www.openstreetmap.org/edit?editor=id&way=741590625#map=20/59.8716046/10.8058371"}}, {"type": "Feature", "geometry": {"type": "Point", "coordinates": [10.803954, 59.871607]}, "properties": {"id": 741590626, "feat_type": "way", "quality_categories": "older_than_five_years", "issue_ids": "[178]", "osm_url": "https://www.openstreetmap.org/way/741590626", "josm_url": "http://127.0.0.1:8111/load_object?new_layer=false&objects=w741590626", "id_url": "https://www.openstreetmap.org/edit?editor=id&way=741590626#map=20/59.871607/10.803954"}}, {"type": "Feature", "geometry": {"type": "Point", "coordinates": [10.8009342, 59.8723807]}, "properties": {"id": 741590628, "feat_type": "way", "quality_categories": "older_than_five_years", "issue_ids": "[178]", "osm_url": "https://www.openstreetmap.org/way/741590628", "josm_url": "http://127.0.0.1:8111/load_object?new_layer=false&objects=w741590628", "id_url": "https://www.openstreetmap.org/edit?editor=id&way=741590628#map=20/59.8723807/10.8009342"}}, {"type": "Feature", "geometry": {"type": "Point", "coordinates": [10.7916702, 59.8723169]}, "properties": {"id": 741631760, "feat_type": "way", "quality_categories": "older_than_five_years", "issue_ids": "[178]", "osm_url": "https://www.openstreetmap.org/way/741631760", "josm_url": "http://127.0.0.1:8111/load_object?new_layer=false&objects=w741631760", "id_url": "https://www.openstreetmap.org/edit?editor=id&way=741631760#map=20/59.8723169/10.7916702"}}, {"type": "Feature", "geometry": {"type": "Point", "coordinates": [10.7924531, 59.8707897]}, "properties": {"id": 741631764, "feat_type": "way", "quality_categories": "older_than_five_years", "issue_ids": "[178]", "osm_url": "https://www.openstreetmap.org/way/741631764", "josm_url": "http://127.0.0.1:8111/load_object?new_layer=false&objects=w741631764", "id_url": "https://www.openstreetmap.org/edit?editor=id&way=741631764#map=20/59.8707897/10.7924531"}}, {"type": "Feature", "geometry": {"type": "Point", "coordinates": [10.7993284, 59.8653433]}, "properties": {"id": 741687453, "feat_type": "way", "quality_categories": "older_than_five_years", "issue_ids": "[178]", "osm_url": "https://www.openstreetmap.org/way/741687453", "josm_url": "http://127.0.0.1:8111/load_object?new_layer=false&objects=w741687453", "id_url": "https://www.openstreetmap.org/edit?editor=id&way=741687453#map=20/59.8653433/10.7993284"}}, {"type": "Feature", "geometry": {"type": "Point", "coordinates": [10.8039748, 59.8810743]}, "properties": {"id": 741998853, "feat_type": "way", "quality_categories": "older_than_five_years", "issue_ids": "[288]", "osm_url": "https://www.openstreetmap.org/way/741998853", "josm_url": "http://127.0.0.1:8111/load_object?new_layer=false&objects=w741998853", "id_url": "https://www.openstreetmap.org/edit?editor=id&way=741998853#map=20/59.8810743/10.8039748"}}, {"type": "Feature", "geometry": {"type": "Point", "coordinates": [10.8038617, 59.8812393]}, "properties": {"id": 741998857, "feat_type": "way", "quality_categories": "older_than_five_years", "issue_ids": "[288]", "osm_url": "https://www.openstreetmap.org/way/741998857", "josm_url": "http://127.0.0.1:8111/load_object?new_layer=false&objects=w741998857", "id_url": "https://www.openstreetmap.org/edit?editor=id&way=741998857#map=20/59.8812393/10.8038617"}}, {"type": "Feature", "geometry": {"type": "Point", "coordinates": [10.8018484, 59.8840223]}, "properties": {"id": 741998859, "feat_type": "way", "quality_categories": "older_than_five_years", "issue_ids": "[288]", "osm_url": "https://www.openstreetmap.org/way/741998859", "josm_url": "http://127.0.0.1:8111/load_object?new_layer=false&objects=w741998859", "id_url": "https://www.openstreetmap.org/edit?editor=id&way=741998859#map=20/59.8840223/10.8018484"}}, {"type": "Feature", "geometry": {"type": "Point", "coordinates": [10.7931843, 59.8846954]}, "properties": {"id": 742261932, "feat_type": "way", "quality_categories": "older_than_five_years", "issue_ids": "[450]", "osm_url": "https://www.openstreetmap.org/way/742261932", "josm_url": "http://127.0.0.1:8111/load_object?new_layer=false&objects=w742261932", "id_url": "https://www.openstreetmap.org/edit?editor=id&way=742261932#map=20/59.8846954/10.7931843"}}, {"type": "Feature", "geometry": {"type": "Point", "coordinates": [10.8211771, 59.8710281]}, "properties": {"id": 742687454, "feat_type": "way", "quality_categories": "older_than_five_years", "issue_ids": "[447]", "osm_url": "https://www.openstreetmap.org/way/742687454", "josm_url": "http://127.0.0.1:8111/load_object?new_layer=false&objects=w742687454", "id_url": "https://www.openstreetmap.org/edit?editor=id&way=742687454#map=20/59.8710281/10.8211771"}}, {"type": "Feature", "geometry": {"type": "Point", "coordinates": [10.8212755, 59.8711737]}, "properties": {"id": 742687457, "feat_type": "way", "quality_categories": "older_than_five_years", "issue_ids": "[447]", "osm_url": "https://www.openstreetmap.org/way/742687457", "josm_url": "http://127.0.0.1:8111/load_object?new_layer=false&objects=w742687457", "id_url": "https://www.openstreetmap.org/edit?editor=id&way=742687457#map=20/59.8711737/10.8212755"}}, {"type": "Feature", "geometry": {"type": "Point", "coordinates": [10.8192157, 59.8740332]}, "properties": {"id": 742703462, "feat_type": "way", "quality_categories": "older_than_five_years", "issue_ids": "[354]", "osm_url": "https://www.openstreetmap.org/way/742703462", "josm_url": "http://127.0.0.1:8111/load_object?new_layer=false&objects=w742703462", "id_url": "https://www.openstreetmap.org/edit?editor=id&way=742703462#map=20/59.8740332/10.8192157"}}, {"type": "Feature", "geometry": {"type": "Point", "coordinates": [10.8193844, 59.8738615]}, "properties": {"id": 742703463, "feat_type": "way", "quality_categories": "older_than_five_years", "issue_ids": "[354]", "osm_url": "https://www.openstreetmap.org/way/742703463", "josm_url": "http://127.0.0.1:8111/load_object?new_layer=false&objects=w742703463", "id_url": "https://www.openstreetmap.org/edit?editor=id&way=742703463#map=20/59.8738615/10.8193844"}}, {"type": "Feature", "geometry": {"type": "Point", "coordinates": [10.8203064, 59.8679274]}, "properties": {"id": 742703468, "feat_type": "way", "quality_categories": "older_than_five_years", "issue_ids": "[342]", "osm_url": "https://www.openstreetmap.org/way/742703468", "josm_url": "http://127.0.0.1:8111/load_object?new_layer=false&objects=w742703468", "id_url": "https://www.openstreetmap.org/edit?editor=id&way=742703468#map=20/59.8679274/10.8203064"}}, {"type": "Feature", "geometry": {"type": "Point", "coordinates": [10.8211755, 59.8703324]}, "properties": {"id": 742703471, "feat_type": "way", "quality_categories": "older_than_five_years", "issue_ids": "[447]", "osm_url": "https://www.openstreetmap.org/way/742703471", "josm_url": "http://127.0.0.1:8111/load_object?new_layer=false&objects=w742703471", "id_url": "https://www.openstreetmap.org/edit?editor=id&way=742703471#map=20/59.8703324/10.8211755"}}, {"type": "Feature", "geometry": {"type": "Point", "coordinates": [10.8217042, 59.8693208]}, "properties": {"id": 742703476, "feat_type": "way", "quality_categories": "older_than_five_years", "issue_ids": "[447]", "osm_url": "https://www.openstreetmap.org/way/742703476", "josm_url": "http://127.0.0.1:8111/load_object?new_layer=false&objects=w742703476", "id_url": "https://www.openstreetmap.org/edit?editor=id&way=742703476#map=20/59.8693208/10.8217042"}}, {"type": "Feature", "geometry": {"type": "Point", "coordinates": [10.8207004, 59.8703144]}, "properties": {"id": 742703479, "feat_type": "way", "quality_categories": "older_than_five_years", "issue_ids": "[342]", "osm_url": "https://www.openstreetmap.org/way/742703479", "josm_url": "http://127.0.0.1:8111/load_object?new_layer=false&objects=w742703479", "id_url": "https://www.openstreetmap.org/edit?editor=id&way=742703479#map=20/59.8703144/10.8207004"}}, {"type": "Feature", "geometry": {"type": "Point", "coordinates": [10.8210182, 59.8705542]}, "properties": {"id": 742703493, "feat_type": "way", "quality_categories": "older_than_five_years", "issue_ids": "[342]", "osm_url": "https://www.openstreetmap.org/way/742703493", "josm_url": "http://127.0.0.1:8111/load_object?new_layer=false&objects=w742703493", "id_url": "https://www.openstreetmap.org/edit?editor=id&way=742703493#map=20/59.8705542/10.8210182"}}, {"type": "Feature", "geometry": {"type": "Point", "coordinates": [10.8218329, 59.8738545]}, "properties": {"id": 742718924, "feat_type": "way", "quality_categories": "older_than_five_years", "issue_ids": "[447]", "osm_url": "https://www.openstreetmap.org/way/742718924", "josm_url": "http://127.0.0.1:8111/load_object?new_layer=false&objects=w742718924", "id_url": "https://www.openstreetmap.org/edit?editor=id&way=742718924#map=20/59.8738545/10.8218329"}}, {"type": "Feature", "geometry": {"type": "Point", "coordinates": [10.8215931, 59.8746969]}, "properties": {"id": 742718933, "feat_type": "way", "quality_categories": "older_than_five_years", "issue_ids": "[447]", "osm_url": "https://www.openstreetmap.org/way/742718933", "josm_url": "http://127.0.0.1:8111/load_object?new_layer=false&objects=w742718933", "id_url": "https://www.openstreetmap.org/edit?editor=id&way=742718933#map=20/59.8746969/10.8215931"}}, {"type": "Feature", "geometry": {"type": "Point", "coordinates": [10.8194566, 59.8757097]}, "properties": {"id": 743319902, "feat_type": "way", "quality_categories": "older_than_five_years", "issue_ids": "[354]", "osm_url": "https://www.openstreetmap.org/way/743319902", "josm_url": "http://127.0.0.1:8111/load_object?new_layer=false&objects=w743319902", "id_url": "https://www.openstreetmap.org/edit?editor=id&way=743319902#map=20/59.8757097/10.8194566"}}, {"type": "Feature", "geometry": {"type": "Point", "coordinates": [10.8169751, 59.8698814]}, "properties": {"id": 743559821, "feat_type": "way", "quality_categories": "older_than_five_years", "issue_ids": "[342]", "osm_url": "https://www.openstreetmap.org/way/743559821", "josm_url": "http://127.0.0.1:8111/load_object?new_layer=false&objects=w743559821", "id_url": "https://www.openstreetmap.org/edit?editor=id&way=743559821#map=20/59.8698814/10.8169751"}}, {"type": "Feature", "geometry": {"type": "Point", "coordinates": [10.8161955, 59.8698441]}, "properties": {"id": 743559823, "feat_type": "way", "quality_categories": "older_than_five_years", "issue_ids": "[342]", "osm_url": "https://www.openstreetmap.org/way/743559823", "josm_url": "http://127.0.0.1:8111/load_object?new_layer=false&objects=w743559823", "id_url": "https://www.openstreetmap.org/edit?editor=id&way=743559823#map=20/59.8698441/10.8161955"}}, {"type": "Feature", "geometry": {"type": "Point", "coordinates": [10.8193455, 59.8695813]}, "properties": {"id": 743559825, "feat_type": "way", "quality_categories": "older_than_five_years", "issue_ids": "[342]", "osm_url": "https://www.openstreetmap.org/way/743559825", "josm_url": "http://127.0.0.1:8111/load_object?new_layer=false&objects=w743559825", "id_url": "https://www.openstreetmap.org/edit?editor=id&way=743559825#map=20/59.8695813/10.8193455"}}, {"type": "Feature", "geometry": {"type": "Point", "coordinates": [10.8192647, 59.8700689]}, "properties": {"id": 743559827, "feat_type": "way", "quality_categories": "older_than_five_years", "issue_ids": "[342]", "osm_url": "https://www.openstreetmap.org/way/743559827", "josm_url": "http://127.0.0.1:8111/load_object?new_layer=false&objects=w743559827", "id_url": "https://www.openstreetmap.org/edit?editor=id&way=743559827#map=20/59.8700689/10.8192647"}}, {"type": "Feature", "geometry": {"type": "Point", "coordinates": [10.8178921, 59.869976]}, "properties": {"id": 743559829, "feat_type": "way", "quality_categories": "older_than_five_years", "issue_ids": "[342]", "osm_url": "https://www.openstreetmap.org/way/743559829", "josm_url": "http://127.0.0.1:8111/load_object?new_layer=false&objects=w743559829", "id_url": "https://www.openstreetmap.org/edit?editor=id&way=743559829#map=20/59.869976/10.8178921"}}, {"type": "Feature", "geometry": {"type": "Point", "coordinates": [10.8191051, 59.8651808]}, "properties": {"id": 743585652, "feat_type": "way", "quality_categories": "older_than_five_years", "issue_ids": "[342]", "osm_url": "https://www.openstreetmap.org/way/743585652", "josm_url": "http://127.0.0.1:8111/load_object?new_layer=false&objects=w743585652", "id_url": "https://www.openstreetmap.org/edit?editor=id&way=743585652#map=20/59.8651808/10.8191051"}}, {"type": "Feature", "geometry": {"type": "Point", "coordinates": [10.817005, 59.8684074]}, "properties": {"id": 743585656, "feat_type": "way", "quality_categories": "older_than_five_years", "issue_ids": "[342]", "osm_url": "https://www.openstreetmap.org/way/743585656", "josm_url": "http://127.0.0.1:8111/load_object?new_layer=false&objects=w743585656", "id_url": "https://www.openstreetmap.org/edit?editor=id&way=743585656#map=20/59.8684074/10.817005"}}, {"type": "Feature", "geometry": {"type": "Point", "coordinates": [10.818628, 59.8660351]}, "properties": {"id": 743585660, "feat_type": "way", "quality_categories": "older_than_five_years", "issue_ids": "[342]", "osm_url": "https://www.openstreetmap.org/way/743585660", "josm_url": "http://127.0.0.1:8111/load_object?new_layer=false&objects=w743585660", "id_url": "https://www.openstreetmap.org/edit?editor=id&way=743585660#map=20/59.8660351/10.818628"}}, {"type": "Feature", "geometry": {"type": "Point", "coordinates": [10.8212603, 59.8655407]}, "properties": {"id": 743585661, "feat_type": "way", "quality_categories": "older_than_five_years", "issue_ids": "[342]", "osm_url": "https://www.openstreetmap.org/way/743585661", "josm_url": "http://127.0.0.1:8111/load_object?new_layer=false&objects=w743585661", "id_url": "https://www.openstreetmap.org/edit?editor=id&way=743585661#map=20/59.8655407/10.8212603"}}, {"type": "Feature", "geometry": {"type": "Point", "coordinates": [10.8206484, 59.8645007]}, "properties": {"id": 743585665, "feat_type": "way", "quality_categories": "older_than_five_years", "issue_ids": "[342]", "osm_url": "https://www.openstreetmap.org/way/743585665", "josm_url": "http://127.0.0.1:8111/load_object?new_layer=false&objects=w743585665", "id_url": "https://www.openstreetmap.org/edit?editor=id&way=743585665#map=20/59.8645007/10.8206484"}}, {"type": "Feature", "geometry": {"type": "Point", "coordinates": [10.8212496, 59.8641204]}, "properties": {"id": 743585666, "feat_type": "way", "quality_categories": "older_than_five_years", "issue_ids": "[342]", "osm_url": "https://www.openstreetmap.org/way/743585666", "josm_url": "http://127.0.0.1:8111/load_object?new_layer=false&objects=w743585666", "id_url": "https://www.openstreetmap.org/edit?editor=id&way=743585666#map=20/59.8641204/10.8212496"}}, {"type": "Feature", "geometry": {"type": "Point", "coordinates": [10.8219473, 59.8681302]}, "properties": {"id": 743596492, "feat_type": "way", "quality_categories": "older_than_five_years", "issue_ids": "[342]", "osm_url": "https://www.openstreetmap.org/way/743596492", "josm_url": "http://127.0.0.1:8111/load_object?new_layer=false&objects=w743596492", "id_url": "https://www.openstreetmap.org/edit?editor=id&way=743596492#map=20/59.8681302/10.8219473"}}, {"type": "Feature", "geometry": {"type": "Point", "coordinates": [10.8257577, 59.8678289]}, "properties": {"id": 743596499, "feat_type": "way", "quality_categories": "older_than_five_years", "issue_ids": "[342]", "osm_url": "https://www.openstreetmap.org/way/743596499", "josm_url": "http://127.0.0.1:8111/load_object?new_layer=false&objects=w743596499", "id_url": "https://www.openstreetmap.org/edit?editor=id&way=743596499#map=20/59.8678289/10.8257577"}}, {"type": "Feature", "geometry": {"type": "Point", "coordinates": [10.8265988, 59.8646579]}, "properties": {"id": 743624070, "feat_type": "way", "quality_categories": "older_than_five_years", "issue_ids": "[342]", "osm_url": "https://www.openstreetmap.org/way/743624070", "josm_url": "http://127.0.0.1:8111/load_object?new_layer=false&objects=w743624070", "id_url": "https://www.openstreetmap.org/edit?editor=id&way=743624070#map=20/59.8646579/10.8265988"}}, {"type": "Feature", "geometry": {"type": "Point", "coordinates": [10.8215037, 59.8706421]}, "properties": {"id": 743624083, "feat_type": "way", "quality_categories": "older_than_five_years", "issue_ids": "[342]", "osm_url": "https://www.openstreetmap.org/way/743624083", "josm_url": "http://127.0.0.1:8111/load_object?new_layer=false&objects=w743624083", "id_url": "https://www.openstreetmap.org/edit?editor=id&way=743624083#map=20/59.8706421/10.8215037"}}, {"type": "Feature", "geometry": {"type": "Point", "coordinates": [10.825, 59.8652849]}, "properties": {"id": 743624085, "feat_type": "way", "quality_categories": "older_than_five_years", "issue_ids": "[342]", "osm_url": "https://www.openstreetmap.org/way/743624085", "josm_url": "http://127.0.0.1:8111/load_object?new_layer=false&objects=w743624085", "id_url": "https://www.openstreetmap.org/edit?editor=id&way=743624085#map=20/59.8652849/10.825"}}, {"type": "Feature", "geometry": {"type": "Point", "coordinates": [10.8266505, 59.8659551]}, "properties": {"id": 743624086, "feat_type": "way", "quality_categories": "older_than_five_years", "issue_ids": "[342]", "osm_url": "https://www.openstreetmap.org/way/743624086", "josm_url": "http://127.0.0.1:8111/load_object?new_layer=false&objects=w743624086", "id_url": "https://www.openstreetmap.org/edit?editor=id&way=743624086#map=20/59.8659551/10.8266505"}}, {"type": "Feature", "geometry": {"type": "Point", "coordinates": [10.8069185, 59.8713937]}, "properties": {"id": 743681303, "feat_type": "way", "quality_categories": "older_than_five_years", "issue_ids": "[342]", "osm_url": "https://www.openstreetmap.org/way/743681303", "josm_url": "http://127.0.0.1:8111/load_object?new_layer=false&objects=w743681303", "id_url": "https://www.openstreetmap.org/edit?editor=id&way=743681303#map=20/59.8713937/10.8069185"}}, {"type": "Feature", "geometry": {"type": "Point", "coordinates": [10.806248, 59.8734935]}, "properties": {"id": 743685996, "feat_type": "way", "quality_categories": "older_than_five_years", "issue_ids": "[36]", "osm_url": "https://www.openstreetmap.org/way/743685996", "josm_url": "http://127.0.0.1:8111/load_object?new_layer=false&objects=w743685996", "id_url": "https://www.openstreetmap.org/edit?editor=id&way=743685996#map=20/59.8734935/10.806248"}}, {"type": "Feature", "geometry": {"type": "Point", "coordinates": [10.8072545, 59.8751423]}, "properties": {"id": 743710511, "feat_type": "way", "quality_categories": "older_than_five_years", "issue_ids": "[342]", "osm_url": "https://www.openstreetmap.org/way/743710511", "josm_url": "http://127.0.0.1:8111/load_object?new_layer=false&objects=w743710511", "id_url": "https://www.openstreetmap.org/edit?editor=id&way=743710511#map=20/59.8751423/10.8072545"}}, {"type": "Feature", "geometry": {"type": "Point", "coordinates": [10.8074543, 59.876759]}, "properties": {"id": 743710516, "feat_type": "way", "quality_categories": "older_than_five_years", "issue_ids": "[36]", "osm_url": "https://www.openstreetmap.org/way/743710516", "josm_url": "http://127.0.0.1:8111/load_object?new_layer=false&objects=w743710516", "id_url": "https://www.openstreetmap.org/edit?editor=id&way=743710516#map=20/59.876759/10.8074543"}}, {"type": "Feature", "geometry": {"type": "Point", "coordinates": [10.8057578, 59.8776955]}, "properties": {"id": 743710517, "feat_type": "way", "quality_categories": "older_than_five_years", "issue_ids": "[342]", "osm_url": "https://www.openstreetmap.org/way/743710517", "josm_url": "http://127.0.0.1:8111/load_object?new_layer=false&objects=w743710517", "id_url": "https://www.openstreetmap.org/edit?editor=id&way=743710517#map=20/59.8776955/10.8057578"}}, {"type": "Feature", "geometry": {"type": "Point", "coordinates": [10.8063586, 59.8778139]}, "properties": {"id": 743710519, "feat_type": "way", "quality_categories": "older_than_five_years", "issue_ids": "[342]", "osm_url": "https://www.openstreetmap.org/way/743710519", "josm_url": "http://127.0.0.1:8111/load_object?new_layer=false&objects=w743710519", "id_url": "https://www.openstreetmap.org/edit?editor=id&way=743710519#map=20/59.8778139/10.8063586"}}, {"type": "Feature", "geometry": {"type": "Point", "coordinates": [10.8047098, 59.8625779]}, "properties": {"id": 743724638, "feat_type": "way", "quality_categories": "older_than_five_years", "issue_ids": "[342]", "osm_url": "https://www.openstreetmap.org/way/743724638", "josm_url": "http://127.0.0.1:8111/load_object?new_layer=false&objects=w743724638", "id_url": "https://www.openstreetmap.org/edit?editor=id&way=743724638#map=20/59.8625779/10.8047098"}}, {"type": "Feature", "geometry": {"type": "Point", "coordinates": [10.8060826, 59.861669]}, "properties": {"id": 743724642, "feat_type": "way", "quality_categories": "older_than_five_years", "issue_ids": "[342]", "osm_url": "https://www.openstreetmap.org/way/743724642", "josm_url": "http://127.0.0.1:8111/load_object?new_layer=false&objects=w743724642", "id_url": "https://www.openstreetmap.org/edit?editor=id&way=743724642#map=20/59.861669/10.8060826"}}, {"type": "Feature", "geometry": {"type": "Point", "coordinates": [10.8028203, 59.8643821]}, "properties": {"id": 743724644, "feat_type": "way", "quality_categories": "older_than_five_years", "issue_ids": "[342]", "osm_url": "https://www.openstreetmap.org/way/743724644", "josm_url": "http://127.0.0.1:8111/load_object?new_layer=false&objects=w743724644", "id_url": "https://www.openstreetmap.org/edit?editor=id&way=743724644#map=20/59.8643821/10.8028203"}}, {"type": "Feature", "geometry": {"type": "Point", "coordinates": [10.8033901, 59.8608534]}, "properties": {"id": 743724646, "feat_type": "way", "quality_categories": "older_than_five_years", "issue_ids": "[342]", "osm_url": "https://www.openstreetmap.org/way/743724646", "josm_url": "http://127.0.0.1:8111/load_object?new_layer=false&objects=w743724646", "id_url": "https://www.openstreetmap.org/edit?editor=id&way=743724646#map=20/59.8608534/10.8033901"}}, {"type": "Feature", "geometry": {"type": "Point", "coordinates": [10.8018196, 59.8671885]}, "properties": {"id": 743724650, "feat_type": "way", "quality_categories": "older_than_five_years", "issue_ids": "[342]", "osm_url": "https://www.openstreetmap.org/way/743724650", "josm_url": "http://127.0.0.1:8111/load_object?new_layer=false&objects=w743724650", "id_url": "https://www.openstreetmap.org/edit?editor=id&way=743724650#map=20/59.8671885/10.8018196"}}, {"type": "Feature", "geometry": {"type": "Point", "coordinates": [10.7894453, 59.8705645]}, "properties": {"id": 743784391, "feat_type": "way", "quality_categories": "older_than_five_years", "issue_ids": "[36]", "osm_url": "https://www.openstreetmap.org/way/743784391", "josm_url": "http://127.0.0.1:8111/load_object?new_layer=false&objects=w743784391", "id_url": "https://www.openstreetmap.org/edit?editor=id&way=743784391#map=20/59.8705645/10.7894453"}}, {"type": "Feature", "geometry": {"type": "Point", "coordinates": [10.7919461, 59.8757548]}, "properties": {"id": 744147760, "feat_type": "way", "quality_categories": "older_than_five_years", "issue_ids": "[36]", "osm_url": "https://www.openstreetmap.org/way/744147760", "josm_url": "http://127.0.0.1:8111/load_object?new_layer=false&objects=w744147760", "id_url": "https://www.openstreetmap.org/edit?editor=id&way=744147760#map=20/59.8757548/10.7919461"}}, {"type": "Feature", "geometry": {"type": "Point", "coordinates": [10.8008165, 59.8725979]}, "properties": {"id": 744157372, "feat_type": "way", "quality_categories": "older_than_five_years", "issue_ids": "[36]", "osm_url": "https://www.openstreetmap.org/way/744157372", "josm_url": "http://127.0.0.1:8111/load_object?new_layer=false&objects=w744157372", "id_url": "https://www.openstreetmap.org/edit?editor=id&way=744157372#map=20/59.8725979/10.8008165"}}, {"type": "Feature", "geometry": {"type": "Point", "coordinates": [10.8010586, 59.8725479]}, "properties": {"id": 744157373, "feat_type": "way", "quality_categories": "older_than_five_years", "issue_ids": "[36]", "osm_url": "https://www.openstreetmap.org/way/744157373", "josm_url": "http://127.0.0.1:8111/load_object?new_layer=false&objects=w744157373", "id_url": "https://www.openstreetmap.org/edit?editor=id&way=744157373#map=20/59.8725479/10.8010586"}}, {"type": "Feature", "geometry": {"type": "Point", "coordinates": [10.8039305, 59.885283]}, "properties": {"id": 744187095, "feat_type": "way", "quality_categories": "older_than_five_years", "issue_ids": "[36]", "osm_url": "https://www.openstreetmap.org/way/744187095", "josm_url": "http://127.0.0.1:8111/load_object?new_layer=false&objects=w744187095", "id_url": "https://www.openstreetmap.org/edit?editor=id&way=744187095#map=20/59.885283/10.8039305"}}, {"type": "Feature", "geometry": {"type": "Point", "coordinates": [10.8023575, 59.8860789]}, "properties": {"id": 744187096, "feat_type": "way", "quality_categories": "older_than_five_years", "issue_ids": "[36]", "osm_url": "https://www.openstreetmap.org/way/744187096", "josm_url": "http://127.0.0.1:8111/load_object?new_layer=false&objects=w744187096", "id_url": "https://www.openstreetmap.org/edit?editor=id&way=744187096#map=20/59.8860789/10.8023575"}}, {"type": "Feature", "geometry": {"type": "Point", "coordinates": [10.7949316, 59.9227216]}, "properties": {"id": 744482374, "feat_type": "way", "quality_categories": "older_than_five_years", "issue_ids": "[160]", "osm_url": "https://www.openstreetmap.org/way/744482374", "josm_url": "http://127.0.0.1:8111/load_object?new_layer=false&objects=w744482374", "id_url": "https://www.openstreetmap.org/edit?editor=id&way=744482374#map=20/59.9227216/10.7949316"}}, {"type": "Feature", "geometry": {"type": "Point", "coordinates": [10.8825146, 59.9693144]}, "properties": {"id": 744814567, "feat_type": "way", "quality_categories": "older_than_five_years", "issue_ids": "[303]", "osm_url": "https://www.openstreetmap.org/way/744814567", "josm_url": "http://127.0.0.1:8111/load_object?new_layer=false&objects=w744814567", "id_url": "https://www.openstreetmap.org/edit?editor=id&way=744814567#map=20/59.9693144/10.8825146"}}, {"type": "Feature", "geometry": {"type": "Point", "coordinates": [10.796853, 59.9242894]}, "properties": {"id": 745002050, "feat_type": "way", "quality_categories": "older_than_five_years", "issue_ids": "[160]", "osm_url": "https://www.openstreetmap.org/way/745002050", "josm_url": "http://127.0.0.1:8111/load_object?new_layer=false&objects=w745002050", "id_url": "https://www.openstreetmap.org/edit?editor=id&way=745002050#map=20/59.9242894/10.796853"}}, {"type": "Feature", "geometry": {"type": "Point", "coordinates": [10.7684884, 59.9134255]}, "properties": {"id": 746900110, "feat_type": "way", "quality_categories": "older_than_five_years", "issue_ids": "[39]", "osm_url": "https://www.openstreetmap.org/way/746900110", "josm_url": "http://127.0.0.1:8111/load_object?new_layer=false&objects=w746900110", "id_url": "https://www.openstreetmap.org/edit?editor=id&way=746900110#map=20/59.9134255/10.7684884"}}, {"type": "Feature", "geometry": {"type": "Point", "coordinates": [10.7914435, 59.9273427]}, "properties": {"id": 751352368, "feat_type": "way", "quality_categories": "older_than_five_years", "issue_ids": "[160]", "osm_url": "https://www.openstreetmap.org/way/751352368", "josm_url": "http://127.0.0.1:8111/load_object?new_layer=false&objects=w751352368", "id_url": "https://www.openstreetmap.org/edit?editor=id&way=751352368#map=20/59.9273427/10.7914435"}}, {"type": "Feature", "geometry": {"type": "Point", "coordinates": [10.7889066, 59.9300326]}, "properties": {"id": 751352466, "feat_type": "way", "quality_categories": "older_than_five_years", "issue_ids": "[160]", "osm_url": "https://www.openstreetmap.org/way/751352466", "josm_url": "http://127.0.0.1:8111/load_object?new_layer=false&objects=w751352466", "id_url": "https://www.openstreetmap.org/edit?editor=id&way=751352466#map=20/59.9300326/10.7889066"}}, {"type": "Feature", "geometry": {"type": "Point", "coordinates": [10.7910699, 59.930532]}, "properties": {"id": 751352483, "feat_type": "way", "quality_categories": "older_than_five_years", "issue_ids": "[424]", "osm_url": "https://www.openstreetmap.org/way/751352483", "josm_url": "http://127.0.0.1:8111/load_object?new_layer=false&objects=w751352483", "id_url": "https://www.openstreetmap.org/edit?editor=id&way=751352483#map=20/59.930532/10.7910699"}}, {"type": "Feature", "geometry": {"type": "Point", "coordinates": [10.7674167, 59.9114794]}, "properties": {"id": 761333000, "feat_type": "way", "quality_categories": "older_than_five_years", "issue_ids": "[104]", "osm_url": "https://www.openstreetmap.org/way/761333000", "josm_url": "http://127.0.0.1:8111/load_object?new_layer=false&objects=w761333000", "id_url": "https://www.openstreetmap.org/edit?editor=id&way=761333000#map=20/59.9114794/10.7674167"}}, {"type": "Feature", "geometry": {"type": "Point", "coordinates": [10.7689122, 59.9125611]}, "properties": {"id": 761333011, "feat_type": "way", "quality_categories": "older_than_five_years", "issue_ids": "[224]", "osm_url": "https://www.openstreetmap.org/way/761333011", "josm_url": "http://127.0.0.1:8111/load_object?new_layer=false&objects=w761333011", "id_url": "https://www.openstreetmap.org/edit?editor=id&way=761333011#map=20/59.9125611/10.7689122"}}, {"type": "Feature", "geometry": {"type": "Point", "coordinates": [10.7621789, 59.9128637]}, "properties": {"id": 761438595, "feat_type": "way", "quality_categories": "older_than_five_years", "issue_ids": "[29]", "osm_url": "https://www.openstreetmap.org/way/761438595", "josm_url": "http://127.0.0.1:8111/load_object?new_layer=false&objects=w761438595", "id_url": "https://www.openstreetmap.org/edit?editor=id&way=761438595#map=20/59.9128637/10.7621789"}}, {"type": "Feature", "geometry": {"type": "Point", "coordinates": [10.7673041, 59.9504151]}, "properties": {"id": 761983628, "feat_type": "way", "quality_categories": "older_than_five_years", "issue_ids": "[37]", "osm_url": "https://www.openstreetmap.org/way/761983628", "josm_url": "http://127.0.0.1:8111/load_object?new_layer=false&objects=w761983628", "id_url": "https://www.openstreetmap.org/edit?editor=id&way=761983628#map=20/59.9504151/10.7673041"}}, {"type": "Feature", "geometry": {"type": "Point", "coordinates": [10.7654909, 59.9523177]}, "properties": {"id": 761983631, "feat_type": "way", "quality_categories": "older_than_five_years", "issue_ids": "[10]", "osm_url": "https://www.openstreetmap.org/way/761983631", "josm_url": "http://127.0.0.1:8111/load_object?new_layer=false&objects=w761983631", "id_url": "https://www.openstreetmap.org/edit?editor=id&way=761983631#map=20/59.9523177/10.7654909"}}, {"type": "Feature", "geometry": {"type": "Point", "coordinates": [10.7829103, 59.9200565]}, "properties": {"id": 765695077, "feat_type": "way", "quality_categories": "older_than_five_years", "issue_ids": "[7]", "osm_url": "https://www.openstreetmap.org/way/765695077", "josm_url": "http://127.0.0.1:8111/load_object?new_layer=false&objects=w765695077", "id_url": "https://www.openstreetmap.org/edit?editor=id&way=765695077#map=20/59.9200565/10.7829103"}}, {"type": "Feature", "geometry": {"type": "Point", "coordinates": [10.785626, 59.9210427]}, "properties": {"id": 765695078, "feat_type": "way", "quality_categories": "older_than_five_years", "issue_ids": "[160]", "osm_url": "https://www.openstreetmap.org/way/765695078", "josm_url": "http://127.0.0.1:8111/load_object?new_layer=false&objects=w765695078", "id_url": "https://www.openstreetmap.org/edit?editor=id&way=765695078#map=20/59.9210427/10.785626"}}, {"type": "Feature", "geometry": {"type": "Point", "coordinates": [10.7885992, 59.9210051]}, "properties": {"id": 765695086, "feat_type": "way", "quality_categories": "older_than_five_years", "issue_ids": "[160]", "osm_url": "https://www.openstreetmap.org/way/765695086", "josm_url": "http://127.0.0.1:8111/load_object?new_layer=false&objects=w765695086", "id_url": "https://www.openstreetmap.org/edit?editor=id&way=765695086#map=20/59.9210051/10.7885992"}}, {"type": "Feature", "geometry": {"type": "Point", "coordinates": [10.7572585, 59.9222291]}, "properties": {"id": 773783727, "feat_type": "way", "quality_categories": "older_than_five_years", "issue_ids": "[213]", "osm_url": "https://www.openstreetmap.org/way/773783727", "josm_url": "http://127.0.0.1:8111/load_object?new_layer=false&objects=w773783727", "id_url": "https://www.openstreetmap.org/edit?editor=id&way=773783727#map=20/59.9222291/10.7572585"}}, {"type": "Feature", "geometry": {"type": "Point", "coordinates": [10.7579072, 59.9308812]}, "properties": {"id": 773783741, "feat_type": "way", "quality_categories": "older_than_five_years", "issue_ids": "[451]", "osm_url": "https://www.openstreetmap.org/way/773783741", "josm_url": "http://127.0.0.1:8111/load_object?new_layer=false&objects=w773783741", "id_url": "https://www.openstreetmap.org/edit?editor=id&way=773783741#map=20/59.9308812/10.7579072"}}, {"type": "Feature", "geometry": {"type": "Point", "coordinates": [10.7670233, 59.9115019]}, "properties": {"id": 776748997, "feat_type": "way", "quality_categories": "older_than_five_years", "issue_ids": "[120]", "osm_url": "https://www.openstreetmap.org/way/776748997", "josm_url": "http://127.0.0.1:8111/load_object?new_layer=false&objects=w776748997", "id_url": "https://www.openstreetmap.org/edit?editor=id&way=776748997#map=20/59.9115019/10.7670233"}}, {"type": "Feature", "geometry": {"type": "Point", "coordinates": [10.7611051, 59.9139516]}, "properties": {"id": 781379897, "feat_type": "way", "quality_categories": "older_than_five_years", "issue_ids": "[335]", "osm_url": "https://www.openstreetmap.org/way/781379897", "josm_url": "http://127.0.0.1:8111/load_object?new_layer=false&objects=w781379897", "id_url": "https://www.openstreetmap.org/edit?editor=id&way=781379897#map=20/59.9139516/10.7611051"}}, {"type": "Feature", "geometry": {"type": "Point", "coordinates": [10.7689527, 59.9304819]}, "properties": {"id": 782351554, "feat_type": "way", "quality_categories": "older_than_five_years", "issue_ids": "[49]", "osm_url": "https://www.openstreetmap.org/way/782351554", "josm_url": "http://127.0.0.1:8111/load_object?new_layer=false&objects=w782351554", "id_url": "https://www.openstreetmap.org/edit?editor=id&way=782351554#map=20/59.9304819/10.7689527"}}, {"type": "Feature", "geometry": {"type": "Point", "coordinates": [10.768987, 59.9316326]}, "properties": {"id": 782351555, "feat_type": "way", "quality_categories": "older_than_five_years", "issue_ids": "[145]", "osm_url": "https://www.openstreetmap.org/way/782351555", "josm_url": "http://127.0.0.1:8111/load_object?new_layer=false&objects=w782351555", "id_url": "https://www.openstreetmap.org/edit?editor=id&way=782351555#map=20/59.9316326/10.768987"}}, {"type": "Feature", "geometry": {"type": "Point", "coordinates": [10.8525662, 59.9429536]}, "properties": {"id": 784305298, "feat_type": "way", "quality_categories": "missing_tags, older_than_five_years", "issue_ids": "[452, 4]", "osm_url": "https://www.openstreetmap.org/way/784305298", "josm_url": "http://127.0.0.1:8111/load_object?new_layer=false&objects=w784305298", "id_url": "https://www.openstreetmap.org/edit?editor=id&way=784305298#map=20/59.9429536/10.8525662"}}, {"type": "Feature", "geometry": {"type": "Point", "coordinates": [10.7579607, 59.9389912]}, "properties": {"id": 787075144, "feat_type": "way", "quality_categories": "older_than_five_years", "issue_ids": "[453]", "osm_url": "https://www.openstreetmap.org/way/787075144", "josm_url": "http://127.0.0.1:8111/load_object?new_layer=false&objects=w787075144", "id_url": "https://www.openstreetmap.org/edit?editor=id&way=787075144#map=20/59.9389912/10.7579607"}}, {"type": "Feature", "geometry": {"type": "Point", "coordinates": [10.7297123, 59.9293548]}, "properties": {"id": 787503769, "feat_type": "way", "quality_categories": "older_than_five_years", "issue_ids": "[70]", "osm_url": "https://www.openstreetmap.org/way/787503769", "josm_url": "http://127.0.0.1:8111/load_object?new_layer=false&objects=w787503769", "id_url": "https://www.openstreetmap.org/edit?editor=id&way=787503769#map=20/59.9293548/10.7297123"}}, {"type": "Feature", "geometry": {"type": "Point", "coordinates": [10.6115263, 60.0169851]}, "properties": {"id": 789811731, "feat_type": "way", "quality_categories": "older_than_five_years", "issue_ids": "[454]", "osm_url": "https://www.openstreetmap.org/way/789811731", "josm_url": "http://127.0.0.1:8111/load_object?new_layer=false&objects=w789811731", "id_url": "https://www.openstreetmap.org/edit?editor=id&way=789811731#map=20/60.0169851/10.6115263"}}, {"type": "Feature", "geometry": {"type": "Point", "coordinates": [10.6140187, 60.0178399]}, "properties": {"id": 791117468, "feat_type": "way", "quality_categories": "older_than_five_years", "issue_ids": "[99]", "osm_url": "https://www.openstreetmap.org/way/791117468", "josm_url": "http://127.0.0.1:8111/load_object?new_layer=false&objects=w791117468", "id_url": "https://www.openstreetmap.org/edit?editor=id&way=791117468#map=20/60.0178399/10.6140187"}}, {"type": "Feature", "geometry": {"type": "Point", "coordinates": [10.6312211, 59.990557]}, "properties": {"id": 794251453, "feat_type": "way", "quality_categories": "older_than_five_years", "issue_ids": "[455]", "osm_url": "https://www.openstreetmap.org/way/794251453", "josm_url": "http://127.0.0.1:8111/load_object?new_layer=false&objects=w794251453", "id_url": "https://www.openstreetmap.org/edit?editor=id&way=794251453#map=20/59.990557/10.6312211"}}, {"type": "Feature", "geometry": {"type": "Point", "coordinates": [10.628728, 59.9918967]}, "properties": {"id": 794251462, "feat_type": "way", "quality_categories": "older_than_five_years", "issue_ids": "[456]", "osm_url": "https://www.openstreetmap.org/way/794251462", "josm_url": "http://127.0.0.1:8111/load_object?new_layer=false&objects=w794251462", "id_url": "https://www.openstreetmap.org/edit?editor=id&way=794251462#map=20/59.9918967/10.628728"}}, {"type": "Feature", "geometry": {"type": "Point", "coordinates": [10.6270784, 59.9917277]}, "properties": {"id": 794448393, "feat_type": "way", "quality_categories": "older_than_five_years", "issue_ids": "[455]", "osm_url": "https://www.openstreetmap.org/way/794448393", "josm_url": "http://127.0.0.1:8111/load_object?new_layer=false&objects=w794448393", "id_url": "https://www.openstreetmap.org/edit?editor=id&way=794448393#map=20/59.9917277/10.6270784"}}, {"type": "Feature", "geometry": {"type": "Point", "coordinates": [10.6255959, 59.9914979]}, "properties": {"id": 794448394, "feat_type": "way", "quality_categories": "older_than_five_years", "issue_ids": "[455]", "osm_url": "https://www.openstreetmap.org/way/794448394", "josm_url": "http://127.0.0.1:8111/load_object?new_layer=false&objects=w794448394", "id_url": "https://www.openstreetmap.org/edit?editor=id&way=794448394#map=20/59.9914979/10.6255959"}}, {"type": "Feature", "geometry": {"type": "Point", "coordinates": [10.6233568, 59.9915423]}, "properties": {"id": 794448402, "feat_type": "way", "quality_categories": "older_than_five_years", "issue_ids": "[455]", "osm_url": "https://www.openstreetmap.org/way/794448402", "josm_url": "http://127.0.0.1:8111/load_object?new_layer=false&objects=w794448402", "id_url": "https://www.openstreetmap.org/edit?editor=id&way=794448402#map=20/59.9915423/10.6233568"}}, {"type": "Feature", "geometry": {"type": "Point", "coordinates": [10.6233568, 59.9915423]}, "properties": {"id": 794448403, "feat_type": "way", "quality_categories": "older_than_five_years", "issue_ids": "[455]", "osm_url": "https://www.openstreetmap.org/way/794448403", "josm_url": "http://127.0.0.1:8111/load_object?new_layer=false&objects=w794448403", "id_url": "https://www.openstreetmap.org/edit?editor=id&way=794448403#map=20/59.9915423/10.6233568"}}, {"type": "Feature", "geometry": {"type": "Point", "coordinates": [10.6240529, 59.991061]}, "properties": {"id": 794448416, "feat_type": "way", "quality_categories": "older_than_five_years", "issue_ids": "[455]", "osm_url": "https://www.openstreetmap.org/way/794448416", "josm_url": "http://127.0.0.1:8111/load_object?new_layer=false&objects=w794448416", "id_url": "https://www.openstreetmap.org/edit?editor=id&way=794448416#map=20/59.991061/10.6240529"}}, {"type": "Feature", "geometry": {"type": "Point", "coordinates": [10.6129539, 60.0168291]}, "properties": {"id": 795408609, "feat_type": "way", "quality_categories": "older_than_five_years", "issue_ids": "[457]", "osm_url": "https://www.openstreetmap.org/way/795408609", "josm_url": "http://127.0.0.1:8111/load_object?new_layer=false&objects=w795408609", "id_url": "https://www.openstreetmap.org/edit?editor=id&way=795408609#map=20/60.0168291/10.6129539"}}, {"type": "Feature", "geometry": {"type": "Point", "coordinates": [10.6191351, 60.0078975]}, "properties": {"id": 795671952, "feat_type": "way", "quality_categories": "older_than_five_years", "issue_ids": "[27]", "osm_url": "https://www.openstreetmap.org/way/795671952", "josm_url": "http://127.0.0.1:8111/load_object?new_layer=false&objects=w795671952", "id_url": "https://www.openstreetmap.org/edit?editor=id&way=795671952#map=20/60.0078975/10.6191351"}}, {"type": "Feature", "geometry": {"type": "Point", "coordinates": [10.760967, 59.9223694]}, "properties": {"id": 795775126, "feat_type": "way", "quality_categories": "older_than_five_years", "issue_ids": "[458]", "osm_url": "https://www.openstreetmap.org/way/795775126", "josm_url": "http://127.0.0.1:8111/load_object?new_layer=false&objects=w795775126", "id_url": "https://www.openstreetmap.org/edit?editor=id&way=795775126#map=20/59.9223694/10.760967"}}, {"type": "Feature", "geometry": {"type": "Point", "coordinates": [10.6373972, 59.9614181]}, "properties": {"id": 796272642, "feat_type": "way", "quality_categories": "older_than_five_years", "issue_ids": "[51]", "osm_url": "https://www.openstreetmap.org/way/796272642", "josm_url": "http://127.0.0.1:8111/load_object?new_layer=false&objects=w796272642", "id_url": "https://www.openstreetmap.org/edit?editor=id&way=796272642#map=20/59.9614181/10.6373972"}}, {"type": "Feature", "geometry": {"type": "Point", "coordinates": [10.7515202, 59.9655335]}, "properties": {"id": 798034459, "feat_type": "way", "quality_categories": "older_than_five_years", "issue_ids": "[97]", "osm_url": "https://www.openstreetmap.org/way/798034459", "josm_url": "http://127.0.0.1:8111/load_object?new_layer=false&objects=w798034459", "id_url": "https://www.openstreetmap.org/edit?editor=id&way=798034459#map=20/59.9655335/10.7515202"}}, {"type": "Feature", "geometry": {"type": "Point", "coordinates": [10.7369407, 59.9665947]}, "properties": {"id": 798129081, "feat_type": "way", "quality_categories": "older_than_five_years", "issue_ids": "[97]", "osm_url": "https://www.openstreetmap.org/way/798129081", "josm_url": "http://127.0.0.1:8111/load_object?new_layer=false&objects=w798129081", "id_url": "https://www.openstreetmap.org/edit?editor=id&way=798129081#map=20/59.9665947/10.7369407"}}, {"type": "Feature", "geometry": {"type": "Point", "coordinates": [10.738409, 59.9658206]}, "properties": {"id": 798129082, "feat_type": "way", "quality_categories": "older_than_five_years", "issue_ids": "[190]", "osm_url": "https://www.openstreetmap.org/way/798129082", "josm_url": "http://127.0.0.1:8111/load_object?new_layer=false&objects=w798129082", "id_url": "https://www.openstreetmap.org/edit?editor=id&way=798129082#map=20/59.9658206/10.738409"}}, {"type": "Feature", "geometry": {"type": "Point", "coordinates": [10.7334267, 59.9670333]}, "properties": {"id": 798878655, "feat_type": "way", "quality_categories": "older_than_five_years", "issue_ids": "[459]", "osm_url": "https://www.openstreetmap.org/way/798878655", "josm_url": "http://127.0.0.1:8111/load_object?new_layer=false&objects=w798878655", "id_url": "https://www.openstreetmap.org/edit?editor=id&way=798878655#map=20/59.9670333/10.7334267"}}, {"type": "Feature", "geometry": {"type": "Point", "coordinates": [10.7339705, 59.9656808]}, "properties": {"id": 798955017, "feat_type": "way", "quality_categories": "older_than_five_years", "issue_ids": "[460]", "osm_url": "https://www.openstreetmap.org/way/798955017", "josm_url": "http://127.0.0.1:8111/load_object?new_layer=false&objects=w798955017", "id_url": "https://www.openstreetmap.org/edit?editor=id&way=798955017#map=20/59.9656808/10.7339705"}}, {"type": "Feature", "geometry": {"type": "Point", "coordinates": [10.6854446, 59.9597172]}, "properties": {"id": 800485629, "feat_type": "way", "quality_categories": "older_than_five_years", "issue_ids": "[458]", "osm_url": "https://www.openstreetmap.org/way/800485629", "josm_url": "http://127.0.0.1:8111/load_object?new_layer=false&objects=w800485629", "id_url": "https://www.openstreetmap.org/edit?editor=id&way=800485629#map=20/59.9597172/10.6854446"}}, {"type": "Feature", "geometry": {"type": "Point", "coordinates": [10.6854319, 59.9594937]}, "properties": {"id": 800485634, "feat_type": "way", "quality_categories": "older_than_five_years", "issue_ids": "[458]", "osm_url": "https://www.openstreetmap.org/way/800485634", "josm_url": "http://127.0.0.1:8111/load_object?new_layer=false&objects=w800485634", "id_url": "https://www.openstreetmap.org/edit?editor=id&way=800485634#map=20/59.9594937/10.6854319"}}, {"type": "Feature", "geometry": {"type": "Point", "coordinates": [10.6669226, 59.9615967]}, "properties": {"id": 801422500, "feat_type": "way", "quality_categories": "older_than_five_years", "issue_ids": "[461]", "osm_url": "https://www.openstreetmap.org/way/801422500", "josm_url": "http://127.0.0.1:8111/load_object?new_layer=false&objects=w801422500", "id_url": "https://www.openstreetmap.org/edit?editor=id&way=801422500#map=20/59.9615967/10.6669226"}}, {"type": "Feature", "geometry": {"type": "Point", "coordinates": [10.6721795, 59.9646435]}, "properties": {"id": 801865982, "feat_type": "way", "quality_categories": "older_than_five_years", "issue_ids": "[31]", "osm_url": "https://www.openstreetmap.org/way/801865982", "josm_url": "http://127.0.0.1:8111/load_object?new_layer=false&objects=w801865982", "id_url": "https://www.openstreetmap.org/edit?editor=id&way=801865982#map=20/59.9646435/10.6721795"}}, {"type": "Feature", "geometry": {"type": "Point", "coordinates": [10.6720503, 59.9643621]}, "properties": {"id": 801865983, "feat_type": "way", "quality_categories": "older_than_five_years", "issue_ids": "[31]", "osm_url": "https://www.openstreetmap.org/way/801865983", "josm_url": "http://127.0.0.1:8111/load_object?new_layer=false&objects=w801865983", "id_url": "https://www.openstreetmap.org/edit?editor=id&way=801865983#map=20/59.9643621/10.6720503"}}, {"type": "Feature", "geometry": {"type": "Point", "coordinates": [10.6717407, 59.964295]}, "properties": {"id": 801865984, "feat_type": "way", "quality_categories": "older_than_five_years", "issue_ids": "[31]", "osm_url": "https://www.openstreetmap.org/way/801865984", "josm_url": "http://127.0.0.1:8111/load_object?new_layer=false&objects=w801865984", "id_url": "https://www.openstreetmap.org/edit?editor=id&way=801865984#map=20/59.964295/10.6717407"}}, {"type": "Feature", "geometry": {"type": "Point", "coordinates": [10.6721134, 59.9645736]}, "properties": {"id": 801865985, "feat_type": "way", "quality_categories": "older_than_five_years", "issue_ids": "[31]", "osm_url": "https://www.openstreetmap.org/way/801865985", "josm_url": "http://127.0.0.1:8111/load_object?new_layer=false&objects=w801865985", "id_url": "https://www.openstreetmap.org/edit?editor=id&way=801865985#map=20/59.9645736/10.6721134"}}, {"type": "Feature", "geometry": {"type": "Point", "coordinates": [10.6711344, 59.9637895]}, "properties": {"id": 801865988, "feat_type": "way", "quality_categories": "older_than_five_years", "issue_ids": "[31]", "osm_url": "https://www.openstreetmap.org/way/801865988", "josm_url": "http://127.0.0.1:8111/load_object?new_layer=false&objects=w801865988", "id_url": "https://www.openstreetmap.org/edit?editor=id&way=801865988#map=20/59.9637895/10.6711344"}}, {"type": "Feature", "geometry": {"type": "Point", "coordinates": [10.6716178, 59.9640271]}, "properties": {"id": 801865990, "feat_type": "way", "quality_categories": "older_than_five_years", "issue_ids": "[31]", "osm_url": "https://www.openstreetmap.org/way/801865990", "josm_url": "http://127.0.0.1:8111/load_object?new_layer=false&objects=w801865990", "id_url": "https://www.openstreetmap.org/edit?editor=id&way=801865990#map=20/59.9640271/10.6716178"}}, {"type": "Feature", "geometry": {"type": "Point", "coordinates": [10.8206612, 59.896483]}, "properties": {"id": 801898427, "feat_type": "way", "quality_categories": "older_than_five_years", "issue_ids": "[31]", "osm_url": "https://www.openstreetmap.org/way/801898427", "josm_url": "http://127.0.0.1:8111/load_object?new_layer=false&objects=w801898427", "id_url": "https://www.openstreetmap.org/edit?editor=id&way=801898427#map=20/59.896483/10.8206612"}}, {"type": "Feature", "geometry": {"type": "Point", "coordinates": [10.6659875, 59.9623282]}, "properties": {"id": 801945039, "feat_type": "way", "quality_categories": "older_than_five_years", "issue_ids": "[2]", "osm_url": "https://www.openstreetmap.org/way/801945039", "josm_url": "http://127.0.0.1:8111/load_object?new_layer=false&objects=w801945039", "id_url": "https://www.openstreetmap.org/edit?editor=id&way=801945039#map=20/59.9623282/10.6659875"}}, {"type": "Feature", "geometry": {"type": "Point", "coordinates": [10.6655129, 59.9630892]}, "properties": {"id": 802126599, "feat_type": "way", "quality_categories": "older_than_five_years", "issue_ids": "[462]", "osm_url": "https://www.openstreetmap.org/way/802126599", "josm_url": "http://127.0.0.1:8111/load_object?new_layer=false&objects=w802126599", "id_url": "https://www.openstreetmap.org/edit?editor=id&way=802126599#map=20/59.9630892/10.6655129"}}, {"type": "Feature", "geometry": {"type": "Point", "coordinates": [10.6664029, 59.9640224]}, "properties": {"id": 802705083, "feat_type": "way", "quality_categories": "older_than_five_years", "issue_ids": "[172]", "osm_url": "https://www.openstreetmap.org/way/802705083", "josm_url": "http://127.0.0.1:8111/load_object?new_layer=false&objects=w802705083", "id_url": "https://www.openstreetmap.org/edit?editor=id&way=802705083#map=20/59.9640224/10.6664029"}}, {"type": "Feature", "geometry": {"type": "Point", "coordinates": [10.6668355, 59.9645054]}, "properties": {"id": 802705084, "feat_type": "way", "quality_categories": "older_than_five_years", "issue_ids": "[172]", "osm_url": "https://www.openstreetmap.org/way/802705084", "josm_url": "http://127.0.0.1:8111/load_object?new_layer=false&objects=w802705084", "id_url": "https://www.openstreetmap.org/edit?editor=id&way=802705084#map=20/59.9645054/10.6668355"}}, {"type": "Feature", "geometry": {"type": "Point", "coordinates": [10.6668076, 59.9648993]}, "properties": {"id": 802705085, "feat_type": "way", "quality_categories": "older_than_five_years", "issue_ids": "[462]", "osm_url": "https://www.openstreetmap.org/way/802705085", "josm_url": "http://127.0.0.1:8111/load_object?new_layer=false&objects=w802705085", "id_url": "https://www.openstreetmap.org/edit?editor=id&way=802705085#map=20/59.9648993/10.6668076"}}, {"type": "Feature", "geometry": {"type": "Point", "coordinates": [10.672213, 59.9647863]}, "properties": {"id": 803102360, "feat_type": "way", "quality_categories": "older_than_five_years", "issue_ids": "[344]", "osm_url": "https://www.openstreetmap.org/way/803102360", "josm_url": "http://127.0.0.1:8111/load_object?new_layer=false&objects=w803102360", "id_url": "https://www.openstreetmap.org/edit?editor=id&way=803102360#map=20/59.9647863/10.672213"}}, {"type": "Feature", "geometry": {"type": "Point", "coordinates": [10.6668764, 59.9660788]}, "properties": {"id": 803508136, "feat_type": "way", "quality_categories": "older_than_five_years", "issue_ids": "[136]", "osm_url": "https://www.openstreetmap.org/way/803508136", "josm_url": "http://127.0.0.1:8111/load_object?new_layer=false&objects=w803508136", "id_url": "https://www.openstreetmap.org/edit?editor=id&way=803508136#map=20/59.9660788/10.6668764"}}, {"type": "Feature", "geometry": {"type": "Point", "coordinates": [10.70819, 59.9284588]}, "properties": {"id": 807633759, "feat_type": "way", "quality_categories": "older_than_five_years", "issue_ids": "[463]", "osm_url": "https://www.openstreetmap.org/way/807633759", "josm_url": "http://127.0.0.1:8111/load_object?new_layer=false&objects=w807633759", "id_url": "https://www.openstreetmap.org/edit?editor=id&way=807633759#map=20/59.9284588/10.70819"}}, {"type": "Feature", "geometry": {"type": "Point", "coordinates": [10.712168, 59.9267722]}, "properties": {"id": 807633771, "feat_type": "way", "quality_categories": "older_than_five_years", "issue_ids": "[39]", "osm_url": "https://www.openstreetmap.org/way/807633771", "josm_url": "http://127.0.0.1:8111/load_object?new_layer=false&objects=w807633771", "id_url": "https://www.openstreetmap.org/edit?editor=id&way=807633771#map=20/59.9267722/10.712168"}}, {"type": "Feature", "geometry": {"type": "Point", "coordinates": [10.7137111, 59.9295978]}, "properties": {"id": 807738690, "feat_type": "way", "quality_categories": "older_than_five_years", "issue_ids": "[15]", "osm_url": "https://www.openstreetmap.org/way/807738690", "josm_url": "http://127.0.0.1:8111/load_object?new_layer=false&objects=w807738690", "id_url": "https://www.openstreetmap.org/edit?editor=id&way=807738690#map=20/59.9295978/10.7137111"}}, {"type": "Feature", "geometry": {"type": "Point", "coordinates": [10.7138565, 59.9296606]}, "properties": {"id": 807738692, "feat_type": "way", "quality_categories": "older_than_five_years", "issue_ids": "[15]", "osm_url": "https://www.openstreetmap.org/way/807738692", "josm_url": "http://127.0.0.1:8111/load_object?new_layer=false&objects=w807738692", "id_url": "https://www.openstreetmap.org/edit?editor=id&way=807738692#map=20/59.9296606/10.7138565"}}, {"type": "Feature", "geometry": {"type": "Point", "coordinates": [10.7152435, 59.9289517]}, "properties": {"id": 807738695, "feat_type": "way", "quality_categories": "older_than_five_years", "issue_ids": "[42]", "osm_url": "https://www.openstreetmap.org/way/807738695", "josm_url": "http://127.0.0.1:8111/load_object?new_layer=false&objects=w807738695", "id_url": "https://www.openstreetmap.org/edit?editor=id&way=807738695#map=20/59.9289517/10.7152435"}}, {"type": "Feature", "geometry": {"type": "Point", "coordinates": [10.7152813, 59.9289431]}, "properties": {"id": 807738696, "feat_type": "way", "quality_categories": "older_than_five_years", "issue_ids": "[42]", "osm_url": "https://www.openstreetmap.org/way/807738696", "josm_url": "http://127.0.0.1:8111/load_object?new_layer=false&objects=w807738696", "id_url": "https://www.openstreetmap.org/edit?editor=id&way=807738696#map=20/59.9289431/10.7152813"}}, {"type": "Feature", "geometry": {"type": "Point", "coordinates": [10.7149981, 59.9285204]}, "properties": {"id": 807738701, "feat_type": "way", "quality_categories": "older_than_five_years", "issue_ids": "[42]", "osm_url": "https://www.openstreetmap.org/way/807738701", "josm_url": "http://127.0.0.1:8111/load_object?new_layer=false&objects=w807738701", "id_url": "https://www.openstreetmap.org/edit?editor=id&way=807738701#map=20/59.9285204/10.7149981"}}, {"type": "Feature", "geometry": {"type": "Point", "coordinates": [10.7659542, 59.9335699]}, "properties": {"id": 807764357, "feat_type": "way", "quality_categories": "older_than_five_years", "issue_ids": "[119]", "osm_url": "https://www.openstreetmap.org/way/807764357", "josm_url": "http://127.0.0.1:8111/load_object?new_layer=false&objects=w807764357", "id_url": "https://www.openstreetmap.org/edit?editor=id&way=807764357#map=20/59.9335699/10.7659542"}}, {"type": "Feature", "geometry": {"type": "Point", "coordinates": [10.7125342, 59.9177913]}, "properties": {"id": 807857613, "feat_type": "way", "quality_categories": "missing_tags, older_than_five_years", "issue_ids": "[42, 4]", "osm_url": "https://www.openstreetmap.org/way/807857613", "josm_url": "http://127.0.0.1:8111/load_object?new_layer=false&objects=w807857613", "id_url": "https://www.openstreetmap.org/edit?editor=id&way=807857613#map=20/59.9177913/10.7125342"}}, {"type": "Feature", "geometry": {"type": "Point", "coordinates": [10.7124997, 59.9177905]}, "properties": {"id": 807857616, "feat_type": "way", "quality_categories": "missing_tags, older_than_five_years", "issue_ids": "[42, 4]", "osm_url": "https://www.openstreetmap.org/way/807857616", "josm_url": "http://127.0.0.1:8111/load_object?new_layer=false&objects=w807857616", "id_url": "https://www.openstreetmap.org/edit?editor=id&way=807857616#map=20/59.9177905/10.7124997"}}, {"type": "Feature", "geometry": {"type": "Point", "coordinates": [10.7660783, 59.9335803]}, "properties": {"id": 807964768, "feat_type": "way", "quality_categories": "older_than_five_years", "issue_ids": "[119]", "osm_url": "https://www.openstreetmap.org/way/807964768", "josm_url": "http://127.0.0.1:8111/load_object?new_layer=false&objects=w807964768", "id_url": "https://www.openstreetmap.org/edit?editor=id&way=807964768#map=20/59.9335803/10.7660783"}}, {"type": "Feature", "geometry": {"type": "Point", "coordinates": [10.7665821, 59.9340217]}, "properties": {"id": 808014075, "feat_type": "way", "quality_categories": "older_than_five_years", "issue_ids": "[119]", "osm_url": "https://www.openstreetmap.org/way/808014075", "josm_url": "http://127.0.0.1:8111/load_object?new_layer=false&objects=w808014075", "id_url": "https://www.openstreetmap.org/edit?editor=id&way=808014075#map=20/59.9340217/10.7665821"}}, {"type": "Feature", "geometry": {"type": "Point", "coordinates": [10.766209, 59.9338671]}, "properties": {"id": 808014076, "feat_type": "way", "quality_categories": "older_than_five_years", "issue_ids": "[119]", "osm_url": "https://www.openstreetmap.org/way/808014076", "josm_url": "http://127.0.0.1:8111/load_object?new_layer=false&objects=w808014076", "id_url": "https://www.openstreetmap.org/edit?editor=id&way=808014076#map=20/59.9338671/10.766209"}}, {"type": "Feature", "geometry": {"type": "Point", "coordinates": [10.7664096, 59.9338234]}, "properties": {"id": 808014078, "feat_type": "way", "quality_categories": "older_than_five_years", "issue_ids": "[119]", "osm_url": "https://www.openstreetmap.org/way/808014078", "josm_url": "http://127.0.0.1:8111/load_object?new_layer=false&objects=w808014078", "id_url": "https://www.openstreetmap.org/edit?editor=id&way=808014078#map=20/59.9338234/10.7664096"}}, {"type": "Feature", "geometry": {"type": "Point", "coordinates": [10.7664439, 59.9338627]}, "properties": {"id": 808014080, "feat_type": "way", "quality_categories": "older_than_five_years", "issue_ids": "[119]", "osm_url": "https://www.openstreetmap.org/way/808014080", "josm_url": "http://127.0.0.1:8111/load_object?new_layer=false&objects=w808014080", "id_url": "https://www.openstreetmap.org/edit?editor=id&way=808014080#map=20/59.9338627/10.7664439"}}, {"type": "Feature", "geometry": {"type": "Point", "coordinates": [10.7663814, 59.9340683]}, "properties": {"id": 808014081, "feat_type": "way", "quality_categories": "older_than_five_years", "issue_ids": "[119]", "osm_url": "https://www.openstreetmap.org/way/808014081", "josm_url": "http://127.0.0.1:8111/load_object?new_layer=false&objects=w808014081", "id_url": "https://www.openstreetmap.org/edit?editor=id&way=808014081#map=20/59.9340683/10.7663814"}}, {"type": "Feature", "geometry": {"type": "Point", "coordinates": [10.766209, 59.9338671]}, "properties": {"id": 808014084, "feat_type": "way", "quality_categories": "older_than_five_years", "issue_ids": "[119]", "osm_url": "https://www.openstreetmap.org/way/808014084", "josm_url": "http://127.0.0.1:8111/load_object?new_layer=false&objects=w808014084", "id_url": "https://www.openstreetmap.org/edit?editor=id&way=808014084#map=20/59.9338671/10.766209"}}, {"type": "Feature", "geometry": {"type": "Point", "coordinates": [10.7162392, 59.9160401]}, "properties": {"id": 809900943, "feat_type": "way", "quality_categories": "missing_tags, older_than_five_years", "issue_ids": "[91, 4]", "osm_url": "https://www.openstreetmap.org/way/809900943", "josm_url": "http://127.0.0.1:8111/load_object?new_layer=false&objects=w809900943", "id_url": "https://www.openstreetmap.org/edit?editor=id&way=809900943#map=20/59.9160401/10.7162392"}}, {"type": "Feature", "geometry": {"type": "Point", "coordinates": [10.7161633, 59.9160397]}, "properties": {"id": 809900944, "feat_type": "way", "quality_categories": "missing_tags, older_than_five_years", "issue_ids": "[91, 4]", "osm_url": "https://www.openstreetmap.org/way/809900944", "josm_url": "http://127.0.0.1:8111/load_object?new_layer=false&objects=w809900944", "id_url": "https://www.openstreetmap.org/edit?editor=id&way=809900944#map=20/59.9160397/10.7161633"}}, {"type": "Feature", "geometry": {"type": "Point", "coordinates": [10.7277442, 59.9201077]}, "properties": {"id": 810064392, "feat_type": "way", "quality_categories": "older_than_five_years", "issue_ids": "[463]", "osm_url": "https://www.openstreetmap.org/way/810064392", "josm_url": "http://127.0.0.1:8111/load_object?new_layer=false&objects=w810064392", "id_url": "https://www.openstreetmap.org/edit?editor=id&way=810064392#map=20/59.9201077/10.7277442"}}, {"type": "Feature", "geometry": {"type": "Point", "coordinates": [10.7662745, 59.9125308]}, "properties": {"id": 813191246, "feat_type": "way", "quality_categories": "older_than_five_years", "issue_ids": "[39]", "osm_url": "https://www.openstreetmap.org/way/813191246", "josm_url": "http://127.0.0.1:8111/load_object?new_layer=false&objects=w813191246", "id_url": "https://www.openstreetmap.org/edit?editor=id&way=813191246#map=20/59.9125308/10.7662745"}}, {"type": "Feature", "geometry": {"type": "Point", "coordinates": [10.7873183, 59.9223438]}, "properties": {"id": 813345186, "feat_type": "way", "quality_categories": "older_than_five_years", "issue_ids": "[7]", "osm_url": "https://www.openstreetmap.org/way/813345186", "josm_url": "http://127.0.0.1:8111/load_object?new_layer=false&objects=w813345186", "id_url": "https://www.openstreetmap.org/edit?editor=id&way=813345186#map=20/59.9223438/10.7873183"}}, {"type": "Feature", "geometry": {"type": "Point", "coordinates": [10.7612886, 59.9061374]}, "properties": {"id": 815079308, "feat_type": "way", "quality_categories": "older_than_five_years", "issue_ids": "[7]", "osm_url": "https://www.openstreetmap.org/way/815079308", "josm_url": "http://127.0.0.1:8111/load_object?new_layer=false&objects=w815079308", "id_url": "https://www.openstreetmap.org/edit?editor=id&way=815079308#map=20/59.9061374/10.7612886"}}, {"type": "Feature", "geometry": {"type": "Point", "coordinates": [10.8456228, 59.8836279]}, "properties": {"id": 816603123, "feat_type": "way", "quality_categories": "older_than_five_years", "issue_ids": "[211]", "osm_url": "https://www.openstreetmap.org/way/816603123", "josm_url": "http://127.0.0.1:8111/load_object?new_layer=false&objects=w816603123", "id_url": "https://www.openstreetmap.org/edit?editor=id&way=816603123#map=20/59.8836279/10.8456228"}}, {"type": "Feature", "geometry": {"type": "Point", "coordinates": [10.8445608, 59.8844718]}, "properties": {"id": 816603124, "feat_type": "way", "quality_categories": "missing_tags, older_than_five_years", "issue_ids": "[116, 4]", "osm_url": "https://www.openstreetmap.org/way/816603124", "josm_url": "http://127.0.0.1:8111/load_object?new_layer=false&objects=w816603124", "id_url": "https://www.openstreetmap.org/edit?editor=id&way=816603124#map=20/59.8844718/10.8445608"}}, {"type": "Feature", "geometry": {"type": "Point", "coordinates": [10.8443754, 59.8844453]}, "properties": {"id": 816603125, "feat_type": "way", "quality_categories": "older_than_five_years", "issue_ids": "[116]", "osm_url": "https://www.openstreetmap.org/way/816603125", "josm_url": "http://127.0.0.1:8111/load_object?new_layer=false&objects=w816603125", "id_url": "https://www.openstreetmap.org/edit?editor=id&way=816603125#map=20/59.8844453/10.8443754"}}, {"type": "Feature", "geometry": {"type": "Point", "coordinates": [10.8433662, 59.8844641]}, "properties": {"id": 816603127, "feat_type": "way", "quality_categories": "older_than_five_years", "issue_ids": "[116]", "osm_url": "https://www.openstreetmap.org/way/816603127", "josm_url": "http://127.0.0.1:8111/load_object?new_layer=false&objects=w816603127", "id_url": "https://www.openstreetmap.org/edit?editor=id&way=816603127#map=20/59.8844641/10.8433662"}}, {"type": "Feature", "geometry": {"type": "Point", "coordinates": [10.6823305, 59.9008316]}, "properties": {"id": 818537231, "feat_type": "way", "quality_categories": "missing_tags, older_than_five_years", "issue_ids": "[464, 4]", "osm_url": "https://www.openstreetmap.org/way/818537231", "josm_url": "http://127.0.0.1:8111/load_object?new_layer=false&objects=w818537231", "id_url": "https://www.openstreetmap.org/edit?editor=id&way=818537231#map=20/59.9008316/10.6823305"}}, {"type": "Feature", "geometry": {"type": "Point", "coordinates": [10.7962605, 59.9302286]}, "properties": {"id": 824123113, "feat_type": "way", "quality_categories": "older_than_five_years", "issue_ids": "[424]", "osm_url": "https://www.openstreetmap.org/way/824123113", "josm_url": "http://127.0.0.1:8111/load_object?new_layer=false&objects=w824123113", "id_url": "https://www.openstreetmap.org/edit?editor=id&way=824123113#map=20/59.9302286/10.7962605"}}, {"type": "Feature", "geometry": {"type": "Point", "coordinates": [10.7965203, 59.9293679]}, "properties": {"id": 824133095, "feat_type": "way", "quality_categories": "older_than_five_years", "issue_ids": "[22]", "osm_url": "https://www.openstreetmap.org/way/824133095", "josm_url": "http://127.0.0.1:8111/load_object?new_layer=false&objects=w824133095", "id_url": "https://www.openstreetmap.org/edit?editor=id&way=824133095#map=20/59.9293679/10.7965203"}}, {"type": "Feature", "geometry": {"type": "Point", "coordinates": [10.7390311, 59.9306927]}, "properties": {"id": 828533788, "feat_type": "way", "quality_categories": "older_than_five_years", "issue_ids": "[37]", "osm_url": "https://www.openstreetmap.org/way/828533788", "josm_url": "http://127.0.0.1:8111/load_object?new_layer=false&objects=w828533788", "id_url": "https://www.openstreetmap.org/edit?editor=id&way=828533788#map=20/59.9306927/10.7390311"}}, {"type": "Feature", "geometry": {"type": "Point", "coordinates": [10.8377061, 59.8445768]}, "properties": {"id": 835360535, "feat_type": "way", "quality_categories": "older_than_five_years", "issue_ids": "[406]", "osm_url": "https://www.openstreetmap.org/way/835360535", "josm_url": "http://127.0.0.1:8111/load_object?new_layer=false&objects=w835360535", "id_url": "https://www.openstreetmap.org/edit?editor=id&way=835360535#map=20/59.8445768/10.8377061"}}, {"type": "Feature", "geometry": {"type": "Point", "coordinates": [10.8424896, 59.8464195]}, "properties": {"id": 835441603, "feat_type": "way", "quality_categories": "older_than_five_years", "issue_ids": "[383]", "osm_url": "https://www.openstreetmap.org/way/835441603", "josm_url": "http://127.0.0.1:8111/load_object?new_layer=false&objects=w835441603", "id_url": "https://www.openstreetmap.org/edit?editor=id&way=835441603#map=20/59.8464195/10.8424896"}}, {"type": "Feature", "geometry": {"type": "Point", "coordinates": [10.8379228, 59.8525897]}, "properties": {"id": 835450145, "feat_type": "way", "quality_categories": "older_than_five_years", "issue_ids": "[383]", "osm_url": "https://www.openstreetmap.org/way/835450145", "josm_url": "http://127.0.0.1:8111/load_object?new_layer=false&objects=w835450145", "id_url": "https://www.openstreetmap.org/edit?editor=id&way=835450145#map=20/59.8525897/10.8379228"}}, {"type": "Feature", "geometry": {"type": "Point", "coordinates": [10.8397575, 59.8557323]}, "properties": {"id": 835467046, "feat_type": "way", "quality_categories": "older_than_five_years", "issue_ids": "[383]", "osm_url": "https://www.openstreetmap.org/way/835467046", "josm_url": "http://127.0.0.1:8111/load_object?new_layer=false&objects=w835467046", "id_url": "https://www.openstreetmap.org/edit?editor=id&way=835467046#map=20/59.8557323/10.8397575"}}, {"type": "Feature", "geometry": {"type": "Point", "coordinates": [10.8765483, 59.8199681]}, "properties": {"id": 839786891, "feat_type": "way", "quality_categories": "older_than_five_years", "issue_ids": "[465]", "osm_url": "https://www.openstreetmap.org/way/839786891", "josm_url": "http://127.0.0.1:8111/load_object?new_layer=false&objects=w839786891", "id_url": "https://www.openstreetmap.org/edit?editor=id&way=839786891#map=20/59.8199681/10.8765483"}}, {"type": "Feature", "geometry": {"type": "Point", "coordinates": [10.7391195, 59.9357121]}, "properties": {"id": 840644022, "feat_type": "way", "quality_categories": "older_than_five_years", "issue_ids": "[466]", "osm_url": "https://www.openstreetmap.org/way/840644022", "josm_url": "http://127.0.0.1:8111/load_object?new_layer=false&objects=w840644022", "id_url": "https://www.openstreetmap.org/edit?editor=id&way=840644022#map=20/59.9357121/10.7391195"}}, {"type": "Feature", "geometry": {"type": "Point", "coordinates": [10.7441684, 59.9352218]}, "properties": {"id": 840644023, "feat_type": "way", "quality_categories": "older_than_five_years", "issue_ids": "[24]", "osm_url": "https://www.openstreetmap.org/way/840644023", "josm_url": "http://127.0.0.1:8111/load_object?new_layer=false&objects=w840644023", "id_url": "https://www.openstreetmap.org/edit?editor=id&way=840644023#map=20/59.9352218/10.7441684"}}, {"type": "Feature", "geometry": {"type": "Point", "coordinates": [10.6670299, 59.9876434]}, "properties": {"id": 844548882, "feat_type": "way", "quality_categories": "older_than_five_years", "issue_ids": "[311]", "osm_url": "https://www.openstreetmap.org/way/844548882", "josm_url": "http://127.0.0.1:8111/load_object?new_layer=false&objects=w844548882", "id_url": "https://www.openstreetmap.org/edit?editor=id&way=844548882#map=20/59.9876434/10.6670299"}}, {"type": "Feature", "geometry": {"type": "Point", "coordinates": [10.6669615, 59.9874835]}, "properties": {"id": 844548884, "feat_type": "way", "quality_categories": "older_than_five_years", "issue_ids": "[311]", "osm_url": "https://www.openstreetmap.org/way/844548884", "josm_url": "http://127.0.0.1:8111/load_object?new_layer=false&objects=w844548884", "id_url": "https://www.openstreetmap.org/edit?editor=id&way=844548884#map=20/59.9874835/10.6669615"}}, {"type": "Feature", "geometry": {"type": "Point", "coordinates": [10.6663339, 59.9875497]}, "properties": {"id": 844548885, "feat_type": "way", "quality_categories": "older_than_five_years", "issue_ids": "[311]", "osm_url": "https://www.openstreetmap.org/way/844548885", "josm_url": "http://127.0.0.1:8111/load_object?new_layer=false&objects=w844548885", "id_url": "https://www.openstreetmap.org/edit?editor=id&way=844548885#map=20/59.9875497/10.6663339"}}, {"type": "Feature", "geometry": {"type": "Point", "coordinates": [10.7734085, 59.9223062]}, "properties": {"id": 845180749, "feat_type": "way", "quality_categories": "older_than_five_years", "issue_ids": "[98]", "osm_url": "https://www.openstreetmap.org/way/845180749", "josm_url": "http://127.0.0.1:8111/load_object?new_layer=false&objects=w845180749", "id_url": "https://www.openstreetmap.org/edit?editor=id&way=845180749#map=20/59.9223062/10.7734085"}}, {"type": "Feature", "geometry": {"type": "Point", "coordinates": [10.7733433, 59.9218028]}, "properties": {"id": 845180750, "feat_type": "way", "quality_categories": "older_than_five_years", "issue_ids": "[98]", "osm_url": "https://www.openstreetmap.org/way/845180750", "josm_url": "http://127.0.0.1:8111/load_object?new_layer=false&objects=w845180750", "id_url": "https://www.openstreetmap.org/edit?editor=id&way=845180750#map=20/59.9218028/10.7733433"}}, {"type": "Feature", "geometry": {"type": "Point", "coordinates": [10.7733574, 59.9216794]}, "properties": {"id": 845180751, "feat_type": "way", "quality_categories": "older_than_five_years", "issue_ids": "[98]", "osm_url": "https://www.openstreetmap.org/way/845180751", "josm_url": "http://127.0.0.1:8111/load_object?new_layer=false&objects=w845180751", "id_url": "https://www.openstreetmap.org/edit?editor=id&way=845180751#map=20/59.9216794/10.7733574"}}, {"type": "Feature", "geometry": {"type": "Point", "coordinates": [10.7794634, 59.8275623]}, "properties": {"id": 845684072, "feat_type": "way", "quality_categories": "older_than_five_years", "issue_ids": "[335]", "osm_url": "https://www.openstreetmap.org/way/845684072", "josm_url": "http://127.0.0.1:8111/load_object?new_layer=false&objects=w845684072", "id_url": "https://www.openstreetmap.org/edit?editor=id&way=845684072#map=20/59.8275623/10.7794634"}}, {"type": "Feature", "geometry": {"type": "Point", "coordinates": [10.7798015, 59.8275242]}, "properties": {"id": 845684073, "feat_type": "way", "quality_categories": "older_than_five_years", "issue_ids": "[335]", "osm_url": "https://www.openstreetmap.org/way/845684073", "josm_url": "http://127.0.0.1:8111/load_object?new_layer=false&objects=w845684073", "id_url": "https://www.openstreetmap.org/edit?editor=id&way=845684073#map=20/59.8275242/10.7798015"}}, {"type": "Feature", "geometry": {"type": "Point", "coordinates": [10.7256169, 59.9316152]}, "properties": {"id": 846361521, "feat_type": "way", "quality_categories": "older_than_five_years", "issue_ids": "[19]", "osm_url": "https://www.openstreetmap.org/way/846361521", "josm_url": "http://127.0.0.1:8111/load_object?new_layer=false&objects=w846361521", "id_url": "https://www.openstreetmap.org/edit?editor=id&way=846361521#map=20/59.9316152/10.7256169"}}, {"type": "Feature", "geometry": {"type": "Point", "coordinates": [10.7255123, 59.9317319]}, "properties": {"id": 846361523, "feat_type": "way", "quality_categories": "older_than_five_years", "issue_ids": "[19]", "osm_url": "https://www.openstreetmap.org/way/846361523", "josm_url": "http://127.0.0.1:8111/load_object?new_layer=false&objects=w846361523", "id_url": "https://www.openstreetmap.org/edit?editor=id&way=846361523#map=20/59.9317319/10.7255123"}}, {"type": "Feature", "geometry": {"type": "Point", "coordinates": [10.7739334, 59.9165729]}, "properties": {"id": 848206491, "feat_type": "way", "quality_categories": "older_than_five_years", "issue_ids": "[467]", "osm_url": "https://www.openstreetmap.org/way/848206491", "josm_url": "http://127.0.0.1:8111/load_object?new_layer=false&objects=w848206491", "id_url": "https://www.openstreetmap.org/edit?editor=id&way=848206491#map=20/59.9165729/10.7739334"}}, {"type": "Feature", "geometry": {"type": "Point", "coordinates": [10.7618292, 59.9331419]}, "properties": {"id": 848999110, "feat_type": "way", "quality_categories": "older_than_five_years", "issue_ids": "[37]", "osm_url": "https://www.openstreetmap.org/way/848999110", "josm_url": "http://127.0.0.1:8111/load_object?new_layer=false&objects=w848999110", "id_url": "https://www.openstreetmap.org/edit?editor=id&way=848999110#map=20/59.9331419/10.7618292"}}, {"type": "Feature", "geometry": {"type": "Point", "coordinates": [10.7583043, 59.9134905]}, "properties": {"id": 849601776, "feat_type": "way", "quality_categories": "older_than_five_years", "issue_ids": "[29]", "osm_url": "https://www.openstreetmap.org/way/849601776", "josm_url": "http://127.0.0.1:8111/load_object?new_layer=false&objects=w849601776", "id_url": "https://www.openstreetmap.org/edit?editor=id&way=849601776#map=20/59.9134905/10.7583043"}}, {"type": "Feature", "geometry": {"type": "Point", "coordinates": [10.7645608, 59.9367749]}, "properties": {"id": 857554986, "feat_type": "way", "quality_categories": "older_than_five_years", "issue_ids": "[28]", "osm_url": "https://www.openstreetmap.org/way/857554986", "josm_url": "http://127.0.0.1:8111/load_object?new_layer=false&objects=w857554986", "id_url": "https://www.openstreetmap.org/edit?editor=id&way=857554986#map=20/59.9367749/10.7645608"}}, {"type": "Feature", "geometry": {"type": "Point", "coordinates": [10.8172564, 59.9221429]}, "properties": {"id": 857857396, "feat_type": "way", "quality_categories": "older_than_five_years", "issue_ids": "[283]", "osm_url": "https://www.openstreetmap.org/way/857857396", "josm_url": "http://127.0.0.1:8111/load_object?new_layer=false&objects=w857857396", "id_url": "https://www.openstreetmap.org/edit?editor=id&way=857857396#map=20/59.9221429/10.8172564"}}, {"type": "Feature", "geometry": {"type": "Point", "coordinates": [10.7508885, 59.9239511]}, "properties": {"id": 858591625, "feat_type": "way", "quality_categories": "older_than_five_years", "issue_ids": "[26]", "osm_url": "https://www.openstreetmap.org/way/858591625", "josm_url": "http://127.0.0.1:8111/load_object?new_layer=false&objects=w858591625", "id_url": "https://www.openstreetmap.org/edit?editor=id&way=858591625#map=20/59.9239511/10.7508885"}}, {"type": "Feature", "geometry": {"type": "Point", "coordinates": [10.7505726, 59.9240989]}, "properties": {"id": 858591628, "feat_type": "way", "quality_categories": "older_than_five_years", "issue_ids": "[10]", "osm_url": "https://www.openstreetmap.org/way/858591628", "josm_url": "http://127.0.0.1:8111/load_object?new_layer=false&objects=w858591628", "id_url": "https://www.openstreetmap.org/edit?editor=id&way=858591628#map=20/59.9240989/10.7505726"}}, {"type": "Feature", "geometry": {"type": "Point", "coordinates": [10.7678232, 59.9056394]}, "properties": {"id": 860492458, "feat_type": "way", "quality_categories": "older_than_five_years", "issue_ids": "[60]", "osm_url": "https://www.openstreetmap.org/way/860492458", "josm_url": "http://127.0.0.1:8111/load_object?new_layer=false&objects=w860492458", "id_url": "https://www.openstreetmap.org/edit?editor=id&way=860492458#map=20/59.9056394/10.7678232"}}, {"type": "Feature", "geometry": {"type": "Point", "coordinates": [10.7970147, 59.9132483]}, "properties": {"id": 861201988, "feat_type": "way", "quality_categories": "older_than_five_years", "issue_ids": "[468]", "osm_url": "https://www.openstreetmap.org/way/861201988", "josm_url": "http://127.0.0.1:8111/load_object?new_layer=false&objects=w861201988", "id_url": "https://www.openstreetmap.org/edit?editor=id&way=861201988#map=20/59.9132483/10.7970147"}}, {"type": "Feature", "geometry": {"type": "Point", "coordinates": [10.7956995, 59.9129842]}, "properties": {"id": 861201991, "feat_type": "way", "quality_categories": "older_than_five_years", "issue_ids": "[22]", "osm_url": "https://www.openstreetmap.org/way/861201991", "josm_url": "http://127.0.0.1:8111/load_object?new_layer=false&objects=w861201991", "id_url": "https://www.openstreetmap.org/edit?editor=id&way=861201991#map=20/59.9129842/10.7956995"}}, {"type": "Feature", "geometry": {"type": "Point", "coordinates": [10.7923835, 59.9119214]}, "properties": {"id": 861201994, "feat_type": "way", "quality_categories": "older_than_five_years", "issue_ids": "[22]", "osm_url": "https://www.openstreetmap.org/way/861201994", "josm_url": "http://127.0.0.1:8111/load_object?new_layer=false&objects=w861201994", "id_url": "https://www.openstreetmap.org/edit?editor=id&way=861201994#map=20/59.9119214/10.7923835"}}, {"type": "Feature", "geometry": {"type": "Point", "coordinates": [10.7674498, 59.9051717]}, "properties": {"id": 861201996, "feat_type": "way", "quality_categories": "older_than_five_years", "issue_ids": "[47]", "osm_url": "https://www.openstreetmap.org/way/861201996", "josm_url": "http://127.0.0.1:8111/load_object?new_layer=false&objects=w861201996", "id_url": "https://www.openstreetmap.org/edit?editor=id&way=861201996#map=20/59.9051717/10.7674498"}}, {"type": "Feature", "geometry": {"type": "Point", "coordinates": [10.767017, 59.9048363]}, "properties": {"id": 861201997, "feat_type": "way", "quality_categories": "older_than_five_years", "issue_ids": "[47]", "osm_url": "https://www.openstreetmap.org/way/861201997", "josm_url": "http://127.0.0.1:8111/load_object?new_layer=false&objects=w861201997", "id_url": "https://www.openstreetmap.org/edit?editor=id&way=861201997#map=20/59.9048363/10.767017"}}, {"type": "Feature", "geometry": {"type": "Point", "coordinates": [10.7668656, 59.9046176]}, "properties": {"id": 861201998, "feat_type": "way", "quality_categories": "older_than_five_years", "issue_ids": "[47]", "osm_url": "https://www.openstreetmap.org/way/861201998", "josm_url": "http://127.0.0.1:8111/load_object?new_layer=false&objects=w861201998", "id_url": "https://www.openstreetmap.org/edit?editor=id&way=861201998#map=20/59.9046176/10.7668656"}}, {"type": "Feature", "geometry": {"type": "Point", "coordinates": [10.7889932, 59.9436029]}, "properties": {"id": 862225351, "feat_type": "way", "quality_categories": "missing_tags, older_than_five_years", "issue_ids": "[469, 4]", "osm_url": "https://www.openstreetmap.org/way/862225351", "josm_url": "http://127.0.0.1:8111/load_object?new_layer=false&objects=w862225351", "id_url": "https://www.openstreetmap.org/edit?editor=id&way=862225351#map=20/59.9436029/10.7889932"}}, {"type": "Feature", "geometry": {"type": "Point", "coordinates": [10.7908047, 59.9435659]}, "properties": {"id": 862225352, "feat_type": "way", "quality_categories": "missing_tags, older_than_five_years", "issue_ids": "[469, 4]", "osm_url": "https://www.openstreetmap.org/way/862225352", "josm_url": "http://127.0.0.1:8111/load_object?new_layer=false&objects=w862225352", "id_url": "https://www.openstreetmap.org/edit?editor=id&way=862225352#map=20/59.9435659/10.7908047"}}, {"type": "Feature", "geometry": {"type": "Point", "coordinates": [10.7925302, 59.9436269]}, "properties": {"id": 862225353, "feat_type": "way", "quality_categories": "missing_tags, older_than_five_years", "issue_ids": "[469, 4]", "osm_url": "https://www.openstreetmap.org/way/862225353", "josm_url": "http://127.0.0.1:8111/load_object?new_layer=false&objects=w862225353", "id_url": "https://www.openstreetmap.org/edit?editor=id&way=862225353#map=20/59.9436269/10.7925302"}}, {"type": "Feature", "geometry": {"type": "Point", "coordinates": [10.7660322, 59.9060536]}, "properties": {"id": 863704321, "feat_type": "way", "quality_categories": "older_than_five_years", "issue_ids": "[118]", "osm_url": "https://www.openstreetmap.org/way/863704321", "josm_url": "http://127.0.0.1:8111/load_object?new_layer=false&objects=w863704321", "id_url": "https://www.openstreetmap.org/edit?editor=id&way=863704321#map=20/59.9060536/10.7660322"}}, {"type": "Feature", "geometry": {"type": "Point", "coordinates": [10.7649051, 59.9063301]}, "properties": {"id": 863704322, "feat_type": "way", "quality_categories": "older_than_five_years", "issue_ids": "[35]", "osm_url": "https://www.openstreetmap.org/way/863704322", "josm_url": "http://127.0.0.1:8111/load_object?new_layer=false&objects=w863704322", "id_url": "https://www.openstreetmap.org/edit?editor=id&way=863704322#map=20/59.9063301/10.7649051"}}, {"type": "Feature", "geometry": {"type": "Point", "coordinates": [10.7646704, 59.9060632]}, "properties": {"id": 863704324, "feat_type": "way", "quality_categories": "older_than_five_years", "issue_ids": "[35]", "osm_url": "https://www.openstreetmap.org/way/863704324", "josm_url": "http://127.0.0.1:8111/load_object?new_layer=false&objects=w863704324", "id_url": "https://www.openstreetmap.org/edit?editor=id&way=863704324#map=20/59.9060632/10.7646704"}}, {"type": "Feature", "geometry": {"type": "Point", "coordinates": [10.7868818, 59.9459037]}, "properties": {"id": 864575025, "feat_type": "way", "quality_categories": "older_than_five_years", "issue_ids": "[470]", "osm_url": "https://www.openstreetmap.org/way/864575025", "josm_url": "http://127.0.0.1:8111/load_object?new_layer=false&objects=w864575025", "id_url": "https://www.openstreetmap.org/edit?editor=id&way=864575025#map=20/59.9459037/10.7868818"}}, {"type": "Feature", "geometry": {"type": "Point", "coordinates": [10.8566117, 59.9414285]}, "properties": {"id": 864644120, "feat_type": "way", "quality_categories": "older_than_five_years", "issue_ids": "[143]", "osm_url": "https://www.openstreetmap.org/way/864644120", "josm_url": "http://127.0.0.1:8111/load_object?new_layer=false&objects=w864644120", "id_url": "https://www.openstreetmap.org/edit?editor=id&way=864644120#map=20/59.9414285/10.8566117"}}, {"type": "Feature", "geometry": {"type": "Point", "coordinates": [10.7874312, 59.946176]}, "properties": {"id": 864927485, "feat_type": "way", "quality_categories": "older_than_five_years", "issue_ids": "[470]", "osm_url": "https://www.openstreetmap.org/way/864927485", "josm_url": "http://127.0.0.1:8111/load_object?new_layer=false&objects=w864927485", "id_url": "https://www.openstreetmap.org/edit?editor=id&way=864927485#map=20/59.946176/10.7874312"}}, {"type": "Feature", "geometry": {"type": "Point", "coordinates": [10.7568544, 59.907927]}, "properties": {"id": 865719382, "feat_type": "way", "quality_categories": "older_than_five_years", "issue_ids": "[93]", "osm_url": "https://www.openstreetmap.org/way/865719382", "josm_url": "http://127.0.0.1:8111/load_object?new_layer=false&objects=w865719382", "id_url": "https://www.openstreetmap.org/edit?editor=id&way=865719382#map=20/59.907927/10.7568544"}}, {"type": "Feature", "geometry": {"type": "Point", "coordinates": [10.756381, 59.9080424]}, "properties": {"id": 865719384, "feat_type": "way", "quality_categories": "older_than_five_years", "issue_ids": "[471]", "osm_url": "https://www.openstreetmap.org/way/865719384", "josm_url": "http://127.0.0.1:8111/load_object?new_layer=false&objects=w865719384", "id_url": "https://www.openstreetmap.org/edit?editor=id&way=865719384#map=20/59.9080424/10.756381"}}, {"type": "Feature", "geometry": {"type": "Point", "coordinates": [10.7569203, 59.9082887]}, "properties": {"id": 865719395, "feat_type": "way", "quality_categories": "older_than_five_years", "issue_ids": "[93]", "osm_url": "https://www.openstreetmap.org/way/865719395", "josm_url": "http://127.0.0.1:8111/load_object?new_layer=false&objects=w865719395", "id_url": "https://www.openstreetmap.org/edit?editor=id&way=865719395#map=20/59.9082887/10.7569203"}}, {"type": "Feature", "geometry": {"type": "Point", "coordinates": [10.7573108, 59.9081897]}, "properties": {"id": 865719397, "feat_type": "way", "quality_categories": "older_than_five_years", "issue_ids": "[93]", "osm_url": "https://www.openstreetmap.org/way/865719397", "josm_url": "http://127.0.0.1:8111/load_object?new_layer=false&objects=w865719397", "id_url": "https://www.openstreetmap.org/edit?editor=id&way=865719397#map=20/59.9081897/10.7573108"}}, {"type": "Feature", "geometry": {"type": "Point", "coordinates": [10.7251238, 59.9406245]}, "properties": {"id": 871149539, "feat_type": "way", "quality_categories": "older_than_five_years", "issue_ids": "[102]", "osm_url": "https://www.openstreetmap.org/way/871149539", "josm_url": "http://127.0.0.1:8111/load_object?new_layer=false&objects=w871149539", "id_url": "https://www.openstreetmap.org/edit?editor=id&way=871149539#map=20/59.9406245/10.7251238"}}, {"type": "Feature", "geometry": {"type": "Point", "coordinates": [10.7232632, 59.9391999]}, "properties": {"id": 871406132, "feat_type": "way", "quality_categories": "older_than_five_years", "issue_ids": "[102]", "osm_url": "https://www.openstreetmap.org/way/871406132", "josm_url": "http://127.0.0.1:8111/load_object?new_layer=false&objects=w871406132", "id_url": "https://www.openstreetmap.org/edit?editor=id&way=871406132#map=20/59.9391999/10.7232632"}}, {"type": "Feature", "geometry": {"type": "Point", "coordinates": [10.7247582, 59.9401463]}, "properties": {"id": 871406133, "feat_type": "way", "quality_categories": "older_than_five_years", "issue_ids": "[102]", "osm_url": "https://www.openstreetmap.org/way/871406133", "josm_url": "http://127.0.0.1:8111/load_object?new_layer=false&objects=w871406133", "id_url": "https://www.openstreetmap.org/edit?editor=id&way=871406133#map=20/59.9401463/10.7247582"}}, {"type": "Feature", "geometry": {"type": "Point", "coordinates": [10.7281903, 59.9326475]}, "properties": {"id": 871427773, "feat_type": "way", "quality_categories": "older_than_five_years", "issue_ids": "[49]", "osm_url": "https://www.openstreetmap.org/way/871427773", "josm_url": "http://127.0.0.1:8111/load_object?new_layer=false&objects=w871427773", "id_url": "https://www.openstreetmap.org/edit?editor=id&way=871427773#map=20/59.9326475/10.7281903"}}, {"type": "Feature", "geometry": {"type": "Point", "coordinates": [10.7490961, 59.9164784]}, "properties": {"id": 871511118, "feat_type": "way", "quality_categories": "older_than_five_years", "issue_ids": "[86]", "osm_url": "https://www.openstreetmap.org/way/871511118", "josm_url": "http://127.0.0.1:8111/load_object?new_layer=false&objects=w871511118", "id_url": "https://www.openstreetmap.org/edit?editor=id&way=871511118#map=20/59.9164784/10.7490961"}}, {"type": "Feature", "geometry": {"type": "Point", "coordinates": [10.8580158, 59.9360364]}, "properties": {"id": 871815629, "feat_type": "way", "quality_categories": "missing_tags, older_than_five_years", "issue_ids": "[265, 4]", "osm_url": "https://www.openstreetmap.org/way/871815629", "josm_url": "http://127.0.0.1:8111/load_object?new_layer=false&objects=w871815629", "id_url": "https://www.openstreetmap.org/edit?editor=id&way=871815629#map=20/59.9360364/10.8580158"}}, {"type": "Feature", "geometry": {"type": "Point", "coordinates": [10.8576614, 59.9360193]}, "properties": {"id": 871815630, "feat_type": "way", "quality_categories": "missing_tags, older_than_five_years", "issue_ids": "[265, 4]", "osm_url": "https://www.openstreetmap.org/way/871815630", "josm_url": "http://127.0.0.1:8111/load_object?new_layer=false&objects=w871815630", "id_url": "https://www.openstreetmap.org/edit?editor=id&way=871815630#map=20/59.9360193/10.8576614"}}, {"type": "Feature", "geometry": {"type": "Point", "coordinates": [10.7923595, 59.9174588]}, "properties": {"id": 874873616, "feat_type": "way", "quality_categories": "older_than_five_years", "issue_ids": "[472]", "osm_url": "https://www.openstreetmap.org/way/874873616", "josm_url": "http://127.0.0.1:8111/load_object?new_layer=false&objects=w874873616", "id_url": "https://www.openstreetmap.org/edit?editor=id&way=874873616#map=20/59.9174588/10.7923595"}}, {"type": "Feature", "geometry": {"type": "Point", "coordinates": [10.7268662, 59.9322091]}, "properties": {"id": 876278579, "feat_type": "way", "quality_categories": "older_than_five_years", "issue_ids": "[19]", "osm_url": "https://www.openstreetmap.org/way/876278579", "josm_url": "http://127.0.0.1:8111/load_object?new_layer=false&objects=w876278579", "id_url": "https://www.openstreetmap.org/edit?editor=id&way=876278579#map=20/59.9322091/10.7268662"}}, {"type": "Feature", "geometry": {"type": "Point", "coordinates": [10.7278913, 59.9324365]}, "properties": {"id": 876278582, "feat_type": "way", "quality_categories": "older_than_five_years", "issue_ids": "[37]", "osm_url": "https://www.openstreetmap.org/way/876278582", "josm_url": "http://127.0.0.1:8111/load_object?new_layer=false&objects=w876278582", "id_url": "https://www.openstreetmap.org/edit?editor=id&way=876278582#map=20/59.9324365/10.7278913"}}, {"type": "Feature", "geometry": {"type": "Point", "coordinates": [10.7279997, 59.9324758]}, "properties": {"id": 876278583, "feat_type": "way", "quality_categories": "older_than_five_years", "issue_ids": "[37]", "osm_url": "https://www.openstreetmap.org/way/876278583", "josm_url": "http://127.0.0.1:8111/load_object?new_layer=false&objects=w876278583", "id_url": "https://www.openstreetmap.org/edit?editor=id&way=876278583#map=20/59.9324758/10.7279997"}}, {"type": "Feature", "geometry": {"type": "Point", "coordinates": [10.7818417, 59.9078613]}, "properties": {"id": 877601289, "feat_type": "way", "quality_categories": "older_than_five_years", "issue_ids": "[224]", "osm_url": "https://www.openstreetmap.org/way/877601289", "josm_url": "http://127.0.0.1:8111/load_object?new_layer=false&objects=w877601289", "id_url": "https://www.openstreetmap.org/edit?editor=id&way=877601289#map=20/59.9078613/10.7818417"}}, {"type": "Feature", "geometry": {"type": "Point", "coordinates": [10.7819495, 59.9077498]}, "properties": {"id": 877601290, "feat_type": "way", "quality_categories": "older_than_five_years", "issue_ids": "[120]", "osm_url": "https://www.openstreetmap.org/way/877601290", "josm_url": "http://127.0.0.1:8111/load_object?new_layer=false&objects=w877601290", "id_url": "https://www.openstreetmap.org/edit?editor=id&way=877601290#map=20/59.9077498/10.7819495"}}, {"type": "Feature", "geometry": {"type": "Point", "coordinates": [10.781213, 59.9076677]}, "properties": {"id": 877601291, "feat_type": "way", "quality_categories": "older_than_five_years", "issue_ids": "[473]", "osm_url": "https://www.openstreetmap.org/way/877601291", "josm_url": "http://127.0.0.1:8111/load_object?new_layer=false&objects=w877601291", "id_url": "https://www.openstreetmap.org/edit?editor=id&way=877601291#map=20/59.9076677/10.781213"}}, {"type": "Feature", "geometry": {"type": "Point", "coordinates": [10.7811801, 59.9076585]}, "properties": {"id": 877601292, "feat_type": "way", "quality_categories": "older_than_five_years", "issue_ids": "[473]", "osm_url": "https://www.openstreetmap.org/way/877601292", "josm_url": "http://127.0.0.1:8111/load_object?new_layer=false&objects=w877601292", "id_url": "https://www.openstreetmap.org/edit?editor=id&way=877601292#map=20/59.9076585/10.7811801"}}, {"type": "Feature", "geometry": {"type": "Point", "coordinates": [10.781213, 59.9076677]}, "properties": {"id": 877601293, "feat_type": "way", "quality_categories": "older_than_five_years", "issue_ids": "[473]", "osm_url": "https://www.openstreetmap.org/way/877601293", "josm_url": "http://127.0.0.1:8111/load_object?new_layer=false&objects=w877601293", "id_url": "https://www.openstreetmap.org/edit?editor=id&way=877601293#map=20/59.9076677/10.781213"}}, {"type": "Feature", "geometry": {"type": "Point", "coordinates": [10.7811859, 59.9076921]}, "properties": {"id": 877601294, "feat_type": "way", "quality_categories": "older_than_five_years", "issue_ids": "[473]", "osm_url": "https://www.openstreetmap.org/way/877601294", "josm_url": "http://127.0.0.1:8111/load_object?new_layer=false&objects=w877601294", "id_url": "https://www.openstreetmap.org/edit?editor=id&way=877601294#map=20/59.9076921/10.7811859"}}, {"type": "Feature", "geometry": {"type": "Point", "coordinates": [10.7815622, 59.9077691]}, "properties": {"id": 877601298, "feat_type": "way", "quality_categories": "older_than_five_years", "issue_ids": "[224]", "osm_url": "https://www.openstreetmap.org/way/877601298", "josm_url": "http://127.0.0.1:8111/load_object?new_layer=false&objects=w877601298", "id_url": "https://www.openstreetmap.org/edit?editor=id&way=877601298#map=20/59.9077691/10.7815622"}}, {"type": "Feature", "geometry": {"type": "Point", "coordinates": [10.7815343, 59.9078084]}, "properties": {"id": 877601301, "feat_type": "way", "quality_categories": "older_than_five_years", "issue_ids": "[224]", "osm_url": "https://www.openstreetmap.org/way/877601301", "josm_url": "http://127.0.0.1:8111/load_object?new_layer=false&objects=w877601301", "id_url": "https://www.openstreetmap.org/edit?editor=id&way=877601301#map=20/59.9078084/10.7815343"}}, {"type": "Feature", "geometry": {"type": "Point", "coordinates": [10.7812078, 59.9075044]}, "properties": {"id": 877601308, "feat_type": "way", "quality_categories": "older_than_five_years", "issue_ids": "[120]", "osm_url": "https://www.openstreetmap.org/way/877601308", "josm_url": "http://127.0.0.1:8111/load_object?new_layer=false&objects=w877601308", "id_url": "https://www.openstreetmap.org/edit?editor=id&way=877601308#map=20/59.9075044/10.7812078"}}, {"type": "Feature", "geometry": {"type": "Point", "coordinates": [10.7681258, 59.9109125]}, "properties": {"id": 878740737, "feat_type": "way", "quality_categories": "older_than_five_years", "issue_ids": "[224]", "osm_url": "https://www.openstreetmap.org/way/878740737", "josm_url": "http://127.0.0.1:8111/load_object?new_layer=false&objects=w878740737", "id_url": "https://www.openstreetmap.org/edit?editor=id&way=878740737#map=20/59.9109125/10.7681258"}}, {"type": "Feature", "geometry": {"type": "Point", "coordinates": [10.7772975, 59.9093815]}, "properties": {"id": 880363064, "feat_type": "way", "quality_categories": "older_than_five_years", "issue_ids": "[119]", "osm_url": "https://www.openstreetmap.org/way/880363064", "josm_url": "http://127.0.0.1:8111/load_object?new_layer=false&objects=w880363064", "id_url": "https://www.openstreetmap.org/edit?editor=id&way=880363064#map=20/59.9093815/10.7772975"}}, {"type": "Feature", "geometry": {"type": "Point", "coordinates": [10.773132, 59.9108205]}, "properties": {"id": 880363082, "feat_type": "way", "quality_categories": "older_than_five_years", "issue_ids": "[224]", "osm_url": "https://www.openstreetmap.org/way/880363082", "josm_url": "http://127.0.0.1:8111/load_object?new_layer=false&objects=w880363082", "id_url": "https://www.openstreetmap.org/edit?editor=id&way=880363082#map=20/59.9108205/10.773132"}}, {"type": "Feature", "geometry": {"type": "Point", "coordinates": [10.7729831, 59.910877]}, "properties": {"id": 880363083, "feat_type": "way", "quality_categories": "older_than_five_years", "issue_ids": "[224]", "osm_url": "https://www.openstreetmap.org/way/880363083", "josm_url": "http://127.0.0.1:8111/load_object?new_layer=false&objects=w880363083", "id_url": "https://www.openstreetmap.org/edit?editor=id&way=880363083#map=20/59.910877/10.7729831"}}, {"type": "Feature", "geometry": {"type": "Point", "coordinates": [10.7746219, 59.9102525]}, "properties": {"id": 880363086, "feat_type": "way", "quality_categories": "older_than_five_years", "issue_ids": "[224]", "osm_url": "https://www.openstreetmap.org/way/880363086", "josm_url": "http://127.0.0.1:8111/load_object?new_layer=false&objects=w880363086", "id_url": "https://www.openstreetmap.org/edit?editor=id&way=880363086#map=20/59.9102525/10.7746219"}}, {"type": "Feature", "geometry": {"type": "Point", "coordinates": [10.7744905, 59.9103023]}, "properties": {"id": 880363087, "feat_type": "way", "quality_categories": "older_than_five_years", "issue_ids": "[224]", "osm_url": "https://www.openstreetmap.org/way/880363087", "josm_url": "http://127.0.0.1:8111/load_object?new_layer=false&objects=w880363087", "id_url": "https://www.openstreetmap.org/edit?editor=id&way=880363087#map=20/59.9103023/10.7744905"}}, {"type": "Feature", "geometry": {"type": "Point", "coordinates": [10.7761439, 59.9096757]}, "properties": {"id": 880363090, "feat_type": "way", "quality_categories": "older_than_five_years", "issue_ids": "[474]", "osm_url": "https://www.openstreetmap.org/way/880363090", "josm_url": "http://127.0.0.1:8111/load_object?new_layer=false&objects=w880363090", "id_url": "https://www.openstreetmap.org/edit?editor=id&way=880363090#map=20/59.9096757/10.7761439"}}, {"type": "Feature", "geometry": {"type": "Point", "coordinates": [10.7760018, 59.9097253]}, "properties": {"id": 880363091, "feat_type": "way", "quality_categories": "older_than_five_years", "issue_ids": "[224]", "osm_url": "https://www.openstreetmap.org/way/880363091", "josm_url": "http://127.0.0.1:8111/load_object?new_layer=false&objects=w880363091", "id_url": "https://www.openstreetmap.org/edit?editor=id&way=880363091#map=20/59.9097253/10.7760018"}}, {"type": "Feature", "geometry": {"type": "Point", "coordinates": [10.7696474, 59.9116725]}, "properties": {"id": 880363093, "feat_type": "way", "quality_categories": "older_than_five_years", "issue_ids": "[474]", "osm_url": "https://www.openstreetmap.org/way/880363093", "josm_url": "http://127.0.0.1:8111/load_object?new_layer=false&objects=w880363093", "id_url": "https://www.openstreetmap.org/edit?editor=id&way=880363093#map=20/59.9116725/10.7696474"}}, {"type": "Feature", "geometry": {"type": "Point", "coordinates": [10.7696592, 59.9115584]}, "properties": {"id": 880363094, "feat_type": "way", "quality_categories": "older_than_five_years", "issue_ids": "[474]", "osm_url": "https://www.openstreetmap.org/way/880363094", "josm_url": "http://127.0.0.1:8111/load_object?new_layer=false&objects=w880363094", "id_url": "https://www.openstreetmap.org/edit?editor=id&way=880363094#map=20/59.9115584/10.7696592"}}, {"type": "Feature", "geometry": {"type": "Point", "coordinates": [10.7726994, 59.9108131]}, "properties": {"id": 880363096, "feat_type": "way", "quality_categories": "older_than_five_years", "issue_ids": "[224]", "osm_url": "https://www.openstreetmap.org/way/880363096", "josm_url": "http://127.0.0.1:8111/load_object?new_layer=false&objects=w880363096", "id_url": "https://www.openstreetmap.org/edit?editor=id&way=880363096#map=20/59.9108131/10.7726994"}}, {"type": "Feature", "geometry": {"type": "Point", "coordinates": [10.7728505, 59.9109114]}, "properties": {"id": 880363097, "feat_type": "way", "quality_categories": "older_than_five_years", "issue_ids": "[224]", "osm_url": "https://www.openstreetmap.org/way/880363097", "josm_url": "http://127.0.0.1:8111/load_object?new_layer=false&objects=w880363097", "id_url": "https://www.openstreetmap.org/edit?editor=id&way=880363097#map=20/59.9109114/10.7728505"}}, {"type": "Feature", "geometry": {"type": "Point", "coordinates": [10.7359942, 59.9358327]}, "properties": {"id": 880532938, "feat_type": "way", "quality_categories": "older_than_five_years", "issue_ids": "[475]", "osm_url": "https://www.openstreetmap.org/way/880532938", "josm_url": "http://127.0.0.1:8111/load_object?new_layer=false&objects=w880532938", "id_url": "https://www.openstreetmap.org/edit?editor=id&way=880532938#map=20/59.9358327/10.7359942"}}, {"type": "Feature", "geometry": {"type": "Point", "coordinates": [10.7360509, 59.9358257]}, "properties": {"id": 880532939, "feat_type": "way", "quality_categories": "older_than_five_years", "issue_ids": "[475]", "osm_url": "https://www.openstreetmap.org/way/880532939", "josm_url": "http://127.0.0.1:8111/load_object?new_layer=false&objects=w880532939", "id_url": "https://www.openstreetmap.org/edit?editor=id&way=880532939#map=20/59.9358257/10.7360509"}}, {"type": "Feature", "geometry": {"type": "Point", "coordinates": [10.7366895, 59.9357566]}, "properties": {"id": 880532940, "feat_type": "way", "quality_categories": "older_than_five_years", "issue_ids": "[475]", "osm_url": "https://www.openstreetmap.org/way/880532940", "josm_url": "http://127.0.0.1:8111/load_object?new_layer=false&objects=w880532940", "id_url": "https://www.openstreetmap.org/edit?editor=id&way=880532940#map=20/59.9357566/10.7366895"}}, {"type": "Feature", "geometry": {"type": "Point", "coordinates": [10.7349303, 59.9362095]}, "properties": {"id": 880532956, "feat_type": "way", "quality_categories": "older_than_five_years", "issue_ids": "[24]", "osm_url": "https://www.openstreetmap.org/way/880532956", "josm_url": "http://127.0.0.1:8111/load_object?new_layer=false&objects=w880532956", "id_url": "https://www.openstreetmap.org/edit?editor=id&way=880532956#map=20/59.9362095/10.7349303"}}, {"type": "Feature", "geometry": {"type": "Point", "coordinates": [10.7353051, 59.9361477]}, "properties": {"id": 880532957, "feat_type": "way", "quality_categories": "older_than_five_years", "issue_ids": "[24]", "osm_url": "https://www.openstreetmap.org/way/880532957", "josm_url": "http://127.0.0.1:8111/load_object?new_layer=false&objects=w880532957", "id_url": "https://www.openstreetmap.org/edit?editor=id&way=880532957#map=20/59.9361477/10.7353051"}}, {"type": "Feature", "geometry": {"type": "Point", "coordinates": [10.7678497, 59.9290221]}, "properties": {"id": 880532984, "feat_type": "way", "quality_categories": "older_than_five_years", "issue_ids": "[37]", "osm_url": "https://www.openstreetmap.org/way/880532984", "josm_url": "http://127.0.0.1:8111/load_object?new_layer=false&objects=w880532984", "id_url": "https://www.openstreetmap.org/edit?editor=id&way=880532984#map=20/59.9290221/10.7678497"}}, {"type": "Feature", "geometry": {"type": "Point", "coordinates": [10.7317904, 59.9361413]}, "properties": {"id": 880546526, "feat_type": "way", "quality_categories": "older_than_five_years", "issue_ids": "[37]", "osm_url": "https://www.openstreetmap.org/way/880546526", "josm_url": "http://127.0.0.1:8111/load_object?new_layer=false&objects=w880546526", "id_url": "https://www.openstreetmap.org/edit?editor=id&way=880546526#map=20/59.9361413/10.7317904"}}, {"type": "Feature", "geometry": {"type": "Point", "coordinates": [10.7889724, 59.9216281]}, "properties": {"id": 881751054, "feat_type": "way", "quality_categories": "older_than_five_years", "issue_ids": "[160]", "osm_url": "https://www.openstreetmap.org/way/881751054", "josm_url": "http://127.0.0.1:8111/load_object?new_layer=false&objects=w881751054", "id_url": "https://www.openstreetmap.org/edit?editor=id&way=881751054#map=20/59.9216281/10.7889724"}}, {"type": "Feature", "geometry": {"type": "Point", "coordinates": [10.875133, 59.9693294]}, "properties": {"id": 881758363, "feat_type": "way", "quality_categories": "older_than_five_years", "issue_ids": "[46]", "osm_url": "https://www.openstreetmap.org/way/881758363", "josm_url": "http://127.0.0.1:8111/load_object?new_layer=false&objects=w881758363", "id_url": "https://www.openstreetmap.org/edit?editor=id&way=881758363#map=20/59.9693294/10.875133"}}, {"type": "Feature", "geometry": {"type": "Point", "coordinates": [10.8731936, 59.9684662]}, "properties": {"id": 881758364, "feat_type": "way", "quality_categories": "older_than_five_years", "issue_ids": "[46]", "osm_url": "https://www.openstreetmap.org/way/881758364", "josm_url": "http://127.0.0.1:8111/load_object?new_layer=false&objects=w881758364", "id_url": "https://www.openstreetmap.org/edit?editor=id&way=881758364#map=20/59.9684662/10.8731936"}}, {"type": "Feature", "geometry": {"type": "Point", "coordinates": [10.875154, 59.9694169]}, "properties": {"id": 881758365, "feat_type": "way", "quality_categories": "older_than_five_years", "issue_ids": "[46]", "osm_url": "https://www.openstreetmap.org/way/881758365", "josm_url": "http://127.0.0.1:8111/load_object?new_layer=false&objects=w881758365", "id_url": "https://www.openstreetmap.org/edit?editor=id&way=881758365#map=20/59.9694169/10.875154"}}, {"type": "Feature", "geometry": {"type": "Point", "coordinates": [10.8776955, 59.9670829]}, "properties": {"id": 881758366, "feat_type": "way", "quality_categories": "older_than_five_years", "issue_ids": "[46]", "osm_url": "https://www.openstreetmap.org/way/881758366", "josm_url": "http://127.0.0.1:8111/load_object?new_layer=false&objects=w881758366", "id_url": "https://www.openstreetmap.org/edit?editor=id&way=881758366#map=20/59.9670829/10.8776955"}}, {"type": "Feature", "geometry": {"type": "Point", "coordinates": [10.6958575, 59.9546292]}, "properties": {"id": 885942278, "feat_type": "way", "quality_categories": "older_than_five_years", "issue_ids": "[476]", "osm_url": "https://www.openstreetmap.org/way/885942278", "josm_url": "http://127.0.0.1:8111/load_object?new_layer=false&objects=w885942278", "id_url": "https://www.openstreetmap.org/edit?editor=id&way=885942278#map=20/59.9546292/10.6958575"}}, {"type": "Feature", "geometry": {"type": "Point", "coordinates": [10.7028786, 59.9454698]}, "properties": {"id": 887496093, "feat_type": "way", "quality_categories": "older_than_five_years", "issue_ids": "[374]", "osm_url": "https://www.openstreetmap.org/way/887496093", "josm_url": "http://127.0.0.1:8111/load_object?new_layer=false&objects=w887496093", "id_url": "https://www.openstreetmap.org/edit?editor=id&way=887496093#map=20/59.9454698/10.7028786"}}, {"type": "Feature", "geometry": {"type": "Point", "coordinates": [10.7069278, 59.9418695]}, "properties": {"id": 888374662, "feat_type": "way", "quality_categories": "older_than_five_years", "issue_ids": "[477]", "osm_url": "https://www.openstreetmap.org/way/888374662", "josm_url": "http://127.0.0.1:8111/load_object?new_layer=false&objects=w888374662", "id_url": "https://www.openstreetmap.org/edit?editor=id&way=888374662#map=20/59.9418695/10.7069278"}}, {"type": "Feature", "geometry": {"type": "Point", "coordinates": [10.707234, 59.9416931]}, "properties": {"id": 888374664, "feat_type": "way", "quality_categories": "older_than_five_years", "issue_ids": "[477]", "osm_url": "https://www.openstreetmap.org/way/888374664", "josm_url": "http://127.0.0.1:8111/load_object?new_layer=false&objects=w888374664", "id_url": "https://www.openstreetmap.org/edit?editor=id&way=888374664#map=20/59.9416931/10.707234"}}, {"type": "Feature", "geometry": {"type": "Point", "coordinates": [10.7121062, 59.9409507]}, "properties": {"id": 888374668, "feat_type": "way", "quality_categories": "older_than_five_years", "issue_ids": "[478]", "osm_url": "https://www.openstreetmap.org/way/888374668", "josm_url": "http://127.0.0.1:8111/load_object?new_layer=false&objects=w888374668", "id_url": "https://www.openstreetmap.org/edit?editor=id&way=888374668#map=20/59.9409507/10.7121062"}}, {"type": "Feature", "geometry": {"type": "Point", "coordinates": [10.714753, 59.9406002]}, "properties": {"id": 888374675, "feat_type": "way", "quality_categories": "older_than_five_years", "issue_ids": "[477]", "osm_url": "https://www.openstreetmap.org/way/888374675", "josm_url": "http://127.0.0.1:8111/load_object?new_layer=false&objects=w888374675", "id_url": "https://www.openstreetmap.org/edit?editor=id&way=888374675#map=20/59.9406002/10.714753"}}, {"type": "Feature", "geometry": {"type": "Point", "coordinates": [10.7147323, 59.9407163]}, "properties": {"id": 888374676, "feat_type": "way", "quality_categories": "older_than_five_years", "issue_ids": "[477]", "osm_url": "https://www.openstreetmap.org/way/888374676", "josm_url": "http://127.0.0.1:8111/load_object?new_layer=false&objects=w888374676", "id_url": "https://www.openstreetmap.org/edit?editor=id&way=888374676#map=20/59.9407163/10.7147323"}}, {"type": "Feature", "geometry": {"type": "Point", "coordinates": [10.7156343, 59.9403636]}, "properties": {"id": 888374680, "feat_type": "way", "quality_categories": "older_than_five_years", "issue_ids": "[477]", "osm_url": "https://www.openstreetmap.org/way/888374680", "josm_url": "http://127.0.0.1:8111/load_object?new_layer=false&objects=w888374680", "id_url": "https://www.openstreetmap.org/edit?editor=id&way=888374680#map=20/59.9403636/10.7156343"}}, {"type": "Feature", "geometry": {"type": "Point", "coordinates": [10.6736955, 59.9448325]}, "properties": {"id": 889257282, "feat_type": "way", "quality_categories": "older_than_five_years", "issue_ids": "[171]", "osm_url": "https://www.openstreetmap.org/way/889257282", "josm_url": "http://127.0.0.1:8111/load_object?new_layer=false&objects=w889257282", "id_url": "https://www.openstreetmap.org/edit?editor=id&way=889257282#map=20/59.9448325/10.6736955"}}, {"type": "Feature", "geometry": {"type": "Point", "coordinates": [10.6636632, 59.9487691]}, "properties": {"id": 891240018, "feat_type": "way", "quality_categories": "older_than_five_years", "issue_ids": "[121]", "osm_url": "https://www.openstreetmap.org/way/891240018", "josm_url": "http://127.0.0.1:8111/load_object?new_layer=false&objects=w891240018", "id_url": "https://www.openstreetmap.org/edit?editor=id&way=891240018#map=20/59.9487691/10.6636632"}}, {"type": "Feature", "geometry": {"type": "Point", "coordinates": [10.6625707, 59.9491978]}, "properties": {"id": 891240019, "feat_type": "way", "quality_categories": "missing_tags, older_than_five_years", "issue_ids": "[121, 4]", "osm_url": "https://www.openstreetmap.org/way/891240019", "josm_url": "http://127.0.0.1:8111/load_object?new_layer=false&objects=w891240019", "id_url": "https://www.openstreetmap.org/edit?editor=id&way=891240019#map=20/59.9491978/10.6625707"}}, {"type": "Feature", "geometry": {"type": "Point", "coordinates": [10.6627926, 59.9488495]}, "properties": {"id": 891240020, "feat_type": "way", "quality_categories": "missing_tags, older_than_five_years", "issue_ids": "[121, 4]", "osm_url": "https://www.openstreetmap.org/way/891240020", "josm_url": "http://127.0.0.1:8111/load_object?new_layer=false&objects=w891240020", "id_url": "https://www.openstreetmap.org/edit?editor=id&way=891240020#map=20/59.9488495/10.6627926"}}, {"type": "Feature", "geometry": {"type": "Point", "coordinates": [10.8101825, 59.9366786]}, "properties": {"id": 892427715, "feat_type": "way", "quality_categories": "missing_tags, older_than_five_years", "issue_ids": "[479, 4]", "osm_url": "https://www.openstreetmap.org/way/892427715", "josm_url": "http://127.0.0.1:8111/load_object?new_layer=false&objects=w892427715", "id_url": "https://www.openstreetmap.org/edit?editor=id&way=892427715#map=20/59.9366786/10.8101825"}}, {"type": "Feature", "geometry": {"type": "Point", "coordinates": [10.768983, 59.9112877]}, "properties": {"id": 892643112, "feat_type": "way", "quality_categories": "older_than_five_years", "issue_ids": "[224]", "osm_url": "https://www.openstreetmap.org/way/892643112", "josm_url": "http://127.0.0.1:8111/load_object?new_layer=false&objects=w892643112", "id_url": "https://www.openstreetmap.org/edit?editor=id&way=892643112#map=20/59.9112877/10.768983"}}, {"type": "Feature", "geometry": {"type": "Point", "coordinates": [10.7679596, 59.9102793]}, "properties": {"id": 892644645, "feat_type": "way", "quality_categories": "older_than_five_years", "issue_ids": "[224]", "osm_url": "https://www.openstreetmap.org/way/892644645", "josm_url": "http://127.0.0.1:8111/load_object?new_layer=false&objects=w892644645", "id_url": "https://www.openstreetmap.org/edit?editor=id&way=892644645#map=20/59.9102793/10.7679596"}}, {"type": "Feature", "geometry": {"type": "Point", "coordinates": [10.7675855, 59.9104478]}, "properties": {"id": 892646035, "feat_type": "way", "quality_categories": "older_than_five_years", "issue_ids": "[224]", "osm_url": "https://www.openstreetmap.org/way/892646035", "josm_url": "http://127.0.0.1:8111/load_object?new_layer=false&objects=w892646035", "id_url": "https://www.openstreetmap.org/edit?editor=id&way=892646035#map=20/59.9104478/10.7675855"}}, {"type": "Feature", "geometry": {"type": "Point", "coordinates": [10.7678024, 59.9134376]}, "properties": {"id": 892659941, "feat_type": "way", "quality_categories": "older_than_five_years", "issue_ids": "[39]", "osm_url": "https://www.openstreetmap.org/way/892659941", "josm_url": "http://127.0.0.1:8111/load_object?new_layer=false&objects=w892659941", "id_url": "https://www.openstreetmap.org/edit?editor=id&way=892659941#map=20/59.9134376/10.7678024"}}, {"type": "Feature", "geometry": {"type": "Point", "coordinates": [10.7734503, 59.9165279]}, "properties": {"id": 892693729, "feat_type": "way", "quality_categories": "older_than_five_years", "issue_ids": "[28]", "osm_url": "https://www.openstreetmap.org/way/892693729", "josm_url": "http://127.0.0.1:8111/load_object?new_layer=false&objects=w892693729", "id_url": "https://www.openstreetmap.org/edit?editor=id&way=892693729#map=20/59.9165279/10.7734503"}}, {"type": "Feature", "geometry": {"type": "Point", "coordinates": [10.7732474, 59.9167562]}, "properties": {"id": 892694010, "feat_type": "way", "quality_categories": "older_than_five_years", "issue_ids": "[28]", "osm_url": "https://www.openstreetmap.org/way/892694010", "josm_url": "http://127.0.0.1:8111/load_object?new_layer=false&objects=w892694010", "id_url": "https://www.openstreetmap.org/edit?editor=id&way=892694010#map=20/59.9167562/10.7732474"}}, {"type": "Feature", "geometry": {"type": "Point", "coordinates": [10.7759605, 59.9119428]}, "properties": {"id": 892704980, "feat_type": "way", "quality_categories": "older_than_five_years", "issue_ids": "[224]", "osm_url": "https://www.openstreetmap.org/way/892704980", "josm_url": "http://127.0.0.1:8111/load_object?new_layer=false&objects=w892704980", "id_url": "https://www.openstreetmap.org/edit?editor=id&way=892704980#map=20/59.9119428/10.7759605"}}, {"type": "Feature", "geometry": {"type": "Point", "coordinates": [10.7754085, 59.9118827]}, "properties": {"id": 892706100, "feat_type": "way", "quality_categories": "older_than_five_years", "issue_ids": "[224]", "osm_url": "https://www.openstreetmap.org/way/892706100", "josm_url": "http://127.0.0.1:8111/load_object?new_layer=false&objects=w892706100", "id_url": "https://www.openstreetmap.org/edit?editor=id&way=892706100#map=20/59.9118827/10.7754085"}}, {"type": "Feature", "geometry": {"type": "Point", "coordinates": [10.7108792, 59.9451]}, "properties": {"id": 893079574, "feat_type": "way", "quality_categories": "older_than_five_years", "issue_ids": "[480]", "osm_url": "https://www.openstreetmap.org/way/893079574", "josm_url": "http://127.0.0.1:8111/load_object?new_layer=false&objects=w893079574", "id_url": "https://www.openstreetmap.org/edit?editor=id&way=893079574#map=20/59.9451/10.7108792"}}, {"type": "Feature", "geometry": {"type": "Point", "coordinates": [10.7108792, 59.9451]}, "properties": {"id": 893079575, "feat_type": "way", "quality_categories": "older_than_five_years", "issue_ids": "[480]", "osm_url": "https://www.openstreetmap.org/way/893079575", "josm_url": "http://127.0.0.1:8111/load_object?new_layer=false&objects=w893079575", "id_url": "https://www.openstreetmap.org/edit?editor=id&way=893079575#map=20/59.9451/10.7108792"}}, {"type": "Feature", "geometry": {"type": "Point", "coordinates": [10.7108451, 59.9452648]}, "properties": {"id": 893079576, "feat_type": "way", "quality_categories": "older_than_five_years", "issue_ids": "[480]", "osm_url": "https://www.openstreetmap.org/way/893079576", "josm_url": "http://127.0.0.1:8111/load_object?new_layer=false&objects=w893079576", "id_url": "https://www.openstreetmap.org/edit?editor=id&way=893079576#map=20/59.9452648/10.7108451"}}, {"type": "Feature", "geometry": {"type": "Point", "coordinates": [10.7109178, 59.9451754]}, "properties": {"id": 893079577, "feat_type": "way", "quality_categories": "older_than_five_years", "issue_ids": "[480]", "osm_url": "https://www.openstreetmap.org/way/893079577", "josm_url": "http://127.0.0.1:8111/load_object?new_layer=false&objects=w893079577", "id_url": "https://www.openstreetmap.org/edit?editor=id&way=893079577#map=20/59.9451754/10.7109178"}}, {"type": "Feature", "geometry": {"type": "Point", "coordinates": [10.7176112, 59.9565401]}, "properties": {"id": 893094912, "feat_type": "way", "quality_categories": "older_than_five_years", "issue_ids": "[480]", "osm_url": "https://www.openstreetmap.org/way/893094912", "josm_url": "http://127.0.0.1:8111/load_object?new_layer=false&objects=w893094912", "id_url": "https://www.openstreetmap.org/edit?editor=id&way=893094912#map=20/59.9565401/10.7176112"}}, {"type": "Feature", "geometry": {"type": "Point", "coordinates": [10.868805, 59.9538192]}, "properties": {"id": 894034847, "feat_type": "way", "quality_categories": "older_than_five_years", "issue_ids": "[16]", "osm_url": "https://www.openstreetmap.org/way/894034847", "josm_url": "http://127.0.0.1:8111/load_object?new_layer=false&objects=w894034847", "id_url": "https://www.openstreetmap.org/edit?editor=id&way=894034847#map=20/59.9538192/10.868805"}}, {"type": "Feature", "geometry": {"type": "Point", "coordinates": [10.8698855, 59.9533662]}, "properties": {"id": 894034858, "feat_type": "way", "quality_categories": "older_than_five_years", "issue_ids": "[16]", "osm_url": "https://www.openstreetmap.org/way/894034858", "josm_url": "http://127.0.0.1:8111/load_object?new_layer=false&objects=w894034858", "id_url": "https://www.openstreetmap.org/edit?editor=id&way=894034858#map=20/59.9533662/10.8698855"}}, {"type": "Feature", "geometry": {"type": "Point", "coordinates": [10.68075, 59.9507812]}, "properties": {"id": 895191004, "feat_type": "way", "quality_categories": "older_than_five_years", "issue_ids": "[106]", "osm_url": "https://www.openstreetmap.org/way/895191004", "josm_url": "http://127.0.0.1:8111/load_object?new_layer=false&objects=w895191004", "id_url": "https://www.openstreetmap.org/edit?editor=id&way=895191004#map=20/59.9507812/10.68075"}}, {"type": "Feature", "geometry": {"type": "Point", "coordinates": [10.7863844, 59.9191896]}, "properties": {"id": 898090683, "feat_type": "way", "quality_categories": "older_than_five_years", "issue_ids": "[160]", "osm_url": "https://www.openstreetmap.org/way/898090683", "josm_url": "http://127.0.0.1:8111/load_object?new_layer=false&objects=w898090683", "id_url": "https://www.openstreetmap.org/edit?editor=id&way=898090683#map=20/59.9191896/10.7863844"}}, {"type": "Feature", "geometry": {"type": "Point", "coordinates": [10.7819148, 59.9073563]}, "properties": {"id": 900514181, "feat_type": "way", "quality_categories": "older_than_five_years", "issue_ids": "[358]", "osm_url": "https://www.openstreetmap.org/way/900514181", "josm_url": "http://127.0.0.1:8111/load_object?new_layer=false&objects=w900514181", "id_url": "https://www.openstreetmap.org/edit?editor=id&way=900514181#map=20/59.9073563/10.7819148"}}, {"type": "Feature", "geometry": {"type": "Point", "coordinates": [10.79176, 59.9038832]}, "properties": {"id": 900514182, "feat_type": "way", "quality_categories": "older_than_five_years", "issue_ids": "[100]", "osm_url": "https://www.openstreetmap.org/way/900514182", "josm_url": "http://127.0.0.1:8111/load_object?new_layer=false&objects=w900514182", "id_url": "https://www.openstreetmap.org/edit?editor=id&way=900514182#map=20/59.9038832/10.79176"}}, {"type": "Feature", "geometry": {"type": "Point", "coordinates": [10.7845184, 59.9082222]}, "properties": {"id": 900914271, "feat_type": "way", "quality_categories": "older_than_five_years", "issue_ids": "[481]", "osm_url": "https://www.openstreetmap.org/way/900914271", "josm_url": "http://127.0.0.1:8111/load_object?new_layer=false&objects=w900914271", "id_url": "https://www.openstreetmap.org/edit?editor=id&way=900914271#map=20/59.9082222/10.7845184"}}, {"type": "Feature", "geometry": {"type": "Point", "coordinates": [10.7868307, 59.9085511]}, "properties": {"id": 900914278, "feat_type": "way", "quality_categories": "older_than_five_years", "issue_ids": "[224]", "osm_url": "https://www.openstreetmap.org/way/900914278", "josm_url": "http://127.0.0.1:8111/load_object?new_layer=false&objects=w900914278", "id_url": "https://www.openstreetmap.org/edit?editor=id&way=900914278#map=20/59.9085511/10.7868307"}}, {"type": "Feature", "geometry": {"type": "Point", "coordinates": [10.7817432, 59.9074674]}, "properties": {"id": 901041302, "feat_type": "way", "quality_categories": "older_than_five_years", "issue_ids": "[358]", "osm_url": "https://www.openstreetmap.org/way/901041302", "josm_url": "http://127.0.0.1:8111/load_object?new_layer=false&objects=w901041302", "id_url": "https://www.openstreetmap.org/edit?editor=id&way=901041302#map=20/59.9074674/10.7817432"}}, {"type": "Feature", "geometry": {"type": "Point", "coordinates": [10.7866418, 59.9075473]}, "properties": {"id": 901293813, "feat_type": "way", "quality_categories": "older_than_five_years", "issue_ids": "[356]", "osm_url": "https://www.openstreetmap.org/way/901293813", "josm_url": "http://127.0.0.1:8111/load_object?new_layer=false&objects=w901293813", "id_url": "https://www.openstreetmap.org/edit?editor=id&way=901293813#map=20/59.9075473/10.7866418"}}, {"type": "Feature", "geometry": {"type": "Point", "coordinates": [10.7865811, 59.9074533]}, "properties": {"id": 901293814, "feat_type": "way", "quality_categories": "older_than_five_years", "issue_ids": "[356]", "osm_url": "https://www.openstreetmap.org/way/901293814", "josm_url": "http://127.0.0.1:8111/load_object?new_layer=false&objects=w901293814", "id_url": "https://www.openstreetmap.org/edit?editor=id&way=901293814#map=20/59.9074533/10.7865811"}}, {"type": "Feature", "geometry": {"type": "Point", "coordinates": [10.7874227, 59.9077272]}, "properties": {"id": 901329748, "feat_type": "way", "quality_categories": "older_than_five_years", "issue_ids": "[356]", "osm_url": "https://www.openstreetmap.org/way/901329748", "josm_url": "http://127.0.0.1:8111/load_object?new_layer=false&objects=w901329748", "id_url": "https://www.openstreetmap.org/edit?editor=id&way=901329748#map=20/59.9077272/10.7874227"}}, {"type": "Feature", "geometry": {"type": "Point", "coordinates": [10.7890205, 59.9076758]}, "properties": {"id": 901727784, "feat_type": "way", "quality_categories": "older_than_five_years", "issue_ids": "[243]", "osm_url": "https://www.openstreetmap.org/way/901727784", "josm_url": "http://127.0.0.1:8111/load_object?new_layer=false&objects=w901727784", "id_url": "https://www.openstreetmap.org/edit?editor=id&way=901727784#map=20/59.9076758/10.7890205"}}, {"type": "Feature", "geometry": {"type": "Point", "coordinates": [10.7896896, 59.9080178]}, "properties": {"id": 901727788, "feat_type": "way", "quality_categories": "older_than_five_years", "issue_ids": "[359]", "osm_url": "https://www.openstreetmap.org/way/901727788", "josm_url": "http://127.0.0.1:8111/load_object?new_layer=false&objects=w901727788", "id_url": "https://www.openstreetmap.org/edit?editor=id&way=901727788#map=20/59.9080178/10.7896896"}}, {"type": "Feature", "geometry": {"type": "Point", "coordinates": [10.7926999, 59.9084628]}, "properties": {"id": 901865665, "feat_type": "way", "quality_categories": "older_than_five_years", "issue_ids": "[243]", "osm_url": "https://www.openstreetmap.org/way/901865665", "josm_url": "http://127.0.0.1:8111/load_object?new_layer=false&objects=w901865665", "id_url": "https://www.openstreetmap.org/edit?editor=id&way=901865665#map=20/59.9084628/10.7926999"}}, {"type": "Feature", "geometry": {"type": "Point", "coordinates": [10.7905597, 59.9070917]}, "properties": {"id": 901899224, "feat_type": "way", "quality_categories": "older_than_five_years", "issue_ids": "[243]", "osm_url": "https://www.openstreetmap.org/way/901899224", "josm_url": "http://127.0.0.1:8111/load_object?new_layer=false&objects=w901899224", "id_url": "https://www.openstreetmap.org/edit?editor=id&way=901899224#map=20/59.9070917/10.7905597"}}, {"type": "Feature", "geometry": {"type": "Point", "coordinates": [10.7946492, 59.9096967]}, "properties": {"id": 902013546, "feat_type": "way", "quality_categories": "older_than_five_years", "issue_ids": "[120]", "osm_url": "https://www.openstreetmap.org/way/902013546", "josm_url": "http://127.0.0.1:8111/load_object?new_layer=false&objects=w902013546", "id_url": "https://www.openstreetmap.org/edit?editor=id&way=902013546#map=20/59.9096967/10.7946492"}}, {"type": "Feature", "geometry": {"type": "Point", "coordinates": [10.7954373, 59.9083084]}, "properties": {"id": 902013547, "feat_type": "way", "quality_categories": "older_than_five_years", "issue_ids": "[254]", "osm_url": "https://www.openstreetmap.org/way/902013547", "josm_url": "http://127.0.0.1:8111/load_object?new_layer=false&objects=w902013547", "id_url": "https://www.openstreetmap.org/edit?editor=id&way=902013547#map=20/59.9083084/10.7954373"}}, {"type": "Feature", "geometry": {"type": "Point", "coordinates": [10.8003049, 59.9131332]}, "properties": {"id": 902201587, "feat_type": "way", "quality_categories": "older_than_five_years", "issue_ids": "[130]", "osm_url": "https://www.openstreetmap.org/way/902201587", "josm_url": "http://127.0.0.1:8111/load_object?new_layer=false&objects=w902201587", "id_url": "https://www.openstreetmap.org/edit?editor=id&way=902201587#map=20/59.9131332/10.8003049"}}, {"type": "Feature", "geometry": {"type": "Point", "coordinates": [10.8083467, 59.918866]}, "properties": {"id": 902241126, "feat_type": "way", "quality_categories": "older_than_five_years", "issue_ids": "[130]", "osm_url": "https://www.openstreetmap.org/way/902241126", "josm_url": "http://127.0.0.1:8111/load_object?new_layer=false&objects=w902241126", "id_url": "https://www.openstreetmap.org/edit?editor=id&way=902241126#map=20/59.918866/10.8083467"}}, {"type": "Feature", "geometry": {"type": "Point", "coordinates": [10.8132398, 59.9106458]}, "properties": {"id": 902456045, "feat_type": "way", "quality_categories": "older_than_five_years", "issue_ids": "[22]", "osm_url": "https://www.openstreetmap.org/way/902456045", "josm_url": "http://127.0.0.1:8111/load_object?new_layer=false&objects=w902456045", "id_url": "https://www.openstreetmap.org/edit?editor=id&way=902456045#map=20/59.9106458/10.8132398"}}, {"type": "Feature", "geometry": {"type": "Point", "coordinates": [10.8137878, 59.9107428]}, "properties": {"id": 902456046, "feat_type": "way", "quality_categories": "older_than_five_years", "issue_ids": "[130]", "osm_url": "https://www.openstreetmap.org/way/902456046", "josm_url": "http://127.0.0.1:8111/load_object?new_layer=false&objects=w902456046", "id_url": "https://www.openstreetmap.org/edit?editor=id&way=902456046#map=20/59.9107428/10.8137878"}}, {"type": "Feature", "geometry": {"type": "Point", "coordinates": [10.8129136, 59.908485]}, "properties": {"id": 902923958, "feat_type": "way", "quality_categories": "older_than_five_years", "issue_ids": "[133]", "osm_url": "https://www.openstreetmap.org/way/902923958", "josm_url": "http://127.0.0.1:8111/load_object?new_layer=false&objects=w902923958", "id_url": "https://www.openstreetmap.org/edit?editor=id&way=902923958#map=20/59.908485/10.8129136"}}, {"type": "Feature", "geometry": {"type": "Point", "coordinates": [10.8137474, 59.9089205]}, "properties": {"id": 902923973, "feat_type": "way", "quality_categories": "older_than_five_years", "issue_ids": "[133]", "osm_url": "https://www.openstreetmap.org/way/902923973", "josm_url": "http://127.0.0.1:8111/load_object?new_layer=false&objects=w902923973", "id_url": "https://www.openstreetmap.org/edit?editor=id&way=902923973#map=20/59.9089205/10.8137474"}}, {"type": "Feature", "geometry": {"type": "Point", "coordinates": [10.8083636, 59.9091676]}, "properties": {"id": 902923977, "feat_type": "way", "quality_categories": "older_than_five_years", "issue_ids": "[133]", "osm_url": "https://www.openstreetmap.org/way/902923977", "josm_url": "http://127.0.0.1:8111/load_object?new_layer=false&objects=w902923977", "id_url": "https://www.openstreetmap.org/edit?editor=id&way=902923977#map=20/59.9091676/10.8083636"}}, {"type": "Feature", "geometry": {"type": "Point", "coordinates": [10.7640205, 59.9094346]}, "properties": {"id": 903007292, "feat_type": "way", "quality_categories": "older_than_five_years", "issue_ids": "[482]", "osm_url": "https://www.openstreetmap.org/way/903007292", "josm_url": "http://127.0.0.1:8111/load_object?new_layer=false&objects=w903007292", "id_url": "https://www.openstreetmap.org/edit?editor=id&way=903007292#map=20/59.9094346/10.7640205"}}, {"type": "Feature", "geometry": {"type": "Point", "coordinates": [10.817119, 59.8988239]}, "properties": {"id": 903147470, "feat_type": "way", "quality_categories": "older_than_five_years", "issue_ids": "[133]", "osm_url": "https://www.openstreetmap.org/way/903147470", "josm_url": "http://127.0.0.1:8111/load_object?new_layer=false&objects=w903147470", "id_url": "https://www.openstreetmap.org/edit?editor=id&way=903147470#map=20/59.8988239/10.817119"}}, {"type": "Feature", "geometry": {"type": "Point", "coordinates": [10.8148697, 59.8972419]}, "properties": {"id": 903147471, "feat_type": "way", "quality_categories": "older_than_five_years", "issue_ids": "[483]", "osm_url": "https://www.openstreetmap.org/way/903147471", "josm_url": "http://127.0.0.1:8111/load_object?new_layer=false&objects=w903147471", "id_url": "https://www.openstreetmap.org/edit?editor=id&way=903147471#map=20/59.8972419/10.8148697"}}, {"type": "Feature", "geometry": {"type": "Point", "coordinates": [10.8014626, 59.9120564]}, "properties": {"id": 903194118, "feat_type": "way", "quality_categories": "older_than_five_years", "issue_ids": "[133]", "osm_url": "https://www.openstreetmap.org/way/903194118", "josm_url": "http://127.0.0.1:8111/load_object?new_layer=false&objects=w903194118", "id_url": "https://www.openstreetmap.org/edit?editor=id&way=903194118#map=20/59.9120564/10.8014626"}}, {"type": "Feature", "geometry": {"type": "Point", "coordinates": [10.7975545, 59.9133404]}, "properties": {"id": 903915724, "feat_type": "way", "quality_categories": "older_than_five_years", "issue_ids": "[254]", "osm_url": "https://www.openstreetmap.org/way/903915724", "josm_url": "http://127.0.0.1:8111/load_object?new_layer=false&objects=w903915724", "id_url": "https://www.openstreetmap.org/edit?editor=id&way=903915724#map=20/59.9133404/10.7975545"}}, {"type": "Feature", "geometry": {"type": "Point", "coordinates": [10.7545993, 59.9655034]}, "properties": {"id": 906743674, "feat_type": "way", "quality_categories": "older_than_five_years", "issue_ids": "[94]", "osm_url": "https://www.openstreetmap.org/way/906743674", "josm_url": "http://127.0.0.1:8111/load_object?new_layer=false&objects=w906743674", "id_url": "https://www.openstreetmap.org/edit?editor=id&way=906743674#map=20/59.9655034/10.7545993"}}, {"type": "Feature", "geometry": {"type": "Point", "coordinates": [10.7519892, 59.9183568]}, "properties": {"id": 906825138, "feat_type": "way", "quality_categories": "older_than_five_years", "issue_ids": "[165]", "osm_url": "https://www.openstreetmap.org/way/906825138", "josm_url": "http://127.0.0.1:8111/load_object?new_layer=false&objects=w906825138", "id_url": "https://www.openstreetmap.org/edit?editor=id&way=906825138#map=20/59.9183568/10.7519892"}}, {"type": "Feature", "geometry": {"type": "Point", "coordinates": [10.747, 59.9194955]}, "properties": {"id": 906838965, "feat_type": "way", "quality_categories": "older_than_five_years", "issue_ids": "[94]", "osm_url": "https://www.openstreetmap.org/way/906838965", "josm_url": "http://127.0.0.1:8111/load_object?new_layer=false&objects=w906838965", "id_url": "https://www.openstreetmap.org/edit?editor=id&way=906838965#map=20/59.9194955/10.747"}}, {"type": "Feature", "geometry": {"type": "Point", "coordinates": [10.7677633, 59.9106332]}, "properties": {"id": 907635682, "feat_type": "way", "quality_categories": "older_than_five_years", "issue_ids": "[224]", "osm_url": "https://www.openstreetmap.org/way/907635682", "josm_url": "http://127.0.0.1:8111/load_object?new_layer=false&objects=w907635682", "id_url": "https://www.openstreetmap.org/edit?editor=id&way=907635682#map=20/59.9106332/10.7677633"}}, {"type": "Feature", "geometry": {"type": "Point", "coordinates": [10.7680662, 59.9107708]}, "properties": {"id": 907635683, "feat_type": "way", "quality_categories": "older_than_five_years", "issue_ids": "[224]", "osm_url": "https://www.openstreetmap.org/way/907635683", "josm_url": "http://127.0.0.1:8111/load_object?new_layer=false&objects=w907635683", "id_url": "https://www.openstreetmap.org/edit?editor=id&way=907635683#map=20/59.9107708/10.7680662"}}, {"type": "Feature", "geometry": {"type": "Point", "coordinates": [10.7093444, 59.9400481]}, "properties": {"id": 908089978, "feat_type": "way", "quality_categories": "older_than_five_years", "issue_ids": "[19]", "osm_url": "https://www.openstreetmap.org/way/908089978", "josm_url": "http://127.0.0.1:8111/load_object?new_layer=false&objects=w908089978", "id_url": "https://www.openstreetmap.org/edit?editor=id&way=908089978#map=20/59.9400481/10.7093444"}}, {"type": "Feature", "geometry": {"type": "Point", "coordinates": [10.7091322, 59.9388839]}, "properties": {"id": 908089979, "feat_type": "way", "quality_categories": "older_than_five_years", "issue_ids": "[319]", "osm_url": "https://www.openstreetmap.org/way/908089979", "josm_url": "http://127.0.0.1:8111/load_object?new_layer=false&objects=w908089979", "id_url": "https://www.openstreetmap.org/edit?editor=id&way=908089979#map=20/59.9388839/10.7091322"}}, {"type": "Feature", "geometry": {"type": "Point", "coordinates": [10.747728, 59.9166967]}, "properties": {"id": 908554306, "feat_type": "way", "quality_categories": "older_than_five_years", "issue_ids": "[86]", "osm_url": "https://www.openstreetmap.org/way/908554306", "josm_url": "http://127.0.0.1:8111/load_object?new_layer=false&objects=w908554306", "id_url": "https://www.openstreetmap.org/edit?editor=id&way=908554306#map=20/59.9166967/10.747728"}}, {"type": "Feature", "geometry": {"type": "Point", "coordinates": [10.7477951, 59.9183894]}, "properties": {"id": 908554314, "feat_type": "way", "quality_categories": "older_than_five_years", "issue_ids": "[484]", "osm_url": "https://www.openstreetmap.org/way/908554314", "josm_url": "http://127.0.0.1:8111/load_object?new_layer=false&objects=w908554314", "id_url": "https://www.openstreetmap.org/edit?editor=id&way=908554314#map=20/59.9183894/10.7477951"}}, {"type": "Feature", "geometry": {"type": "Point", "coordinates": [10.770925, 59.9469067]}, "properties": {"id": 909023802, "feat_type": "way", "quality_categories": "older_than_five_years", "issue_ids": "[37]", "osm_url": "https://www.openstreetmap.org/way/909023802", "josm_url": "http://127.0.0.1:8111/load_object?new_layer=false&objects=w909023802", "id_url": "https://www.openstreetmap.org/edit?editor=id&way=909023802#map=20/59.9469067/10.770925"}}, {"type": "Feature", "geometry": {"type": "Point", "coordinates": [10.771058, 59.9469305]}, "properties": {"id": 909023803, "feat_type": "way", "quality_categories": "older_than_five_years", "issue_ids": "[37]", "osm_url": "https://www.openstreetmap.org/way/909023803", "josm_url": "http://127.0.0.1:8111/load_object?new_layer=false&objects=w909023803", "id_url": "https://www.openstreetmap.org/edit?editor=id&way=909023803#map=20/59.9469305/10.771058"}}, {"type": "Feature", "geometry": {"type": "Point", "coordinates": [10.7700833, 59.9470541]}, "properties": {"id": 909023805, "feat_type": "way", "quality_categories": "older_than_five_years", "issue_ids": "[37]", "osm_url": "https://www.openstreetmap.org/way/909023805", "josm_url": "http://127.0.0.1:8111/load_object?new_layer=false&objects=w909023805", "id_url": "https://www.openstreetmap.org/edit?editor=id&way=909023805#map=20/59.9470541/10.7700833"}}, {"type": "Feature", "geometry": {"type": "Point", "coordinates": [10.7701528, 59.9469626]}, "properties": {"id": 909023806, "feat_type": "way", "quality_categories": "older_than_five_years", "issue_ids": "[37]", "osm_url": "https://www.openstreetmap.org/way/909023806", "josm_url": "http://127.0.0.1:8111/load_object?new_layer=false&objects=w909023806", "id_url": "https://www.openstreetmap.org/edit?editor=id&way=909023806#map=20/59.9469626/10.7701528"}}, {"type": "Feature", "geometry": {"type": "Point", "coordinates": [10.771386, 59.9470415]}, "properties": {"id": 909023807, "feat_type": "way", "quality_categories": "older_than_five_years", "issue_ids": "[96]", "osm_url": "https://www.openstreetmap.org/way/909023807", "josm_url": "http://127.0.0.1:8111/load_object?new_layer=false&objects=w909023807", "id_url": "https://www.openstreetmap.org/edit?editor=id&way=909023807#map=20/59.9470415/10.771386"}}, {"type": "Feature", "geometry": {"type": "Point", "coordinates": [10.7714197, 59.9471768]}, "properties": {"id": 909023808, "feat_type": "way", "quality_categories": "older_than_five_years", "issue_ids": "[96]", "osm_url": "https://www.openstreetmap.org/way/909023808", "josm_url": "http://127.0.0.1:8111/load_object?new_layer=false&objects=w909023808", "id_url": "https://www.openstreetmap.org/edit?editor=id&way=909023808#map=20/59.9471768/10.7714197"}}, {"type": "Feature", "geometry": {"type": "Point", "coordinates": [10.7682649, 59.9526201]}, "properties": {"id": 909023857, "feat_type": "way", "quality_categories": "older_than_five_years", "issue_ids": "[10]", "osm_url": "https://www.openstreetmap.org/way/909023857", "josm_url": "http://127.0.0.1:8111/load_object?new_layer=false&objects=w909023857", "id_url": "https://www.openstreetmap.org/edit?editor=id&way=909023857#map=20/59.9526201/10.7682649"}}, {"type": "Feature", "geometry": {"type": "Point", "coordinates": [10.7679978, 59.9518687]}, "properties": {"id": 909023858, "feat_type": "way", "quality_categories": "older_than_five_years", "issue_ids": "[10]", "osm_url": "https://www.openstreetmap.org/way/909023858", "josm_url": "http://127.0.0.1:8111/load_object?new_layer=false&objects=w909023858", "id_url": "https://www.openstreetmap.org/edit?editor=id&way=909023858#map=20/59.9518687/10.7679978"}}, {"type": "Feature", "geometry": {"type": "Point", "coordinates": [10.7679237, 59.952152]}, "properties": {"id": 909023860, "feat_type": "way", "quality_categories": "older_than_five_years", "issue_ids": "[10]", "osm_url": "https://www.openstreetmap.org/way/909023860", "josm_url": "http://127.0.0.1:8111/load_object?new_layer=false&objects=w909023860", "id_url": "https://www.openstreetmap.org/edit?editor=id&way=909023860#map=20/59.952152/10.7679237"}}, {"type": "Feature", "geometry": {"type": "Point", "coordinates": [10.7684858, 59.9511202]}, "properties": {"id": 909087042, "feat_type": "way", "quality_categories": "older_than_five_years", "issue_ids": "[10]", "osm_url": "https://www.openstreetmap.org/way/909087042", "josm_url": "http://127.0.0.1:8111/load_object?new_layer=false&objects=w909087042", "id_url": "https://www.openstreetmap.org/edit?editor=id&way=909087042#map=20/59.9511202/10.7684858"}}, {"type": "Feature", "geometry": {"type": "Point", "coordinates": [10.7685303, 59.9510041]}, "properties": {"id": 909087043, "feat_type": "way", "quality_categories": "older_than_five_years", "issue_ids": "[10]", "osm_url": "https://www.openstreetmap.org/way/909087043", "josm_url": "http://127.0.0.1:8111/load_object?new_layer=false&objects=w909087043", "id_url": "https://www.openstreetmap.org/edit?editor=id&way=909087043#map=20/59.9510041/10.7685303"}}, {"type": "Feature", "geometry": {"type": "Point", "coordinates": [10.7679532, 59.9490153]}, "properties": {"id": 909087069, "feat_type": "way", "quality_categories": "older_than_five_years", "issue_ids": "[96]", "osm_url": "https://www.openstreetmap.org/way/909087069", "josm_url": "http://127.0.0.1:8111/load_object?new_layer=false&objects=w909087069", "id_url": "https://www.openstreetmap.org/edit?editor=id&way=909087069#map=20/59.9490153/10.7679532"}}, {"type": "Feature", "geometry": {"type": "Point", "coordinates": [10.7678703, 59.9491252]}, "properties": {"id": 909087070, "feat_type": "way", "quality_categories": "older_than_five_years", "issue_ids": "[96]", "osm_url": "https://www.openstreetmap.org/way/909087070", "josm_url": "http://127.0.0.1:8111/load_object?new_layer=false&objects=w909087070", "id_url": "https://www.openstreetmap.org/edit?editor=id&way=909087070#map=20/59.9491252/10.7678703"}}, {"type": "Feature", "geometry": {"type": "Point", "coordinates": [10.7670936, 59.948868]}, "properties": {"id": 909087072, "feat_type": "way", "quality_categories": "older_than_five_years", "issue_ids": "[96]", "osm_url": "https://www.openstreetmap.org/way/909087072", "josm_url": "http://127.0.0.1:8111/load_object?new_layer=false&objects=w909087072", "id_url": "https://www.openstreetmap.org/edit?editor=id&way=909087072#map=20/59.948868/10.7670936"}}, {"type": "Feature", "geometry": {"type": "Point", "coordinates": [10.7670249, 59.9489715]}, "properties": {"id": 909087073, "feat_type": "way", "quality_categories": "older_than_five_years", "issue_ids": "[96]", "osm_url": "https://www.openstreetmap.org/way/909087073", "josm_url": "http://127.0.0.1:8111/load_object?new_layer=false&objects=w909087073", "id_url": "https://www.openstreetmap.org/edit?editor=id&way=909087073#map=20/59.9489715/10.7670249"}}, {"type": "Feature", "geometry": {"type": "Point", "coordinates": [10.7666615, 59.9490066]}, "properties": {"id": 909087074, "feat_type": "way", "quality_categories": "older_than_five_years", "issue_ids": "[96]", "osm_url": "https://www.openstreetmap.org/way/909087074", "josm_url": "http://127.0.0.1:8111/load_object?new_layer=false&objects=w909087074", "id_url": "https://www.openstreetmap.org/edit?editor=id&way=909087074#map=20/59.9490066/10.7666615"}}, {"type": "Feature", "geometry": {"type": "Point", "coordinates": [10.7667991, 59.9490302]}, "properties": {"id": 909087075, "feat_type": "way", "quality_categories": "older_than_five_years", "issue_ids": "[96]", "osm_url": "https://www.openstreetmap.org/way/909087075", "josm_url": "http://127.0.0.1:8111/load_object?new_layer=false&objects=w909087075", "id_url": "https://www.openstreetmap.org/edit?editor=id&way=909087075#map=20/59.9490302/10.7667991"}}, {"type": "Feature", "geometry": {"type": "Point", "coordinates": [10.7667768, 59.9487553]}, "properties": {"id": 909087076, "feat_type": "way", "quality_categories": "older_than_five_years", "issue_ids": "[96]", "osm_url": "https://www.openstreetmap.org/way/909087076", "josm_url": "http://127.0.0.1:8111/load_object?new_layer=false&objects=w909087076", "id_url": "https://www.openstreetmap.org/edit?editor=id&way=909087076#map=20/59.9487553/10.7667768"}}, {"type": "Feature", "geometry": {"type": "Point", "coordinates": [10.7669332, 59.9487815]}, "properties": {"id": 909087077, "feat_type": "way", "quality_categories": "older_than_five_years", "issue_ids": "[96]", "osm_url": "https://www.openstreetmap.org/way/909087077", "josm_url": "http://127.0.0.1:8111/load_object?new_layer=false&objects=w909087077", "id_url": "https://www.openstreetmap.org/edit?editor=id&way=909087077#map=20/59.9487815/10.7669332"}}, {"type": "Feature", "geometry": {"type": "Point", "coordinates": [10.7676419, 59.9475648]}, "properties": {"id": 909087078, "feat_type": "way", "quality_categories": "older_than_five_years", "issue_ids": "[37]", "osm_url": "https://www.openstreetmap.org/way/909087078", "josm_url": "http://127.0.0.1:8111/load_object?new_layer=false&objects=w909087078", "id_url": "https://www.openstreetmap.org/edit?editor=id&way=909087078#map=20/59.9475648/10.7676419"}}, {"type": "Feature", "geometry": {"type": "Point", "coordinates": [10.7678183, 59.9475942]}, "properties": {"id": 909087079, "feat_type": "way", "quality_categories": "older_than_five_years", "issue_ids": "[37]", "osm_url": "https://www.openstreetmap.org/way/909087079", "josm_url": "http://127.0.0.1:8111/load_object?new_layer=false&objects=w909087079", "id_url": "https://www.openstreetmap.org/edit?editor=id&way=909087079#map=20/59.9475942/10.7678183"}}, {"type": "Feature", "geometry": {"type": "Point", "coordinates": [10.7701943, 59.9415271]}, "properties": {"id": 909139851, "feat_type": "way", "quality_categories": "older_than_five_years", "issue_ids": "[96]", "osm_url": "https://www.openstreetmap.org/way/909139851", "josm_url": "http://127.0.0.1:8111/load_object?new_layer=false&objects=w909139851", "id_url": "https://www.openstreetmap.org/edit?editor=id&way=909139851#map=20/59.9415271/10.7701943"}}, {"type": "Feature", "geometry": {"type": "Point", "coordinates": [10.7702394, 59.9414127]}, "properties": {"id": 909139852, "feat_type": "way", "quality_categories": "older_than_five_years", "issue_ids": "[96]", "osm_url": "https://www.openstreetmap.org/way/909139852", "josm_url": "http://127.0.0.1:8111/load_object?new_layer=false&objects=w909139852", "id_url": "https://www.openstreetmap.org/edit?editor=id&way=909139852#map=20/59.9414127/10.7702394"}}, {"type": "Feature", "geometry": {"type": "Point", "coordinates": [10.7738728, 59.939425]}, "properties": {"id": 909139858, "feat_type": "way", "quality_categories": "older_than_five_years", "issue_ids": "[96]", "osm_url": "https://www.openstreetmap.org/way/909139858", "josm_url": "http://127.0.0.1:8111/load_object?new_layer=false&objects=w909139858", "id_url": "https://www.openstreetmap.org/edit?editor=id&way=909139858#map=20/59.939425/10.7738728"}}, {"type": "Feature", "geometry": {"type": "Point", "coordinates": [10.7739805, 59.9393643]}, "properties": {"id": 909139859, "feat_type": "way", "quality_categories": "older_than_five_years", "issue_ids": "[96]", "osm_url": "https://www.openstreetmap.org/way/909139859", "josm_url": "http://127.0.0.1:8111/load_object?new_layer=false&objects=w909139859", "id_url": "https://www.openstreetmap.org/edit?editor=id&way=909139859#map=20/59.9393643/10.7739805"}}, {"type": "Feature", "geometry": {"type": "Point", "coordinates": [10.7759047, 59.940201]}, "properties": {"id": 909139870, "feat_type": "way", "quality_categories": "older_than_five_years", "issue_ids": "[37]", "osm_url": "https://www.openstreetmap.org/way/909139870", "josm_url": "http://127.0.0.1:8111/load_object?new_layer=false&objects=w909139870", "id_url": "https://www.openstreetmap.org/edit?editor=id&way=909139870#map=20/59.940201/10.7759047"}}, {"type": "Feature", "geometry": {"type": "Point", "coordinates": [10.7751256, 59.9398818]}, "properties": {"id": 909139871, "feat_type": "way", "quality_categories": "older_than_five_years", "issue_ids": "[37]", "osm_url": "https://www.openstreetmap.org/way/909139871", "josm_url": "http://127.0.0.1:8111/load_object?new_layer=false&objects=w909139871", "id_url": "https://www.openstreetmap.org/edit?editor=id&way=909139871#map=20/59.9398818/10.7751256"}}, {"type": "Feature", "geometry": {"type": "Point", "coordinates": [10.7480129, 59.9166326]}, "properties": {"id": 909245187, "feat_type": "way", "quality_categories": "older_than_five_years", "issue_ids": "[86]", "osm_url": "https://www.openstreetmap.org/way/909245187", "josm_url": "http://127.0.0.1:8111/load_object?new_layer=false&objects=w909245187", "id_url": "https://www.openstreetmap.org/edit?editor=id&way=909245187#map=20/59.9166326/10.7480129"}}, {"type": "Feature", "geometry": {"type": "Point", "coordinates": [10.745662, 59.9172598]}, "properties": {"id": 909255368, "feat_type": "way", "quality_categories": "older_than_five_years", "issue_ids": "[86]", "osm_url": "https://www.openstreetmap.org/way/909255368", "josm_url": "http://127.0.0.1:8111/load_object?new_layer=false&objects=w909255368", "id_url": "https://www.openstreetmap.org/edit?editor=id&way=909255368#map=20/59.9172598/10.745662"}}, {"type": "Feature", "geometry": {"type": "Point", "coordinates": [10.7441595, 59.917247]}, "properties": {"id": 909255372, "feat_type": "way", "quality_categories": "older_than_five_years", "issue_ids": "[86]", "osm_url": "https://www.openstreetmap.org/way/909255372", "josm_url": "http://127.0.0.1:8111/load_object?new_layer=false&objects=w909255372", "id_url": "https://www.openstreetmap.org/edit?editor=id&way=909255372#map=20/59.917247/10.7441595"}}, {"type": "Feature", "geometry": {"type": "Point", "coordinates": [10.7649329, 59.9200134]}, "properties": {"id": 909332776, "feat_type": "way", "quality_categories": "older_than_five_years", "issue_ids": "[86]", "osm_url": "https://www.openstreetmap.org/way/909332776", "josm_url": "http://127.0.0.1:8111/load_object?new_layer=false&objects=w909332776", "id_url": "https://www.openstreetmap.org/edit?editor=id&way=909332776#map=20/59.9200134/10.7649329"}}, {"type": "Feature", "geometry": {"type": "Point", "coordinates": [10.7648554, 59.9560188]}, "properties": {"id": 910476321, "feat_type": "way", "quality_categories": "older_than_five_years", "issue_ids": "[164]", "osm_url": "https://www.openstreetmap.org/way/910476321", "josm_url": "http://127.0.0.1:8111/load_object?new_layer=false&objects=w910476321", "id_url": "https://www.openstreetmap.org/edit?editor=id&way=910476321#map=20/59.9560188/10.7648554"}}, {"type": "Feature", "geometry": {"type": "Point", "coordinates": [10.8480522, 59.9284045]}, "properties": {"id": 911448779, "feat_type": "way", "quality_categories": "older_than_five_years", "issue_ids": "[120]", "osm_url": "https://www.openstreetmap.org/way/911448779", "josm_url": "http://127.0.0.1:8111/load_object?new_layer=false&objects=w911448779", "id_url": "https://www.openstreetmap.org/edit?editor=id&way=911448779#map=20/59.9284045/10.8480522"}}, {"type": "Feature", "geometry": {"type": "Point", "coordinates": [10.8445882, 59.9288032]}, "properties": {"id": 911465509, "feat_type": "way", "quality_categories": "missing_tags, older_than_five_years", "issue_ids": "[245, 4]", "osm_url": "https://www.openstreetmap.org/way/911465509", "josm_url": "http://127.0.0.1:8111/load_object?new_layer=false&objects=w911465509", "id_url": "https://www.openstreetmap.org/edit?editor=id&way=911465509#map=20/59.9288032/10.8445882"}}, {"type": "Feature", "geometry": {"type": "Point", "coordinates": [10.8407359, 59.9278022]}, "properties": {"id": 911465551, "feat_type": "way", "quality_categories": "missing_tags, older_than_five_years", "issue_ids": "[245, 4]", "osm_url": "https://www.openstreetmap.org/way/911465551", "josm_url": "http://127.0.0.1:8111/load_object?new_layer=false&objects=w911465551", "id_url": "https://www.openstreetmap.org/edit?editor=id&way=911465551#map=20/59.9278022/10.8407359"}}, {"type": "Feature", "geometry": {"type": "Point", "coordinates": [10.8351924, 59.9240396]}, "properties": {"id": 911488708, "feat_type": "way", "quality_categories": "missing_tags, older_than_five_years", "issue_ids": "[245, 4]", "osm_url": "https://www.openstreetmap.org/way/911488708", "josm_url": "http://127.0.0.1:8111/load_object?new_layer=false&objects=w911488708", "id_url": "https://www.openstreetmap.org/edit?editor=id&way=911488708#map=20/59.9240396/10.8351924"}}, {"type": "Feature", "geometry": {"type": "Point", "coordinates": [10.8328462, 59.9242354]}, "properties": {"id": 911488711, "feat_type": "way", "quality_categories": "missing_tags, older_than_five_years", "issue_ids": "[245, 4]", "osm_url": "https://www.openstreetmap.org/way/911488711", "josm_url": "http://127.0.0.1:8111/load_object?new_layer=false&objects=w911488711", "id_url": "https://www.openstreetmap.org/edit?editor=id&way=911488711#map=20/59.9242354/10.8328462"}}, {"type": "Feature", "geometry": {"type": "Point", "coordinates": [10.826711, 59.9245889]}, "properties": {"id": 911536365, "feat_type": "way", "quality_categories": "missing_tags, older_than_five_years", "issue_ids": "[245, 4]", "osm_url": "https://www.openstreetmap.org/way/911536365", "josm_url": "http://127.0.0.1:8111/load_object?new_layer=false&objects=w911536365", "id_url": "https://www.openstreetmap.org/edit?editor=id&way=911536365#map=20/59.9245889/10.826711"}}, {"type": "Feature", "geometry": {"type": "Point", "coordinates": [10.8269296, 59.9245354]}, "properties": {"id": 911536366, "feat_type": "way", "quality_categories": "missing_tags, older_than_five_years", "issue_ids": "[245, 4]", "osm_url": "https://www.openstreetmap.org/way/911536366", "josm_url": "http://127.0.0.1:8111/load_object?new_layer=false&objects=w911536366", "id_url": "https://www.openstreetmap.org/edit?editor=id&way=911536366#map=20/59.9245354/10.8269296"}}, {"type": "Feature", "geometry": {"type": "Point", "coordinates": [10.8262728, 59.9243884]}, "properties": {"id": 911536367, "feat_type": "way", "quality_categories": "missing_tags, older_than_five_years", "issue_ids": "[245, 4]", "osm_url": "https://www.openstreetmap.org/way/911536367", "josm_url": "http://127.0.0.1:8111/load_object?new_layer=false&objects=w911536367", "id_url": "https://www.openstreetmap.org/edit?editor=id&way=911536367#map=20/59.9243884/10.8262728"}}, {"type": "Feature", "geometry": {"type": "Point", "coordinates": [10.8263086, 59.9244496]}, "properties": {"id": 911536369, "feat_type": "way", "quality_categories": "missing_tags, older_than_five_years", "issue_ids": "[245, 4]", "osm_url": "https://www.openstreetmap.org/way/911536369", "josm_url": "http://127.0.0.1:8111/load_object?new_layer=false&objects=w911536369", "id_url": "https://www.openstreetmap.org/edit?editor=id&way=911536369#map=20/59.9244496/10.8263086"}}, {"type": "Feature", "geometry": {"type": "Point", "coordinates": [10.8263322, 59.9244901]}, "properties": {"id": 911536370, "feat_type": "way", "quality_categories": "missing_tags, older_than_five_years", "issue_ids": "[245, 4]", "osm_url": "https://www.openstreetmap.org/way/911536370", "josm_url": "http://127.0.0.1:8111/load_object?new_layer=false&objects=w911536370", "id_url": "https://www.openstreetmap.org/edit?editor=id&way=911536370#map=20/59.9244901/10.8263322"}}, {"type": "Feature", "geometry": {"type": "Point", "coordinates": [10.8169612, 59.9198916]}, "properties": {"id": 911607662, "feat_type": "way", "quality_categories": "older_than_five_years", "issue_ids": "[245]", "osm_url": "https://www.openstreetmap.org/way/911607662", "josm_url": "http://127.0.0.1:8111/load_object?new_layer=false&objects=w911607662", "id_url": "https://www.openstreetmap.org/edit?editor=id&way=911607662#map=20/59.9198916/10.8169612"}}, {"type": "Feature", "geometry": {"type": "Point", "coordinates": [10.8170152, 59.9197795]}, "properties": {"id": 911607663, "feat_type": "way", "quality_categories": "older_than_five_years", "issue_ids": "[245]", "osm_url": "https://www.openstreetmap.org/way/911607663", "josm_url": "http://127.0.0.1:8111/load_object?new_layer=false&objects=w911607663", "id_url": "https://www.openstreetmap.org/edit?editor=id&way=911607663#map=20/59.9197795/10.8170152"}}, {"type": "Feature", "geometry": {"type": "Point", "coordinates": [10.8197824, 59.9164191]}, "properties": {"id": 911656842, "feat_type": "way", "quality_categories": "older_than_five_years", "issue_ids": "[245]", "osm_url": "https://www.openstreetmap.org/way/911656842", "josm_url": "http://127.0.0.1:8111/load_object?new_layer=false&objects=w911656842", "id_url": "https://www.openstreetmap.org/edit?editor=id&way=911656842#map=20/59.9164191/10.8197824"}}, {"type": "Feature", "geometry": {"type": "Point", "coordinates": [10.8232795, 59.9135297]}, "properties": {"id": 911746436, "feat_type": "way", "quality_categories": "older_than_five_years", "issue_ids": "[10]", "osm_url": "https://www.openstreetmap.org/way/911746436", "josm_url": "http://127.0.0.1:8111/load_object?new_layer=false&objects=w911746436", "id_url": "https://www.openstreetmap.org/edit?editor=id&way=911746436#map=20/59.9135297/10.8232795"}}, {"type": "Feature", "geometry": {"type": "Point", "coordinates": [10.8233674, 59.9135776]}, "properties": {"id": 911746438, "feat_type": "way", "quality_categories": "older_than_five_years", "issue_ids": "[10]", "osm_url": "https://www.openstreetmap.org/way/911746438", "josm_url": "http://127.0.0.1:8111/load_object?new_layer=false&objects=w911746438", "id_url": "https://www.openstreetmap.org/edit?editor=id&way=911746438#map=20/59.9135776/10.8233674"}}, {"type": "Feature", "geometry": {"type": "Point", "coordinates": [10.823419, 59.9136059]}, "properties": {"id": 911746439, "feat_type": "way", "quality_categories": "older_than_five_years", "issue_ids": "[10]", "osm_url": "https://www.openstreetmap.org/way/911746439", "josm_url": "http://127.0.0.1:8111/load_object?new_layer=false&objects=w911746439", "id_url": "https://www.openstreetmap.org/edit?editor=id&way=911746439#map=20/59.9136059/10.823419"}}, {"type": "Feature", "geometry": {"type": "Point", "coordinates": [10.8237389, 59.9135906]}, "properties": {"id": 911746440, "feat_type": "way", "quality_categories": "older_than_five_years", "issue_ids": "[10]", "osm_url": "https://www.openstreetmap.org/way/911746440", "josm_url": "http://127.0.0.1:8111/load_object?new_layer=false&objects=w911746440", "id_url": "https://www.openstreetmap.org/edit?editor=id&way=911746440#map=20/59.9135906/10.8237389"}}, {"type": "Feature", "geometry": {"type": "Point", "coordinates": [10.8238221, 59.9135443]}, "properties": {"id": 911746442, "feat_type": "way", "quality_categories": "older_than_five_years", "issue_ids": "[10]", "osm_url": "https://www.openstreetmap.org/way/911746442", "josm_url": "http://127.0.0.1:8111/load_object?new_layer=false&objects=w911746442", "id_url": "https://www.openstreetmap.org/edit?editor=id&way=911746442#map=20/59.9135443/10.8238221"}}, {"type": "Feature", "geometry": {"type": "Point", "coordinates": [10.8238928, 59.9135041]}, "properties": {"id": 911746443, "feat_type": "way", "quality_categories": "older_than_five_years", "issue_ids": "[10]", "osm_url": "https://www.openstreetmap.org/way/911746443", "josm_url": "http://127.0.0.1:8111/load_object?new_layer=false&objects=w911746443", "id_url": "https://www.openstreetmap.org/edit?editor=id&way=911746443#map=20/59.9135041/10.8238928"}}, {"type": "Feature", "geometry": {"type": "Point", "coordinates": [10.8239264, 59.9128637]}, "properties": {"id": 911746444, "feat_type": "way", "quality_categories": "older_than_five_years", "issue_ids": "[184]", "osm_url": "https://www.openstreetmap.org/way/911746444", "josm_url": "http://127.0.0.1:8111/load_object?new_layer=false&objects=w911746444", "id_url": "https://www.openstreetmap.org/edit?editor=id&way=911746444#map=20/59.9128637/10.8239264"}}, {"type": "Feature", "geometry": {"type": "Point", "coordinates": [10.8240053, 59.9130177]}, "properties": {"id": 911746445, "feat_type": "way", "quality_categories": "older_than_five_years", "issue_ids": "[10]", "osm_url": "https://www.openstreetmap.org/way/911746445", "josm_url": "http://127.0.0.1:8111/load_object?new_layer=false&objects=w911746445", "id_url": "https://www.openstreetmap.org/edit?editor=id&way=911746445#map=20/59.9130177/10.8240053"}}, {"type": "Feature", "geometry": {"type": "Point", "coordinates": [10.8239598, 59.9129445]}, "properties": {"id": 911746447, "feat_type": "way", "quality_categories": "older_than_five_years", "issue_ids": "[10]", "osm_url": "https://www.openstreetmap.org/way/911746447", "josm_url": "http://127.0.0.1:8111/load_object?new_layer=false&objects=w911746447", "id_url": "https://www.openstreetmap.org/edit?editor=id&way=911746447#map=20/59.9129445/10.8239598"}}, {"type": "Feature", "geometry": {"type": "Point", "coordinates": [10.7663593, 59.9559224]}, "properties": {"id": 911755616, "feat_type": "way", "quality_categories": "older_than_five_years", "issue_ids": "[10]", "osm_url": "https://www.openstreetmap.org/way/911755616", "josm_url": "http://127.0.0.1:8111/load_object?new_layer=false&objects=w911755616", "id_url": "https://www.openstreetmap.org/edit?editor=id&way=911755616#map=20/59.9559224/10.7663593"}}, {"type": "Feature", "geometry": {"type": "Point", "coordinates": [10.7654154, 59.9499173]}, "properties": {"id": 911764470, "feat_type": "way", "quality_categories": "older_than_five_years", "issue_ids": "[10]", "osm_url": "https://www.openstreetmap.org/way/911764470", "josm_url": "http://127.0.0.1:8111/load_object?new_layer=false&objects=w911764470", "id_url": "https://www.openstreetmap.org/edit?editor=id&way=911764470#map=20/59.9499173/10.7654154"}}, {"type": "Feature", "geometry": {"type": "Point", "coordinates": [10.8416749, 59.9205537]}, "properties": {"id": 911829774, "feat_type": "way", "quality_categories": "older_than_five_years", "issue_ids": "[184]", "osm_url": "https://www.openstreetmap.org/way/911829774", "josm_url": "http://127.0.0.1:8111/load_object?new_layer=false&objects=w911829774", "id_url": "https://www.openstreetmap.org/edit?editor=id&way=911829774#map=20/59.9205537/10.8416749"}}, {"type": "Feature", "geometry": {"type": "Point", "coordinates": [10.8417701, 59.9204787]}, "properties": {"id": 911829775, "feat_type": "way", "quality_categories": "older_than_five_years", "issue_ids": "[184]", "osm_url": "https://www.openstreetmap.org/way/911829775", "josm_url": "http://127.0.0.1:8111/load_object?new_layer=false&objects=w911829775", "id_url": "https://www.openstreetmap.org/edit?editor=id&way=911829775#map=20/59.9204787/10.8417701"}}, {"type": "Feature", "geometry": {"type": "Point", "coordinates": [10.8414368, 59.9202697]}, "properties": {"id": 911829777, "feat_type": "way", "quality_categories": "older_than_five_years", "issue_ids": "[67]", "osm_url": "https://www.openstreetmap.org/way/911829777", "josm_url": "http://127.0.0.1:8111/load_object?new_layer=false&objects=w911829777", "id_url": "https://www.openstreetmap.org/edit?editor=id&way=911829777#map=20/59.9202697/10.8414368"}}, {"type": "Feature", "geometry": {"type": "Point", "coordinates": [10.8416001, 59.9203278]}, "properties": {"id": 911829778, "feat_type": "way", "quality_categories": "older_than_five_years", "issue_ids": "[67]", "osm_url": "https://www.openstreetmap.org/way/911829778", "josm_url": "http://127.0.0.1:8111/load_object?new_layer=false&objects=w911829778", "id_url": "https://www.openstreetmap.org/edit?editor=id&way=911829778#map=20/59.9203278/10.8416001"}}, {"type": "Feature", "geometry": {"type": "Point", "coordinates": [10.8422839, 59.9233502]}, "properties": {"id": 911882961, "feat_type": "way", "quality_categories": "older_than_five_years", "issue_ids": "[0]", "osm_url": "https://www.openstreetmap.org/way/911882961", "josm_url": "http://127.0.0.1:8111/load_object?new_layer=false&objects=w911882961", "id_url": "https://www.openstreetmap.org/edit?editor=id&way=911882961#map=20/59.9233502/10.8422839"}}, {"type": "Feature", "geometry": {"type": "Point", "coordinates": [10.8422717, 59.9232725]}, "properties": {"id": 911882962, "feat_type": "way", "quality_categories": "older_than_five_years", "issue_ids": "[0]", "osm_url": "https://www.openstreetmap.org/way/911882962", "josm_url": "http://127.0.0.1:8111/load_object?new_layer=false&objects=w911882962", "id_url": "https://www.openstreetmap.org/edit?editor=id&way=911882962#map=20/59.9232725/10.8422717"}}, {"type": "Feature", "geometry": {"type": "Point", "coordinates": [10.7475319, 59.9590486]}, "properties": {"id": 911969935, "feat_type": "way", "quality_categories": "older_than_five_years", "issue_ids": "[10]", "osm_url": "https://www.openstreetmap.org/way/911969935", "josm_url": "http://127.0.0.1:8111/load_object?new_layer=false&objects=w911969935", "id_url": "https://www.openstreetmap.org/edit?editor=id&way=911969935#map=20/59.9590486/10.7475319"}}, {"type": "Feature", "geometry": {"type": "Point", "coordinates": [10.7339746, 59.9634881]}, "properties": {"id": 911969939, "feat_type": "way", "quality_categories": "older_than_five_years", "issue_ids": "[10]", "osm_url": "https://www.openstreetmap.org/way/911969939", "josm_url": "http://127.0.0.1:8111/load_object?new_layer=false&objects=w911969939", "id_url": "https://www.openstreetmap.org/edit?editor=id&way=911969939#map=20/59.9634881/10.7339746"}}, {"type": "Feature", "geometry": {"type": "Point", "coordinates": [10.7342482, 59.9637081]}, "properties": {"id": 911969940, "feat_type": "way", "quality_categories": "older_than_five_years", "issue_ids": "[10]", "osm_url": "https://www.openstreetmap.org/way/911969940", "josm_url": "http://127.0.0.1:8111/load_object?new_layer=false&objects=w911969940", "id_url": "https://www.openstreetmap.org/edit?editor=id&way=911969940#map=20/59.9637081/10.7342482"}}, {"type": "Feature", "geometry": {"type": "Point", "coordinates": [10.7338423, 59.9621785]}, "properties": {"id": 911969941, "feat_type": "way", "quality_categories": "older_than_five_years", "issue_ids": "[10]", "osm_url": "https://www.openstreetmap.org/way/911969941", "josm_url": "http://127.0.0.1:8111/load_object?new_layer=false&objects=w911969941", "id_url": "https://www.openstreetmap.org/edit?editor=id&way=911969941#map=20/59.9621785/10.7338423"}}, {"type": "Feature", "geometry": {"type": "Point", "coordinates": [10.8489412, 59.927173]}, "properties": {"id": 911996830, "feat_type": "way", "quality_categories": "missing_tags, older_than_five_years", "issue_ids": "[10, 4]", "osm_url": "https://www.openstreetmap.org/way/911996830", "josm_url": "http://127.0.0.1:8111/load_object?new_layer=false&objects=w911996830", "id_url": "https://www.openstreetmap.org/edit?editor=id&way=911996830#map=20/59.927173/10.8489412"}}, {"type": "Feature", "geometry": {"type": "Point", "coordinates": [10.8488003, 59.9270076]}, "properties": {"id": 911996831, "feat_type": "way", "quality_categories": "older_than_five_years", "issue_ids": "[485]", "osm_url": "https://www.openstreetmap.org/way/911996831", "josm_url": "http://127.0.0.1:8111/load_object?new_layer=false&objects=w911996831", "id_url": "https://www.openstreetmap.org/edit?editor=id&way=911996831#map=20/59.9270076/10.8488003"}}, {"type": "Feature", "geometry": {"type": "Point", "coordinates": [10.7409745, 59.9629479]}, "properties": {"id": 912674641, "feat_type": "way", "quality_categories": "older_than_five_years", "issue_ids": "[190]", "osm_url": "https://www.openstreetmap.org/way/912674641", "josm_url": "http://127.0.0.1:8111/load_object?new_layer=false&objects=w912674641", "id_url": "https://www.openstreetmap.org/edit?editor=id&way=912674641#map=20/59.9629479/10.7409745"}}, {"type": "Feature", "geometry": {"type": "Point", "coordinates": [10.7337895, 59.9657505]}, "properties": {"id": 912704929, "feat_type": "way", "quality_categories": "older_than_five_years", "issue_ids": "[70]", "osm_url": "https://www.openstreetmap.org/way/912704929", "josm_url": "http://127.0.0.1:8111/load_object?new_layer=false&objects=w912704929", "id_url": "https://www.openstreetmap.org/edit?editor=id&way=912704929#map=20/59.9657505/10.7337895"}}, {"type": "Feature", "geometry": {"type": "Point", "coordinates": [10.7482961, 59.9229715]}, "properties": {"id": 912734044, "feat_type": "way", "quality_categories": "older_than_five_years", "issue_ids": "[70]", "osm_url": "https://www.openstreetmap.org/way/912734044", "josm_url": "http://127.0.0.1:8111/load_object?new_layer=false&objects=w912734044", "id_url": "https://www.openstreetmap.org/edit?editor=id&way=912734044#map=20/59.9229715/10.7482961"}}, {"type": "Feature", "geometry": {"type": "Point", "coordinates": [10.7496389, 59.9271698]}, "properties": {"id": 912781380, "feat_type": "way", "quality_categories": "older_than_five_years", "issue_ids": "[70]", "osm_url": "https://www.openstreetmap.org/way/912781380", "josm_url": "http://127.0.0.1:8111/load_object?new_layer=false&objects=w912781380", "id_url": "https://www.openstreetmap.org/edit?editor=id&way=912781380#map=20/59.9271698/10.7496389"}}, {"type": "Feature", "geometry": {"type": "Point", "coordinates": [10.7464165, 59.9235394]}, "properties": {"id": 912810192, "feat_type": "way", "quality_categories": "older_than_five_years", "issue_ids": "[70]", "osm_url": "https://www.openstreetmap.org/way/912810192", "josm_url": "http://127.0.0.1:8111/load_object?new_layer=false&objects=w912810192", "id_url": "https://www.openstreetmap.org/edit?editor=id&way=912810192#map=20/59.9235394/10.7464165"}}, {"type": "Feature", "geometry": {"type": "Point", "coordinates": [10.7374875, 59.9282103]}, "properties": {"id": 912820849, "feat_type": "way", "quality_categories": "older_than_five_years", "issue_ids": "[26]", "osm_url": "https://www.openstreetmap.org/way/912820849", "josm_url": "http://127.0.0.1:8111/load_object?new_layer=false&objects=w912820849", "id_url": "https://www.openstreetmap.org/edit?editor=id&way=912820849#map=20/59.9282103/10.7374875"}}, {"type": "Feature", "geometry": {"type": "Point", "coordinates": [10.7366114, 59.9261554]}, "properties": {"id": 913230872, "feat_type": "way", "quality_categories": "older_than_five_years", "issue_ids": "[24]", "osm_url": "https://www.openstreetmap.org/way/913230872", "josm_url": "http://127.0.0.1:8111/load_object?new_layer=false&objects=w913230872", "id_url": "https://www.openstreetmap.org/edit?editor=id&way=913230872#map=20/59.9261554/10.7366114"}}, {"type": "Feature", "geometry": {"type": "Point", "coordinates": [10.7468888, 59.9208381]}, "properties": {"id": 913759710, "feat_type": "way", "quality_categories": "older_than_five_years", "issue_ids": "[486]", "osm_url": "https://www.openstreetmap.org/way/913759710", "josm_url": "http://127.0.0.1:8111/load_object?new_layer=false&objects=w913759710", "id_url": "https://www.openstreetmap.org/edit?editor=id&way=913759710#map=20/59.9208381/10.7468888"}}, {"type": "Feature", "geometry": {"type": "Point", "coordinates": [10.730464, 59.9314285]}, "properties": {"id": 913767658, "feat_type": "way", "quality_categories": "older_than_five_years", "issue_ids": "[104]", "osm_url": "https://www.openstreetmap.org/way/913767658", "josm_url": "http://127.0.0.1:8111/load_object?new_layer=false&objects=w913767658", "id_url": "https://www.openstreetmap.org/edit?editor=id&way=913767658#map=20/59.9314285/10.730464"}}, {"type": "Feature", "geometry": {"type": "Point", "coordinates": [10.7457351, 59.9480988]}, "properties": {"id": 913888138, "feat_type": "way", "quality_categories": "older_than_five_years", "issue_ids": "[104]", "osm_url": "https://www.openstreetmap.org/way/913888138", "josm_url": "http://127.0.0.1:8111/load_object?new_layer=false&objects=w913888138", "id_url": "https://www.openstreetmap.org/edit?editor=id&way=913888138#map=20/59.9480988/10.7457351"}}, {"type": "Feature", "geometry": {"type": "Point", "coordinates": [10.7517229, 59.9267008]}, "properties": {"id": 913918249, "feat_type": "way", "quality_categories": "older_than_five_years", "issue_ids": "[104]", "osm_url": "https://www.openstreetmap.org/way/913918249", "josm_url": "http://127.0.0.1:8111/load_object?new_layer=false&objects=w913918249", "id_url": "https://www.openstreetmap.org/edit?editor=id&way=913918249#map=20/59.9267008/10.7517229"}}, {"type": "Feature", "geometry": {"type": "Point", "coordinates": [10.7751069, 59.9164688]}, "properties": {"id": 914152009, "feat_type": "way", "quality_categories": "older_than_five_years", "issue_ids": "[28]", "osm_url": "https://www.openstreetmap.org/way/914152009", "josm_url": "http://127.0.0.1:8111/load_object?new_layer=false&objects=w914152009", "id_url": "https://www.openstreetmap.org/edit?editor=id&way=914152009#map=20/59.9164688/10.7751069"}}, {"type": "Feature", "geometry": {"type": "Point", "coordinates": [10.7522995, 59.9353083]}, "properties": {"id": 914463361, "feat_type": "way", "quality_categories": "older_than_five_years", "issue_ids": "[264]", "osm_url": "https://www.openstreetmap.org/way/914463361", "josm_url": "http://127.0.0.1:8111/load_object?new_layer=false&objects=w914463361", "id_url": "https://www.openstreetmap.org/edit?editor=id&way=914463361#map=20/59.9353083/10.7522995"}}, {"type": "Feature", "geometry": {"type": "Point", "coordinates": [10.755893, 59.9262771]}, "properties": {"id": 914643591, "feat_type": "way", "quality_categories": "older_than_five_years", "issue_ids": "[49]", "osm_url": "https://www.openstreetmap.org/way/914643591", "josm_url": "http://127.0.0.1:8111/load_object?new_layer=false&objects=w914643591", "id_url": "https://www.openstreetmap.org/edit?editor=id&way=914643591#map=20/59.9262771/10.755893"}}, {"type": "Feature", "geometry": {"type": "Point", "coordinates": [10.7492492, 59.9445378]}, "properties": {"id": 914712959, "feat_type": "way", "quality_categories": "older_than_five_years", "issue_ids": "[188]", "osm_url": "https://www.openstreetmap.org/way/914712959", "josm_url": "http://127.0.0.1:8111/load_object?new_layer=false&objects=w914712959", "id_url": "https://www.openstreetmap.org/edit?editor=id&way=914712959#map=20/59.9445378/10.7492492"}}, {"type": "Feature", "geometry": {"type": "Point", "coordinates": [10.7506367, 59.9376564]}, "properties": {"id": 914778405, "feat_type": "way", "quality_categories": "older_than_five_years", "issue_ids": "[21]", "osm_url": "https://www.openstreetmap.org/way/914778405", "josm_url": "http://127.0.0.1:8111/load_object?new_layer=false&objects=w914778405", "id_url": "https://www.openstreetmap.org/edit?editor=id&way=914778405#map=20/59.9376564/10.7506367"}}, {"type": "Feature", "geometry": {"type": "Point", "coordinates": [10.7369129, 59.93491]}, "properties": {"id": 914781415, "feat_type": "way", "quality_categories": "older_than_five_years", "issue_ids": "[37]", "osm_url": "https://www.openstreetmap.org/way/914781415", "josm_url": "http://127.0.0.1:8111/load_object?new_layer=false&objects=w914781415", "id_url": "https://www.openstreetmap.org/edit?editor=id&way=914781415#map=20/59.93491/10.7369129"}}, {"type": "Feature", "geometry": {"type": "Point", "coordinates": [10.734946, 59.9312552]}, "properties": {"id": 914967642, "feat_type": "way", "quality_categories": "older_than_five_years", "issue_ids": "[19]", "osm_url": "https://www.openstreetmap.org/way/914967642", "josm_url": "http://127.0.0.1:8111/load_object?new_layer=false&objects=w914967642", "id_url": "https://www.openstreetmap.org/edit?editor=id&way=914967642#map=20/59.9312552/10.734946"}}, {"type": "Feature", "geometry": {"type": "Point", "coordinates": [10.7285352, 59.9424168]}, "properties": {"id": 914988807, "feat_type": "way", "quality_categories": "older_than_five_years", "issue_ids": "[19]", "osm_url": "https://www.openstreetmap.org/way/914988807", "josm_url": "http://127.0.0.1:8111/load_object?new_layer=false&objects=w914988807", "id_url": "https://www.openstreetmap.org/edit?editor=id&way=914988807#map=20/59.9424168/10.7285352"}}, {"type": "Feature", "geometry": {"type": "Point", "coordinates": [10.7075659, 59.9519655]}, "properties": {"id": 915013885, "feat_type": "way", "quality_categories": "older_than_five_years", "issue_ids": "[19]", "osm_url": "https://www.openstreetmap.org/way/915013885", "josm_url": "http://127.0.0.1:8111/load_object?new_layer=false&objects=w915013885", "id_url": "https://www.openstreetmap.org/edit?editor=id&way=915013885#map=20/59.9519655/10.7075659"}}, {"type": "Feature", "geometry": {"type": "Point", "coordinates": [10.7303127, 59.9315443]}, "properties": {"id": 915112591, "feat_type": "way", "quality_categories": "older_than_five_years", "issue_ids": "[19]", "osm_url": "https://www.openstreetmap.org/way/915112591", "josm_url": "http://127.0.0.1:8111/load_object?new_layer=false&objects=w915112591", "id_url": "https://www.openstreetmap.org/edit?editor=id&way=915112591#map=20/59.9315443/10.7303127"}}, {"type": "Feature", "geometry": {"type": "Point", "coordinates": [10.7442794, 59.9446263]}, "properties": {"id": 915448371, "feat_type": "way", "quality_categories": "older_than_five_years", "issue_ids": "[21]", "osm_url": "https://www.openstreetmap.org/way/915448371", "josm_url": "http://127.0.0.1:8111/load_object?new_layer=false&objects=w915448371", "id_url": "https://www.openstreetmap.org/edit?editor=id&way=915448371#map=20/59.9446263/10.7442794"}}, {"type": "Feature", "geometry": {"type": "Point", "coordinates": [10.7653586, 59.9500537]}, "properties": {"id": 915477639, "feat_type": "way", "quality_categories": "older_than_five_years", "issue_ids": "[21]", "osm_url": "https://www.openstreetmap.org/way/915477639", "josm_url": "http://127.0.0.1:8111/load_object?new_layer=false&objects=w915477639", "id_url": "https://www.openstreetmap.org/edit?editor=id&way=915477639#map=20/59.9500537/10.7653586"}}, {"type": "Feature", "geometry": {"type": "Point", "coordinates": [10.7513332, 59.9377022]}, "properties": {"id": 915512841, "feat_type": "way", "quality_categories": "older_than_five_years", "issue_ids": "[21]", "osm_url": "https://www.openstreetmap.org/way/915512841", "josm_url": "http://127.0.0.1:8111/load_object?new_layer=false&objects=w915512841", "id_url": "https://www.openstreetmap.org/edit?editor=id&way=915512841#map=20/59.9377022/10.7513332"}}, {"type": "Feature", "geometry": {"type": "Point", "coordinates": [10.7445714, 59.91338]}, "properties": {"id": 915779301, "feat_type": "way", "quality_categories": "older_than_five_years", "issue_ids": "[85]", "osm_url": "https://www.openstreetmap.org/way/915779301", "josm_url": "http://127.0.0.1:8111/load_object?new_layer=false&objects=w915779301", "id_url": "https://www.openstreetmap.org/edit?editor=id&way=915779301#map=20/59.91338/10.7445714"}}, {"type": "Feature", "geometry": {"type": "Point", "coordinates": [10.7256131, 59.9357337]}, "properties": {"id": 915791658, "feat_type": "way", "quality_categories": "older_than_five_years", "issue_ids": "[119]", "osm_url": "https://www.openstreetmap.org/way/915791658", "josm_url": "http://127.0.0.1:8111/load_object?new_layer=false&objects=w915791658", "id_url": "https://www.openstreetmap.org/edit?editor=id&way=915791658#map=20/59.9357337/10.7256131"}}, {"type": "Feature", "geometry": {"type": "Point", "coordinates": [10.7225959, 59.9390607]}, "properties": {"id": 915830957, "feat_type": "way", "quality_categories": "older_than_five_years", "issue_ids": "[102]", "osm_url": "https://www.openstreetmap.org/way/915830957", "josm_url": "http://127.0.0.1:8111/load_object?new_layer=false&objects=w915830957", "id_url": "https://www.openstreetmap.org/edit?editor=id&way=915830957#map=20/59.9390607/10.7225959"}}, {"type": "Feature", "geometry": {"type": "Point", "coordinates": [10.7206197, 59.9376079]}, "properties": {"id": 915844000, "feat_type": "way", "quality_categories": "older_than_five_years", "issue_ids": "[487]", "osm_url": "https://www.openstreetmap.org/way/915844000", "josm_url": "http://127.0.0.1:8111/load_object?new_layer=false&objects=w915844000", "id_url": "https://www.openstreetmap.org/edit?editor=id&way=915844000#map=20/59.9376079/10.7206197"}}, {"type": "Feature", "geometry": {"type": "Point", "coordinates": [10.7274479, 59.9320056]}, "properties": {"id": 915850725, "feat_type": "way", "quality_categories": "older_than_five_years", "issue_ids": "[102]", "osm_url": "https://www.openstreetmap.org/way/915850725", "josm_url": "http://127.0.0.1:8111/load_object?new_layer=false&objects=w915850725", "id_url": "https://www.openstreetmap.org/edit?editor=id&way=915850725#map=20/59.9320056/10.7274479"}}, {"type": "Feature", "geometry": {"type": "Point", "coordinates": [10.7275034, 59.9322588]}, "properties": {"id": 915850726, "feat_type": "way", "quality_categories": "older_than_five_years", "issue_ids": "[102]", "osm_url": "https://www.openstreetmap.org/way/915850726", "josm_url": "http://127.0.0.1:8111/load_object?new_layer=false&objects=w915850726", "id_url": "https://www.openstreetmap.org/edit?editor=id&way=915850726#map=20/59.9322588/10.7275034"}}, {"type": "Feature", "geometry": {"type": "Point", "coordinates": [10.7082516, 59.9369941]}, "properties": {"id": 915861118, "feat_type": "way", "quality_categories": "older_than_five_years", "issue_ids": "[102]", "osm_url": "https://www.openstreetmap.org/way/915861118", "josm_url": "http://127.0.0.1:8111/load_object?new_layer=false&objects=w915861118", "id_url": "https://www.openstreetmap.org/edit?editor=id&way=915861118#map=20/59.9369941/10.7082516"}}, {"type": "Feature", "geometry": {"type": "Point", "coordinates": [10.7462916, 59.939556]}, "properties": {"id": 915891913, "feat_type": "way", "quality_categories": "older_than_five_years", "issue_ids": "[102]", "osm_url": "https://www.openstreetmap.org/way/915891913", "josm_url": "http://127.0.0.1:8111/load_object?new_layer=false&objects=w915891913", "id_url": "https://www.openstreetmap.org/edit?editor=id&way=915891913#map=20/59.939556/10.7462916"}}, {"type": "Feature", "geometry": {"type": "Point", "coordinates": [10.7464881, 59.940184]}, "properties": {"id": 915891915, "feat_type": "way", "quality_categories": "older_than_five_years", "issue_ids": "[102]", "osm_url": "https://www.openstreetmap.org/way/915891915", "josm_url": "http://127.0.0.1:8111/load_object?new_layer=false&objects=w915891915", "id_url": "https://www.openstreetmap.org/edit?editor=id&way=915891915#map=20/59.940184/10.7464881"}}, {"type": "Feature", "geometry": {"type": "Point", "coordinates": [10.7455719, 59.9394669]}, "properties": {"id": 915891922, "feat_type": "way", "quality_categories": "older_than_five_years", "issue_ids": "[214]", "osm_url": "https://www.openstreetmap.org/way/915891922", "josm_url": "http://127.0.0.1:8111/load_object?new_layer=false&objects=w915891922", "id_url": "https://www.openstreetmap.org/edit?editor=id&way=915891922#map=20/59.9394669/10.7455719"}}, {"type": "Feature", "geometry": {"type": "Point", "coordinates": [10.7624595, 59.9487026]}, "properties": {"id": 916238389, "feat_type": "way", "quality_categories": "older_than_five_years, wrong_mispelled_or_unlisted_values", "issue_ids": "[488, 216]", "osm_url": "https://www.openstreetmap.org/way/916238389", "josm_url": "http://127.0.0.1:8111/load_object?new_layer=false&objects=w916238389", "id_url": "https://www.openstreetmap.org/edit?editor=id&way=916238389#map=20/59.9487026/10.7624595"}}, {"type": "Feature", "geometry": {"type": "Point", "coordinates": [10.7392922, 59.9306143]}, "properties": {"id": 916307323, "feat_type": "way", "quality_categories": "older_than_five_years", "issue_ids": "[216]", "osm_url": "https://www.openstreetmap.org/way/916307323", "josm_url": "http://127.0.0.1:8111/load_object?new_layer=false&objects=w916307323", "id_url": "https://www.openstreetmap.org/edit?editor=id&way=916307323#map=20/59.9306143/10.7392922"}}, {"type": "Feature", "geometry": {"type": "Point", "coordinates": [10.7762358, 59.9366239]}, "properties": {"id": 916713731, "feat_type": "way", "quality_categories": "older_than_five_years", "issue_ids": "[145]", "osm_url": "https://www.openstreetmap.org/way/916713731", "josm_url": "http://127.0.0.1:8111/load_object?new_layer=false&objects=w916713731", "id_url": "https://www.openstreetmap.org/edit?editor=id&way=916713731#map=20/59.9366239/10.7762358"}}, {"type": "Feature", "geometry": {"type": "Point", "coordinates": [10.7207421, 59.9374248]}, "properties": {"id": 918718469, "feat_type": "way", "quality_categories": "older_than_five_years", "issue_ids": "[33]", "osm_url": "https://www.openstreetmap.org/way/918718469", "josm_url": "http://127.0.0.1:8111/load_object?new_layer=false&objects=w918718469", "id_url": "https://www.openstreetmap.org/edit?editor=id&way=918718469#map=20/59.9374248/10.7207421"}}, {"type": "Feature", "geometry": {"type": "Point", "coordinates": [10.7302884, 59.913856]}, "properties": {"id": 921324589, "feat_type": "way", "quality_categories": "older_than_five_years", "issue_ids": "[33]", "osm_url": "https://www.openstreetmap.org/way/921324589", "josm_url": "http://127.0.0.1:8111/load_object?new_layer=false&objects=w921324589", "id_url": "https://www.openstreetmap.org/edit?editor=id&way=921324589#map=20/59.913856/10.7302884"}}, {"type": "Feature", "geometry": {"type": "Point", "coordinates": [10.7521494, 59.9016553]}, "properties": {"id": 921623232, "feat_type": "way", "quality_categories": "older_than_five_years", "issue_ids": "[489]", "osm_url": "https://www.openstreetmap.org/way/921623232", "josm_url": "http://127.0.0.1:8111/load_object?new_layer=false&objects=w921623232", "id_url": "https://www.openstreetmap.org/edit?editor=id&way=921623232#map=20/59.9016553/10.7521494"}}, {"type": "Feature", "geometry": {"type": "Point", "coordinates": [10.7521958, 59.9014058]}, "properties": {"id": 921623233, "feat_type": "way", "quality_categories": "older_than_five_years", "issue_ids": "[238]", "osm_url": "https://www.openstreetmap.org/way/921623233", "josm_url": "http://127.0.0.1:8111/load_object?new_layer=false&objects=w921623233", "id_url": "https://www.openstreetmap.org/edit?editor=id&way=921623233#map=20/59.9014058/10.7521958"}}, {"type": "Feature", "geometry": {"type": "Point", "coordinates": [10.7560562, 59.9074376]}, "properties": {"id": 921647040, "feat_type": "way", "quality_categories": "older_than_five_years", "issue_ids": "[26]", "osm_url": "https://www.openstreetmap.org/way/921647040", "josm_url": "http://127.0.0.1:8111/load_object?new_layer=false&objects=w921647040", "id_url": "https://www.openstreetmap.org/edit?editor=id&way=921647040#map=20/59.9074376/10.7560562"}}, {"type": "Feature", "geometry": {"type": "Point", "coordinates": [10.7569549, 59.9073544]}, "properties": {"id": 921647041, "feat_type": "way", "quality_categories": "older_than_five_years", "issue_ids": "[93]", "osm_url": "https://www.openstreetmap.org/way/921647041", "josm_url": "http://127.0.0.1:8111/load_object?new_layer=false&objects=w921647041", "id_url": "https://www.openstreetmap.org/edit?editor=id&way=921647041#map=20/59.9073544/10.7569549"}}, {"type": "Feature", "geometry": {"type": "Point", "coordinates": [10.7340017, 59.9116765]}, "properties": {"id": 921979499, "feat_type": "way", "quality_categories": "older_than_five_years", "issue_ids": "[72]", "osm_url": "https://www.openstreetmap.org/way/921979499", "josm_url": "http://127.0.0.1:8111/load_object?new_layer=false&objects=w921979499", "id_url": "https://www.openstreetmap.org/edit?editor=id&way=921979499#map=20/59.9116765/10.7340017"}}, {"type": "Feature", "geometry": {"type": "Point", "coordinates": [10.7396412, 59.909233]}, "properties": {"id": 921987983, "feat_type": "way", "quality_categories": "older_than_five_years", "issue_ids": "[72]", "osm_url": "https://www.openstreetmap.org/way/921987983", "josm_url": "http://127.0.0.1:8111/load_object?new_layer=false&objects=w921987983", "id_url": "https://www.openstreetmap.org/edit?editor=id&way=921987983#map=20/59.909233/10.7396412"}}, {"type": "Feature", "geometry": {"type": "Point", "coordinates": [10.7399903, 59.9084901]}, "properties": {"id": 921987994, "feat_type": "way", "quality_categories": "older_than_five_years", "issue_ids": "[72]", "osm_url": "https://www.openstreetmap.org/way/921987994", "josm_url": "http://127.0.0.1:8111/load_object?new_layer=false&objects=w921987994", "id_url": "https://www.openstreetmap.org/edit?editor=id&way=921987994#map=20/59.9084901/10.7399903"}}, {"type": "Feature", "geometry": {"type": "Point", "coordinates": [10.7342317, 59.9115978]}, "properties": {"id": 921988597, "feat_type": "way", "quality_categories": "older_than_five_years", "issue_ids": "[72]", "osm_url": "https://www.openstreetmap.org/way/921988597", "josm_url": "http://127.0.0.1:8111/load_object?new_layer=false&objects=w921988597", "id_url": "https://www.openstreetmap.org/edit?editor=id&way=921988597#map=20/59.9115978/10.7342317"}}, {"type": "Feature", "geometry": {"type": "Point", "coordinates": [10.7359052, 59.9127353]}, "properties": {"id": 922026876, "feat_type": "way", "quality_categories": "older_than_five_years", "issue_ids": "[93]", "osm_url": "https://www.openstreetmap.org/way/922026876", "josm_url": "http://127.0.0.1:8111/load_object?new_layer=false&objects=w922026876", "id_url": "https://www.openstreetmap.org/edit?editor=id&way=922026876#map=20/59.9127353/10.7359052"}}, {"type": "Feature", "geometry": {"type": "Point", "coordinates": [10.7360173, 59.9127453]}, "properties": {"id": 922026877, "feat_type": "way", "quality_categories": "older_than_five_years", "issue_ids": "[72]", "osm_url": "https://www.openstreetmap.org/way/922026877", "josm_url": "http://127.0.0.1:8111/load_object?new_layer=false&objects=w922026877", "id_url": "https://www.openstreetmap.org/edit?editor=id&way=922026877#map=20/59.9127453/10.7360173"}}, {"type": "Feature", "geometry": {"type": "Point", "coordinates": [10.7368094, 59.9124108]}, "properties": {"id": 922029399, "feat_type": "way", "quality_categories": "older_than_five_years", "issue_ids": "[72]", "osm_url": "https://www.openstreetmap.org/way/922029399", "josm_url": "http://127.0.0.1:8111/load_object?new_layer=false&objects=w922029399", "id_url": "https://www.openstreetmap.org/edit?editor=id&way=922029399#map=20/59.9124108/10.7368094"}}, {"type": "Feature", "geometry": {"type": "Point", "coordinates": [10.7370673, 59.9123055]}, "properties": {"id": 922032351, "feat_type": "way", "quality_categories": "older_than_five_years", "issue_ids": "[72]", "osm_url": "https://www.openstreetmap.org/way/922032351", "josm_url": "http://127.0.0.1:8111/load_object?new_layer=false&objects=w922032351", "id_url": "https://www.openstreetmap.org/edit?editor=id&way=922032351#map=20/59.9123055/10.7370673"}}, {"type": "Feature", "geometry": {"type": "Point", "coordinates": [10.7189524, 59.9379404]}, "properties": {"id": 922091369, "feat_type": "way", "quality_categories": "older_than_five_years", "issue_ids": "[72]", "osm_url": "https://www.openstreetmap.org/way/922091369", "josm_url": "http://127.0.0.1:8111/load_object?new_layer=false&objects=w922091369", "id_url": "https://www.openstreetmap.org/edit?editor=id&way=922091369#map=20/59.9379404/10.7189524"}}, {"type": "Feature", "geometry": {"type": "Point", "coordinates": [10.6572574, 59.9525816]}, "properties": {"id": 922712896, "feat_type": "way", "quality_categories": "missing_tags, older_than_five_years", "issue_ids": "[314, 4]", "osm_url": "https://www.openstreetmap.org/way/922712896", "josm_url": "http://127.0.0.1:8111/load_object?new_layer=false&objects=w922712896", "id_url": "https://www.openstreetmap.org/edit?editor=id&way=922712896#map=20/59.9525816/10.6572574"}}, {"type": "Feature", "geometry": {"type": "Point", "coordinates": [10.7459392, 59.9099088]}, "properties": {"id": 926752745, "feat_type": "way", "quality_categories": "older_than_five_years", "issue_ids": "[1]", "osm_url": "https://www.openstreetmap.org/way/926752745", "josm_url": "http://127.0.0.1:8111/load_object?new_layer=false&objects=w926752745", "id_url": "https://www.openstreetmap.org/edit?editor=id&way=926752745#map=20/59.9099088/10.7459392"}}, {"type": "Feature", "geometry": {"type": "Point", "coordinates": [10.7427018, 59.9078245]}, "properties": {"id": 926752760, "feat_type": "way", "quality_categories": "older_than_five_years", "issue_ids": "[1]", "osm_url": "https://www.openstreetmap.org/way/926752760", "josm_url": "http://127.0.0.1:8111/load_object?new_layer=false&objects=w926752760", "id_url": "https://www.openstreetmap.org/edit?editor=id&way=926752760#map=20/59.9078245/10.7427018"}}, {"type": "Feature", "geometry": {"type": "Point", "coordinates": [10.7434945, 59.9075392]}, "properties": {"id": 926752763, "feat_type": "way", "quality_categories": "older_than_five_years, wrong_mispelled_or_unlisted_values", "issue_ids": "[488, 1]", "osm_url": "https://www.openstreetmap.org/way/926752763", "josm_url": "http://127.0.0.1:8111/load_object?new_layer=false&objects=w926752763", "id_url": "https://www.openstreetmap.org/edit?editor=id&way=926752763#map=20/59.9075392/10.7434945"}}, {"type": "Feature", "geometry": {"type": "Point", "coordinates": [10.7142117, 59.9196966]}, "properties": {"id": 926848670, "feat_type": "way", "quality_categories": "missing_tags, older_than_five_years", "issue_ids": "[38, 4]", "osm_url": "https://www.openstreetmap.org/way/926848670", "josm_url": "http://127.0.0.1:8111/load_object?new_layer=false&objects=w926848670", "id_url": "https://www.openstreetmap.org/edit?editor=id&way=926848670#map=20/59.9196966/10.7142117"}}, {"type": "Feature", "geometry": {"type": "Point", "coordinates": [10.7482667, 59.9434521]}, "properties": {"id": 931491804, "feat_type": "way", "quality_categories": "older_than_five_years", "issue_ids": "[49]", "osm_url": "https://www.openstreetmap.org/way/931491804", "josm_url": "http://127.0.0.1:8111/load_object?new_layer=false&objects=w931491804", "id_url": "https://www.openstreetmap.org/edit?editor=id&way=931491804#map=20/59.9434521/10.7482667"}}, {"type": "Feature", "geometry": {"type": "Point", "coordinates": [10.7362606, 59.9444189]}, "properties": {"id": 931493547, "feat_type": "way", "quality_categories": "older_than_five_years", "issue_ids": "[0]", "osm_url": "https://www.openstreetmap.org/way/931493547", "josm_url": "http://127.0.0.1:8111/load_object?new_layer=false&objects=w931493547", "id_url": "https://www.openstreetmap.org/edit?editor=id&way=931493547#map=20/59.9444189/10.7362606"}}, {"type": "Feature", "geometry": {"type": "Point", "coordinates": [10.7358197, 59.9362788]}, "properties": {"id": 934278253, "feat_type": "way", "quality_categories": "older_than_five_years", "issue_ids": "[490]", "osm_url": "https://www.openstreetmap.org/way/934278253", "josm_url": "http://127.0.0.1:8111/load_object?new_layer=false&objects=w934278253", "id_url": "https://www.openstreetmap.org/edit?editor=id&way=934278253#map=20/59.9362788/10.7358197"}}, {"type": "Feature", "geometry": {"type": "Point", "coordinates": [10.7354039, 59.9371087]}, "properties": {"id": 934278254, "feat_type": "way", "quality_categories": "older_than_five_years", "issue_ids": "[490]", "osm_url": "https://www.openstreetmap.org/way/934278254", "josm_url": "http://127.0.0.1:8111/load_object?new_layer=false&objects=w934278254", "id_url": "https://www.openstreetmap.org/edit?editor=id&way=934278254#map=20/59.9371087/10.7354039"}}, {"type": "Feature", "geometry": {"type": "Point", "coordinates": [10.7402451, 59.9409829]}, "properties": {"id": 934278255, "feat_type": "way", "quality_categories": "older_than_five_years", "issue_ids": "[424]", "osm_url": "https://www.openstreetmap.org/way/934278255", "josm_url": "http://127.0.0.1:8111/load_object?new_layer=false&objects=w934278255", "id_url": "https://www.openstreetmap.org/edit?editor=id&way=934278255#map=20/59.9409829/10.7402451"}}, {"type": "Feature", "geometry": {"type": "Point", "coordinates": [10.7841633, 59.936768]}, "properties": {"id": 935289445, "feat_type": "way", "quality_categories": "older_than_five_years", "issue_ids": "[160]", "osm_url": "https://www.openstreetmap.org/way/935289445", "josm_url": "http://127.0.0.1:8111/load_object?new_layer=false&objects=w935289445", "id_url": "https://www.openstreetmap.org/edit?editor=id&way=935289445#map=20/59.936768/10.7841633"}}, {"type": "Feature", "geometry": {"type": "Point", "coordinates": [10.8151691, 59.9068219]}, "properties": {"id": 935699739, "feat_type": "way", "quality_categories": "older_than_five_years", "issue_ids": "[424]", "osm_url": "https://www.openstreetmap.org/way/935699739", "josm_url": "http://127.0.0.1:8111/load_object?new_layer=false&objects=w935699739", "id_url": "https://www.openstreetmap.org/edit?editor=id&way=935699739#map=20/59.9068219/10.8151691"}}, {"type": "Feature", "geometry": {"type": "Point", "coordinates": [10.7970046, 59.914764]}, "properties": {"id": 935745644, "feat_type": "way", "quality_categories": "older_than_five_years", "issue_ids": "[424]", "osm_url": "https://www.openstreetmap.org/way/935745644", "josm_url": "http://127.0.0.1:8111/load_object?new_layer=false&objects=w935745644", "id_url": "https://www.openstreetmap.org/edit?editor=id&way=935745644#map=20/59.914764/10.7970046"}}, {"type": "Feature", "geometry": {"type": "Point", "coordinates": [10.735524, 59.9371829]}, "properties": {"id": 935758324, "feat_type": "way", "quality_categories": "older_than_five_years", "issue_ids": "[490]", "osm_url": "https://www.openstreetmap.org/way/935758324", "josm_url": "http://127.0.0.1:8111/load_object?new_layer=false&objects=w935758324", "id_url": "https://www.openstreetmap.org/edit?editor=id&way=935758324#map=20/59.9371829/10.735524"}}, {"type": "Feature", "geometry": {"type": "Point", "coordinates": [10.735196, 59.9375471]}, "properties": {"id": 935758330, "feat_type": "way", "quality_categories": "older_than_five_years", "issue_ids": "[490]", "osm_url": "https://www.openstreetmap.org/way/935758330", "josm_url": "http://127.0.0.1:8111/load_object?new_layer=false&objects=w935758330", "id_url": "https://www.openstreetmap.org/edit?editor=id&way=935758330#map=20/59.9375471/10.735196"}}, {"type": "Feature", "geometry": {"type": "Point", "coordinates": [10.738488, 59.9390701]}, "properties": {"id": 935758339, "feat_type": "way", "quality_categories": "older_than_five_years", "issue_ids": "[490]", "osm_url": "https://www.openstreetmap.org/way/935758339", "josm_url": "http://127.0.0.1:8111/load_object?new_layer=false&objects=w935758339", "id_url": "https://www.openstreetmap.org/edit?editor=id&way=935758339#map=20/59.9390701/10.738488"}}, {"type": "Feature", "geometry": {"type": "Point", "coordinates": [10.7370811, 59.938547]}, "properties": {"id": 935758342, "feat_type": "way", "quality_categories": "older_than_five_years", "issue_ids": "[125]", "osm_url": "https://www.openstreetmap.org/way/935758342", "josm_url": "http://127.0.0.1:8111/load_object?new_layer=false&objects=w935758342", "id_url": "https://www.openstreetmap.org/edit?editor=id&way=935758342#map=20/59.938547/10.7370811"}}, {"type": "Feature", "geometry": {"type": "Point", "coordinates": [10.7386102, 59.939276]}, "properties": {"id": 935758344, "feat_type": "way", "quality_categories": "older_than_five_years", "issue_ids": "[424]", "osm_url": "https://www.openstreetmap.org/way/935758344", "josm_url": "http://127.0.0.1:8111/load_object?new_layer=false&objects=w935758344", "id_url": "https://www.openstreetmap.org/edit?editor=id&way=935758344#map=20/59.939276/10.7386102"}}, {"type": "Feature", "geometry": {"type": "Point", "coordinates": [10.7403974, 59.9401176]}, "properties": {"id": 935758347, "feat_type": "way", "quality_categories": "older_than_five_years", "issue_ids": "[490]", "osm_url": "https://www.openstreetmap.org/way/935758347", "josm_url": "http://127.0.0.1:8111/load_object?new_layer=false&objects=w935758347", "id_url": "https://www.openstreetmap.org/edit?editor=id&way=935758347#map=20/59.9401176/10.7403974"}}, {"type": "Feature", "geometry": {"type": "Point", "coordinates": [10.7418158, 59.940676]}, "properties": {"id": 935758351, "feat_type": "way", "quality_categories": "older_than_five_years", "issue_ids": "[125]", "osm_url": "https://www.openstreetmap.org/way/935758351", "josm_url": "http://127.0.0.1:8111/load_object?new_layer=false&objects=w935758351", "id_url": "https://www.openstreetmap.org/edit?editor=id&way=935758351#map=20/59.940676/10.7418158"}}, {"type": "Feature", "geometry": {"type": "Point", "coordinates": [10.7365948, 59.9381938]}, "properties": {"id": 935758356, "feat_type": "way", "quality_categories": "older_than_five_years", "issue_ids": "[490]", "osm_url": "https://www.openstreetmap.org/way/935758356", "josm_url": "http://127.0.0.1:8111/load_object?new_layer=false&objects=w935758356", "id_url": "https://www.openstreetmap.org/edit?editor=id&way=935758356#map=20/59.9381938/10.7365948"}}, {"type": "Feature", "geometry": {"type": "Point", "coordinates": [10.7374518, 59.9384007]}, "properties": {"id": 935758358, "feat_type": "way", "quality_categories": "older_than_five_years", "issue_ids": "[490]", "osm_url": "https://www.openstreetmap.org/way/935758358", "josm_url": "http://127.0.0.1:8111/load_object?new_layer=false&objects=w935758358", "id_url": "https://www.openstreetmap.org/edit?editor=id&way=935758358#map=20/59.9384007/10.7374518"}}, {"type": "Feature", "geometry": {"type": "Point", "coordinates": [10.7376103, 59.9383201]}, "properties": {"id": 935758361, "feat_type": "way", "quality_categories": "older_than_five_years", "issue_ids": "[424]", "osm_url": "https://www.openstreetmap.org/way/935758361", "josm_url": "http://127.0.0.1:8111/load_object?new_layer=false&objects=w935758361", "id_url": "https://www.openstreetmap.org/edit?editor=id&way=935758361#map=20/59.9383201/10.7376103"}}, {"type": "Feature", "geometry": {"type": "Point", "coordinates": [10.7376771, 59.9384271]}, "properties": {"id": 935758364, "feat_type": "way", "quality_categories": "older_than_five_years", "issue_ids": "[490]", "osm_url": "https://www.openstreetmap.org/way/935758364", "josm_url": "http://127.0.0.1:8111/load_object?new_layer=false&objects=w935758364", "id_url": "https://www.openstreetmap.org/edit?editor=id&way=935758364#map=20/59.9384271/10.7376771"}}, {"type": "Feature", "geometry": {"type": "Point", "coordinates": [10.7405966, 59.9379892]}, "properties": {"id": 935761489, "feat_type": "way", "quality_categories": "older_than_five_years", "issue_ids": "[490]", "osm_url": "https://www.openstreetmap.org/way/935761489", "josm_url": "http://127.0.0.1:8111/load_object?new_layer=false&objects=w935761489", "id_url": "https://www.openstreetmap.org/edit?editor=id&way=935761489#map=20/59.9379892/10.7405966"}}, {"type": "Feature", "geometry": {"type": "Point", "coordinates": [10.7407277, 59.9380495]}, "properties": {"id": 935761490, "feat_type": "way", "quality_categories": "older_than_five_years", "issue_ids": "[424]", "osm_url": "https://www.openstreetmap.org/way/935761490", "josm_url": "http://127.0.0.1:8111/load_object?new_layer=false&objects=w935761490", "id_url": "https://www.openstreetmap.org/edit?editor=id&way=935761490#map=20/59.9380495/10.7407277"}}, {"type": "Feature", "geometry": {"type": "Point", "coordinates": [10.7415641, 59.9402574]}, "properties": {"id": 935761494, "feat_type": "way", "quality_categories": "older_than_five_years", "issue_ids": "[424]", "osm_url": "https://www.openstreetmap.org/way/935761494", "josm_url": "http://127.0.0.1:8111/load_object?new_layer=false&objects=w935761494", "id_url": "https://www.openstreetmap.org/edit?editor=id&way=935761494#map=20/59.9402574/10.7415641"}}, {"type": "Feature", "geometry": {"type": "Point", "coordinates": [10.7361924, 59.9376899]}, "properties": {"id": 935762712, "feat_type": "way", "quality_categories": "older_than_five_years", "issue_ids": "[490]", "osm_url": "https://www.openstreetmap.org/way/935762712", "josm_url": "http://127.0.0.1:8111/load_object?new_layer=false&objects=w935762712", "id_url": "https://www.openstreetmap.org/edit?editor=id&way=935762712#map=20/59.9376899/10.7361924"}}, {"type": "Feature", "geometry": {"type": "Point", "coordinates": [10.7397426, 59.9365465]}, "properties": {"id": 935764905, "feat_type": "way", "quality_categories": "older_than_five_years", "issue_ids": "[490]", "osm_url": "https://www.openstreetmap.org/way/935764905", "josm_url": "http://127.0.0.1:8111/load_object?new_layer=false&objects=w935764905", "id_url": "https://www.openstreetmap.org/edit?editor=id&way=935764905#map=20/59.9365465/10.7397426"}}, {"type": "Feature", "geometry": {"type": "Point", "coordinates": [10.7405999, 59.9369531]}, "properties": {"id": 935764907, "feat_type": "way", "quality_categories": "older_than_five_years", "issue_ids": "[424]", "osm_url": "https://www.openstreetmap.org/way/935764907", "josm_url": "http://127.0.0.1:8111/load_object?new_layer=false&objects=w935764907", "id_url": "https://www.openstreetmap.org/edit?editor=id&way=935764907#map=20/59.9369531/10.7405999"}}, {"type": "Feature", "geometry": {"type": "Point", "coordinates": [10.7846381, 59.9197135]}, "properties": {"id": 936245833, "feat_type": "way", "quality_categories": "older_than_five_years", "issue_ids": "[7]", "osm_url": "https://www.openstreetmap.org/way/936245833", "josm_url": "http://127.0.0.1:8111/load_object?new_layer=false&objects=w936245833", "id_url": "https://www.openstreetmap.org/edit?editor=id&way=936245833#map=20/59.9197135/10.7846381"}}, {"type": "Feature", "geometry": {"type": "Point", "coordinates": [10.7904733, 59.9026022]}, "properties": {"id": 936610393, "feat_type": "way", "quality_categories": "older_than_five_years", "issue_ids": "[41]", "osm_url": "https://www.openstreetmap.org/way/936610393", "josm_url": "http://127.0.0.1:8111/load_object?new_layer=false&objects=w936610393", "id_url": "https://www.openstreetmap.org/edit?editor=id&way=936610393#map=20/59.9026022/10.7904733"}}, {"type": "Feature", "geometry": {"type": "Point", "coordinates": [10.7093631, 59.9414011]}, "properties": {"id": 936618202, "feat_type": "way", "quality_categories": "older_than_five_years", "issue_ids": "[41]", "osm_url": "https://www.openstreetmap.org/way/936618202", "josm_url": "http://127.0.0.1:8111/load_object?new_layer=false&objects=w936618202", "id_url": "https://www.openstreetmap.org/edit?editor=id&way=936618202#map=20/59.9414011/10.7093631"}}, {"type": "Feature", "geometry": {"type": "Point", "coordinates": [10.709896, 59.9413136]}, "properties": {"id": 936618203, "feat_type": "way", "quality_categories": "older_than_five_years", "issue_ids": "[41]", "osm_url": "https://www.openstreetmap.org/way/936618203", "josm_url": "http://127.0.0.1:8111/load_object?new_layer=false&objects=w936618203", "id_url": "https://www.openstreetmap.org/edit?editor=id&way=936618203#map=20/59.9413136/10.709896"}}, {"type": "Feature", "geometry": {"type": "Point", "coordinates": [10.7101749, 59.9412788]}, "properties": {"id": 936618204, "feat_type": "way", "quality_categories": "older_than_five_years", "issue_ids": "[41]", "osm_url": "https://www.openstreetmap.org/way/936618204", "josm_url": "http://127.0.0.1:8111/load_object?new_layer=false&objects=w936618204", "id_url": "https://www.openstreetmap.org/edit?editor=id&way=936618204#map=20/59.9412788/10.7101749"}}, {"type": "Feature", "geometry": {"type": "Point", "coordinates": [10.7058798, 59.9200399]}, "properties": {"id": 936759082, "feat_type": "way", "quality_categories": "older_than_five_years", "issue_ids": "[41]", "osm_url": "https://www.openstreetmap.org/way/936759082", "josm_url": "http://127.0.0.1:8111/load_object?new_layer=false&objects=w936759082", "id_url": "https://www.openstreetmap.org/edit?editor=id&way=936759082#map=20/59.9200399/10.7058798"}}, {"type": "Feature", "geometry": {"type": "Point", "coordinates": [10.7056304, 59.9200246]}, "properties": {"id": 936759083, "feat_type": "way", "quality_categories": "older_than_five_years", "issue_ids": "[41]", "osm_url": "https://www.openstreetmap.org/way/936759083", "josm_url": "http://127.0.0.1:8111/load_object?new_layer=false&objects=w936759083", "id_url": "https://www.openstreetmap.org/edit?editor=id&way=936759083#map=20/59.9200246/10.7056304"}}, {"type": "Feature", "geometry": {"type": "Point", "coordinates": [10.7056922, 59.9198733]}, "properties": {"id": 936759084, "feat_type": "way", "quality_categories": "older_than_five_years", "issue_ids": "[41]", "osm_url": "https://www.openstreetmap.org/way/936759084", "josm_url": "http://127.0.0.1:8111/load_object?new_layer=false&objects=w936759084", "id_url": "https://www.openstreetmap.org/edit?editor=id&way=936759084#map=20/59.9198733/10.7056922"}}, {"type": "Feature", "geometry": {"type": "Point", "coordinates": [10.7059696, 59.9199195]}, "properties": {"id": 936759085, "feat_type": "way", "quality_categories": "older_than_five_years", "issue_ids": "[41]", "osm_url": "https://www.openstreetmap.org/way/936759085", "josm_url": "http://127.0.0.1:8111/load_object?new_layer=false&objects=w936759085", "id_url": "https://www.openstreetmap.org/edit?editor=id&way=936759085#map=20/59.9199195/10.7059696"}}, {"type": "Feature", "geometry": {"type": "Point", "coordinates": [10.7147307, 59.9224917]}, "properties": {"id": 936763779, "feat_type": "way", "quality_categories": "older_than_five_years", "issue_ids": "[41]", "osm_url": "https://www.openstreetmap.org/way/936763779", "josm_url": "http://127.0.0.1:8111/load_object?new_layer=false&objects=w936763779", "id_url": "https://www.openstreetmap.org/edit?editor=id&way=936763779#map=20/59.9224917/10.7147307"}}, {"type": "Feature", "geometry": {"type": "Point", "coordinates": [10.7157029, 59.9221782]}, "properties": {"id": 936763801, "feat_type": "way", "quality_categories": "older_than_five_years", "issue_ids": "[41]", "osm_url": "https://www.openstreetmap.org/way/936763801", "josm_url": "http://127.0.0.1:8111/load_object?new_layer=false&objects=w936763801", "id_url": "https://www.openstreetmap.org/edit?editor=id&way=936763801#map=20/59.9221782/10.7157029"}}, {"type": "Feature", "geometry": {"type": "Point", "coordinates": [10.8002774, 59.9243582]}, "properties": {"id": 938398049, "feat_type": "way", "quality_categories": "older_than_five_years", "issue_ids": "[438]", "osm_url": "https://www.openstreetmap.org/way/938398049", "josm_url": "http://127.0.0.1:8111/load_object?new_layer=false&objects=w938398049", "id_url": "https://www.openstreetmap.org/edit?editor=id&way=938398049#map=20/59.9243582/10.8002774"}}, {"type": "Feature", "geometry": {"type": "Point", "coordinates": [10.7511738, 59.9125637]}, "properties": {"id": 938568673, "feat_type": "way", "quality_categories": "older_than_five_years", "issue_ids": "[308]", "osm_url": "https://www.openstreetmap.org/way/938568673", "josm_url": "http://127.0.0.1:8111/load_object?new_layer=false&objects=w938568673", "id_url": "https://www.openstreetmap.org/edit?editor=id&way=938568673#map=20/59.9125637/10.7511738"}}, {"type": "Feature", "geometry": {"type": "Point", "coordinates": [10.7506981, 59.9137873]}, "properties": {"id": 938568705, "feat_type": "way", "quality_categories": "older_than_five_years", "issue_ids": "[438]", "osm_url": "https://www.openstreetmap.org/way/938568705", "josm_url": "http://127.0.0.1:8111/load_object?new_layer=false&objects=w938568705", "id_url": "https://www.openstreetmap.org/edit?editor=id&way=938568705#map=20/59.9137873/10.7506981"}}, {"type": "Feature", "geometry": {"type": "Point", "coordinates": [10.7519906, 59.914164]}, "properties": {"id": 938568706, "feat_type": "way", "quality_categories": "older_than_five_years", "issue_ids": "[165]", "osm_url": "https://www.openstreetmap.org/way/938568706", "josm_url": "http://127.0.0.1:8111/load_object?new_layer=false&objects=w938568706", "id_url": "https://www.openstreetmap.org/edit?editor=id&way=938568706#map=20/59.914164/10.7519906"}}, {"type": "Feature", "geometry": {"type": "Point", "coordinates": [10.7521471, 59.9141066]}, "properties": {"id": 938568717, "feat_type": "way", "quality_categories": "older_than_five_years", "issue_ids": "[165]", "osm_url": "https://www.openstreetmap.org/way/938568717", "josm_url": "http://127.0.0.1:8111/load_object?new_layer=false&objects=w938568717", "id_url": "https://www.openstreetmap.org/edit?editor=id&way=938568717#map=20/59.9141066/10.7521471"}}, {"type": "Feature", "geometry": {"type": "Point", "coordinates": [10.7508154, 59.9137113]}, "properties": {"id": 938568718, "feat_type": "way", "quality_categories": "older_than_five_years", "issue_ids": "[438]", "osm_url": "https://www.openstreetmap.org/way/938568718", "josm_url": "http://127.0.0.1:8111/load_object?new_layer=false&objects=w938568718", "id_url": "https://www.openstreetmap.org/edit?editor=id&way=938568718#map=20/59.9137113/10.7508154"}}, {"type": "Feature", "geometry": {"type": "Point", "coordinates": [10.7365043, 59.9298696]}, "properties": {"id": 939268575, "feat_type": "way", "quality_categories": "older_than_five_years", "issue_ids": "[26]", "osm_url": "https://www.openstreetmap.org/way/939268575", "josm_url": "http://127.0.0.1:8111/load_object?new_layer=false&objects=w939268575", "id_url": "https://www.openstreetmap.org/edit?editor=id&way=939268575#map=20/59.9298696/10.7365043"}}, {"type": "Feature", "geometry": {"type": "Point", "coordinates": [10.7343004, 59.9281911]}, "properties": {"id": 939268576, "feat_type": "way", "quality_categories": "older_than_five_years", "issue_ids": "[26]", "osm_url": "https://www.openstreetmap.org/way/939268576", "josm_url": "http://127.0.0.1:8111/load_object?new_layer=false&objects=w939268576", "id_url": "https://www.openstreetmap.org/edit?editor=id&way=939268576#map=20/59.9281911/10.7343004"}}, {"type": "Feature", "geometry": {"type": "Point", "coordinates": [10.7352309, 59.9301172]}, "properties": {"id": 939268582, "feat_type": "way", "quality_categories": "older_than_five_years", "issue_ids": "[26]", "osm_url": "https://www.openstreetmap.org/way/939268582", "josm_url": "http://127.0.0.1:8111/load_object?new_layer=false&objects=w939268582", "id_url": "https://www.openstreetmap.org/edit?editor=id&way=939268582#map=20/59.9301172/10.7352309"}}, {"type": "Feature", "geometry": {"type": "Point", "coordinates": [10.735657, 59.9309752]}, "properties": {"id": 939268583, "feat_type": "way", "quality_categories": "older_than_five_years", "issue_ids": "[26]", "osm_url": "https://www.openstreetmap.org/way/939268583", "josm_url": "http://127.0.0.1:8111/load_object?new_layer=false&objects=w939268583", "id_url": "https://www.openstreetmap.org/edit?editor=id&way=939268583#map=20/59.9309752/10.735657"}}, {"type": "Feature", "geometry": {"type": "Point", "coordinates": [10.7346627, 59.9309089]}, "properties": {"id": 939268587, "feat_type": "way", "quality_categories": "older_than_five_years", "issue_ids": "[26]", "osm_url": "https://www.openstreetmap.org/way/939268587", "josm_url": "http://127.0.0.1:8111/load_object?new_layer=false&objects=w939268587", "id_url": "https://www.openstreetmap.org/edit?editor=id&way=939268587#map=20/59.9309089/10.7346627"}}, {"type": "Feature", "geometry": {"type": "Point", "coordinates": [10.7340432, 59.9301395]}, "properties": {"id": 939268588, "feat_type": "way", "quality_categories": "older_than_five_years", "issue_ids": "[26]", "osm_url": "https://www.openstreetmap.org/way/939268588", "josm_url": "http://127.0.0.1:8111/load_object?new_layer=false&objects=w939268588", "id_url": "https://www.openstreetmap.org/edit?editor=id&way=939268588#map=20/59.9301395/10.7340432"}}, {"type": "Feature", "geometry": {"type": "Point", "coordinates": [10.7340786, 59.929343]}, "properties": {"id": 939268590, "feat_type": "way", "quality_categories": "older_than_five_years", "issue_ids": "[26]", "osm_url": "https://www.openstreetmap.org/way/939268590", "josm_url": "http://127.0.0.1:8111/load_object?new_layer=false&objects=w939268590", "id_url": "https://www.openstreetmap.org/edit?editor=id&way=939268590#map=20/59.929343/10.7340786"}}, {"type": "Feature", "geometry": {"type": "Point", "coordinates": [10.7339576, 59.929127]}, "properties": {"id": 939268591, "feat_type": "way", "quality_categories": "older_than_five_years", "issue_ids": "[26]", "osm_url": "https://www.openstreetmap.org/way/939268591", "josm_url": "http://127.0.0.1:8111/load_object?new_layer=false&objects=w939268591", "id_url": "https://www.openstreetmap.org/edit?editor=id&way=939268591#map=20/59.929127/10.7339576"}}, {"type": "Feature", "geometry": {"type": "Point", "coordinates": [10.7347479, 59.9306599]}, "properties": {"id": 939268592, "feat_type": "way", "quality_categories": "older_than_five_years", "issue_ids": "[26]", "osm_url": "https://www.openstreetmap.org/way/939268592", "josm_url": "http://127.0.0.1:8111/load_object?new_layer=false&objects=w939268592", "id_url": "https://www.openstreetmap.org/edit?editor=id&way=939268592#map=20/59.9306599/10.7347479"}}, {"type": "Feature", "geometry": {"type": "Point", "coordinates": [10.7350681, 59.9280359]}, "properties": {"id": 939268594, "feat_type": "way", "quality_categories": "older_than_five_years", "issue_ids": "[26]", "osm_url": "https://www.openstreetmap.org/way/939268594", "josm_url": "http://127.0.0.1:8111/load_object?new_layer=false&objects=w939268594", "id_url": "https://www.openstreetmap.org/edit?editor=id&way=939268594#map=20/59.9280359/10.7350681"}}, {"type": "Feature", "geometry": {"type": "Point", "coordinates": [10.7367792, 59.9275252]}, "properties": {"id": 939268603, "feat_type": "way", "quality_categories": "older_than_five_years", "issue_ids": "[26]", "osm_url": "https://www.openstreetmap.org/way/939268603", "josm_url": "http://127.0.0.1:8111/load_object?new_layer=false&objects=w939268603", "id_url": "https://www.openstreetmap.org/edit?editor=id&way=939268603#map=20/59.9275252/10.7367792"}}, {"type": "Feature", "geometry": {"type": "Point", "coordinates": [10.7345424, 59.9274258]}, "properties": {"id": 939268605, "feat_type": "way", "quality_categories": "older_than_five_years", "issue_ids": "[26]", "osm_url": "https://www.openstreetmap.org/way/939268605", "josm_url": "http://127.0.0.1:8111/load_object?new_layer=false&objects=w939268605", "id_url": "https://www.openstreetmap.org/edit?editor=id&way=939268605#map=20/59.9274258/10.7345424"}}, {"type": "Feature", "geometry": {"type": "Point", "coordinates": [10.7377063, 59.9304128]}, "properties": {"id": 939270908, "feat_type": "way", "quality_categories": "older_than_five_years", "issue_ids": "[26]", "osm_url": "https://www.openstreetmap.org/way/939270908", "josm_url": "http://127.0.0.1:8111/load_object?new_layer=false&objects=w939270908", "id_url": "https://www.openstreetmap.org/edit?editor=id&way=939270908#map=20/59.9304128/10.7377063"}}, {"type": "Feature", "geometry": {"type": "Point", "coordinates": [10.7387478, 59.9298062]}, "properties": {"id": 939270909, "feat_type": "way", "quality_categories": "older_than_five_years", "issue_ids": "[26]", "osm_url": "https://www.openstreetmap.org/way/939270909", "josm_url": "http://127.0.0.1:8111/load_object?new_layer=false&objects=w939270909", "id_url": "https://www.openstreetmap.org/edit?editor=id&way=939270909#map=20/59.9298062/10.7387478"}}, {"type": "Feature", "geometry": {"type": "Point", "coordinates": [10.7600843, 59.9169235]}, "properties": {"id": 939282080, "feat_type": "way", "quality_categories": "older_than_five_years", "issue_ids": "[125]", "osm_url": "https://www.openstreetmap.org/way/939282080", "josm_url": "http://127.0.0.1:8111/load_object?new_layer=false&objects=w939282080", "id_url": "https://www.openstreetmap.org/edit?editor=id&way=939282080#map=20/59.9169235/10.7600843"}}, {"type": "Feature", "geometry": {"type": "Point", "coordinates": [10.7596553, 59.9162747]}, "properties": {"id": 939282083, "feat_type": "way", "quality_categories": "older_than_five_years", "issue_ids": "[26]", "osm_url": "https://www.openstreetmap.org/way/939282083", "josm_url": "http://127.0.0.1:8111/load_object?new_layer=false&objects=w939282083", "id_url": "https://www.openstreetmap.org/edit?editor=id&way=939282083#map=20/59.9162747/10.7596553"}}, {"type": "Feature", "geometry": {"type": "Point", "coordinates": [10.7517259, 59.9235399]}, "properties": {"id": 939293243, "feat_type": "way", "quality_categories": "older_than_five_years", "issue_ids": "[26]", "osm_url": "https://www.openstreetmap.org/way/939293243", "josm_url": "http://127.0.0.1:8111/load_object?new_layer=false&objects=w939293243", "id_url": "https://www.openstreetmap.org/edit?editor=id&way=939293243#map=20/59.9235399/10.7517259"}}, {"type": "Feature", "geometry": {"type": "Point", "coordinates": [10.7506945, 59.9244329]}, "properties": {"id": 939293251, "feat_type": "way", "quality_categories": "older_than_five_years", "issue_ids": "[26]", "osm_url": "https://www.openstreetmap.org/way/939293251", "josm_url": "http://127.0.0.1:8111/load_object?new_layer=false&objects=w939293251", "id_url": "https://www.openstreetmap.org/edit?editor=id&way=939293251#map=20/59.9244329/10.7506945"}}, {"type": "Feature", "geometry": {"type": "Point", "coordinates": [10.7558164, 59.9210598]}, "properties": {"id": 939994012, "feat_type": "way", "quality_categories": "older_than_five_years", "issue_ids": "[93]", "osm_url": "https://www.openstreetmap.org/way/939994012", "josm_url": "http://127.0.0.1:8111/load_object?new_layer=false&objects=w939994012", "id_url": "https://www.openstreetmap.org/edit?editor=id&way=939994012#map=20/59.9210598/10.7558164"}}, {"type": "Feature", "geometry": {"type": "Point", "coordinates": [10.7384304, 59.9411664]}, "properties": {"id": 940370113, "feat_type": "way", "quality_categories": "older_than_five_years", "issue_ids": "[125]", "osm_url": "https://www.openstreetmap.org/way/940370113", "josm_url": "http://127.0.0.1:8111/load_object?new_layer=false&objects=w940370113", "id_url": "https://www.openstreetmap.org/edit?editor=id&way=940370113#map=20/59.9411664/10.7384304"}}, {"type": "Feature", "geometry": {"type": "Point", "coordinates": [10.7410846, 59.9390502]}, "properties": {"id": 940374384, "feat_type": "way", "quality_categories": "older_than_five_years", "issue_ids": "[490]", "osm_url": "https://www.openstreetmap.org/way/940374384", "josm_url": "http://127.0.0.1:8111/load_object?new_layer=false&objects=w940374384", "id_url": "https://www.openstreetmap.org/edit?editor=id&way=940374384#map=20/59.9390502/10.7410846"}}, {"type": "Feature", "geometry": {"type": "Point", "coordinates": [10.7439625, 59.9388884]}, "properties": {"id": 940374393, "feat_type": "way", "quality_categories": "older_than_five_years", "issue_ids": "[125]", "osm_url": "https://www.openstreetmap.org/way/940374393", "josm_url": "http://127.0.0.1:8111/load_object?new_layer=false&objects=w940374393", "id_url": "https://www.openstreetmap.org/edit?editor=id&way=940374393#map=20/59.9388884/10.7439625"}}, {"type": "Feature", "geometry": {"type": "Point", "coordinates": [10.7431155, 59.9393339]}, "properties": {"id": 940374394, "feat_type": "way", "quality_categories": "older_than_five_years", "issue_ids": "[84]", "osm_url": "https://www.openstreetmap.org/way/940374394", "josm_url": "http://127.0.0.1:8111/load_object?new_layer=false&objects=w940374394", "id_url": "https://www.openstreetmap.org/edit?editor=id&way=940374394#map=20/59.9393339/10.7431155"}}, {"type": "Feature", "geometry": {"type": "Point", "coordinates": [10.7426639, 59.9395822]}, "properties": {"id": 940374399, "feat_type": "way", "quality_categories": "older_than_five_years", "issue_ids": "[490]", "osm_url": "https://www.openstreetmap.org/way/940374399", "josm_url": "http://127.0.0.1:8111/load_object?new_layer=false&objects=w940374399", "id_url": "https://www.openstreetmap.org/edit?editor=id&way=940374399#map=20/59.9395822/10.7426639"}}, {"type": "Feature", "geometry": {"type": "Point", "coordinates": [10.7367347, 59.9389478]}, "properties": {"id": 940375604, "feat_type": "way", "quality_categories": "older_than_five_years", "issue_ids": "[490]", "osm_url": "https://www.openstreetmap.org/way/940375604", "josm_url": "http://127.0.0.1:8111/load_object?new_layer=false&objects=w940375604", "id_url": "https://www.openstreetmap.org/edit?editor=id&way=940375604#map=20/59.9389478/10.7367347"}}, {"type": "Feature", "geometry": {"type": "Point", "coordinates": [10.7409141, 59.9339967]}, "properties": {"id": 940383186, "feat_type": "way", "quality_categories": "older_than_five_years", "issue_ids": "[125]", "osm_url": "https://www.openstreetmap.org/way/940383186", "josm_url": "http://127.0.0.1:8111/load_object?new_layer=false&objects=w940383186", "id_url": "https://www.openstreetmap.org/edit?editor=id&way=940383186#map=20/59.9339967/10.7409141"}}, {"type": "Feature", "geometry": {"type": "Point", "coordinates": [10.7419947, 59.9344703]}, "properties": {"id": 940383188, "feat_type": "way", "quality_categories": "older_than_five_years", "issue_ids": "[125]", "osm_url": "https://www.openstreetmap.org/way/940383188", "josm_url": "http://127.0.0.1:8111/load_object?new_layer=false&objects=w940383188", "id_url": "https://www.openstreetmap.org/edit?editor=id&way=940383188#map=20/59.9344703/10.7419947"}}, {"type": "Feature", "geometry": {"type": "Point", "coordinates": [10.7472006, 59.9295872]}, "properties": {"id": 940383195, "feat_type": "way", "quality_categories": "older_than_five_years", "issue_ids": "[125]", "osm_url": "https://www.openstreetmap.org/way/940383195", "josm_url": "http://127.0.0.1:8111/load_object?new_layer=false&objects=w940383195", "id_url": "https://www.openstreetmap.org/edit?editor=id&way=940383195#map=20/59.9295872/10.7472006"}}, {"type": "Feature", "geometry": {"type": "Point", "coordinates": [10.7472571, 59.9280592]}, "properties": {"id": 940383198, "feat_type": "way", "quality_categories": "older_than_five_years", "issue_ids": "[125]", "osm_url": "https://www.openstreetmap.org/way/940383198", "josm_url": "http://127.0.0.1:8111/load_object?new_layer=false&objects=w940383198", "id_url": "https://www.openstreetmap.org/edit?editor=id&way=940383198#map=20/59.9280592/10.7472571"}}, {"type": "Feature", "geometry": {"type": "Point", "coordinates": [10.7604891, 59.9172384]}, "properties": {"id": 940520062, "feat_type": "way", "quality_categories": "older_than_five_years", "issue_ids": "[125]", "osm_url": "https://www.openstreetmap.org/way/940520062", "josm_url": "http://127.0.0.1:8111/load_object?new_layer=false&objects=w940520062", "id_url": "https://www.openstreetmap.org/edit?editor=id&way=940520062#map=20/59.9172384/10.7604891"}}, {"type": "Feature", "geometry": {"type": "Point", "coordinates": [10.760787, 59.9169876]}, "properties": {"id": 940520063, "feat_type": "way", "quality_categories": "older_than_five_years", "issue_ids": "[29]", "osm_url": "https://www.openstreetmap.org/way/940520063", "josm_url": "http://127.0.0.1:8111/load_object?new_layer=false&objects=w940520063", "id_url": "https://www.openstreetmap.org/edit?editor=id&way=940520063#map=20/59.9169876/10.760787"}}, {"type": "Feature", "geometry": {"type": "Point", "coordinates": [10.7902103, 59.9166642]}, "properties": {"id": 940733160, "feat_type": "way", "quality_categories": "older_than_five_years", "issue_ids": "[69]", "osm_url": "https://www.openstreetmap.org/way/940733160", "josm_url": "http://127.0.0.1:8111/load_object?new_layer=false&objects=w940733160", "id_url": "https://www.openstreetmap.org/edit?editor=id&way=940733160#map=20/59.9166642/10.7902103"}}, {"type": "Feature", "geometry": {"type": "Point", "coordinates": [10.7895402, 59.915992]}, "properties": {"id": 940733168, "feat_type": "way", "quality_categories": "older_than_five_years", "issue_ids": "[69]", "osm_url": "https://www.openstreetmap.org/way/940733168", "josm_url": "http://127.0.0.1:8111/load_object?new_layer=false&objects=w940733168", "id_url": "https://www.openstreetmap.org/edit?editor=id&way=940733168#map=20/59.915992/10.7895402"}}, {"type": "Feature", "geometry": {"type": "Point", "coordinates": [10.8041156, 59.9147706]}, "properties": {"id": 940737136, "feat_type": "way", "quality_categories": "older_than_five_years", "issue_ids": "[69]", "osm_url": "https://www.openstreetmap.org/way/940737136", "josm_url": "http://127.0.0.1:8111/load_object?new_layer=false&objects=w940737136", "id_url": "https://www.openstreetmap.org/edit?editor=id&way=940737136#map=20/59.9147706/10.8041156"}}, {"type": "Feature", "geometry": {"type": "Point", "coordinates": [10.7231315, 59.9303151]}, "properties": {"id": 940741304, "feat_type": "way", "quality_categories": "older_than_five_years", "issue_ids": "[69]", "osm_url": "https://www.openstreetmap.org/way/940741304", "josm_url": "http://127.0.0.1:8111/load_object?new_layer=false&objects=w940741304", "id_url": "https://www.openstreetmap.org/edit?editor=id&way=940741304#map=20/59.9303151/10.7231315"}}, {"type": "Feature", "geometry": {"type": "Point", "coordinates": [10.7239167, 59.930928]}, "properties": {"id": 940741308, "feat_type": "way", "quality_categories": "older_than_five_years", "issue_ids": "[69]", "osm_url": "https://www.openstreetmap.org/way/940741308", "josm_url": "http://127.0.0.1:8111/load_object?new_layer=false&objects=w940741308", "id_url": "https://www.openstreetmap.org/edit?editor=id&way=940741308#map=20/59.930928/10.7239167"}}, {"type": "Feature", "geometry": {"type": "Point", "coordinates": [10.7255968, 59.9276317]}, "properties": {"id": 940754168, "feat_type": "way", "quality_categories": "older_than_five_years", "issue_ids": "[69]", "osm_url": "https://www.openstreetmap.org/way/940754168", "josm_url": "http://127.0.0.1:8111/load_object?new_layer=false&objects=w940754168", "id_url": "https://www.openstreetmap.org/edit?editor=id&way=940754168#map=20/59.9276317/10.7255968"}}, {"type": "Feature", "geometry": {"type": "Point", "coordinates": [10.7271445, 59.925084]}, "properties": {"id": 940755231, "feat_type": "way", "quality_categories": "older_than_five_years", "issue_ids": "[69]", "osm_url": "https://www.openstreetmap.org/way/940755231", "josm_url": "http://127.0.0.1:8111/load_object?new_layer=false&objects=w940755231", "id_url": "https://www.openstreetmap.org/edit?editor=id&way=940755231#map=20/59.925084/10.7271445"}}, {"type": "Feature", "geometry": {"type": "Point", "coordinates": [10.6813993, 59.9356799]}, "properties": {"id": 940925112, "feat_type": "way", "quality_categories": "missing_tags, older_than_five_years", "issue_ids": "[223, 4]", "osm_url": "https://www.openstreetmap.org/way/940925112", "josm_url": "http://127.0.0.1:8111/load_object?new_layer=false&objects=w940925112", "id_url": "https://www.openstreetmap.org/edit?editor=id&way=940925112#map=20/59.9356799/10.6813993"}}, {"type": "Feature", "geometry": {"type": "Point", "coordinates": [10.7512863, 59.9128739]}, "properties": {"id": 940960429, "feat_type": "way", "quality_categories": "older_than_five_years", "issue_ids": "[491]", "osm_url": "https://www.openstreetmap.org/way/940960429", "josm_url": "http://127.0.0.1:8111/load_object?new_layer=false&objects=w940960429", "id_url": "https://www.openstreetmap.org/edit?editor=id&way=940960429#map=20/59.9128739/10.7512863"}}, {"type": "Feature", "geometry": {"type": "Point", "coordinates": [10.7309887, 59.9327596]}, "properties": {"id": 941378740, "feat_type": "way", "quality_categories": "older_than_five_years", "issue_ids": "[49]", "osm_url": "https://www.openstreetmap.org/way/941378740", "josm_url": "http://127.0.0.1:8111/load_object?new_layer=false&objects=w941378740", "id_url": "https://www.openstreetmap.org/edit?editor=id&way=941378740#map=20/59.9327596/10.7309887"}}, {"type": "Feature", "geometry": {"type": "Point", "coordinates": [10.7505659, 59.9318025]}, "properties": {"id": 941378746, "feat_type": "way", "quality_categories": "older_than_five_years", "issue_ids": "[49]", "osm_url": "https://www.openstreetmap.org/way/941378746", "josm_url": "http://127.0.0.1:8111/load_object?new_layer=false&objects=w941378746", "id_url": "https://www.openstreetmap.org/edit?editor=id&way=941378746#map=20/59.9318025/10.7505659"}}, {"type": "Feature", "geometry": {"type": "Point", "coordinates": [10.7495135, 59.9312258]}, "properties": {"id": 941378747, "feat_type": "way", "quality_categories": "older_than_five_years", "issue_ids": "[49]", "osm_url": "https://www.openstreetmap.org/way/941378747", "josm_url": "http://127.0.0.1:8111/load_object?new_layer=false&objects=w941378747", "id_url": "https://www.openstreetmap.org/edit?editor=id&way=941378747#map=20/59.9312258/10.7495135"}}, {"type": "Feature", "geometry": {"type": "Point", "coordinates": [10.7507736, 59.931912]}, "properties": {"id": 941378748, "feat_type": "way", "quality_categories": "older_than_five_years", "issue_ids": "[49]", "osm_url": "https://www.openstreetmap.org/way/941378748", "josm_url": "http://127.0.0.1:8111/load_object?new_layer=false&objects=w941378748", "id_url": "https://www.openstreetmap.org/edit?editor=id&way=941378748#map=20/59.931912/10.7507736"}}, {"type": "Feature", "geometry": {"type": "Point", "coordinates": [10.7522861, 59.9330208]}, "properties": {"id": 941378755, "feat_type": "way", "quality_categories": "older_than_five_years", "issue_ids": "[49]", "osm_url": "https://www.openstreetmap.org/way/941378755", "josm_url": "http://127.0.0.1:8111/load_object?new_layer=false&objects=w941378755", "id_url": "https://www.openstreetmap.org/edit?editor=id&way=941378755#map=20/59.9330208/10.7522861"}}, {"type": "Feature", "geometry": {"type": "Point", "coordinates": [10.7526155, 59.9330842]}, "properties": {"id": 941378757, "feat_type": "way", "quality_categories": "older_than_five_years", "issue_ids": "[49]", "osm_url": "https://www.openstreetmap.org/way/941378757", "josm_url": "http://127.0.0.1:8111/load_object?new_layer=false&objects=w941378757", "id_url": "https://www.openstreetmap.org/edit?editor=id&way=941378757#map=20/59.9330842/10.7526155"}}, {"type": "Feature", "geometry": {"type": "Point", "coordinates": [10.750937, 59.9292855]}, "properties": {"id": 941378761, "feat_type": "way", "quality_categories": "older_than_five_years", "issue_ids": "[49]", "osm_url": "https://www.openstreetmap.org/way/941378761", "josm_url": "http://127.0.0.1:8111/load_object?new_layer=false&objects=w941378761", "id_url": "https://www.openstreetmap.org/edit?editor=id&way=941378761#map=20/59.9292855/10.750937"}}, {"type": "Feature", "geometry": {"type": "Point", "coordinates": [10.7538214, 59.9302633]}, "properties": {"id": 941378768, "feat_type": "way", "quality_categories": "older_than_five_years", "issue_ids": "[49]", "osm_url": "https://www.openstreetmap.org/way/941378768", "josm_url": "http://127.0.0.1:8111/load_object?new_layer=false&objects=w941378768", "id_url": "https://www.openstreetmap.org/edit?editor=id&way=941378768#map=20/59.9302633/10.7538214"}}, {"type": "Feature", "geometry": {"type": "Point", "coordinates": [10.7548755, 59.9299714]}, "properties": {"id": 941390293, "feat_type": "way", "quality_categories": "older_than_five_years", "issue_ids": "[49]", "osm_url": "https://www.openstreetmap.org/way/941390293", "josm_url": "http://127.0.0.1:8111/load_object?new_layer=false&objects=w941390293", "id_url": "https://www.openstreetmap.org/edit?editor=id&way=941390293#map=20/59.9299714/10.7548755"}}, {"type": "Feature", "geometry": {"type": "Point", "coordinates": [10.7495671, 59.9291695]}, "properties": {"id": 941390297, "feat_type": "way", "quality_categories": "older_than_five_years", "issue_ids": "[49]", "osm_url": "https://www.openstreetmap.org/way/941390297", "josm_url": "http://127.0.0.1:8111/load_object?new_layer=false&objects=w941390297", "id_url": "https://www.openstreetmap.org/edit?editor=id&way=941390297#map=20/59.9291695/10.7495671"}}, {"type": "Feature", "geometry": {"type": "Point", "coordinates": [10.7558008, 59.9350644]}, "properties": {"id": 941392197, "feat_type": "way", "quality_categories": "older_than_five_years", "issue_ids": "[49]", "osm_url": "https://www.openstreetmap.org/way/941392197", "josm_url": "http://127.0.0.1:8111/load_object?new_layer=false&objects=w941392197", "id_url": "https://www.openstreetmap.org/edit?editor=id&way=941392197#map=20/59.9350644/10.7558008"}}, {"type": "Feature", "geometry": {"type": "Point", "coordinates": [10.7550401, 59.9350798]}, "properties": {"id": 941392199, "feat_type": "way", "quality_categories": "older_than_five_years", "issue_ids": "[49]", "osm_url": "https://www.openstreetmap.org/way/941392199", "josm_url": "http://127.0.0.1:8111/load_object?new_layer=false&objects=w941392199", "id_url": "https://www.openstreetmap.org/edit?editor=id&way=941392199#map=20/59.9350798/10.7550401"}}, {"type": "Feature", "geometry": {"type": "Point", "coordinates": [10.7523085, 59.9390819]}, "properties": {"id": 941403082, "feat_type": "way", "quality_categories": "older_than_five_years", "issue_ids": "[49]", "osm_url": "https://www.openstreetmap.org/way/941403082", "josm_url": "http://127.0.0.1:8111/load_object?new_layer=false&objects=w941403082", "id_url": "https://www.openstreetmap.org/edit?editor=id&way=941403082#map=20/59.9390819/10.7523085"}}, {"type": "Feature", "geometry": {"type": "Point", "coordinates": [10.7527131, 59.9380938]}, "properties": {"id": 941403083, "feat_type": "way", "quality_categories": "older_than_five_years", "issue_ids": "[49]", "osm_url": "https://www.openstreetmap.org/way/941403083", "josm_url": "http://127.0.0.1:8111/load_object?new_layer=false&objects=w941403083", "id_url": "https://www.openstreetmap.org/edit?editor=id&way=941403083#map=20/59.9380938/10.7527131"}}, {"type": "Feature", "geometry": {"type": "Point", "coordinates": [10.7526047, 59.9395215]}, "properties": {"id": 941403088, "feat_type": "way", "quality_categories": "older_than_five_years", "issue_ids": "[49]", "osm_url": "https://www.openstreetmap.org/way/941403088", "josm_url": "http://127.0.0.1:8111/load_object?new_layer=false&objects=w941403088", "id_url": "https://www.openstreetmap.org/edit?editor=id&way=941403088#map=20/59.9395215/10.7526047"}}, {"type": "Feature", "geometry": {"type": "Point", "coordinates": [10.7548955, 59.939479]}, "properties": {"id": 941403090, "feat_type": "way", "quality_categories": "older_than_five_years", "issue_ids": "[49]", "osm_url": "https://www.openstreetmap.org/way/941403090", "josm_url": "http://127.0.0.1:8111/load_object?new_layer=false&objects=w941403090", "id_url": "https://www.openstreetmap.org/edit?editor=id&way=941403090#map=20/59.939479/10.7548955"}}, {"type": "Feature", "geometry": {"type": "Point", "coordinates": [10.7551378, 59.939541]}, "properties": {"id": 941403091, "feat_type": "way", "quality_categories": "older_than_five_years", "issue_ids": "[49]", "osm_url": "https://www.openstreetmap.org/way/941403091", "josm_url": "http://127.0.0.1:8111/load_object?new_layer=false&objects=w941403091", "id_url": "https://www.openstreetmap.org/edit?editor=id&way=941403091#map=20/59.939541/10.7551378"}}, {"type": "Feature", "geometry": {"type": "Point", "coordinates": [10.7550243, 59.9394653]}, "properties": {"id": 941403092, "feat_type": "way", "quality_categories": "older_than_five_years", "issue_ids": "[49]", "osm_url": "https://www.openstreetmap.org/way/941403092", "josm_url": "http://127.0.0.1:8111/load_object?new_layer=false&objects=w941403092", "id_url": "https://www.openstreetmap.org/edit?editor=id&way=941403092#map=20/59.9394653/10.7550243"}}, {"type": "Feature", "geometry": {"type": "Point", "coordinates": [10.7544265, 59.9398145]}, "properties": {"id": 941403093, "feat_type": "way", "quality_categories": "older_than_five_years", "issue_ids": "[49]", "osm_url": "https://www.openstreetmap.org/way/941403093", "josm_url": "http://127.0.0.1:8111/load_object?new_layer=false&objects=w941403093", "id_url": "https://www.openstreetmap.org/edit?editor=id&way=941403093#map=20/59.9398145/10.7544265"}}, {"type": "Feature", "geometry": {"type": "Point", "coordinates": [10.7549717, 59.9395028]}, "properties": {"id": 941403094, "feat_type": "way", "quality_categories": "older_than_five_years", "issue_ids": "[49]", "osm_url": "https://www.openstreetmap.org/way/941403094", "josm_url": "http://127.0.0.1:8111/load_object?new_layer=false&objects=w941403094", "id_url": "https://www.openstreetmap.org/edit?editor=id&way=941403094#map=20/59.9395028/10.7549717"}}, {"type": "Feature", "geometry": {"type": "Point", "coordinates": [10.7540585, 59.9399367]}, "properties": {"id": 941403096, "feat_type": "way", "quality_categories": "older_than_five_years", "issue_ids": "[49]", "osm_url": "https://www.openstreetmap.org/way/941403096", "josm_url": "http://127.0.0.1:8111/load_object?new_layer=false&objects=w941403096", "id_url": "https://www.openstreetmap.org/edit?editor=id&way=941403096#map=20/59.9399367/10.7540585"}}, {"type": "Feature", "geometry": {"type": "Point", "coordinates": [10.7538363, 59.9398741]}, "properties": {"id": 941403097, "feat_type": "way", "quality_categories": "older_than_five_years", "issue_ids": "[49]", "osm_url": "https://www.openstreetmap.org/way/941403097", "josm_url": "http://127.0.0.1:8111/load_object?new_layer=false&objects=w941403097", "id_url": "https://www.openstreetmap.org/edit?editor=id&way=941403097#map=20/59.9398741/10.7538363"}}, {"type": "Feature", "geometry": {"type": "Point", "coordinates": [10.7575432, 59.9417131]}, "properties": {"id": 941403111, "feat_type": "way", "quality_categories": "older_than_five_years", "issue_ids": "[49]", "osm_url": "https://www.openstreetmap.org/way/941403111", "josm_url": "http://127.0.0.1:8111/load_object?new_layer=false&objects=w941403111", "id_url": "https://www.openstreetmap.org/edit?editor=id&way=941403111#map=20/59.9417131/10.7575432"}}, {"type": "Feature", "geometry": {"type": "Point", "coordinates": [10.7574906, 59.942204]}, "properties": {"id": 941403112, "feat_type": "way", "quality_categories": "older_than_five_years", "issue_ids": "[49]", "osm_url": "https://www.openstreetmap.org/way/941403112", "josm_url": "http://127.0.0.1:8111/load_object?new_layer=false&objects=w941403112", "id_url": "https://www.openstreetmap.org/edit?editor=id&way=941403112#map=20/59.942204/10.7574906"}}, {"type": "Feature", "geometry": {"type": "Point", "coordinates": [10.7588837, 59.9470174]}, "properties": {"id": 941405067, "feat_type": "way", "quality_categories": "older_than_five_years", "issue_ids": "[49]", "osm_url": "https://www.openstreetmap.org/way/941405067", "josm_url": "http://127.0.0.1:8111/load_object?new_layer=false&objects=w941405067", "id_url": "https://www.openstreetmap.org/edit?editor=id&way=941405067#map=20/59.9470174/10.7588837"}}, {"type": "Feature", "geometry": {"type": "Point", "coordinates": [10.7755815, 59.9409034]}, "properties": {"id": 941411001, "feat_type": "way", "quality_categories": "older_than_five_years", "issue_ids": "[49]", "osm_url": "https://www.openstreetmap.org/way/941411001", "josm_url": "http://127.0.0.1:8111/load_object?new_layer=false&objects=w941411001", "id_url": "https://www.openstreetmap.org/edit?editor=id&way=941411001#map=20/59.9409034/10.7755815"}}, {"type": "Feature", "geometry": {"type": "Point", "coordinates": [10.7764834, 59.9410116]}, "properties": {"id": 941411006, "feat_type": "way", "quality_categories": "older_than_five_years", "issue_ids": "[49]", "osm_url": "https://www.openstreetmap.org/way/941411006", "josm_url": "http://127.0.0.1:8111/load_object?new_layer=false&objects=w941411006", "id_url": "https://www.openstreetmap.org/edit?editor=id&way=941411006#map=20/59.9410116/10.7764834"}}, {"type": "Feature", "geometry": {"type": "Point", "coordinates": [10.7747377, 59.9405733]}, "properties": {"id": 941411008, "feat_type": "way", "quality_categories": "older_than_five_years", "issue_ids": "[49]", "osm_url": "https://www.openstreetmap.org/way/941411008", "josm_url": "http://127.0.0.1:8111/load_object?new_layer=false&objects=w941411008", "id_url": "https://www.openstreetmap.org/edit?editor=id&way=941411008#map=20/59.9405733/10.7747377"}}, {"type": "Feature", "geometry": {"type": "Point", "coordinates": [10.7759462, 59.9421061]}, "properties": {"id": 941423009, "feat_type": "way", "quality_categories": "older_than_five_years", "issue_ids": "[49]", "osm_url": "https://www.openstreetmap.org/way/941423009", "josm_url": "http://127.0.0.1:8111/load_object?new_layer=false&objects=w941423009", "id_url": "https://www.openstreetmap.org/edit?editor=id&way=941423009#map=20/59.9421061/10.7759462"}}, {"type": "Feature", "geometry": {"type": "Point", "coordinates": [10.7772102, 59.9419942]}, "properties": {"id": 941423012, "feat_type": "way", "quality_categories": "older_than_five_years", "issue_ids": "[49]", "osm_url": "https://www.openstreetmap.org/way/941423012", "josm_url": "http://127.0.0.1:8111/load_object?new_layer=false&objects=w941423012", "id_url": "https://www.openstreetmap.org/edit?editor=id&way=941423012#map=20/59.9419942/10.7772102"}}, {"type": "Feature", "geometry": {"type": "Point", "coordinates": [10.7736564, 59.9409247]}, "properties": {"id": 941423015, "feat_type": "way", "quality_categories": "older_than_five_years", "issue_ids": "[49]", "osm_url": "https://www.openstreetmap.org/way/941423015", "josm_url": "http://127.0.0.1:8111/load_object?new_layer=false&objects=w941423015", "id_url": "https://www.openstreetmap.org/edit?editor=id&way=941423015#map=20/59.9409247/10.7736564"}}, {"type": "Feature", "geometry": {"type": "Point", "coordinates": [10.7750851, 59.9416944]}, "properties": {"id": 941423022, "feat_type": "way", "quality_categories": "older_than_five_years", "issue_ids": "[49]", "osm_url": "https://www.openstreetmap.org/way/941423022", "josm_url": "http://127.0.0.1:8111/load_object?new_layer=false&objects=w941423022", "id_url": "https://www.openstreetmap.org/edit?editor=id&way=941423022#map=20/59.9416944/10.7750851"}}, {"type": "Feature", "geometry": {"type": "Point", "coordinates": [10.7750739, 59.9302161]}, "properties": {"id": 941423042, "feat_type": "way", "quality_categories": "older_than_five_years", "issue_ids": "[49]", "osm_url": "https://www.openstreetmap.org/way/941423042", "josm_url": "http://127.0.0.1:8111/load_object?new_layer=false&objects=w941423042", "id_url": "https://www.openstreetmap.org/edit?editor=id&way=941423042#map=20/59.9302161/10.7750739"}}, {"type": "Feature", "geometry": {"type": "Point", "coordinates": [10.7735051, 59.9310057]}, "properties": {"id": 941423051, "feat_type": "way", "quality_categories": "older_than_five_years", "issue_ids": "[49]", "osm_url": "https://www.openstreetmap.org/way/941423051", "josm_url": "http://127.0.0.1:8111/load_object?new_layer=false&objects=w941423051", "id_url": "https://www.openstreetmap.org/edit?editor=id&way=941423051#map=20/59.9310057/10.7735051"}}, {"type": "Feature", "geometry": {"type": "Point", "coordinates": [10.7688653, 59.9271105]}, "properties": {"id": 941435787, "feat_type": "way", "quality_categories": "older_than_five_years", "issue_ids": "[49]", "osm_url": "https://www.openstreetmap.org/way/941435787", "josm_url": "http://127.0.0.1:8111/load_object?new_layer=false&objects=w941435787", "id_url": "https://www.openstreetmap.org/edit?editor=id&way=941435787#map=20/59.9271105/10.7688653"}}, {"type": "Feature", "geometry": {"type": "Point", "coordinates": [10.7679843, 59.9273968]}, "properties": {"id": 941435788, "feat_type": "way", "quality_categories": "older_than_five_years", "issue_ids": "[49]", "osm_url": "https://www.openstreetmap.org/way/941435788", "josm_url": "http://127.0.0.1:8111/load_object?new_layer=false&objects=w941435788", "id_url": "https://www.openstreetmap.org/edit?editor=id&way=941435788#map=20/59.9273968/10.7679843"}}, {"type": "Feature", "geometry": {"type": "Point", "coordinates": [10.7713214, 59.9258545]}, "properties": {"id": 941435800, "feat_type": "way", "quality_categories": "older_than_five_years", "issue_ids": "[49]", "osm_url": "https://www.openstreetmap.org/way/941435800", "josm_url": "http://127.0.0.1:8111/load_object?new_layer=false&objects=w941435800", "id_url": "https://www.openstreetmap.org/edit?editor=id&way=941435800#map=20/59.9258545/10.7713214"}}, {"type": "Feature", "geometry": {"type": "Point", "coordinates": [10.7696161, 59.926372]}, "properties": {"id": 941435802, "feat_type": "way", "quality_categories": "older_than_five_years", "issue_ids": "[49]", "osm_url": "https://www.openstreetmap.org/way/941435802", "josm_url": "http://127.0.0.1:8111/load_object?new_layer=false&objects=w941435802", "id_url": "https://www.openstreetmap.org/edit?editor=id&way=941435802#map=20/59.926372/10.7696161"}}, {"type": "Feature", "geometry": {"type": "Point", "coordinates": [10.7690199, 59.9261759]}, "properties": {"id": 941435809, "feat_type": "way", "quality_categories": "older_than_five_years", "issue_ids": "[49]", "osm_url": "https://www.openstreetmap.org/way/941435809", "josm_url": "http://127.0.0.1:8111/load_object?new_layer=false&objects=w941435809", "id_url": "https://www.openstreetmap.org/edit?editor=id&way=941435809#map=20/59.9261759/10.7690199"}}, {"type": "Feature", "geometry": {"type": "Point", "coordinates": [10.7666522, 59.9238886]}, "properties": {"id": 941435812, "feat_type": "way", "quality_categories": "older_than_five_years", "issue_ids": "[49]", "osm_url": "https://www.openstreetmap.org/way/941435812", "josm_url": "http://127.0.0.1:8111/load_object?new_layer=false&objects=w941435812", "id_url": "https://www.openstreetmap.org/edit?editor=id&way=941435812#map=20/59.9238886/10.7666522"}}, {"type": "Feature", "geometry": {"type": "Point", "coordinates": [10.767445, 59.9241897]}, "properties": {"id": 941435818, "feat_type": "way", "quality_categories": "older_than_five_years", "issue_ids": "[49]", "osm_url": "https://www.openstreetmap.org/way/941435818", "josm_url": "http://127.0.0.1:8111/load_object?new_layer=false&objects=w941435818", "id_url": "https://www.openstreetmap.org/edit?editor=id&way=941435818#map=20/59.9241897/10.767445"}}, {"type": "Feature", "geometry": {"type": "Point", "coordinates": [10.7691849, 59.9243146]}, "properties": {"id": 941435823, "feat_type": "way", "quality_categories": "older_than_five_years", "issue_ids": "[49]", "osm_url": "https://www.openstreetmap.org/way/941435823", "josm_url": "http://127.0.0.1:8111/load_object?new_layer=false&objects=w941435823", "id_url": "https://www.openstreetmap.org/edit?editor=id&way=941435823#map=20/59.9243146/10.7691849"}}, {"type": "Feature", "geometry": {"type": "Point", "coordinates": [10.7723166, 59.9256073]}, "properties": {"id": 941435825, "feat_type": "way", "quality_categories": "older_than_five_years", "issue_ids": "[49]", "osm_url": "https://www.openstreetmap.org/way/941435825", "josm_url": "http://127.0.0.1:8111/load_object?new_layer=false&objects=w941435825", "id_url": "https://www.openstreetmap.org/edit?editor=id&way=941435825#map=20/59.9256073/10.7723166"}}, {"type": "Feature", "geometry": {"type": "Point", "coordinates": [10.7678611, 59.9239555]}, "properties": {"id": 941435832, "feat_type": "way", "quality_categories": "older_than_five_years", "issue_ids": "[49]", "osm_url": "https://www.openstreetmap.org/way/941435832", "josm_url": "http://127.0.0.1:8111/load_object?new_layer=false&objects=w941435832", "id_url": "https://www.openstreetmap.org/edit?editor=id&way=941435832#map=20/59.9239555/10.7678611"}}, {"type": "Feature", "geometry": {"type": "Point", "coordinates": [10.7677064, 59.9231307]}, "properties": {"id": 941441949, "feat_type": "way", "quality_categories": "older_than_five_years", "issue_ids": "[49]", "osm_url": "https://www.openstreetmap.org/way/941441949", "josm_url": "http://127.0.0.1:8111/load_object?new_layer=false&objects=w941441949", "id_url": "https://www.openstreetmap.org/edit?editor=id&way=941441949#map=20/59.9231307/10.7677064"}}, {"type": "Feature", "geometry": {"type": "Point", "coordinates": [10.7628598, 59.9261632]}, "properties": {"id": 941441952, "feat_type": "way", "quality_categories": "older_than_five_years", "issue_ids": "[49]", "osm_url": "https://www.openstreetmap.org/way/941441952", "josm_url": "http://127.0.0.1:8111/load_object?new_layer=false&objects=w941441952", "id_url": "https://www.openstreetmap.org/edit?editor=id&way=941441952#map=20/59.9261632/10.7628598"}}, {"type": "Feature", "geometry": {"type": "Point", "coordinates": [10.7649276, 59.9298788]}, "properties": {"id": 941441962, "feat_type": "way", "quality_categories": "older_than_five_years", "issue_ids": "[49]", "osm_url": "https://www.openstreetmap.org/way/941441962", "josm_url": "http://127.0.0.1:8111/load_object?new_layer=false&objects=w941441962", "id_url": "https://www.openstreetmap.org/edit?editor=id&way=941441962#map=20/59.9298788/10.7649276"}}, {"type": "Feature", "geometry": {"type": "Point", "coordinates": [10.7685549, 59.9306078]}, "properties": {"id": 941441967, "feat_type": "way", "quality_categories": "older_than_five_years", "issue_ids": "[49]", "osm_url": "https://www.openstreetmap.org/way/941441967", "josm_url": "http://127.0.0.1:8111/load_object?new_layer=false&objects=w941441967", "id_url": "https://www.openstreetmap.org/edit?editor=id&way=941441967#map=20/59.9306078/10.7685549"}}, {"type": "Feature", "geometry": {"type": "Point", "coordinates": [10.7695868, 59.9315445]}, "properties": {"id": 941441969, "feat_type": "way", "quality_categories": "older_than_five_years", "issue_ids": "[49]", "osm_url": "https://www.openstreetmap.org/way/941441969", "josm_url": "http://127.0.0.1:8111/load_object?new_layer=false&objects=w941441969", "id_url": "https://www.openstreetmap.org/edit?editor=id&way=941441969#map=20/59.9315445/10.7695868"}}, {"type": "Feature", "geometry": {"type": "Point", "coordinates": [10.766887, 59.926683]}, "properties": {"id": 941441981, "feat_type": "way", "quality_categories": "older_than_five_years", "issue_ids": "[49]", "osm_url": "https://www.openstreetmap.org/way/941441981", "josm_url": "http://127.0.0.1:8111/load_object?new_layer=false&objects=w941441981", "id_url": "https://www.openstreetmap.org/edit?editor=id&way=941441981#map=20/59.926683/10.766887"}}, {"type": "Feature", "geometry": {"type": "Point", "coordinates": [10.7650834, 59.9255313]}, "properties": {"id": 941441983, "feat_type": "way", "quality_categories": "older_than_five_years", "issue_ids": "[49]", "osm_url": "https://www.openstreetmap.org/way/941441983", "josm_url": "http://127.0.0.1:8111/load_object?new_layer=false&objects=w941441983", "id_url": "https://www.openstreetmap.org/edit?editor=id&way=941441983#map=20/59.9255313/10.7650834"}}, {"type": "Feature", "geometry": {"type": "Point", "coordinates": [10.7936008, 59.9048638]}, "properties": {"id": 941490962, "feat_type": "way", "quality_categories": "older_than_five_years", "issue_ids": "[49]", "osm_url": "https://www.openstreetmap.org/way/941490962", "josm_url": "http://127.0.0.1:8111/load_object?new_layer=false&objects=w941490962", "id_url": "https://www.openstreetmap.org/edit?editor=id&way=941490962#map=20/59.9048638/10.7936008"}}, {"type": "Feature", "geometry": {"type": "Point", "coordinates": [10.736611, 59.9366026]}, "properties": {"id": 941809267, "feat_type": "way", "quality_categories": "older_than_five_years", "issue_ids": "[84]", "osm_url": "https://www.openstreetmap.org/way/941809267", "josm_url": "http://127.0.0.1:8111/load_object?new_layer=false&objects=w941809267", "id_url": "https://www.openstreetmap.org/edit?editor=id&way=941809267#map=20/59.9366026/10.736611"}}, {"type": "Feature", "geometry": {"type": "Point", "coordinates": [10.7373269, 59.9366657]}, "properties": {"id": 941820543, "feat_type": "way", "quality_categories": "older_than_five_years", "issue_ids": "[492]", "osm_url": "https://www.openstreetmap.org/way/941820543", "josm_url": "http://127.0.0.1:8111/load_object?new_layer=false&objects=w941820543", "id_url": "https://www.openstreetmap.org/edit?editor=id&way=941820543#map=20/59.9366657/10.7373269"}}, {"type": "Feature", "geometry": {"type": "Point", "coordinates": [10.7406178, 59.9125206]}, "properties": {"id": 942112670, "feat_type": "way", "quality_categories": "older_than_five_years", "issue_ids": "[84]", "osm_url": "https://www.openstreetmap.org/way/942112670", "josm_url": "http://127.0.0.1:8111/load_object?new_layer=false&objects=w942112670", "id_url": "https://www.openstreetmap.org/edit?editor=id&way=942112670#map=20/59.9125206/10.7406178"}}, {"type": "Feature", "geometry": {"type": "Point", "coordinates": [10.7182372, 59.9324116]}, "properties": {"id": 945534021, "feat_type": "way", "quality_categories": "older_than_five_years", "issue_ids": "[127]", "osm_url": "https://www.openstreetmap.org/way/945534021", "josm_url": "http://127.0.0.1:8111/load_object?new_layer=false&objects=w945534021", "id_url": "https://www.openstreetmap.org/edit?editor=id&way=945534021#map=20/59.9324116/10.7182372"}}, {"type": "Feature", "geometry": {"type": "Point", "coordinates": [10.7196415, 59.9346262]}, "properties": {"id": 945534025, "feat_type": "way", "quality_categories": "older_than_five_years", "issue_ids": "[127]", "osm_url": "https://www.openstreetmap.org/way/945534025", "josm_url": "http://127.0.0.1:8111/load_object?new_layer=false&objects=w945534025", "id_url": "https://www.openstreetmap.org/edit?editor=id&way=945534025#map=20/59.9346262/10.7196415"}}, {"type": "Feature", "geometry": {"type": "Point", "coordinates": [10.7206659, 59.9351858]}, "properties": {"id": 945534028, "feat_type": "way", "quality_categories": "older_than_five_years", "issue_ids": "[127]", "osm_url": "https://www.openstreetmap.org/way/945534028", "josm_url": "http://127.0.0.1:8111/load_object?new_layer=false&objects=w945534028", "id_url": "https://www.openstreetmap.org/edit?editor=id&way=945534028#map=20/59.9351858/10.7206659"}}, {"type": "Feature", "geometry": {"type": "Point", "coordinates": [10.8191371, 59.9516419]}, "properties": {"id": 947460261, "feat_type": "way", "quality_categories": "older_than_five_years", "issue_ids": "[85]", "osm_url": "https://www.openstreetmap.org/way/947460261", "josm_url": "http://127.0.0.1:8111/load_object?new_layer=false&objects=w947460261", "id_url": "https://www.openstreetmap.org/edit?editor=id&way=947460261#map=20/59.9516419/10.8191371"}}, {"type": "Feature", "geometry": {"type": "Point", "coordinates": [10.7411855, 59.9155899]}, "properties": {"id": 947493827, "feat_type": "way", "quality_categories": "older_than_five_years", "issue_ids": "[46]", "osm_url": "https://www.openstreetmap.org/way/947493827", "josm_url": "http://127.0.0.1:8111/load_object?new_layer=false&objects=w947493827", "id_url": "https://www.openstreetmap.org/edit?editor=id&way=947493827#map=20/59.9155899/10.7411855"}}, {"type": "Feature", "geometry": {"type": "Point", "coordinates": [10.7413193, 59.915606]}, "properties": {"id": 947493829, "feat_type": "way", "quality_categories": "older_than_five_years", "issue_ids": "[46]", "osm_url": "https://www.openstreetmap.org/way/947493829", "josm_url": "http://127.0.0.1:8111/load_object?new_layer=false&objects=w947493829", "id_url": "https://www.openstreetmap.org/edit?editor=id&way=947493829#map=20/59.915606/10.7413193"}}, {"type": "Feature", "geometry": {"type": "Point", "coordinates": [10.8231151, 59.948858]}, "properties": {"id": 947630638, "feat_type": "way", "quality_categories": "older_than_five_years", "issue_ids": "[46]", "osm_url": "https://www.openstreetmap.org/way/947630638", "josm_url": "http://127.0.0.1:8111/load_object?new_layer=false&objects=w947630638", "id_url": "https://www.openstreetmap.org/edit?editor=id&way=947630638#map=20/59.948858/10.8231151"}}, {"type": "Feature", "geometry": {"type": "Point", "coordinates": [10.8234929, 59.9490688]}, "properties": {"id": 947630640, "feat_type": "way", "quality_categories": "older_than_five_years", "issue_ids": "[46]", "osm_url": "https://www.openstreetmap.org/way/947630640", "josm_url": "http://127.0.0.1:8111/load_object?new_layer=false&objects=w947630640", "id_url": "https://www.openstreetmap.org/edit?editor=id&way=947630640#map=20/59.9490688/10.8234929"}}, {"type": "Feature", "geometry": {"type": "Point", "coordinates": [10.7571942, 59.9161656]}, "properties": {"id": 956495841, "feat_type": "way", "quality_categories": "older_than_five_years", "issue_ids": "[493]", "osm_url": "https://www.openstreetmap.org/way/956495841", "josm_url": "http://127.0.0.1:8111/load_object?new_layer=false&objects=w956495841", "id_url": "https://www.openstreetmap.org/edit?editor=id&way=956495841#map=20/59.9161656/10.7571942"}}, {"type": "Feature", "geometry": {"type": "Point", "coordinates": [10.7142654, 59.9204634]}, "properties": {"id": 957684775, "feat_type": "way", "quality_categories": "missing_tags, older_than_five_years", "issue_ids": "[38, 4]", "osm_url": "https://www.openstreetmap.org/way/957684775", "josm_url": "http://127.0.0.1:8111/load_object?new_layer=false&objects=w957684775", "id_url": "https://www.openstreetmap.org/edit?editor=id&way=957684775#map=20/59.9204634/10.7142654"}}, {"type": "Feature", "geometry": {"type": "Point", "coordinates": [10.8758336, 59.9622136]}, "properties": {"id": 969282539, "feat_type": "way", "quality_categories": "older_than_five_years", "issue_ids": "[494]", "osm_url": "https://www.openstreetmap.org/way/969282539", "josm_url": "http://127.0.0.1:8111/load_object?new_layer=false&objects=w969282539", "id_url": "https://www.openstreetmap.org/edit?editor=id&way=969282539#map=20/59.9622136/10.8758336"}}, {"type": "Feature", "geometry": {"type": "Point", "coordinates": [10.8740601, 59.9621874]}, "properties": {"id": 969282540, "feat_type": "way", "quality_categories": "older_than_five_years", "issue_ids": "[494]", "osm_url": "https://www.openstreetmap.org/way/969282540", "josm_url": "http://127.0.0.1:8111/load_object?new_layer=false&objects=w969282540", "id_url": "https://www.openstreetmap.org/edit?editor=id&way=969282540#map=20/59.9621874/10.8740601"}}, {"type": "Feature", "geometry": {"type": "Point", "coordinates": [10.8736199, 59.9620977]}, "properties": {"id": 969282543, "feat_type": "way", "quality_categories": "older_than_five_years", "issue_ids": "[494]", "osm_url": "https://www.openstreetmap.org/way/969282543", "josm_url": "http://127.0.0.1:8111/load_object?new_layer=false&objects=w969282543", "id_url": "https://www.openstreetmap.org/edit?editor=id&way=969282543#map=20/59.9620977/10.8736199"}}, {"type": "Feature", "geometry": {"type": "Point", "coordinates": [10.8741615, 59.9621041]}, "properties": {"id": 969282544, "feat_type": "way", "quality_categories": "older_than_five_years", "issue_ids": "[494]", "osm_url": "https://www.openstreetmap.org/way/969282544", "josm_url": "http://127.0.0.1:8111/load_object?new_layer=false&objects=w969282544", "id_url": "https://www.openstreetmap.org/edit?editor=id&way=969282544#map=20/59.9621041/10.8741615"}}, {"type": "Feature", "geometry": {"type": "Point", "coordinates": [10.8775739, 59.962428]}, "properties": {"id": 969282546, "feat_type": "way", "quality_categories": "older_than_five_years", "issue_ids": "[494]", "osm_url": "https://www.openstreetmap.org/way/969282546", "josm_url": "http://127.0.0.1:8111/load_object?new_layer=false&objects=w969282546", "id_url": "https://www.openstreetmap.org/edit?editor=id&way=969282546#map=20/59.962428/10.8775739"}}, {"type": "Feature", "geometry": {"type": "Point", "coordinates": [10.6830302, 59.9365281]}, "properties": {"id": 970500241, "feat_type": "way", "quality_categories": "older_than_five_years", "issue_ids": "[188]", "osm_url": "https://www.openstreetmap.org/way/970500241", "josm_url": "http://127.0.0.1:8111/load_object?new_layer=false&objects=w970500241", "id_url": "https://www.openstreetmap.org/edit?editor=id&way=970500241#map=20/59.9365281/10.6830302"}}, {"type": "Feature", "geometry": {"type": "Point", "coordinates": [10.691423, 59.9320568]}, "properties": {"id": 970500265, "feat_type": "way", "quality_categories": "older_than_five_years", "issue_ids": "[188]", "osm_url": "https://www.openstreetmap.org/way/970500265", "josm_url": "http://127.0.0.1:8111/load_object?new_layer=false&objects=w970500265", "id_url": "https://www.openstreetmap.org/edit?editor=id&way=970500265#map=20/59.9320568/10.691423"}}, {"type": "Feature", "geometry": {"type": "Point", "coordinates": [10.6915406, 59.9318057]}, "properties": {"id": 970500267, "feat_type": "way", "quality_categories": "older_than_five_years", "issue_ids": "[188]", "osm_url": "https://www.openstreetmap.org/way/970500267", "josm_url": "http://127.0.0.1:8111/load_object?new_layer=false&objects=w970500267", "id_url": "https://www.openstreetmap.org/edit?editor=id&way=970500267#map=20/59.9318057/10.6915406"}}, {"type": "Feature", "geometry": {"type": "Point", "coordinates": [10.716279, 59.9375571]}, "properties": {"id": 970500278, "feat_type": "way", "quality_categories": "older_than_five_years", "issue_ids": "[188]", "osm_url": "https://www.openstreetmap.org/way/970500278", "josm_url": "http://127.0.0.1:8111/load_object?new_layer=false&objects=w970500278", "id_url": "https://www.openstreetmap.org/edit?editor=id&way=970500278#map=20/59.9375571/10.716279"}}, {"type": "Feature", "geometry": {"type": "Point", "coordinates": [10.758865, 59.9469168]}, "properties": {"id": 972069083, "feat_type": "way", "quality_categories": "older_than_five_years", "issue_ids": "[493]", "osm_url": "https://www.openstreetmap.org/way/972069083", "josm_url": "http://127.0.0.1:8111/load_object?new_layer=false&objects=w972069083", "id_url": "https://www.openstreetmap.org/edit?editor=id&way=972069083#map=20/59.9469168/10.758865"}}, {"type": "Feature", "geometry": {"type": "Point", "coordinates": [10.7567738, 59.9460394]}, "properties": {"id": 972173738, "feat_type": "way", "quality_categories": "older_than_five_years", "issue_ids": "[493]", "osm_url": "https://www.openstreetmap.org/way/972173738", "josm_url": "http://127.0.0.1:8111/load_object?new_layer=false&objects=w972173738", "id_url": "https://www.openstreetmap.org/edit?editor=id&way=972173738#map=20/59.9460394/10.7567738"}}, {"type": "Feature", "geometry": {"type": "Point", "coordinates": [10.7746992, 59.9079502]}, "properties": {"id": 973224252, "feat_type": "way", "quality_categories": "older_than_five_years", "issue_ids": "[237]", "osm_url": "https://www.openstreetmap.org/way/973224252", "josm_url": "http://127.0.0.1:8111/load_object?new_layer=false&objects=w973224252", "id_url": "https://www.openstreetmap.org/edit?editor=id&way=973224252#map=20/59.9079502/10.7746992"}}, {"type": "Feature", "geometry": {"type": "Point", "coordinates": [10.7488901, 59.9547253]}, "properties": {"id": 973225856, "feat_type": "way", "quality_categories": "older_than_five_years", "issue_ids": "[237]", "osm_url": "https://www.openstreetmap.org/way/973225856", "josm_url": "http://127.0.0.1:8111/load_object?new_layer=false&objects=w973225856", "id_url": "https://www.openstreetmap.org/edit?editor=id&way=973225856#map=20/59.9547253/10.7488901"}}, {"type": "Feature", "geometry": {"type": "Point", "coordinates": [10.7437109, 59.9523754]}, "properties": {"id": 973429038, "feat_type": "way", "quality_categories": "older_than_five_years", "issue_ids": "[190]", "osm_url": "https://www.openstreetmap.org/way/973429038", "josm_url": "http://127.0.0.1:8111/load_object?new_layer=false&objects=w973429038", "id_url": "https://www.openstreetmap.org/edit?editor=id&way=973429038#map=20/59.9523754/10.7437109"}}, {"type": "Feature", "geometry": {"type": "Point", "coordinates": [10.7367568, 59.9528926]}, "properties": {"id": 973429040, "feat_type": "way", "quality_categories": "older_than_five_years", "issue_ids": "[190]", "osm_url": "https://www.openstreetmap.org/way/973429040", "josm_url": "http://127.0.0.1:8111/load_object?new_layer=false&objects=w973429040", "id_url": "https://www.openstreetmap.org/edit?editor=id&way=973429040#map=20/59.9528926/10.7367568"}}, {"type": "Feature", "geometry": {"type": "Point", "coordinates": [10.7472439, 59.9568627]}, "properties": {"id": 973439332, "feat_type": "way", "quality_categories": "older_than_five_years", "issue_ids": "[190]", "osm_url": "https://www.openstreetmap.org/way/973439332", "josm_url": "http://127.0.0.1:8111/load_object?new_layer=false&objects=w973439332", "id_url": "https://www.openstreetmap.org/edit?editor=id&way=973439332#map=20/59.9568627/10.7472439"}}, {"type": "Feature", "geometry": {"type": "Point", "coordinates": [10.7483378, 59.9621296]}, "properties": {"id": 973439339, "feat_type": "way", "quality_categories": "older_than_five_years", "issue_ids": "[190]", "osm_url": "https://www.openstreetmap.org/way/973439339", "josm_url": "http://127.0.0.1:8111/load_object?new_layer=false&objects=w973439339", "id_url": "https://www.openstreetmap.org/edit?editor=id&way=973439339#map=20/59.9621296/10.7483378"}}, {"type": "Feature", "geometry": {"type": "Point", "coordinates": [10.7436934, 59.9628012]}, "properties": {"id": 973439341, "feat_type": "way", "quality_categories": "older_than_five_years", "issue_ids": "[190]", "osm_url": "https://www.openstreetmap.org/way/973439341", "josm_url": "http://127.0.0.1:8111/load_object?new_layer=false&objects=w973439341", "id_url": "https://www.openstreetmap.org/edit?editor=id&way=973439341#map=20/59.9628012/10.7436934"}}, {"type": "Feature", "geometry": {"type": "Point", "coordinates": [10.7432805, 59.9635636]}, "properties": {"id": 973439348, "feat_type": "way", "quality_categories": "older_than_five_years", "issue_ids": "[190]", "osm_url": "https://www.openstreetmap.org/way/973439348", "josm_url": "http://127.0.0.1:8111/load_object?new_layer=false&objects=w973439348", "id_url": "https://www.openstreetmap.org/edit?editor=id&way=973439348#map=20/59.9635636/10.7432805"}}, {"type": "Feature", "geometry": {"type": "Point", "coordinates": [10.738244, 59.963211]}, "properties": {"id": 973439355, "feat_type": "way", "quality_categories": "older_than_five_years", "issue_ids": "[190]", "osm_url": "https://www.openstreetmap.org/way/973439355", "josm_url": "http://127.0.0.1:8111/load_object?new_layer=false&objects=w973439355", "id_url": "https://www.openstreetmap.org/edit?editor=id&way=973439355#map=20/59.963211/10.738244"}}, {"type": "Feature", "geometry": {"type": "Point", "coordinates": [10.7387929, 59.9632733]}, "properties": {"id": 973439361, "feat_type": "way", "quality_categories": "older_than_five_years", "issue_ids": "[190]", "osm_url": "https://www.openstreetmap.org/way/973439361", "josm_url": "http://127.0.0.1:8111/load_object?new_layer=false&objects=w973439361", "id_url": "https://www.openstreetmap.org/edit?editor=id&way=973439361#map=20/59.9632733/10.7387929"}}, {"type": "Feature", "geometry": {"type": "Point", "coordinates": [10.8922275, 59.9642559]}, "properties": {"id": 974847187, "feat_type": "way", "quality_categories": "older_than_five_years", "issue_ids": "[88]", "osm_url": "https://www.openstreetmap.org/way/974847187", "josm_url": "http://127.0.0.1:8111/load_object?new_layer=false&objects=w974847187", "id_url": "https://www.openstreetmap.org/edit?editor=id&way=974847187#map=20/59.9642559/10.8922275"}}, {"type": "Feature", "geometry": {"type": "Point", "coordinates": [10.8904519, 59.9633229]}, "properties": {"id": 975092302, "feat_type": "way", "quality_categories": "older_than_five_years", "issue_ids": "[13]", "osm_url": "https://www.openstreetmap.org/way/975092302", "josm_url": "http://127.0.0.1:8111/load_object?new_layer=false&objects=w975092302", "id_url": "https://www.openstreetmap.org/edit?editor=id&way=975092302#map=20/59.9633229/10.8904519"}}, {"type": "Feature", "geometry": {"type": "Point", "coordinates": [10.8915402, 59.9633201]}, "properties": {"id": 975092304, "feat_type": "way", "quality_categories": "older_than_five_years", "issue_ids": "[13]", "osm_url": "https://www.openstreetmap.org/way/975092304", "josm_url": "http://127.0.0.1:8111/load_object?new_layer=false&objects=w975092304", "id_url": "https://www.openstreetmap.org/edit?editor=id&way=975092304#map=20/59.9633201/10.8915402"}}, {"type": "Feature", "geometry": {"type": "Point", "coordinates": [10.8913186, 59.9633206]}, "properties": {"id": 975092306, "feat_type": "way", "quality_categories": "older_than_five_years", "issue_ids": "[13]", "osm_url": "https://www.openstreetmap.org/way/975092306", "josm_url": "http://127.0.0.1:8111/load_object?new_layer=false&objects=w975092306", "id_url": "https://www.openstreetmap.org/edit?editor=id&way=975092306#map=20/59.9633206/10.8913186"}}, {"type": "Feature", "geometry": {"type": "Point", "coordinates": [10.8909116, 59.9633214]}, "properties": {"id": 975092308, "feat_type": "way", "quality_categories": "older_than_five_years", "issue_ids": "[13]", "osm_url": "https://www.openstreetmap.org/way/975092308", "josm_url": "http://127.0.0.1:8111/load_object?new_layer=false&objects=w975092308", "id_url": "https://www.openstreetmap.org/edit?editor=id&way=975092308#map=20/59.9633214/10.8909116"}}, {"type": "Feature", "geometry": {"type": "Point", "coordinates": [10.8906861, 59.9633218]}, "properties": {"id": 975092311, "feat_type": "way", "quality_categories": "older_than_five_years", "issue_ids": "[13]", "osm_url": "https://www.openstreetmap.org/way/975092311", "josm_url": "http://127.0.0.1:8111/load_object?new_layer=false&objects=w975092311", "id_url": "https://www.openstreetmap.org/edit?editor=id&way=975092311#map=20/59.9633218/10.8906861"}}, {"type": "Feature", "geometry": {"type": "Point", "coordinates": [10.8907037, 59.9634476]}, "properties": {"id": 975092314, "feat_type": "way", "quality_categories": "older_than_five_years", "issue_ids": "[13]", "osm_url": "https://www.openstreetmap.org/way/975092314", "josm_url": "http://127.0.0.1:8111/load_object?new_layer=false&objects=w975092314", "id_url": "https://www.openstreetmap.org/edit?editor=id&way=975092314#map=20/59.9634476/10.8907037"}}, {"type": "Feature", "geometry": {"type": "Point", "coordinates": [10.7362402, 59.9654353]}, "properties": {"id": 975896938, "feat_type": "way", "quality_categories": "older_than_five_years", "issue_ids": "[473]", "osm_url": "https://www.openstreetmap.org/way/975896938", "josm_url": "http://127.0.0.1:8111/load_object?new_layer=false&objects=w975896938", "id_url": "https://www.openstreetmap.org/edit?editor=id&way=975896938#map=20/59.9654353/10.7362402"}}, {"type": "Feature", "geometry": {"type": "Point", "coordinates": [10.7366235, 59.9630679]}, "properties": {"id": 975896941, "feat_type": "way", "quality_categories": "older_than_five_years", "issue_ids": "[473]", "osm_url": "https://www.openstreetmap.org/way/975896941", "josm_url": "http://127.0.0.1:8111/load_object?new_layer=false&objects=w975896941", "id_url": "https://www.openstreetmap.org/edit?editor=id&way=975896941#map=20/59.9630679/10.7366235"}}, {"type": "Feature", "geometry": {"type": "Point", "coordinates": [10.7372495, 59.9625966]}, "properties": {"id": 975896943, "feat_type": "way", "quality_categories": "older_than_five_years", "issue_ids": "[473]", "osm_url": "https://www.openstreetmap.org/way/975896943", "josm_url": "http://127.0.0.1:8111/load_object?new_layer=false&objects=w975896943", "id_url": "https://www.openstreetmap.org/edit?editor=id&way=975896943#map=20/59.9625966/10.7372495"}}, {"type": "Feature", "geometry": {"type": "Point", "coordinates": [10.7372224, 59.9633486]}, "properties": {"id": 975896945, "feat_type": "way", "quality_categories": "older_than_five_years", "issue_ids": "[473]", "osm_url": "https://www.openstreetmap.org/way/975896945", "josm_url": "http://127.0.0.1:8111/load_object?new_layer=false&objects=w975896945", "id_url": "https://www.openstreetmap.org/edit?editor=id&way=975896945#map=20/59.9633486/10.7372224"}}, {"type": "Feature", "geometry": {"type": "Point", "coordinates": [10.7451794, 59.958957]}, "properties": {"id": 975898650, "feat_type": "way", "quality_categories": "older_than_five_years", "issue_ids": "[473]", "osm_url": "https://www.openstreetmap.org/way/975898650", "josm_url": "http://127.0.0.1:8111/load_object?new_layer=false&objects=w975898650", "id_url": "https://www.openstreetmap.org/edit?editor=id&way=975898650#map=20/59.958957/10.7451794"}}, {"type": "Feature", "geometry": {"type": "Point", "coordinates": [10.7670672, 59.9114062]}, "properties": {"id": 977326061, "feat_type": "way", "quality_categories": "older_than_five_years", "issue_ids": "[120]", "osm_url": "https://www.openstreetmap.org/way/977326061", "josm_url": "http://127.0.0.1:8111/load_object?new_layer=false&objects=w977326061", "id_url": "https://www.openstreetmap.org/edit?editor=id&way=977326061#map=20/59.9114062/10.7670672"}}, {"type": "Feature", "geometry": {"type": "Point", "coordinates": [10.7669973, 59.9114972]}, "properties": {"id": 977326062, "feat_type": "way", "quality_categories": "older_than_five_years", "issue_ids": "[120]", "osm_url": "https://www.openstreetmap.org/way/977326062", "josm_url": "http://127.0.0.1:8111/load_object?new_layer=false&objects=w977326062", "id_url": "https://www.openstreetmap.org/edit?editor=id&way=977326062#map=20/59.9114972/10.7669973"}}]}