osm_id,feat_type,key,value,commentary
4272902,way,last_update,16-4-2021,Feature has not been updated in 5 years or more
5089195,way,last_update,6-4-2021,Feature has not been updated in 5 years or more
5235905,way,last_update,10-5-2020,Feature has not been updated in 5 years or more
6005230,way,last_update,30-6-2015,Feature has not been updated in 5 years or more
12528363,way,last_update,29-11-2018,Feature has not been updated in 5 years or more
23761162,way,last_update,10-7-2019,Feature has not been updated in 5 years or more
24469656,way,last_update,28-4-2021,Feature has not been updated in 5 years or more
24483384,way,last_update,24-2-2019,Feature has not been updated in 5 years or more
26566413,way,last_update,16-4-2021,Feature has not been updated in 5 years or more
28150263,way,last_update,30-3-2017,Feature has not been updated in 5 years or more
34022412,way,last_update,28-2-2021,Feature has not been updated in 5 years or more
34078742,way,last_update,28-2-2021,Feature has not been updated in 5 years or more
36972579,way,last_update,10-4-2021,Feature has not been updated in 5 years or more
48805054,way,last_update,1-5-2019,Feature has not been updated in 5 years or more
60349392,way,last_update,20-8-2021,Feature has not been updated in 5 years or more
60349482,way,last_update,29-10-2015,Feature has not been updated in 5 years or more
71537407,way,last_update,12-8-2021,Feature has not been updated in 5 years or more
71769303,way,last_update,29-10-2015,Feature has not been updated in 5 years or more
71769311,way,last_update,29-10-2015,Feature has not been updated in 5 years or more
72146925,way,last_update,10-1-2021,Feature has not been updated in 5 years or more
73076595,way,last_update,12-8-2021,Feature has not been updated in 5 years or more
74060512,way,last_update,29-9-2015,Feature has not been updated in 5 years or more
80180479,way,last_update,29-6-2015,Feature has not been updated in 5 years or more
80867483,way,last_update,9-3-2021,Feature has not been updated in 5 years or more
81164203,way,last_update,10-5-2020,Feature has not been updated in 5 years or more
82628533,way,last_update,4-7-2020,Feature has not been updated in 5 years or more
82628534,way,last_update,4-7-2020,Feature has not been updated in 5 years or more
82628536,way,last_update,4-7-2020,Feature has not been updated in 5 years or more
84360938,way,last_update,28-2-2021,Feature has not been updated in 5 years or more
84360955,way,last_update,10-3-2021,Feature has not been updated in 5 years or more
93672390,way,last_update,19-4-2021,Feature has not been updated in 5 years or more
95527890,way,last_update,8-4-2017,Feature has not been updated in 5 years or more
95527895,way,last_update,8-4-2017,Feature has not been updated in 5 years or more
95527903,way,last_update,8-4-2017,Feature has not been updated in 5 years or more
95527906,way,last_update,8-4-2017,Feature has not been updated in 5 years or more
95527912,way,last_update,8-4-2017,Feature has not been updated in 5 years or more
102296670,way,last_update,9-3-2021,Feature has not been updated in 5 years or more
106194681,way,last_update,16-4-2021,Feature has not been updated in 5 years or more
107919304,way,last_update,3-3-2021,Feature has not been updated in 5 years or more
107958883,way,last_update,9-3-2021,Feature has not been updated in 5 years or more
108037336,way,last_update,24-1-2020,Feature has not been updated in 5 years or more
108037347,way,last_update,5-5-2021,Feature has not been updated in 5 years or more
108037349,way,last_update,24-4-2020,Feature has not been updated in 5 years or more
108037370,way,last_update,6-3-2021,Feature has not been updated in 5 years or more
108165761,way,last_update,18-6-2021,Feature has not been updated in 5 years or more
108165764,way,last_update,9-5-2018,Feature has not been updated in 5 years or more
108165770,way,last_update,5-5-2021,Feature has not been updated in 5 years or more
108165774,way,last_update,9-5-2020,Feature has not been updated in 5 years or more
108165778,way,last_update,18-6-2021,Feature has not been updated in 5 years or more
108165784,way,last_update,23-3-2020,Feature has not been updated in 5 years or more
108209938,way,last_update,23-3-2021,Feature has not been updated in 5 years or more
108257206,way,last_update,10-11-2020,Feature has not been updated in 5 years or more
108257232,way,last_update,10-11-2019,Feature has not been updated in 5 years or more
108324360,way,last_update,8-3-2021,Feature has not been updated in 5 years or more
109816175,way,last_update,23-6-2021,Feature has not been updated in 5 years or more
109816177,way,last_update,17-4-2021,Feature has not been updated in 5 years or more
109816189,way,last_update,17-4-2021,Feature has not been updated in 5 years or more
109816199,way,last_update,10-7-2021,Feature has not been updated in 5 years or more
109816211,way,last_update,29-4-2021,Feature has not been updated in 5 years or more
109816223,way,last_update,24-5-2020,Feature has not been updated in 5 years or more
109827058,way,last_update,21-1-2018,Feature has not been updated in 5 years or more
109827090,way,last_update,6-6-2015,Feature has not been updated in 5 years or more
109827106,way,last_update,29-9-2015,Feature has not been updated in 5 years or more
109827126,way,last_update,29-9-2015,Feature has not been updated in 5 years or more
109827131,way,last_update,11-7-2015,Feature has not been updated in 5 years or more
109827132,way,last_update,12-8-2021,Feature has not been updated in 5 years or more
109827158,way,last_update,6-4-2021,Feature has not been updated in 5 years or more
109827162,way,last_update,12-8-2021,Feature has not been updated in 5 years or more
109938987,way,last_update,27-5-2021,Feature has not been updated in 5 years or more
111556685,way,last_update,17-11-2020,Feature has not been updated in 5 years or more
111556688,way,last_update,17-8-2019,Feature has not been updated in 5 years or more
113695200,way,last_update,10-5-2021,Feature has not been updated in 5 years or more
113696716,way,last_update,10-5-2021,Feature has not been updated in 5 years or more
116417357,way,last_update,18-12-2014,Feature has not been updated in 5 years or more
118083274,way,last_update,8-4-2017,Feature has not been updated in 5 years or more
118115559,way,last_update,25-4-2020,Feature has not been updated in 5 years or more
118142429,way,last_update,21-11-2015,Feature has not been updated in 5 years or more
118184326,way,last_update,16-4-2021,Feature has not been updated in 5 years or more
118250412,way,last_update,29-6-2015,Feature has not been updated in 5 years or more
118250426,way,last_update,18-6-2011,Feature has not been updated in 5 years or more
118251658,way,last_update,27-10-2020,Feature has not been updated in 5 years or more
118251666,way,last_update,29-6-2015,Feature has not been updated in 5 years or more
118255152,way,last_update,27-5-2021,Feature has not been updated in 5 years or more
118255155,way,last_update,9-4-2014,Feature has not been updated in 5 years or more
118255156,way,last_update,15-12-2012,Feature has not been updated in 5 years or more
118255168,way,last_update,5-2-2017,Feature has not been updated in 5 years or more
118255171,way,last_update,30-1-2018,Feature has not been updated in 5 years or more
118255175,way,last_update,5-2-2017,Feature has not been updated in 5 years or more
118255182,way,last_update,13-8-2019,Feature has not been updated in 5 years or more
118288506,way,last_update,10-11-2020,Feature has not been updated in 5 years or more
118346896,way,last_update,30-8-2021,Feature has not been updated in 5 years or more
118346904,way,last_update,18-10-2020,Feature has not been updated in 5 years or more
118346907,way,last_update,12-8-2021,Feature has not been updated in 5 years or more
118352930,way,last_update,25-10-2015,Feature has not been updated in 5 years or more
118881263,way,last_update,21-10-2011,Feature has not been updated in 5 years or more
118881289,way,last_update,24-6-2011,Feature has not been updated in 5 years or more
119065903,way,last_update,10-1-2021,Feature has not been updated in 5 years or more
119074812,way,last_update,27-10-2020,Feature has not been updated in 5 years or more
119074818,way,last_update,16-5-2015,Feature has not been updated in 5 years or more
119138777,way,last_update,23-5-2020,Feature has not been updated in 5 years or more
119144787,way,last_update,14-10-2015,Feature has not been updated in 5 years or more
119144793,way,last_update,22-5-2021,Feature has not been updated in 5 years or more
119315511,way,last_update,19-4-2021,Feature has not been updated in 5 years or more
119315513,way,last_update,19-4-2021,Feature has not been updated in 5 years or more
119385189,way,last_update,29-10-2015,Feature has not been updated in 5 years or more
119385190,way,last_update,20-12-2014,Feature has not been updated in 5 years or more
119385195,way,last_update,5-2-2017,Feature has not been updated in 5 years or more
119968822,way,last_update,8-5-2021,Feature has not been updated in 5 years or more
119968833,way,last_update,5-5-2021,Feature has not been updated in 5 years or more
119968835,way,last_update,2-3-2021,Feature has not been updated in 5 years or more
119968838,way,last_update,5-5-2021,Feature has not been updated in 5 years or more
119968844,way,last_update,4-3-2021,Feature has not been updated in 5 years or more
119968845,way,last_update,9-3-2021,Feature has not been updated in 5 years or more
119968847,way,last_update,9-3-2021,Feature has not been updated in 5 years or more
120059975,way,last_update,25-3-2021,Feature has not been updated in 5 years or more
120082984,way,last_update,8-5-2021,Feature has not been updated in 5 years or more
120082999,way,last_update,3-3-2021,Feature has not been updated in 5 years or more
120083003,way,last_update,3-3-2021,Feature has not been updated in 5 years or more
120083041,way,last_update,8-5-2021,Feature has not been updated in 5 years or more
120101964,way,last_update,26-9-2015,Feature has not been updated in 5 years or more
120101983,way,last_update,26-9-2015,Feature has not been updated in 5 years or more
120101986,way,last_update,18-4-2021,Feature has not been updated in 5 years or more
120105895,way,last_update,1-3-2019,Feature has not been updated in 5 years or more
120233910,way,last_update,9-5-2018,Feature has not been updated in 5 years or more
120233915,way,last_update,21-12-2016,Feature has not been updated in 5 years or more
120233927,way,last_update,7-5-2018,Feature has not been updated in 5 years or more
120248266,way,last_update,3-7-2011,Feature has not been updated in 5 years or more
120248434,way,last_update,25-9-2020,Feature has not been updated in 5 years or more
120320824,way,last_update,15-6-2019,Feature has not been updated in 5 years or more
120320833,way,last_update,26-3-2018,Feature has not been updated in 5 years or more
120427060,way,last_update,27-10-2020,Feature has not been updated in 5 years or more
120427066,way,last_update,27-10-2020,Feature has not been updated in 5 years or more
121717364,way,last_update,14-7-2011,Feature has not been updated in 5 years or more
121717372,way,last_update,14-7-2011,Feature has not been updated in 5 years or more
122159378,way,last_update,25-3-2021,Feature has not been updated in 5 years or more
122159380,way,last_update,5-3-2017,Feature has not been updated in 5 years or more
122159382,way,last_update,5-3-2017,Feature has not been updated in 5 years or more
122589078,way,last_update,12-5-2021,Feature has not been updated in 5 years or more
123099743,way,last_update,26-5-2021,Feature has not been updated in 5 years or more
123110545,way,last_update,21-2-2021,Feature has not been updated in 5 years or more
123110546,way,last_update,21-2-2021,Feature has not been updated in 5 years or more
123110552,way,last_update,21-2-2021,Feature has not been updated in 5 years or more
123110558,way,last_update,15-9-2018,Feature has not been updated in 5 years or more
123110573,way,last_update,21-2-2021,Feature has not been updated in 5 years or more
123209116,way,last_update,27-5-2021,Feature has not been updated in 5 years or more
123221754,way,last_update,19-8-2021,Feature has not been updated in 5 years or more
123383717,way,last_update,26-3-2018,Feature has not been updated in 5 years or more
123383744,way,last_update,26-3-2018,Feature has not been updated in 5 years or more
123383752,way,last_update,26-3-2018,Feature has not been updated in 5 years or more
123383758,way,last_update,12-6-2019,Feature has not been updated in 5 years or more
123383772,way,last_update,26-3-2018,Feature has not been updated in 5 years or more
123383776,way,last_update,26-3-2018,Feature has not been updated in 5 years or more
124064665,way,last_update,8-3-2021,Feature has not been updated in 5 years or more
124064668,way,last_update,8-3-2021,Feature has not been updated in 5 years or more
124064675,way,last_update,21-6-2020,Feature has not been updated in 5 years or more
124064678,way,last_update,8-3-2021,Feature has not been updated in 5 years or more
124456417,way,last_update,30-5-2020,Feature has not been updated in 5 years or more
124456488,way,last_update,24-5-2020,Feature has not been updated in 5 years or more
124456502,way,last_update,30-5-2020,Feature has not been updated in 5 years or more
124612631,way,last_update,11-1-2020,Feature has not been updated in 5 years or more
124612635,way,last_update,6-5-2021,Feature has not been updated in 5 years or more
124612663,way,last_update,13-2-2021,Feature has not been updated in 5 years or more
124634139,way,last_update,6-5-2021,Feature has not been updated in 5 years or more
124634149,way,last_update,19-1-2020,Feature has not been updated in 5 years or more
124659906,way,last_update,20-2-2021,Feature has not been updated in 5 years or more
124659943,way,last_update,6-3-2021,Feature has not been updated in 5 years or more
124659959,way,last_update,8-3-2021,Feature has not been updated in 5 years or more
124659969,way,last_update,8-3-2021,Feature has not been updated in 5 years or more
124659972,way,last_update,6-3-2021,Feature has not been updated in 5 years or more
124659975,way,last_update,6-3-2021,Feature has not been updated in 5 years or more
124659976,way,last_update,20-2-2021,Feature has not been updated in 5 years or more
124659977,way,last_update,8-3-2021,Feature has not been updated in 5 years or more
124659978,way,last_update,8-3-2021,Feature has not been updated in 5 years or more
124659983,way,last_update,8-3-2021,Feature has not been updated in 5 years or more
124659987,way,last_update,10-5-2021,Feature has not been updated in 5 years or more
124659988,way,last_update,6-3-2021,Feature has not been updated in 5 years or more
124659990,way,last_update,8-3-2021,Feature has not been updated in 5 years or more
124659994,way,last_update,8-3-2021,Feature has not been updated in 5 years or more
124798345,way,last_update,29-4-2020,Feature has not been updated in 5 years or more
124798346,way,last_update,10-5-2021,Feature has not been updated in 5 years or more
124798383,way,last_update,7-9-2020,Feature has not been updated in 5 years or more
124798392,way,last_update,12-4-2020,Feature has not been updated in 5 years or more
124804402,way,last_update,26-1-2021,Feature has not been updated in 5 years or more
124804412,way,last_update,6-5-2021,Feature has not been updated in 5 years or more
124901449,way,last_update,25-5-2017,Feature has not been updated in 5 years or more
125480365,way,last_update,11-3-2021,Feature has not been updated in 5 years or more
128909006,way,last_update,9-3-2021,Feature has not been updated in 5 years or more
129061349,way,last_update,14-7-2021,Feature has not been updated in 5 years or more
129061351,way,last_update,14-7-2021,Feature has not been updated in 5 years or more
129061356,way,last_update,28-2-2021,Feature has not been updated in 5 years or more
129061361,way,last_update,10-5-2021,Feature has not been updated in 5 years or more
129061398,way,last_update,5-3-2021,Feature has not been updated in 5 years or more
129061415,way,last_update,2-3-2021,Feature has not been updated in 5 years or more
129061438,way,last_update,12-7-2021,Feature has not been updated in 5 years or more
129061440,way,last_update,21-3-2021,Feature has not been updated in 5 years or more
129061442,way,last_update,15-1-2020,Feature has not been updated in 5 years or more
129715848,way,last_update,27-10-2020,Feature has not been updated in 5 years or more
129999090,way,last_update,6-6-2015,Feature has not been updated in 5 years or more
130575116,way,last_update,21-1-2018,Feature has not been updated in 5 years or more
130575139,way,last_update,14-11-2020,Feature has not been updated in 5 years or more
130575405,way,last_update,21-1-2018,Feature has not been updated in 5 years or more
130575406,way,last_update,6-7-2021,Feature has not been updated in 5 years or more
130861631,way,last_update,24-7-2020,Feature has not been updated in 5 years or more
130909350,way,last_update,29-6-2015,Feature has not been updated in 5 years or more
131303471,way,last_update,6-3-2021,Feature has not been updated in 5 years or more
131550434,way,last_update,18-3-2015,Feature has not been updated in 5 years or more
133355773,way,last_update,1-3-2021,Feature has not been updated in 5 years or more
133800846,way,last_update,7-9-2020,Feature has not been updated in 5 years or more
133800877,way,last_update,8-3-2021,Feature has not been updated in 5 years or more
133800881,way,last_update,7-9-2020,Feature has not been updated in 5 years or more
133800894,way,last_update,3-6-2020,Feature has not been updated in 5 years or more
133800898,way,last_update,3-6-2020,Feature has not been updated in 5 years or more
133800902,way,last_update,31-10-2015,Feature has not been updated in 5 years or more
133895153,way,last_update,1-5-2018,Feature has not been updated in 5 years or more
133895155,way,last_update,21-12-2016,Feature has not been updated in 5 years or more
133895156,way,last_update,16-6-2020,Feature has not been updated in 5 years or more
133915220,way,last_update,26-5-2021,Feature has not been updated in 5 years or more
135175577,way,last_update,4-6-2021,Feature has not been updated in 5 years or more
135175589,way,last_update,16-3-2021,Feature has not been updated in 5 years or more
135234965,way,last_update,6-3-2021,Feature has not been updated in 5 years or more
135234971,way,last_update,14-3-2021,Feature has not been updated in 5 years or more
135234974,way,last_update,14-3-2021,Feature has not been updated in 5 years or more
135235026,way,last_update,14-3-2021,Feature has not been updated in 5 years or more
135235027,way,last_update,28-8-2021,Feature has not been updated in 5 years or more
135235030,way,last_update,2-1-2021,Feature has not been updated in 5 years or more
135235032,way,last_update,18-10-2020,Feature has not been updated in 5 years or more
135235033,way,last_update,4-4-2021,Feature has not been updated in 5 years or more
135235035,way,last_update,5-8-2019,Feature has not been updated in 5 years or more
135235036,way,last_update,6-8-2019,Feature has not been updated in 5 years or more
135311825,way,last_update,6-3-2021,Feature has not been updated in 5 years or more
135311832,way,last_update,6-3-2021,Feature has not been updated in 5 years or more
135344060,way,last_update,28-2-2021,Feature has not been updated in 5 years or more
135344094,way,last_update,2-3-2021,Feature has not been updated in 5 years or more
135349774,way,last_update,29-4-2021,Feature has not been updated in 5 years or more
135349777,way,last_update,7-5-2021,Feature has not been updated in 5 years or more
135349780,way,last_update,8-3-2021,Feature has not been updated in 5 years or more
135349817,way,last_update,8-3-2021,Feature has not been updated in 5 years or more
135475004,way,last_update,8-3-2021,Feature has not been updated in 5 years or more
135475015,way,last_update,2-3-2021,Feature has not been updated in 5 years or more
135475031,way,last_update,10-5-2021,Feature has not been updated in 5 years or more
135475037,way,last_update,23-4-2021,Feature has not been updated in 5 years or more
135593872,way,last_update,9-3-2021,Feature has not been updated in 5 years or more
135593885,way,last_update,8-5-2021,Feature has not been updated in 5 years or more
135593891,way,last_update,2-3-2021,Feature has not been updated in 5 years or more
135593895,way,last_update,21-5-2021,Feature has not been updated in 5 years or more
135593898,way,last_update,9-3-2021,Feature has not been updated in 5 years or more
136164254,way,last_update,10-5-2021,Feature has not been updated in 5 years or more
136340949,way,last_update,8-3-2021,Feature has not been updated in 5 years or more
136483616,way,last_update,1-9-2018,Feature has not been updated in 5 years or more
136540511,way,last_update,23-3-2021,Feature has not been updated in 5 years or more
136540522,way,last_update,23-3-2021,Feature has not been updated in 5 years or more
136540545,way,last_update,23-3-2021,Feature has not been updated in 5 years or more
137465274,way,last_update,18-11-2011,Feature has not been updated in 5 years or more
137465279,way,last_update,29-6-2015,Feature has not been updated in 5 years or more
137465281,way,last_update,29-6-2015,Feature has not been updated in 5 years or more
137465294,way,last_update,6-7-2021,Feature has not been updated in 5 years or more
137885776,way,last_update,16-4-2021,Feature has not been updated in 5 years or more
138551020,way,last_update,21-12-2016,Feature has not been updated in 5 years or more
146385229,way,last_update,9-3-2021,Feature has not been updated in 5 years or more
149581173,way,last_update,31-1-2021,Feature has not been updated in 5 years or more
150808856,way,last_update,5-4-2021,Feature has not been updated in 5 years or more
153883951,way,last_update,27-5-2021,Feature has not been updated in 5 years or more
154201606,way,last_update,28-6-2015,Feature has not been updated in 5 years or more
155228113,way,last_update,2-2-2021,Feature has not been updated in 5 years or more
161366532,way,last_update,30-3-2017,Feature has not been updated in 5 years or more
161366538,way,last_update,30-3-2017,Feature has not been updated in 5 years or more
161796655,way,last_update,19-7-2021,Feature has not been updated in 5 years or more
163719187,way,last_update,15-5-2012,Feature has not been updated in 5 years or more
164250245,way,last_update,29-10-2015,Feature has not been updated in 5 years or more
165118386,way,last_update,19-4-2021,Feature has not been updated in 5 years or more
165340919,way,last_update,14-5-2020,Feature has not been updated in 5 years or more
167262731,way,last_update,10-7-2019,Feature has not been updated in 5 years or more
167637551,way,last_update,20-3-2016,Feature has not been updated in 5 years or more
167637613,way,last_update,9-7-2019,Feature has not been updated in 5 years or more
167637704,way,last_update,9-6-2019,Feature has not been updated in 5 years or more
167637883,way,last_update,9-6-2019,Feature has not been updated in 5 years or more
170773892,way,last_update,24-6-2015,Feature has not been updated in 5 years or more
178026537,way,last_update,26-8-2012,Feature has not been updated in 5 years or more
178026545,way,last_update,30-6-2015,Feature has not been updated in 5 years or more
178026548,way,last_update,30-6-2015,Feature has not been updated in 5 years or more
178078923,way,last_update,27-10-2015,Feature has not been updated in 5 years or more
178078934,way,last_update,26-8-2012,Feature has not been updated in 5 years or more
178078938,way,last_update,27-10-2015,Feature has not been updated in 5 years or more
178568765,way,last_update,28-6-2015,Feature has not been updated in 5 years or more
178568768,way,last_update,28-10-2020,Feature has not been updated in 5 years or more
178739032,way,last_update,31-8-2012,Feature has not been updated in 5 years or more
178739034,way,last_update,30-1-2018,Feature has not been updated in 5 years or more
178739035,way,last_update,31-8-2012,Feature has not been updated in 5 years or more
178739039,way,last_update,13-3-2021,Feature has not been updated in 5 years or more
178739041,way,last_update,17-5-2015,Feature has not been updated in 5 years or more
178739049,way,last_update,31-8-2012,Feature has not been updated in 5 years or more
183072067,way,last_update,28-2-2021,Feature has not been updated in 5 years or more
183668798,way,last_update,15-6-2019,Feature has not been updated in 5 years or more
183668799,way,last_update,13-5-2015,Feature has not been updated in 5 years or more
183668800,way,last_update,15-6-2019,Feature has not been updated in 5 years or more
183668801,way,last_update,12-1-2021,Feature has not been updated in 5 years or more
184090111,way,last_update,5-12-2020,Feature has not been updated in 5 years or more
184613657,way,last_update,24-6-2015,Feature has not been updated in 5 years or more
184613660,way,last_update,22-11-2020,Feature has not been updated in 5 years or more
184613661,way,last_update,24-6-2015,Feature has not been updated in 5 years or more
184613663,way,last_update,24-6-2015,Feature has not been updated in 5 years or more
184613665,way,last_update,24-6-2015,Feature has not been updated in 5 years or more
184619872,way,last_update,28-6-2015,Feature has not been updated in 5 years or more
187194971,way,last_update,28-2-2021,Feature has not been updated in 5 years or more
188051420,way,last_update,7-5-2019,Feature has not been updated in 5 years or more
195364538,way,last_update,20-11-2016,Feature has not been updated in 5 years or more
195364550,way,last_update,18-12-2016,Feature has not been updated in 5 years or more
198386880,way,last_update,27-5-2021,Feature has not been updated in 5 years or more
198386882,way,last_update,27-5-2021,Feature has not been updated in 5 years or more
198386885,way,last_update,27-5-2021,Feature has not been updated in 5 years or more
200646123,way,last_update,26-2-2018,Feature has not been updated in 5 years or more
202560132,way,last_update,28-8-2019,Feature has not been updated in 5 years or more
216744676,way,last_update,18-9-2016,Feature has not been updated in 5 years or more
216744699,way,last_update,18-4-2021,Feature has not been updated in 5 years or more
219133545,way,last_update,29-10-2015,Feature has not been updated in 5 years or more
219133563,way,last_update,29-10-2015,Feature has not been updated in 5 years or more
219133571,way,last_update,29-10-2015,Feature has not been updated in 5 years or more
219133614,way,last_update,29-10-2015,Feature has not been updated in 5 years or more
219133639,way,last_update,29-10-2015,Feature has not been updated in 5 years or more
220097564,way,last_update,4-5-2020,Feature has not been updated in 5 years or more
220153679,way,last_update,20-10-2019,Feature has not been updated in 5 years or more
221130730,way,last_update,29-6-2015,Feature has not been updated in 5 years or more
223203695,way,last_update,24-2-2019,Feature has not been updated in 5 years or more
223305981,way,last_update,4-12-2019,Feature has not been updated in 5 years or more
224745719,way,last_update,26-4-2021,Feature has not been updated in 5 years or more
224983452,way,last_update,17-5-2015,Feature has not been updated in 5 years or more
224983455,way,last_update,9-6-2013,Feature has not been updated in 5 years or more
224983458,way,last_update,9-6-2013,Feature has not been updated in 5 years or more
224983459,way,last_update,29-6-2015,Feature has not been updated in 5 years or more
224983469,way,last_update,17-5-2015,Feature has not been updated in 5 years or more
225825926,way,last_update,2-3-2019,Feature has not been updated in 5 years or more
228251039,way,last_update,27-5-2021,Feature has not been updated in 5 years or more
228288275,way,last_update,1-7-2013,Feature has not been updated in 5 years or more
228303944,way,last_update,1-7-2013,Feature has not been updated in 5 years or more
228759145,way,last_update,20-11-2016,Feature has not been updated in 5 years or more
229099359,way,last_update,24-2-2021,Feature has not been updated in 5 years or more
229137225,way,last_update,8-3-2021,Feature has not been updated in 5 years or more
235095715,way,last_update,6-5-2021,Feature has not been updated in 5 years or more
235095721,way,last_update,6-6-2021,Feature has not been updated in 5 years or more
237581775,way,last_update,21-6-2020,Feature has not been updated in 5 years or more
237581783,way,last_update,21-6-2020,Feature has not been updated in 5 years or more
237581787,way,last_update,21-6-2020,Feature has not been updated in 5 years or more
237750170,way,last_update,27-10-2015,Feature has not been updated in 5 years or more
237750178,way,last_update,27-10-2015,Feature has not been updated in 5 years or more
237750180,way,last_update,27-10-2015,Feature has not been updated in 5 years or more
237750182,way,last_update,12-9-2013,Feature has not been updated in 5 years or more
237750185,way,last_update,27-10-2015,Feature has not been updated in 5 years or more
238605813,way,last_update,24-5-2021,Feature has not been updated in 5 years or more
238862015,way,last_update,26-2-2017,Feature has not been updated in 5 years or more
238862031,way,last_update,21-9-2013,Feature has not been updated in 5 years or more
240384008,way,last_update,31-10-2015,Feature has not been updated in 5 years or more
242249963,way,last_update,17-5-2021,Feature has not been updated in 5 years or more
242364796,way,last_update,8-4-2017,Feature has not been updated in 5 years or more
242364801,way,last_update,8-4-2017,Feature has not been updated in 5 years or more
242870841,way,last_update,28-12-2020,Feature has not been updated in 5 years or more
252475609,way,last_update,10-5-2021,Feature has not been updated in 5 years or more
252477739,way,last_update,10-5-2021,Feature has not been updated in 5 years or more
252480534,way,last_update,3-3-2021,Feature has not been updated in 5 years or more
252633356,way,last_update,9-7-2019,Feature has not been updated in 5 years or more
253029411,way,last_update,30-3-2021,Feature has not been updated in 5 years or more
254689401,way,last_update,28-2-2021,Feature has not been updated in 5 years or more
254701922,way,last_update,21-4-2015,Feature has not been updated in 5 years or more
255703518,way,last_update,8-9-2019,Feature has not been updated in 5 years or more
255703523,way,last_update,8-9-2019,Feature has not been updated in 5 years or more
255703535,way,last_update,7-9-2019,Feature has not been updated in 5 years or more
257484185,way,last_update,22-8-2020,Feature has not been updated in 5 years or more
258545388,way,last_update,30-11-2018,Feature has not been updated in 5 years or more
258824059,way,last_update,19-4-2021,Feature has not been updated in 5 years or more
263522656,way,last_update,3-11-2019,Feature has not been updated in 5 years or more
264635438,way,last_update,11-3-2021,Feature has not been updated in 5 years or more
264635465,way,last_update,10-8-2021,Feature has not been updated in 5 years or more
267226164,way,last_update,2-6-2021,Feature has not been updated in 5 years or more
267226168,way,last_update,11-3-2021,Feature has not been updated in 5 years or more
267237051,way,last_update,25-9-2018,Feature has not been updated in 5 years or more
267256076,way,last_update,5-6-2021,Feature has not been updated in 5 years or more
278087469,way,last_update,9-5-2020,Feature has not been updated in 5 years or more
278087496,way,last_update,9-3-2021,Feature has not been updated in 5 years or more
284019977,way,last_update,5-5-2021,Feature has not been updated in 5 years or more
286469698,way,last_update,3-3-2021,Feature has not been updated in 5 years or more
286469713,way,last_update,3-3-2021,Feature has not been updated in 5 years or more
298366694,way,last_update,30-7-2019,Feature has not been updated in 5 years or more
306743686,way,last_update,25-3-2021,Feature has not been updated in 5 years or more
306743690,way,last_update,25-3-2021,Feature has not been updated in 5 years or more
306752598,way,last_update,25-3-2021,Feature has not been updated in 5 years or more
306752599,way,last_update,3-6-2021,Feature has not been updated in 5 years or more
306752600,way,last_update,25-3-2021,Feature has not been updated in 5 years or more
306752601,way,last_update,25-3-2021,Feature has not been updated in 5 years or more
307957303,way,last_update,26-1-2019,Feature has not been updated in 5 years or more
311012218,way,last_update,3-11-2014,Feature has not been updated in 5 years or more
311012221,way,last_update,28-2-2021,Feature has not been updated in 5 years or more
311012222,way,last_update,3-8-2019,Feature has not been updated in 5 years or more
311012224,way,last_update,4-8-2021,Feature has not been updated in 5 years or more
311012226,way,last_update,28-2-2021,Feature has not been updated in 5 years or more
311012228,way,last_update,3-9-2019,Feature has not been updated in 5 years or more
311012238,way,last_update,5-3-2021,Feature has not been updated in 5 years or more
311012243,way,last_update,2-3-2021,Feature has not been updated in 5 years or more
311012250,way,last_update,8-3-2021,Feature has not been updated in 5 years or more
311012255,way,last_update,15-1-2020,Feature has not been updated in 5 years or more
311012264,way,last_update,28-2-2021,Feature has not been updated in 5 years or more
311012265,way,last_update,5-3-2021,Feature has not been updated in 5 years or more
311012278,way,last_update,3-8-2019,Feature has not been updated in 5 years or more
311012281,way,last_update,2-3-2021,Feature has not been updated in 5 years or more
311012282,way,last_update,2-3-2021,Feature has not been updated in 5 years or more
311012283,way,last_update,16-3-2021,Feature has not been updated in 5 years or more
311012285,way,last_update,28-2-2021,Feature has not been updated in 5 years or more
311012290,way,last_update,10-5-2021,Feature has not been updated in 5 years or more
311012294,way,last_update,16-8-2021,Feature has not been updated in 5 years or more
311012295,way,last_update,2-3-2021,Feature has not been updated in 5 years or more
311012296,way,last_update,28-2-2021,Feature has not been updated in 5 years or more
311012297,way,last_update,13-2-2021,Feature has not been updated in 5 years or more
311296983,way,last_update,4-8-2019,Feature has not been updated in 5 years or more
311296984,way,last_update,7-9-2019,Feature has not been updated in 5 years or more
311296985,way,last_update,3-8-2019,Feature has not been updated in 5 years or more
311296986,way,last_update,7-9-2019,Feature has not been updated in 5 years or more
311296987,way,last_update,4-8-2019,Feature has not been updated in 5 years or more
311296988,way,last_update,3-9-2019,Feature has not been updated in 5 years or more
311296989,way,last_update,29-10-2017,Feature has not been updated in 5 years or more
311296993,way,last_update,7-9-2019,Feature has not been updated in 5 years or more
311296997,way,last_update,3-8-2019,Feature has not been updated in 5 years or more
311296998,way,last_update,5-11-2014,Feature has not been updated in 5 years or more
311297009,way,last_update,3-8-2019,Feature has not been updated in 5 years or more
311297025,way,last_update,5-11-2014,Feature has not been updated in 5 years or more
311297026,way,last_update,5-11-2014,Feature has not been updated in 5 years or more
311297030,way,last_update,7-9-2019,Feature has not been updated in 5 years or more
311439471,way,last_update,19-4-2021,Feature has not been updated in 5 years or more
311439474,way,last_update,28-2-2019,Feature has not been updated in 5 years or more
311439478,way,last_update,21-12-2016,Feature has not been updated in 5 years or more
311439498,way,last_update,19-4-2021,Feature has not been updated in 5 years or more
311439501,way,last_update,8-7-2020,Feature has not been updated in 5 years or more
311439507,way,last_update,8-7-2020,Feature has not been updated in 5 years or more
311439512,way,last_update,8-7-2020,Feature has not been updated in 5 years or more
311439517,way,last_update,21-12-2016,Feature has not been updated in 5 years or more
311439518,way,last_update,19-4-2021,Feature has not been updated in 5 years or more
311439524,way,last_update,8-7-2020,Feature has not been updated in 5 years or more
311439530,way,last_update,21-12-2016,Feature has not been updated in 5 years or more
311439542,way,last_update,19-4-2021,Feature has not been updated in 5 years or more
311439600,way,last_update,24-2-2019,Feature has not been updated in 5 years or more
311439601,way,last_update,19-4-2021,Feature has not been updated in 5 years or more
311439603,way,last_update,8-7-2020,Feature has not been updated in 5 years or more
311606468,way,last_update,24-2-2021,Feature has not been updated in 5 years or more
311648244,way,last_update,24-2-2021,Feature has not been updated in 5 years or more
311648255,way,last_update,24-2-2021,Feature has not been updated in 5 years or more
312668141,way,last_update,4-8-2021,Feature has not been updated in 5 years or more
312668148,way,last_update,21-1-2018,Feature has not been updated in 5 years or more
312668160,way,last_update,21-1-2018,Feature has not been updated in 5 years or more
312996813,way,last_update,15-5-2020,Feature has not been updated in 5 years or more
312996814,way,last_update,9-6-2018,Feature has not been updated in 5 years or more
312996816,way,last_update,11-5-2018,Feature has not been updated in 5 years or more
312996817,way,last_update,25-5-2020,Feature has not been updated in 5 years or more
312996818,way,last_update,24-8-2016,Feature has not been updated in 5 years or more
312996821,way,last_update,25-5-2020,Feature has not been updated in 5 years or more
312996830,way,last_update,22-1-2019,Feature has not been updated in 5 years or more
312996849,way,last_update,25-5-2020,Feature has not been updated in 5 years or more
312996857,way,last_update,24-8-2016,Feature has not been updated in 5 years or more
312996861,way,last_update,24-8-2016,Feature has not been updated in 5 years or more
312996862,way,last_update,15-11-2014,Feature has not been updated in 5 years or more
312996865,way,last_update,9-6-2018,Feature has not been updated in 5 years or more
312996866,way,last_update,30-4-2018,Feature has not been updated in 5 years or more
312996868,way,last_update,6-3-2019,Feature has not been updated in 5 years or more
313133625,way,last_update,20-11-2020,Feature has not been updated in 5 years or more
313133629,way,last_update,30-9-2020,Feature has not been updated in 5 years or more
313133632,way,last_update,30-9-2020,Feature has not been updated in 5 years or more
313133658,way,last_update,15-5-2020,Feature has not been updated in 5 years or more
313307784,way,last_update,29-8-2020,Feature has not been updated in 5 years or more
313307808,way,last_update,21-12-2016,Feature has not been updated in 5 years or more
313307837,way,last_update,8-4-2017,Feature has not been updated in 5 years or more
313307878,way,last_update,3-3-2019,Feature has not been updated in 5 years or more
313726927,way,last_update,20-11-2014,Feature has not been updated in 5 years or more
313726928,way,last_update,21-1-2021,Feature has not been updated in 5 years or more
313726929,way,last_update,30-4-2018,Feature has not been updated in 5 years or more
313726930,way,last_update,23-1-2021,Feature has not been updated in 5 years or more
313726933,way,last_update,5-5-2018,Feature has not been updated in 5 years or more
313726934,way,last_update,5-5-2018,Feature has not been updated in 5 years or more
313726964,way,last_update,30-4-2018,Feature has not been updated in 5 years or more
313726965,way,last_update,23-1-2021,Feature has not been updated in 5 years or more
313726969,way,last_update,5-5-2018,Feature has not been updated in 5 years or more
314109153,way,last_update,14-2-2021,Feature has not been updated in 5 years or more
314149284,way,last_update,2-3-2019,Feature has not been updated in 5 years or more
314149340,way,last_update,2-3-2019,Feature has not been updated in 5 years or more
314149345,way,last_update,2-3-2019,Feature has not been updated in 5 years or more
314149347,way,last_update,2-3-2019,Feature has not been updated in 5 years or more
314200637,way,last_update,25-5-2021,Feature has not been updated in 5 years or more
314462118,way,last_update,9-7-2019,Feature has not been updated in 5 years or more
314462119,way,last_update,9-7-2019,Feature has not been updated in 5 years or more
315066347,way,last_update,10-5-2021,Feature has not been updated in 5 years or more
315066348,way,last_update,10-5-2021,Feature has not been updated in 5 years or more
315066349,way,last_update,10-5-2021,Feature has not been updated in 5 years or more
315369825,way,last_update,27-5-2021,Feature has not been updated in 5 years or more
315369826,way,last_update,2-6-2020,Feature has not been updated in 5 years or more
315369829,way,last_update,12-3-2021,Feature has not been updated in 5 years or more
315369831,way,last_update,28-10-2018,Feature has not been updated in 5 years or more
315369834,way,last_update,6-2-2020,Feature has not been updated in 5 years or more
315369837,way,last_update,6-2-2020,Feature has not been updated in 5 years or more
315369840,way,last_update,27-5-2021,Feature has not been updated in 5 years or more
315369844,way,last_update,27-5-2021,Feature has not been updated in 5 years or more
315369853,way,last_update,5-12-2020,Feature has not been updated in 5 years or more
315369912,way,last_update,9-3-2021,Feature has not been updated in 5 years or more
315369914,way,last_update,27-5-2021,Feature has not been updated in 5 years or more
315369931,way,last_update,27-5-2021,Feature has not been updated in 5 years or more
315369942,way,last_update,5-12-2020,Feature has not been updated in 5 years or more
315369946,way,last_update,5-12-2020,Feature has not been updated in 5 years or more
315369950,way,last_update,1-12-2014,Feature has not been updated in 5 years or more
315369953,way,last_update,27-5-2021,Feature has not been updated in 5 years or more
315369954,way,last_update,5-12-2020,Feature has not been updated in 5 years or more
315369955,way,last_update,27-5-2021,Feature has not been updated in 5 years or more
315369957,way,last_update,5-12-2020,Feature has not been updated in 5 years or more
317701809,way,last_update,17-12-2014,Feature has not been updated in 5 years or more
317943608,way,last_update,29-4-2021,Feature has not been updated in 5 years or more
318995456,way,last_update,26-12-2014,Feature has not been updated in 5 years or more
318995459,way,last_update,26-12-2014,Feature has not been updated in 5 years or more
319038275,way,last_update,8-4-2019,Feature has not been updated in 5 years or more
319038276,way,last_update,26-4-2021,Feature has not been updated in 5 years or more
319038277,way,last_update,28-4-2021,Feature has not been updated in 5 years or more
319038284,way,last_update,9-5-2021,Feature has not been updated in 5 years or more
319038285,way,last_update,15-3-2021,Feature has not been updated in 5 years or more
319038286,way,last_update,9-5-2021,Feature has not been updated in 5 years or more
319038309,way,last_update,26-4-2021,Feature has not been updated in 5 years or more
319142178,way,last_update,13-3-2021,Feature has not been updated in 5 years or more
319142193,way,last_update,28-7-2021,Feature has not been updated in 5 years or more
319336711,way,last_update,10-5-2021,Feature has not been updated in 5 years or more
319336731,way,last_update,10-5-2021,Feature has not been updated in 5 years or more
319426255,way,last_update,10-5-2021,Feature has not been updated in 5 years or more
320091838,way,last_update,25-4-2020,Feature has not been updated in 5 years or more
320091867,way,last_update,12-10-2015,Feature has not been updated in 5 years or more
320091880,way,last_update,12-10-2015,Feature has not been updated in 5 years or more
320512881,way,last_update,5-1-2015,Feature has not been updated in 5 years or more
320528998,way,last_update,6-8-2019,Feature has not been updated in 5 years or more
320529008,way,last_update,1-8-2019,Feature has not been updated in 5 years or more
320529009,way,last_update,18-11-2020,Feature has not been updated in 5 years or more
320529011,way,last_update,12-8-2019,Feature has not been updated in 5 years or more
320841823,way,last_update,5-3-2021,Feature has not been updated in 5 years or more
330719788,way,last_update,23-1-2021,Feature has not been updated in 5 years or more
331994220,way,last_update,9-3-2015,Feature has not been updated in 5 years or more
331994225,way,last_update,20-10-2019,Feature has not been updated in 5 years or more
331994230,way,last_update,9-3-2015,Feature has not been updated in 5 years or more
333666936,way,last_update,29-4-2021,Feature has not been updated in 5 years or more
333666939,way,last_update,29-4-2021,Feature has not been updated in 5 years or more
333858650,way,last_update,9-3-2021,Feature has not been updated in 5 years or more
333858658,way,last_update,9-3-2021,Feature has not been updated in 5 years or more
333858659,way,last_update,9-3-2021,Feature has not been updated in 5 years or more
333887746,way,last_update,9-3-2021,Feature has not been updated in 5 years or more
334100479,way,last_update,3-3-2021,Feature has not been updated in 5 years or more
334100483,way,last_update,3-3-2021,Feature has not been updated in 5 years or more
334100485,way,last_update,3-3-2021,Feature has not been updated in 5 years or more
334205483,way,last_update,5-3-2021,Feature has not been updated in 5 years or more
334205484,way,last_update,8-3-2021,Feature has not been updated in 5 years or more
334205486,way,last_update,5-3-2021,Feature has not been updated in 5 years or more
334205488,way,last_update,5-3-2021,Feature has not been updated in 5 years or more
334205489,way,last_update,8-3-2021,Feature has not been updated in 5 years or more
334205491,way,last_update,2-3-2021,Feature has not been updated in 5 years or more
334216026,way,last_update,9-3-2021,Feature has not been updated in 5 years or more
334373009,way,last_update,4-3-2021,Feature has not been updated in 5 years or more
334373014,way,last_update,3-3-2021,Feature has not been updated in 5 years or more
334373018,way,last_update,3-3-2021,Feature has not been updated in 5 years or more
334382287,way,last_update,9-3-2021,Feature has not been updated in 5 years or more
334382290,way,last_update,9-3-2021,Feature has not been updated in 5 years or more
335019054,way,last_update,9-3-2021,Feature has not been updated in 5 years or more
335254653,way,last_update,18-4-2021,Feature has not been updated in 5 years or more
335265404,way,last_update,25-9-2015,Feature has not been updated in 5 years or more
335265405,way,last_update,11-3-2021,Feature has not been updated in 5 years or more
335805339,way,last_update,30-4-2018,Feature has not been updated in 5 years or more
335805401,way,last_update,7-7-2015,Feature has not been updated in 5 years or more
335805406,way,last_update,30-4-2018,Feature has not been updated in 5 years or more
335811921,way,last_update,25-8-2016,Feature has not been updated in 5 years or more
335811925,way,last_update,27-5-2017,Feature has not been updated in 5 years or more
335811927,way,last_update,24-8-2016,Feature has not been updated in 5 years or more
335811935,way,last_update,21-1-2021,Feature has not been updated in 5 years or more
335903178,way,last_update,28-2-2021,Feature has not been updated in 5 years or more
335903180,way,last_update,28-2-2021,Feature has not been updated in 5 years or more
335903181,way,last_update,28-2-2021,Feature has not been updated in 5 years or more
337052892,way,last_update,11-6-2021,Feature has not been updated in 5 years or more
337052903,way,last_update,5-5-2021,Feature has not been updated in 5 years or more
337052908,way,last_update,15-8-2021,Feature has not been updated in 5 years or more
337052932,way,last_update,23-6-2021,Feature has not been updated in 5 years or more
337073155,way,last_update,10-5-2021,Feature has not been updated in 5 years or more
337073159,way,last_update,19-1-2020,Feature has not been updated in 5 years or more
337073160,way,last_update,14-2-2021,Feature has not been updated in 5 years or more
337073192,way,last_update,15-8-2021,Feature has not been updated in 5 years or more
337379133,way,last_update,8-3-2021,Feature has not been updated in 5 years or more
337631565,way,last_update,29-10-2015,Feature has not been updated in 5 years or more
337670718,way,last_update,24-3-2021,Feature has not been updated in 5 years or more
337670719,way,last_update,23-3-2021,Feature has not been updated in 5 years or more
337816190,way,last_update,29-4-2021,Feature has not been updated in 5 years or more
337816191,way,last_update,29-4-2021,Feature has not been updated in 5 years or more
337836317,way,last_update,6-3-2021,Feature has not been updated in 5 years or more
337836324,way,last_update,10-5-2021,Feature has not been updated in 5 years or more
337836329,way,last_update,28-7-2020,Feature has not been updated in 5 years or more
337836368,way,last_update,8-3-2021,Feature has not been updated in 5 years or more
337836369,way,last_update,6-3-2021,Feature has not been updated in 5 years or more
337972458,way,last_update,8-3-2021,Feature has not been updated in 5 years or more
337972459,way,last_update,13-3-2021,Feature has not been updated in 5 years or more
337972479,way,last_update,8-3-2021,Feature has not been updated in 5 years or more
338350800,way,last_update,6-3-2021,Feature has not been updated in 5 years or more
338360655,way,last_update,14-3-2021,Feature has not been updated in 5 years or more
338360659,way,last_update,14-3-2021,Feature has not been updated in 5 years or more
338360667,way,last_update,14-3-2021,Feature has not been updated in 5 years or more
338360669,way,last_update,14-3-2021,Feature has not been updated in 5 years or more
338360679,way,last_update,14-3-2021,Feature has not been updated in 5 years or more
338680317,way,last_update,28-11-2019,Feature has not been updated in 5 years or more
338680318,way,last_update,22-2-2021,Feature has not been updated in 5 years or more
338680319,way,last_update,28-2-2021,Feature has not been updated in 5 years or more
338680324,way,last_update,28-2-2021,Feature has not been updated in 5 years or more
338680334,way,last_update,15-2-2021,Feature has not been updated in 5 years or more
338680369,way,last_update,15-2-2021,Feature has not been updated in 5 years or more
338680372,way,last_update,15-2-2021,Feature has not been updated in 5 years or more
338680375,way,last_update,28-2-2021,Feature has not been updated in 5 years or more
338680377,way,last_update,15-2-2021,Feature has not been updated in 5 years or more
338680378,way,last_update,23-4-2021,Feature has not been updated in 5 years or more
338680379,way,last_update,15-2-2021,Feature has not been updated in 5 years or more
338693961,way,last_update,24-2-2021,Feature has not been updated in 5 years or more
338693963,way,last_update,28-2-2021,Feature has not been updated in 5 years or more
338693965,way,last_update,10-8-2021,Feature has not been updated in 5 years or more
338835840,way,last_update,10-5-2021,Feature has not been updated in 5 years or more
338835842,way,last_update,10-5-2021,Feature has not been updated in 5 years or more
338835843,way,last_update,28-2-2021,Feature has not been updated in 5 years or more
338835847,way,last_update,8-3-2021,Feature has not been updated in 5 years or more
338835866,way,last_update,9-3-2021,Feature has not been updated in 5 years or more
338835867,way,last_update,9-3-2021,Feature has not been updated in 5 years or more
339554094,way,last_update,30-1-2021,Feature has not been updated in 5 years or more
339554095,way,last_update,28-8-2021,Feature has not been updated in 5 years or more
339554100,way,last_update,28-8-2021,Feature has not been updated in 5 years or more
339796590,way,last_update,24-5-2021,Feature has not been updated in 5 years or more
339796605,way,last_update,24-5-2021,Feature has not been updated in 5 years or more
339796614,way,last_update,10-11-2018,Feature has not been updated in 5 years or more
339796618,way,last_update,24-5-2021,Feature has not been updated in 5 years or more
339796624,way,last_update,10-11-2018,Feature has not been updated in 5 years or more
339796625,way,last_update,22-5-2021,Feature has not been updated in 5 years or more
339911287,way,last_update,27-2-2021,Feature has not been updated in 5 years or more
339911288,way,last_update,22-4-2015,Feature has not been updated in 5 years or more
339911292,way,last_update,22-4-2015,Feature has not been updated in 5 years or more
339911293,way,last_update,22-4-2015,Feature has not been updated in 5 years or more
339911297,way,last_update,13-5-2015,Feature has not been updated in 5 years or more
339911324,way,last_update,22-4-2015,Feature has not been updated in 5 years or more
339911325,way,last_update,12-5-2015,Feature has not been updated in 5 years or more
339911326,way,last_update,16-4-2021,Feature has not been updated in 5 years or more
339911327,way,last_update,27-2-2021,Feature has not been updated in 5 years or more
339911330,way,last_update,16-4-2021,Feature has not been updated in 5 years or more
339911331,way,last_update,12-5-2015,Feature has not been updated in 5 years or more
339911332,way,last_update,22-4-2015,Feature has not been updated in 5 years or more
340000707,way,last_update,22-4-2015,Feature has not been updated in 5 years or more
340000714,way,last_update,22-4-2015,Feature has not been updated in 5 years or more
340202355,way,last_update,14-4-2021,Feature has not been updated in 5 years or more
340202377,way,last_update,8-3-2021,Feature has not been updated in 5 years or more
340277744,way,last_update,28-2-2021,Feature has not been updated in 5 years or more
340277749,way,last_update,28-2-2021,Feature has not been updated in 5 years or more
340305871,way,last_update,13-3-2021,Feature has not been updated in 5 years or more
340305872,way,last_update,10-5-2021,Feature has not been updated in 5 years or more
340305876,way,last_update,8-5-2020,Feature has not been updated in 5 years or more
340305882,way,last_update,10-5-2021,Feature has not been updated in 5 years or more
340305907,way,last_update,13-3-2021,Feature has not been updated in 5 years or more
340320307,way,last_update,10-5-2021,Feature has not been updated in 5 years or more
340320308,way,last_update,8-3-2021,Feature has not been updated in 5 years or more
340970994,way,last_update,27-4-2015,Feature has not been updated in 5 years or more
340970999,way,last_update,27-4-2015,Feature has not been updated in 5 years or more
341293227,way,last_update,27-5-2021,Feature has not been updated in 5 years or more
342796361,way,last_update,8-3-2021,Feature has not been updated in 5 years or more
342796363,way,last_update,8-3-2021,Feature has not been updated in 5 years or more
342796366,way,last_update,8-3-2021,Feature has not been updated in 5 years or more
342796367,way,last_update,8-3-2021,Feature has not been updated in 5 years or more
342796370,way,last_update,14-7-2021,Feature has not been updated in 5 years or more
342796388,way,last_update,8-3-2021,Feature has not been updated in 5 years or more
342796390,way,last_update,10-5-2021,Feature has not been updated in 5 years or more
342796393,way,last_update,2-3-2021,Feature has not been updated in 5 years or more
343224186,way,last_update,5-3-2021,Feature has not been updated in 5 years or more
343275293,way,last_update,30-5-2021,Feature has not been updated in 5 years or more
343275308,way,last_update,31-5-2021,Feature has not been updated in 5 years or more
343722833,way,last_update,2-2-2021,Feature has not been updated in 5 years or more
343722836,way,last_update,23-3-2021,Feature has not been updated in 5 years or more
343722837,way,last_update,23-3-2021,Feature has not been updated in 5 years or more
343722842,way,last_update,3-2-2021,Feature has not been updated in 5 years or more
343722857,way,last_update,23-3-2021,Feature has not been updated in 5 years or more
343722858,way,last_update,23-3-2021,Feature has not been updated in 5 years or more
343722860,way,last_update,4-2-2021,Feature has not been updated in 5 years or more
343722867,way,last_update,23-3-2021,Feature has not been updated in 5 years or more
343722869,way,last_update,23-3-2021,Feature has not been updated in 5 years or more
343722871,way,last_update,24-4-2021,Feature has not been updated in 5 years or more
343722873,way,last_update,23-3-2021,Feature has not been updated in 5 years or more
343722874,way,last_update,23-3-2021,Feature has not been updated in 5 years or more
343722876,way,last_update,23-3-2021,Feature has not been updated in 5 years or more
343742032,way,last_update,28-2-2021,Feature has not been updated in 5 years or more
343742035,way,last_update,24-2-2021,Feature has not been updated in 5 years or more
344100390,way,last_update,26-1-2020,Feature has not been updated in 5 years or more
344136419,way,last_update,16-5-2021,Feature has not been updated in 5 years or more
344136423,way,last_update,22-5-2021,Feature has not been updated in 5 years or more
344136425,way,last_update,21-5-2021,Feature has not been updated in 5 years or more
344136429,way,last_update,3-6-2021,Feature has not been updated in 5 years or more
344136442,way,last_update,22-5-2021,Feature has not been updated in 5 years or more
344136444,way,last_update,22-5-2021,Feature has not been updated in 5 years or more
344136445,way,last_update,22-5-2021,Feature has not been updated in 5 years or more
344136452,way,last_update,14-5-2021,Feature has not been updated in 5 years or more
344282875,way,last_update,11-11-2018,Feature has not been updated in 5 years or more
344325575,way,last_update,24-5-2021,Feature has not been updated in 5 years or more
344344147,way,last_update,15-7-2020,Feature has not been updated in 5 years or more
344344148,way,last_update,29-7-2020,Feature has not been updated in 5 years or more
344344149,way,last_update,31-7-2020,Feature has not been updated in 5 years or more
344344150,way,last_update,15-7-2020,Feature has not been updated in 5 years or more
344554868,way,last_update,22-3-2020,Feature has not been updated in 5 years or more
344590975,way,last_update,12-5-2015,Feature has not been updated in 5 years or more
344590981,way,last_update,12-5-2015,Feature has not been updated in 5 years or more
344590982,way,last_update,27-2-2021,Feature has not been updated in 5 years or more
344590988,way,last_update,7-3-2021,Feature has not been updated in 5 years or more
344591003,way,last_update,15-11-2020,Feature has not been updated in 5 years or more
344591037,way,last_update,13-5-2015,Feature has not been updated in 5 years or more
344753209,way,last_update,13-5-2015,Feature has not been updated in 5 years or more
344753211,way,last_update,28-10-2020,Feature has not been updated in 5 years or more
344753218,way,last_update,28-10-2020,Feature has not been updated in 5 years or more
344753219,way,last_update,28-10-2020,Feature has not been updated in 5 years or more
344753238,way,last_update,28-10-2020,Feature has not been updated in 5 years or more
344753239,way,last_update,12-1-2021,Feature has not been updated in 5 years or more
344753243,way,last_update,5-12-2020,Feature has not been updated in 5 years or more
344753252,way,last_update,12-1-2021,Feature has not been updated in 5 years or more
344753253,way,last_update,28-10-2020,Feature has not been updated in 5 years or more
344761103,way,last_update,5-12-2020,Feature has not been updated in 5 years or more
344889182,way,last_update,30-7-2021,Feature has not been updated in 5 years or more
344889229,way,last_update,13-5-2015,Feature has not been updated in 5 years or more
344889231,way,last_update,15-10-2017,Feature has not been updated in 5 years or more
345559238,way,last_update,19-4-2021,Feature has not been updated in 5 years or more
345559244,way,last_update,16-4-2021,Feature has not been updated in 5 years or more
345606281,way,last_update,19-4-2021,Feature has not been updated in 5 years or more
345606282,way,last_update,19-4-2021,Feature has not been updated in 5 years or more
345606286,way,last_update,19-4-2021,Feature has not been updated in 5 years or more
345606292,way,last_update,19-4-2021,Feature has not been updated in 5 years or more
345711471,way,last_update,29-10-2015,Feature has not been updated in 5 years or more
345711494,way,last_update,13-3-2021,Feature has not been updated in 5 years or more
345711497,way,last_update,13-3-2021,Feature has not been updated in 5 years or more
345711504,way,last_update,13-3-2021,Feature has not been updated in 5 years or more
347237845,way,last_update,9-3-2021,Feature has not been updated in 5 years or more
347272001,way,last_update,28-2-2021,Feature has not been updated in 5 years or more
347272002,way,last_update,28-2-2021,Feature has not been updated in 5 years or more
347272004,way,last_update,27-2-2021,Feature has not been updated in 5 years or more
347272005,way,last_update,28-2-2021,Feature has not been updated in 5 years or more
347272006,way,last_update,28-2-2021,Feature has not been updated in 5 years or more
347272025,way,last_update,27-2-2021,Feature has not been updated in 5 years or more
347272026,way,last_update,27-2-2021,Feature has not been updated in 5 years or more
347301759,way,last_update,16-8-2021,Feature has not been updated in 5 years or more
347301760,way,last_update,28-2-2021,Feature has not been updated in 5 years or more
347301761,way,last_update,18-4-2021,Feature has not been updated in 5 years or more
347301788,way,last_update,18-4-2021,Feature has not been updated in 5 years or more
347301789,way,last_update,27-2-2021,Feature has not been updated in 5 years or more
347301790,way,last_update,18-4-2021,Feature has not been updated in 5 years or more
347301793,way,last_update,18-4-2021,Feature has not been updated in 5 years or more
347630157,way,last_update,2-3-2021,Feature has not been updated in 5 years or more
347630168,way,last_update,6-2-2020,Feature has not been updated in 5 years or more
347636559,way,last_update,6-9-2020,Feature has not been updated in 5 years or more
347636560,way,last_update,15-2-2020,Feature has not been updated in 5 years or more
347636561,way,last_update,6-2-2020,Feature has not been updated in 5 years or more
347636562,way,last_update,6-9-2020,Feature has not been updated in 5 years or more
347636563,way,last_update,14-2-2020,Feature has not been updated in 5 years or more
347636573,way,last_update,15-2-2020,Feature has not been updated in 5 years or more
347646436,way,last_update,16-4-2021,Feature has not been updated in 5 years or more
347943832,way,last_update,25-11-2018,Feature has not been updated in 5 years or more
347943852,way,last_update,24-5-2015,Feature has not been updated in 5 years or more
347989959,way,last_update,2-12-2018,Feature has not been updated in 5 years or more
347989965,way,last_update,24-5-2015,Feature has not been updated in 5 years or more
347989966,way,last_update,24-5-2015,Feature has not been updated in 5 years or more
347989969,way,last_update,29-11-2018,Feature has not been updated in 5 years or more
348761396,way,last_update,27-11-2018,Feature has not been updated in 5 years or more
349267993,way,last_update,27-5-2015,Feature has not been updated in 5 years or more
349267994,way,last_update,13-3-2021,Feature has not been updated in 5 years or more
349267995,way,last_update,13-3-2021,Feature has not been updated in 5 years or more
349267999,way,last_update,13-3-2021,Feature has not been updated in 5 years or more
350649607,way,last_update,10-7-2019,Feature has not been updated in 5 years or more
352864133,way,last_update,10-6-2015,Feature has not been updated in 5 years or more
352864138,way,last_update,12-8-2021,Feature has not been updated in 5 years or more
352864141,way,last_update,12-8-2021,Feature has not been updated in 5 years or more
352869796,way,last_update,10-6-2015,Feature has not been updated in 5 years or more
352869800,way,last_update,10-6-2015,Feature has not been updated in 5 years or more
353222197,way,last_update,3-6-2021,Feature has not been updated in 5 years or more
354118860,way,last_update,16-6-2015,Feature has not been updated in 5 years or more
354118861,way,last_update,3-3-2019,Feature has not been updated in 5 years or more
354118862,way,last_update,5-3-2019,Feature has not been updated in 5 years or more
354118864,way,last_update,9-3-2019,Feature has not been updated in 5 years or more
354118870,way,last_update,5-3-2019,Feature has not been updated in 5 years or more
354118871,way,last_update,11-3-2019,Feature has not been updated in 5 years or more
354118874,way,last_update,10-3-2019,Feature has not been updated in 5 years or more
354118880,way,last_update,26-2-2019,Feature has not been updated in 5 years or more
354907923,way,last_update,11-10-2020,Feature has not been updated in 5 years or more
354907925,way,last_update,15-3-2021,Feature has not been updated in 5 years or more
354907926,way,last_update,16-3-2021,Feature has not been updated in 5 years or more
354907929,way,last_update,5-5-2021,Feature has not been updated in 5 years or more
355182889,way,last_update,28-4-2021,Feature has not been updated in 5 years or more
355182893,way,last_update,28-4-2021,Feature has not been updated in 5 years or more
355281628,way,last_update,18-4-2021,Feature has not been updated in 5 years or more
355281634,way,last_update,13-10-2020,Feature has not been updated in 5 years or more
355281638,way,last_update,8-8-2019,Feature has not been updated in 5 years or more
355287161,way,last_update,21-6-2015,Feature has not been updated in 5 years or more
355295075,way,last_update,21-6-2015,Feature has not been updated in 5 years or more
355295077,way,last_update,21-6-2015,Feature has not been updated in 5 years or more
355525279,way,last_update,2-11-2019,Feature has not been updated in 5 years or more
355525284,way,last_update,4-11-2019,Feature has not been updated in 5 years or more
355525287,way,last_update,2-11-2019,Feature has not been updated in 5 years or more
355525291,way,last_update,2-11-2019,Feature has not been updated in 5 years or more
355525308,way,last_update,20-10-2019,Feature has not been updated in 5 years or more
355525329,way,last_update,4-11-2019,Feature has not been updated in 5 years or more
355525363,way,last_update,2-11-2019,Feature has not been updated in 5 years or more
355525388,way,last_update,10-11-2019,Feature has not been updated in 5 years or more
355525389,way,last_update,22-6-2015,Feature has not been updated in 5 years or more
357001981,way,last_update,28-10-2020,Feature has not been updated in 5 years or more
357001984,way,last_update,12-1-2021,Feature has not been updated in 5 years or more
357236542,way,last_update,29-6-2015,Feature has not been updated in 5 years or more
357236543,way,last_update,29-6-2015,Feature has not been updated in 5 years or more
357494832,way,last_update,18-12-2016,Feature has not been updated in 5 years or more
357494833,way,last_update,30-6-2015,Feature has not been updated in 5 years or more
357494834,way,last_update,18-12-2016,Feature has not been updated in 5 years or more
357494855,way,last_update,30-6-2015,Feature has not been updated in 5 years or more
357494858,way,last_update,18-12-2016,Feature has not been updated in 5 years or more
357494859,way,last_update,30-6-2015,Feature has not been updated in 5 years or more
357494860,way,last_update,30-6-2015,Feature has not been updated in 5 years or more
357494862,way,last_update,21-5-2019,Feature has not been updated in 5 years or more
357501470,way,last_update,30-6-2015,Feature has not been updated in 5 years or more
357501471,way,last_update,18-12-2016,Feature has not been updated in 5 years or more
357501480,way,last_update,18-12-2016,Feature has not been updated in 5 years or more
357501481,way,last_update,18-12-2016,Feature has not been updated in 5 years or more
357526867,way,last_update,18-12-2016,Feature has not been updated in 5 years or more
357526869,way,last_update,18-12-2016,Feature has not been updated in 5 years or more
357526870,way,last_update,18-12-2016,Feature has not been updated in 5 years or more
357526872,way,last_update,2-12-2018,Feature has not been updated in 5 years or more
357526886,way,last_update,18-12-2016,Feature has not been updated in 5 years or more
357526887,way,last_update,18-12-2016,Feature has not been updated in 5 years or more
357526888,way,last_update,18-12-2016,Feature has not been updated in 5 years or more
357526889,way,last_update,18-12-2016,Feature has not been updated in 5 years or more
357526890,way,last_update,18-12-2016,Feature has not been updated in 5 years or more
357526892,way,last_update,18-12-2016,Feature has not been updated in 5 years or more
357526893,way,last_update,18-12-2016,Feature has not been updated in 5 years or more
357538884,way,last_update,25-11-2018,Feature has not been updated in 5 years or more
357538885,way,last_update,15-4-2021,Feature has not been updated in 5 years or more
357544458,way,last_update,30-6-2015,Feature has not been updated in 5 years or more
357544459,way,last_update,30-6-2015,Feature has not been updated in 5 years or more
357544463,way,last_update,30-6-2015,Feature has not been updated in 5 years or more
357544465,way,last_update,30-6-2015,Feature has not been updated in 5 years or more
357805461,way,last_update,1-7-2015,Feature has not been updated in 5 years or more
357805462,way,last_update,1-7-2015,Feature has not been updated in 5 years or more
357805463,way,last_update,1-7-2015,Feature has not been updated in 5 years or more
357805465,way,last_update,16-9-2020,Feature has not been updated in 5 years or more
357805466,way,last_update,1-7-2015,Feature has not been updated in 5 years or more
357805467,way,last_update,1-7-2015,Feature has not been updated in 5 years or more
357805476,way,last_update,1-7-2015,Feature has not been updated in 5 years or more
357805477,way,last_update,1-7-2015,Feature has not been updated in 5 years or more
357805478,way,last_update,1-7-2015,Feature has not been updated in 5 years or more
358399691,way,last_update,3-7-2015,Feature has not been updated in 5 years or more
358399703,way,last_update,3-7-2015,Feature has not been updated in 5 years or more
358399705,way,last_update,16-4-2021,Feature has not been updated in 5 years or more
358399707,way,last_update,3-7-2015,Feature has not been updated in 5 years or more
358399708,way,last_update,16-4-2021,Feature has not been updated in 5 years or more
358399711,way,last_update,3-7-2015,Feature has not been updated in 5 years or more
359593130,way,last_update,3-6-2021,Feature has not been updated in 5 years or more
359593135,way,last_update,9-7-2015,Feature has not been updated in 5 years or more
363002049,way,last_update,19-6-2021,Feature has not been updated in 5 years or more
363002052,way,last_update,14-6-2021,Feature has not been updated in 5 years or more
363002053,way,last_update,2-6-2021,Feature has not been updated in 5 years or more
363002054,way,last_update,6-7-2021,Feature has not been updated in 5 years or more
363382143,way,last_update,25-8-2021,Feature has not been updated in 5 years or more
363382145,way,last_update,31-7-2015,Feature has not been updated in 5 years or more
363382146,way,last_update,19-8-2021,Feature has not been updated in 5 years or more
363382147,way,last_update,23-7-2021,Feature has not been updated in 5 years or more
363382148,way,last_update,19-8-2021,Feature has not been updated in 5 years or more
363382150,way,last_update,31-7-2015,Feature has not been updated in 5 years or more
363382153,way,last_update,23-7-2021,Feature has not been updated in 5 years or more
363799060,way,last_update,27-5-2021,Feature has not been updated in 5 years or more
363799061,way,last_update,27-5-2021,Feature has not been updated in 5 years or more
363799062,way,last_update,3-8-2015,Feature has not been updated in 5 years or more
363799063,way,last_update,27-5-2021,Feature has not been updated in 5 years or more
363799064,way,last_update,27-5-2021,Feature has not been updated in 5 years or more
363799075,way,last_update,6-12-2020,Feature has not been updated in 5 years or more
363799076,way,last_update,11-4-2021,Feature has not been updated in 5 years or more
363934997,way,last_update,25-8-2019,Feature has not been updated in 5 years or more
363988649,way,last_update,2-3-2021,Feature has not been updated in 5 years or more
363988650,way,last_update,16-4-2021,Feature has not been updated in 5 years or more
363988651,way,last_update,6-9-2020,Feature has not been updated in 5 years or more
363988653,way,last_update,31-7-2020,Feature has not been updated in 5 years or more
363988668,way,last_update,6-9-2020,Feature has not been updated in 5 years or more
363988671,way,last_update,16-4-2021,Feature has not been updated in 5 years or more
363988672,way,last_update,6-9-2020,Feature has not been updated in 5 years or more
363988674,way,last_update,6-9-2020,Feature has not been updated in 5 years or more
365537398,way,last_update,3-3-2021,Feature has not been updated in 5 years or more
365537404,way,last_update,19-2-2020,Feature has not been updated in 5 years or more
365537405,way,last_update,3-3-2021,Feature has not been updated in 5 years or more
365537407,way,last_update,16-4-2021,Feature has not been updated in 5 years or more
365537408,way,last_update,11-2-2020,Feature has not been updated in 5 years or more
365537418,way,last_update,3-3-2021,Feature has not been updated in 5 years or more
365537420,way,last_update,24-5-2021,Feature has not been updated in 5 years or more
365537422,way,last_update,19-2-2020,Feature has not been updated in 5 years or more
365537423,way,last_update,16-4-2021,Feature has not been updated in 5 years or more
365537424,way,last_update,16-4-2021,Feature has not been updated in 5 years or more
365537432,way,last_update,19-2-2020,Feature has not been updated in 5 years or more
366388649,way,last_update,23-1-2021,Feature has not been updated in 5 years or more
366545671,way,last_update,11-3-2021,Feature has not been updated in 5 years or more
366715166,way,last_update,8-3-2021,Feature has not been updated in 5 years or more
366715168,way,last_update,8-3-2021,Feature has not been updated in 5 years or more
367428089,way,last_update,18-10-2018,Feature has not been updated in 5 years or more
367481800,way,last_update,7-8-2021,Feature has not been updated in 5 years or more
372374927,way,last_update,25-9-2016,Feature has not been updated in 5 years or more
372528681,way,last_update,1-5-2016,Feature has not been updated in 5 years or more
372863138,way,last_update,22-7-2021,Feature has not been updated in 5 years or more
372873273,way,last_update,7-10-2015,Feature has not been updated in 5 years or more
372873298,way,last_update,7-10-2015,Feature has not been updated in 5 years or more
372873301,way,last_update,29-9-2015,Feature has not been updated in 5 years or more
372966232,way,last_update,30-9-2015,Feature has not been updated in 5 years or more
372966236,way,last_update,26-3-2021,Feature has not been updated in 5 years or more
372966249,way,last_update,7-10-2015,Feature has not been updated in 5 years or more
372966254,way,last_update,9-7-2021,Feature has not been updated in 5 years or more
373005706,way,last_update,30-9-2015,Feature has not been updated in 5 years or more
373005707,way,last_update,13-10-2019,Feature has not been updated in 5 years or more
373071628,way,last_update,30-9-2015,Feature has not been updated in 5 years or more
373427775,way,last_update,2-10-2015,Feature has not been updated in 5 years or more
373704108,way,last_update,9-7-2021,Feature has not been updated in 5 years or more
373704126,way,last_update,9-7-2021,Feature has not been updated in 5 years or more
374352118,way,last_update,25-4-2020,Feature has not been updated in 5 years or more
374582313,way,last_update,21-3-2021,Feature has not been updated in 5 years or more
374582328,way,last_update,9-10-2015,Feature has not been updated in 5 years or more
374590747,way,last_update,9-10-2015,Feature has not been updated in 5 years or more
374590759,way,last_update,9-10-2015,Feature has not been updated in 5 years or more
374590765,way,last_update,17-2-2021,Feature has not been updated in 5 years or more
374590791,way,last_update,9-10-2015,Feature has not been updated in 5 years or more
374590798,way,last_update,9-10-2015,Feature has not been updated in 5 years or more
374590801,way,last_update,9-10-2015,Feature has not been updated in 5 years or more
374590806,way,last_update,9-10-2015,Feature has not been updated in 5 years or more
374590807,way,last_update,9-10-2015,Feature has not been updated in 5 years or more
374595625,way,last_update,9-10-2015,Feature has not been updated in 5 years or more
374610132,way,last_update,9-10-2015,Feature has not been updated in 5 years or more
374610133,way,last_update,9-10-2015,Feature has not been updated in 5 years or more
374610134,way,last_update,9-10-2015,Feature has not been updated in 5 years or more
374861884,way,last_update,13-3-2021,Feature has not been updated in 5 years or more
374861887,way,last_update,1-12-2019,Feature has not been updated in 5 years or more
374861922,way,last_update,15-3-2021,Feature has not been updated in 5 years or more
374861933,way,last_update,15-3-2021,Feature has not been updated in 5 years or more
374861938,way,last_update,15-3-2021,Feature has not been updated in 5 years or more
374861954,way,last_update,15-3-2021,Feature has not been updated in 5 years or more
374861956,way,last_update,10-5-2021,Feature has not been updated in 5 years or more
374980730,way,last_update,25-9-2016,Feature has not been updated in 5 years or more
374980735,way,last_update,4-4-2016,Feature has not been updated in 5 years or more
374980738,way,last_update,12-10-2015,Feature has not been updated in 5 years or more
374980740,way,last_update,12-10-2015,Feature has not been updated in 5 years or more
375122262,way,last_update,14-10-2015,Feature has not been updated in 5 years or more
375206329,way,last_update,10-11-2018,Feature has not been updated in 5 years or more
375206331,way,last_update,10-11-2018,Feature has not been updated in 5 years or more
375206339,way,last_update,14-10-2015,Feature has not been updated in 5 years or more
376882429,way,last_update,30-7-2019,Feature has not been updated in 5 years or more
376882438,way,last_update,25-10-2015,Feature has not been updated in 5 years or more
376893789,way,last_update,25-10-2015,Feature has not been updated in 5 years or more
376893790,way,last_update,25-10-2015,Feature has not been updated in 5 years or more
376893791,way,last_update,25-10-2015,Feature has not been updated in 5 years or more
376893793,way,last_update,10-8-2019,Feature has not been updated in 5 years or more
376893794,way,last_update,27-10-2015,Feature has not been updated in 5 years or more
376893801,way,last_update,25-10-2015,Feature has not been updated in 5 years or more
377208290,way,last_update,27-10-2015,Feature has not been updated in 5 years or more
377209122,way,last_update,8-3-2021,Feature has not been updated in 5 years or more
377509872,way,last_update,29-10-2015,Feature has not been updated in 5 years or more
377766496,way,last_update,31-10-2015,Feature has not been updated in 5 years or more
377766497,way,last_update,13-2-2020,Feature has not been updated in 5 years or more
377766498,way,last_update,31-10-2015,Feature has not been updated in 5 years or more
377766499,way,last_update,31-10-2015,Feature has not been updated in 5 years or more
377776510,way,last_update,5-5-2021,Feature has not been updated in 5 years or more
377851451,way,last_update,1-11-2015,Feature has not been updated in 5 years or more
377895177,way,last_update,17-4-2021,Feature has not been updated in 5 years or more
377895180,way,last_update,3-3-2021,Feature has not been updated in 5 years or more
377895184,way,last_update,21-2-2021,Feature has not been updated in 5 years or more
377895196,way,last_update,8-5-2021,Feature has not been updated in 5 years or more
377899751,way,last_update,1-9-2018,Feature has not been updated in 5 years or more
377899752,way,last_update,11-8-2019,Feature has not been updated in 5 years or more
377899758,way,last_update,21-3-2021,Feature has not been updated in 5 years or more
377899759,way,last_update,14-3-2021,Feature has not been updated in 5 years or more
377899761,way,last_update,5-5-2021,Feature has not been updated in 5 years or more
377899768,way,last_update,18-10-2020,Feature has not been updated in 5 years or more
377899771,way,last_update,10-11-2020,Feature has not been updated in 5 years or more
377899772,way,last_update,12-8-2019,Feature has not been updated in 5 years or more
377899776,way,last_update,19-10-2020,Feature has not been updated in 5 years or more
377899778,way,last_update,14-3-2021,Feature has not been updated in 5 years or more
377899781,way,last_update,16-3-2021,Feature has not been updated in 5 years or more
377899782,way,last_update,14-3-2021,Feature has not been updated in 5 years or more
377899790,way,last_update,10-5-2020,Feature has not been updated in 5 years or more
377899798,way,last_update,14-3-2021,Feature has not been updated in 5 years or more
379457733,way,last_update,15-5-2018,Feature has not been updated in 5 years or more
380001865,way,last_update,19-10-2020,Feature has not been updated in 5 years or more
380001866,way,last_update,19-10-2020,Feature has not been updated in 5 years or more
380001867,way,last_update,19-10-2020,Feature has not been updated in 5 years or more
381581269,way,last_update,10-3-2021,Feature has not been updated in 5 years or more
381581281,way,last_update,10-3-2021,Feature has not been updated in 5 years or more
381743855,way,last_update,28-2-2021,Feature has not been updated in 5 years or more
381743859,way,last_update,21-11-2015,Feature has not been updated in 5 years or more
381749954,way,last_update,1-9-2018,Feature has not been updated in 5 years or more
381749957,way,last_update,7-11-2020,Feature has not been updated in 5 years or more
381749959,way,last_update,1-9-2018,Feature has not been updated in 5 years or more
381849869,way,last_update,9-8-2021,Feature has not been updated in 5 years or more
381849870,way,last_update,20-11-2016,Feature has not been updated in 5 years or more
381849872,way,last_update,17-8-2017,Feature has not been updated in 5 years or more
381849875,way,last_update,20-11-2016,Feature has not been updated in 5 years or more
381849896,way,last_update,2-6-2021,Feature has not been updated in 5 years or more
381849897,way,last_update,20-11-2016,Feature has not been updated in 5 years or more
387150594,way,last_update,16-6-2021,Feature has not been updated in 5 years or more
395306155,way,last_update,25-3-2021,Feature has not been updated in 5 years or more
397522091,way,last_update,13-10-2019,Feature has not been updated in 5 years or more
402955726,way,last_update,10-3-2016,Feature has not been updated in 5 years or more
402955728,way,last_update,10-3-2016,Feature has not been updated in 5 years or more
404794527,way,last_update,9-6-2019,Feature has not been updated in 5 years or more
404794530,way,last_update,9-6-2019,Feature has not been updated in 5 years or more
404794532,way,last_update,10-6-2019,Feature has not been updated in 5 years or more
404794551,way,last_update,20-3-2016,Feature has not been updated in 5 years or more
404794552,way,last_update,20-3-2016,Feature has not been updated in 5 years or more
404794582,way,last_update,20-3-2016,Feature has not been updated in 5 years or more
404794583,way,last_update,10-6-2019,Feature has not been updated in 5 years or more
405327668,way,last_update,4-5-2021,Feature has not been updated in 5 years or more
405332458,way,last_update,5-5-2021,Feature has not been updated in 5 years or more
405332461,way,last_update,5-5-2021,Feature has not been updated in 5 years or more
410100120,way,last_update,9-9-2020,Feature has not been updated in 5 years or more
410100122,way,last_update,14-4-2016,Feature has not been updated in 5 years or more
410100129,way,last_update,9-11-2020,Feature has not been updated in 5 years or more
410100134,way,last_update,13-4-2016,Feature has not been updated in 5 years or more
410100139,way,last_update,13-4-2016,Feature has not been updated in 5 years or more
410100163,way,last_update,13-5-2019,Feature has not been updated in 5 years or more
410100166,way,last_update,10-6-2021,Feature has not been updated in 5 years or more
410100171,way,last_update,6-5-2021,Feature has not been updated in 5 years or more
410100174,way,last_update,9-11-2020,Feature has not been updated in 5 years or more
412145904,way,last_update,26-10-2019,Feature has not been updated in 5 years or more
413346698,way,last_update,9-11-2019,Feature has not been updated in 5 years or more
413346699,way,last_update,25-4-2016,Feature has not been updated in 5 years or more
413346700,way,last_update,26-10-2019,Feature has not been updated in 5 years or more
413346706,way,last_update,26-10-2019,Feature has not been updated in 5 years or more
413992789,way,last_update,16-5-2020,Feature has not been updated in 5 years or more
413992792,way,last_update,27-4-2016,Feature has not been updated in 5 years or more
414357275,way,last_update,31-1-2021,Feature has not been updated in 5 years or more
414834882,way,last_update,17-4-2021,Feature has not been updated in 5 years or more
416784727,way,last_update,9-5-2016,Feature has not been updated in 5 years or more
428586021,way,last_update,15-3-2021,Feature has not been updated in 5 years or more
429739132,way,last_update,24-7-2020,Feature has not been updated in 5 years or more
431281814,way,last_update,22-8-2020,Feature has not been updated in 5 years or more
435972421,way,last_update,28-10-2019,Feature has not been updated in 5 years or more
436753813,way,last_update,30-4-2018,Feature has not been updated in 5 years or more
436753814,way,last_update,21-8-2016,Feature has not been updated in 5 years or more
436753816,way,last_update,30-4-2018,Feature has not been updated in 5 years or more
436753818,way,last_update,21-8-2016,Feature has not been updated in 5 years or more
437536719,way,last_update,1-5-2018,Feature has not been updated in 5 years or more
438259653,way,last_update,29-4-2018,Feature has not been updated in 5 years or more
438259672,way,last_update,14-10-2016,Feature has not been updated in 5 years or more
439069175,way,last_update,13-4-2020,Feature has not been updated in 5 years or more
439364866,way,last_update,26-3-2018,Feature has not been updated in 5 years or more
440149398,way,last_update,8-3-2021,Feature has not been updated in 5 years or more
440661664,way,last_update,29-11-2020,Feature has not been updated in 5 years or more
440662195,way,last_update,4-9-2016,Feature has not been updated in 5 years or more
443055142,way,last_update,23-4-2021,Feature has not been updated in 5 years or more
443651696,way,last_update,23-3-2021,Feature has not been updated in 5 years or more
445175526,way,last_update,22-5-2021,Feature has not been updated in 5 years or more
445176612,way,last_update,16-5-2021,Feature has not been updated in 5 years or more
445176614,way,last_update,22-5-2021,Feature has not been updated in 5 years or more
447771102,way,last_update,8-11-2019,Feature has not been updated in 5 years or more
447771118,way,last_update,8-11-2019,Feature has not been updated in 5 years or more
447903745,way,last_update,15-10-2016,Feature has not been updated in 5 years or more
447903748,way,last_update,15-10-2016,Feature has not been updated in 5 years or more
447903749,way,last_update,15-10-2016,Feature has not been updated in 5 years or more
447903750,way,last_update,15-10-2016,Feature has not been updated in 5 years or more
447903751,way,last_update,15-10-2016,Feature has not been updated in 5 years or more
448258206,way,last_update,21-1-2018,Feature has not been updated in 5 years or more
450662018,way,last_update,10-5-2021,Feature has not been updated in 5 years or more
453102550,way,last_update,24-3-2021,Feature has not been updated in 5 years or more
453102551,way,last_update,6-5-2021,Feature has not been updated in 5 years or more
453683981,way,last_update,18-3-2021,Feature has not been updated in 5 years or more
453683983,way,last_update,21-1-2018,Feature has not been updated in 5 years or more
459860364,way,last_update,4-2-2021,Feature has not been updated in 5 years or more
461219386,way,last_update,3-3-2021,Feature has not been updated in 5 years or more
461219388,way,last_update,1-3-2021,Feature has not been updated in 5 years or more
461219406,way,last_update,22-12-2016,Feature has not been updated in 5 years or more
461219418,way,last_update,22-12-2016,Feature has not been updated in 5 years or more
461350649,way,last_update,26-1-2021,Feature has not been updated in 5 years or more
461350650,way,last_update,28-1-2021,Feature has not been updated in 5 years or more
461350666,way,last_update,15-3-2021,Feature has not been updated in 5 years or more
461350673,way,last_update,18-3-2021,Feature has not been updated in 5 years or more
461350677,way,last_update,18-3-2021,Feature has not been updated in 5 years or more
461350681,way,last_update,15-3-2021,Feature has not been updated in 5 years or more
461350684,way,last_update,29-1-2021,Feature has not been updated in 5 years or more
461350694,way,last_update,29-1-2021,Feature has not been updated in 5 years or more
461379380,way,last_update,30-1-2021,Feature has not been updated in 5 years or more
461997728,way,last_update,15-8-2021,Feature has not been updated in 5 years or more
462147522,way,last_update,11-3-2021,Feature has not been updated in 5 years or more
462424839,way,last_update,22-7-2021,Feature has not been updated in 5 years or more
462424842,way,last_update,28-12-2016,Feature has not been updated in 5 years or more
462424845,way,last_update,16-5-2020,Feature has not been updated in 5 years or more
463741663,way,last_update,21-1-2018,Feature has not been updated in 5 years or more
469158046,way,last_update,18-6-2021,Feature has not been updated in 5 years or more
469158049,way,last_update,18-6-2021,Feature has not been updated in 5 years or more
472340757,way,last_update,5-12-2020,Feature has not been updated in 5 years or more
472340758,way,last_update,5-12-2020,Feature has not been updated in 5 years or more
472340763,way,last_update,5-2-2017,Feature has not been updated in 5 years or more
477204386,way,last_update,25-2-2017,Feature has not been updated in 5 years or more
477342698,way,last_update,9-3-2021,Feature has not been updated in 5 years or more
477342700,way,last_update,9-3-2021,Feature has not been updated in 5 years or more
478730021,way,last_update,5-3-2017,Feature has not been updated in 5 years or more
478730027,way,last_update,5-3-2017,Feature has not been updated in 5 years or more
478730028,way,last_update,5-3-2017,Feature has not been updated in 5 years or more
483521295,way,last_update,12-3-2019,Feature has not been updated in 5 years or more
483521297,way,last_update,12-3-2019,Feature has not been updated in 5 years or more
483521303,way,last_update,12-3-2019,Feature has not been updated in 5 years or more
483521304,way,last_update,13-3-2019,Feature has not been updated in 5 years or more
483738843,way,last_update,5-4-2018,Feature has not been updated in 5 years or more
483738847,way,last_update,30-3-2017,Feature has not been updated in 5 years or more
483738864,way,last_update,30-3-2017,Feature has not been updated in 5 years or more
485562657,way,last_update,30-7-2019,Feature has not been updated in 5 years or more
491795157,way,last_update,25-8-2020,Feature has not been updated in 5 years or more
491795166,way,last_update,6-5-2017,Feature has not been updated in 5 years or more
492801979,way,last_update,14-3-2021,Feature has not been updated in 5 years or more
495339723,way,last_update,23-5-2017,Feature has not been updated in 5 years or more
495339724,way,last_update,11-8-2020,Feature has not been updated in 5 years or more
495805146,way,last_update,25-5-2017,Feature has not been updated in 5 years or more
495805147,way,last_update,25-5-2017,Feature has not been updated in 5 years or more
495805148,way,last_update,30-4-2018,Feature has not been updated in 5 years or more
495805149,way,last_update,25-5-2017,Feature has not been updated in 5 years or more
495826153,way,last_update,11-8-2020,Feature has not been updated in 5 years or more
496260097,way,last_update,10-8-2020,Feature has not been updated in 5 years or more
496353565,way,last_update,27-5-2017,Feature has not been updated in 5 years or more
496353568,way,last_update,11-8-2020,Feature has not been updated in 5 years or more
496353569,way,last_update,11-8-2020,Feature has not been updated in 5 years or more
496353572,way,last_update,11-8-2020,Feature has not been updated in 5 years or more
496353580,way,last_update,30-4-2018,Feature has not been updated in 5 years or more
496353582,way,last_update,27-5-2017,Feature has not been updated in 5 years or more
496353585,way,last_update,30-4-2018,Feature has not been updated in 5 years or more
497778660,way,last_update,19-9-2019,Feature has not been updated in 5 years or more
497813432,way,last_update,30-4-2018,Feature has not been updated in 5 years or more
501394383,way,last_update,4-5-2020,Feature has not been updated in 5 years or more
501394384,way,last_update,18-6-2017,Feature has not been updated in 5 years or more
501394385,way,last_update,4-5-2020,Feature has not been updated in 5 years or more
502176206,way,last_update,14-5-2021,Feature has not been updated in 5 years or more
502428890,way,last_update,21-6-2017,Feature has not been updated in 5 years or more
502428892,way,last_update,21-6-2017,Feature has not been updated in 5 years or more
502428898,way,last_update,25-10-2019,Feature has not been updated in 5 years or more
502428901,way,last_update,21-6-2017,Feature has not been updated in 5 years or more
502428917,way,last_update,21-6-2017,Feature has not been updated in 5 years or more
502428922,way,last_update,21-6-2017,Feature has not been updated in 5 years or more
502428925,way,last_update,21-6-2017,Feature has not been updated in 5 years or more
502428935,way,last_update,21-6-2017,Feature has not been updated in 5 years or more
503036537,way,last_update,1-5-2018,Feature has not been updated in 5 years or more
503156651,way,last_update,30-4-2018,Feature has not been updated in 5 years or more
503156653,way,last_update,30-4-2018,Feature has not been updated in 5 years or more
504720480,way,last_update,26-5-2021,Feature has not been updated in 5 years or more
511795272,way,last_update,11-3-2021,Feature has not been updated in 5 years or more
511795286,way,last_update,22-12-2020,Feature has not been updated in 5 years or more
514426286,way,last_update,19-4-2021,Feature has not been updated in 5 years or more
514516162,way,last_update,10-8-2017,Feature has not been updated in 5 years or more
516480867,way,last_update,17-8-2017,Feature has not been updated in 5 years or more
532599524,way,last_update,14-10-2017,Feature has not been updated in 5 years or more
532599538,way,last_update,14-10-2017,Feature has not been updated in 5 years or more
532599539,way,last_update,14-10-2017,Feature has not been updated in 5 years or more
535246853,way,last_update,24-3-2021,Feature has not been updated in 5 years or more
536458452,way,last_update,26-10-2019,Feature has not been updated in 5 years or more
536458456,way,last_update,26-10-2019,Feature has not been updated in 5 years or more
536732665,way,last_update,29-10-2017,Feature has not been updated in 5 years or more
536732668,way,last_update,29-10-2017,Feature has not been updated in 5 years or more
536732687,way,last_update,28-8-2019,Feature has not been updated in 5 years or more
537843667,way,last_update,21-5-2021,Feature has not been updated in 5 years or more
537844243,way,last_update,2-11-2017,Feature has not been updated in 5 years or more
537844244,way,last_update,2-11-2017,Feature has not been updated in 5 years or more
537844245,way,last_update,2-11-2017,Feature has not been updated in 5 years or more
540856450,way,last_update,17-11-2020,Feature has not been updated in 5 years or more
540856451,way,last_update,17-11-2020,Feature has not been updated in 5 years or more
543590832,way,last_update,29-11-2017,Feature has not been updated in 5 years or more
543590833,way,last_update,29-11-2020,Feature has not been updated in 5 years or more
543590851,way,last_update,10-11-2019,Feature has not been updated in 5 years or more
543590855,way,last_update,10-8-2020,Feature has not been updated in 5 years or more
543590858,way,last_update,29-11-2020,Feature has not been updated in 5 years or more
543590861,way,last_update,29-11-2017,Feature has not been updated in 5 years or more
543590862,way,last_update,29-11-2020,Feature has not been updated in 5 years or more
543590864,way,last_update,10-11-2019,Feature has not been updated in 5 years or more
543590866,way,last_update,29-11-2020,Feature has not been updated in 5 years or more
543590867,way,last_update,29-11-2017,Feature has not been updated in 5 years or more
546205706,way,last_update,3-3-2021,Feature has not been updated in 5 years or more
547033680,way,last_update,29-3-2021,Feature has not been updated in 5 years or more
549792256,way,last_update,29-12-2017,Feature has not been updated in 5 years or more
552913083,way,last_update,16-6-2019,Feature has not been updated in 5 years or more
553639424,way,last_update,19-1-2020,Feature has not been updated in 5 years or more
553639425,way,last_update,19-1-2020,Feature has not been updated in 5 years or more
554317289,way,last_update,19-1-2018,Feature has not been updated in 5 years or more
554317291,way,last_update,19-1-2018,Feature has not been updated in 5 years or more
554317295,way,last_update,19-1-2018,Feature has not been updated in 5 years or more
554724024,way,last_update,28-12-2020,Feature has not been updated in 5 years or more
554724026,way,last_update,21-1-2018,Feature has not been updated in 5 years or more
554724032,way,last_update,21-1-2018,Feature has not been updated in 5 years or more
554724038,way,last_update,21-1-2018,Feature has not been updated in 5 years or more
554734401,way,last_update,21-1-2018,Feature has not been updated in 5 years or more
564193484,way,last_update,26-2-2018,Feature has not been updated in 5 years or more
572851077,way,last_update,30-4-2018,Feature has not been updated in 5 years or more
573113052,way,last_update,9-3-2019,Feature has not been updated in 5 years or more
573219716,way,last_update,9-8-2020,Feature has not been updated in 5 years or more
583229212,way,last_update,26-1-2020,Feature has not been updated in 5 years or more
583231389,way,last_update,21-2-2021,Feature has not been updated in 5 years or more
583231392,way,last_update,5-3-2021,Feature has not been updated in 5 years or more
583231396,way,last_update,5-3-2021,Feature has not been updated in 5 years or more
585308472,way,last_update,5-5-2018,Feature has not been updated in 5 years or more
585308473,way,last_update,5-5-2018,Feature has not been updated in 5 years or more
585465795,way,last_update,1-1-2020,Feature has not been updated in 5 years or more
585465796,way,last_update,6-5-2018,Feature has not been updated in 5 years or more
585465797,way,last_update,6-5-2018,Feature has not been updated in 5 years or more
585465798,way,last_update,6-5-2018,Feature has not been updated in 5 years or more
586071273,way,last_update,9-6-2018,Feature has not been updated in 5 years or more
587422037,way,last_update,11-5-2018,Feature has not been updated in 5 years or more
587422039,way,last_update,11-5-2018,Feature has not been updated in 5 years or more
587422042,way,last_update,11-5-2018,Feature has not been updated in 5 years or more
587422045,way,last_update,16-6-2020,Feature has not been updated in 5 years or more
587422047,way,last_update,11-5-2018,Feature has not been updated in 5 years or more
587422048,way,last_update,9-6-2020,Feature has not been updated in 5 years or more
587422050,way,last_update,11-5-2018,Feature has not been updated in 5 years or more
589767634,way,last_update,21-5-2018,Feature has not been updated in 5 years or more
591478431,way,last_update,3-6-2021,Feature has not been updated in 5 years or more
595884815,way,last_update,9-6-2018,Feature has not been updated in 5 years or more
595884818,way,last_update,9-6-2018,Feature has not been updated in 5 years or more
596164949,way,last_update,27-10-2020,Feature has not been updated in 5 years or more
597479821,way,last_update,8-3-2021,Feature has not been updated in 5 years or more
597479823,way,last_update,13-6-2018,Feature has not been updated in 5 years or more
619272299,way,last_update,5-5-2021,Feature has not been updated in 5 years or more
619272300,way,last_update,10-4-2021,Feature has not been updated in 5 years or more
619272303,way,last_update,2-4-2021,Feature has not been updated in 5 years or more
619523164,way,last_update,25-1-2019,Feature has not been updated in 5 years or more
619523166,way,last_update,24-8-2018,Feature has not been updated in 5 years or more
621094373,way,last_update,4-5-2021,Feature has not been updated in 5 years or more
622692263,way,last_update,12-11-2018,Feature has not been updated in 5 years or more
622692273,way,last_update,12-11-2018,Feature has not been updated in 5 years or more
622708278,way,last_update,22-5-2021,Feature has not been updated in 5 years or more
622708279,way,last_update,22-5-2021,Feature has not been updated in 5 years or more
622708280,way,last_update,22-5-2021,Feature has not been updated in 5 years or more
622708281,way,last_update,22-5-2021,Feature has not been updated in 5 years or more
645877622,way,last_update,22-11-2018,Feature has not been updated in 5 years or more
646556186,way,last_update,16-4-2021,Feature has not been updated in 5 years or more
646556188,way,last_update,16-4-2021,Feature has not been updated in 5 years or more
646947443,way,last_update,20-11-2018,Feature has not been updated in 5 years or more
648744225,way,last_update,25-11-2018,Feature has not been updated in 5 years or more
651238573,way,last_update,30-11-2018,Feature has not been updated in 5 years or more
651480970,way,last_update,1-12-2018,Feature has not been updated in 5 years or more
651480971,way,last_update,1-12-2018,Feature has not been updated in 5 years or more
651560806,way,last_update,1-12-2018,Feature has not been updated in 5 years or more
651560808,way,last_update,1-12-2018,Feature has not been updated in 5 years or more
651560810,way,last_update,1-12-2018,Feature has not been updated in 5 years or more
651747340,way,last_update,2-12-2018,Feature has not been updated in 5 years or more
651747344,way,last_update,3-6-2021,Feature has not been updated in 5 years or more
651762407,way,last_update,19-4-2021,Feature has not been updated in 5 years or more
651881167,way,last_update,19-4-2021,Feature has not been updated in 5 years or more
652565379,way,last_update,16-4-2021,Feature has not been updated in 5 years or more
654311343,way,last_update,16-5-2021,Feature has not been updated in 5 years or more
654671883,way,last_update,17-8-2019,Feature has not been updated in 5 years or more
654768827,way,last_update,16-12-2018,Feature has not been updated in 5 years or more
655066416,way,last_update,3-6-2021,Feature has not been updated in 5 years or more
655066432,way,last_update,16-5-2021,Feature has not been updated in 5 years or more
655085109,way,last_update,28-2-2021,Feature has not been updated in 5 years or more
655223715,way,last_update,15-12-2018,Feature has not been updated in 5 years or more
655223717,way,last_update,28-2-2021,Feature has not been updated in 5 years or more
660873393,way,last_update,19-4-2021,Feature has not been updated in 5 years or more
660924811,way,last_update,19-4-2021,Feature has not been updated in 5 years or more
660924814,way,last_update,19-4-2021,Feature has not been updated in 5 years or more
663292071,way,last_update,8-8-2021,Feature has not been updated in 5 years or more
663292074,way,last_update,14-1-2019,Feature has not been updated in 5 years or more
663292075,way,last_update,14-1-2019,Feature has not been updated in 5 years or more
663292076,way,last_update,14-1-2019,Feature has not been updated in 5 years or more
663292077,way,last_update,14-1-2019,Feature has not been updated in 5 years or more
663292078,way,last_update,14-1-2019,Feature has not been updated in 5 years or more
663292079,way,last_update,14-1-2019,Feature has not been updated in 5 years or more
663292080,way,last_update,14-1-2019,Feature has not been updated in 5 years or more
663292092,way,last_update,8-8-2021,Feature has not been updated in 5 years or more
663292110,way,last_update,6-4-2021,Feature has not been updated in 5 years or more
665159224,way,last_update,21-1-2019,Feature has not been updated in 5 years or more
665160012,way,last_update,21-1-2019,Feature has not been updated in 5 years or more
665160014,way,last_update,21-1-2019,Feature has not been updated in 5 years or more
665411365,way,last_update,22-1-2019,Feature has not been updated in 5 years or more
665411368,way,last_update,2-4-2019,Feature has not been updated in 5 years or more
666375407,way,last_update,26-1-2019,Feature has not been updated in 5 years or more
666375427,way,last_update,26-1-2019,Feature has not been updated in 5 years or more
666375429,way,last_update,26-1-2019,Feature has not been updated in 5 years or more
669413088,way,last_update,9-2-2019,Feature has not been updated in 5 years or more
669423926,way,last_update,8-3-2021,Feature has not been updated in 5 years or more
670303911,way,last_update,27-5-2021,Feature has not been updated in 5 years or more
670445988,way,last_update,25-4-2019,Feature has not been updated in 5 years or more
670957311,way,last_update,16-2-2019,Feature has not been updated in 5 years or more
670957314,way,last_update,16-2-2019,Feature has not been updated in 5 years or more
672626313,way,last_update,24-2-2019,Feature has not been updated in 5 years or more
673225186,way,last_update,2-3-2021,Feature has not been updated in 5 years or more
673225187,way,last_update,2-3-2021,Feature has not been updated in 5 years or more
673225188,way,last_update,14-7-2021,Feature has not been updated in 5 years or more
673692058,way,last_update,19-4-2021,Feature has not been updated in 5 years or more
674076676,way,last_update,2-3-2019,Feature has not been updated in 5 years or more
674076697,way,last_update,2-3-2019,Feature has not been updated in 5 years or more
674179374,way,last_update,3-3-2019,Feature has not been updated in 5 years or more
674179375,way,last_update,3-3-2019,Feature has not been updated in 5 years or more
674182050,way,last_update,19-4-2021,Feature has not been updated in 5 years or more
674182053,way,last_update,19-4-2021,Feature has not been updated in 5 years or more
674217914,way,last_update,19-4-2021,Feature has not been updated in 5 years or more
674532167,way,last_update,4-3-2019,Feature has not been updated in 5 years or more
674754338,way,last_update,8-8-2020,Feature has not been updated in 5 years or more
675601572,way,last_update,9-3-2019,Feature has not been updated in 5 years or more
675601581,way,last_update,9-3-2019,Feature has not been updated in 5 years or more
675671974,way,last_update,10-3-2019,Feature has not been updated in 5 years or more
675933644,way,last_update,11-3-2019,Feature has not been updated in 5 years or more
676370519,way,last_update,12-3-2019,Feature has not been updated in 5 years or more
676975498,way,last_update,15-3-2019,Feature has not been updated in 5 years or more
677059849,way,last_update,15-3-2019,Feature has not been updated in 5 years or more
678806255,way,last_update,23-3-2019,Feature has not been updated in 5 years or more
678826106,way,last_update,23-3-2019,Feature has not been updated in 5 years or more
682048210,way,last_update,6-4-2019,Feature has not been updated in 5 years or more
682048211,way,last_update,6-4-2019,Feature has not been updated in 5 years or more
682223041,way,last_update,30-9-2020,Feature has not been updated in 5 years or more
682296759,way,last_update,22-4-2019,Feature has not been updated in 5 years or more
682539022,way,last_update,26-4-2021,Feature has not been updated in 5 years or more
682539023,way,last_update,6-12-2020,Feature has not been updated in 5 years or more
682539025,way,last_update,26-2-2020,Feature has not been updated in 5 years or more
683421224,way,last_update,12-4-2019,Feature has not been updated in 5 years or more
685792745,way,last_update,25-4-2019,Feature has not been updated in 5 years or more
686874692,way,last_update,17-4-2021,Feature has not been updated in 5 years or more
686874695,way,last_update,15-3-2021,Feature has not been updated in 5 years or more
687222354,way,last_update,1-5-2019,Feature has not been updated in 5 years or more
687222440,way,last_update,1-5-2019,Feature has not been updated in 5 years or more
687852994,way,last_update,9-11-2020,Feature has not been updated in 5 years or more
690020579,way,last_update,14-5-2019,Feature has not been updated in 5 years or more
690020582,way,last_update,14-5-2019,Feature has not been updated in 5 years or more
690020584,way,last_update,14-5-2019,Feature has not been updated in 5 years or more
690801913,way,last_update,18-5-2019,Feature has not been updated in 5 years or more
695831750,way,last_update,25-10-2019,Feature has not been updated in 5 years or more
695959137,way,last_update,16-6-2021,Feature has not been updated in 5 years or more
696754086,way,last_update,12-6-2019,Feature has not been updated in 5 years or more
697517183,way,last_update,16-6-2019,Feature has not been updated in 5 years or more
697517196,way,last_update,16-6-2019,Feature has not been updated in 5 years or more
699085695,way,last_update,22-6-2019,Feature has not been updated in 5 years or more
699085696,way,last_update,22-6-2019,Feature has not been updated in 5 years or more
699085704,way,last_update,25-6-2019,Feature has not been updated in 5 years or more
699784290,way,last_update,25-6-2019,Feature has not been updated in 5 years or more
700223639,way,last_update,22-1-2020,Feature has not been updated in 5 years or more
700721680,way,last_update,30-6-2019,Feature has not been updated in 5 years or more
700721684,way,last_update,30-6-2019,Feature has not been updated in 5 years or more
703495809,way,last_update,11-7-2019,Feature has not been updated in 5 years or more
703495810,way,last_update,11-7-2019,Feature has not been updated in 5 years or more
703495811,way,last_update,11-7-2019,Feature has not been updated in 5 years or more
703816458,way,last_update,12-7-2019,Feature has not been updated in 5 years or more
703816461,way,last_update,12-7-2019,Feature has not been updated in 5 years or more
703816462,way,last_update,19-1-2021,Feature has not been updated in 5 years or more
703816463,way,last_update,19-1-2021,Feature has not been updated in 5 years or more
704117173,way,last_update,13-7-2019,Feature has not been updated in 5 years or more
704220485,way,last_update,7-9-2019,Feature has not been updated in 5 years or more
704252747,way,last_update,24-3-2021,Feature has not been updated in 5 years or more
704252748,way,last_update,24-3-2021,Feature has not been updated in 5 years or more
704252752,way,last_update,24-3-2021,Feature has not been updated in 5 years or more
704252753,way,last_update,24-3-2021,Feature has not been updated in 5 years or more
704252754,way,last_update,24-3-2021,Feature has not been updated in 5 years or more
707283466,way,last_update,8-3-2021,Feature has not been updated in 5 years or more
707283468,way,last_update,27-5-2021,Feature has not been updated in 5 years or more
707284402,way,last_update,26-5-2021,Feature has not been updated in 5 years or more
707284796,way,last_update,26-5-2021,Feature has not been updated in 5 years or more
708614895,way,last_update,29-7-2019,Feature has not been updated in 5 years or more
708614915,way,last_update,29-7-2019,Feature has not been updated in 5 years or more
708656986,way,last_update,29-7-2019,Feature has not been updated in 5 years or more
708656988,way,last_update,29-7-2019,Feature has not been updated in 5 years or more
708656990,way,last_update,29-7-2019,Feature has not been updated in 5 years or more
708713858,way,last_update,30-7-2019,Feature has not been updated in 5 years or more
708713860,way,last_update,30-7-2019,Feature has not been updated in 5 years or more
708713862,way,last_update,30-7-2019,Feature has not been updated in 5 years or more
708713863,way,last_update,30-7-2019,Feature has not been updated in 5 years or more
708713865,way,last_update,30-7-2019,Feature has not been updated in 5 years or more
708713866,way,last_update,30-7-2019,Feature has not been updated in 5 years or more
708713867,way,last_update,30-7-2019,Feature has not been updated in 5 years or more
708928915,way,last_update,30-7-2019,Feature has not been updated in 5 years or more
708995141,way,last_update,30-7-2019,Feature has not been updated in 5 years or more
708995150,way,last_update,30-7-2019,Feature has not been updated in 5 years or more
708995151,way,last_update,27-4-2021,Feature has not been updated in 5 years or more
709245473,way,last_update,23-4-2021,Feature has not been updated in 5 years or more
709245474,way,last_update,31-7-2019,Feature has not been updated in 5 years or more
709245475,way,last_update,23-4-2021,Feature has not been updated in 5 years or more
709245476,way,last_update,19-4-2021,Feature has not been updated in 5 years or more
709823775,way,last_update,10-5-2021,Feature has not been updated in 5 years or more
709823782,way,last_update,26-1-2021,Feature has not been updated in 5 years or more
709823795,way,last_update,2-8-2019,Feature has not been updated in 5 years or more
709873570,way,last_update,2-8-2019,Feature has not been updated in 5 years or more
709873571,way,last_update,10-5-2021,Feature has not been updated in 5 years or more
709886458,way,last_update,2-8-2019,Feature has not been updated in 5 years or more
709886459,way,last_update,2-9-2020,Feature has not been updated in 5 years or more
709886460,way,last_update,26-4-2021,Feature has not been updated in 5 years or more
709886465,way,last_update,29-4-2021,Feature has not been updated in 5 years or more
709924038,way,last_update,2-8-2019,Feature has not been updated in 5 years or more
709924039,way,last_update,19-10-2019,Feature has not been updated in 5 years or more
709924040,way,last_update,2-8-2019,Feature has not been updated in 5 years or more
710347669,way,last_update,2-8-2019,Feature has not been updated in 5 years or more
710459339,way,last_update,3-8-2019,Feature has not been updated in 5 years or more
710459341,way,last_update,3-8-2019,Feature has not been updated in 5 years or more
710478930,way,last_update,3-8-2019,Feature has not been updated in 5 years or more
710669830,way,last_update,4-8-2019,Feature has not been updated in 5 years or more
710669858,way,last_update,4-8-2019,Feature has not been updated in 5 years or more
712153050,way,last_update,8-8-2019,Feature has not been updated in 5 years or more
712159131,way,last_update,14-6-2020,Feature has not been updated in 5 years or more
712159132,way,last_update,8-8-2019,Feature has not been updated in 5 years or more
712575242,way,last_update,11-8-2019,Feature has not been updated in 5 years or more
712575243,way,last_update,3-8-2021,Feature has not been updated in 5 years or more
712575245,way,last_update,11-8-2019,Feature has not been updated in 5 years or more
712624819,way,last_update,11-8-2019,Feature has not been updated in 5 years or more
712624821,way,last_update,11-8-2019,Feature has not been updated in 5 years or more
712645811,way,last_update,11-8-2019,Feature has not been updated in 5 years or more
712645812,way,last_update,11-8-2019,Feature has not been updated in 5 years or more
712645813,way,last_update,26-4-2021,Feature has not been updated in 5 years or more
712697965,way,last_update,11-8-2019,Feature has not been updated in 5 years or more
712697966,way,last_update,12-8-2019,Feature has not been updated in 5 years or more
712697976,way,last_update,11-8-2019,Feature has not been updated in 5 years or more
713156575,way,last_update,12-8-2019,Feature has not been updated in 5 years or more
713156576,way,last_update,12-8-2019,Feature has not been updated in 5 years or more
713485108,way,last_update,27-5-2021,Feature has not been updated in 5 years or more
713485111,way,last_update,27-5-2021,Feature has not been updated in 5 years or more
714727691,way,last_update,17-11-2020,Feature has not been updated in 5 years or more
714727698,way,last_update,17-11-2020,Feature has not been updated in 5 years or more
714955597,way,last_update,17-11-2020,Feature has not been updated in 5 years or more
714955598,way,last_update,17-11-2020,Feature has not been updated in 5 years or more
714955607,way,last_update,17-11-2020,Feature has not been updated in 5 years or more
714955608,way,last_update,17-8-2019,Feature has not been updated in 5 years or more
714955609,way,last_update,17-11-2020,Feature has not been updated in 5 years or more
714955611,way,last_update,17-11-2020,Feature has not been updated in 5 years or more
715007020,way,last_update,10-11-2020,Feature has not been updated in 5 years or more
717904768,way,last_update,24-8-2019,Feature has not been updated in 5 years or more
718098052,way,last_update,10-11-2020,Feature has not been updated in 5 years or more
718098053,way,last_update,10-11-2020,Feature has not been updated in 5 years or more
718098072,way,last_update,18-11-2020,Feature has not been updated in 5 years or more
718098077,way,last_update,10-11-2020,Feature has not been updated in 5 years or more
718225116,way,last_update,26-8-2019,Feature has not been updated in 5 years or more
718225126,way,last_update,12-4-2021,Feature has not been updated in 5 years or more
718225129,way,last_update,12-4-2021,Feature has not been updated in 5 years or more
719030428,way,last_update,27-8-2019,Feature has not been updated in 5 years or more
719030429,way,last_update,27-8-2019,Feature has not been updated in 5 years or more
719030430,way,last_update,6-1-2020,Feature has not been updated in 5 years or more
719030431,way,last_update,27-8-2019,Feature has not been updated in 5 years or more
719030435,way,last_update,27-8-2019,Feature has not been updated in 5 years or more
719030438,way,last_update,27-8-2019,Feature has not been updated in 5 years or more
719431520,way,last_update,7-9-2019,Feature has not been updated in 5 years or more
719431521,way,last_update,3-9-2019,Feature has not been updated in 5 years or more
719458541,way,last_update,28-8-2019,Feature has not been updated in 5 years or more
719458544,way,last_update,26-3-2021,Feature has not been updated in 5 years or more
719458547,way,last_update,28-8-2019,Feature has not been updated in 5 years or more
719458549,way,last_update,28-8-2019,Feature has not been updated in 5 years or more
722696957,way,last_update,7-9-2019,Feature has not been updated in 5 years or more
722696958,way,last_update,7-9-2019,Feature has not been updated in 5 years or more
722696959,way,last_update,7-9-2019,Feature has not been updated in 5 years or more
722696961,way,last_update,7-9-2019,Feature has not been updated in 5 years or more
722696964,way,last_update,7-9-2019,Feature has not been updated in 5 years or more
722696967,way,last_update,7-9-2019,Feature has not been updated in 5 years or more
722789813,way,last_update,7-9-2019,Feature has not been updated in 5 years or more
722842488,way,last_update,8-9-2019,Feature has not been updated in 5 years or more
724528966,way,last_update,14-9-2019,Feature has not been updated in 5 years or more
724625301,way,last_update,31-5-2021,Feature has not been updated in 5 years or more
724625302,way,last_update,31-5-2021,Feature has not been updated in 5 years or more
724675103,way,last_update,15-9-2019,Feature has not been updated in 5 years or more
727863087,way,last_update,27-4-2021,Feature has not been updated in 5 years or more
729168446,way,last_update,3-5-2021,Feature has not been updated in 5 years or more
729168448,way,last_update,7-5-2021,Feature has not been updated in 5 years or more
729168453,way,last_update,6-5-2021,Feature has not been updated in 5 years or more
729267312,way,last_update,15-3-2021,Feature has not been updated in 5 years or more
729505760,way,last_update,17-11-2020,Feature has not been updated in 5 years or more
729795946,way,last_update,30-9-2019,Feature has not been updated in 5 years or more
732153935,way,last_update,6-10-2019,Feature has not been updated in 5 years or more
733862653,way,last_update,12-10-2019,Feature has not been updated in 5 years or more
734613058,way,last_update,18-10-2019,Feature has not been updated in 5 years or more
734613059,way,last_update,14-10-2019,Feature has not been updated in 5 years or more
734613060,way,last_update,14-10-2019,Feature has not been updated in 5 years or more
736717547,way,last_update,19-10-2019,Feature has not been updated in 5 years or more
736842875,way,last_update,19-10-2019,Feature has not been updated in 5 years or more
736956664,way,last_update,20-10-2019,Feature has not been updated in 5 years or more
736956670,way,last_update,20-10-2019,Feature has not been updated in 5 years or more
736998831,way,last_update,20-10-2019,Feature has not been updated in 5 years or more
736998837,way,last_update,20-10-2019,Feature has not been updated in 5 years or more
736998839,way,last_update,20-10-2019,Feature has not been updated in 5 years or more
737002250,way,last_update,20-10-2019,Feature has not been updated in 5 years or more
737029415,way,last_update,2-6-2021,Feature has not been updated in 5 years or more
737029420,way,last_update,2-6-2021,Feature has not been updated in 5 years or more
737029424,way,last_update,20-10-2019,Feature has not been updated in 5 years or more
738003903,way,last_update,23-10-2019,Feature has not been updated in 5 years or more
738003911,way,last_update,23-10-2019,Feature has not been updated in 5 years or more
738003915,way,last_update,23-10-2019,Feature has not been updated in 5 years or more
738003916,way,last_update,24-10-2019,Feature has not been updated in 5 years or more
738573145,way,last_update,25-10-2019,Feature has not been updated in 5 years or more
738658275,way,last_update,25-10-2019,Feature has not been updated in 5 years or more
738724707,way,last_update,27-10-2019,Feature has not been updated in 5 years or more
738724708,way,last_update,27-10-2019,Feature has not been updated in 5 years or more
738724735,way,last_update,26-10-2019,Feature has not been updated in 5 years or more
738724737,way,last_update,26-10-2019,Feature has not been updated in 5 years or more
738724738,way,last_update,26-10-2019,Feature has not been updated in 5 years or more
738724742,way,last_update,26-10-2019,Feature has not been updated in 5 years or more
738724744,way,last_update,26-10-2019,Feature has not been updated in 5 years or more
738724745,way,last_update,26-10-2019,Feature has not been updated in 5 years or more
738813900,way,last_update,26-10-2019,Feature has not been updated in 5 years or more
738813901,way,last_update,26-10-2019,Feature has not been updated in 5 years or more
738813902,way,last_update,26-10-2019,Feature has not been updated in 5 years or more
738813904,way,last_update,28-10-2020,Feature has not been updated in 5 years or more
738813908,way,last_update,26-10-2019,Feature has not been updated in 5 years or more
738864366,way,last_update,26-10-2019,Feature has not been updated in 5 years or more
738864367,way,last_update,26-10-2019,Feature has not been updated in 5 years or more
738864393,way,last_update,26-10-2019,Feature has not been updated in 5 years or more
738864394,way,last_update,26-10-2019,Feature has not been updated in 5 years or more
738884761,way,last_update,26-10-2019,Feature has not been updated in 5 years or more
738903576,way,last_update,26-10-2019,Feature has not been updated in 5 years or more
738929280,way,last_update,27-10-2019,Feature has not been updated in 5 years or more
739002791,way,last_update,27-10-2019,Feature has not been updated in 5 years or more
739008791,way,last_update,27-10-2019,Feature has not been updated in 5 years or more
739008792,way,last_update,27-10-2019,Feature has not been updated in 5 years or more
739037042,way,last_update,27-10-2019,Feature has not been updated in 5 years or more
739067747,way,last_update,27-10-2019,Feature has not been updated in 5 years or more
739592456,way,last_update,28-10-2019,Feature has not been updated in 5 years or more
739613664,way,last_update,28-10-2019,Feature has not been updated in 5 years or more
739628517,way,last_update,28-10-2019,Feature has not been updated in 5 years or more
739667025,way,last_update,2-11-2019,Feature has not been updated in 5 years or more
739667026,way,last_update,2-11-2019,Feature has not been updated in 5 years or more
739667027,way,last_update,6-11-2019,Feature has not been updated in 5 years or more
739667028,way,last_update,6-11-2019,Feature has not been updated in 5 years or more
739667030,way,last_update,28-10-2019,Feature has not been updated in 5 years or more
739667031,way,last_update,28-10-2019,Feature has not been updated in 5 years or more
739667032,way,last_update,8-11-2019,Feature has not been updated in 5 years or more
739667039,way,last_update,28-10-2019,Feature has not been updated in 5 years or more
739667043,way,last_update,28-10-2019,Feature has not been updated in 5 years or more
740529119,way,last_update,30-10-2019,Feature has not been updated in 5 years or more
740776806,way,last_update,31-10-2019,Feature has not been updated in 5 years or more
740804228,way,last_update,2-11-2019,Feature has not been updated in 5 years or more
740804229,way,last_update,2-11-2019,Feature has not been updated in 5 years or more
741170685,way,last_update,10-11-2019,Feature has not been updated in 5 years or more
741170696,way,last_update,2-11-2019,Feature has not been updated in 5 years or more
741209333,way,last_update,2-11-2019,Feature has not been updated in 5 years or more
741209336,way,last_update,2-11-2019,Feature has not been updated in 5 years or more
741209337,way,last_update,2-11-2019,Feature has not been updated in 5 years or more
741209339,way,last_update,2-11-2019,Feature has not been updated in 5 years or more
741289349,way,last_update,2-11-2019,Feature has not been updated in 5 years or more
741289356,way,last_update,2-11-2019,Feature has not been updated in 5 years or more
741581777,way,last_update,3-11-2019,Feature has not been updated in 5 years or more
741590624,way,last_update,3-11-2019,Feature has not been updated in 5 years or more
741590625,way,last_update,3-11-2019,Feature has not been updated in 5 years or more
741590626,way,last_update,3-11-2019,Feature has not been updated in 5 years or more
741590628,way,last_update,3-11-2019,Feature has not been updated in 5 years or more
741631760,way,last_update,3-11-2019,Feature has not been updated in 5 years or more
741631764,way,last_update,3-11-2019,Feature has not been updated in 5 years or more
741687453,way,last_update,3-11-2019,Feature has not been updated in 5 years or more
741998853,way,last_update,4-11-2019,Feature has not been updated in 5 years or more
741998857,way,last_update,4-11-2019,Feature has not been updated in 5 years or more
741998859,way,last_update,4-11-2019,Feature has not been updated in 5 years or more
742261932,way,last_update,5-11-2019,Feature has not been updated in 5 years or more
742687454,way,last_update,6-11-2019,Feature has not been updated in 5 years or more
742687457,way,last_update,6-11-2019,Feature has not been updated in 5 years or more
742703462,way,last_update,8-11-2019,Feature has not been updated in 5 years or more
742703463,way,last_update,8-11-2019,Feature has not been updated in 5 years or more
742703468,way,last_update,9-11-2019,Feature has not been updated in 5 years or more
742703471,way,last_update,6-11-2019,Feature has not been updated in 5 years or more
742703476,way,last_update,6-11-2019,Feature has not been updated in 5 years or more
742703479,way,last_update,9-11-2019,Feature has not been updated in 5 years or more
742703493,way,last_update,9-11-2019,Feature has not been updated in 5 years or more
742718924,way,last_update,6-11-2019,Feature has not been updated in 5 years or more
742718933,way,last_update,6-11-2019,Feature has not been updated in 5 years or more
743319902,way,last_update,8-11-2019,Feature has not been updated in 5 years or more
743559821,way,last_update,9-11-2019,Feature has not been updated in 5 years or more
743559823,way,last_update,9-11-2019,Feature has not been updated in 5 years or more
743559825,way,last_update,9-11-2019,Feature has not been updated in 5 years or more
743559827,way,last_update,9-11-2019,Feature has not been updated in 5 years or more
743559829,way,last_update,9-11-2019,Feature has not been updated in 5 years or more
743585652,way,last_update,9-11-2019,Feature has not been updated in 5 years or more
743585656,way,last_update,9-11-2019,Feature has not been updated in 5 years or more
743585660,way,last_update,9-11-2019,Feature has not been updated in 5 years or more
743585661,way,last_update,9-11-2019,Feature has not been updated in 5 years or more
743585665,way,last_update,9-11-2019,Feature has not been updated in 5 years or more
743585666,way,last_update,9-11-2019,Feature has not been updated in 5 years or more
743596492,way,last_update,9-11-2019,Feature has not been updated in 5 years or more
743596499,way,last_update,9-11-2019,Feature has not been updated in 5 years or more
743624070,way,last_update,9-11-2019,Feature has not been updated in 5 years or more
743624083,way,last_update,9-11-2019,Feature has not been updated in 5 years or more
743624085,way,last_update,9-11-2019,Feature has not been updated in 5 years or more
743624086,way,last_update,9-11-2019,Feature has not been updated in 5 years or more
743681303,way,last_update,9-11-2019,Feature has not been updated in 5 years or more
743685996,way,last_update,10-11-2019,Feature has not been updated in 5 years or more
743710511,way,last_update,9-11-2019,Feature has not been updated in 5 years or more
743710516,way,last_update,10-11-2019,Feature has not been updated in 5 years or more
743710517,way,last_update,9-11-2019,Feature has not been updated in 5 years or more
743710519,way,last_update,9-11-2019,Feature has not been updated in 5 years or more
743724638,way,last_update,9-11-2019,Feature has not been updated in 5 years or more
743724642,way,last_update,9-11-2019,Feature has not been updated in 5 years or more
743724644,way,last_update,9-11-2019,Feature has not been updated in 5 years or more
743724646,way,last_update,9-11-2019,Feature has not been updated in 5 years or more
743724650,way,last_update,9-11-2019,Feature has not been updated in 5 years or more
743784391,way,last_update,10-11-2019,Feature has not been updated in 5 years or more
744147760,way,last_update,10-11-2019,Feature has not been updated in 5 years or more
744157372,way,last_update,10-11-2019,Feature has not been updated in 5 years or more
744157373,way,last_update,10-11-2019,Feature has not been updated in 5 years or more
744187095,way,last_update,10-11-2019,Feature has not been updated in 5 years or more
744187096,way,last_update,10-11-2019,Feature has not been updated in 5 years or more
744482374,way,last_update,26-4-2021,Feature has not been updated in 5 years or more
744814567,way,last_update,11-4-2021,Feature has not been updated in 5 years or more
745002050,way,last_update,26-4-2021,Feature has not been updated in 5 years or more
746900110,way,last_update,17-4-2021,Feature has not been updated in 5 years or more
751352368,way,last_update,26-4-2021,Feature has not been updated in 5 years or more
751352466,way,last_update,26-4-2021,Feature has not been updated in 5 years or more
751352483,way,last_update,27-4-2021,Feature has not been updated in 5 years or more
761333000,way,last_update,5-3-2021,Feature has not been updated in 5 years or more
761333011,way,last_update,15-3-2021,Feature has not been updated in 5 years or more
761438595,way,last_update,18-6-2021,Feature has not been updated in 5 years or more
761983628,way,last_update,8-3-2021,Feature has not been updated in 5 years or more
761983631,way,last_update,28-2-2021,Feature has not been updated in 5 years or more
765695077,way,last_update,28-4-2021,Feature has not been updated in 5 years or more
765695078,way,last_update,26-4-2021,Feature has not been updated in 5 years or more
765695086,way,last_update,26-4-2021,Feature has not been updated in 5 years or more
773783727,way,last_update,14-2-2021,Feature has not been updated in 5 years or more
773783741,way,last_update,28-4-2020,Feature has not been updated in 5 years or more
776748997,way,last_update,28-8-2021,Feature has not been updated in 5 years or more
781379897,way,last_update,9-9-2020,Feature has not been updated in 5 years or more
782351554,way,last_update,10-5-2021,Feature has not been updated in 5 years or more
782351555,way,last_update,13-3-2021,Feature has not been updated in 5 years or more
784305298,way,last_update,24-6-2021,Feature has not been updated in 5 years or more
787075144,way,last_update,2-4-2020,Feature has not been updated in 5 years or more
787503769,way,last_update,2-3-2021,Feature has not been updated in 5 years or more
789811731,way,last_update,9-4-2020,Feature has not been updated in 5 years or more
791117468,way,last_update,12-4-2020,Feature has not been updated in 5 years or more
794251453,way,last_update,21-4-2020,Feature has not been updated in 5 years or more
794251462,way,last_update,25-2-2021,Feature has not been updated in 5 years or more
794448393,way,last_update,21-4-2020,Feature has not been updated in 5 years or more
794448394,way,last_update,21-4-2020,Feature has not been updated in 5 years or more
794448402,way,last_update,21-4-2020,Feature has not been updated in 5 years or more
794448403,way,last_update,21-4-2020,Feature has not been updated in 5 years or more
794448416,way,last_update,21-4-2020,Feature has not been updated in 5 years or more
795408609,way,last_update,23-4-2020,Feature has not been updated in 5 years or more
795671952,way,last_update,24-4-2020,Feature has not been updated in 5 years or more
795775126,way,last_update,5-5-2020,Feature has not been updated in 5 years or more
796272642,way,last_update,25-4-2020,Feature has not been updated in 5 years or more
798034459,way,last_update,29-4-2020,Feature has not been updated in 5 years or more
798129081,way,last_update,29-4-2020,Feature has not been updated in 5 years or more
798129082,way,last_update,16-8-2021,Feature has not been updated in 5 years or more
798878655,way,last_update,2-5-2020,Feature has not been updated in 5 years or more
798955017,way,last_update,12-2-2021,Feature has not been updated in 5 years or more
800485629,way,last_update,5-5-2020,Feature has not been updated in 5 years or more
800485634,way,last_update,5-5-2020,Feature has not been updated in 5 years or more
801422500,way,last_update,7-5-2020,Feature has not been updated in 5 years or more
801865982,way,last_update,9-5-2020,Feature has not been updated in 5 years or more
801865983,way,last_update,9-5-2020,Feature has not been updated in 5 years or more
801865984,way,last_update,9-5-2020,Feature has not been updated in 5 years or more
801865985,way,last_update,9-5-2020,Feature has not been updated in 5 years or more
801865988,way,last_update,9-5-2020,Feature has not been updated in 5 years or more
801865990,way,last_update,9-5-2020,Feature has not been updated in 5 years or more
801898427,way,last_update,9-5-2020,Feature has not been updated in 5 years or more
801945039,way,last_update,10-5-2020,Feature has not been updated in 5 years or more
802126599,way,last_update,11-5-2020,Feature has not been updated in 5 years or more
802705083,way,last_update,30-3-2021,Feature has not been updated in 5 years or more
802705084,way,last_update,30-3-2021,Feature has not been updated in 5 years or more
802705085,way,last_update,11-5-2020,Feature has not been updated in 5 years or more
803102360,way,last_update,16-5-2020,Feature has not been updated in 5 years or more
803508136,way,last_update,14-5-2020,Feature has not been updated in 5 years or more
807633759,way,last_update,25-4-2021,Feature has not been updated in 5 years or more
807633771,way,last_update,17-4-2021,Feature has not been updated in 5 years or more
807738690,way,last_update,12-8-2021,Feature has not been updated in 5 years or more
807738692,way,last_update,12-8-2021,Feature has not been updated in 5 years or more
807738695,way,last_update,24-5-2020,Feature has not been updated in 5 years or more
807738696,way,last_update,24-5-2020,Feature has not been updated in 5 years or more
807738701,way,last_update,24-5-2020,Feature has not been updated in 5 years or more
807764357,way,last_update,14-3-2021,Feature has not been updated in 5 years or more
807857613,way,last_update,24-5-2020,Feature has not been updated in 5 years or more
807857616,way,last_update,24-5-2020,Feature has not been updated in 5 years or more
807964768,way,last_update,14-3-2021,Feature has not been updated in 5 years or more
808014075,way,last_update,14-3-2021,Feature has not been updated in 5 years or more
808014076,way,last_update,14-3-2021,Feature has not been updated in 5 years or more
808014078,way,last_update,14-3-2021,Feature has not been updated in 5 years or more
808014080,way,last_update,14-3-2021,Feature has not been updated in 5 years or more
808014081,way,last_update,14-3-2021,Feature has not been updated in 5 years or more
808014084,way,last_update,14-3-2021,Feature has not been updated in 5 years or more
809900943,way,last_update,30-5-2020,Feature has not been updated in 5 years or more
809900944,way,last_update,30-5-2020,Feature has not been updated in 5 years or more
810064392,way,last_update,25-4-2021,Feature has not been updated in 5 years or more
813191246,way,last_update,17-4-2021,Feature has not been updated in 5 years or more
813345186,way,last_update,28-4-2021,Feature has not been updated in 5 years or more
815079308,way,last_update,28-4-2021,Feature has not been updated in 5 years or more
816603123,way,last_update,23-1-2021,Feature has not been updated in 5 years or more
816603124,way,last_update,16-6-2020,Feature has not been updated in 5 years or more
816603125,way,last_update,16-6-2020,Feature has not been updated in 5 years or more
816603127,way,last_update,16-6-2020,Feature has not been updated in 5 years or more
818537231,way,last_update,22-6-2020,Feature has not been updated in 5 years or more
824123113,way,last_update,27-4-2021,Feature has not been updated in 5 years or more
824133095,way,last_update,19-4-2021,Feature has not been updated in 5 years or more
828533788,way,last_update,8-3-2021,Feature has not been updated in 5 years or more
835360535,way,last_update,8-8-2020,Feature has not been updated in 5 years or more
835441603,way,last_update,9-8-2020,Feature has not been updated in 5 years or more
835450145,way,last_update,9-8-2020,Feature has not been updated in 5 years or more
835467046,way,last_update,9-8-2020,Feature has not been updated in 5 years or more
839786891,way,last_update,26-6-2021,Feature has not been updated in 5 years or more
840644022,way,last_update,20-6-2021,Feature has not been updated in 5 years or more
840644023,way,last_update,3-3-2021,Feature has not been updated in 5 years or more
844548882,way,last_update,22-7-2021,Feature has not been updated in 5 years or more
844548884,way,last_update,22-7-2021,Feature has not been updated in 5 years or more
844548885,way,last_update,22-7-2021,Feature has not been updated in 5 years or more
845180749,way,last_update,7-9-2020,Feature has not been updated in 5 years or more
845180750,way,last_update,7-9-2020,Feature has not been updated in 5 years or more
845180751,way,last_update,7-9-2020,Feature has not been updated in 5 years or more
845684072,way,last_update,9-9-2020,Feature has not been updated in 5 years or more
845684073,way,last_update,9-9-2020,Feature has not been updated in 5 years or more
846361521,way,last_update,9-3-2021,Feature has not been updated in 5 years or more
846361523,way,last_update,9-3-2021,Feature has not been updated in 5 years or more
848206491,way,last_update,6-1-2021,Feature has not been updated in 5 years or more
848999110,way,last_update,8-3-2021,Feature has not been updated in 5 years or more
849601776,way,last_update,18-6-2021,Feature has not been updated in 5 years or more
857554986,way,last_update,6-3-2021,Feature has not been updated in 5 years or more
857857396,way,last_update,11-10-2020,Feature has not been updated in 5 years or more
858591625,way,last_update,5-5-2021,Feature has not been updated in 5 years or more
858591628,way,last_update,28-2-2021,Feature has not been updated in 5 years or more
860492458,way,last_update,18-10-2020,Feature has not been updated in 5 years or more
861201988,way,last_update,20-10-2020,Feature has not been updated in 5 years or more
861201991,way,last_update,19-4-2021,Feature has not been updated in 5 years or more
861201994,way,last_update,19-4-2021,Feature has not been updated in 5 years or more
861201996,way,last_update,17-11-2020,Feature has not been updated in 5 years or more
861201997,way,last_update,17-11-2020,Feature has not been updated in 5 years or more
861201998,way,last_update,17-11-2020,Feature has not been updated in 5 years or more
862225351,way,last_update,21-10-2020,Feature has not been updated in 5 years or more
862225352,way,last_update,21-10-2020,Feature has not been updated in 5 years or more
862225353,way,last_update,21-10-2020,Feature has not been updated in 5 years or more
863704321,way,last_update,16-3-2021,Feature has not been updated in 5 years or more
863704322,way,last_update,10-11-2020,Feature has not been updated in 5 years or more
863704324,way,last_update,10-11-2020,Feature has not been updated in 5 years or more
864575025,way,last_update,29-10-2020,Feature has not been updated in 5 years or more
864644120,way,last_update,28-10-2020,Feature has not been updated in 5 years or more
864927485,way,last_update,29-10-2020,Feature has not been updated in 5 years or more
865719382,way,last_update,6-5-2021,Feature has not been updated in 5 years or more
865719384,way,last_update,31-10-2020,Feature has not been updated in 5 years or more
865719395,way,last_update,6-5-2021,Feature has not been updated in 5 years or more
865719397,way,last_update,6-5-2021,Feature has not been updated in 5 years or more
871149539,way,last_update,11-3-2021,Feature has not been updated in 5 years or more
871406132,way,last_update,11-3-2021,Feature has not been updated in 5 years or more
871406133,way,last_update,11-3-2021,Feature has not been updated in 5 years or more
871427773,way,last_update,10-5-2021,Feature has not been updated in 5 years or more
871511118,way,last_update,21-2-2021,Feature has not been updated in 5 years or more
871815629,way,last_update,15-11-2020,Feature has not been updated in 5 years or more
871815630,way,last_update,15-11-2020,Feature has not been updated in 5 years or more
874873616,way,last_update,19-11-2020,Feature has not been updated in 5 years or more
876278579,way,last_update,9-3-2021,Feature has not been updated in 5 years or more
876278582,way,last_update,8-3-2021,Feature has not been updated in 5 years or more
876278583,way,last_update,8-3-2021,Feature has not been updated in 5 years or more
877601289,way,last_update,15-3-2021,Feature has not been updated in 5 years or more
877601290,way,last_update,28-8-2021,Feature has not been updated in 5 years or more
877601291,way,last_update,24-8-2021,Feature has not been updated in 5 years or more
877601292,way,last_update,24-8-2021,Feature has not been updated in 5 years or more
877601293,way,last_update,24-8-2021,Feature has not been updated in 5 years or more
877601294,way,last_update,24-8-2021,Feature has not been updated in 5 years or more
877601298,way,last_update,15-3-2021,Feature has not been updated in 5 years or more
877601301,way,last_update,15-3-2021,Feature has not been updated in 5 years or more
877601308,way,last_update,28-8-2021,Feature has not been updated in 5 years or more
878740737,way,last_update,15-3-2021,Feature has not been updated in 5 years or more
880363064,way,last_update,14-3-2021,Feature has not been updated in 5 years or more
880363082,way,last_update,15-3-2021,Feature has not been updated in 5 years or more
880363083,way,last_update,15-3-2021,Feature has not been updated in 5 years or more
880363086,way,last_update,15-3-2021,Feature has not been updated in 5 years or more
880363087,way,last_update,15-3-2021,Feature has not been updated in 5 years or more
880363090,way,last_update,2-12-2020,Feature has not been updated in 5 years or more
880363091,way,last_update,15-3-2021,Feature has not been updated in 5 years or more
880363093,way,last_update,2-12-2020,Feature has not been updated in 5 years or more
880363094,way,last_update,2-12-2020,Feature has not been updated in 5 years or more
880363096,way,last_update,15-3-2021,Feature has not been updated in 5 years or more
880363097,way,last_update,15-3-2021,Feature has not been updated in 5 years or more
880532938,way,last_update,3-12-2020,Feature has not been updated in 5 years or more
880532939,way,last_update,3-12-2020,Feature has not been updated in 5 years or more
880532940,way,last_update,3-12-2020,Feature has not been updated in 5 years or more
880532956,way,last_update,3-3-2021,Feature has not been updated in 5 years or more
880532957,way,last_update,3-3-2021,Feature has not been updated in 5 years or more
880532984,way,last_update,8-3-2021,Feature has not been updated in 5 years or more
880546526,way,last_update,8-3-2021,Feature has not been updated in 5 years or more
881751054,way,last_update,26-4-2021,Feature has not been updated in 5 years or more
881758363,way,last_update,27-5-2021,Feature has not been updated in 5 years or more
881758364,way,last_update,27-5-2021,Feature has not been updated in 5 years or more
881758365,way,last_update,27-5-2021,Feature has not been updated in 5 years or more
881758366,way,last_update,27-5-2021,Feature has not been updated in 5 years or more
885942278,way,last_update,17-12-2020,Feature has not been updated in 5 years or more
887496093,way,last_update,22-12-2020,Feature has not been updated in 5 years or more
888374662,way,last_update,25-12-2020,Feature has not been updated in 5 years or more
888374664,way,last_update,25-12-2020,Feature has not been updated in 5 years or more
888374668,way,last_update,16-2-2021,Feature has not been updated in 5 years or more
888374675,way,last_update,25-12-2020,Feature has not been updated in 5 years or more
888374676,way,last_update,25-12-2020,Feature has not been updated in 5 years or more
888374680,way,last_update,25-12-2020,Feature has not been updated in 5 years or more
889257282,way,last_update,28-12-2020,Feature has not been updated in 5 years or more
891240018,way,last_update,2-1-2021,Feature has not been updated in 5 years or more
891240019,way,last_update,2-1-2021,Feature has not been updated in 5 years or more
891240020,way,last_update,2-1-2021,Feature has not been updated in 5 years or more
892427715,way,last_update,5-1-2021,Feature has not been updated in 5 years or more
892643112,way,last_update,15-3-2021,Feature has not been updated in 5 years or more
892644645,way,last_update,15-3-2021,Feature has not been updated in 5 years or more
892646035,way,last_update,15-3-2021,Feature has not been updated in 5 years or more
892659941,way,last_update,17-4-2021,Feature has not been updated in 5 years or more
892693729,way,last_update,6-3-2021,Feature has not been updated in 5 years or more
892694010,way,last_update,6-3-2021,Feature has not been updated in 5 years or more
892704980,way,last_update,15-3-2021,Feature has not been updated in 5 years or more
892706100,way,last_update,15-3-2021,Feature has not been updated in 5 years or more
893079574,way,last_update,7-1-2021,Feature has not been updated in 5 years or more
893079575,way,last_update,7-1-2021,Feature has not been updated in 5 years or more
893079576,way,last_update,7-1-2021,Feature has not been updated in 5 years or more
893079577,way,last_update,7-1-2021,Feature has not been updated in 5 years or more
893094912,way,last_update,7-1-2021,Feature has not been updated in 5 years or more
894034847,way,last_update,10-1-2021,Feature has not been updated in 5 years or more
894034858,way,last_update,10-1-2021,Feature has not been updated in 5 years or more
895191004,way,last_update,21-3-2021,Feature has not been updated in 5 years or more
898090683,way,last_update,26-4-2021,Feature has not been updated in 5 years or more
900514181,way,last_update,28-1-2021,Feature has not been updated in 5 years or more
900514182,way,last_update,26-1-2021,Feature has not been updated in 5 years or more
900914271,way,last_update,27-1-2021,Feature has not been updated in 5 years or more
900914278,way,last_update,15-3-2021,Feature has not been updated in 5 years or more
901041302,way,last_update,28-1-2021,Feature has not been updated in 5 years or more
901293813,way,last_update,18-3-2021,Feature has not been updated in 5 years or more
901293814,way,last_update,18-3-2021,Feature has not been updated in 5 years or more
901329748,way,last_update,18-3-2021,Feature has not been updated in 5 years or more
901727784,way,last_update,30-1-2021,Feature has not been updated in 5 years or more
901727788,way,last_update,29-1-2021,Feature has not been updated in 5 years or more
901865665,way,last_update,30-1-2021,Feature has not been updated in 5 years or more
901899224,way,last_update,30-1-2021,Feature has not been updated in 5 years or more
902013546,way,last_update,28-8-2021,Feature has not been updated in 5 years or more
902013547,way,last_update,4-2-2021,Feature has not been updated in 5 years or more
902201587,way,last_update,31-1-2021,Feature has not been updated in 5 years or more
902241126,way,last_update,31-1-2021,Feature has not been updated in 5 years or more
902456045,way,last_update,19-4-2021,Feature has not been updated in 5 years or more
902456046,way,last_update,31-1-2021,Feature has not been updated in 5 years or more
902923958,way,last_update,2-2-2021,Feature has not been updated in 5 years or more
902923973,way,last_update,2-2-2021,Feature has not been updated in 5 years or more
902923977,way,last_update,2-2-2021,Feature has not been updated in 5 years or more
903007292,way,last_update,1-6-2021,Feature has not been updated in 5 years or more
903147470,way,last_update,2-2-2021,Feature has not been updated in 5 years or more
903147471,way,last_update,10-2-2021,Feature has not been updated in 5 years or more
903194118,way,last_update,2-2-2021,Feature has not been updated in 5 years or more
903915724,way,last_update,4-2-2021,Feature has not been updated in 5 years or more
906743674,way,last_update,13-2-2021,Feature has not been updated in 5 years or more
906825138,way,last_update,6-6-2021,Feature has not been updated in 5 years or more
906838965,way,last_update,13-2-2021,Feature has not been updated in 5 years or more
907635682,way,last_update,15-3-2021,Feature has not been updated in 5 years or more
907635683,way,last_update,15-3-2021,Feature has not been updated in 5 years or more
908089978,way,last_update,9-3-2021,Feature has not been updated in 5 years or more
908089979,way,last_update,17-2-2021,Feature has not been updated in 5 years or more
908554306,way,last_update,21-2-2021,Feature has not been updated in 5 years or more
908554314,way,last_update,18-2-2021,Feature has not been updated in 5 years or more
909023802,way,last_update,8-3-2021,Feature has not been updated in 5 years or more
909023803,way,last_update,8-3-2021,Feature has not been updated in 5 years or more
909023805,way,last_update,8-3-2021,Feature has not been updated in 5 years or more
909023806,way,last_update,8-3-2021,Feature has not been updated in 5 years or more
909023807,way,last_update,20-2-2021,Feature has not been updated in 5 years or more
909023808,way,last_update,20-2-2021,Feature has not been updated in 5 years or more
909023857,way,last_update,28-2-2021,Feature has not been updated in 5 years or more
909023858,way,last_update,28-2-2021,Feature has not been updated in 5 years or more
909023860,way,last_update,28-2-2021,Feature has not been updated in 5 years or more
909087042,way,last_update,28-2-2021,Feature has not been updated in 5 years or more
909087043,way,last_update,28-2-2021,Feature has not been updated in 5 years or more
909087069,way,last_update,20-2-2021,Feature has not been updated in 5 years or more
909087070,way,last_update,20-2-2021,Feature has not been updated in 5 years or more
909087072,way,last_update,20-2-2021,Feature has not been updated in 5 years or more
909087073,way,last_update,20-2-2021,Feature has not been updated in 5 years or more
909087074,way,last_update,20-2-2021,Feature has not been updated in 5 years or more
909087075,way,last_update,20-2-2021,Feature has not been updated in 5 years or more
909087076,way,last_update,20-2-2021,Feature has not been updated in 5 years or more
909087077,way,last_update,20-2-2021,Feature has not been updated in 5 years or more
909087078,way,last_update,8-3-2021,Feature has not been updated in 5 years or more
909087079,way,last_update,8-3-2021,Feature has not been updated in 5 years or more
909139851,way,last_update,20-2-2021,Feature has not been updated in 5 years or more
909139852,way,last_update,20-2-2021,Feature has not been updated in 5 years or more
909139858,way,last_update,20-2-2021,Feature has not been updated in 5 years or more
909139859,way,last_update,20-2-2021,Feature has not been updated in 5 years or more
909139870,way,last_update,8-3-2021,Feature has not been updated in 5 years or more
909139871,way,last_update,8-3-2021,Feature has not been updated in 5 years or more
909245187,way,last_update,21-2-2021,Feature has not been updated in 5 years or more
909255368,way,last_update,21-2-2021,Feature has not been updated in 5 years or more
909255372,way,last_update,21-2-2021,Feature has not been updated in 5 years or more
909332776,way,last_update,21-2-2021,Feature has not been updated in 5 years or more
910476321,way,last_update,24-2-2021,Feature has not been updated in 5 years or more
911448779,way,last_update,28-8-2021,Feature has not been updated in 5 years or more
911465509,way,last_update,27-2-2021,Feature has not been updated in 5 years or more
911465551,way,last_update,27-2-2021,Feature has not been updated in 5 years or more
911488708,way,last_update,27-2-2021,Feature has not been updated in 5 years or more
911488711,way,last_update,27-2-2021,Feature has not been updated in 5 years or more
911536365,way,last_update,27-2-2021,Feature has not been updated in 5 years or more
911536366,way,last_update,27-2-2021,Feature has not been updated in 5 years or more
911536367,way,last_update,27-2-2021,Feature has not been updated in 5 years or more
911536369,way,last_update,27-2-2021,Feature has not been updated in 5 years or more
911536370,way,last_update,27-2-2021,Feature has not been updated in 5 years or more
911607662,way,last_update,27-2-2021,Feature has not been updated in 5 years or more
911607663,way,last_update,27-2-2021,Feature has not been updated in 5 years or more
911656842,way,last_update,27-2-2021,Feature has not been updated in 5 years or more
911746436,way,last_update,28-2-2021,Feature has not been updated in 5 years or more
911746438,way,last_update,28-2-2021,Feature has not been updated in 5 years or more
911746439,way,last_update,28-2-2021,Feature has not been updated in 5 years or more
911746440,way,last_update,28-2-2021,Feature has not been updated in 5 years or more
911746442,way,last_update,28-2-2021,Feature has not been updated in 5 years or more
911746443,way,last_update,28-2-2021,Feature has not been updated in 5 years or more
911746444,way,last_update,3-6-2021,Feature has not been updated in 5 years or more
911746445,way,last_update,28-2-2021,Feature has not been updated in 5 years or more
911746447,way,last_update,28-2-2021,Feature has not been updated in 5 years or more
911755616,way,last_update,28-2-2021,Feature has not been updated in 5 years or more
911764470,way,last_update,28-2-2021,Feature has not been updated in 5 years or more
911829774,way,last_update,3-6-2021,Feature has not been updated in 5 years or more
911829775,way,last_update,3-6-2021,Feature has not been updated in 5 years or more
911829777,way,last_update,22-5-2021,Feature has not been updated in 5 years or more
911829778,way,last_update,22-5-2021,Feature has not been updated in 5 years or more
911882961,way,last_update,16-4-2021,Feature has not been updated in 5 years or more
911882962,way,last_update,16-4-2021,Feature has not been updated in 5 years or more
911969935,way,last_update,28-2-2021,Feature has not been updated in 5 years or more
911969939,way,last_update,28-2-2021,Feature has not been updated in 5 years or more
911969940,way,last_update,28-2-2021,Feature has not been updated in 5 years or more
911969941,way,last_update,28-2-2021,Feature has not been updated in 5 years or more
911996830,way,last_update,28-2-2021,Feature has not been updated in 5 years or more
911996831,way,last_update,7-7-2021,Feature has not been updated in 5 years or more
912674641,way,last_update,16-8-2021,Feature has not been updated in 5 years or more
912704929,way,last_update,2-3-2021,Feature has not been updated in 5 years or more
912734044,way,last_update,2-3-2021,Feature has not been updated in 5 years or more
912781380,way,last_update,2-3-2021,Feature has not been updated in 5 years or more
912810192,way,last_update,2-3-2021,Feature has not been updated in 5 years or more
912820849,way,last_update,5-5-2021,Feature has not been updated in 5 years or more
913230872,way,last_update,3-3-2021,Feature has not been updated in 5 years or more
913759710,way,last_update,29-5-2021,Feature has not been updated in 5 years or more
913767658,way,last_update,5-3-2021,Feature has not been updated in 5 years or more
913888138,way,last_update,5-3-2021,Feature has not been updated in 5 years or more
913918249,way,last_update,5-3-2021,Feature has not been updated in 5 years or more
914152009,way,last_update,6-3-2021,Feature has not been updated in 5 years or more
914463361,way,last_update,7-3-2021,Feature has not been updated in 5 years or more
914643591,way,last_update,10-5-2021,Feature has not been updated in 5 years or more
914712959,way,last_update,4-8-2021,Feature has not been updated in 5 years or more
914778405,way,last_update,10-3-2021,Feature has not been updated in 5 years or more
914781415,way,last_update,8-3-2021,Feature has not been updated in 5 years or more
914967642,way,last_update,9-3-2021,Feature has not been updated in 5 years or more
914988807,way,last_update,9-3-2021,Feature has not been updated in 5 years or more
915013885,way,last_update,9-3-2021,Feature has not been updated in 5 years or more
915112591,way,last_update,9-3-2021,Feature has not been updated in 5 years or more
915448371,way,last_update,10-3-2021,Feature has not been updated in 5 years or more
915477639,way,last_update,10-3-2021,Feature has not been updated in 5 years or more
915512841,way,last_update,10-3-2021,Feature has not been updated in 5 years or more
915779301,way,last_update,26-5-2021,Feature has not been updated in 5 years or more
915791658,way,last_update,14-3-2021,Feature has not been updated in 5 years or more
915830957,way,last_update,11-3-2021,Feature has not been updated in 5 years or more
915844000,way,last_update,19-5-2021,Feature has not been updated in 5 years or more
915850725,way,last_update,11-3-2021,Feature has not been updated in 5 years or more
915850726,way,last_update,11-3-2021,Feature has not been updated in 5 years or more
915861118,way,last_update,11-3-2021,Feature has not been updated in 5 years or more
915891913,way,last_update,11-3-2021,Feature has not been updated in 5 years or more
915891915,way,last_update,11-3-2021,Feature has not been updated in 5 years or more
915891922,way,last_update,25-5-2021,Feature has not been updated in 5 years or more
916238389,way,last_update,12-3-2021,Feature has not been updated in 5 years or more
916307323,way,last_update,12-3-2021,Feature has not been updated in 5 years or more
916713731,way,last_update,13-3-2021,Feature has not been updated in 5 years or more
918718469,way,last_update,23-3-2021,Feature has not been updated in 5 years or more
921324589,way,last_update,23-3-2021,Feature has not been updated in 5 years or more
921623232,way,last_update,27-3-2021,Feature has not been updated in 5 years or more
921623233,way,last_update,24-3-2021,Feature has not been updated in 5 years or more
921647040,way,last_update,5-5-2021,Feature has not been updated in 5 years or more
921647041,way,last_update,6-5-2021,Feature has not been updated in 5 years or more
921979499,way,last_update,25-3-2021,Feature has not been updated in 5 years or more
921987983,way,last_update,25-3-2021,Feature has not been updated in 5 years or more
921987994,way,last_update,25-3-2021,Feature has not been updated in 5 years or more
921988597,way,last_update,25-3-2021,Feature has not been updated in 5 years or more
922026876,way,last_update,6-5-2021,Feature has not been updated in 5 years or more
922026877,way,last_update,25-3-2021,Feature has not been updated in 5 years or more
922029399,way,last_update,25-3-2021,Feature has not been updated in 5 years or more
922032351,way,last_update,25-3-2021,Feature has not been updated in 5 years or more
922091369,way,last_update,25-3-2021,Feature has not been updated in 5 years or more
922712896,way,last_update,26-3-2021,Feature has not been updated in 5 years or more
926752745,way,last_update,6-4-2021,Feature has not been updated in 5 years or more
926752760,way,last_update,6-4-2021,Feature has not been updated in 5 years or more
926752763,way,last_update,6-4-2021,Feature has not been updated in 5 years or more
926848670,way,last_update,23-6-2021,Feature has not been updated in 5 years or more
931491804,way,last_update,10-5-2021,Feature has not been updated in 5 years or more
931493547,way,last_update,16-4-2021,Feature has not been updated in 5 years or more
934278253,way,last_update,11-5-2021,Feature has not been updated in 5 years or more
934278254,way,last_update,11-5-2021,Feature has not been updated in 5 years or more
934278255,way,last_update,27-4-2021,Feature has not been updated in 5 years or more
935289445,way,last_update,26-4-2021,Feature has not been updated in 5 years or more
935699739,way,last_update,27-4-2021,Feature has not been updated in 5 years or more
935745644,way,last_update,27-4-2021,Feature has not been updated in 5 years or more
935758324,way,last_update,11-5-2021,Feature has not been updated in 5 years or more
935758330,way,last_update,11-5-2021,Feature has not been updated in 5 years or more
935758339,way,last_update,11-5-2021,Feature has not been updated in 5 years or more
935758342,way,last_update,7-5-2021,Feature has not been updated in 5 years or more
935758344,way,last_update,27-4-2021,Feature has not been updated in 5 years or more
935758347,way,last_update,11-5-2021,Feature has not been updated in 5 years or more
935758351,way,last_update,7-5-2021,Feature has not been updated in 5 years or more
935758356,way,last_update,11-5-2021,Feature has not been updated in 5 years or more
935758358,way,last_update,11-5-2021,Feature has not been updated in 5 years or more
935758361,way,last_update,27-4-2021,Feature has not been updated in 5 years or more
935758364,way,last_update,11-5-2021,Feature has not been updated in 5 years or more
935761489,way,last_update,11-5-2021,Feature has not been updated in 5 years or more
935761490,way,last_update,27-4-2021,Feature has not been updated in 5 years or more
935761494,way,last_update,27-4-2021,Feature has not been updated in 5 years or more
935762712,way,last_update,11-5-2021,Feature has not been updated in 5 years or more
935764905,way,last_update,11-5-2021,Feature has not been updated in 5 years or more
935764907,way,last_update,27-4-2021,Feature has not been updated in 5 years or more
936245833,way,last_update,28-4-2021,Feature has not been updated in 5 years or more
936610393,way,last_update,29-4-2021,Feature has not been updated in 5 years or more
936618202,way,last_update,29-4-2021,Feature has not been updated in 5 years or more
936618203,way,last_update,29-4-2021,Feature has not been updated in 5 years or more
936618204,way,last_update,29-4-2021,Feature has not been updated in 5 years or more
936759082,way,last_update,29-4-2021,Feature has not been updated in 5 years or more
936759083,way,last_update,29-4-2021,Feature has not been updated in 5 years or more
936759084,way,last_update,29-4-2021,Feature has not been updated in 5 years or more
936759085,way,last_update,29-4-2021,Feature has not been updated in 5 years or more
936763779,way,last_update,29-4-2021,Feature has not been updated in 5 years or more
936763801,way,last_update,29-4-2021,Feature has not been updated in 5 years or more
938398049,way,last_update,3-5-2021,Feature has not been updated in 5 years or more
938568673,way,last_update,7-8-2021,Feature has not been updated in 5 years or more
938568705,way,last_update,3-5-2021,Feature has not been updated in 5 years or more
938568706,way,last_update,6-6-2021,Feature has not been updated in 5 years or more
938568717,way,last_update,6-6-2021,Feature has not been updated in 5 years or more
938568718,way,last_update,3-5-2021,Feature has not been updated in 5 years or more
939268575,way,last_update,5-5-2021,Feature has not been updated in 5 years or more
939268576,way,last_update,5-5-2021,Feature has not been updated in 5 years or more
939268582,way,last_update,5-5-2021,Feature has not been updated in 5 years or more
939268583,way,last_update,5-5-2021,Feature has not been updated in 5 years or more
939268587,way,last_update,5-5-2021,Feature has not been updated in 5 years or more
939268588,way,last_update,5-5-2021,Feature has not been updated in 5 years or more
939268590,way,last_update,5-5-2021,Feature has not been updated in 5 years or more
939268591,way,last_update,5-5-2021,Feature has not been updated in 5 years or more
939268592,way,last_update,5-5-2021,Feature has not been updated in 5 years or more
939268594,way,last_update,5-5-2021,Feature has not been updated in 5 years or more
939268603,way,last_update,5-5-2021,Feature has not been updated in 5 years or more
939268605,way,last_update,5-5-2021,Feature has not been updated in 5 years or more
939270908,way,last_update,5-5-2021,Feature has not been updated in 5 years or more
939270909,way,last_update,5-5-2021,Feature has not been updated in 5 years or more
939282080,way,last_update,7-5-2021,Feature has not been updated in 5 years or more
939282083,way,last_update,5-5-2021,Feature has not been updated in 5 years or more
939293243,way,last_update,5-5-2021,Feature has not been updated in 5 years or more
939293251,way,last_update,5-5-2021,Feature has not been updated in 5 years or more
939994012,way,last_update,6-5-2021,Feature has not been updated in 5 years or more
940370113,way,last_update,7-5-2021,Feature has not been updated in 5 years or more
940374384,way,last_update,11-5-2021,Feature has not been updated in 5 years or more
940374393,way,last_update,7-5-2021,Feature has not been updated in 5 years or more
940374394,way,last_update,12-5-2021,Feature has not been updated in 5 years or more
940374399,way,last_update,11-5-2021,Feature has not been updated in 5 years or more
940375604,way,last_update,11-5-2021,Feature has not been updated in 5 years or more
940383186,way,last_update,7-5-2021,Feature has not been updated in 5 years or more
940383188,way,last_update,7-5-2021,Feature has not been updated in 5 years or more
940383195,way,last_update,7-5-2021,Feature has not been updated in 5 years or more
940383198,way,last_update,7-5-2021,Feature has not been updated in 5 years or more
940520062,way,last_update,7-5-2021,Feature has not been updated in 5 years or more
940520063,way,last_update,18-6-2021,Feature has not been updated in 5 years or more
940733160,way,last_update,8-5-2021,Feature has not been updated in 5 years or more
940733168,way,last_update,8-5-2021,Feature has not been updated in 5 years or more
940737136,way,last_update,8-5-2021,Feature has not been updated in 5 years or more
940741304,way,last_update,8-5-2021,Feature has not been updated in 5 years or more
940741308,way,last_update,8-5-2021,Feature has not been updated in 5 years or more
940754168,way,last_update,8-5-2021,Feature has not been updated in 5 years or more
940755231,way,last_update,8-5-2021,Feature has not been updated in 5 years or more
940925112,way,last_update,9-5-2021,Feature has not been updated in 5 years or more
940960429,way,last_update,26-8-2021,Feature has not been updated in 5 years or more
941378740,way,last_update,10-5-2021,Feature has not been updated in 5 years or more
941378746,way,last_update,10-5-2021,Feature has not been updated in 5 years or more
941378747,way,last_update,10-5-2021,Feature has not been updated in 5 years or more
941378748,way,last_update,10-5-2021,Feature has not been updated in 5 years or more
941378755,way,last_update,10-5-2021,Feature has not been updated in 5 years or more
941378757,way,last_update,10-5-2021,Feature has not been updated in 5 years or more
941378761,way,last_update,10-5-2021,Feature has not been updated in 5 years or more
941378768,way,last_update,10-5-2021,Feature has not been updated in 5 years or more
941390293,way,last_update,10-5-2021,Feature has not been updated in 5 years or more
941390297,way,last_update,10-5-2021,Feature has not been updated in 5 years or more
941392197,way,last_update,10-5-2021,Feature has not been updated in 5 years or more
941392199,way,last_update,10-5-2021,Feature has not been updated in 5 years or more
941403082,way,last_update,10-5-2021,Feature has not been updated in 5 years or more
941403083,way,last_update,10-5-2021,Feature has not been updated in 5 years or more
941403088,way,last_update,10-5-2021,Feature has not been updated in 5 years or more
941403090,way,last_update,10-5-2021,Feature has not been updated in 5 years or more
941403091,way,last_update,10-5-2021,Feature has not been updated in 5 years or more
941403092,way,last_update,10-5-2021,Feature has not been updated in 5 years or more
941403093,way,last_update,10-5-2021,Feature has not been updated in 5 years or more
941403094,way,last_update,10-5-2021,Feature has not been updated in 5 years or more
941403096,way,last_update,10-5-2021,Feature has not been updated in 5 years or more
941403097,way,last_update,10-5-2021,Feature has not been updated in 5 years or more
941403111,way,last_update,10-5-2021,Feature has not been updated in 5 years or more
941403112,way,last_update,10-5-2021,Feature has not been updated in 5 years or more
941405067,way,last_update,10-5-2021,Feature has not been updated in 5 years or more
941411001,way,last_update,10-5-2021,Feature has not been updated in 5 years or more
941411006,way,last_update,10-5-2021,Feature has not been updated in 5 years or more
941411008,way,last_update,10-5-2021,Feature has not been updated in 5 years or more
941423009,way,last_update,10-5-2021,Feature has not been updated in 5 years or more
941423012,way,last_update,10-5-2021,Feature has not been updated in 5 years or more
941423015,way,last_update,10-5-2021,Feature has not been updated in 5 years or more
941423022,way,last_update,10-5-2021,Feature has not been updated in 5 years or more
941423042,way,last_update,10-5-2021,Feature has not been updated in 5 years or more
941423051,way,last_update,10-5-2021,Feature has not been updated in 5 years or more
941435787,way,last_update,10-5-2021,Feature has not been updated in 5 years or more
941435788,way,last_update,10-5-2021,Feature has not been updated in 5 years or more
941435800,way,last_update,10-5-2021,Feature has not been updated in 5 years or more
941435802,way,last_update,10-5-2021,Feature has not been updated in 5 years or more
941435809,way,last_update,10-5-2021,Feature has not been updated in 5 years or more
941435812,way,last_update,10-5-2021,Feature has not been updated in 5 years or more
941435818,way,last_update,10-5-2021,Feature has not been updated in 5 years or more
941435823,way,last_update,10-5-2021,Feature has not been updated in 5 years or more
941435825,way,last_update,10-5-2021,Feature has not been updated in 5 years or more
941435832,way,last_update,10-5-2021,Feature has not been updated in 5 years or more
941441949,way,last_update,10-5-2021,Feature has not been updated in 5 years or more
941441952,way,last_update,10-5-2021,Feature has not been updated in 5 years or more
941441962,way,last_update,10-5-2021,Feature has not been updated in 5 years or more
941441967,way,last_update,10-5-2021,Feature has not been updated in 5 years or more
941441969,way,last_update,10-5-2021,Feature has not been updated in 5 years or more
941441981,way,last_update,10-5-2021,Feature has not been updated in 5 years or more
941441983,way,last_update,10-5-2021,Feature has not been updated in 5 years or more
941490962,way,last_update,10-5-2021,Feature has not been updated in 5 years or more
941809267,way,last_update,12-5-2021,Feature has not been updated in 5 years or more
941820543,way,last_update,28-6-2021,Feature has not been updated in 5 years or more
942112670,way,last_update,12-5-2021,Feature has not been updated in 5 years or more
945534021,way,last_update,21-5-2021,Feature has not been updated in 5 years or more
945534025,way,last_update,21-5-2021,Feature has not been updated in 5 years or more
945534028,way,last_update,21-5-2021,Feature has not been updated in 5 years or more
947460261,way,last_update,26-5-2021,Feature has not been updated in 5 years or more
947493827,way,last_update,27-5-2021,Feature has not been updated in 5 years or more
947493829,way,last_update,27-5-2021,Feature has not been updated in 5 years or more
947630638,way,last_update,27-5-2021,Feature has not been updated in 5 years or more
947630640,way,last_update,27-5-2021,Feature has not been updated in 5 years or more
956495841,way,last_update,11-8-2021,Feature has not been updated in 5 years or more
957684775,way,last_update,23-6-2021,Feature has not been updated in 5 years or more
969282539,way,last_update,31-7-2021,Feature has not been updated in 5 years or more
969282540,way,last_update,31-7-2021,Feature has not been updated in 5 years or more
969282543,way,last_update,31-7-2021,Feature has not been updated in 5 years or more
969282544,way,last_update,31-7-2021,Feature has not been updated in 5 years or more
969282546,way,last_update,31-7-2021,Feature has not been updated in 5 years or more
970500241,way,last_update,4-8-2021,Feature has not been updated in 5 years or more
970500265,way,last_update,4-8-2021,Feature has not been updated in 5 years or more
970500267,way,last_update,4-8-2021,Feature has not been updated in 5 years or more
970500278,way,last_update,4-8-2021,Feature has not been updated in 5 years or more
972069083,way,last_update,11-8-2021,Feature has not been updated in 5 years or more
972173738,way,last_update,11-8-2021,Feature has not been updated in 5 years or more
973224252,way,last_update,15-8-2021,Feature has not been updated in 5 years or more
973225856,way,last_update,15-8-2021,Feature has not been updated in 5 years or more
973429038,way,last_update,16-8-2021,Feature has not been updated in 5 years or more
973429040,way,last_update,16-8-2021,Feature has not been updated in 5 years or more
973439332,way,last_update,16-8-2021,Feature has not been updated in 5 years or more
973439339,way,last_update,16-8-2021,Feature has not been updated in 5 years or more
973439341,way,last_update,16-8-2021,Feature has not been updated in 5 years or more
973439348,way,last_update,16-8-2021,Feature has not been updated in 5 years or more
973439355,way,last_update,16-8-2021,Feature has not been updated in 5 years or more
973439361,way,last_update,16-8-2021,Feature has not been updated in 5 years or more
974847187,way,last_update,19-8-2021,Feature has not been updated in 5 years or more
975092302,way,last_update,20-8-2021,Feature has not been updated in 5 years or more
975092304,way,last_update,20-8-2021,Feature has not been updated in 5 years or more
975092306,way,last_update,20-8-2021,Feature has not been updated in 5 years or more
975092308,way,last_update,20-8-2021,Feature has not been updated in 5 years or more
975092311,way,last_update,20-8-2021,Feature has not been updated in 5 years or more
975092314,way,last_update,20-8-2021,Feature has not been updated in 5 years or more
975896938,way,last_update,24-8-2021,Feature has not been updated in 5 years or more
975896941,way,last_update,24-8-2021,Feature has not been updated in 5 years or more
975896943,way,last_update,24-8-2021,Feature has not been updated in 5 years or more
975896945,way,last_update,24-8-2021,Feature has not been updated in 5 years or more
975898650,way,last_update,24-8-2021,Feature has not been updated in 5 years or more
977326061,way,last_update,28-8-2021,Feature has not been updated in 5 years or more
977326062,way,last_update,28-8-2021,Feature has not been updated in 5 years or more
