osm_id,feat_type,key,value,commentary
12806921,relation,surface,chipseal,"unlisted at accepted/known values, probably wrong/misspelled"
3692710,way,surface,fine_gravel,"unlisted at accepted/known values, probably wrong/misspelled"
3926541,way,surface,fine_gravel,"unlisted at accepted/known values, probably wrong/misspelled"
3932379,way,surface,chipseal,"unlisted at accepted/known values, probably wrong/misspelled"
4259699,way,surface,fine_gravel,"unlisted at accepted/known values, probably wrong/misspelled"
4280134,way,surface,fine_gravel,"unlisted at accepted/known values, probably wrong/misspelled"
4280135,way,surface,fine_gravel,"unlisted at accepted/known values, probably wrong/misspelled"
4328076,way,surface,fine_gravel,"unlisted at accepted/known values, probably wrong/misspelled"
4328077,way,surface,fine_gravel,"unlisted at accepted/known values, probably wrong/misspelled"
4328899,way,surface,metal_grid,"unlisted at accepted/known values, probably wrong/misspelled"
4328901,way,surface,metal_grid,"unlisted at accepted/known values, probably wrong/misspelled"
4352051,way,surface,stone,"unlisted at accepted/known values, probably wrong/misspelled"
4550337,way,surface,fine_gravel,"unlisted at accepted/known values, probably wrong/misspelled"
4552545,way,surface,fine_gravel,"unlisted at accepted/known values, probably wrong/misspelled"
4552546,way,surface,fine_gravel,"unlisted at accepted/known values, probably wrong/misspelled"
4552547,way,surface,fine_gravel,"unlisted at accepted/known values, probably wrong/misspelled"
4552548,way,surface,fine_gravel,"unlisted at accepted/known values, probably wrong/misspelled"
4552549,way,surface,fine_gravel,"unlisted at accepted/known values, probably wrong/misspelled"
4552550,way,surface,fine_gravel,"unlisted at accepted/known values, probably wrong/misspelled"
4552552,way,surface,fine_gravel,"unlisted at accepted/known values, probably wrong/misspelled"
4552554,way,surface,fine_gravel,"unlisted at accepted/known values, probably wrong/misspelled"
4645936,way,surface,fine_gravel,"unlisted at accepted/known values, probably wrong/misspelled"
4709688,way,surface,fine_gravel,"unlisted at accepted/known values, probably wrong/misspelled"
4709691,way,surface,fine_gravel,"unlisted at accepted/known values, probably wrong/misspelled"
4709692,way,surface,fine_gravel,"unlisted at accepted/known values, probably wrong/misspelled"
4722291,way,surface,fine_gravel,"unlisted at accepted/known values, probably wrong/misspelled"
4978185,way,surface,bark,"unlisted at accepted/known values, probably wrong/misspelled"
4983070,way,surface,fine_gravel,"unlisted at accepted/known values, probably wrong/misspelled"
5094335,way,surface,fine_gravel,"unlisted at accepted/known values, probably wrong/misspelled"
5094577,way,surface,fine_gravel,"unlisted at accepted/known values, probably wrong/misspelled"
5121775,way,surface,fine_gravel,"unlisted at accepted/known values, probably wrong/misspelled"
5153622,way,surface,fine_gravel,"unlisted at accepted/known values, probably wrong/misspelled"
5154261,way,surface,fine_gravel,"unlisted at accepted/known values, probably wrong/misspelled"
5169249,way,surface,fine_gravel,"unlisted at accepted/known values, probably wrong/misspelled"
5925184,way,surface,woodchips,"unlisted at accepted/known values, probably wrong/misspelled"
8101528,way,surface,pebblestone,"unlisted at accepted/known values, probably wrong/misspelled"
10359851,way,surface,rock,"unlisted at accepted/known values, probably wrong/misspelled"
10370779,way,surface,fine_gravel,"unlisted at accepted/known values, probably wrong/misspelled"
22588155,way,surface,fine_gravel,"unlisted at accepted/known values, probably wrong/misspelled"
23756179,way,surface,fine_gravel,"unlisted at accepted/known values, probably wrong/misspelled"
23985045,way,surface,fine_gravel,"unlisted at accepted/known values, probably wrong/misspelled"
24002515,way,surface,rock,"unlisted at accepted/known values, probably wrong/misspelled"
24033453,way,surface,fine_gravel,"unlisted at accepted/known values, probably wrong/misspelled"
24167206,way,surface,fine_gravel,"unlisted at accepted/known values, probably wrong/misspelled"
24248819,way,surface,fine_gravel,"unlisted at accepted/known values, probably wrong/misspelled"
24592803,way,surface,fine_gravel,"unlisted at accepted/known values, probably wrong/misspelled"
24592933,way,surface,fine_gravel,"unlisted at accepted/known values, probably wrong/misspelled"
24594303,way,surface,fine_gravel,"unlisted at accepted/known values, probably wrong/misspelled"
24668347,way,surface,metal_grid,"unlisted at accepted/known values, probably wrong/misspelled"
24668648,way,surface,metal_grid,"unlisted at accepted/known values, probably wrong/misspelled"
24875699,way,surface,fine_gravel,"unlisted at accepted/known values, probably wrong/misspelled"
24875700,way,surface,fine_gravel,"unlisted at accepted/known values, probably wrong/misspelled"
24933677,way,surface,fine_gravel,"unlisted at accepted/known values, probably wrong/misspelled"
24933679,way,surface,fine_gravel,"unlisted at accepted/known values, probably wrong/misspelled"
24933682,way,surface,fine_gravel,"unlisted at accepted/known values, probably wrong/misspelled"
24933683,way,surface,fine_gravel,"unlisted at accepted/known values, probably wrong/misspelled"
24933684,way,surface,fine_gravel,"unlisted at accepted/known values, probably wrong/misspelled"
24933685,way,surface,fine_gravel,"unlisted at accepted/known values, probably wrong/misspelled"
24933686,way,surface,fine_gravel,"unlisted at accepted/known values, probably wrong/misspelled"
24933687,way,surface,fine_gravel,"unlisted at accepted/known values, probably wrong/misspelled"
24933688,way,surface,fine_gravel,"unlisted at accepted/known values, probably wrong/misspelled"
24933690,way,surface,fine_gravel,"unlisted at accepted/known values, probably wrong/misspelled"
24933693,way,surface,fine_gravel,"unlisted at accepted/known values, probably wrong/misspelled"
24933695,way,surface,fine_gravel,"unlisted at accepted/known values, probably wrong/misspelled"
25564507,way,surface,pebblestone,"unlisted at accepted/known values, probably wrong/misspelled"
25631913,way,surface,fine_gravel,"unlisted at accepted/known values, probably wrong/misspelled"
25835568,way,surface,metal_grid,"unlisted at accepted/known values, probably wrong/misspelled"
25967597,way,surface,fine_gravel,"unlisted at accepted/known values, probably wrong/misspelled"
26309403,way,surface,fine_gravel,"unlisted at accepted/known values, probably wrong/misspelled"
26309407,way,surface,fine_gravel,"unlisted at accepted/known values, probably wrong/misspelled"
26309408,way,surface,fine_gravel,"unlisted at accepted/known values, probably wrong/misspelled"
26394787,way,surface,fine_gravel,"unlisted at accepted/known values, probably wrong/misspelled"
26394788,way,surface,fine_gravel,"unlisted at accepted/known values, probably wrong/misspelled"
26493333,way,surface,pebblestone,"unlisted at accepted/known values, probably wrong/misspelled"
26600922,way,surface,pebblestone,"unlisted at accepted/known values, probably wrong/misspelled"
26630431,way,surface,fine_gravel,"unlisted at accepted/known values, probably wrong/misspelled"
26630432,way,surface,fine_gravel,"unlisted at accepted/known values, probably wrong/misspelled"
26630435,way,surface,fine_gravel,"unlisted at accepted/known values, probably wrong/misspelled"
26630438,way,surface,fine_gravel,"unlisted at accepted/known values, probably wrong/misspelled"
26630446,way,surface,fine_gravel,"unlisted at accepted/known values, probably wrong/misspelled"
26630447,way,surface,fine_gravel,"unlisted at accepted/known values, probably wrong/misspelled"
26630448,way,surface,fine_gravel,"unlisted at accepted/known values, probably wrong/misspelled"
26665414,way,surface,pebblestone,"unlisted at accepted/known values, probably wrong/misspelled"
26825677,way,surface,fine_gravel,"unlisted at accepted/known values, probably wrong/misspelled"
27224898,way,surface,mud,"unlisted at accepted/known values, probably wrong/misspelled"
27256787,way,surface,fine_gravel,"unlisted at accepted/known values, probably wrong/misspelled"
27310300,way,surface,pebblestone,"unlisted at accepted/known values, probably wrong/misspelled"
27607104,way,surface,peat,"unlisted at accepted/known values, probably wrong/misspelled"
28452396,way,surface,fine_gravel,"unlisted at accepted/known values, probably wrong/misspelled"
28452398,way,surface,fine_gravel,"unlisted at accepted/known values, probably wrong/misspelled"
28584793,way,surface,fine_gravel,"unlisted at accepted/known values, probably wrong/misspelled"
28584795,way,surface,fine_gravel,"unlisted at accepted/known values, probably wrong/misspelled"
29871428,way,surface,fine_gravel,"unlisted at accepted/known values, probably wrong/misspelled"
30045838,way,surface,fine_gravel,"unlisted at accepted/known values, probably wrong/misspelled"
30102262,way,surface,fine_gravel,"unlisted at accepted/known values, probably wrong/misspelled"
30171315,way,surface,fine_gravel,"unlisted at accepted/known values, probably wrong/misspelled"
30171418,way,surface,fine_gravel,"unlisted at accepted/known values, probably wrong/misspelled"
30185830,way,surface,fine_gravel,"unlisted at accepted/known values, probably wrong/misspelled"
30361567,way,surface,fine_gravel,"unlisted at accepted/known values, probably wrong/misspelled"
30491050,way,surface,fine_gravel,"unlisted at accepted/known values, probably wrong/misspelled"
30653599,way,surface,fine_gravel,"unlisted at accepted/known values, probably wrong/misspelled"
30709773,way,surface,fine_gravel,"unlisted at accepted/known values, probably wrong/misspelled"
30721710,way,surface,fine_gravel,"unlisted at accepted/known values, probably wrong/misspelled"
30721725,way,surface,fine_gravel,"unlisted at accepted/known values, probably wrong/misspelled"
30727932,way,surface,fine_gravel,"unlisted at accepted/known values, probably wrong/misspelled"
31141245,way,surface,fine_gravel,"unlisted at accepted/known values, probably wrong/misspelled"
31722324,way,surface,fine_gravel,"unlisted at accepted/known values, probably wrong/misspelled"
31959455,way,surface,fine_gravel,"unlisted at accepted/known values, probably wrong/misspelled"
32447275,way,tactile_paving,partial,"unlisted at accepted/known values, probably wrong/misspelled"
32447833,way,surface,stone,"unlisted at accepted/known values, probably wrong/misspelled"
34713793,way,surface,fine_gravel,"unlisted at accepted/known values, probably wrong/misspelled"
35208557,way,surface,fine_gravel,"unlisted at accepted/known values, probably wrong/misspelled"
35262566,way,surface,fine_gravel,"unlisted at accepted/known values, probably wrong/misspelled"
35334271,way,surface,fine_gravel,"unlisted at accepted/known values, probably wrong/misspelled"
35334272,way,surface,fine_gravel,"unlisted at accepted/known values, probably wrong/misspelled"
35598064,way,surface,fine_gravel,"unlisted at accepted/known values, probably wrong/misspelled"
36878005,way,surface,fine_gravel,"unlisted at accepted/known values, probably wrong/misspelled"
36878123,way,surface,fine_gravel,"unlisted at accepted/known values, probably wrong/misspelled"
37738235,way,surface,fine_gravel,"unlisted at accepted/known values, probably wrong/misspelled"
40111867,way,surface,fine_gravel,"unlisted at accepted/known values, probably wrong/misspelled"
40111874,way,surface,fine_gravel,"unlisted at accepted/known values, probably wrong/misspelled"
40111875,way,surface,fine_gravel,"unlisted at accepted/known values, probably wrong/misspelled"
40111876,way,surface,fine_gravel,"unlisted at accepted/known values, probably wrong/misspelled"
42300914,way,surface,fine_gravel,"unlisted at accepted/known values, probably wrong/misspelled"
43077635,way,surface,rock,"unlisted at accepted/known values, probably wrong/misspelled"
43268071,way,surface,rock,"unlisted at accepted/known values, probably wrong/misspelled"
43954240,way,surface,fine_gravel,"unlisted at accepted/known values, probably wrong/misspelled"
46673115,way,surface,pebblestone,"unlisted at accepted/known values, probably wrong/misspelled"
47300705,way,surface,mud,"unlisted at accepted/known values, probably wrong/misspelled"
47303851,way,surface,mud,"unlisted at accepted/known values, probably wrong/misspelled"
48427814,way,surface,fine_gravel,"unlisted at accepted/known values, probably wrong/misspelled"
48603364,way,surface,grass;peat,"unlisted at accepted/known values, probably wrong/misspelled"
49014129,way,surface,grass;peat,"unlisted at accepted/known values, probably wrong/misspelled"
51694724,way,surface,fine_gravel,"unlisted at accepted/known values, probably wrong/misspelled"
51694725,way,surface,woodchips,"unlisted at accepted/known values, probably wrong/misspelled"
52513775,way,surface,fine_gravel,"unlisted at accepted/known values, probably wrong/misspelled"
54829964,way,surface,pebblestone,"unlisted at accepted/known values, probably wrong/misspelled"
59564478,way,surface,fine_gravel,"unlisted at accepted/known values, probably wrong/misspelled"
59721363,way,surface,fine_gravel,"unlisted at accepted/known values, probably wrong/misspelled"
61320001,way,surface,fine_gravel,"unlisted at accepted/known values, probably wrong/misspelled"
61334564,way,surface,fine_gravel,"unlisted at accepted/known values, probably wrong/misspelled"
62310941,way,surface,mud,"unlisted at accepted/known values, probably wrong/misspelled"
64460721,way,surface,fine_gravel,"unlisted at accepted/known values, probably wrong/misspelled"
65183996,way,surface,pebblestone,"unlisted at accepted/known values, probably wrong/misspelled"
65198975,way,surface,fine_gravel,"unlisted at accepted/known values, probably wrong/misspelled"
65200351,way,surface,fine_gravel,"unlisted at accepted/known values, probably wrong/misspelled"
65397380,way,surface,fine_gravel,"unlisted at accepted/known values, probably wrong/misspelled"
66335655,way,surface,fine_gravel,"unlisted at accepted/known values, probably wrong/misspelled"
66566864,way,surface,fine_gravel,"unlisted at accepted/known values, probably wrong/misspelled"
66575351,way,surface,fine_gravel,"unlisted at accepted/known values, probably wrong/misspelled"
68882200,way,surface,fine_gravel,"unlisted at accepted/known values, probably wrong/misspelled"
68882202,way,surface,fine_gravel,"unlisted at accepted/known values, probably wrong/misspelled"
68882439,way,surface,fine_gravel,"unlisted at accepted/known values, probably wrong/misspelled"
69067704,way,surface,fine_gravel,"unlisted at accepted/known values, probably wrong/misspelled"
69067708,way,surface,fine_gravel,"unlisted at accepted/known values, probably wrong/misspelled"
70091639,way,surface,concrete:lanes,"unlisted at accepted/known values, probably wrong/misspelled"
70479455,way,surface,fine_gravel,"unlisted at accepted/known values, probably wrong/misspelled"
70479460,way,surface,fine_gravel,"unlisted at accepted/known values, probably wrong/misspelled"
70483495,way,surface,fine_gravel,"unlisted at accepted/known values, probably wrong/misspelled"
70483497,way,surface,fine_gravel,"unlisted at accepted/known values, probably wrong/misspelled"
72773916,way,surface,mud,"unlisted at accepted/known values, probably wrong/misspelled"
72773918,way,surface,mud,"unlisted at accepted/known values, probably wrong/misspelled"
72773954,way,surface,mud,"unlisted at accepted/known values, probably wrong/misspelled"
75896924,way,surface,peat,"unlisted at accepted/known values, probably wrong/misspelled"
76114822,way,surface,fine_gravel,"unlisted at accepted/known values, probably wrong/misspelled"
77467014,way,surface,mud,"unlisted at accepted/known values, probably wrong/misspelled"
78349713,way,surface,fine_gravel,"unlisted at accepted/known values, probably wrong/misspelled"
78470280,way,surface,fine_gravel,"unlisted at accepted/known values, probably wrong/misspelled"
78875753,way,surface,fine_gravel,"unlisted at accepted/known values, probably wrong/misspelled"
79382432,way,surface,fine_gravel,"unlisted at accepted/known values, probably wrong/misspelled"
79506469,way,surface,stone,"unlisted at accepted/known values, probably wrong/misspelled"
79506475,way,surface,fine_gravel,"unlisted at accepted/known values, probably wrong/misspelled"
80171809,way,surface,fine_gravel,"unlisted at accepted/known values, probably wrong/misspelled"
80173917,way,surface,fine_gravel,"unlisted at accepted/known values, probably wrong/misspelled"
80173923,way,surface,fine_gravel,"unlisted at accepted/known values, probably wrong/misspelled"
80369596,way,surface,fine_gravel,"unlisted at accepted/known values, probably wrong/misspelled"
80874345,way,surface,fine_gravel,"unlisted at accepted/known values, probably wrong/misspelled"
80874347,way,surface,fine_gravel,"unlisted at accepted/known values, probably wrong/misspelled"
80874349,way,surface,fine_gravel,"unlisted at accepted/known values, probably wrong/misspelled"
80874350,way,surface,fine_gravel,"unlisted at accepted/known values, probably wrong/misspelled"
80878493,way,surface,pebblestone,"unlisted at accepted/known values, probably wrong/misspelled"
80878520,way,surface,fine_gravel,"unlisted at accepted/known values, probably wrong/misspelled"
80913386,way,surface,fine_gravel,"unlisted at accepted/known values, probably wrong/misspelled"
81164205,way,surface,fine_gravel,"unlisted at accepted/known values, probably wrong/misspelled"
82210613,way,surface,fine_gravel,"unlisted at accepted/known values, probably wrong/misspelled"
82568478,way,surface,fine_gravel,"unlisted at accepted/known values, probably wrong/misspelled"
82568722,way,surface,fine_gravel,"unlisted at accepted/known values, probably wrong/misspelled"
82781701,way,surface,rock,"unlisted at accepted/known values, probably wrong/misspelled"
82781725,way,surface,rock,"unlisted at accepted/known values, probably wrong/misspelled"
82781772,way,surface,pebblestone,"unlisted at accepted/known values, probably wrong/misspelled"
82781848,way,surface,pebblestone,"unlisted at accepted/known values, probably wrong/misspelled"
83674093,way,surface,pebblestone,"unlisted at accepted/known values, probably wrong/misspelled"
85684907,way,surface,fine_gravel,"unlisted at accepted/known values, probably wrong/misspelled"
85826389,way,surface,pebblestone,"unlisted at accepted/known values, probably wrong/misspelled"
85830513,way,surface,fine_gravel,"unlisted at accepted/known values, probably wrong/misspelled"
85830519,way,surface,fine_gravel,"unlisted at accepted/known values, probably wrong/misspelled"
86023567,way,surface,fine_gravel,"unlisted at accepted/known values, probably wrong/misspelled"
86126830,way,surface,fine_gravel,"unlisted at accepted/known values, probably wrong/misspelled"
86133624,way,surface,fine_gravel,"unlisted at accepted/known values, probably wrong/misspelled"
86133629,way,surface,fine_gravel,"unlisted at accepted/known values, probably wrong/misspelled"
86663976,way,surface,wood;dirt,"unlisted at accepted/known values, probably wrong/misspelled"
87074144,way,surface,woodchips,"unlisted at accepted/known values, probably wrong/misspelled"
87075075,way,surface,pebblestone,"unlisted at accepted/known values, probably wrong/misspelled"
87075086,way,surface,pebblestone,"unlisted at accepted/known values, probably wrong/misspelled"
87823287,way,surface,fine_gravel,"unlisted at accepted/known values, probably wrong/misspelled"
89153253,way,surface,fine_gravel,"unlisted at accepted/known values, probably wrong/misspelled"
92725531,way,surface,fine_gravel,"unlisted at accepted/known values, probably wrong/misspelled"
92725532,way,surface,fine_gravel,"unlisted at accepted/known values, probably wrong/misspelled"
92725535,way,surface,fine_gravel,"unlisted at accepted/known values, probably wrong/misspelled"
92725536,way,surface,fine_gravel,"unlisted at accepted/known values, probably wrong/misspelled"
92725538,way,surface,fine_gravel,"unlisted at accepted/known values, probably wrong/misspelled"
92725545,way,surface,fine_gravel,"unlisted at accepted/known values, probably wrong/misspelled"
93316022,way,surface,pebblestone,"unlisted at accepted/known values, probably wrong/misspelled"
96390203,way,surface,fine_gravel,"unlisted at accepted/known values, probably wrong/misspelled"
96398939,way,surface,fine_gravel,"unlisted at accepted/known values, probably wrong/misspelled"
96731682,way,surface,fine_gravel,"unlisted at accepted/known values, probably wrong/misspelled"
97226596,way,surface,mud,"unlisted at accepted/known values, probably wrong/misspelled"
97392066,way,surface,mud,"unlisted at accepted/known values, probably wrong/misspelled"
97800923,way,surface,peat,"unlisted at accepted/known values, probably wrong/misspelled"
97800936,way,surface,mud,"unlisted at accepted/known values, probably wrong/misspelled"
97802122,way,surface,fine_gravel,"unlisted at accepted/known values, probably wrong/misspelled"
98539563,way,surface,fine_gravel,"unlisted at accepted/known values, probably wrong/misspelled"
98539588,way,surface,pebblestone,"unlisted at accepted/known values, probably wrong/misspelled"
98539600,way,surface,fine_gravel,"unlisted at accepted/known values, probably wrong/misspelled"
102162171,way,surface,pebblestone,"unlisted at accepted/known values, probably wrong/misspelled"
102457445,way,surface,peat,"unlisted at accepted/known values, probably wrong/misspelled"
102485449,way,surface,fine_gravel,"unlisted at accepted/known values, probably wrong/misspelled"
102687771,way,surface,fine_gravel,"unlisted at accepted/known values, probably wrong/misspelled"
102959994,way,surface,mud,"unlisted at accepted/known values, probably wrong/misspelled"
103021530,way,surface,fine_gravel,"unlisted at accepted/known values, probably wrong/misspelled"
103761530,way,surface,mud,"unlisted at accepted/known values, probably wrong/misspelled"
103987344,way,surface,fine_gravel,"unlisted at accepted/known values, probably wrong/misspelled"
104446451,way,surface,fine_gravel,"unlisted at accepted/known values, probably wrong/misspelled"
104448152,way,surface,rock,"unlisted at accepted/known values, probably wrong/misspelled"
104934895,way,surface,fine_gravel,"unlisted at accepted/known values, probably wrong/misspelled"
105080500,way,surface,peat,"unlisted at accepted/known values, probably wrong/misspelled"
105555575,way,surface,fine_gravel,"unlisted at accepted/known values, probably wrong/misspelled"
105950763,way,surface,fine_gravel,"unlisted at accepted/known values, probably wrong/misspelled"
106431683,way,surface,fine_gravel,"unlisted at accepted/known values, probably wrong/misspelled"
108031592,way,surface,grass_paver,"unlisted at accepted/known values, probably wrong/misspelled"
108144533,way,surface,rock,"unlisted at accepted/known values, probably wrong/misspelled"
109810746,way,surface,fine_gravel,"unlisted at accepted/known values, probably wrong/misspelled"
109816179,way,surface,fine_gravel,"unlisted at accepted/known values, probably wrong/misspelled"
109816191,way,surface,fine_gravel,"unlisted at accepted/known values, probably wrong/misspelled"
109816201,way,surface,fine_gravel,"unlisted at accepted/known values, probably wrong/misspelled"
109816209,way,surface,fine_gravel,"unlisted at accepted/known values, probably wrong/misspelled"
109816215,way,surface,fine_gravel,"unlisted at accepted/known values, probably wrong/misspelled"
109816216,way,surface,fine_gravel,"unlisted at accepted/known values, probably wrong/misspelled"
109816233,way,surface,fine_gravel,"unlisted at accepted/known values, probably wrong/misspelled"
109979781,way,surface,fine_gravel,"unlisted at accepted/known values, probably wrong/misspelled"
109981835,way,surface,fine_gravel,"unlisted at accepted/known values, probably wrong/misspelled"
111695461,way,surface,fine_gravel,"unlisted at accepted/known values, probably wrong/misspelled"
111695477,way,surface,fine_gravel,"unlisted at accepted/known values, probably wrong/misspelled"
111833893,way,surface,fine_gravel,"unlisted at accepted/known values, probably wrong/misspelled"
112190342,way,surface,fine_gravel,"unlisted at accepted/known values, probably wrong/misspelled"
112190348,way,surface,fine_gravel,"unlisted at accepted/known values, probably wrong/misspelled"
112190354,way,surface,fine_gravel,"unlisted at accepted/known values, probably wrong/misspelled"
112190356,way,surface,fine_gravel,"unlisted at accepted/known values, probably wrong/misspelled"
112190365,way,surface,fine_gravel,"unlisted at accepted/known values, probably wrong/misspelled"
112190367,way,surface,fine_gravel,"unlisted at accepted/known values, probably wrong/misspelled"
112190372,way,surface,fine_gravel,"unlisted at accepted/known values, probably wrong/misspelled"
112190375,way,surface,fine_gravel,"unlisted at accepted/known values, probably wrong/misspelled"
112190382,way,surface,fine_gravel,"unlisted at accepted/known values, probably wrong/misspelled"
112190383,way,surface,fine_gravel,"unlisted at accepted/known values, probably wrong/misspelled"
112407293,way,surface,fine_gravel,"unlisted at accepted/known values, probably wrong/misspelled"
112543925,way,surface,rock,"unlisted at accepted/known values, probably wrong/misspelled"
113041801,way,surface,fine_gravel,"unlisted at accepted/known values, probably wrong/misspelled"
113041802,way,surface,fine_gravel,"unlisted at accepted/known values, probably wrong/misspelled"
113044093,way,surface,fine_gravel,"unlisted at accepted/known values, probably wrong/misspelled"
113281380,way,surface,fine_gravel,"unlisted at accepted/known values, probably wrong/misspelled"
113281387,way,surface,fine_gravel,"unlisted at accepted/known values, probably wrong/misspelled"
113281389,way,surface,fine_gravel,"unlisted at accepted/known values, probably wrong/misspelled"
113612830,way,surface,fine_gravel,"unlisted at accepted/known values, probably wrong/misspelled"
113696718,way,surface,fine_gravel,"unlisted at accepted/known values, probably wrong/misspelled"
113696730,way,surface,fine_gravel,"unlisted at accepted/known values, probably wrong/misspelled"
113718736,way,surface,fine_gravel,"unlisted at accepted/known values, probably wrong/misspelled"
113718751,way,surface,fine_gravel,"unlisted at accepted/known values, probably wrong/misspelled"
113718754,way,surface,fine_gravel,"unlisted at accepted/known values, probably wrong/misspelled"
114200491,way,surface,fine_gravel,"unlisted at accepted/known values, probably wrong/misspelled"
114996124,way,surface,stone,"unlisted at accepted/known values, probably wrong/misspelled"
115133439,way,surface,fine_gravel,"unlisted at accepted/known values, probably wrong/misspelled"
115215121,way,surface,fine_gravel,"unlisted at accepted/known values, probably wrong/misspelled"
116003757,way,surface,peat,"unlisted at accepted/known values, probably wrong/misspelled"
116003777,way,surface,mud,"unlisted at accepted/known values, probably wrong/misspelled"
116243318,way,surface,peat,"unlisted at accepted/known values, probably wrong/misspelled"
116504676,way,surface,mud,"unlisted at accepted/known values, probably wrong/misspelled"
116853148,way,surface,fine_gravel,"unlisted at accepted/known values, probably wrong/misspelled"
116863098,way,surface,fine_gravel,"unlisted at accepted/known values, probably wrong/misspelled"
117215871,way,surface,fine_gravel,"unlisted at accepted/known values, probably wrong/misspelled"
117215879,way,surface,fine_gravel,"unlisted at accepted/known values, probably wrong/misspelled"
117262495,way,surface,fine_gravel,"unlisted at accepted/known values, probably wrong/misspelled"
117982552,way,surface,rock,"unlisted at accepted/known values, probably wrong/misspelled"
118105038,way,surface,fine_gravel,"unlisted at accepted/known values, probably wrong/misspelled"
118115560,way,surface,fine_gravel,"unlisted at accepted/known values, probably wrong/misspelled"
118136528,way,surface,fine_gravel,"unlisted at accepted/known values, probably wrong/misspelled"
118136529,way,surface,fine_gravel,"unlisted at accepted/known values, probably wrong/misspelled"
118136839,way,surface,rock,"unlisted at accepted/known values, probably wrong/misspelled"
118136842,way,surface,fine_gravel,"unlisted at accepted/known values, probably wrong/misspelled"
118137079,way,surface,fine_gravel,"unlisted at accepted/known values, probably wrong/misspelled"
118141080,way,surface,fine_gravel,"unlisted at accepted/known values, probably wrong/misspelled"
118148143,way,surface,pebblestone,"unlisted at accepted/known values, probably wrong/misspelled"
118215526,way,surface,pebblestone,"unlisted at accepted/known values, probably wrong/misspelled"
118232098,way,surface,fine_gravel,"unlisted at accepted/known values, probably wrong/misspelled"
118251262,way,surface,fine_gravel,"unlisted at accepted/known values, probably wrong/misspelled"
119211742,way,surface,rock,"unlisted at accepted/known values, probably wrong/misspelled"
119305493,way,surface,fine_gravel,"unlisted at accepted/known values, probably wrong/misspelled"
119385188,way,surface,fine_gravel,"unlisted at accepted/known values, probably wrong/misspelled"
119393599,way,surface,fine_gravel,"unlisted at accepted/known values, probably wrong/misspelled"
119393605,way,surface,fine_gravel,"unlisted at accepted/known values, probably wrong/misspelled"
120101935,way,surface,fine_gravel,"unlisted at accepted/known values, probably wrong/misspelled"
120105907,way,surface,fine_gravel,"unlisted at accepted/known values, probably wrong/misspelled"
120236049,way,surface,fine_gravel,"unlisted at accepted/known values, probably wrong/misspelled"
120248271,way,surface,fine_gravel,"unlisted at accepted/known values, probably wrong/misspelled"
120248280,way,surface,fine_gravel,"unlisted at accepted/known values, probably wrong/misspelled"
120248282,way,surface,rock,"unlisted at accepted/known values, probably wrong/misspelled"
120320845,way,surface,metal_grid,"unlisted at accepted/known values, probably wrong/misspelled"
122069418,way,surface,mud,"unlisted at accepted/known values, probably wrong/misspelled"
122443542,way,surface,fine_gravel,"unlisted at accepted/known values, probably wrong/misspelled"
123974204,way,surface,stone,"unlisted at accepted/known values, probably wrong/misspelled"
123974207,way,surface,stone,"unlisted at accepted/known values, probably wrong/misspelled"
123974208,way,surface,stone,"unlisted at accepted/known values, probably wrong/misspelled"
123974210,way,surface,stone,"unlisted at accepted/known values, probably wrong/misspelled"
123974213,way,surface,stone,"unlisted at accepted/known values, probably wrong/misspelled"
124798385,way,surface,fine_gravel,"unlisted at accepted/known values, probably wrong/misspelled"
125085060,way,surface,mud,"unlisted at accepted/known values, probably wrong/misspelled"
128829643,way,surface,fine_gravel,"unlisted at accepted/known values, probably wrong/misspelled"
128846226,way,surface,fine_gravel,"unlisted at accepted/known values, probably wrong/misspelled"
129027680,way,surface,pebblestone,"unlisted at accepted/known values, probably wrong/misspelled"
129027694,way,surface,rock,"unlisted at accepted/known values, probably wrong/misspelled"
129251521,way,surface,fine_gravel,"unlisted at accepted/known values, probably wrong/misspelled"
129494467,way,surface,fine_gravel,"unlisted at accepted/known values, probably wrong/misspelled"
129707942,way,surface,rock,"unlisted at accepted/known values, probably wrong/misspelled"
129724387,way,surface,fine_gravel,"unlisted at accepted/known values, probably wrong/misspelled"
130283895,way,surface,fine_gravel,"unlisted at accepted/known values, probably wrong/misspelled"
130448611,way,surface,pebblestone,"unlisted at accepted/known values, probably wrong/misspelled"
130575143,way,surface,fine_gravel,"unlisted at accepted/known values, probably wrong/misspelled"
130583411,way,surface,fine_gravel,"unlisted at accepted/known values, probably wrong/misspelled"
130583413,way,surface,fine_gravel,"unlisted at accepted/known values, probably wrong/misspelled"
130963812,way,surface,wet,"unlisted at accepted/known values, probably wrong/misspelled"
131498018,way,surface,pebblestone,"unlisted at accepted/known values, probably wrong/misspelled"
132661722,way,surface,fine_gravel,"unlisted at accepted/known values, probably wrong/misspelled"
133391119,way,surface,fine_gravel,"unlisted at accepted/known values, probably wrong/misspelled"
133391123,way,surface,fine_gravel,"unlisted at accepted/known values, probably wrong/misspelled"
133391124,way,surface,fine_gravel,"unlisted at accepted/known values, probably wrong/misspelled"
133391128,way,surface,fine_gravel,"unlisted at accepted/known values, probably wrong/misspelled"
133391129,way,surface,fine_gravel,"unlisted at accepted/known values, probably wrong/misspelled"
133391133,way,surface,fine_gravel,"unlisted at accepted/known values, probably wrong/misspelled"
133548656,way,surface,fine_gravel,"unlisted at accepted/known values, probably wrong/misspelled"
133801581,way,surface,woodchips,"unlisted at accepted/known values, probably wrong/misspelled"
133801591,way,surface,fine_gravel,"unlisted at accepted/known values, probably wrong/misspelled"
133801592,way,surface,fine_gravel,"unlisted at accepted/known values, probably wrong/misspelled"
133801593,way,surface,woodchips,"unlisted at accepted/known values, probably wrong/misspelled"
133801596,way,surface,fine_gravel,"unlisted at accepted/known values, probably wrong/misspelled"
133801611,way,surface,pebblestone,"unlisted at accepted/known values, probably wrong/misspelled"
133801612,way,surface,fine_gravel,"unlisted at accepted/known values, probably wrong/misspelled"
133801618,way,surface,woodchips,"unlisted at accepted/known values, probably wrong/misspelled"
133801622,way,surface,fine_gravel,"unlisted at accepted/known values, probably wrong/misspelled"
133801626,way,surface,fine_gravel,"unlisted at accepted/known values, probably wrong/misspelled"
133801627,way,surface,fine_gravel,"unlisted at accepted/known values, probably wrong/misspelled"
134572408,way,surface,peat,"unlisted at accepted/known values, probably wrong/misspelled"
134572411,way,surface,peat,"unlisted at accepted/known values, probably wrong/misspelled"
135311791,way,surface,fine_gravel,"unlisted at accepted/known values, probably wrong/misspelled"
135311826,way,surface,fine_gravel,"unlisted at accepted/known values, probably wrong/misspelled"
136088746,way,surface,fine_gravel,"unlisted at accepted/known values, probably wrong/misspelled"
136088747,way,surface,fine_gravel,"unlisted at accepted/known values, probably wrong/misspelled"
139127528,way,surface,gravel;ground,"unlisted at accepted/known values, probably wrong/misspelled"
139166603,way,surface,fine_gravel,"unlisted at accepted/known values, probably wrong/misspelled"
140773023,way,surface,fine_gravel,"unlisted at accepted/known values, probably wrong/misspelled"
140773037,way,surface,fine_gravel,"unlisted at accepted/known values, probably wrong/misspelled"
141698180,way,surface,fine_gravel,"unlisted at accepted/known values, probably wrong/misspelled"
141698199,way,surface,fine_gravel,"unlisted at accepted/known values, probably wrong/misspelled"
141698216,way,surface,fine_gravel,"unlisted at accepted/known values, probably wrong/misspelled"
142497168,way,surface,rock,"unlisted at accepted/known values, probably wrong/misspelled"
142678729,way,surface,fine_gravel,"unlisted at accepted/known values, probably wrong/misspelled"
142678730,way,surface,fine_gravel,"unlisted at accepted/known values, probably wrong/misspelled"
142678732,way,surface,fine_gravel,"unlisted at accepted/known values, probably wrong/misspelled"
142715452,way,surface,fine_gravel,"unlisted at accepted/known values, probably wrong/misspelled"
143417626,way,surface,fine_gravel,"unlisted at accepted/known values, probably wrong/misspelled"
143417627,way,surface,fine_gravel,"unlisted at accepted/known values, probably wrong/misspelled"
143527300,way,surface,fine_gravel,"unlisted at accepted/known values, probably wrong/misspelled"
143527301,way,surface,fine_gravel,"unlisted at accepted/known values, probably wrong/misspelled"
143527302,way,surface,fine_gravel,"unlisted at accepted/known values, probably wrong/misspelled"
143768021,way,surface,fine_gravel,"unlisted at accepted/known values, probably wrong/misspelled"
143768022,way,surface,fine_gravel,"unlisted at accepted/known values, probably wrong/misspelled"
147491925,way,surface,mud,"unlisted at accepted/known values, probably wrong/misspelled"
148388424,way,surface,mud,"unlisted at accepted/known values, probably wrong/misspelled"
149609297,way,surface,fine_gravel,"unlisted at accepted/known values, probably wrong/misspelled"
149766019,way,surface,fine_gravel,"unlisted at accepted/known values, probably wrong/misspelled"
150539287,way,surface,pebblestone,"unlisted at accepted/known values, probably wrong/misspelled"
153229074,way,surface,fine_gravel,"unlisted at accepted/known values, probably wrong/misspelled"
154913353,way,surface,fine_gravel,"unlisted at accepted/known values, probably wrong/misspelled"
154913355,way,surface,fine_gravel,"unlisted at accepted/known values, probably wrong/misspelled"
154942038,way,surface,fine_gravel,"unlisted at accepted/known values, probably wrong/misspelled"
154992122,way,surface,rock,"unlisted at accepted/known values, probably wrong/misspelled"
156700558,way,surface,fine_gravel,"unlisted at accepted/known values, probably wrong/misspelled"
156700570,way,surface,fine_gravel,"unlisted at accepted/known values, probably wrong/misspelled"
156700591,way,surface,fine_gravel,"unlisted at accepted/known values, probably wrong/misspelled"
157275276,way,surface,peat,"unlisted at accepted/known values, probably wrong/misspelled"
158179729,way,surface,metal_grid,"unlisted at accepted/known values, probably wrong/misspelled"
158557392,way,surface,pebblestone,"unlisted at accepted/known values, probably wrong/misspelled"
158705307,way,surface,fine_gravel,"unlisted at accepted/known values, probably wrong/misspelled"
158946977,way,surface,fine_gravel,"unlisted at accepted/known values, probably wrong/misspelled"
159252956,way,surface,fine_gravel,"unlisted at accepted/known values, probably wrong/misspelled"
159391334,way,surface,metal_grid,"unlisted at accepted/known values, probably wrong/misspelled"
160564817,way,surface,fine_gravel,"unlisted at accepted/known values, probably wrong/misspelled"
160805246,way,surface,mud,"unlisted at accepted/known values, probably wrong/misspelled"
160972585,way,surface,wet,"unlisted at accepted/known values, probably wrong/misspelled"
161413667,way,surface,metal_grid,"unlisted at accepted/known values, probably wrong/misspelled"
161480313,way,surface,fine_gravel,"unlisted at accepted/known values, probably wrong/misspelled"
161491099,way,surface,mud,"unlisted at accepted/known values, probably wrong/misspelled"
164210180,way,surface,pebblestone,"unlisted at accepted/known values, probably wrong/misspelled"
165027414,way,surface,peat,"unlisted at accepted/known values, probably wrong/misspelled"
165256454,way,surface,rock,"unlisted at accepted/known values, probably wrong/misspelled"
165340920,way,tactile_paving,partial,"unlisted at accepted/known values, probably wrong/misspelled"
165340933,way,tactile_paving,partial,"unlisted at accepted/known values, probably wrong/misspelled"
166685742,way,surface,fine_gravel,"unlisted at accepted/known values, probably wrong/misspelled"
168357896,way,surface,mud,"unlisted at accepted/known values, probably wrong/misspelled"
169263749,way,surface,fine_gravel,"unlisted at accepted/known values, probably wrong/misspelled"
169634179,way,surface,mixed,"unlisted at accepted/known values, probably wrong/misspelled"
171553195,way,surface,mud,"unlisted at accepted/known values, probably wrong/misspelled"
171553198,way,surface,mud,"unlisted at accepted/known values, probably wrong/misspelled"
172520799,way,surface,fine_gravel,"unlisted at accepted/known values, probably wrong/misspelled"
172522970,way,surface,fine_gravel,"unlisted at accepted/known values, probably wrong/misspelled"
172700623,way,surface,fine_gravel,"unlisted at accepted/known values, probably wrong/misspelled"
173216969,way,surface,fine_gravel,"unlisted at accepted/known values, probably wrong/misspelled"
178739038,way,surface,fine_gravel,"unlisted at accepted/known values, probably wrong/misspelled"
179533921,way,surface,wet,"unlisted at accepted/known values, probably wrong/misspelled"
179533932,way,surface,wet,"unlisted at accepted/known values, probably wrong/misspelled"
179686607,way,surface,fine_gravel,"unlisted at accepted/known values, probably wrong/misspelled"
179849184,way,surface,bark,"unlisted at accepted/known values, probably wrong/misspelled"
179849185,way,surface,bark,"unlisted at accepted/known values, probably wrong/misspelled"
179849188,way,surface,bark,"unlisted at accepted/known values, probably wrong/misspelled"
179849189,way,surface,bark,"unlisted at accepted/known values, probably wrong/misspelled"
182543261,way,surface,fine_gravel,"unlisted at accepted/known values, probably wrong/misspelled"
183583978,way,surface,mud,"unlisted at accepted/known values, probably wrong/misspelled"
183646153,way,surface,fine_gravel,"unlisted at accepted/known values, probably wrong/misspelled"
184613916,way,surface,peat,"unlisted at accepted/known values, probably wrong/misspelled"
185874761,way,surface,fine_gravel,"unlisted at accepted/known values, probably wrong/misspelled"
189445916,way,surface,peat,"unlisted at accepted/known values, probably wrong/misspelled"
190586201,way,surface,rock,"unlisted at accepted/known values, probably wrong/misspelled"
193869126,way,surface,fine_gravel,"unlisted at accepted/known values, probably wrong/misspelled"
198007574,way,surface,fine_gravel,"unlisted at accepted/known values, probably wrong/misspelled"
200648469,way,surface,fine_gravel,"unlisted at accepted/known values, probably wrong/misspelled"
201503648,way,surface,mud,"unlisted at accepted/known values, probably wrong/misspelled"
204710727,way,surface,fine_gravel,"unlisted at accepted/known values, probably wrong/misspelled"
209039944,way,surface,fine_gravel,"unlisted at accepted/known values, probably wrong/misspelled"
218621656,way,surface,fine_gravel,"unlisted at accepted/known values, probably wrong/misspelled"
219150224,way,surface,peat,"unlisted at accepted/known values, probably wrong/misspelled"
219498667,way,surface,pebblestone,"unlisted at accepted/known values, probably wrong/misspelled"
220095508,way,surface,fine_gravel,"unlisted at accepted/known values, probably wrong/misspelled"
220561386,way,surface,fine_gravel,"unlisted at accepted/known values, probably wrong/misspelled"
220561398,way,surface,fine_gravel,"unlisted at accepted/known values, probably wrong/misspelled"
220561406,way,surface,fine_gravel,"unlisted at accepted/known values, probably wrong/misspelled"
220561409,way,surface,fine_gravel,"unlisted at accepted/known values, probably wrong/misspelled"
220561410,way,surface,fine_gravel,"unlisted at accepted/known values, probably wrong/misspelled"
220561413,way,surface,fine_gravel,"unlisted at accepted/known values, probably wrong/misspelled"
220561420,way,surface,fine_gravel,"unlisted at accepted/known values, probably wrong/misspelled"
220561921,way,surface,fine_gravel,"unlisted at accepted/known values, probably wrong/misspelled"
220561923,way,surface,fine_gravel,"unlisted at accepted/known values, probably wrong/misspelled"
220566050,way,surface,fine_gravel,"unlisted at accepted/known values, probably wrong/misspelled"
223952256,way,surface,mud,"unlisted at accepted/known values, probably wrong/misspelled"
223952273,way,surface,mud,"unlisted at accepted/known values, probably wrong/misspelled"
224396818,way,surface,fine_gravel,"unlisted at accepted/known values, probably wrong/misspelled"
225821318,way,surface,fine_gravel,"unlisted at accepted/known values, probably wrong/misspelled"
225821325,way,surface,fine_gravel,"unlisted at accepted/known values, probably wrong/misspelled"
226066380,way,surface,fine_gravel,"unlisted at accepted/known values, probably wrong/misspelled"
226145494,way,surface,rock,"unlisted at accepted/known values, probably wrong/misspelled"
227904994,way,surface,fine_gravel,"unlisted at accepted/known values, probably wrong/misspelled"
228303954,way,surface,fine_gravel,"unlisted at accepted/known values, probably wrong/misspelled"
228303962,way,surface,fine_gravel,"unlisted at accepted/known values, probably wrong/misspelled"
229181985,way,surface,fine_gravel,"unlisted at accepted/known values, probably wrong/misspelled"
229181988,way,surface,fine_gravel,"unlisted at accepted/known values, probably wrong/misspelled"
230031785,way,surface,wet,"unlisted at accepted/known values, probably wrong/misspelled"
232358089,way,surface,pebblestone,"unlisted at accepted/known values, probably wrong/misspelled"
233170265,way,surface,fine_gravel,"unlisted at accepted/known values, probably wrong/misspelled"
233170268,way,surface,fine_gravel,"unlisted at accepted/known values, probably wrong/misspelled"
233170269,way,surface,fine_gravel,"unlisted at accepted/known values, probably wrong/misspelled"
233170270,way,surface,fine_gravel,"unlisted at accepted/known values, probably wrong/misspelled"
233170271,way,surface,fine_gravel,"unlisted at accepted/known values, probably wrong/misspelled"
233277674,way,surface,fine_gravel,"unlisted at accepted/known values, probably wrong/misspelled"
233277705,way,surface,fine_gravel,"unlisted at accepted/known values, probably wrong/misspelled"
238954864,way,surface,fine_gravel,"unlisted at accepted/known values, probably wrong/misspelled"
239016697,way,surface,fine_gravel,"unlisted at accepted/known values, probably wrong/misspelled"
239016702,way,surface,fine_gravel,"unlisted at accepted/known values, probably wrong/misspelled"
242691659,way,surface,tartan,"unlisted at accepted/known values, probably wrong/misspelled"
242691665,way,surface,fine_gravel,"unlisted at accepted/known values, probably wrong/misspelled"
243529849,way,surface,wet,"unlisted at accepted/known values, probably wrong/misspelled"
243529850,way,surface,wet,"unlisted at accepted/known values, probably wrong/misspelled"
243529853,way,surface,wet,"unlisted at accepted/known values, probably wrong/misspelled"
243529855,way,surface,wet,"unlisted at accepted/known values, probably wrong/misspelled"
243529879,way,surface,wet,"unlisted at accepted/known values, probably wrong/misspelled"
248699054,way,surface,peat,"unlisted at accepted/known values, probably wrong/misspelled"
249410409,way,surface,fine_gravel,"unlisted at accepted/known values, probably wrong/misspelled"
249410446,way,surface,fine_gravel,"unlisted at accepted/known values, probably wrong/misspelled"
252963978,way,surface,fine_gravel,"unlisted at accepted/known values, probably wrong/misspelled"
253262652,way,surface,fine_gravel,"unlisted at accepted/known values, probably wrong/misspelled"
254567653,way,surface,fine_gravel,"unlisted at accepted/known values, probably wrong/misspelled"
254567663,way,surface,fine_gravel,"unlisted at accepted/known values, probably wrong/misspelled"
256772018,way,surface,fine_gravel,"unlisted at accepted/known values, probably wrong/misspelled"
258361003,way,surface,fine_gravel,"unlisted at accepted/known values, probably wrong/misspelled"
258564364,way,surface,fine_gravel,"unlisted at accepted/known values, probably wrong/misspelled"
262450768,way,surface,fine_gravel,"unlisted at accepted/known values, probably wrong/misspelled"
262839715,way,surface,rock,"unlisted at accepted/known values, probably wrong/misspelled"
263307473,way,surface,fine_gravel,"unlisted at accepted/known values, probably wrong/misspelled"
265117542,way,surface,fine_gravel,"unlisted at accepted/known values, probably wrong/misspelled"
265117544,way,surface,fine_gravel,"unlisted at accepted/known values, probably wrong/misspelled"
265117569,way,surface,fine_gravel,"unlisted at accepted/known values, probably wrong/misspelled"
265120902,way,surface,fine_gravel,"unlisted at accepted/known values, probably wrong/misspelled"
265120904,way,surface,fine_gravel,"unlisted at accepted/known values, probably wrong/misspelled"
265341142,way,surface,woodchips,"unlisted at accepted/known values, probably wrong/misspelled"
266361770,way,surface,fine_gravel,"unlisted at accepted/known values, probably wrong/misspelled"
268683594,way,surface,fine_gravel,"unlisted at accepted/known values, probably wrong/misspelled"
273182785,way,surface,fine_gravel,"unlisted at accepted/known values, probably wrong/misspelled"
274374380,way,surface,fine_gravel,"unlisted at accepted/known values, probably wrong/misspelled"
275319434,way,surface,pebblestone,"unlisted at accepted/known values, probably wrong/misspelled"
280879119,way,surface,fine_gravel,"unlisted at accepted/known values, probably wrong/misspelled"
284021810,way,surface,fine_gravel,"unlisted at accepted/known values, probably wrong/misspelled"
284326489,way,surface,stone,"unlisted at accepted/known values, probably wrong/misspelled"
284326494,way,surface,stone,"unlisted at accepted/known values, probably wrong/misspelled"
284326843,way,surface,fine_gravel,"unlisted at accepted/known values, probably wrong/misspelled"
284698551,way,surface,fine_gravel,"unlisted at accepted/known values, probably wrong/misspelled"
286469702,way,surface,pebblestone,"unlisted at accepted/known values, probably wrong/misspelled"
287731829,way,surface,mud,"unlisted at accepted/known values, probably wrong/misspelled"
289260327,way,surface,mud,"unlisted at accepted/known values, probably wrong/misspelled"
290421149,way,surface,pebblestone,"unlisted at accepted/known values, probably wrong/misspelled"
290423927,way,surface,fine_gravel,"unlisted at accepted/known values, probably wrong/misspelled"
291835998,way,surface,fine_gravel,"unlisted at accepted/known values, probably wrong/misspelled"
292098158,way,surface,fine_gravel,"unlisted at accepted/known values, probably wrong/misspelled"
295869165,way,surface,pebblestone,"unlisted at accepted/known values, probably wrong/misspelled"
301107005,way,surface,rocks,"unlisted at accepted/known values, probably wrong/misspelled"
301107006,way,surface,rocks,"unlisted at accepted/known values, probably wrong/misspelled"
301107007,way,surface,rocks,"unlisted at accepted/known values, probably wrong/misspelled"
301107008,way,surface,rocks,"unlisted at accepted/known values, probably wrong/misspelled"
301107013,way,surface,rocks,"unlisted at accepted/known values, probably wrong/misspelled"
301107014,way,surface,rocks,"unlisted at accepted/known values, probably wrong/misspelled"
301107016,way,surface,rocks,"unlisted at accepted/known values, probably wrong/misspelled"
302753125,way,surface,fine_gravel,"unlisted at accepted/known values, probably wrong/misspelled"
305917185,way,surface,peat,"unlisted at accepted/known values, probably wrong/misspelled"
308429940,way,surface,stone,"unlisted at accepted/known values, probably wrong/misspelled"
310085196,way,surface,peat,"unlisted at accepted/known values, probably wrong/misspelled"
310863115,way,surface,pebblestone,"unlisted at accepted/known values, probably wrong/misspelled"
310863125,way,surface,pebblestone,"unlisted at accepted/known values, probably wrong/misspelled"
313972784,way,surface,fine_gravel,"unlisted at accepted/known values, probably wrong/misspelled"
314136358,way,surface,peat,"unlisted at accepted/known values, probably wrong/misspelled"
314136368,way,surface,mud,"unlisted at accepted/known values, probably wrong/misspelled"
333882463,way,surface,fine_gravel,"unlisted at accepted/known values, probably wrong/misspelled"
334216025,way,surface,fine_gravel,"unlisted at accepted/known values, probably wrong/misspelled"
335063795,way,surface,pebblestone,"unlisted at accepted/known values, probably wrong/misspelled"
336886842,way,surface,rock,"unlisted at accepted/known values, probably wrong/misspelled"
338163962,way,surface,peat,"unlisted at accepted/known values, probably wrong/misspelled"
338383226,way,surface,fine_gravel,"unlisted at accepted/known values, probably wrong/misspelled"
338383334,way,surface,fine_gravel,"unlisted at accepted/known values, probably wrong/misspelled"
338385606,way,surface,fine_gravel,"unlisted at accepted/known values, probably wrong/misspelled"
338385609,way,surface,fine_gravel,"unlisted at accepted/known values, probably wrong/misspelled"
338385611,way,surface,fine_gravel,"unlisted at accepted/known values, probably wrong/misspelled"
338693991,way,surface,fine_gravel,"unlisted at accepted/known values, probably wrong/misspelled"
339176994,way,surface,stone,"unlisted at accepted/known values, probably wrong/misspelled"
343905407,way,surface,rock,"unlisted at accepted/known values, probably wrong/misspelled"
348046393,way,surface,fine_gravel,"unlisted at accepted/known values, probably wrong/misspelled"
348046398,way,surface,fine_gravel,"unlisted at accepted/known values, probably wrong/misspelled"
348046399,way,surface,fine_gravel,"unlisted at accepted/known values, probably wrong/misspelled"
348046400,way,surface,fine_gravel,"unlisted at accepted/known values, probably wrong/misspelled"
355484905,way,surface,fine_gravel,"unlisted at accepted/known values, probably wrong/misspelled"
356274571,way,surface,mud,"unlisted at accepted/known values, probably wrong/misspelled"
356367382,way,surface,peat,"unlisted at accepted/known values, probably wrong/misspelled"
356367384,way,surface,peat,"unlisted at accepted/known values, probably wrong/misspelled"
356450806,way,surface,mud,"unlisted at accepted/known values, probably wrong/misspelled"
356904865,way,surface,fine_gravel,"unlisted at accepted/known values, probably wrong/misspelled"
360995618,way,surface,fine_gravel,"unlisted at accepted/known values, probably wrong/misspelled"
363382142,way,surface,fine_gravel,"unlisted at accepted/known values, probably wrong/misspelled"
363382154,way,surface,fine_gravel,"unlisted at accepted/known values, probably wrong/misspelled"
364420505,way,surface,fine_gravel,"unlisted at accepted/known values, probably wrong/misspelled"
367150292,way,surface,fine_gravel,"unlisted at accepted/known values, probably wrong/misspelled"
367150637,way,surface,fine_gravel,"unlisted at accepted/known values, probably wrong/misspelled"
370067890,way,surface,peat,"unlisted at accepted/known values, probably wrong/misspelled"
372528680,way,tactile_paving,partial,"unlisted at accepted/known values, probably wrong/misspelled"
372580984,way,surface,concrete:lanes,"unlisted at accepted/known values, probably wrong/misspelled"
373704154,way,surface,fine_gravel,"unlisted at accepted/known values, probably wrong/misspelled"
380277200,way,surface,wet,"unlisted at accepted/known values, probably wrong/misspelled"
389563659,way,surface,mud,"unlisted at accepted/known values, probably wrong/misspelled"
393884711,way,surface,fine_gravel,"unlisted at accepted/known values, probably wrong/misspelled"
393892650,way,surface,fine_gravel,"unlisted at accepted/known values, probably wrong/misspelled"
393892651,way,surface,fine_gravel,"unlisted at accepted/known values, probably wrong/misspelled"
393892652,way,surface,fine_gravel,"unlisted at accepted/known values, probably wrong/misspelled"
402225871,way,surface,mud,"unlisted at accepted/known values, probably wrong/misspelled"
402225872,way,surface,mud,"unlisted at accepted/known values, probably wrong/misspelled"
402227066,way,surface,mud,"unlisted at accepted/known values, probably wrong/misspelled"
402983464,way,surface,metal_grid,"unlisted at accepted/known values, probably wrong/misspelled"
402983469,way,surface,metal_grid,"unlisted at accepted/known values, probably wrong/misspelled"
405804549,way,surface,fine_gravel,"unlisted at accepted/known values, probably wrong/misspelled"
405804554,way,surface,fine_gravel,"unlisted at accepted/known values, probably wrong/misspelled"
405804555,way,surface,fine_gravel,"unlisted at accepted/known values, probably wrong/misspelled"
408121425,way,surface,fine_gravel,"unlisted at accepted/known values, probably wrong/misspelled"
412968740,way,surface,pebblestone,"unlisted at accepted/known values, probably wrong/misspelled"
419264414,way,surface,fine_gravel,"unlisted at accepted/known values, probably wrong/misspelled"
419264418,way,surface,fine_gravel,"unlisted at accepted/known values, probably wrong/misspelled"
419264419,way,surface,fine_gravel,"unlisted at accepted/known values, probably wrong/misspelled"
419264420,way,surface,fine_gravel,"unlisted at accepted/known values, probably wrong/misspelled"
419264425,way,surface,fine_gravel,"unlisted at accepted/known values, probably wrong/misspelled"
419264426,way,surface,fine_gravel,"unlisted at accepted/known values, probably wrong/misspelled"
419418142,way,surface,fine_gravel,"unlisted at accepted/known values, probably wrong/misspelled"
430611426,way,surface,fine_gravel,"unlisted at accepted/known values, probably wrong/misspelled"
437883677,way,surface,pebblestone,"unlisted at accepted/known values, probably wrong/misspelled"
438638372,way,surface,fine_gravel,"unlisted at accepted/known values, probably wrong/misspelled"
440239337,way,surface,metal_grid,"unlisted at accepted/known values, probably wrong/misspelled"
440239340,way,surface,metal_grid,"unlisted at accepted/known values, probably wrong/misspelled"
440239341,way,surface,metal_grid,"unlisted at accepted/known values, probably wrong/misspelled"
445176613,way,surface,fine_gravel,"unlisted at accepted/known values, probably wrong/misspelled"
456107457,way,smoothness,robust_wheels,"unlisted at accepted/known values, probably wrong/misspelled"
457723068,way,surface,rock,"unlisted at accepted/known values, probably wrong/misspelled"
457723070,way,surface,fine_gravel,"unlisted at accepted/known values, probably wrong/misspelled"
457753064,way,surface,fine_gravel,"unlisted at accepted/known values, probably wrong/misspelled"
461754192,way,surface,fine_gravel,"unlisted at accepted/known values, probably wrong/misspelled"
480906487,way,surface,fine_gravel,"unlisted at accepted/known values, probably wrong/misspelled"
482112748,way,surface,chipseal,"unlisted at accepted/known values, probably wrong/misspelled"
482112749,way,surface,chipseal,"unlisted at accepted/known values, probably wrong/misspelled"
482112750,way,surface,chipseal,"unlisted at accepted/known values, probably wrong/misspelled"
482112751,way,surface,chipseal,"unlisted at accepted/known values, probably wrong/misspelled"
482112753,way,surface,chipseal,"unlisted at accepted/known values, probably wrong/misspelled"
488565849,way,surface,fine_gravel,"unlisted at accepted/known values, probably wrong/misspelled"
491795155,way,surface,metal_grid,"unlisted at accepted/known values, probably wrong/misspelled"
491795160,way,surface,metal_grid,"unlisted at accepted/known values, probably wrong/misspelled"
494819481,way,surface,peat,"unlisted at accepted/known values, probably wrong/misspelled"
498849925,way,surface,fine_gravel,"unlisted at accepted/known values, probably wrong/misspelled"
498849926,way,surface,fine_gravel,"unlisted at accepted/known values, probably wrong/misspelled"
498849932,way,surface,pebblestone,"unlisted at accepted/known values, probably wrong/misspelled"
498849933,way,surface,rock,"unlisted at accepted/known values, probably wrong/misspelled"
498849934,way,surface,pebblestone,"unlisted at accepted/known values, probably wrong/misspelled"
498849935,way,surface,pebblestone,"unlisted at accepted/known values, probably wrong/misspelled"
498849936,way,surface,pebblestone,"unlisted at accepted/known values, probably wrong/misspelled"
499730296,way,surface,fine_gravel,"unlisted at accepted/known values, probably wrong/misspelled"
508157551,way,surface,fine_gravel,"unlisted at accepted/known values, probably wrong/misspelled"
511907472,way,surface,fine_gravel,"unlisted at accepted/known values, probably wrong/misspelled"
524121714,way,surface,fine_gravel,"unlisted at accepted/known values, probably wrong/misspelled"
525280569,way,surface,fine_gravel,"unlisted at accepted/known values, probably wrong/misspelled"
528492285,way,surface,fine_gravel,"unlisted at accepted/known values, probably wrong/misspelled"
532834565,way,surface,fine_gravel,"unlisted at accepted/known values, probably wrong/misspelled"
533638741,way,surface,fine_gravel,"unlisted at accepted/known values, probably wrong/misspelled"
534191366,way,surface,fine_gravel,"unlisted at accepted/known values, probably wrong/misspelled"
534191371,way,surface,fine_gravel,"unlisted at accepted/known values, probably wrong/misspelled"
536458455,way,surface,fine_gravel,"unlisted at accepted/known values, probably wrong/misspelled"
543166248,way,surface,fine_gravel,"unlisted at accepted/known values, probably wrong/misspelled"
544187981,way,surface,fine_gravel,"unlisted at accepted/known values, probably wrong/misspelled"
545725532,way,surface,fine_gravel,"unlisted at accepted/known values, probably wrong/misspelled"
545725533,way,surface,fine_gravel,"unlisted at accepted/known values, probably wrong/misspelled"
545931450,way,surface,pebblestone,"unlisted at accepted/known values, probably wrong/misspelled"
545931454,way,surface,pebblestone,"unlisted at accepted/known values, probably wrong/misspelled"
545931455,way,surface,pebblestone,"unlisted at accepted/known values, probably wrong/misspelled"
545931458,way,surface,pebblestone,"unlisted at accepted/known values, probably wrong/misspelled"
545931460,way,surface,pebblestone,"unlisted at accepted/known values, probably wrong/misspelled"
547633708,way,surface,fine_gravel,"unlisted at accepted/known values, probably wrong/misspelled"
547633710,way,surface,fine_gravel,"unlisted at accepted/known values, probably wrong/misspelled"
547633712,way,surface,fine_gravel,"unlisted at accepted/known values, probably wrong/misspelled"
547633718,way,surface,fine_gravel,"unlisted at accepted/known values, probably wrong/misspelled"
547633727,way,surface,fine_gravel,"unlisted at accepted/known values, probably wrong/misspelled"
547633728,way,surface,fine_gravel,"unlisted at accepted/known values, probably wrong/misspelled"
547856203,way,surface,fine_gravel,"unlisted at accepted/known values, probably wrong/misspelled"
560490719,way,surface,fine_gravel,"unlisted at accepted/known values, probably wrong/misspelled"
565452075,way,surface,rock,"unlisted at accepted/known values, probably wrong/misspelled"
565452078,way,surface,fine_gravel,"unlisted at accepted/known values, probably wrong/misspelled"
565452118,way,surface,fine_gravel,"unlisted at accepted/known values, probably wrong/misspelled"
575504609,way,surface,fine_gravel,"unlisted at accepted/known values, probably wrong/misspelled"
579668365,way,surface,pebblestone,"unlisted at accepted/known values, probably wrong/misspelled"
580044296,way,surface,fine_gravel,"unlisted at accepted/known values, probably wrong/misspelled"
580044297,way,surface,fine_gravel,"unlisted at accepted/known values, probably wrong/misspelled"
582371659,way,surface,fine_gravel,"unlisted at accepted/known values, probably wrong/misspelled"
582371660,way,surface,fine_gravel,"unlisted at accepted/known values, probably wrong/misspelled"
582374985,way,surface,fine_gravel,"unlisted at accepted/known values, probably wrong/misspelled"
584643555,way,surface,fine_gravel,"unlisted at accepted/known values, probably wrong/misspelled"
584877990,way,surface,pebblestone,"unlisted at accepted/known values, probably wrong/misspelled"
585425831,way,surface,fine_gravel,"unlisted at accepted/known values, probably wrong/misspelled"
585426958,way,surface,fine_gravel,"unlisted at accepted/known values, probably wrong/misspelled"
586404003,way,surface,fine_gravel,"unlisted at accepted/known values, probably wrong/misspelled"
589323707,way,surface,pebblestone,"unlisted at accepted/known values, probably wrong/misspelled"
589677409,way,surface,fine_gravel,"unlisted at accepted/known values, probably wrong/misspelled"
589842948,way,surface,fine_gravel,"unlisted at accepted/known values, probably wrong/misspelled"
589957140,way,surface,pebblestone,"unlisted at accepted/known values, probably wrong/misspelled"
591183831,way,surface,fine_gravel,"unlisted at accepted/known values, probably wrong/misspelled"
607683966,way,surface,stone,"unlisted at accepted/known values, probably wrong/misspelled"
617703139,way,surface,fine_gravel,"unlisted at accepted/known values, probably wrong/misspelled"
617703140,way,surface,fine_gravel,"unlisted at accepted/known values, probably wrong/misspelled"
619799780,way,surface,fine_gravel,"unlisted at accepted/known values, probably wrong/misspelled"
619799842,way,surface,fine_gravel,"unlisted at accepted/known values, probably wrong/misspelled"
619799864,way,surface,fine_gravel,"unlisted at accepted/known values, probably wrong/misspelled"
622708285,way,surface,concrete:lanes,"unlisted at accepted/known values, probably wrong/misspelled"
625846901,way,surface,fine_gravel,"unlisted at accepted/known values, probably wrong/misspelled"
630201790,way,surface,stone,"unlisted at accepted/known values, probably wrong/misspelled"
630201791,way,surface,stone,"unlisted at accepted/known values, probably wrong/misspelled"
632255691,way,surface,metal_grid,"unlisted at accepted/known values, probably wrong/misspelled"
633589540,way,surface,stone,"unlisted at accepted/known values, probably wrong/misspelled"
633589541,way,surface,rock,"unlisted at accepted/known values, probably wrong/misspelled"
633601822,way,surface,metal_grid,"unlisted at accepted/known values, probably wrong/misspelled"
637961331,way,surface,fine_gravel,"unlisted at accepted/known values, probably wrong/misspelled"
637961332,way,surface,fine_gravel,"unlisted at accepted/known values, probably wrong/misspelled"
640668190,way,surface,chipseal,"unlisted at accepted/known values, probably wrong/misspelled"
640967097,way,surface,pebblestone,"unlisted at accepted/known values, probably wrong/misspelled"
642685425,way,surface,fine_gravel,"unlisted at accepted/known values, probably wrong/misspelled"
642685426,way,surface,fine_gravel,"unlisted at accepted/known values, probably wrong/misspelled"
645877624,way,surface,fine_gravel,"unlisted at accepted/known values, probably wrong/misspelled"
647514019,way,surface,fine_gravel,"unlisted at accepted/known values, probably wrong/misspelled"
647514020,way,surface,fine_gravel,"unlisted at accepted/known values, probably wrong/misspelled"
648277807,way,surface,fine_gravel,"unlisted at accepted/known values, probably wrong/misspelled"
648277815,way,surface,fine_gravel,"unlisted at accepted/known values, probably wrong/misspelled"
648277818,way,surface,fine_gravel,"unlisted at accepted/known values, probably wrong/misspelled"
648277820,way,surface,fine_gravel,"unlisted at accepted/known values, probably wrong/misspelled"
648345454,way,surface,concrete:lanes,"unlisted at accepted/known values, probably wrong/misspelled"
652471058,way,surface,fine_gravel,"unlisted at accepted/known values, probably wrong/misspelled"
652471060,way,surface,fine_gravel,"unlisted at accepted/known values, probably wrong/misspelled"
655157949,way,surface,fine_gravel,"unlisted at accepted/known values, probably wrong/misspelled"
655157950,way,surface,fine_gravel,"unlisted at accepted/known values, probably wrong/misspelled"
655241686,way,surface,fine_gravel,"unlisted at accepted/known values, probably wrong/misspelled"
655246922,way,surface,concrete:lanes,"unlisted at accepted/known values, probably wrong/misspelled"
660873378,way,surface,fine_gravel,"unlisted at accepted/known values, probably wrong/misspelled"
664920077,way,surface,pebblestone,"unlisted at accepted/known values, probably wrong/misspelled"
667861021,way,surface,fine_gravel,"unlisted at accepted/known values, probably wrong/misspelled"
670185609,way,surface,fine_gravel,"unlisted at accepted/known values, probably wrong/misspelled"
671907353,way,surface,stone,"unlisted at accepted/known values, probably wrong/misspelled"
671907354,way,surface,stone,"unlisted at accepted/known values, probably wrong/misspelled"
671907355,way,surface,stone,"unlisted at accepted/known values, probably wrong/misspelled"
672476045,way,surface,fine_gravel,"unlisted at accepted/known values, probably wrong/misspelled"
672476054,way,surface,fine_gravel,"unlisted at accepted/known values, probably wrong/misspelled"
673686287,way,surface,fine_gravel,"unlisted at accepted/known values, probably wrong/misspelled"
673686291,way,surface,fine_gravel,"unlisted at accepted/known values, probably wrong/misspelled"
673902802,way,surface,fine_gravel,"unlisted at accepted/known values, probably wrong/misspelled"
673902803,way,surface,fine_gravel,"unlisted at accepted/known values, probably wrong/misspelled"
674027718,way,surface,fine_gravel,"unlisted at accepted/known values, probably wrong/misspelled"
674027722,way,surface,fine_gravel,"unlisted at accepted/known values, probably wrong/misspelled"
674029174,way,surface,metal_grid,"unlisted at accepted/known values, probably wrong/misspelled"
674757469,way,surface,fine_gravel,"unlisted at accepted/known values, probably wrong/misspelled"
676998418,way,surface,stone,"unlisted at accepted/known values, probably wrong/misspelled"
676998431,way,surface,stone,"unlisted at accepted/known values, probably wrong/misspelled"
677234879,way,tactile_paving,partial,"unlisted at accepted/known values, probably wrong/misspelled"
677443861,way,surface,fine_gravel,"unlisted at accepted/known values, probably wrong/misspelled"
678806245,way,surface,pebblestone,"unlisted at accepted/known values, probably wrong/misspelled"
679305479,way,surface,pebblestone,"unlisted at accepted/known values, probably wrong/misspelled"
679646328,way,surface,fine_gravel,"unlisted at accepted/known values, probably wrong/misspelled"
680990939,way,surface,metal_grid,"unlisted at accepted/known values, probably wrong/misspelled"
681740295,way,surface,pebblestone,"unlisted at accepted/known values, probably wrong/misspelled"
682904337,way,surface,chipseal,"unlisted at accepted/known values, probably wrong/misspelled"
682904338,way,surface,chipseal,"unlisted at accepted/known values, probably wrong/misspelled"
682910585,way,surface,rock,"unlisted at accepted/known values, probably wrong/misspelled"
683103481,way,surface,fine_gravel,"unlisted at accepted/known values, probably wrong/misspelled"
683934488,way,surface,fine_gravel,"unlisted at accepted/known values, probably wrong/misspelled"
683934489,way,surface,fine_gravel,"unlisted at accepted/known values, probably wrong/misspelled"
683934499,way,surface,chipseal,"unlisted at accepted/known values, probably wrong/misspelled"
683934501,way,surface,chipseal,"unlisted at accepted/known values, probably wrong/misspelled"
683937961,way,surface,fine_gravel,"unlisted at accepted/known values, probably wrong/misspelled"
683937962,way,surface,fine_gravel,"unlisted at accepted/known values, probably wrong/misspelled"
683937963,way,surface,fine_gravel,"unlisted at accepted/known values, probably wrong/misspelled"
683937970,way,surface,fine_gravel,"unlisted at accepted/known values, probably wrong/misspelled"
683937976,way,surface,fine_gravel,"unlisted at accepted/known values, probably wrong/misspelled"
683937983,way,surface,chipseal,"unlisted at accepted/known values, probably wrong/misspelled"
683937984,way,surface,fine_gravel,"unlisted at accepted/known values, probably wrong/misspelled"
686252318,way,surface,fine_gravel,"unlisted at accepted/known values, probably wrong/misspelled"
686275417,way,surface,fine_gravel,"unlisted at accepted/known values, probably wrong/misspelled"
686402598,way,surface,fine_gravel,"unlisted at accepted/known values, probably wrong/misspelled"
686402602,way,surface,fine_gravel,"unlisted at accepted/known values, probably wrong/misspelled"
686402605,way,surface,fine_gravel,"unlisted at accepted/known values, probably wrong/misspelled"
687439779,way,surface,fine_gravel,"unlisted at accepted/known values, probably wrong/misspelled"
687439780,way,surface,fine_gravel,"unlisted at accepted/known values, probably wrong/misspelled"
688042782,way,surface,pebblestone,"unlisted at accepted/known values, probably wrong/misspelled"
689767074,way,surface,rubber,"unlisted at accepted/known values, probably wrong/misspelled"
690628891,way,surface,rock,"unlisted at accepted/known values, probably wrong/misspelled"
690801920,way,surface,rock,"unlisted at accepted/known values, probably wrong/misspelled"
691045002,way,surface,rock,"unlisted at accepted/known values, probably wrong/misspelled"
702424656,way,surface,pebblestone,"unlisted at accepted/known values, probably wrong/misspelled"
702425918,way,surface,pebblestone,"unlisted at accepted/known values, probably wrong/misspelled"
702507689,way,surface,fine_gravel,"unlisted at accepted/known values, probably wrong/misspelled"
702507696,way,surface,fine_gravel,"unlisted at accepted/known values, probably wrong/misspelled"
703435540,way,surface,peat,"unlisted at accepted/known values, probably wrong/misspelled"
703435546,way,surface,bare_rock,"unlisted at accepted/known values, probably wrong/misspelled"
703500660,way,surface,peat,"unlisted at accepted/known values, probably wrong/misspelled"
704143293,way,surface,fine_gravel,"unlisted at accepted/known values, probably wrong/misspelled"
704143294,way,surface,fine_gravel,"unlisted at accepted/known values, probably wrong/misspelled"
704143296,way,surface,fine_gravel,"unlisted at accepted/known values, probably wrong/misspelled"
704705742,way,surface,fine_gravel,"unlisted at accepted/known values, probably wrong/misspelled"
707268988,way,surface,fine_gravel,"unlisted at accepted/known values, probably wrong/misspelled"
709823788,way,surface,metal_grid,"unlisted at accepted/known values, probably wrong/misspelled"
709823789,way,surface,metal_grid,"unlisted at accepted/known values, probably wrong/misspelled"
709823792,way,surface,metal_grid,"unlisted at accepted/known values, probably wrong/misspelled"
709873575,way,surface,fine_gravel,"unlisted at accepted/known values, probably wrong/misspelled"
711718368,way,surface,rock,"unlisted at accepted/known values, probably wrong/misspelled"
711832638,way,surface,fine_gravel,"unlisted at accepted/known values, probably wrong/misspelled"
711858423,way,surface,fine_gravel,"unlisted at accepted/known values, probably wrong/misspelled"
712520679,way,surface,fine_gravel,"unlisted at accepted/known values, probably wrong/misspelled"
712520680,way,surface,fine_gravel,"unlisted at accepted/known values, probably wrong/misspelled"
712520682,way,surface,fine_gravel,"unlisted at accepted/known values, probably wrong/misspelled"
712520683,way,surface,fine_gravel,"unlisted at accepted/known values, probably wrong/misspelled"
712520695,way,surface,fine_gravel,"unlisted at accepted/known values, probably wrong/misspelled"
712535760,way,surface,fine_gravel,"unlisted at accepted/known values, probably wrong/misspelled"
712535766,way,surface,fine_gravel,"unlisted at accepted/known values, probably wrong/misspelled"
712535768,way,surface,fine_gravel,"unlisted at accepted/known values, probably wrong/misspelled"
712541039,way,surface,metal_grid,"unlisted at accepted/known values, probably wrong/misspelled"
712548649,way,surface,rock,"unlisted at accepted/known values, probably wrong/misspelled"
719030434,way,surface,fine_gravel,"unlisted at accepted/known values, probably wrong/misspelled"
724497804,way,surface,fine_gravel,"unlisted at accepted/known values, probably wrong/misspelled"
724497807,way,surface,fine_gravel,"unlisted at accepted/known values, probably wrong/misspelled"
724594503,way,surface,grass_paver,"unlisted at accepted/known values, probably wrong/misspelled"
729228853,way,surface,fine_gravel,"unlisted at accepted/known values, probably wrong/misspelled"
734149679,way,surface,fine_gravel,"unlisted at accepted/known values, probably wrong/misspelled"
737029422,way,surface,fine_gravel,"unlisted at accepted/known values, probably wrong/misspelled"
742620790,way,surface,fine_gravel,"unlisted at accepted/known values, probably wrong/misspelled"
743296166,way,surface,metal_grid,"unlisted at accepted/known values, probably wrong/misspelled"
746749955,way,surface,pebblestone,"unlisted at accepted/known values, probably wrong/misspelled"
749567564,way,surface,fine_gravel,"unlisted at accepted/known values, probably wrong/misspelled"
749567565,way,surface,fine_gravel,"unlisted at accepted/known values, probably wrong/misspelled"
755330132,way,surface,metal_grid,"unlisted at accepted/known values, probably wrong/misspelled"
755330137,way,surface,metal_grid,"unlisted at accepted/known values, probably wrong/misspelled"
755905466,way,surface,concrete:lanes,"unlisted at accepted/known values, probably wrong/misspelled"
761332999,way,surface,fine_gravel,"unlisted at accepted/known values, probably wrong/misspelled"
761333009,way,surface,fine_gravel,"unlisted at accepted/known values, probably wrong/misspelled"
761333021,way,surface,fine_gravel,"unlisted at accepted/known values, probably wrong/misspelled"
761333025,way,surface,fine_gravel,"unlisted at accepted/known values, probably wrong/misspelled"
761438583,way,surface,fine_gravel,"unlisted at accepted/known values, probably wrong/misspelled"
761983605,way,surface,fine_gravel,"unlisted at accepted/known values, probably wrong/misspelled"
761983606,way,surface,pebblestone,"unlisted at accepted/known values, probably wrong/misspelled"
761983607,way,surface,fine_gravel,"unlisted at accepted/known values, probably wrong/misspelled"
761983611,way,surface,fine_gravel,"unlisted at accepted/known values, probably wrong/misspelled"
761983614,way,surface,fine_gravel,"unlisted at accepted/known values, probably wrong/misspelled"
762832688,way,surface,pebblestone,"unlisted at accepted/known values, probably wrong/misspelled"
764249012,way,surface,fine_gravel,"unlisted at accepted/known values, probably wrong/misspelled"
764249020,way,surface,fine_gravel,"unlisted at accepted/known values, probably wrong/misspelled"
773783720,way,surface,fine_gravel,"unlisted at accepted/known values, probably wrong/misspelled"
773783721,way,surface,fine_gravel,"unlisted at accepted/known values, probably wrong/misspelled"
773783742,way,surface,fine_gravel,"unlisted at accepted/known values, probably wrong/misspelled"
776256603,way,surface,fine_gravel,"unlisted at accepted/known values, probably wrong/misspelled"
776370946,way,surface,fine_gravel,"unlisted at accepted/known values, probably wrong/misspelled"
778405583,way,surface,fine_gravel,"unlisted at accepted/known values, probably wrong/misspelled"
781951384,way,surface,fine_gravel,"unlisted at accepted/known values, probably wrong/misspelled"
783779126,way,surface,fine_gravel,"unlisted at accepted/known values, probably wrong/misspelled"
783779127,way,surface,fine_gravel,"unlisted at accepted/known values, probably wrong/misspelled"
783779128,way,surface,fine_gravel,"unlisted at accepted/known values, probably wrong/misspelled"
783779129,way,surface,fine_gravel,"unlisted at accepted/known values, probably wrong/misspelled"
783779130,way,surface,fine_gravel,"unlisted at accepted/known values, probably wrong/misspelled"
783779131,way,surface,fine_gravel,"unlisted at accepted/known values, probably wrong/misspelled"
783865553,way,surface,fine_gravel,"unlisted at accepted/known values, probably wrong/misspelled"
784077010,way,surface,fine_gravel,"unlisted at accepted/known values, probably wrong/misspelled"
784077012,way,surface,fine_gravel,"unlisted at accepted/known values, probably wrong/misspelled"
784077013,way,surface,fine_gravel,"unlisted at accepted/known values, probably wrong/misspelled"
784157364,way,surface,fine_gravel,"unlisted at accepted/known values, probably wrong/misspelled"
784647209,way,surface,fine_gravel,"unlisted at accepted/known values, probably wrong/misspelled"
784647210,way,surface,fine_gravel,"unlisted at accepted/known values, probably wrong/misspelled"
784746082,way,surface,woodchips,"unlisted at accepted/known values, probably wrong/misspelled"
784746099,way,surface,pebblestone,"unlisted at accepted/known values, probably wrong/misspelled"
784746103,way,surface,fine_gravel,"unlisted at accepted/known values, probably wrong/misspelled"
784746108,way,surface,stone,"unlisted at accepted/known values, probably wrong/misspelled"
785046185,way,surface,rock,"unlisted at accepted/known values, probably wrong/misspelled"
785136306,way,surface,fine_gravel,"unlisted at accepted/known values, probably wrong/misspelled"
785682943,way,surface,fine_gravel,"unlisted at accepted/known values, probably wrong/misspelled"
785682944,way,surface,fine_gravel,"unlisted at accepted/known values, probably wrong/misspelled"
790975131,way,surface,fine_gravel,"unlisted at accepted/known values, probably wrong/misspelled"
796239615,way,surface,fine_gravel,"unlisted at accepted/known values, probably wrong/misspelled"
796585634,way,surface,pebblestone,"unlisted at accepted/known values, probably wrong/misspelled"
796585635,way,surface,pebblestone,"unlisted at accepted/known values, probably wrong/misspelled"
796585638,way,surface,pebblestone,"unlisted at accepted/known values, probably wrong/misspelled"
796585640,way,surface,pebblestone,"unlisted at accepted/known values, probably wrong/misspelled"
797037758,way,surface,fine_gravel,"unlisted at accepted/known values, probably wrong/misspelled"
797037761,way,surface,fine_gravel,"unlisted at accepted/known values, probably wrong/misspelled"
797037764,way,surface,pebblestone,"unlisted at accepted/known values, probably wrong/misspelled"
798878653,way,surface,fine_gravel,"unlisted at accepted/known values, probably wrong/misspelled"
798878654,way,surface,fine_gravel,"unlisted at accepted/known values, probably wrong/misspelled"
799070466,way,surface,fine_gravel,"unlisted at accepted/known values, probably wrong/misspelled"
800819244,way,surface,fine_gravel,"unlisted at accepted/known values, probably wrong/misspelled"
801865979,way,surface,fine_gravel,"unlisted at accepted/known values, probably wrong/misspelled"
802254520,way,surface,mud,"unlisted at accepted/known values, probably wrong/misspelled"
802706012,way,surface,fine_gravel,"unlisted at accepted/known values, probably wrong/misspelled"
803343588,way,surface,pebblestone,"unlisted at accepted/known values, probably wrong/misspelled"
807388118,way,surface,fine_gravel,"unlisted at accepted/known values, probably wrong/misspelled"
807388119,way,surface,fine_gravel,"unlisted at accepted/known values, probably wrong/misspelled"
807633772,way,surface,fine_gravel,"unlisted at accepted/known values, probably wrong/misspelled"
809883929,way,surface,bark,"unlisted at accepted/known values, probably wrong/misspelled"
809900950,way,surface,stone,"unlisted at accepted/known values, probably wrong/misspelled"
809900951,way,surface,stone,"unlisted at accepted/known values, probably wrong/misspelled"
809900953,way,surface,stone,"unlisted at accepted/known values, probably wrong/misspelled"
809900954,way,surface,stone,"unlisted at accepted/known values, probably wrong/misspelled"
809964155,way,surface,woodchips,"unlisted at accepted/known values, probably wrong/misspelled"
810225555,way,surface,stone,"unlisted at accepted/known values, probably wrong/misspelled"
813235517,way,surface,fine_gravel,"unlisted at accepted/known values, probably wrong/misspelled"
813235518,way,surface,fine_gravel,"unlisted at accepted/known values, probably wrong/misspelled"
814018920,way,surface,fine_gravel,"unlisted at accepted/known values, probably wrong/misspelled"
814151371,way,surface,fine_gravel,"unlisted at accepted/known values, probably wrong/misspelled"
815079307,way,surface,fine_gravel,"unlisted at accepted/known values, probably wrong/misspelled"
817919651,way,surface,fine_gravel,"unlisted at accepted/known values, probably wrong/misspelled"
827506287,way,surface,fine_gravel,"unlisted at accepted/known values, probably wrong/misspelled"
829029594,way,surface,fine_gravel,"unlisted at accepted/known values, probably wrong/misspelled"
829880410,way,surface,fine_gravel,"unlisted at accepted/known values, probably wrong/misspelled"
830136014,way,surface,mud,"unlisted at accepted/known values, probably wrong/misspelled"
831018816,way,surface,fine_gravel,"unlisted at accepted/known values, probably wrong/misspelled"
831018821,way,surface,fine_gravel,"unlisted at accepted/known values, probably wrong/misspelled"
833321495,way,surface,peat,"unlisted at accepted/known values, probably wrong/misspelled"
835450141,way,surface,fine_gravel,"unlisted at accepted/known values, probably wrong/misspelled"
841512490,way,surface,woodchips,"unlisted at accepted/known values, probably wrong/misspelled"
841512493,way,surface,woodchips,"unlisted at accepted/known values, probably wrong/misspelled"
841513300,way,surface,fine_gravel,"unlisted at accepted/known values, probably wrong/misspelled"
842859650,way,surface,fine_gravel,"unlisted at accepted/known values, probably wrong/misspelled"
844335953,way,surface,stone,"unlisted at accepted/known values, probably wrong/misspelled"
844335954,way,surface,fine_gravel,"unlisted at accepted/known values, probably wrong/misspelled"
844335956,way,surface,stone,"unlisted at accepted/known values, probably wrong/misspelled"
844335958,way,surface,stone,"unlisted at accepted/known values, probably wrong/misspelled"
844366744,way,surface,stone,"unlisted at accepted/known values, probably wrong/misspelled"
844366753,way,surface,rock,"unlisted at accepted/known values, probably wrong/misspelled"
845180729,way,surface,rock,"unlisted at accepted/known values, probably wrong/misspelled"
849598277,way,surface,fine_gravel,"unlisted at accepted/known values, probably wrong/misspelled"
855363054,way,surface,pebblestone,"unlisted at accepted/known values, probably wrong/misspelled"
857650321,way,surface,stone,"unlisted at accepted/known values, probably wrong/misspelled"
858987786,way,surface,rock,"unlisted at accepted/known values, probably wrong/misspelled"
860256852,way,surface,fine_gravel,"unlisted at accepted/known values, probably wrong/misspelled"
861076357,way,surface,metal_grid,"unlisted at accepted/known values, probably wrong/misspelled"
861076358,way,surface,fine_gravel,"unlisted at accepted/known values, probably wrong/misspelled"
861219271,way,surface,metal_grid,"unlisted at accepted/known values, probably wrong/misspelled"
865774409,way,surface,metal_grid,"unlisted at accepted/known values, probably wrong/misspelled"
867886031,way,tactile_paving,partial,"unlisted at accepted/known values, probably wrong/misspelled"
867886032,way,tactile_paving,incorrect,"unlisted at accepted/known values, probably wrong/misspelled"
868172142,way,surface,fine_gravel,"unlisted at accepted/known values, probably wrong/misspelled"
871511111,way,surface,stone,"unlisted at accepted/known values, probably wrong/misspelled"
874873615,way,surface,fine_gravel,"unlisted at accepted/known values, probably wrong/misspelled"
875178105,way,surface,fine_gravel,"unlisted at accepted/known values, probably wrong/misspelled"
878740734,way,surface,fine_gravel,"unlisted at accepted/known values, probably wrong/misspelled"
878740735,way,surface,fine_gravel,"unlisted at accepted/known values, probably wrong/misspelled"
878740738,way,surface,fine_gravel,"unlisted at accepted/known values, probably wrong/misspelled"
878969762,way,surface,woodchips,"unlisted at accepted/known values, probably wrong/misspelled"
881282030,way,surface,fine_gravel,"unlisted at accepted/known values, probably wrong/misspelled"
881698602,way,surface,rock,"unlisted at accepted/known values, probably wrong/misspelled"
881698604,way,surface,rock,"unlisted at accepted/known values, probably wrong/misspelled"
891240023,way,surface,fine_gravel,"unlisted at accepted/known values, probably wrong/misspelled"
893839261,way,surface,fine_gravel,"unlisted at accepted/known values, probably wrong/misspelled"
893839262,way,surface,fine_gravel,"unlisted at accepted/known values, probably wrong/misspelled"
894612557,way,surface,fine_gravel,"unlisted at accepted/known values, probably wrong/misspelled"
902923950,way,surface,rock,"unlisted at accepted/known values, probably wrong/misspelled"
902923953,way,surface,rock,"unlisted at accepted/known values, probably wrong/misspelled"
903113255,way,surface,fine_gravel,"unlisted at accepted/known values, probably wrong/misspelled"
906589924,way,surface,fine_gravel,"unlisted at accepted/known values, probably wrong/misspelled"
909258906,way,surface,stone,"unlisted at accepted/known values, probably wrong/misspelled"
909328577,way,surface,fine_gravel,"unlisted at accepted/known values, probably wrong/misspelled"
909328578,way,surface,stone,"unlisted at accepted/known values, probably wrong/misspelled"
911607672,way,surface,metal_grid,"unlisted at accepted/known values, probably wrong/misspelled"
911764461,way,surface,metal_grid,"unlisted at accepted/known values, probably wrong/misspelled"
911975929,way,surface,fine_gravel,"unlisted at accepted/known values, probably wrong/misspelled"
912199506,way,surface,fine_gravel,"unlisted at accepted/known values, probably wrong/misspelled"
913767648,way,surface,stone,"unlisted at accepted/known values, probably wrong/misspelled"
913767651,way,surface,stone,"unlisted at accepted/known values, probably wrong/misspelled"
913863015,way,surface,stone,"unlisted at accepted/known values, probably wrong/misspelled"
913863019,way,surface,fine_gravel,"unlisted at accepted/known values, probably wrong/misspelled"
913918260,way,surface,fine_gravel,"unlisted at accepted/known values, probably wrong/misspelled"
914146956,way,surface,fine_gravel,"unlisted at accepted/known values, probably wrong/misspelled"
914146957,way,surface,fine_gravel,"unlisted at accepted/known values, probably wrong/misspelled"
914146958,way,surface,fine_gravel,"unlisted at accepted/known values, probably wrong/misspelled"
914216377,way,surface,fine_gravel,"unlisted at accepted/known values, probably wrong/misspelled"
914590243,way,surface,fine_gravel,"unlisted at accepted/known values, probably wrong/misspelled"
914644962,way,surface,fine_gravel,"unlisted at accepted/known values, probably wrong/misspelled"
914736850,way,surface,fine_gravel,"unlisted at accepted/known values, probably wrong/misspelled"
915518109,way,surface,fine_gravel,"unlisted at accepted/known values, probably wrong/misspelled"
915518110,way,surface,fine_gravel,"unlisted at accepted/known values, probably wrong/misspelled"
915518111,way,surface,fine_gravel,"unlisted at accepted/known values, probably wrong/misspelled"
915817239,way,surface,fine_gravel,"unlisted at accepted/known values, probably wrong/misspelled"
916236741,way,surface,fine_gravel,"unlisted at accepted/known values, probably wrong/misspelled"
916236742,way,surface,fine_gravel,"unlisted at accepted/known values, probably wrong/misspelled"
916304313,way,surface,fine_gravel,"unlisted at accepted/known values, probably wrong/misspelled"
916705827,way,surface,stone,"unlisted at accepted/known values, probably wrong/misspelled"
916705828,way,surface,stone,"unlisted at accepted/known values, probably wrong/misspelled"
917883386,way,surface,grass_paver,"unlisted at accepted/known values, probably wrong/misspelled"
918595523,way,surface,fine_gravel,"unlisted at accepted/known values, probably wrong/misspelled"
919299649,way,surface,fine_gravel,"unlisted at accepted/known values, probably wrong/misspelled"
922071069,way,surface,fine_gravel,"unlisted at accepted/known values, probably wrong/misspelled"
923476134,way,surface,tartan,"unlisted at accepted/known values, probably wrong/misspelled"
923476135,way,surface,tartan,"unlisted at accepted/known values, probably wrong/misspelled"
926752766,way,surface,fine_gravel,"unlisted at accepted/known values, probably wrong/misspelled"
926752767,way,surface,fine_gravel,"unlisted at accepted/known values, probably wrong/misspelled"
931147216,way,surface,rock,"unlisted at accepted/known values, probably wrong/misspelled"
931147218,way,surface,rock,"unlisted at accepted/known values, probably wrong/misspelled"
935408448,way,surface,concrete:lanes,"unlisted at accepted/known values, probably wrong/misspelled"
936247207,way,surface,fine_gravel,"unlisted at accepted/known values, probably wrong/misspelled"
936514845,way,surface,tartan,"unlisted at accepted/known values, probably wrong/misspelled"
936514846,way,surface,tartan,"unlisted at accepted/known values, probably wrong/misspelled"
939286319,way,surface,fine_gravel,"unlisted at accepted/known values, probably wrong/misspelled"
939721848,way,surface,fine_gravel,"unlisted at accepted/known values, probably wrong/misspelled"
940733156,way,surface,metal_grid,"unlisted at accepted/known values, probably wrong/misspelled"
940733159,way,surface,metal_grid,"unlisted at accepted/known values, probably wrong/misspelled"
940973033,way,surface,grass_paver,"unlisted at accepted/known values, probably wrong/misspelled"
940977847,way,surface,fine_gravel,"unlisted at accepted/known values, probably wrong/misspelled"
940977850,way,surface,fine_gravel,"unlisted at accepted/known values, probably wrong/misspelled"
941378754,way,surface,fine_gravel,"unlisted at accepted/known values, probably wrong/misspelled"
941576718,way,surface,fine_gravel,"unlisted at accepted/known values, probably wrong/misspelled"
941576719,way,surface,tartan,"unlisted at accepted/known values, probably wrong/misspelled"
941578856,way,surface,fine_gravel,"unlisted at accepted/known values, probably wrong/misspelled"
945870544,way,surface,fine_gravel,"unlisted at accepted/known values, probably wrong/misspelled"
946967137,way,surface,fine_gravel,"unlisted at accepted/known values, probably wrong/misspelled"
946967138,way,surface,fine_gravel,"unlisted at accepted/known values, probably wrong/misspelled"
946967139,way,surface,fine_gravel,"unlisted at accepted/known values, probably wrong/misspelled"
946967140,way,surface,fine_gravel,"unlisted at accepted/known values, probably wrong/misspelled"
947212125,way,surface,fine_gravel,"unlisted at accepted/known values, probably wrong/misspelled"
947246772,way,surface,metal_grid,"unlisted at accepted/known values, probably wrong/misspelled"
947246787,way,surface,metal_grid,"unlisted at accepted/known values, probably wrong/misspelled"
949844442,way,surface,fine_gravel,"unlisted at accepted/known values, probably wrong/misspelled"
950188830,way,surface,stepping_stones,"unlisted at accepted/known values, probably wrong/misspelled"
957839880,way,surface,fine_gravel,"unlisted at accepted/known values, probably wrong/misspelled"
957839884,way,surface,fine_gravel,"unlisted at accepted/known values, probably wrong/misspelled"
957839886,way,surface,fine_gravel,"unlisted at accepted/known values, probably wrong/misspelled"
957839889,way,surface,pebblestone,"unlisted at accepted/known values, probably wrong/misspelled"
957839891,way,surface,fine_gravel,"unlisted at accepted/known values, probably wrong/misspelled"
957842153,way,surface,rock,"unlisted at accepted/known values, probably wrong/misspelled"
964232041,way,surface,fine_gravel,"unlisted at accepted/known values, probably wrong/misspelled"
970629391,way,surface,fine_gravel,"unlisted at accepted/known values, probably wrong/misspelled"
971644686,way,surface,stone,"unlisted at accepted/known values, probably wrong/misspelled"
971658723,way,surface,mud,"unlisted at accepted/known values, probably wrong/misspelled"
972126677,way,surface,fine_gravel,"unlisted at accepted/known values, probably wrong/misspelled"
974847140,way,surface,fine_gravel,"unlisted at accepted/known values, probably wrong/misspelled"
974847180,way,surface,fine_gravel,"unlisted at accepted/known values, probably wrong/misspelled"
974847190,way,surface,metal_grid,"unlisted at accepted/known values, probably wrong/misspelled"
975092329,way,surface,metal_grid,"unlisted at accepted/known values, probably wrong/misspelled"
975092330,way,surface,metal_grid,"unlisted at accepted/known values, probably wrong/misspelled"
975092331,way,surface,metal_grid,"unlisted at accepted/known values, probably wrong/misspelled"
975092336,way,surface,metal_grid,"unlisted at accepted/known values, probably wrong/misspelled"
977760145,way,surface,mud,"unlisted at accepted/known values, probably wrong/misspelled"
982174381,way,surface,fine_gravel,"unlisted at accepted/known values, probably wrong/misspelled"
982176843,way,surface,fine_gravel,"unlisted at accepted/known values, probably wrong/misspelled"
982232916,way,surface,fine_gravel,"unlisted at accepted/known values, probably wrong/misspelled"
982237506,way,surface,fine_gravel,"unlisted at accepted/known values, probably wrong/misspelled"
982245604,way,surface,fine_gravel,"unlisted at accepted/known values, probably wrong/misspelled"
982245605,way,surface,fine_gravel,"unlisted at accepted/known values, probably wrong/misspelled"
982245606,way,surface,fine_gravel,"unlisted at accepted/known values, probably wrong/misspelled"
982245609,way,surface,fine_gravel,"unlisted at accepted/known values, probably wrong/misspelled"
982245610,way,surface,fine_gravel,"unlisted at accepted/known values, probably wrong/misspelled"
982245611,way,surface,fine_gravel,"unlisted at accepted/known values, probably wrong/misspelled"
982245613,way,surface,fine_gravel,"unlisted at accepted/known values, probably wrong/misspelled"
982245614,way,surface,fine_gravel,"unlisted at accepted/known values, probably wrong/misspelled"
982250961,way,surface,fine_gravel,"unlisted at accepted/known values, probably wrong/misspelled"
982875203,way,surface,fine_gravel,"unlisted at accepted/known values, probably wrong/misspelled"
984519476,way,surface,fine_gravel,"unlisted at accepted/known values, probably wrong/misspelled"
984519478,way,surface,fine_gravel,"unlisted at accepted/known values, probably wrong/misspelled"
984519479,way,surface,fine_gravel,"unlisted at accepted/known values, probably wrong/misspelled"
988882999,way,surface,fine_gravel,"unlisted at accepted/known values, probably wrong/misspelled"
992930234,way,surface,metal_grid,"unlisted at accepted/known values, probably wrong/misspelled"
992930235,way,surface,metal_grid,"unlisted at accepted/known values, probably wrong/misspelled"
992930236,way,surface,metal_grid,"unlisted at accepted/known values, probably wrong/misspelled"
992930237,way,surface,metal_grid,"unlisted at accepted/known values, probably wrong/misspelled"
992930238,way,surface,metal_grid,"unlisted at accepted/known values, probably wrong/misspelled"
992930239,way,surface,metal_grid,"unlisted at accepted/known values, probably wrong/misspelled"
992930240,way,surface,metal_grid,"unlisted at accepted/known values, probably wrong/misspelled"
992930241,way,surface,metal_grid,"unlisted at accepted/known values, probably wrong/misspelled"
993297325,way,surface,fine_gravel,"unlisted at accepted/known values, probably wrong/misspelled"
993297386,way,surface,grass_paver,"unlisted at accepted/known values, probably wrong/misspelled"
993359206,way,surface,fine_gravel,"unlisted at accepted/known values, probably wrong/misspelled"
996596013,way,surface,fine_gravel,"unlisted at accepted/known values, probably wrong/misspelled"
1000054888,way,surface,fine_gravel,"unlisted at accepted/known values, probably wrong/misspelled"
1002105029,way,surface,mud,"unlisted at accepted/known values, probably wrong/misspelled"
1003713612,way,surface,rock,"unlisted at accepted/known values, probably wrong/misspelled"
1003931275,way,surface,stone,"unlisted at accepted/known values, probably wrong/misspelled"
1005399691,way,surface,fine_gravel,"unlisted at accepted/known values, probably wrong/misspelled"
1007358776,way,surface,fine_gravel,"unlisted at accepted/known values, probably wrong/misspelled"
1015884057,way,surface,fine_gravel,"unlisted at accepted/known values, probably wrong/misspelled"
1020971136,way,surface,concrete:lanes,"unlisted at accepted/known values, probably wrong/misspelled"
1021642657,way,surface,fine_gravel,"unlisted at accepted/known values, probably wrong/misspelled"
1040391538,way,surface,fine_gravel,"unlisted at accepted/known values, probably wrong/misspelled"
1043520108,way,surface,metal_grid,"unlisted at accepted/known values, probably wrong/misspelled"
1043520109,way,surface,metal_grid,"unlisted at accepted/known values, probably wrong/misspelled"
1043520110,way,surface,metal_grid,"unlisted at accepted/known values, probably wrong/misspelled"
1043520113,way,surface,metal_grid,"unlisted at accepted/known values, probably wrong/misspelled"
1055632709,way,surface,concrete:lanes,"unlisted at accepted/known values, probably wrong/misspelled"
1058323618,way,tactile_paving,incorrect,"unlisted at accepted/known values, probably wrong/misspelled"
1061720324,way,surface,chipseal,"unlisted at accepted/known values, probably wrong/misspelled"
1061796853,way,surface,fine_gravel,"unlisted at accepted/known values, probably wrong/misspelled"
1064904472,way,surface,pebblestone,"unlisted at accepted/known values, probably wrong/misspelled"
1064904473,way,surface,pebblestone,"unlisted at accepted/known values, probably wrong/misspelled"
1070387157,way,surface,concrete:lanes,"unlisted at accepted/known values, probably wrong/misspelled"
1071685515,way,surface,fine_gravel,"unlisted at accepted/known values, probably wrong/misspelled"
1071700065,way,surface,fine_gravel,"unlisted at accepted/known values, probably wrong/misspelled"
1071700066,way,surface,fine_gravel,"unlisted at accepted/known values, probably wrong/misspelled"
1071700067,way,surface,fine_gravel,"unlisted at accepted/known values, probably wrong/misspelled"
1071700069,way,surface,fine_gravel,"unlisted at accepted/known values, probably wrong/misspelled"
1071700070,way,surface,fine_gravel,"unlisted at accepted/known values, probably wrong/misspelled"
1072689359,way,surface,mud,"unlisted at accepted/known values, probably wrong/misspelled"
1074759135,way,surface,fine_gravel,"unlisted at accepted/known values, probably wrong/misspelled"
1074778586,way,surface,fine_gravel,"unlisted at accepted/known values, probably wrong/misspelled"
1074778857,way,surface,fine_gravel,"unlisted at accepted/known values, probably wrong/misspelled"
1074778896,way,surface,fine_gravel,"unlisted at accepted/known values, probably wrong/misspelled"
1075492306,way,surface,pebblestone,"unlisted at accepted/known values, probably wrong/misspelled"
1075525973,way,surface,metal_grid,"unlisted at accepted/known values, probably wrong/misspelled"
1075525974,way,surface,metal_grid,"unlisted at accepted/known values, probably wrong/misspelled"
1075525975,way,surface,metal_grid,"unlisted at accepted/known values, probably wrong/misspelled"
1075525976,way,surface,metal_grid,"unlisted at accepted/known values, probably wrong/misspelled"
1075525977,way,surface,metal_grid,"unlisted at accepted/known values, probably wrong/misspelled"
1076838569,way,surface,fine_gravel,"unlisted at accepted/known values, probably wrong/misspelled"
1080271770,way,surface,fine_gravel,"unlisted at accepted/known values, probably wrong/misspelled"
1083167633,way,surface,fine_gravel,"unlisted at accepted/known values, probably wrong/misspelled"
1083481861,way,surface,chipseal,"unlisted at accepted/known values, probably wrong/misspelled"
1085451039,way,smoothness,robust_wheels,"unlisted at accepted/known values, probably wrong/misspelled"
1088737428,way,surface,pebblestone,"unlisted at accepted/known values, probably wrong/misspelled"
1091550577,way,surface,stone,"unlisted at accepted/known values, probably wrong/misspelled"
1097480552,way,surface,fine_gravel,"unlisted at accepted/known values, probably wrong/misspelled"
1104908524,way,surface,peat,"unlisted at accepted/known values, probably wrong/misspelled"
1105016773,way,surface,pebblestone,"unlisted at accepted/known values, probably wrong/misspelled"
1106426580,way,surface,metal_grid,"unlisted at accepted/known values, probably wrong/misspelled"
1107668714,way,surface,fine_gravel,"unlisted at accepted/known values, probably wrong/misspelled"
1137558446,way,surface,fine_gravel,"unlisted at accepted/known values, probably wrong/misspelled"
1137558447,way,surface,fine_gravel,"unlisted at accepted/known values, probably wrong/misspelled"
1137603871,way,surface,fine_gravel,"unlisted at accepted/known values, probably wrong/misspelled"
1137950180,way,surface,rock,"unlisted at accepted/known values, probably wrong/misspelled"
1150161339,way,surface,chipseal,"unlisted at accepted/known values, probably wrong/misspelled"
1150161340,way,surface,chipseal,"unlisted at accepted/known values, probably wrong/misspelled"
1160040025,way,surface,fine_gravel,"unlisted at accepted/known values, probably wrong/misspelled"
1160040027,way,surface,fine_gravel,"unlisted at accepted/known values, probably wrong/misspelled"
1160425858,way,tactile_paving,partial,"unlisted at accepted/known values, probably wrong/misspelled"
1160425863,way,tactile_paving,partial,"unlisted at accepted/known values, probably wrong/misspelled"
1160425870,way,tactile_paving,partial,"unlisted at accepted/known values, probably wrong/misspelled"
1176945294,way,surface,peat,"unlisted at accepted/known values, probably wrong/misspelled"
1181031291,way,surface,fine_gravel,"unlisted at accepted/known values, probably wrong/misspelled"
1181484257,way,surface,metal_grid,"unlisted at accepted/known values, probably wrong/misspelled"
1181870090,way,surface,metal_grid,"unlisted at accepted/known values, probably wrong/misspelled"
1185284809,way,surface,fine_gravel,"unlisted at accepted/known values, probably wrong/misspelled"
1188156900,way,surface,peat,"unlisted at accepted/known values, probably wrong/misspelled"
1190032027,way,surface,fine_gravel,"unlisted at accepted/known values, probably wrong/misspelled"
1190032031,way,surface,fine_gravel,"unlisted at accepted/known values, probably wrong/misspelled"
1192611805,way,surface,peat,"unlisted at accepted/known values, probably wrong/misspelled"
1192611806,way,surface,peat,"unlisted at accepted/known values, probably wrong/misspelled"
1192611813,way,surface,metal_grid,"unlisted at accepted/known values, probably wrong/misspelled"
1201501049,way,surface,fine_gravel,"unlisted at accepted/known values, probably wrong/misspelled"
1201527191,way,surface,artificial_turf,"unlisted at accepted/known values, probably wrong/misspelled"
1206427554,way,surface,fine_gravel,"unlisted at accepted/known values, probably wrong/misspelled"
1206493751,way,surface,fine_gravel,"unlisted at accepted/known values, probably wrong/misspelled"
1206681921,way,surface,fine_gravel,"unlisted at accepted/known values, probably wrong/misspelled"
1214048855,way,surface,fine_gravel,"unlisted at accepted/known values, probably wrong/misspelled"
1216237860,way,surface,metal_grid,"unlisted at accepted/known values, probably wrong/misspelled"
1216237863,way,surface,fine_gravel,"unlisted at accepted/known values, probably wrong/misspelled"
1220466902,way,surface,fine_gravel,"unlisted at accepted/known values, probably wrong/misspelled"
1223467514,way,surface,bakkea,"unlisted at accepted/known values, probably wrong/misspelled"
1227239748,way,surface,fine_gravel,"unlisted at accepted/known values, probably wrong/misspelled"
1227979824,way,surface,fine_gravel,"unlisted at accepted/known values, probably wrong/misspelled"
1235257895,way,surface,fine_gravel,"unlisted at accepted/known values, probably wrong/misspelled"
1235257896,way,surface,fine_gravel,"unlisted at accepted/known values, probably wrong/misspelled"
1235257897,way,surface,fine_gravel,"unlisted at accepted/known values, probably wrong/misspelled"
1235257898,way,surface,fine_gravel,"unlisted at accepted/known values, probably wrong/misspelled"
1235257899,way,surface,pebblestone,"unlisted at accepted/known values, probably wrong/misspelled"
1235257900,way,surface,pebblestone,"unlisted at accepted/known values, probably wrong/misspelled"
1236333692,way,surface,fine_gravel,"unlisted at accepted/known values, probably wrong/misspelled"
1239729822,way,surface,pebblestone,"unlisted at accepted/known values, probably wrong/misspelled"
1245682433,way,surface,fine_gravel,"unlisted at accepted/known values, probably wrong/misspelled"
1245682434,way,surface,fine_gravel,"unlisted at accepted/known values, probably wrong/misspelled"
1245682435,way,surface,fine_gravel,"unlisted at accepted/known values, probably wrong/misspelled"
1251978329,way,surface,fine_gravel,"unlisted at accepted/known values, probably wrong/misspelled"
1271771909,way,surface,rock,"unlisted at accepted/known values, probably wrong/misspelled"
1273580827,way,surface,grass;peat,"unlisted at accepted/known values, probably wrong/misspelled"
1279887078,way,surface,fine_gravel,"unlisted at accepted/known values, probably wrong/misspelled"
1279951242,way,surface,mud,"unlisted at accepted/known values, probably wrong/misspelled"
1280155904,way,surface,metal_grid,"unlisted at accepted/known values, probably wrong/misspelled"
1280229064,way,surface,metal_grid,"unlisted at accepted/known values, probably wrong/misspelled"
1280703929,way,surface,metal_grid,"unlisted at accepted/known values, probably wrong/misspelled"
1280703930,way,surface,fine_gravel,"unlisted at accepted/known values, probably wrong/misspelled"
1282419236,way,surface,fine_gravel,"unlisted at accepted/known values, probably wrong/misspelled"
1284453042,way,surface,mud,"unlisted at accepted/known values, probably wrong/misspelled"
1284453043,way,surface,mud,"unlisted at accepted/known values, probably wrong/misspelled"
1284453046,way,surface,mud,"unlisted at accepted/known values, probably wrong/misspelled"
1284456729,way,surface,boardwalk,"unlisted at accepted/known values, probably wrong/misspelled"
1285363630,way,surface,stone,"unlisted at accepted/known values, probably wrong/misspelled"
1285363631,way,surface,stone,"unlisted at accepted/known values, probably wrong/misspelled"
1285363632,way,surface,stone,"unlisted at accepted/known values, probably wrong/misspelled"
1285363633,way,surface,stone,"unlisted at accepted/known values, probably wrong/misspelled"
1285363634,way,surface,stone,"unlisted at accepted/known values, probably wrong/misspelled"
1285363635,way,surface,stone,"unlisted at accepted/known values, probably wrong/misspelled"
1285363636,way,surface,stone,"unlisted at accepted/known values, probably wrong/misspelled"
1285363637,way,surface,stone,"unlisted at accepted/known values, probably wrong/misspelled"
1285363638,way,surface,stone,"unlisted at accepted/known values, probably wrong/misspelled"
1285363639,way,surface,stone,"unlisted at accepted/known values, probably wrong/misspelled"
1285363640,way,surface,stone,"unlisted at accepted/known values, probably wrong/misspelled"
1285363641,way,surface,stone,"unlisted at accepted/known values, probably wrong/misspelled"
1285363642,way,surface,stone,"unlisted at accepted/known values, probably wrong/misspelled"
1285363643,way,surface,stone,"unlisted at accepted/known values, probably wrong/misspelled"
1285363644,way,surface,stone,"unlisted at accepted/known values, probably wrong/misspelled"
1285363645,way,surface,stone,"unlisted at accepted/known values, probably wrong/misspelled"
1285363646,way,surface,stone,"unlisted at accepted/known values, probably wrong/misspelled"
1285363647,way,surface,stone,"unlisted at accepted/known values, probably wrong/misspelled"
1285363648,way,surface,stone,"unlisted at accepted/known values, probably wrong/misspelled"
1285363649,way,surface,stone,"unlisted at accepted/known values, probably wrong/misspelled"
1285363650,way,surface,stone,"unlisted at accepted/known values, probably wrong/misspelled"
1285363651,way,surface,stone,"unlisted at accepted/known values, probably wrong/misspelled"
1285363652,way,surface,stone,"unlisted at accepted/known values, probably wrong/misspelled"
1285363653,way,surface,stone,"unlisted at accepted/known values, probably wrong/misspelled"
1285363654,way,surface,stone,"unlisted at accepted/known values, probably wrong/misspelled"
1285363655,way,surface,stone,"unlisted at accepted/known values, probably wrong/misspelled"
1285363656,way,surface,stone,"unlisted at accepted/known values, probably wrong/misspelled"
1285363657,way,surface,stone,"unlisted at accepted/known values, probably wrong/misspelled"
1285363658,way,surface,stone,"unlisted at accepted/known values, probably wrong/misspelled"
1285363659,way,surface,stone,"unlisted at accepted/known values, probably wrong/misspelled"
1285363660,way,surface,stone,"unlisted at accepted/known values, probably wrong/misspelled"
1285363661,way,surface,stone,"unlisted at accepted/known values, probably wrong/misspelled"
1285363662,way,surface,stone,"unlisted at accepted/known values, probably wrong/misspelled"
1285363663,way,surface,stone,"unlisted at accepted/known values, probably wrong/misspelled"
1285363664,way,surface,stone,"unlisted at accepted/known values, probably wrong/misspelled"
1285363665,way,surface,stone,"unlisted at accepted/known values, probably wrong/misspelled"
1285363666,way,surface,stone,"unlisted at accepted/known values, probably wrong/misspelled"
1285363667,way,surface,stone,"unlisted at accepted/known values, probably wrong/misspelled"
1285363668,way,surface,stone,"unlisted at accepted/known values, probably wrong/misspelled"
1285854244,way,surface,fine_gravel,"unlisted at accepted/known values, probably wrong/misspelled"
1286215433,way,surface,fine_gravel,"unlisted at accepted/known values, probably wrong/misspelled"
1291299977,way,surface,peat,"unlisted at accepted/known values, probably wrong/misspelled"
1291299984,way,surface,peat,"unlisted at accepted/known values, probably wrong/misspelled"
1292161221,way,surface,peat,"unlisted at accepted/known values, probably wrong/misspelled"
1292161224,way,surface,peat,"unlisted at accepted/known values, probably wrong/misspelled"
1292161232,way,surface,peat,"unlisted at accepted/known values, probably wrong/misspelled"
1292161234,way,surface,peat,"unlisted at accepted/known values, probably wrong/misspelled"
1293273706,way,surface,fine_gravel,"unlisted at accepted/known values, probably wrong/misspelled"
1293484311,way,surface,metal_grid,"unlisted at accepted/known values, probably wrong/misspelled"
1295717518,way,surface,fine_gravel,"unlisted at accepted/known values, probably wrong/misspelled"
1296164336,way,surface,stone,"unlisted at accepted/known values, probably wrong/misspelled"
1296953096,way,surface,fine_gravel,"unlisted at accepted/known values, probably wrong/misspelled"
1297183989,way,surface,fine_gravel,"unlisted at accepted/known values, probably wrong/misspelled"
1297710951,way,surface,fine_gravel,"unlisted at accepted/known values, probably wrong/misspelled"
1299944981,way,surface,fine_gravel,"unlisted at accepted/known values, probably wrong/misspelled"
1303225718,way,surface,fine_gravel,"unlisted at accepted/known values, probably wrong/misspelled"
1303225719,way,surface,fine_gravel,"unlisted at accepted/known values, probably wrong/misspelled"
1305652649,way,surface,fine_gravel,"unlisted at accepted/known values, probably wrong/misspelled"
1305652657,way,surface,fine_gravel,"unlisted at accepted/known values, probably wrong/misspelled"
1305652658,way,surface,fine_gravel,"unlisted at accepted/known values, probably wrong/misspelled"
1305652659,way,surface,fine_gravel,"unlisted at accepted/known values, probably wrong/misspelled"
1308479804,way,surface,fine_gravel,"unlisted at accepted/known values, probably wrong/misspelled"
1308479812,way,surface,fine_gravel,"unlisted at accepted/known values, probably wrong/misspelled"
1311642904,way,surface,fine_gravel,"unlisted at accepted/known values, probably wrong/misspelled"
1312843111,way,surface,pebblestone,"unlisted at accepted/known values, probably wrong/misspelled"
1314145715,way,surface,tartan,"unlisted at accepted/known values, probably wrong/misspelled"
1317984782,way,surface,fine_gravel,"unlisted at accepted/known values, probably wrong/misspelled"
1318451516,way,surface,fine_gravel,"unlisted at accepted/known values, probably wrong/misspelled"
1318517982,way,surface,fine_gravel,"unlisted at accepted/known values, probably wrong/misspelled"
1318517983,way,surface,fine_gravel,"unlisted at accepted/known values, probably wrong/misspelled"
1331390718,way,surface,fine_gravel,"unlisted at accepted/known values, probably wrong/misspelled"
1344070843,way,surface,rock,"unlisted at accepted/known values, probably wrong/misspelled"
1350492984,way,surface,fine_gravel,"unlisted at accepted/known values, probably wrong/misspelled"
1362558612,way,surface,stepping_stones,"unlisted at accepted/known values, probably wrong/misspelled"
1368452657,way,surface,fine_gravel,"unlisted at accepted/known values, probably wrong/misspelled"
1375182526,way,surface,woodchips,"unlisted at accepted/known values, probably wrong/misspelled"
1384926831,way,surface,fine_gravel,"unlisted at accepted/known values, probably wrong/misspelled"
1387173733,way,surface,fine_gravel,"unlisted at accepted/known values, probably wrong/misspelled"
1393872382,way,surface,fine_gravel,"unlisted at accepted/known values, probably wrong/misspelled"
1393872397,way,surface,fine_gravel,"unlisted at accepted/known values, probably wrong/misspelled"
1393872664,way,surface,pebblestone,"unlisted at accepted/known values, probably wrong/misspelled"
1393872667,way,surface,fine_gravel,"unlisted at accepted/known values, probably wrong/misspelled"
1409597820,way,surface,fine_gravel,"unlisted at accepted/known values, probably wrong/misspelled"
1412315495,way,surface,fine_gravel,"unlisted at accepted/known values, probably wrong/misspelled"
1412345815,way,surface,fine_gravel,"unlisted at accepted/known values, probably wrong/misspelled"
1413153189,way,surface,pebblestone,"unlisted at accepted/known values, probably wrong/misspelled"
1413212336,way,surface,fine_gravel,"unlisted at accepted/known values, probably wrong/misspelled"
1415380946,way,surface,fine_gravel,"unlisted at accepted/known values, probably wrong/misspelled"
1416155158,way,surface,fine_gravel,"unlisted at accepted/known values, probably wrong/misspelled"
1422264319,way,surface,fine_gravel,"unlisted at accepted/known values, probably wrong/misspelled"
1453667527,way,surface,rock,"unlisted at accepted/known values, probably wrong/misspelled"
1456838506,way,surface,stepping_stones,"unlisted at accepted/known values, probably wrong/misspelled"
1456838511,way,surface,stepping_stones,"unlisted at accepted/known values, probably wrong/misspelled"
1456838512,way,surface,stepping_stones,"unlisted at accepted/known values, probably wrong/misspelled"
1457263635,way,surface,fine_gravel,"unlisted at accepted/known values, probably wrong/misspelled"
1457263636,way,surface,fine_gravel,"unlisted at accepted/known values, probably wrong/misspelled"
1457263637,way,surface,fine_gravel,"unlisted at accepted/known values, probably wrong/misspelled"
1498385293,way,surface,bark,"unlisted at accepted/known values, probably wrong/misspelled"
1500753678,way,surface,fine_gravel,"unlisted at accepted/known values, probably wrong/misspelled"
1500754787,way,surface,fine_gravel,"unlisted at accepted/known values, probably wrong/misspelled"
1521356220,way,surface,bare_rock,"unlisted at accepted/known values, probably wrong/misspelled"
1522894695,way,surface,fine_gravel,"unlisted at accepted/known values, probably wrong/misspelled"
1522894708,way,surface,rock,"unlisted at accepted/known values, probably wrong/misspelled"
1523107222,way,surface,fine_gravel,"unlisted at accepted/known values, probably wrong/misspelled"
1526411108,way,surface,rock,"unlisted at accepted/known values, probably wrong/misspelled"
1528274237,way,surface,fine_gravel,"unlisted at accepted/known values, probably wrong/misspelled"
1528274238,way,surface,fine_gravel,"unlisted at accepted/known values, probably wrong/misspelled"
1533527857,way,surface,skogbunn,"unlisted at accepted/known values, probably wrong/misspelled"
1552051734,way,surface,fine_gravel,"unlisted at accepted/known values, probably wrong/misspelled"
1552051735,way,surface,fine_gravel,"unlisted at accepted/known values, probably wrong/misspelled"
1553284112,way,surface,chipseal,"unlisted at accepted/known values, probably wrong/misspelled"
