{"type": "FeatureCollection", "features": [{"type": "Feature", "geometry": {"type": "Point", "coordinates": [10.7279014, 59.9407024]}, "properties": {"id": 4605974, "feat_type": "way", "quality_categories": "crossings_lacking_kerbs, improper_keys", "issue_ids": "[0, 1]", "osm_url": "https://www.openstreetmap.org/way/4605974", "josm_url": "http://127.0.0.1:8111/load_object?new_layer=false&objects=w4605974", "id_url": "https://www.openstreetmap.org/edit?editor=id&way=4605974#map=20/59.9407024/10.7279014"}}, {"type": "Feature", "geometry": {"type": "Point", "coordinates": [10.7638585, 59.9363518]}, "properties": {"id": 4628327, "feat_type": "way", "quality_categories": "crossings_lacking_kerbs, replaceable_values", "issue_ids": "[2, 1]", "osm_url": "https://www.openstreetmap.org/way/4628327", "josm_url": "http://127.0.0.1:8111/load_object?new_layer=false&objects=w4628327", "id_url": "https://www.openstreetmap.org/edit?editor=id&way=4628327#map=20/59.9363518/10.7638585"}}, {"type": "Feature", "geometry": {"type": "Point", "coordinates": [10.8092849, 59.9273483]}, "properties": {"id": 48800451, "feat_type": "way", "quality_categories": "crossings_lacking_kerbs, replaceable_values", "issue_ids": "[3, 1]", "osm_url": "https://www.openstreetmap.org/way/48800451", "josm_url": "http://127.0.0.1:8111/load_object?new_layer=false&objects=w48800451", "id_url": "https://www.openstreetmap.org/edit?editor=id&way=48800451#map=20/59.9273483/10.8092849"}}, {"type": "Feature", "geometry": {"type": "Point", "coordinates": [10.8912712, 59.940218]}, "properties": {"id": 69916186, "feat_type": "way", "quality_categories": "crossings_lacking_kerbs, improper_keys, missing_tags, replaceable_values", "issue_ids": "[4, 2, 5, 1]", "osm_url": "https://www.openstreetmap.org/way/69916186", "josm_url": "http://127.0.0.1:8111/load_object?new_layer=false&objects=w69916186", "id_url": "https://www.openstreetmap.org/edit?editor=id&way=69916186#map=20/59.940218/10.8912712"}}, {"type": "Feature", "geometry": {"type": "Point", "coordinates": [10.7780186, 59.9329571]}, "properties": {"id": 102296661, "feat_type": "way", "quality_categories": "crossings_lacking_kerbs, replaceable_values", "issue_ids": "[3, 1]", "osm_url": "https://www.openstreetmap.org/way/102296661", "josm_url": "http://127.0.0.1:8111/load_object?new_layer=false&objects=w102296661", "id_url": "https://www.openstreetmap.org/edit?editor=id&way=102296661#map=20/59.9329571/10.7780186"}}, {"type": "Feature", "geometry": {"type": "Point", "coordinates": [10.7589509, 59.915285]}, "properties": {"id": 108165779, "feat_type": "way", "quality_categories": "crossings_lacking_kerbs, older_than_five_years", "issue_ids": "[6, 1]", "osm_url": "https://www.openstreetmap.org/way/108165779", "josm_url": "http://127.0.0.1:8111/load_object?new_layer=false&objects=w108165779", "id_url": "https://www.openstreetmap.org/edit?editor=id&way=108165779#map=20/59.915285/10.7589509"}}, {"type": "Feature", "geometry": {"type": "Point", "coordinates": [10.7042694, 59.9227658]}, "properties": {"id": 109816180, "feat_type": "way", "quality_categories": "crossings_lacking_kerbs, replaceable_values", "issue_ids": "[2, 1]", "osm_url": "https://www.openstreetmap.org/way/109816180", "josm_url": "http://127.0.0.1:8111/load_object?new_layer=false&objects=w109816180", "id_url": "https://www.openstreetmap.org/edit?editor=id&way=109816180#map=20/59.9227658/10.7042694"}}, {"type": "Feature", "geometry": {"type": "Point", "coordinates": [10.7318337, 59.9186535]}, "properties": {"id": 111695468, "feat_type": "way", "quality_categories": "crossings_lacking_kerbs, older_than_five_years, replaceable_values", "issue_ids": "[3, 7, 1]", "osm_url": "https://www.openstreetmap.org/way/111695468", "josm_url": "http://127.0.0.1:8111/load_object?new_layer=false&objects=w111695468", "id_url": "https://www.openstreetmap.org/edit?editor=id&way=111695468#map=20/59.9186535/10.7318337"}}, {"type": "Feature", "geometry": {"type": "Point", "coordinates": [10.7328255, 59.9177277]}, "properties": {"id": 111695482, "feat_type": "way", "quality_categories": "crossings_lacking_kerbs, replaceable_values", "issue_ids": "[3, 1]", "osm_url": "https://www.openstreetmap.org/way/111695482", "josm_url": "http://127.0.0.1:8111/load_object?new_layer=false&objects=w111695482", "id_url": "https://www.openstreetmap.org/edit?editor=id&way=111695482#map=20/59.9177277/10.7328255"}}, {"type": "Feature", "geometry": {"type": "Point", "coordinates": [10.7516215, 59.9337552]}, "properties": {"id": 113695719, "feat_type": "way", "quality_categories": "crossings_lacking_kerbs, older_than_five_years, replaceable_values", "issue_ids": "[3, 8, 1]", "osm_url": "https://www.openstreetmap.org/way/113695719", "josm_url": "http://127.0.0.1:8111/load_object?new_layer=false&objects=w113695719", "id_url": "https://www.openstreetmap.org/edit?editor=id&way=113695719#map=20/59.9337552/10.7516215"}}, {"type": "Feature", "geometry": {"type": "Point", "coordinates": [10.7218835, 59.9466523]}, "properties": {"id": 118664747, "feat_type": "way", "quality_categories": "crossings_lacking_kerbs, replaceable_values", "issue_ids": "[2, 1]", "osm_url": "https://www.openstreetmap.org/way/118664747", "josm_url": "http://127.0.0.1:8111/load_object?new_layer=false&objects=w118664747", "id_url": "https://www.openstreetmap.org/edit?editor=id&way=118664747#map=20/59.9466523/10.7218835"}}, {"type": "Feature", "geometry": {"type": "Point", "coordinates": [10.7195754, 59.9150439]}, "properties": {"id": 118749681, "feat_type": "way", "quality_categories": "crossings_lacking_kerbs, missing_tags, older_than_five_years, replaceable_values", "issue_ids": "[3, 9, 5, 1]", "osm_url": "https://www.openstreetmap.org/way/118749681", "josm_url": "http://127.0.0.1:8111/load_object?new_layer=false&objects=w118749681", "id_url": "https://www.openstreetmap.org/edit?editor=id&way=118749681#map=20/59.9150439/10.7195754"}}, {"type": "Feature", "geometry": {"type": "Point", "coordinates": [10.7289036, 59.9150494]}, "properties": {"id": 118749705, "feat_type": "way", "quality_categories": "crossings_lacking_kerbs, replaceable_values", "issue_ids": "[3, 1]", "osm_url": "https://www.openstreetmap.org/way/118749705", "josm_url": "http://127.0.0.1:8111/load_object?new_layer=false&objects=w118749705", "id_url": "https://www.openstreetmap.org/edit?editor=id&way=118749705#map=20/59.9150494/10.7289036"}}, {"type": "Feature", "geometry": {"type": "Point", "coordinates": [10.6917139, 59.9187719]}, "properties": {"id": 118881268, "feat_type": "way", "quality_categories": "crossings_lacking_kerbs, missing_tags, older_than_five_years", "issue_ids": "[10, 5, 1]", "osm_url": "https://www.openstreetmap.org/way/118881268", "josm_url": "http://127.0.0.1:8111/load_object?new_layer=false&objects=w118881268", "id_url": "https://www.openstreetmap.org/edit?editor=id&way=118881268#map=20/59.9187719/10.6917139"}}, {"type": "Feature", "geometry": {"type": "Point", "coordinates": [10.6898364, 59.9184976]}, "properties": {"id": 118881293, "feat_type": "way", "quality_categories": "crossings_lacking_kerbs, missing_tags", "issue_ids": "[5, 1]", "osm_url": "https://www.openstreetmap.org/way/118881293", "josm_url": "http://127.0.0.1:8111/load_object?new_layer=false&objects=w118881293", "id_url": "https://www.openstreetmap.org/edit?editor=id&way=118881293#map=20/59.9184976/10.6898364"}}, {"type": "Feature", "geometry": {"type": "Point", "coordinates": [10.6947923, 59.9508025]}, "properties": {"id": 120101939, "feat_type": "way", "quality_categories": "crossings_lacking_kerbs, replaceable_values", "issue_ids": "[3, 1]", "osm_url": "https://www.openstreetmap.org/way/120101939", "josm_url": "http://127.0.0.1:8111/load_object?new_layer=false&objects=w120101939", "id_url": "https://www.openstreetmap.org/edit?editor=id&way=120101939#map=20/59.9508025/10.6947923"}}, {"type": "Feature", "geometry": {"type": "Point", "coordinates": [10.8372331, 59.8512313]}, "properties": {"id": 120320831, "feat_type": "way", "quality_categories": "crossings_lacking_kerbs, improper_keys, replaceable_values", "issue_ids": "[11, 2, 1]", "osm_url": "https://www.openstreetmap.org/way/120320831", "josm_url": "http://127.0.0.1:8111/load_object?new_layer=false&objects=w120320831", "id_url": "https://www.openstreetmap.org/edit?editor=id&way=120320831#map=20/59.8512313/10.8372331"}}, {"type": "Feature", "geometry": {"type": "Point", "coordinates": [10.7347964, 59.9122083]}, "properties": {"id": 122589060, "feat_type": "way", "quality_categories": "crossings_lacking_kerbs, older_than_five_years, replaceable_values", "issue_ids": "[3, 12, 1]", "osm_url": "https://www.openstreetmap.org/way/122589060", "josm_url": "http://127.0.0.1:8111/load_object?new_layer=false&objects=w122589060", "id_url": "https://www.openstreetmap.org/edit?editor=id&way=122589060#map=20/59.9122083/10.7347964"}}, {"type": "Feature", "geometry": {"type": "Point", "coordinates": [10.734647, 59.9120443]}, "properties": {"id": 122589075, "feat_type": "way", "quality_categories": "crossings_lacking_kerbs, replaceable_values", "issue_ids": "[2, 1]", "osm_url": "https://www.openstreetmap.org/way/122589075", "josm_url": "http://127.0.0.1:8111/load_object?new_layer=false&objects=w122589075", "id_url": "https://www.openstreetmap.org/edit?editor=id&way=122589075#map=20/59.9120443/10.734647"}}, {"type": "Feature", "geometry": {"type": "Point", "coordinates": [10.7590725, 59.9234021]}, "properties": {"id": 124612644, "feat_type": "way", "quality_categories": "crossings_lacking_kerbs, older_than_five_years", "issue_ids": "[13, 1]", "osm_url": "https://www.openstreetmap.org/way/124612644", "josm_url": "http://127.0.0.1:8111/load_object?new_layer=false&objects=w124612644", "id_url": "https://www.openstreetmap.org/edit?editor=id&way=124612644#map=20/59.9234021/10.7590725"}}, {"type": "Feature", "geometry": {"type": "Point", "coordinates": [10.7574802, 59.9201166]}, "properties": {"id": 124634114, "feat_type": "way", "quality_categories": "crossings_lacking_kerbs, replaceable_values", "issue_ids": "[3, 1]", "osm_url": "https://www.openstreetmap.org/way/124634114", "josm_url": "http://127.0.0.1:8111/load_object?new_layer=false&objects=w124634114", "id_url": "https://www.openstreetmap.org/edit?editor=id&way=124634114#map=20/59.9201166/10.7574802"}}, {"type": "Feature", "geometry": {"type": "Point", "coordinates": [10.7573666, 59.9201841]}, "properties": {"id": 124634130, "feat_type": "way", "quality_categories": "crossings_lacking_kerbs, replaceable_values", "issue_ids": "[3, 1]", "osm_url": "https://www.openstreetmap.org/way/124634130", "josm_url": "http://127.0.0.1:8111/load_object?new_layer=false&objects=w124634130", "id_url": "https://www.openstreetmap.org/edit?editor=id&way=124634130#map=20/59.9201841/10.7573666"}}, {"type": "Feature", "geometry": {"type": "Point", "coordinates": [10.7724683, 59.9309182]}, "properties": {"id": 124738098, "feat_type": "way", "quality_categories": "crossings_lacking_kerbs, older_than_five_years, replaceable_values", "issue_ids": "[3, 14, 1]", "osm_url": "https://www.openstreetmap.org/way/124738098", "josm_url": "http://127.0.0.1:8111/load_object?new_layer=false&objects=w124738098", "id_url": "https://www.openstreetmap.org/edit?editor=id&way=124738098#map=20/59.9309182/10.7724683"}}, {"type": "Feature", "geometry": {"type": "Point", "coordinates": [10.7675899, 59.9215774]}, "properties": {"id": 124798365, "feat_type": "way", "quality_categories": "crossings_lacking_kerbs, replaceable_values", "issue_ids": "[3, 1]", "osm_url": "https://www.openstreetmap.org/way/124798365", "josm_url": "http://127.0.0.1:8111/load_object?new_layer=false&objects=w124798365", "id_url": "https://www.openstreetmap.org/edit?editor=id&way=124798365#map=20/59.9215774/10.7675899"}}, {"type": "Feature", "geometry": {"type": "Point", "coordinates": [10.7413718, 59.9223247]}, "properties": {"id": 128829172, "feat_type": "way", "quality_categories": "crossings_lacking_kerbs, replaceable_values", "issue_ids": "[2, 1]", "osm_url": "https://www.openstreetmap.org/way/128829172", "josm_url": "http://127.0.0.1:8111/load_object?new_layer=false&objects=w128829172", "id_url": "https://www.openstreetmap.org/edit?editor=id&way=128829172#map=20/59.9223247/10.7413718"}}, {"type": "Feature", "geometry": {"type": "Point", "coordinates": [10.7339444, 59.9190305]}, "properties": {"id": 128909013, "feat_type": "way", "quality_categories": "crossings_lacking_kerbs, replaceable_values", "issue_ids": "[3, 1]", "osm_url": "https://www.openstreetmap.org/way/128909013", "josm_url": "http://127.0.0.1:8111/load_object?new_layer=false&objects=w128909013", "id_url": "https://www.openstreetmap.org/edit?editor=id&way=128909013#map=20/59.9190305/10.7339444"}}, {"type": "Feature", "geometry": {"type": "Point", "coordinates": [10.7002315, 59.9191975]}, "properties": {"id": 128943031, "feat_type": "way", "quality_categories": "crossings_lacking_kerbs, missing_tags, older_than_five_years, replaceable_values", "issue_ids": "[3, 15, 5, 1]", "osm_url": "https://www.openstreetmap.org/way/128943031", "josm_url": "http://127.0.0.1:8111/load_object?new_layer=false&objects=w128943031", "id_url": "https://www.openstreetmap.org/edit?editor=id&way=128943031#map=20/59.9191975/10.7002315"}}, {"type": "Feature", "geometry": {"type": "Point", "coordinates": [10.6985068, 59.9033158]}, "properties": {"id": 128980476, "feat_type": "way", "quality_categories": "crossings_lacking_kerbs, replaceable_values", "issue_ids": "[3, 1]", "osm_url": "https://www.openstreetmap.org/way/128980476", "josm_url": "http://127.0.0.1:8111/load_object?new_layer=false&objects=w128980476", "id_url": "https://www.openstreetmap.org/edit?editor=id&way=128980476#map=20/59.9033158/10.6985068"}}, {"type": "Feature", "geometry": {"type": "Point", "coordinates": [10.6919796, 59.9187597]}, "properties": {"id": 131597542, "feat_type": "way", "quality_categories": "crossings_lacking_kerbs, missing_tags, older_than_five_years", "issue_ids": "[10, 5, 1]", "osm_url": "https://www.openstreetmap.org/way/131597542", "josm_url": "http://127.0.0.1:8111/load_object?new_layer=false&objects=w131597542", "id_url": "https://www.openstreetmap.org/edit?editor=id&way=131597542#map=20/59.9187597/10.6919796"}}, {"type": "Feature", "geometry": {"type": "Point", "coordinates": [10.7225942, 59.9135578]}, "properties": {"id": 133355774, "feat_type": "way", "quality_categories": "crossings_lacking_kerbs, older_than_five_years", "issue_ids": "[16, 1]", "osm_url": "https://www.openstreetmap.org/way/133355774", "josm_url": "http://127.0.0.1:8111/load_object?new_layer=false&objects=w133355774", "id_url": "https://www.openstreetmap.org/edit?editor=id&way=133355774#map=20/59.9135578/10.7225942"}}, {"type": "Feature", "geometry": {"type": "Point", "coordinates": [10.7505387, 59.9502369]}, "properties": {"id": 135344064, "feat_type": "way", "quality_categories": "crossings_lacking_kerbs, replaceable_values", "issue_ids": "[3, 1]", "osm_url": "https://www.openstreetmap.org/way/135344064", "josm_url": "http://127.0.0.1:8111/load_object?new_layer=false&objects=w135344064", "id_url": "https://www.openstreetmap.org/edit?editor=id&way=135344064#map=20/59.9502369/10.7505387"}}, {"type": "Feature", "geometry": {"type": "Point", "coordinates": [10.7513016, 59.9509917]}, "properties": {"id": 135344074, "feat_type": "way", "quality_categories": "crossings_lacking_kerbs, older_than_five_years, replaceable_values", "issue_ids": "[3, 17, 1]", "osm_url": "https://www.openstreetmap.org/way/135344074", "josm_url": "http://127.0.0.1:8111/load_object?new_layer=false&objects=w135344074", "id_url": "https://www.openstreetmap.org/edit?editor=id&way=135344074#map=20/59.9509917/10.7513016"}}, {"type": "Feature", "geometry": {"type": "Point", "coordinates": [10.7508449, 59.9501013]}, "properties": {"id": 135344076, "feat_type": "way", "quality_categories": "crossings_lacking_kerbs, replaceable_values", "issue_ids": "[3, 1]", "osm_url": "https://www.openstreetmap.org/way/135344076", "josm_url": "http://127.0.0.1:8111/load_object?new_layer=false&objects=w135344076", "id_url": "https://www.openstreetmap.org/edit?editor=id&way=135344076#map=20/59.9501013/10.7508449"}}, {"type": "Feature", "geometry": {"type": "Point", "coordinates": [10.7506708, 59.9505143]}, "properties": {"id": 135344086, "feat_type": "way", "quality_categories": "crossings_lacking_kerbs, older_than_five_years", "issue_ids": "[18, 1]", "osm_url": "https://www.openstreetmap.org/way/135344086", "josm_url": "http://127.0.0.1:8111/load_object?new_layer=false&objects=w135344086", "id_url": "https://www.openstreetmap.org/edit?editor=id&way=135344086#map=20/59.9505143/10.7506708"}}, {"type": "Feature", "geometry": {"type": "Point", "coordinates": [10.7507298, 59.9503131]}, "properties": {"id": 135344088, "feat_type": "way", "quality_categories": "crossings_lacking_kerbs, replaceable_values", "issue_ids": "[3, 1]", "osm_url": "https://www.openstreetmap.org/way/135344088", "josm_url": "http://127.0.0.1:8111/load_object?new_layer=false&objects=w135344088", "id_url": "https://www.openstreetmap.org/edit?editor=id&way=135344088#map=20/59.9503131/10.7507298"}}, {"type": "Feature", "geometry": {"type": "Point", "coordinates": [10.7511191, 59.9511015]}, "properties": {"id": 135344089, "feat_type": "way", "quality_categories": "crossings_lacking_kerbs, replaceable_values", "issue_ids": "[3, 1]", "osm_url": "https://www.openstreetmap.org/way/135344089", "josm_url": "http://127.0.0.1:8111/load_object?new_layer=false&objects=w135344089", "id_url": "https://www.openstreetmap.org/edit?editor=id&way=135344089#map=20/59.9511015/10.7511191"}}, {"type": "Feature", "geometry": {"type": "Point", "coordinates": [10.7484405, 59.9443337]}, "properties": {"id": 135344090, "feat_type": "way", "quality_categories": "crossings_lacking_kerbs, replaceable_values", "issue_ids": "[3, 1]", "osm_url": "https://www.openstreetmap.org/way/135344090", "josm_url": "http://127.0.0.1:8111/load_object?new_layer=false&objects=w135344090", "id_url": "https://www.openstreetmap.org/edit?editor=id&way=135344090#map=20/59.9443337/10.7484405"}}, {"type": "Feature", "geometry": {"type": "Point", "coordinates": [10.7482995, 59.9438537]}, "properties": {"id": 135344092, "feat_type": "way", "quality_categories": "crossings_lacking_kerbs, replaceable_values", "issue_ids": "[3, 1]", "osm_url": "https://www.openstreetmap.org/way/135344092", "josm_url": "http://127.0.0.1:8111/load_object?new_layer=false&objects=w135344092", "id_url": "https://www.openstreetmap.org/edit?editor=id&way=135344092#map=20/59.9438537/10.7482995"}}, {"type": "Feature", "geometry": {"type": "Point", "coordinates": [10.8882401, 59.9534129]}, "properties": {"id": 137465285, "feat_type": "way", "quality_categories": "crossings_lacking_kerbs, missing_tags", "issue_ids": "[5, 1]", "osm_url": "https://www.openstreetmap.org/way/137465285", "josm_url": "http://127.0.0.1:8111/load_object?new_layer=false&objects=w137465285", "id_url": "https://www.openstreetmap.org/edit?editor=id&way=137465285#map=20/59.9534129/10.8882401"}}, {"type": "Feature", "geometry": {"type": "Point", "coordinates": [10.8897852, 59.9529171]}, "properties": {"id": 137465293, "feat_type": "way", "quality_categories": "crossings_lacking_kerbs, missing_tags", "issue_ids": "[5, 1]", "osm_url": "https://www.openstreetmap.org/way/137465293", "josm_url": "http://127.0.0.1:8111/load_object?new_layer=false&objects=w137465293", "id_url": "https://www.openstreetmap.org/edit?editor=id&way=137465293#map=20/59.9529171/10.8897852"}}, {"type": "Feature", "geometry": {"type": "Point", "coordinates": [10.8398052, 59.938725]}, "properties": {"id": 170773879, "feat_type": "way", "quality_categories": "crossings_lacking_kerbs, missing_tags, older_than_five_years", "issue_ids": "[19, 5, 1]", "osm_url": "https://www.openstreetmap.org/way/170773879", "josm_url": "http://127.0.0.1:8111/load_object?new_layer=false&objects=w170773879", "id_url": "https://www.openstreetmap.org/edit?editor=id&way=170773879#map=20/59.938725/10.8398052"}}, {"type": "Feature", "geometry": {"type": "Point", "coordinates": [10.8881455, 59.9534942]}, "properties": {"id": 177180574, "feat_type": "way", "quality_categories": "crossings_lacking_kerbs, missing_tags", "issue_ids": "[5, 1]", "osm_url": "https://www.openstreetmap.org/way/177180574", "josm_url": "http://127.0.0.1:8111/load_object?new_layer=false&objects=w177180574", "id_url": "https://www.openstreetmap.org/edit?editor=id&way=177180574#map=20/59.9534942/10.8881455"}}, {"type": "Feature", "geometry": {"type": "Point", "coordinates": [10.8898867, 59.9529786]}, "properties": {"id": 177180575, "feat_type": "way", "quality_categories": "crossings_lacking_kerbs, missing_tags", "issue_ids": "[5, 1]", "osm_url": "https://www.openstreetmap.org/way/177180575", "josm_url": "http://127.0.0.1:8111/load_object?new_layer=false&objects=w177180575", "id_url": "https://www.openstreetmap.org/edit?editor=id&way=177180575#map=20/59.9529786/10.8898867"}}, {"type": "Feature", "geometry": {"type": "Point", "coordinates": [10.9098779, 59.9635497]}, "properties": {"id": 178078932, "feat_type": "way", "quality_categories": "crossings_lacking_kerbs, older_than_five_years", "issue_ids": "[20, 1]", "osm_url": "https://www.openstreetmap.org/way/178078932", "josm_url": "http://127.0.0.1:8111/load_object?new_layer=false&objects=w178078932", "id_url": "https://www.openstreetmap.org/edit?editor=id&way=178078932#map=20/59.9635497/10.9098779"}}, {"type": "Feature", "geometry": {"type": "Point", "coordinates": [10.6365754, 59.9191407]}, "properties": {"id": 189529759, "feat_type": "way", "quality_categories": "crossings_lacking_kerbs, missing_tags", "issue_ids": "[5, 1]", "osm_url": "https://www.openstreetmap.org/way/189529759", "josm_url": "http://127.0.0.1:8111/load_object?new_layer=false&objects=w189529759", "id_url": "https://www.openstreetmap.org/edit?editor=id&way=189529759#map=20/59.9191407/10.6365754"}}, {"type": "Feature", "geometry": {"type": "Point", "coordinates": [10.7770188, 59.9324402]}, "properties": {"id": 224446820, "feat_type": "way", "quality_categories": "crossings_lacking_kerbs, replaceable_values", "issue_ids": "[3, 1]", "osm_url": "https://www.openstreetmap.org/way/224446820", "josm_url": "http://127.0.0.1:8111/load_object?new_layer=false&objects=w224446820", "id_url": "https://www.openstreetmap.org/edit?editor=id&way=224446820#map=20/59.9324402/10.7770188"}}, {"type": "Feature", "geometry": {"type": "Point", "coordinates": [10.7789042, 59.9453434]}, "properties": {"id": 237581786, "feat_type": "way", "quality_categories": "crossings_lacking_kerbs, older_than_five_years", "issue_ids": "[21, 1]", "osm_url": "https://www.openstreetmap.org/way/237581786", "josm_url": "http://127.0.0.1:8111/load_object?new_layer=false&objects=w237581786", "id_url": "https://www.openstreetmap.org/edit?editor=id&way=237581786#map=20/59.9453434/10.7789042"}}, {"type": "Feature", "geometry": {"type": "Point", "coordinates": [10.9086289, 59.9627974]}, "properties": {"id": 237750183, "feat_type": "way", "quality_categories": "crossings_lacking_kerbs, missing_tags, older_than_five_years", "issue_ids": "[22, 5, 1]", "osm_url": "https://www.openstreetmap.org/way/237750183", "josm_url": "http://127.0.0.1:8111/load_object?new_layer=false&objects=w237750183", "id_url": "https://www.openstreetmap.org/edit?editor=id&way=237750183#map=20/59.9627974/10.9086289"}}, {"type": "Feature", "geometry": {"type": "Point", "coordinates": [10.7197071, 59.9149484]}, "properties": {"id": 238862029, "feat_type": "way", "quality_categories": "crossings_lacking_kerbs, replaceable_values", "issue_ids": "[3, 1]", "osm_url": "https://www.openstreetmap.org/way/238862029", "josm_url": "http://127.0.0.1:8111/load_object?new_layer=false&objects=w238862029", "id_url": "https://www.openstreetmap.org/edit?editor=id&way=238862029#map=20/59.9149484/10.7197071"}}, {"type": "Feature", "geometry": {"type": "Point", "coordinates": [10.7195967, 59.9150169]}, "properties": {"id": 238862039, "feat_type": "way", "quality_categories": "crossings_lacking_kerbs, missing_tags, older_than_five_years, replaceable_values", "issue_ids": "[3, 23, 5, 1]", "osm_url": "https://www.openstreetmap.org/way/238862039", "josm_url": "http://127.0.0.1:8111/load_object?new_layer=false&objects=w238862039", "id_url": "https://www.openstreetmap.org/edit?editor=id&way=238862039#map=20/59.9150169/10.7195967"}}, {"type": "Feature", "geometry": {"type": "Point", "coordinates": [10.842277, 59.9233063]}, "properties": {"id": 253029453, "feat_type": "way", "quality_categories": "crossings_lacking_kerbs, older_than_five_years, replaceable_values", "issue_ids": "[2, 24, 1]", "osm_url": "https://www.openstreetmap.org/way/253029453", "josm_url": "http://127.0.0.1:8111/load_object?new_layer=false&objects=w253029453", "id_url": "https://www.openstreetmap.org/edit?editor=id&way=253029453#map=20/59.9233063/10.842277"}}, {"type": "Feature", "geometry": {"type": "Point", "coordinates": [10.8487752, 59.9266957]}, "properties": {"id": 254701919, "feat_type": "way", "quality_categories": "crossings_lacking_kerbs, replaceable_values", "issue_ids": "[3, 1]", "osm_url": "https://www.openstreetmap.org/way/254701919", "josm_url": "http://127.0.0.1:8111/load_object?new_layer=false&objects=w254701919", "id_url": "https://www.openstreetmap.org/edit?editor=id&way=254701919#map=20/59.9266957/10.8487752"}}, {"type": "Feature", "geometry": {"type": "Point", "coordinates": [10.8448065, 59.9255995]}, "properties": {"id": 254701923, "feat_type": "way", "quality_categories": "crossings_lacking_kerbs, missing_tags, replaceable_values", "issue_ids": "[3, 5, 1]", "osm_url": "https://www.openstreetmap.org/way/254701923", "josm_url": "http://127.0.0.1:8111/load_object?new_layer=false&objects=w254701923", "id_url": "https://www.openstreetmap.org/edit?editor=id&way=254701923#map=20/59.9255995/10.8448065"}}, {"type": "Feature", "geometry": {"type": "Point", "coordinates": [10.8476919, 59.9261808]}, "properties": {"id": 254701925, "feat_type": "way", "quality_categories": "crossings_lacking_kerbs, replaceable_values", "issue_ids": "[3, 1]", "osm_url": "https://www.openstreetmap.org/way/254701925", "josm_url": "http://127.0.0.1:8111/load_object?new_layer=false&objects=w254701925", "id_url": "https://www.openstreetmap.org/edit?editor=id&way=254701925#map=20/59.9261808/10.8476919"}}, {"type": "Feature", "geometry": {"type": "Point", "coordinates": [10.8486533, 59.9268289]}, "properties": {"id": 254701926, "feat_type": "way", "quality_categories": "crossings_lacking_kerbs, replaceable_values", "issue_ids": "[3, 1]", "osm_url": "https://www.openstreetmap.org/way/254701926", "josm_url": "http://127.0.0.1:8111/load_object?new_layer=false&objects=w254701926", "id_url": "https://www.openstreetmap.org/edit?editor=id&way=254701926#map=20/59.9268289/10.8486533"}}, {"type": "Feature", "geometry": {"type": "Point", "coordinates": [10.8479161, 59.9268816]}, "properties": {"id": 254701928, "feat_type": "way", "quality_categories": "crossings_lacking_kerbs, missing_tags, replaceable_values", "issue_ids": "[3, 5, 1]", "osm_url": "https://www.openstreetmap.org/way/254701928", "josm_url": "http://127.0.0.1:8111/load_object?new_layer=false&objects=w254701928", "id_url": "https://www.openstreetmap.org/edit?editor=id&way=254701928#map=20/59.9268816/10.8479161"}}, {"type": "Feature", "geometry": {"type": "Point", "coordinates": [10.849014, 59.926691]}, "properties": {"id": 254701930, "feat_type": "way", "quality_categories": "crossings_lacking_kerbs, older_than_five_years, replaceable_values", "issue_ids": "[3, 25, 1]", "osm_url": "https://www.openstreetmap.org/way/254701930", "josm_url": "http://127.0.0.1:8111/load_object?new_layer=false&objects=w254701930", "id_url": "https://www.openstreetmap.org/edit?editor=id&way=254701930#map=20/59.926691/10.849014"}}, {"type": "Feature", "geometry": {"type": "Point", "coordinates": [10.843863, 59.9250986]}, "properties": {"id": 254701932, "feat_type": "way", "quality_categories": "crossings_lacking_kerbs, missing_tags", "issue_ids": "[5, 1]", "osm_url": "https://www.openstreetmap.org/way/254701932", "josm_url": "http://127.0.0.1:8111/load_object?new_layer=false&objects=w254701932", "id_url": "https://www.openstreetmap.org/edit?editor=id&way=254701932#map=20/59.9250986/10.843863"}}, {"type": "Feature", "geometry": {"type": "Point", "coordinates": [10.8474752, 59.9268613]}, "properties": {"id": 254701934, "feat_type": "way", "quality_categories": "crossings_lacking_kerbs, missing_tags, replaceable_values", "issue_ids": "[3, 5, 1]", "osm_url": "https://www.openstreetmap.org/way/254701934", "josm_url": "http://127.0.0.1:8111/load_object?new_layer=false&objects=w254701934", "id_url": "https://www.openstreetmap.org/edit?editor=id&way=254701934#map=20/59.9268613/10.8474752"}}, {"type": "Feature", "geometry": {"type": "Point", "coordinates": [10.8478257, 59.926175]}, "properties": {"id": 254701937, "feat_type": "way", "quality_categories": "crossings_lacking_kerbs, replaceable_values", "issue_ids": "[3, 1]", "osm_url": "https://www.openstreetmap.org/way/254701937", "josm_url": "http://127.0.0.1:8111/load_object?new_layer=false&objects=w254701937", "id_url": "https://www.openstreetmap.org/edit?editor=id&way=254701937#map=20/59.926175/10.8478257"}}, {"type": "Feature", "geometry": {"type": "Point", "coordinates": [10.8447962, 59.925711]}, "properties": {"id": 254701938, "feat_type": "way", "quality_categories": "crossings_lacking_kerbs, missing_tags, replaceable_values", "issue_ids": "[3, 5, 1]", "osm_url": "https://www.openstreetmap.org/way/254701938", "josm_url": "http://127.0.0.1:8111/load_object?new_layer=false&objects=w254701938", "id_url": "https://www.openstreetmap.org/edit?editor=id&way=254701938#map=20/59.925711/10.8447962"}}, {"type": "Feature", "geometry": {"type": "Point", "coordinates": [10.8480521, 59.9260768]}, "properties": {"id": 254701939, "feat_type": "way", "quality_categories": "crossings_lacking_kerbs, older_than_five_years, replaceable_values", "issue_ids": "[3, 25, 1]", "osm_url": "https://www.openstreetmap.org/way/254701939", "josm_url": "http://127.0.0.1:8111/load_object?new_layer=false&objects=w254701939", "id_url": "https://www.openstreetmap.org/edit?editor=id&way=254701939#map=20/59.9260768/10.8480521"}}, {"type": "Feature", "geometry": {"type": "Point", "coordinates": [10.9289368, 59.9364569]}, "properties": {"id": 258545380, "feat_type": "way", "quality_categories": "crossings_lacking_kerbs, missing_tags, older_than_five_years", "issue_ids": "[26, 5, 1]", "osm_url": "https://www.openstreetmap.org/way/258545380", "josm_url": "http://127.0.0.1:8111/load_object?new_layer=false&objects=w258545380", "id_url": "https://www.openstreetmap.org/edit?editor=id&way=258545380#map=20/59.9364569/10.9289368"}}, {"type": "Feature", "geometry": {"type": "Point", "coordinates": [10.8709045, 59.9444122]}, "properties": {"id": 259273990, "feat_type": "way", "quality_categories": "crossings_lacking_kerbs, missing_tags, older_than_five_years", "issue_ids": "[27, 5, 1]", "osm_url": "https://www.openstreetmap.org/way/259273990", "josm_url": "http://127.0.0.1:8111/load_object?new_layer=false&objects=w259273990", "id_url": "https://www.openstreetmap.org/edit?editor=id&way=259273990#map=20/59.9444122/10.8709045"}}, {"type": "Feature", "geometry": {"type": "Point", "coordinates": [10.7499114, 59.911113]}, "properties": {"id": 264635425, "feat_type": "way", "quality_categories": "crossings_lacking_kerbs, improper_keys, replaceable_values", "issue_ids": "[28, 3, 1]", "osm_url": "https://www.openstreetmap.org/way/264635425", "josm_url": "http://127.0.0.1:8111/load_object?new_layer=false&objects=w264635425", "id_url": "https://www.openstreetmap.org/edit?editor=id&way=264635425#map=20/59.911113/10.7499114"}}, {"type": "Feature", "geometry": {"type": "Point", "coordinates": [10.7495735, 59.9111816]}, "properties": {"id": 264635428, "feat_type": "way", "quality_categories": "crossings_lacking_kerbs, improper_keys, older_than_five_years, replaceable_values", "issue_ids": "[28, 3, 29, 1]", "osm_url": "https://www.openstreetmap.org/way/264635428", "josm_url": "http://127.0.0.1:8111/load_object?new_layer=false&objects=w264635428", "id_url": "https://www.openstreetmap.org/edit?editor=id&way=264635428#map=20/59.9111816/10.7495735"}}, {"type": "Feature", "geometry": {"type": "Point", "coordinates": [10.8728086, 59.9563986]}, "properties": {"id": 273182763, "feat_type": "way", "quality_categories": "crossings_lacking_kerbs, missing_tags, older_than_five_years, replaceable_values", "issue_ids": "[3, 30, 5, 1]", "osm_url": "https://www.openstreetmap.org/way/273182763", "josm_url": "http://127.0.0.1:8111/load_object?new_layer=false&objects=w273182763", "id_url": "https://www.openstreetmap.org/edit?editor=id&way=273182763#map=20/59.9563986/10.8728086"}}, {"type": "Feature", "geometry": {"type": "Point", "coordinates": [10.8716858, 59.9567485]}, "properties": {"id": 273182765, "feat_type": "way", "quality_categories": "crossings_lacking_kerbs, missing_tags, older_than_five_years", "issue_ids": "[30, 5, 1]", "osm_url": "https://www.openstreetmap.org/way/273182765", "josm_url": "http://127.0.0.1:8111/load_object?new_layer=false&objects=w273182765", "id_url": "https://www.openstreetmap.org/edit?editor=id&way=273182765#map=20/59.9567485/10.8716858"}}, {"type": "Feature", "geometry": {"type": "Point", "coordinates": [10.8714283, 59.9565847]}, "properties": {"id": 273182770, "feat_type": "way", "quality_categories": "crossings_lacking_kerbs, missing_tags, older_than_five_years", "issue_ids": "[30, 5, 1]", "osm_url": "https://www.openstreetmap.org/way/273182770", "josm_url": "http://127.0.0.1:8111/load_object?new_layer=false&objects=w273182770", "id_url": "https://www.openstreetmap.org/edit?editor=id&way=273182770#map=20/59.9565847/10.8714283"}}, {"type": "Feature", "geometry": {"type": "Point", "coordinates": [10.7569962, 59.9117035]}, "properties": {"id": 280290307, "feat_type": "way", "quality_categories": "crossings_lacking_kerbs, older_than_five_years", "issue_ids": "[7, 1]", "osm_url": "https://www.openstreetmap.org/way/280290307", "josm_url": "http://127.0.0.1:8111/load_object?new_layer=false&objects=w280290307", "id_url": "https://www.openstreetmap.org/edit?editor=id&way=280290307#map=20/59.9117035/10.7569962"}}, {"type": "Feature", "geometry": {"type": "Point", "coordinates": [10.6473219, 59.9250348]}, "properties": {"id": 312668136, "feat_type": "way", "quality_categories": "crossings_lacking_kerbs, improper_keys, missing_tags", "issue_ids": "[31, 5, 1]", "osm_url": "https://www.openstreetmap.org/way/312668136", "josm_url": "http://127.0.0.1:8111/load_object?new_layer=false&objects=w312668136", "id_url": "https://www.openstreetmap.org/edit?editor=id&way=312668136#map=20/59.9250348/10.6473219"}}, {"type": "Feature", "geometry": {"type": "Point", "coordinates": [10.829196, 59.880293]}, "properties": {"id": 312996843, "feat_type": "way", "quality_categories": "crossings_lacking_kerbs, missing_tags", "issue_ids": "[5, 1]", "osm_url": "https://www.openstreetmap.org/way/312996843", "josm_url": "http://127.0.0.1:8111/load_object?new_layer=false&objects=w312996843", "id_url": "https://www.openstreetmap.org/edit?editor=id&way=312996843#map=20/59.880293/10.829196"}}, {"type": "Feature", "geometry": {"type": "Point", "coordinates": [10.8390035, 59.8946123]}, "properties": {"id": 312996844, "feat_type": "way", "quality_categories": "crossings_lacking_kerbs, missing_tags, older_than_five_years", "issue_ids": "[32, 5, 1]", "osm_url": "https://www.openstreetmap.org/way/312996844", "josm_url": "http://127.0.0.1:8111/load_object?new_layer=false&objects=w312996844", "id_url": "https://www.openstreetmap.org/edit?editor=id&way=312996844#map=20/59.8946123/10.8390035"}}, {"type": "Feature", "geometry": {"type": "Point", "coordinates": [10.8423183, 59.8934926]}, "properties": {"id": 313133647, "feat_type": "way", "quality_categories": "crossings_lacking_kerbs, replaceable_values", "issue_ids": "[3, 1]", "osm_url": "https://www.openstreetmap.org/way/313133647", "josm_url": "http://127.0.0.1:8111/load_object?new_layer=false&objects=w313133647", "id_url": "https://www.openstreetmap.org/edit?editor=id&way=313133647#map=20/59.8934926/10.8423183"}}, {"type": "Feature", "geometry": {"type": "Point", "coordinates": [10.8418933, 59.8959746]}, "properties": {"id": 313133649, "feat_type": "way", "quality_categories": "crossings_lacking_kerbs, older_than_five_years", "issue_ids": "[33, 1]", "osm_url": "https://www.openstreetmap.org/way/313133649", "josm_url": "http://127.0.0.1:8111/load_object?new_layer=false&objects=w313133649", "id_url": "https://www.openstreetmap.org/edit?editor=id&way=313133649#map=20/59.8959746/10.8418933"}}, {"type": "Feature", "geometry": {"type": "Point", "coordinates": [10.8425951, 59.8943391]}, "properties": {"id": 313133656, "feat_type": "way", "quality_categories": "crossings_lacking_kerbs, older_than_five_years", "issue_ids": "[34, 1]", "osm_url": "https://www.openstreetmap.org/way/313133656", "josm_url": "http://127.0.0.1:8111/load_object?new_layer=false&objects=w313133656", "id_url": "https://www.openstreetmap.org/edit?editor=id&way=313133656#map=20/59.8943391/10.8425951"}}, {"type": "Feature", "geometry": {"type": "Point", "coordinates": [10.8239783, 59.8816808]}, "properties": {"id": 313307865, "feat_type": "way", "quality_categories": "crossings_lacking_kerbs, missing_tags", "issue_ids": "[5, 1]", "osm_url": "https://www.openstreetmap.org/way/313307865", "josm_url": "http://127.0.0.1:8111/load_object?new_layer=false&objects=w313307865", "id_url": "https://www.openstreetmap.org/edit?editor=id&way=313307865#map=20/59.8816808/10.8239783"}}, {"type": "Feature", "geometry": {"type": "Point", "coordinates": [10.8155478, 59.8860475]}, "properties": {"id": 313307877, "feat_type": "way", "quality_categories": "crossings_lacking_kerbs, missing_tags", "issue_ids": "[5, 1]", "osm_url": "https://www.openstreetmap.org/way/313307877", "josm_url": "http://127.0.0.1:8111/load_object?new_layer=false&objects=w313307877", "id_url": "https://www.openstreetmap.org/edit?editor=id&way=313307877#map=20/59.8860475/10.8155478"}}, {"type": "Feature", "geometry": {"type": "Point", "coordinates": [10.8375913, 59.900311]}, "properties": {"id": 313453879, "feat_type": "way", "quality_categories": "crossings_lacking_kerbs, missing_tags, older_than_five_years", "issue_ids": "[35, 5, 1]", "osm_url": "https://www.openstreetmap.org/way/313453879", "josm_url": "http://127.0.0.1:8111/load_object?new_layer=false&objects=w313453879", "id_url": "https://www.openstreetmap.org/edit?editor=id&way=313453879#map=20/59.900311/10.8375913"}}, {"type": "Feature", "geometry": {"type": "Point", "coordinates": [10.8332807, 59.8999689]}, "properties": {"id": 313453882, "feat_type": "way", "quality_categories": "crossings_lacking_kerbs, missing_tags, older_than_five_years", "issue_ids": "[35, 5, 1]", "osm_url": "https://www.openstreetmap.org/way/313453882", "josm_url": "http://127.0.0.1:8111/load_object?new_layer=false&objects=w313453882", "id_url": "https://www.openstreetmap.org/edit?editor=id&way=313453882#map=20/59.8999689/10.8332807"}}, {"type": "Feature", "geometry": {"type": "Point", "coordinates": [10.8352143, 59.8894459]}, "properties": {"id": 313458174, "feat_type": "way", "quality_categories": "crossings_lacking_kerbs, replaceable_values", "issue_ids": "[2, 1]", "osm_url": "https://www.openstreetmap.org/way/313458174", "josm_url": "http://127.0.0.1:8111/load_object?new_layer=false&objects=w313458174", "id_url": "https://www.openstreetmap.org/edit?editor=id&way=313458174#map=20/59.8894459/10.8352143"}}, {"type": "Feature", "geometry": {"type": "Point", "coordinates": [10.8438532, 59.883616]}, "properties": {"id": 313726937, "feat_type": "way", "quality_categories": "crossings_lacking_kerbs, missing_tags", "issue_ids": "[5, 1]", "osm_url": "https://www.openstreetmap.org/way/313726937", "josm_url": "http://127.0.0.1:8111/load_object?new_layer=false&objects=w313726937", "id_url": "https://www.openstreetmap.org/edit?editor=id&way=313726937#map=20/59.883616/10.8438532"}}, {"type": "Feature", "geometry": {"type": "Point", "coordinates": [10.8491763, 59.8792165]}, "properties": {"id": 313726949, "feat_type": "way", "quality_categories": "crossings_lacking_kerbs, missing_tags, older_than_five_years", "issue_ids": "[36, 5, 1]", "osm_url": "https://www.openstreetmap.org/way/313726949", "josm_url": "http://127.0.0.1:8111/load_object?new_layer=false&objects=w313726949", "id_url": "https://www.openstreetmap.org/edit?editor=id&way=313726949#map=20/59.8792165/10.8491763"}}, {"type": "Feature", "geometry": {"type": "Point", "coordinates": [10.843469, 59.883495]}, "properties": {"id": 313726952, "feat_type": "way", "quality_categories": "crossings_lacking_kerbs, missing_tags", "issue_ids": "[5, 1]", "osm_url": "https://www.openstreetmap.org/way/313726952", "josm_url": "http://127.0.0.1:8111/load_object?new_layer=false&objects=w313726952", "id_url": "https://www.openstreetmap.org/edit?editor=id&way=313726952#map=20/59.883495/10.843469"}}, {"type": "Feature", "geometry": {"type": "Point", "coordinates": [10.8517068, 59.878809]}, "properties": {"id": 313726953, "feat_type": "way", "quality_categories": "crossings_lacking_kerbs, missing_tags, older_than_five_years", "issue_ids": "[36, 5, 1]", "osm_url": "https://www.openstreetmap.org/way/313726953", "josm_url": "http://127.0.0.1:8111/load_object?new_layer=false&objects=w313726953", "id_url": "https://www.openstreetmap.org/edit?editor=id&way=313726953#map=20/59.878809/10.8517068"}}, {"type": "Feature", "geometry": {"type": "Point", "coordinates": [10.8526405, 59.8793879]}, "properties": {"id": 313726956, "feat_type": "way", "quality_categories": "crossings_lacking_kerbs, missing_tags, older_than_five_years", "issue_ids": "[36, 5, 1]", "osm_url": "https://www.openstreetmap.org/way/313726956", "josm_url": "http://127.0.0.1:8111/load_object?new_layer=false&objects=w313726956", "id_url": "https://www.openstreetmap.org/edit?editor=id&way=313726956#map=20/59.8793879/10.8526405"}}, {"type": "Feature", "geometry": {"type": "Point", "coordinates": [10.8519802, 59.8787133]}, "properties": {"id": 313726958, "feat_type": "way", "quality_categories": "crossings_lacking_kerbs, missing_tags, older_than_five_years", "issue_ids": "[36, 5, 1]", "osm_url": "https://www.openstreetmap.org/way/313726958", "josm_url": "http://127.0.0.1:8111/load_object?new_layer=false&objects=w313726958", "id_url": "https://www.openstreetmap.org/edit?editor=id&way=313726958#map=20/59.8787133/10.8519802"}}, {"type": "Feature", "geometry": {"type": "Point", "coordinates": [10.8497147, 59.90016]}, "properties": {"id": 313735111, "feat_type": "way", "quality_categories": "crossings_lacking_kerbs, missing_tags, older_than_five_years", "issue_ids": "[37, 5, 1]", "osm_url": "https://www.openstreetmap.org/way/313735111", "josm_url": "http://127.0.0.1:8111/load_object?new_layer=false&objects=w313735111", "id_url": "https://www.openstreetmap.org/edit?editor=id&way=313735111#map=20/59.90016/10.8497147"}}, {"type": "Feature", "geometry": {"type": "Point", "coordinates": [10.7780184, 59.9299727]}, "properties": {"id": 315066379, "feat_type": "way", "quality_categories": "crossings_lacking_kerbs, older_than_five_years", "issue_ids": "[38, 1]", "osm_url": "https://www.openstreetmap.org/way/315066379", "josm_url": "http://127.0.0.1:8111/load_object?new_layer=false&objects=w315066379", "id_url": "https://www.openstreetmap.org/edit?editor=id&way=315066379#map=20/59.9299727/10.7780184"}}, {"type": "Feature", "geometry": {"type": "Point", "coordinates": [10.7779228, 59.929891]}, "properties": {"id": 315066380, "feat_type": "way", "quality_categories": "crossings_lacking_kerbs, older_than_five_years", "issue_ids": "[14, 1]", "osm_url": "https://www.openstreetmap.org/way/315066380", "josm_url": "http://127.0.0.1:8111/load_object?new_layer=false&objects=w315066380", "id_url": "https://www.openstreetmap.org/edit?editor=id&way=315066380#map=20/59.929891/10.7779228"}}, {"type": "Feature", "geometry": {"type": "Point", "coordinates": [10.7781401, 59.9299733]}, "properties": {"id": 315066390, "feat_type": "way", "quality_categories": "crossings_lacking_kerbs, older_than_five_years", "issue_ids": "[14, 1]", "osm_url": "https://www.openstreetmap.org/way/315066390", "josm_url": "http://127.0.0.1:8111/load_object?new_layer=false&objects=w315066390", "id_url": "https://www.openstreetmap.org/edit?editor=id&way=315066390#map=20/59.9299733/10.7781401"}}, {"type": "Feature", "geometry": {"type": "Point", "coordinates": [10.7149981, 59.9285204]}, "properties": {"id": 318995453, "feat_type": "way", "quality_categories": "crossings_lacking_kerbs, older_than_five_years, replaceable_values", "issue_ids": "[2, 39, 1]", "osm_url": "https://www.openstreetmap.org/way/318995453", "josm_url": "http://127.0.0.1:8111/load_object?new_layer=false&objects=w318995453", "id_url": "https://www.openstreetmap.org/edit?editor=id&way=318995453#map=20/59.9285204/10.7149981"}}, {"type": "Feature", "geometry": {"type": "Point", "coordinates": [10.7957025, 59.9183924]}, "properties": {"id": 319038291, "feat_type": "way", "quality_categories": "crossings_lacking_kerbs, older_than_five_years", "issue_ids": "[40, 1]", "osm_url": "https://www.openstreetmap.org/way/319038291", "josm_url": "http://127.0.0.1:8111/load_object?new_layer=false&objects=w319038291", "id_url": "https://www.openstreetmap.org/edit?editor=id&way=319038291#map=20/59.9183924/10.7957025"}}, {"type": "Feature", "geometry": {"type": "Point", "coordinates": [10.6446579, 59.9504161]}, "properties": {"id": 320091850, "feat_type": "way", "quality_categories": "crossings_lacking_kerbs, missing_tags", "issue_ids": "[5, 1]", "osm_url": "https://www.openstreetmap.org/way/320091850", "josm_url": "http://127.0.0.1:8111/load_object?new_layer=false&objects=w320091850", "id_url": "https://www.openstreetmap.org/edit?editor=id&way=320091850#map=20/59.9504161/10.6446579"}}, {"type": "Feature", "geometry": {"type": "Point", "coordinates": [10.8384992, 59.8809912]}, "properties": {"id": 335805350, "feat_type": "way", "quality_categories": "crossings_lacking_kerbs, missing_tags", "issue_ids": "[5, 1]", "osm_url": "https://www.openstreetmap.org/way/335805350", "josm_url": "http://127.0.0.1:8111/load_object?new_layer=false&objects=w335805350", "id_url": "https://www.openstreetmap.org/edit?editor=id&way=335805350#map=20/59.8809912/10.8384992"}}, {"type": "Feature", "geometry": {"type": "Point", "coordinates": [10.8386345, 59.8809838]}, "properties": {"id": 335805352, "feat_type": "way", "quality_categories": "crossings_lacking_kerbs, missing_tags", "issue_ids": "[5, 1]", "osm_url": "https://www.openstreetmap.org/way/335805352", "josm_url": "http://127.0.0.1:8111/load_object?new_layer=false&objects=w335805352", "id_url": "https://www.openstreetmap.org/edit?editor=id&way=335805352#map=20/59.8809838/10.8386345"}}, {"type": "Feature", "geometry": {"type": "Point", "coordinates": [10.7188767, 59.9119429]}, "properties": {"id": 337470975, "feat_type": "way", "quality_categories": "crossings_lacking_kerbs, replaceable_values", "issue_ids": "[3, 1]", "osm_url": "https://www.openstreetmap.org/way/337470975", "josm_url": "http://127.0.0.1:8111/load_object?new_layer=false&objects=w337470975", "id_url": "https://www.openstreetmap.org/edit?editor=id&way=337470975#map=20/59.9119429/10.7188767"}}, {"type": "Feature", "geometry": {"type": "Point", "coordinates": [10.7037419, 59.9197077]}, "properties": {"id": 337816209, "feat_type": "way", "quality_categories": "crossings_lacking_kerbs, replaceable_values", "issue_ids": "[3, 1]", "osm_url": "https://www.openstreetmap.org/way/337816209", "josm_url": "http://127.0.0.1:8111/load_object?new_layer=false&objects=w337816209", "id_url": "https://www.openstreetmap.org/edit?editor=id&way=337816209#map=20/59.9197077/10.7037419"}}, {"type": "Feature", "geometry": {"type": "Point", "coordinates": [10.7734957, 59.9209185]}, "properties": {"id": 338350805, "feat_type": "way", "quality_categories": "crossings_lacking_kerbs, older_than_five_years", "issue_ids": "[13, 1]", "osm_url": "https://www.openstreetmap.org/way/338350805", "josm_url": "http://127.0.0.1:8111/load_object?new_layer=false&objects=w338350805", "id_url": "https://www.openstreetmap.org/edit?editor=id&way=338350805#map=20/59.9209185/10.7734957"}}, {"type": "Feature", "geometry": {"type": "Point", "coordinates": [10.6829812, 59.9087162]}, "properties": {"id": 340695330, "feat_type": "way", "quality_categories": "crossings_lacking_kerbs, missing_tags", "issue_ids": "[5, 1]", "osm_url": "https://www.openstreetmap.org/way/340695330", "josm_url": "http://127.0.0.1:8111/load_object?new_layer=false&objects=w340695330", "id_url": "https://www.openstreetmap.org/edit?editor=id&way=340695330#map=20/59.9087162/10.6829812"}}, {"type": "Feature", "geometry": {"type": "Point", "coordinates": [10.6870325, 59.9015694]}, "properties": {"id": 340948144, "feat_type": "way", "quality_categories": "crossings_lacking_kerbs, replaceable_values", "issue_ids": "[2, 1]", "osm_url": "https://www.openstreetmap.org/way/340948144", "josm_url": "http://127.0.0.1:8111/load_object?new_layer=false&objects=w340948144", "id_url": "https://www.openstreetmap.org/edit?editor=id&way=340948144#map=20/59.9015694/10.6870325"}}, {"type": "Feature", "geometry": {"type": "Point", "coordinates": [10.801923, 59.9077053]}, "properties": {"id": 343722840, "feat_type": "way", "quality_categories": "crossings_lacking_kerbs, older_than_five_years", "issue_ids": "[41, 1]", "osm_url": "https://www.openstreetmap.org/way/343722840", "josm_url": "http://127.0.0.1:8111/load_object?new_layer=false&objects=w343722840", "id_url": "https://www.openstreetmap.org/edit?editor=id&way=343722840#map=20/59.9077053/10.801923"}}, {"type": "Feature", "geometry": {"type": "Point", "coordinates": [10.8011038, 59.9074758]}, "properties": {"id": 343722849, "feat_type": "way", "quality_categories": "crossings_lacking_kerbs, older_than_five_years", "issue_ids": "[41, 1]", "osm_url": "https://www.openstreetmap.org/way/343722849", "josm_url": "http://127.0.0.1:8111/load_object?new_layer=false&objects=w343722849", "id_url": "https://www.openstreetmap.org/edit?editor=id&way=343722849#map=20/59.9074758/10.8011038"}}, {"type": "Feature", "geometry": {"type": "Point", "coordinates": [10.8036773, 59.9089672]}, "properties": {"id": 343722854, "feat_type": "way", "quality_categories": "crossings_lacking_kerbs, older_than_five_years", "issue_ids": "[41, 1]", "osm_url": "https://www.openstreetmap.org/way/343722854", "josm_url": "http://127.0.0.1:8111/load_object?new_layer=false&objects=w343722854", "id_url": "https://www.openstreetmap.org/edit?editor=id&way=343722854#map=20/59.9089672/10.8036773"}}, {"type": "Feature", "geometry": {"type": "Point", "coordinates": [10.8027247, 59.9080056]}, "properties": {"id": 343722855, "feat_type": "way", "quality_categories": "crossings_lacking_kerbs, older_than_five_years", "issue_ids": "[42, 1]", "osm_url": "https://www.openstreetmap.org/way/343722855", "josm_url": "http://127.0.0.1:8111/load_object?new_layer=false&objects=w343722855", "id_url": "https://www.openstreetmap.org/edit?editor=id&way=343722855#map=20/59.9080056/10.8027247"}}, {"type": "Feature", "geometry": {"type": "Point", "coordinates": [10.8604024, 59.9166719]}, "properties": {"id": 344282874, "feat_type": "way", "quality_categories": "crossings_lacking_kerbs, missing_tags, older_than_five_years", "issue_ids": "[43, 5, 1]", "osm_url": "https://www.openstreetmap.org/way/344282874", "josm_url": "http://127.0.0.1:8111/load_object?new_layer=false&objects=w344282874", "id_url": "https://www.openstreetmap.org/edit?editor=id&way=344282874#map=20/59.9166719/10.8604024"}}, {"type": "Feature", "geometry": {"type": "Point", "coordinates": [10.8582543, 59.9136825]}, "properties": {"id": 344325572, "feat_type": "way", "quality_categories": "crossings_lacking_kerbs, older_than_five_years", "issue_ids": "[44, 1]", "osm_url": "https://www.openstreetmap.org/way/344325572", "josm_url": "http://127.0.0.1:8111/load_object?new_layer=false&objects=w344325572", "id_url": "https://www.openstreetmap.org/edit?editor=id&way=344325572#map=20/59.9136825/10.8582543"}}, {"type": "Feature", "geometry": {"type": "Point", "coordinates": [10.8724674, 59.9248653]}, "properties": {"id": 344344136, "feat_type": "way", "quality_categories": "crossings_lacking_kerbs, older_than_five_years", "issue_ids": "[45, 1]", "osm_url": "https://www.openstreetmap.org/way/344344136", "josm_url": "http://127.0.0.1:8111/load_object?new_layer=false&objects=w344344136", "id_url": "https://www.openstreetmap.org/edit?editor=id&way=344344136#map=20/59.9248653/10.8724674"}}, {"type": "Feature", "geometry": {"type": "Point", "coordinates": [10.8525132, 59.9340962]}, "properties": {"id": 344590977, "feat_type": "way", "quality_categories": "crossings_lacking_kerbs, missing_tags", "issue_ids": "[5, 1]", "osm_url": "https://www.openstreetmap.org/way/344590977", "josm_url": "http://127.0.0.1:8111/load_object?new_layer=false&objects=w344590977", "id_url": "https://www.openstreetmap.org/edit?editor=id&way=344590977#map=20/59.9340962/10.8525132"}}, {"type": "Feature", "geometry": {"type": "Point", "coordinates": [10.844349, 59.9318028]}, "properties": {"id": 344590987, "feat_type": "way", "quality_categories": "crossings_lacking_kerbs, missing_tags, older_than_five_years", "issue_ids": "[46, 5, 1]", "osm_url": "https://www.openstreetmap.org/way/344590987", "josm_url": "http://127.0.0.1:8111/load_object?new_layer=false&objects=w344590987", "id_url": "https://www.openstreetmap.org/edit?editor=id&way=344590987#map=20/59.9318028/10.844349"}}, {"type": "Feature", "geometry": {"type": "Point", "coordinates": [10.8554012, 59.9307128]}, "properties": {"id": 344889203, "feat_type": "way", "quality_categories": "crossings_lacking_kerbs, older_than_five_years", "issue_ids": "[47, 1]", "osm_url": "https://www.openstreetmap.org/way/344889203", "josm_url": "http://127.0.0.1:8111/load_object?new_layer=false&objects=w344889203", "id_url": "https://www.openstreetmap.org/edit?editor=id&way=344889203#map=20/59.9307128/10.8554012"}}, {"type": "Feature", "geometry": {"type": "Point", "coordinates": [10.8300602, 59.9203668]}, "properties": {"id": 345559227, "feat_type": "way", "quality_categories": "crossings_lacking_kerbs, older_than_five_years", "issue_ids": "[48, 1]", "osm_url": "https://www.openstreetmap.org/way/345559227", "josm_url": "http://127.0.0.1:8111/load_object?new_layer=false&objects=w345559227", "id_url": "https://www.openstreetmap.org/edit?editor=id&way=345559227#map=20/59.9203668/10.8300602"}}, {"type": "Feature", "geometry": {"type": "Point", "coordinates": [10.8259101, 59.9158132]}, "properties": {"id": 345559232, "feat_type": "way", "quality_categories": "crossings_lacking_kerbs, older_than_five_years", "issue_ids": "[48, 1]", "osm_url": "https://www.openstreetmap.org/way/345559232", "josm_url": "http://127.0.0.1:8111/load_object?new_layer=false&objects=w345559232", "id_url": "https://www.openstreetmap.org/edit?editor=id&way=345559232#map=20/59.9158132/10.8259101"}}, {"type": "Feature", "geometry": {"type": "Point", "coordinates": [10.8827818, 59.9416936]}, "properties": {"id": 345617037, "feat_type": "way", "quality_categories": "crossings_lacking_kerbs, missing_tags", "issue_ids": "[5, 1]", "osm_url": "https://www.openstreetmap.org/way/345617037", "josm_url": "http://127.0.0.1:8111/load_object?new_layer=false&objects=w345617037", "id_url": "https://www.openstreetmap.org/edit?editor=id&way=345617037#map=20/59.9416936/10.8827818"}}, {"type": "Feature", "geometry": {"type": "Point", "coordinates": [10.8798154, 59.955857]}, "properties": {"id": 345711473, "feat_type": "way", "quality_categories": "crossings_lacking_kerbs, missing_tags", "issue_ids": "[5, 1]", "osm_url": "https://www.openstreetmap.org/way/345711473", "josm_url": "http://127.0.0.1:8111/load_object?new_layer=false&objects=w345711473", "id_url": "https://www.openstreetmap.org/edit?editor=id&way=345711473#map=20/59.955857/10.8798154"}}, {"type": "Feature", "geometry": {"type": "Point", "coordinates": [10.7315799, 59.9555387]}, "properties": {"id": 347272019, "feat_type": "way", "quality_categories": "crossings_lacking_kerbs, older_than_five_years", "issue_ids": "[17, 1]", "osm_url": "https://www.openstreetmap.org/way/347272019", "josm_url": "http://127.0.0.1:8111/load_object?new_layer=false&objects=w347272019", "id_url": "https://www.openstreetmap.org/edit?editor=id&way=347272019#map=20/59.9555387/10.7315799"}}, {"type": "Feature", "geometry": {"type": "Point", "coordinates": [10.8976253, 59.9404398]}, "properties": {"id": 347971488, "feat_type": "way", "quality_categories": "crossings_lacking_kerbs, missing_tags", "issue_ids": "[5, 1]", "osm_url": "https://www.openstreetmap.org/way/347971488", "josm_url": "http://127.0.0.1:8111/load_object?new_layer=false&objects=w347971488", "id_url": "https://www.openstreetmap.org/edit?editor=id&way=347971488#map=20/59.9404398/10.8976253"}}, {"type": "Feature", "geometry": {"type": "Point", "coordinates": [10.8975083, 59.941212]}, "properties": {"id": 347971492, "feat_type": "way", "quality_categories": "crossings_lacking_kerbs, missing_tags", "issue_ids": "[5, 1]", "osm_url": "https://www.openstreetmap.org/way/347971492", "josm_url": "http://127.0.0.1:8111/load_object?new_layer=false&objects=w347971492", "id_url": "https://www.openstreetmap.org/edit?editor=id&way=347971492#map=20/59.941212/10.8975083"}}, {"type": "Feature", "geometry": {"type": "Point", "coordinates": [10.8407651, 59.8214806]}, "properties": {"id": 354118863, "feat_type": "way", "quality_categories": "crossings_lacking_kerbs, missing_tags", "issue_ids": "[5, 1]", "osm_url": "https://www.openstreetmap.org/way/354118863", "josm_url": "http://127.0.0.1:8111/load_object?new_layer=false&objects=w354118863", "id_url": "https://www.openstreetmap.org/edit?editor=id&way=354118863#map=20/59.8214806/10.8407651"}}, {"type": "Feature", "geometry": {"type": "Point", "coordinates": [10.7620625, 59.9117101]}, "properties": {"id": 354907939, "feat_type": "way", "quality_categories": "crossings_lacking_kerbs, older_than_five_years", "issue_ids": "[49, 1]", "osm_url": "https://www.openstreetmap.org/way/354907939", "josm_url": "http://127.0.0.1:8111/load_object?new_layer=false&objects=w354907939", "id_url": "https://www.openstreetmap.org/edit?editor=id&way=354907939#map=20/59.9117101/10.7620625"}}, {"type": "Feature", "geometry": {"type": "Point", "coordinates": [10.7622115, 59.9117455]}, "properties": {"id": 354907945, "feat_type": "way", "quality_categories": "crossings_lacking_kerbs, older_than_five_years", "issue_ids": "[50, 1]", "osm_url": "https://www.openstreetmap.org/way/354907945", "josm_url": "http://127.0.0.1:8111/load_object?new_layer=false&objects=w354907945", "id_url": "https://www.openstreetmap.org/edit?editor=id&way=354907945#map=20/59.9117455/10.7622115"}}, {"type": "Feature", "geometry": {"type": "Point", "coordinates": [10.8235649, 59.9380151]}, "properties": {"id": 355295072, "feat_type": "way", "quality_categories": "crossings_lacking_kerbs, missing_tags", "issue_ids": "[5, 1]", "osm_url": "https://www.openstreetmap.org/way/355295072", "josm_url": "http://127.0.0.1:8111/load_object?new_layer=false&objects=w355295072", "id_url": "https://www.openstreetmap.org/edit?editor=id&way=355295072#map=20/59.9380151/10.8235649"}}, {"type": "Feature", "geometry": {"type": "Point", "coordinates": [10.7955698, 59.8797213]}, "properties": {"id": 355525312, "feat_type": "way", "quality_categories": "crossings_lacking_kerbs, missing_tags", "issue_ids": "[5, 1]", "osm_url": "https://www.openstreetmap.org/way/355525312", "josm_url": "http://127.0.0.1:8111/load_object?new_layer=false&objects=w355525312", "id_url": "https://www.openstreetmap.org/edit?editor=id&way=355525312#map=20/59.8797213/10.7955698"}}, {"type": "Feature", "geometry": {"type": "Point", "coordinates": [10.7931291, 59.8795534]}, "properties": {"id": 355525318, "feat_type": "way", "quality_categories": "crossings_lacking_kerbs, missing_tags", "issue_ids": "[5, 1]", "osm_url": "https://www.openstreetmap.org/way/355525318", "josm_url": "http://127.0.0.1:8111/load_object?new_layer=false&objects=w355525318", "id_url": "https://www.openstreetmap.org/edit?editor=id&way=355525318#map=20/59.8795534/10.7931291"}}, {"type": "Feature", "geometry": {"type": "Point", "coordinates": [10.790923, 59.8796193]}, "properties": {"id": 355525320, "feat_type": "way", "quality_categories": "crossings_lacking_kerbs, missing_tags", "issue_ids": "[5, 1]", "osm_url": "https://www.openstreetmap.org/way/355525320", "josm_url": "http://127.0.0.1:8111/load_object?new_layer=false&objects=w355525320", "id_url": "https://www.openstreetmap.org/edit?editor=id&way=355525320#map=20/59.8796193/10.790923"}}, {"type": "Feature", "geometry": {"type": "Point", "coordinates": [10.8273546, 59.9327112]}, "properties": {"id": 356070381, "feat_type": "way", "quality_categories": "crossings_lacking_kerbs, missing_tags", "issue_ids": "[5, 1]", "osm_url": "https://www.openstreetmap.org/way/356070381", "josm_url": "http://127.0.0.1:8111/load_object?new_layer=false&objects=w356070381", "id_url": "https://www.openstreetmap.org/edit?editor=id&way=356070381#map=20/59.9327112/10.8273546"}}, {"type": "Feature", "geometry": {"type": "Point", "coordinates": [10.8326181, 59.9359386]}, "properties": {"id": 356070382, "feat_type": "way", "quality_categories": "crossings_lacking_kerbs, missing_tags", "issue_ids": "[5, 1]", "osm_url": "https://www.openstreetmap.org/way/356070382", "josm_url": "http://127.0.0.1:8111/load_object?new_layer=false&objects=w356070382", "id_url": "https://www.openstreetmap.org/edit?editor=id&way=356070382#map=20/59.9359386/10.8326181"}}, {"type": "Feature", "geometry": {"type": "Point", "coordinates": [10.8271351, 59.9322185]}, "properties": {"id": 356070383, "feat_type": "way", "quality_categories": "crossings_lacking_kerbs, missing_tags", "issue_ids": "[5, 1]", "osm_url": "https://www.openstreetmap.org/way/356070383", "josm_url": "http://127.0.0.1:8111/load_object?new_layer=false&objects=w356070383", "id_url": "https://www.openstreetmap.org/edit?editor=id&way=356070383#map=20/59.9322185/10.8271351"}}, {"type": "Feature", "geometry": {"type": "Point", "coordinates": [10.8324277, 59.9358388]}, "properties": {"id": 356070384, "feat_type": "way", "quality_categories": "crossings_lacking_kerbs, missing_tags", "issue_ids": "[5, 1]", "osm_url": "https://www.openstreetmap.org/way/356070384", "josm_url": "http://127.0.0.1:8111/load_object?new_layer=false&objects=w356070384", "id_url": "https://www.openstreetmap.org/edit?editor=id&way=356070384#map=20/59.9358388/10.8324277"}}, {"type": "Feature", "geometry": {"type": "Point", "coordinates": [10.8270278, 59.9325873]}, "properties": {"id": 356070385, "feat_type": "way", "quality_categories": "crossings_lacking_kerbs, missing_tags", "issue_ids": "[5, 1]", "osm_url": "https://www.openstreetmap.org/way/356070385", "josm_url": "http://127.0.0.1:8111/load_object?new_layer=false&objects=w356070385", "id_url": "https://www.openstreetmap.org/edit?editor=id&way=356070385#map=20/59.9325873/10.8270278"}}, {"type": "Feature", "geometry": {"type": "Point", "coordinates": [10.8276202, 59.9324097]}, "properties": {"id": 356070386, "feat_type": "way", "quality_categories": "crossings_lacking_kerbs, missing_tags", "issue_ids": "[5, 1]", "osm_url": "https://www.openstreetmap.org/way/356070386", "josm_url": "http://127.0.0.1:8111/load_object?new_layer=false&objects=w356070386", "id_url": "https://www.openstreetmap.org/edit?editor=id&way=356070386#map=20/59.9324097/10.8276202"}}, {"type": "Feature", "geometry": {"type": "Point", "coordinates": [10.855066, 59.9402688]}, "properties": {"id": 357001982, "feat_type": "way", "quality_categories": "crossings_lacking_kerbs, missing_tags", "issue_ids": "[5, 1]", "osm_url": "https://www.openstreetmap.org/way/357001982", "josm_url": "http://127.0.0.1:8111/load_object?new_layer=false&objects=w357001982", "id_url": "https://www.openstreetmap.org/edit?editor=id&way=357001982#map=20/59.9402688/10.855066"}}, {"type": "Feature", "geometry": {"type": "Point", "coordinates": [10.8602175, 59.9410721]}, "properties": {"id": 357001985, "feat_type": "way", "quality_categories": "crossings_lacking_kerbs, missing_tags, older_than_five_years", "issue_ids": "[27, 5, 1]", "osm_url": "https://www.openstreetmap.org/way/357001985", "josm_url": "http://127.0.0.1:8111/load_object?new_layer=false&objects=w357001985", "id_url": "https://www.openstreetmap.org/edit?editor=id&way=357001985#map=20/59.9410721/10.8602175"}}, {"type": "Feature", "geometry": {"type": "Point", "coordinates": [10.8547583, 59.9402354]}, "properties": {"id": 357001990, "feat_type": "way", "quality_categories": "crossings_lacking_kerbs, missing_tags", "issue_ids": "[5, 1]", "osm_url": "https://www.openstreetmap.org/way/357001990", "josm_url": "http://127.0.0.1:8111/load_object?new_layer=false&objects=w357001990", "id_url": "https://www.openstreetmap.org/edit?editor=id&way=357001990#map=20/59.9402354/10.8547583"}}, {"type": "Feature", "geometry": {"type": "Point", "coordinates": [10.9295119, 59.9535735]}, "properties": {"id": 357494838, "feat_type": "way", "quality_categories": "crossings_lacking_kerbs, missing_tags", "issue_ids": "[5, 1]", "osm_url": "https://www.openstreetmap.org/way/357494838", "josm_url": "http://127.0.0.1:8111/load_object?new_layer=false&objects=w357494838", "id_url": "https://www.openstreetmap.org/edit?editor=id&way=357494838#map=20/59.9535735/10.9295119"}}, {"type": "Feature", "geometry": {"type": "Point", "coordinates": [10.9371316, 59.9550208]}, "properties": {"id": 357501472, "feat_type": "way", "quality_categories": "crossings_lacking_kerbs, older_than_five_years", "issue_ids": "[20, 1]", "osm_url": "https://www.openstreetmap.org/way/357501472", "josm_url": "http://127.0.0.1:8111/load_object?new_layer=false&objects=w357501472", "id_url": "https://www.openstreetmap.org/edit?editor=id&way=357501472#map=20/59.9550208/10.9371316"}}, {"type": "Feature", "geometry": {"type": "Point", "coordinates": [10.9070163, 59.9446607]}, "properties": {"id": 357805474, "feat_type": "way", "quality_categories": "crossings_lacking_kerbs, missing_tags, older_than_five_years", "issue_ids": "[51, 5, 1]", "osm_url": "https://www.openstreetmap.org/way/357805474", "josm_url": "http://127.0.0.1:8111/load_object?new_layer=false&objects=w357805474", "id_url": "https://www.openstreetmap.org/edit?editor=id&way=357805474#map=20/59.9446607/10.9070163"}}, {"type": "Feature", "geometry": {"type": "Point", "coordinates": [10.9302112, 59.9449342]}, "properties": {"id": 358399688, "feat_type": "way", "quality_categories": "crossings_lacking_kerbs, missing_tags", "issue_ids": "[5, 1]", "osm_url": "https://www.openstreetmap.org/way/358399688", "josm_url": "http://127.0.0.1:8111/load_object?new_layer=false&objects=w358399688", "id_url": "https://www.openstreetmap.org/edit?editor=id&way=358399688#map=20/59.9449342/10.9302112"}}, {"type": "Feature", "geometry": {"type": "Point", "coordinates": [10.9209278, 59.9445822]}, "properties": {"id": 358399689, "feat_type": "way", "quality_categories": "crossings_lacking_kerbs, missing_tags", "issue_ids": "[5, 1]", "osm_url": "https://www.openstreetmap.org/way/358399689", "josm_url": "http://127.0.0.1:8111/load_object?new_layer=false&objects=w358399689", "id_url": "https://www.openstreetmap.org/edit?editor=id&way=358399689#map=20/59.9445822/10.9209278"}}, {"type": "Feature", "geometry": {"type": "Point", "coordinates": [10.932543, 59.9452367]}, "properties": {"id": 358399690, "feat_type": "way", "quality_categories": "crossings_lacking_kerbs, missing_tags", "issue_ids": "[5, 1]", "osm_url": "https://www.openstreetmap.org/way/358399690", "josm_url": "http://127.0.0.1:8111/load_object?new_layer=false&objects=w358399690", "id_url": "https://www.openstreetmap.org/edit?editor=id&way=358399690#map=20/59.9452367/10.932543"}}, {"type": "Feature", "geometry": {"type": "Point", "coordinates": [10.932678, 59.9452475]}, "properties": {"id": 358399698, "feat_type": "way", "quality_categories": "crossings_lacking_kerbs, missing_tags, older_than_five_years", "issue_ids": "[52, 5, 1]", "osm_url": "https://www.openstreetmap.org/way/358399698", "josm_url": "http://127.0.0.1:8111/load_object?new_layer=false&objects=w358399698", "id_url": "https://www.openstreetmap.org/edit?editor=id&way=358399698#map=20/59.9452475/10.932678"}}, {"type": "Feature", "geometry": {"type": "Point", "coordinates": [10.7435912, 59.9048965]}, "properties": {"id": 366545660, "feat_type": "way", "quality_categories": "crossings_lacking_kerbs, older_than_five_years", "issue_ids": "[29, 1]", "osm_url": "https://www.openstreetmap.org/way/366545660", "josm_url": "http://127.0.0.1:8111/load_object?new_layer=false&objects=w366545660", "id_url": "https://www.openstreetmap.org/edit?editor=id&way=366545660#map=20/59.9048965/10.7435912"}}, {"type": "Feature", "geometry": {"type": "Point", "coordinates": [10.6620712, 59.9521721]}, "properties": {"id": 372966245, "feat_type": "way", "quality_categories": "crossings_lacking_kerbs, missing_tags, older_than_five_years", "issue_ids": "[53, 5, 1]", "osm_url": "https://www.openstreetmap.org/way/372966245", "josm_url": "http://127.0.0.1:8111/load_object?new_layer=false&objects=w372966245", "id_url": "https://www.openstreetmap.org/edit?editor=id&way=372966245#map=20/59.9521721/10.6620712"}}, {"type": "Feature", "geometry": {"type": "Point", "coordinates": [10.6627379, 59.9563335]}, "properties": {"id": 374352112, "feat_type": "way", "quality_categories": "crossings_lacking_kerbs, missing_tags", "issue_ids": "[5, 1]", "osm_url": "https://www.openstreetmap.org/way/374352112", "josm_url": "http://127.0.0.1:8111/load_object?new_layer=false&objects=w374352112", "id_url": "https://www.openstreetmap.org/edit?editor=id&way=374352112#map=20/59.9563335/10.6627379"}}, {"type": "Feature", "geometry": {"type": "Point", "coordinates": [10.6551072, 59.9430879]}, "properties": {"id": 374980729, "feat_type": "way", "quality_categories": "crossings_lacking_kerbs, missing_tags, older_than_five_years", "issue_ids": "[54, 5, 1]", "osm_url": "https://www.openstreetmap.org/way/374980729", "josm_url": "http://127.0.0.1:8111/load_object?new_layer=false&objects=w374980729", "id_url": "https://www.openstreetmap.org/edit?editor=id&way=374980729#map=20/59.9430879/10.6551072"}}, {"type": "Feature", "geometry": {"type": "Point", "coordinates": [10.6550463, 59.9423411]}, "properties": {"id": 374980731, "feat_type": "way", "quality_categories": "crossings_lacking_kerbs, missing_tags, older_than_five_years", "issue_ids": "[54, 5, 1]", "osm_url": "https://www.openstreetmap.org/way/374980731", "josm_url": "http://127.0.0.1:8111/load_object?new_layer=false&objects=w374980731", "id_url": "https://www.openstreetmap.org/edit?editor=id&way=374980731#map=20/59.9423411/10.6550463"}}, {"type": "Feature", "geometry": {"type": "Point", "coordinates": [10.6561577, 59.9438074]}, "properties": {"id": 374980732, "feat_type": "way", "quality_categories": "crossings_lacking_kerbs, missing_tags, older_than_five_years", "issue_ids": "[54, 5, 1]", "osm_url": "https://www.openstreetmap.org/way/374980732", "josm_url": "http://127.0.0.1:8111/load_object?new_layer=false&objects=w374980732", "id_url": "https://www.openstreetmap.org/edit?editor=id&way=374980732#map=20/59.9438074/10.6561577"}}, {"type": "Feature", "geometry": {"type": "Point", "coordinates": [10.6551207, 59.9420891]}, "properties": {"id": 374980733, "feat_type": "way", "quality_categories": "crossings_lacking_kerbs, missing_tags, older_than_five_years", "issue_ids": "[54, 5, 1]", "osm_url": "https://www.openstreetmap.org/way/374980733", "josm_url": "http://127.0.0.1:8111/load_object?new_layer=false&objects=w374980733", "id_url": "https://www.openstreetmap.org/edit?editor=id&way=374980733#map=20/59.9420891/10.6551207"}}, {"type": "Feature", "geometry": {"type": "Point", "coordinates": [10.6563135, 59.9439172]}, "properties": {"id": 374980734, "feat_type": "way", "quality_categories": "crossings_lacking_kerbs, missing_tags, older_than_five_years", "issue_ids": "[54, 5, 1]", "osm_url": "https://www.openstreetmap.org/way/374980734", "josm_url": "http://127.0.0.1:8111/load_object?new_layer=false&objects=w374980734", "id_url": "https://www.openstreetmap.org/edit?editor=id&way=374980734#map=20/59.9439172/10.6563135"}}, {"type": "Feature", "geometry": {"type": "Point", "coordinates": [10.8522187, 59.8982767]}, "properties": {"id": 375122258, "feat_type": "way", "quality_categories": "crossings_lacking_kerbs, older_than_five_years", "issue_ids": "[55, 1]", "osm_url": "https://www.openstreetmap.org/way/375122258", "josm_url": "http://127.0.0.1:8111/load_object?new_layer=false&objects=w375122258", "id_url": "https://www.openstreetmap.org/edit?editor=id&way=375122258#map=20/59.8982767/10.8522187"}}, {"type": "Feature", "geometry": {"type": "Point", "coordinates": [10.6365338, 59.9191816]}, "properties": {"id": 377877480, "feat_type": "way", "quality_categories": "crossings_lacking_kerbs, missing_tags", "issue_ids": "[5, 1]", "osm_url": "https://www.openstreetmap.org/way/377877480", "josm_url": "http://127.0.0.1:8111/load_object?new_layer=false&objects=w377877480", "id_url": "https://www.openstreetmap.org/edit?editor=id&way=377877480#map=20/59.9191816/10.6365338"}}, {"type": "Feature", "geometry": {"type": "Point", "coordinates": [10.7413275, 59.9224334]}, "properties": {"id": 377895178, "feat_type": "way", "quality_categories": "crossings_lacking_kerbs, replaceable_values", "issue_ids": "[2, 1]", "osm_url": "https://www.openstreetmap.org/way/377895178", "josm_url": "http://127.0.0.1:8111/load_object?new_layer=false&objects=w377895178", "id_url": "https://www.openstreetmap.org/edit?editor=id&way=377895178#map=20/59.9224334/10.7413275"}}, {"type": "Feature", "geometry": {"type": "Point", "coordinates": [10.7354331, 59.9231276]}, "properties": {"id": 377895179, "feat_type": "way", "quality_categories": "crossings_lacking_kerbs, replaceable_values", "issue_ids": "[2, 1]", "osm_url": "https://www.openstreetmap.org/way/377895179", "josm_url": "http://127.0.0.1:8111/load_object?new_layer=false&objects=w377895179", "id_url": "https://www.openstreetmap.org/edit?editor=id&way=377895179#map=20/59.9231276/10.7354331"}}, {"type": "Feature", "geometry": {"type": "Point", "coordinates": [10.7785187, 59.9082883]}, "properties": {"id": 377899756, "feat_type": "way", "quality_categories": "crossings_lacking_kerbs, replaceable_values", "issue_ids": "[3, 1]", "osm_url": "https://www.openstreetmap.org/way/377899756", "josm_url": "http://127.0.0.1:8111/load_object?new_layer=false&objects=w377899756", "id_url": "https://www.openstreetmap.org/edit?editor=id&way=377899756#map=20/59.9082883/10.7785187"}}, {"type": "Feature", "geometry": {"type": "Point", "coordinates": [10.7675666, 59.9056587]}, "properties": {"id": 377899763, "feat_type": "way", "quality_categories": "crossings_lacking_kerbs, older_than_five_years", "issue_ids": "[56, 1]", "osm_url": "https://www.openstreetmap.org/way/377899763", "josm_url": "http://127.0.0.1:8111/load_object?new_layer=false&objects=w377899763", "id_url": "https://www.openstreetmap.org/edit?editor=id&way=377899763#map=20/59.9056587/10.7675666"}}, {"type": "Feature", "geometry": {"type": "Point", "coordinates": [10.8238995, 59.8619941]}, "properties": {"id": 413346711, "feat_type": "way", "quality_categories": "crossings_lacking_kerbs, older_than_five_years", "issue_ids": "[57, 1]", "osm_url": "https://www.openstreetmap.org/way/413346711", "josm_url": "http://127.0.0.1:8111/load_object?new_layer=false&objects=w413346711", "id_url": "https://www.openstreetmap.org/edit?editor=id&way=413346711#map=20/59.8619941/10.8238995"}}, {"type": "Feature", "geometry": {"type": "Point", "coordinates": [10.853253, 59.8884945]}, "properties": {"id": 435946061, "feat_type": "way", "quality_categories": "crossings_lacking_kerbs, replaceable_values", "issue_ids": "[3, 1]", "osm_url": "https://www.openstreetmap.org/way/435946061", "josm_url": "http://127.0.0.1:8111/load_object?new_layer=false&objects=w435946061", "id_url": "https://www.openstreetmap.org/edit?editor=id&way=435946061#map=20/59.8884945/10.853253"}}, {"type": "Feature", "geometry": {"type": "Point", "coordinates": [10.7420137, 59.9180917]}, "properties": {"id": 440149394, "feat_type": "way", "quality_categories": "crossings_lacking_kerbs, older_than_five_years, replaceable_values", "issue_ids": "[3, 21, 1]", "osm_url": "https://www.openstreetmap.org/way/440149394", "josm_url": "http://127.0.0.1:8111/load_object?new_layer=false&objects=w440149394", "id_url": "https://www.openstreetmap.org/edit?editor=id&way=440149394#map=20/59.9180917/10.7420137"}}, {"type": "Feature", "geometry": {"type": "Point", "coordinates": [10.7420963, 59.9176731]}, "properties": {"id": 440149395, "feat_type": "way", "quality_categories": "crossings_lacking_kerbs, older_than_five_years, replaceable_values", "issue_ids": "[3, 21, 1]", "osm_url": "https://www.openstreetmap.org/way/440149395", "josm_url": "http://127.0.0.1:8111/load_object?new_layer=false&objects=w440149395", "id_url": "https://www.openstreetmap.org/edit?editor=id&way=440149395#map=20/59.9176731/10.7420963"}}, {"type": "Feature", "geometry": {"type": "Point", "coordinates": [10.7411984, 59.9173964]}, "properties": {"id": 440149402, "feat_type": "way", "quality_categories": "crossings_lacking_kerbs, replaceable_values", "issue_ids": "[3, 1]", "osm_url": "https://www.openstreetmap.org/way/440149402", "josm_url": "http://127.0.0.1:8111/load_object?new_layer=false&objects=w440149402", "id_url": "https://www.openstreetmap.org/edit?editor=id&way=440149402#map=20/59.9173964/10.7411984"}}, {"type": "Feature", "geometry": {"type": "Point", "coordinates": [10.7411641, 59.917308]}, "properties": {"id": 440149403, "feat_type": "way", "quality_categories": "crossings_lacking_kerbs, replaceable_values", "issue_ids": "[3, 1]", "osm_url": "https://www.openstreetmap.org/way/440149403", "josm_url": "http://127.0.0.1:8111/load_object?new_layer=false&objects=w440149403", "id_url": "https://www.openstreetmap.org/edit?editor=id&way=440149403#map=20/59.917308/10.7411641"}}, {"type": "Feature", "geometry": {"type": "Point", "coordinates": [10.7420201, 59.9176044]}, "properties": {"id": 440149404, "feat_type": "way", "quality_categories": "crossings_lacking_kerbs, older_than_five_years, replaceable_values", "issue_ids": "[3, 21, 1]", "osm_url": "https://www.openstreetmap.org/way/440149404", "josm_url": "http://127.0.0.1:8111/load_object?new_layer=false&objects=w440149404", "id_url": "https://www.openstreetmap.org/edit?editor=id&way=440149404#map=20/59.9176044/10.7420201"}}, {"type": "Feature", "geometry": {"type": "Point", "coordinates": [10.8464217, 59.9201524]}, "properties": {"id": 445175523, "feat_type": "way", "quality_categories": "crossings_lacking_kerbs, older_than_five_years", "issue_ids": "[58, 1]", "osm_url": "https://www.openstreetmap.org/way/445175523", "josm_url": "http://127.0.0.1:8111/load_object?new_layer=false&objects=w445175523", "id_url": "https://www.openstreetmap.org/edit?editor=id&way=445175523#map=20/59.9201524/10.8464217"}}, {"type": "Feature", "geometry": {"type": "Point", "coordinates": [10.7235576, 59.913175]}, "properties": {"id": 478730047, "feat_type": "way", "quality_categories": "crossings_lacking_kerbs, replaceable_values", "issue_ids": "[3, 1]", "osm_url": "https://www.openstreetmap.org/way/478730047", "josm_url": "http://127.0.0.1:8111/load_object?new_layer=false&objects=w478730047", "id_url": "https://www.openstreetmap.org/edit?editor=id&way=478730047#map=20/59.913175/10.7235576"}}, {"type": "Feature", "geometry": {"type": "Point", "coordinates": [10.7234417, 59.913171]}, "properties": {"id": 478730050, "feat_type": "way", "quality_categories": "crossings_lacking_kerbs, replaceable_values", "issue_ids": "[3, 1]", "osm_url": "https://www.openstreetmap.org/way/478730050", "josm_url": "http://127.0.0.1:8111/load_object?new_layer=false&objects=w478730050", "id_url": "https://www.openstreetmap.org/edit?editor=id&way=478730050#map=20/59.913171/10.7234417"}}, {"type": "Feature", "geometry": {"type": "Point", "coordinates": [10.7224528, 59.9135535]}, "properties": {"id": 478730055, "feat_type": "way", "quality_categories": "crossings_lacking_kerbs, older_than_five_years", "issue_ids": "[16, 1]", "osm_url": "https://www.openstreetmap.org/way/478730055", "josm_url": "http://127.0.0.1:8111/load_object?new_layer=false&objects=w478730055", "id_url": "https://www.openstreetmap.org/edit?editor=id&way=478730055#map=20/59.9135535/10.7224528"}}, {"type": "Feature", "geometry": {"type": "Point", "coordinates": [10.7225336, 59.9135151]}, "properties": {"id": 478730056, "feat_type": "way", "quality_categories": "crossings_lacking_kerbs, older_than_five_years", "issue_ids": "[16, 1]", "osm_url": "https://www.openstreetmap.org/way/478730056", "josm_url": "http://127.0.0.1:8111/load_object?new_layer=false&objects=w478730056", "id_url": "https://www.openstreetmap.org/edit?editor=id&way=478730056#map=20/59.9135151/10.7225336"}}, {"type": "Feature", "geometry": {"type": "Point", "coordinates": [10.853359, 59.9403689]}, "properties": {"id": 493633298, "feat_type": "way", "quality_categories": "crossings_lacking_kerbs, missing_tags, older_than_five_years, replaceable_values", "issue_ids": "[3, 59, 5, 1]", "osm_url": "https://www.openstreetmap.org/way/493633298", "josm_url": "http://127.0.0.1:8111/load_object?new_layer=false&objects=w493633298", "id_url": "https://www.openstreetmap.org/edit?editor=id&way=493633298#map=20/59.9403689/10.853359"}}, {"type": "Feature", "geometry": {"type": "Point", "coordinates": [10.8385273, 59.8767969]}, "properties": {"id": 495826128, "feat_type": "way", "quality_categories": "crossings_lacking_kerbs, missing_tags", "issue_ids": "[5, 1]", "osm_url": "https://www.openstreetmap.org/way/495826128", "josm_url": "http://127.0.0.1:8111/load_object?new_layer=false&objects=w495826128", "id_url": "https://www.openstreetmap.org/edit?editor=id&way=495826128#map=20/59.8767969/10.8385273"}}, {"type": "Feature", "geometry": {"type": "Point", "coordinates": [10.755931, 59.909295]}, "properties": {"id": 497778659, "feat_type": "way", "quality_categories": "crossings_lacking_kerbs, older_than_five_years, replaceable_values", "issue_ids": "[3, 60, 1]", "osm_url": "https://www.openstreetmap.org/way/497778659", "josm_url": "http://127.0.0.1:8111/load_object?new_layer=false&objects=w497778659", "id_url": "https://www.openstreetmap.org/edit?editor=id&way=497778659#map=20/59.909295/10.755931"}}, {"type": "Feature", "geometry": {"type": "Point", "coordinates": [10.7855018, 59.853477]}, "properties": {"id": 502428900, "feat_type": "way", "quality_categories": "crossings_lacking_kerbs, missing_tags", "issue_ids": "[5, 1]", "osm_url": "https://www.openstreetmap.org/way/502428900", "josm_url": "http://127.0.0.1:8111/load_object?new_layer=false&objects=w502428900", "id_url": "https://www.openstreetmap.org/edit?editor=id&way=502428900#map=20/59.853477/10.7855018"}}, {"type": "Feature", "geometry": {"type": "Point", "coordinates": [10.7892173, 59.8491132]}, "properties": {"id": 502428912, "feat_type": "way", "quality_categories": "crossings_lacking_kerbs, older_than_five_years", "issue_ids": "[61, 1]", "osm_url": "https://www.openstreetmap.org/way/502428912", "josm_url": "http://127.0.0.1:8111/load_object?new_layer=false&objects=w502428912", "id_url": "https://www.openstreetmap.org/edit?editor=id&way=502428912#map=20/59.8491132/10.7892173"}}, {"type": "Feature", "geometry": {"type": "Point", "coordinates": [10.8490294, 59.8774239]}, "properties": {"id": 503156659, "feat_type": "way", "quality_categories": "crossings_lacking_kerbs, missing_tags", "issue_ids": "[5, 1]", "osm_url": "https://www.openstreetmap.org/way/503156659", "josm_url": "http://127.0.0.1:8111/load_object?new_layer=false&objects=w503156659", "id_url": "https://www.openstreetmap.org/edit?editor=id&way=503156659#map=20/59.8774239/10.8490294"}}, {"type": "Feature", "geometry": {"type": "Point", "coordinates": [10.7951944, 59.8666453]}, "properties": {"id": 514516163, "feat_type": "way", "quality_categories": "crossings_lacking_kerbs, older_than_five_years", "issue_ids": "[62, 1]", "osm_url": "https://www.openstreetmap.org/way/514516163", "josm_url": "http://127.0.0.1:8111/load_object?new_layer=false&objects=w514516163", "id_url": "https://www.openstreetmap.org/edit?editor=id&way=514516163#map=20/59.8666453/10.7951944"}}, {"type": "Feature", "geometry": {"type": "Point", "coordinates": [10.860241, 59.9326742]}, "properties": {"id": 532711336, "feat_type": "way", "quality_categories": "crossings_lacking_kerbs, missing_tags", "issue_ids": "[5, 1]", "osm_url": "https://www.openstreetmap.org/way/532711336", "josm_url": "http://127.0.0.1:8111/load_object?new_layer=false&objects=w532711336", "id_url": "https://www.openstreetmap.org/edit?editor=id&way=532711336#map=20/59.9326742/10.860241"}}, {"type": "Feature", "geometry": {"type": "Point", "coordinates": [10.8282412, 59.8468706]}, "properties": {"id": 552913084, "feat_type": "way", "quality_categories": "crossings_lacking_kerbs, missing_tags", "issue_ids": "[5, 1]", "osm_url": "https://www.openstreetmap.org/way/552913084", "josm_url": "http://127.0.0.1:8111/load_object?new_layer=false&objects=w552913084", "id_url": "https://www.openstreetmap.org/edit?editor=id&way=552913084#map=20/59.8468706/10.8282412"}}, {"type": "Feature", "geometry": {"type": "Point", "coordinates": [10.8283471, 59.8468892]}, "properties": {"id": 552914962, "feat_type": "way", "quality_categories": "crossings_lacking_kerbs, missing_tags", "issue_ids": "[5, 1]", "osm_url": "https://www.openstreetmap.org/way/552914962", "josm_url": "http://127.0.0.1:8111/load_object?new_layer=false&objects=w552914962", "id_url": "https://www.openstreetmap.org/edit?editor=id&way=552914962#map=20/59.8468892/10.8283471"}}, {"type": "Feature", "geometry": {"type": "Point", "coordinates": [10.8130882, 59.9265159]}, "properties": {"id": 554206323, "feat_type": "way", "quality_categories": "crossings_lacking_kerbs, replaceable_values", "issue_ids": "[3, 1]", "osm_url": "https://www.openstreetmap.org/way/554206323", "josm_url": "http://127.0.0.1:8111/load_object?new_layer=false&objects=w554206323", "id_url": "https://www.openstreetmap.org/edit?editor=id&way=554206323#map=20/59.9265159/10.8130882"}}, {"type": "Feature", "geometry": {"type": "Point", "coordinates": [10.8124906, 59.9265917]}, "properties": {"id": 554206324, "feat_type": "way", "quality_categories": "crossings_lacking_kerbs, missing_tags, replaceable_values", "issue_ids": "[3, 5, 1]", "osm_url": "https://www.openstreetmap.org/way/554206324", "josm_url": "http://127.0.0.1:8111/load_object?new_layer=false&objects=w554206324", "id_url": "https://www.openstreetmap.org/edit?editor=id&way=554206324#map=20/59.9265917/10.8124906"}}, {"type": "Feature", "geometry": {"type": "Point", "coordinates": [10.6720026, 59.9576169]}, "properties": {"id": 554961738, "feat_type": "way", "quality_categories": "crossings_lacking_kerbs, missing_tags, older_than_five_years", "issue_ids": "[63, 5, 1]", "osm_url": "https://www.openstreetmap.org/way/554961738", "josm_url": "http://127.0.0.1:8111/load_object?new_layer=false&objects=w554961738", "id_url": "https://www.openstreetmap.org/edit?editor=id&way=554961738#map=20/59.9576169/10.6720026"}}, {"type": "Feature", "geometry": {"type": "Point", "coordinates": [10.8372562, 59.8511594]}, "properties": {"id": 573219688, "feat_type": "way", "quality_categories": "crossings_lacking_kerbs, replaceable_values", "issue_ids": "[3, 1]", "osm_url": "https://www.openstreetmap.org/way/573219688", "josm_url": "http://127.0.0.1:8111/load_object?new_layer=false&objects=w573219688", "id_url": "https://www.openstreetmap.org/edit?editor=id&way=573219688#map=20/59.8511594/10.8372562"}}, {"type": "Feature", "geometry": {"type": "Point", "coordinates": [10.8543818, 59.8837035]}, "properties": {"id": 586010831, "feat_type": "way", "quality_categories": "crossings_lacking_kerbs, missing_tags, older_than_five_years", "issue_ids": "[64, 5, 1]", "osm_url": "https://www.openstreetmap.org/way/586010831", "josm_url": "http://127.0.0.1:8111/load_object?new_layer=false&objects=w586010831", "id_url": "https://www.openstreetmap.org/edit?editor=id&way=586010831#map=20/59.8837035/10.8543818"}}, {"type": "Feature", "geometry": {"type": "Point", "coordinates": [10.8559039, 59.8889154]}, "properties": {"id": 587513827, "feat_type": "way", "quality_categories": "crossings_lacking_kerbs, missing_tags", "issue_ids": "[5, 1]", "osm_url": "https://www.openstreetmap.org/way/587513827", "josm_url": "http://127.0.0.1:8111/load_object?new_layer=false&objects=w587513827", "id_url": "https://www.openstreetmap.org/edit?editor=id&way=587513827#map=20/59.8889154/10.8559039"}}, {"type": "Feature", "geometry": {"type": "Point", "coordinates": [10.8810907, 59.9329574]}, "properties": {"id": 596478379, "feat_type": "way", "quality_categories": "crossings_lacking_kerbs, missing_tags, older_than_five_years", "issue_ids": "[65, 5, 1]", "osm_url": "https://www.openstreetmap.org/way/596478379", "josm_url": "http://127.0.0.1:8111/load_object?new_layer=false&objects=w596478379", "id_url": "https://www.openstreetmap.org/edit?editor=id&way=596478379#map=20/59.9329574/10.8810907"}}, {"type": "Feature", "geometry": {"type": "Point", "coordinates": [10.8489337, 59.9159513]}, "properties": {"id": 642870996, "feat_type": "way", "quality_categories": "crossings_lacking_kerbs, older_than_five_years", "issue_ids": "[44, 1]", "osm_url": "https://www.openstreetmap.org/way/642870996", "josm_url": "http://127.0.0.1:8111/load_object?new_layer=false&objects=w642870996", "id_url": "https://www.openstreetmap.org/edit?editor=id&way=642870996#map=20/59.9159513/10.8489337"}}, {"type": "Feature", "geometry": {"type": "Point", "coordinates": [10.9235805, 59.9366084]}, "properties": {"id": 651480973, "feat_type": "way", "quality_categories": "crossings_lacking_kerbs, missing_tags, older_than_five_years", "issue_ids": "[66, 5, 1]", "osm_url": "https://www.openstreetmap.org/way/651480973", "josm_url": "http://127.0.0.1:8111/load_object?new_layer=false&objects=w651480973", "id_url": "https://www.openstreetmap.org/edit?editor=id&way=651480973#map=20/59.9366084/10.9235805"}}, {"type": "Feature", "geometry": {"type": "Point", "coordinates": [10.9258567, 59.9351765]}, "properties": {"id": 651494755, "feat_type": "way", "quality_categories": "crossings_lacking_kerbs, missing_tags", "issue_ids": "[5, 1]", "osm_url": "https://www.openstreetmap.org/way/651494755", "josm_url": "http://127.0.0.1:8111/load_object?new_layer=false&objects=w651494755", "id_url": "https://www.openstreetmap.org/edit?editor=id&way=651494755#map=20/59.9351765/10.9258567"}}, {"type": "Feature", "geometry": {"type": "Point", "coordinates": [10.924574, 59.9377618]}, "properties": {"id": 651494758, "feat_type": "way", "quality_categories": "crossings_lacking_kerbs, older_than_five_years", "issue_ids": "[66, 1]", "osm_url": "https://www.openstreetmap.org/way/651494758", "josm_url": "http://127.0.0.1:8111/load_object?new_layer=false&objects=w651494758", "id_url": "https://www.openstreetmap.org/edit?editor=id&way=651494758#map=20/59.9377618/10.924574"}}, {"type": "Feature", "geometry": {"type": "Point", "coordinates": [10.9236903, 59.9365994]}, "properties": {"id": 651560800, "feat_type": "way", "quality_categories": "crossings_lacking_kerbs, missing_tags", "issue_ids": "[5, 1]", "osm_url": "https://www.openstreetmap.org/way/651560800", "josm_url": "http://127.0.0.1:8111/load_object?new_layer=false&objects=w651560800", "id_url": "https://www.openstreetmap.org/edit?editor=id&way=651560800#map=20/59.9365994/10.9236903"}}, {"type": "Feature", "geometry": {"type": "Point", "coordinates": [10.9244629, 59.9377554]}, "properties": {"id": 651560805, "feat_type": "way", "quality_categories": "crossings_lacking_kerbs, missing_tags", "issue_ids": "[5, 1]", "osm_url": "https://www.openstreetmap.org/way/651560805", "josm_url": "http://127.0.0.1:8111/load_object?new_layer=false&objects=w651560805", "id_url": "https://www.openstreetmap.org/edit?editor=id&way=651560805#map=20/59.9377554/10.9244629"}}, {"type": "Feature", "geometry": {"type": "Point", "coordinates": [10.8457485, 59.9236502]}, "properties": {"id": 655732068, "feat_type": "way", "quality_categories": "crossings_lacking_kerbs, missing_tags", "issue_ids": "[5, 1]", "osm_url": "https://www.openstreetmap.org/way/655732068", "josm_url": "http://127.0.0.1:8111/load_object?new_layer=false&objects=w655732068", "id_url": "https://www.openstreetmap.org/edit?editor=id&way=655732068#map=20/59.9236502/10.8457485"}}, {"type": "Feature", "geometry": {"type": "Point", "coordinates": [10.7219064, 59.956052]}, "properties": {"id": 674076689, "feat_type": "way", "quality_categories": "crossings_lacking_kerbs, older_than_five_years", "issue_ids": "[67, 1]", "osm_url": "https://www.openstreetmap.org/way/674076689", "josm_url": "http://127.0.0.1:8111/load_object?new_layer=false&objects=w674076689", "id_url": "https://www.openstreetmap.org/edit?editor=id&way=674076689#map=20/59.956052/10.7219064"}}, {"type": "Feature", "geometry": {"type": "Point", "coordinates": [10.7166119, 59.9526198]}, "properties": {"id": 674076691, "feat_type": "way", "quality_categories": "crossings_lacking_kerbs, older_than_five_years", "issue_ids": "[67, 1]", "osm_url": "https://www.openstreetmap.org/way/674076691", "josm_url": "http://127.0.0.1:8111/load_object?new_layer=false&objects=w674076691", "id_url": "https://www.openstreetmap.org/edit?editor=id&way=674076691#map=20/59.9526198/10.7166119"}}, {"type": "Feature", "geometry": {"type": "Point", "coordinates": [10.7227501, 59.9463918]}, "properties": {"id": 674076719, "feat_type": "way", "quality_categories": "crossings_lacking_kerbs, replaceable_values", "issue_ids": "[2, 1]", "osm_url": "https://www.openstreetmap.org/way/674076719", "josm_url": "http://127.0.0.1:8111/load_object?new_layer=false&objects=w674076719", "id_url": "https://www.openstreetmap.org/edit?editor=id&way=674076719#map=20/59.9463918/10.7227501"}}, {"type": "Feature", "geometry": {"type": "Point", "coordinates": [10.8377203, 59.8988205]}, "properties": {"id": 674912717, "feat_type": "way", "quality_categories": "crossings_lacking_kerbs, missing_tags", "issue_ids": "[5, 1]", "osm_url": "https://www.openstreetmap.org/way/674912717", "josm_url": "http://127.0.0.1:8111/load_object?new_layer=false&objects=w674912717", "id_url": "https://www.openstreetmap.org/edit?editor=id&way=674912717#map=20/59.8988205/10.8377203"}}, {"type": "Feature", "geometry": {"type": "Point", "coordinates": [10.8375828, 59.8988213]}, "properties": {"id": 674912718, "feat_type": "way", "quality_categories": "crossings_lacking_kerbs, missing_tags", "issue_ids": "[5, 1]", "osm_url": "https://www.openstreetmap.org/way/674912718", "josm_url": "http://127.0.0.1:8111/load_object?new_layer=false&objects=w674912718", "id_url": "https://www.openstreetmap.org/edit?editor=id&way=674912718#map=20/59.8988213/10.8375828"}}, {"type": "Feature", "geometry": {"type": "Point", "coordinates": [10.8312669, 59.8287035]}, "properties": {"id": 676370521, "feat_type": "way", "quality_categories": "crossings_lacking_kerbs, missing_tags, older_than_five_years", "issue_ids": "[68, 5, 1]", "osm_url": "https://www.openstreetmap.org/way/676370521", "josm_url": "http://127.0.0.1:8111/load_object?new_layer=false&objects=w676370521", "id_url": "https://www.openstreetmap.org/edit?editor=id&way=676370521#map=20/59.8287035/10.8312669"}}, {"type": "Feature", "geometry": {"type": "Point", "coordinates": [10.8031094, 59.8313832]}, "properties": {"id": 682048212, "feat_type": "way", "quality_categories": "crossings_lacking_kerbs, older_than_five_years", "issue_ids": "[69, 1]", "osm_url": "https://www.openstreetmap.org/way/682048212", "josm_url": "http://127.0.0.1:8111/load_object?new_layer=false&objects=w682048212", "id_url": "https://www.openstreetmap.org/edit?editor=id&way=682048212#map=20/59.8313832/10.8031094"}}, {"type": "Feature", "geometry": {"type": "Point", "coordinates": [10.8436204, 59.9016013]}, "properties": {"id": 682251249, "feat_type": "way", "quality_categories": "crossings_lacking_kerbs, older_than_five_years", "issue_ids": "[70, 1]", "osm_url": "https://www.openstreetmap.org/way/682251249", "josm_url": "http://127.0.0.1:8111/load_object?new_layer=false&objects=w682251249", "id_url": "https://www.openstreetmap.org/edit?editor=id&way=682251249#map=20/59.9016013/10.8436204"}}, {"type": "Feature", "geometry": {"type": "Point", "coordinates": [10.8975104, 59.941258]}, "properties": {"id": 683421226, "feat_type": "way", "quality_categories": "crossings_lacking_kerbs, missing_tags", "issue_ids": "[5, 1]", "osm_url": "https://www.openstreetmap.org/way/683421226", "josm_url": "http://127.0.0.1:8111/load_object?new_layer=false&objects=w683421226", "id_url": "https://www.openstreetmap.org/edit?editor=id&way=683421226#map=20/59.941258/10.8975104"}}, {"type": "Feature", "geometry": {"type": "Point", "coordinates": [10.831959, 59.9443816]}, "properties": {"id": 691674982, "feat_type": "way", "quality_categories": "crossings_lacking_kerbs, older_than_five_years", "issue_ids": "[71, 1]", "osm_url": "https://www.openstreetmap.org/way/691674982", "josm_url": "http://127.0.0.1:8111/load_object?new_layer=false&objects=w691674982", "id_url": "https://www.openstreetmap.org/edit?editor=id&way=691674982#map=20/59.9443816/10.831959"}}, {"type": "Feature", "geometry": {"type": "Point", "coordinates": [10.7959606, 59.9624549]}, "properties": {"id": 693681359, "feat_type": "way", "quality_categories": "crossings_lacking_kerbs, older_than_five_years", "issue_ids": "[72, 1]", "osm_url": "https://www.openstreetmap.org/way/693681359", "josm_url": "http://127.0.0.1:8111/load_object?new_layer=false&objects=w693681359", "id_url": "https://www.openstreetmap.org/edit?editor=id&way=693681359#map=20/59.9624549/10.7959606"}}, {"type": "Feature", "geometry": {"type": "Point", "coordinates": [10.8368644, 59.8401772]}, "properties": {"id": 697517181, "feat_type": "way", "quality_categories": "crossings_lacking_kerbs, older_than_five_years", "issue_ids": "[73, 1]", "osm_url": "https://www.openstreetmap.org/way/697517181", "josm_url": "http://127.0.0.1:8111/load_object?new_layer=false&objects=w697517181", "id_url": "https://www.openstreetmap.org/edit?editor=id&way=697517181#map=20/59.8401772/10.8368644"}}, {"type": "Feature", "geometry": {"type": "Point", "coordinates": [10.7622396, 59.9097956]}, "properties": {"id": 698326781, "feat_type": "way", "quality_categories": "crossings_lacking_kerbs, older_than_five_years", "issue_ids": "[74, 1]", "osm_url": "https://www.openstreetmap.org/way/698326781", "josm_url": "http://127.0.0.1:8111/load_object?new_layer=false&objects=w698326781", "id_url": "https://www.openstreetmap.org/edit?editor=id&way=698326781#map=20/59.9097956/10.7622396"}}, {"type": "Feature", "geometry": {"type": "Point", "coordinates": [10.7806964, 59.8859123]}, "properties": {"id": 709924037, "feat_type": "way", "quality_categories": "crossings_lacking_kerbs, older_than_five_years", "issue_ids": "[75, 1]", "osm_url": "https://www.openstreetmap.org/way/709924037", "josm_url": "http://127.0.0.1:8111/load_object?new_layer=false&objects=w709924037", "id_url": "https://www.openstreetmap.org/edit?editor=id&way=709924037#map=20/59.8859123/10.7806964"}}, {"type": "Feature", "geometry": {"type": "Point", "coordinates": [10.9311128, 59.976488]}, "properties": {"id": 710669831, "feat_type": "way", "quality_categories": "crossings_lacking_kerbs, older_than_five_years", "issue_ids": "[76, 1]", "osm_url": "https://www.openstreetmap.org/way/710669831", "josm_url": "http://127.0.0.1:8111/load_object?new_layer=false&objects=w710669831", "id_url": "https://www.openstreetmap.org/edit?editor=id&way=710669831#map=20/59.976488/10.9311128"}}, {"type": "Feature", "geometry": {"type": "Point", "coordinates": [10.8695397, 59.9568025]}, "properties": {"id": 714496143, "feat_type": "way", "quality_categories": "crossings_lacking_kerbs, older_than_five_years, replaceable_values", "issue_ids": "[2, 77, 1]", "osm_url": "https://www.openstreetmap.org/way/714496143", "josm_url": "http://127.0.0.1:8111/load_object?new_layer=false&objects=w714496143", "id_url": "https://www.openstreetmap.org/edit?editor=id&way=714496143#map=20/59.9568025/10.8695397"}}, {"type": "Feature", "geometry": {"type": "Point", "coordinates": [10.7524851, 59.9156026]}, "properties": {"id": 721762813, "feat_type": "way", "quality_categories": "crossings_lacking_kerbs, older_than_five_years", "issue_ids": "[78, 1]", "osm_url": "https://www.openstreetmap.org/way/721762813", "josm_url": "http://127.0.0.1:8111/load_object?new_layer=false&objects=w721762813", "id_url": "https://www.openstreetmap.org/edit?editor=id&way=721762813#map=20/59.9156026/10.7524851"}}, {"type": "Feature", "geometry": {"type": "Point", "coordinates": [10.7526123, 59.9155002]}, "properties": {"id": 721762815, "feat_type": "way", "quality_categories": "crossings_lacking_kerbs, older_than_five_years", "issue_ids": "[78, 1]", "osm_url": "https://www.openstreetmap.org/way/721762815", "josm_url": "http://127.0.0.1:8111/load_object?new_layer=false&objects=w721762815", "id_url": "https://www.openstreetmap.org/edit?editor=id&way=721762815#map=20/59.9155002/10.7526123"}}, {"type": "Feature", "geometry": {"type": "Point", "coordinates": [10.7600516, 59.8746181]}, "properties": {"id": 722428548, "feat_type": "way", "quality_categories": "crossings_lacking_kerbs, missing_tags, older_than_five_years", "issue_ids": "[79, 5, 1]", "osm_url": "https://www.openstreetmap.org/way/722428548", "josm_url": "http://127.0.0.1:8111/load_object?new_layer=false&objects=w722428548", "id_url": "https://www.openstreetmap.org/edit?editor=id&way=722428548#map=20/59.8746181/10.7600516"}}, {"type": "Feature", "geometry": {"type": "Point", "coordinates": [10.7088167, 59.9102216]}, "properties": {"id": 728404315, "feat_type": "way", "quality_categories": "crossings_lacking_kerbs, older_than_five_years", "issue_ids": "[41, 1]", "osm_url": "https://www.openstreetmap.org/way/728404315", "josm_url": "http://127.0.0.1:8111/load_object?new_layer=false&objects=w728404315", "id_url": "https://www.openstreetmap.org/edit?editor=id&way=728404315#map=20/59.9102216/10.7088167"}}, {"type": "Feature", "geometry": {"type": "Point", "coordinates": [10.7627693, 59.9077371]}, "properties": {"id": 729267313, "feat_type": "way", "quality_categories": "crossings_lacking_kerbs, older_than_five_years", "issue_ids": "[80, 1]", "osm_url": "https://www.openstreetmap.org/way/729267313", "josm_url": "http://127.0.0.1:8111/load_object?new_layer=false&objects=w729267313", "id_url": "https://www.openstreetmap.org/edit?editor=id&way=729267313#map=20/59.9077371/10.7627693"}}, {"type": "Feature", "geometry": {"type": "Point", "coordinates": [10.7889325, 59.8484886]}, "properties": {"id": 738573141, "feat_type": "way", "quality_categories": "crossings_lacking_kerbs, replaceable_values", "issue_ids": "[3, 1]", "osm_url": "https://www.openstreetmap.org/way/738573141", "josm_url": "http://127.0.0.1:8111/load_object?new_layer=false&objects=w738573141", "id_url": "https://www.openstreetmap.org/edit?editor=id&way=738573141#map=20/59.8484886/10.7889325"}}, {"type": "Feature", "geometry": {"type": "Point", "coordinates": [10.8024267, 59.8720291]}, "properties": {"id": 741590627, "feat_type": "way", "quality_categories": "crossings_lacking_kerbs, older_than_five_years", "issue_ids": "[81, 1]", "osm_url": "https://www.openstreetmap.org/way/741590627", "josm_url": "http://127.0.0.1:8111/load_object?new_layer=false&objects=w741590627", "id_url": "https://www.openstreetmap.org/edit?editor=id&way=741590627#map=20/59.8720291/10.8024267"}}, {"type": "Feature", "geometry": {"type": "Point", "coordinates": [10.790926, 59.870657]}, "properties": {"id": 741631757, "feat_type": "way", "quality_categories": "crossings_lacking_kerbs, older_than_five_years", "issue_ids": "[81, 1]", "osm_url": "https://www.openstreetmap.org/way/741631757", "josm_url": "http://127.0.0.1:8111/load_object?new_layer=false&objects=w741631757", "id_url": "https://www.openstreetmap.org/edit?editor=id&way=741631757#map=20/59.870657/10.790926"}}, {"type": "Feature", "geometry": {"type": "Point", "coordinates": [10.792095, 59.8685003]}, "properties": {"id": 741714704, "feat_type": "way", "quality_categories": "crossings_lacking_kerbs, older_than_five_years", "issue_ids": "[81, 1]", "osm_url": "https://www.openstreetmap.org/way/741714704", "josm_url": "http://127.0.0.1:8111/load_object?new_layer=false&objects=w741714704", "id_url": "https://www.openstreetmap.org/edit?editor=id&way=741714704#map=20/59.8685003/10.792095"}}, {"type": "Feature", "geometry": {"type": "Point", "coordinates": [10.7876866, 59.9310214]}, "properties": {"id": 751362803, "feat_type": "way", "quality_categories": "crossings_lacking_kerbs, older_than_five_years, replaceable_values", "issue_ids": "[2, 38, 1]", "osm_url": "https://www.openstreetmap.org/way/751362803", "josm_url": "http://127.0.0.1:8111/load_object?new_layer=false&objects=w751362803", "id_url": "https://www.openstreetmap.org/edit?editor=id&way=751362803#map=20/59.9310214/10.7876866"}}, {"type": "Feature", "geometry": {"type": "Point", "coordinates": [10.7807757, 59.9339989]}, "properties": {"id": 751362806, "feat_type": "way", "quality_categories": "crossings_lacking_kerbs, replaceable_values", "issue_ids": "[2, 1]", "osm_url": "https://www.openstreetmap.org/way/751362806", "josm_url": "http://127.0.0.1:8111/load_object?new_layer=false&objects=w751362806", "id_url": "https://www.openstreetmap.org/edit?editor=id&way=751362806#map=20/59.9339989/10.7807757"}}, {"type": "Feature", "geometry": {"type": "Point", "coordinates": [10.7586002, 59.9378598]}, "properties": {"id": 787075149, "feat_type": "way", "quality_categories": "crossings_lacking_kerbs, older_than_five_years", "issue_ids": "[82, 1]", "osm_url": "https://www.openstreetmap.org/way/787075149", "josm_url": "http://127.0.0.1:8111/load_object?new_layer=false&objects=w787075149", "id_url": "https://www.openstreetmap.org/edit?editor=id&way=787075149#map=20/59.9378598/10.7586002"}}, {"type": "Feature", "geometry": {"type": "Point", "coordinates": [10.7586998, 59.9382997]}, "properties": {"id": 787075150, "feat_type": "way", "quality_categories": "crossings_lacking_kerbs, older_than_five_years", "issue_ids": "[21, 1]", "osm_url": "https://www.openstreetmap.org/way/787075150", "josm_url": "http://127.0.0.1:8111/load_object?new_layer=false&objects=w787075150", "id_url": "https://www.openstreetmap.org/edit?editor=id&way=787075150#map=20/59.9382997/10.7586998"}}, {"type": "Feature", "geometry": {"type": "Point", "coordinates": [10.7150732, 59.9285721]}, "properties": {"id": 807738702, "feat_type": "way", "quality_categories": "crossings_lacking_kerbs, older_than_five_years, replaceable_values", "issue_ids": "[2, 39, 1]", "osm_url": "https://www.openstreetmap.org/way/807738702", "josm_url": "http://127.0.0.1:8111/load_object?new_layer=false&objects=w807738702", "id_url": "https://www.openstreetmap.org/edit?editor=id&way=807738702#map=20/59.9285721/10.7150732"}}, {"type": "Feature", "geometry": {"type": "Point", "coordinates": [10.7074383, 59.9302557]}, "properties": {"id": 807822109, "feat_type": "way", "quality_categories": "crossings_lacking_kerbs, replaceable_values", "issue_ids": "[3, 1]", "osm_url": "https://www.openstreetmap.org/way/807822109", "josm_url": "http://127.0.0.1:8111/load_object?new_layer=false&objects=w807822109", "id_url": "https://www.openstreetmap.org/edit?editor=id&way=807822109#map=20/59.9302557/10.7074383"}}, {"type": "Feature", "geometry": {"type": "Point", "coordinates": [10.7075276, 59.9306636]}, "properties": {"id": 807822113, "feat_type": "way", "quality_categories": "crossings_lacking_kerbs, replaceable_values", "issue_ids": "[2, 1]", "osm_url": "https://www.openstreetmap.org/way/807822113", "josm_url": "http://127.0.0.1:8111/load_object?new_layer=false&objects=w807822113", "id_url": "https://www.openstreetmap.org/edit?editor=id&way=807822113#map=20/59.9306636/10.7075276"}}, {"type": "Feature", "geometry": {"type": "Point", "coordinates": [10.6991053, 59.9233291]}, "properties": {"id": 807845954, "feat_type": "way", "quality_categories": "crossings_lacking_kerbs, replaceable_values", "issue_ids": "[2, 1]", "osm_url": "https://www.openstreetmap.org/way/807845954", "josm_url": "http://127.0.0.1:8111/load_object?new_layer=false&objects=w807845954", "id_url": "https://www.openstreetmap.org/edit?editor=id&way=807845954#map=20/59.9233291/10.6991053"}}, {"type": "Feature", "geometry": {"type": "Point", "coordinates": [10.6991562, 59.9232521]}, "properties": {"id": 807845955, "feat_type": "way", "quality_categories": "crossings_lacking_kerbs, replaceable_values", "issue_ids": "[2, 1]", "osm_url": "https://www.openstreetmap.org/way/807845955", "josm_url": "http://127.0.0.1:8111/load_object?new_layer=false&objects=w807845955", "id_url": "https://www.openstreetmap.org/edit?editor=id&way=807845955#map=20/59.9232521/10.6991562"}}, {"type": "Feature", "geometry": {"type": "Point", "coordinates": [10.7561328, 59.924578]}, "properties": {"id": 813191256, "feat_type": "way", "quality_categories": "crossings_lacking_kerbs, replaceable_values", "issue_ids": "[2, 1]", "osm_url": "https://www.openstreetmap.org/way/813191256", "josm_url": "http://127.0.0.1:8111/load_object?new_layer=false&objects=w813191256", "id_url": "https://www.openstreetmap.org/edit?editor=id&way=813191256#map=20/59.924578/10.7561328"}}, {"type": "Feature", "geometry": {"type": "Point", "coordinates": [10.7562361, 59.9246323]}, "properties": {"id": 813191257, "feat_type": "way", "quality_categories": "crossings_lacking_kerbs, replaceable_values", "issue_ids": "[2, 1]", "osm_url": "https://www.openstreetmap.org/way/813191257", "josm_url": "http://127.0.0.1:8111/load_object?new_layer=false&objects=w813191257", "id_url": "https://www.openstreetmap.org/edit?editor=id&way=813191257#map=20/59.9246323/10.7562361"}}, {"type": "Feature", "geometry": {"type": "Point", "coordinates": [10.6986363, 59.9032208]}, "properties": {"id": 817919632, "feat_type": "way", "quality_categories": "crossings_lacking_kerbs, replaceable_values", "issue_ids": "[3, 1]", "osm_url": "https://www.openstreetmap.org/way/817919632", "josm_url": "http://127.0.0.1:8111/load_object?new_layer=false&objects=w817919632", "id_url": "https://www.openstreetmap.org/edit?editor=id&way=817919632#map=20/59.9032208/10.6986363"}}, {"type": "Feature", "geometry": {"type": "Point", "coordinates": [10.6824133, 59.9008315]}, "properties": {"id": 818537230, "feat_type": "way", "quality_categories": "crossings_lacking_kerbs, missing_tags, older_than_five_years, replaceable_values", "issue_ids": "[2, 83, 5, 1]", "osm_url": "https://www.openstreetmap.org/way/818537230", "josm_url": "http://127.0.0.1:8111/load_object?new_layer=false&objects=w818537230", "id_url": "https://www.openstreetmap.org/edit?editor=id&way=818537230#map=20/59.9008315/10.6824133"}}, {"type": "Feature", "geometry": {"type": "Point", "coordinates": [10.6822618, 59.9006689]}, "properties": {"id": 818537232, "feat_type": "way", "quality_categories": "crossings_lacking_kerbs, missing_tags, older_than_five_years, replaceable_values", "issue_ids": "[2, 83, 5, 1]", "osm_url": "https://www.openstreetmap.org/way/818537232", "josm_url": "http://127.0.0.1:8111/load_object?new_layer=false&objects=w818537232", "id_url": "https://www.openstreetmap.org/edit?editor=id&way=818537232#map=20/59.9006689/10.6822618"}}, {"type": "Feature", "geometry": {"type": "Point", "coordinates": [10.7499866, 59.9331448]}, "properties": {"id": 819259407, "feat_type": "way", "quality_categories": "crossings_lacking_kerbs, older_than_five_years", "issue_ids": "[84, 1]", "osm_url": "https://www.openstreetmap.org/way/819259407", "josm_url": "http://127.0.0.1:8111/load_object?new_layer=false&objects=w819259407", "id_url": "https://www.openstreetmap.org/edit?editor=id&way=819259407#map=20/59.9331448/10.7499866"}}, {"type": "Feature", "geometry": {"type": "Point", "coordinates": [10.7465539, 59.9307744]}, "properties": {"id": 819946275, "feat_type": "way", "quality_categories": "crossings_lacking_kerbs, older_than_five_years, replaceable_values", "issue_ids": "[2, 85, 1]", "osm_url": "https://www.openstreetmap.org/way/819946275", "josm_url": "http://127.0.0.1:8111/load_object?new_layer=false&objects=w819946275", "id_url": "https://www.openstreetmap.org/edit?editor=id&way=819946275#map=20/59.9307744/10.7465539"}}, {"type": "Feature", "geometry": {"type": "Point", "coordinates": [10.7464565, 59.9308913]}, "properties": {"id": 819946276, "feat_type": "way", "quality_categories": "crossings_lacking_kerbs, older_than_five_years", "issue_ids": "[86, 1]", "osm_url": "https://www.openstreetmap.org/way/819946276", "josm_url": "http://127.0.0.1:8111/load_object?new_layer=false&objects=w819946276", "id_url": "https://www.openstreetmap.org/edit?editor=id&way=819946276#map=20/59.9308913/10.7464565"}}, {"type": "Feature", "geometry": {"type": "Point", "coordinates": [10.7558454, 59.9201307]}, "properties": {"id": 844432359, "feat_type": "way", "quality_categories": "crossings_lacking_kerbs, older_than_five_years", "issue_ids": "[87, 1]", "osm_url": "https://www.openstreetmap.org/way/844432359", "josm_url": "http://127.0.0.1:8111/load_object?new_layer=false&objects=w844432359", "id_url": "https://www.openstreetmap.org/edit?editor=id&way=844432359#map=20/59.9201307/10.7558454"}}, {"type": "Feature", "geometry": {"type": "Point", "coordinates": [10.7557191, 59.9200495]}, "properties": {"id": 844432360, "feat_type": "way", "quality_categories": "crossings_lacking_kerbs, older_than_five_years", "issue_ids": "[87, 1]", "osm_url": "https://www.openstreetmap.org/way/844432360", "josm_url": "http://127.0.0.1:8111/load_object?new_layer=false&objects=w844432360", "id_url": "https://www.openstreetmap.org/edit?editor=id&way=844432360#map=20/59.9200495/10.7557191"}}, {"type": "Feature", "geometry": {"type": "Point", "coordinates": [10.8574341, 59.9416882]}, "properties": {"id": 864644119, "feat_type": "way", "quality_categories": "crossings_lacking_kerbs, older_than_five_years", "issue_ids": "[88, 1]", "osm_url": "https://www.openstreetmap.org/way/864644119", "josm_url": "http://127.0.0.1:8111/load_object?new_layer=false&objects=w864644119", "id_url": "https://www.openstreetmap.org/edit?editor=id&way=864644119#map=20/59.9416882/10.8574341"}}, {"type": "Feature", "geometry": {"type": "Point", "coordinates": [10.726303, 59.941192]}, "properties": {"id": 871156108, "feat_type": "way", "quality_categories": "crossings_lacking_kerbs, replaceable_values", "issue_ids": "[2, 1]", "osm_url": "https://www.openstreetmap.org/way/871156108", "josm_url": "http://127.0.0.1:8111/load_object?new_layer=false&objects=w871156108", "id_url": "https://www.openstreetmap.org/edit?editor=id&way=871156108#map=20/59.941192/10.726303"}}, {"type": "Feature", "geometry": {"type": "Point", "coordinates": [10.7734038, 59.9209795]}, "properties": {"id": 875178103, "feat_type": "way", "quality_categories": "crossings_lacking_kerbs, older_than_five_years", "issue_ids": "[89, 1]", "osm_url": "https://www.openstreetmap.org/way/875178103", "josm_url": "http://127.0.0.1:8111/load_object?new_layer=false&objects=w875178103", "id_url": "https://www.openstreetmap.org/edit?editor=id&way=875178103#map=20/59.9209795/10.7734038"}}, {"type": "Feature", "geometry": {"type": "Point", "coordinates": [10.7359839, 59.9358124]}, "properties": {"id": 880532937, "feat_type": "way", "quality_categories": "crossings_lacking_kerbs, older_than_five_years, replaceable_values", "issue_ids": "[3, 90, 1]", "osm_url": "https://www.openstreetmap.org/way/880532937", "josm_url": "http://127.0.0.1:8111/load_object?new_layer=false&objects=w880532937", "id_url": "https://www.openstreetmap.org/edit?editor=id&way=880532937#map=20/59.9358124/10.7359839"}}, {"type": "Feature", "geometry": {"type": "Point", "coordinates": [10.7365899, 59.9357475]}, "properties": {"id": 880532942, "feat_type": "way", "quality_categories": "crossings_lacking_kerbs, older_than_five_years, replaceable_values", "issue_ids": "[2, 90, 1]", "osm_url": "https://www.openstreetmap.org/way/880532942", "josm_url": "http://127.0.0.1:8111/load_object?new_layer=false&objects=w880532942", "id_url": "https://www.openstreetmap.org/edit?editor=id&way=880532942#map=20/59.9357475/10.7365899"}}, {"type": "Feature", "geometry": {"type": "Point", "coordinates": [10.7305815, 59.9352024]}, "properties": {"id": 880532951, "feat_type": "way", "quality_categories": "crossings_lacking_kerbs, replaceable_values", "issue_ids": "[2, 1]", "osm_url": "https://www.openstreetmap.org/way/880532951", "josm_url": "http://127.0.0.1:8111/load_object?new_layer=false&objects=w880532951", "id_url": "https://www.openstreetmap.org/edit?editor=id&way=880532951#map=20/59.9352024/10.7305815"}}, {"type": "Feature", "geometry": {"type": "Point", "coordinates": [10.7302389, 59.9350784]}, "properties": {"id": 880532952, "feat_type": "way", "quality_categories": "crossings_lacking_kerbs, older_than_five_years, replaceable_values", "issue_ids": "[2, 21, 1]", "osm_url": "https://www.openstreetmap.org/way/880532952", "josm_url": "http://127.0.0.1:8111/load_object?new_layer=false&objects=w880532952", "id_url": "https://www.openstreetmap.org/edit?editor=id&way=880532952#map=20/59.9350784/10.7302389"}}, {"type": "Feature", "geometry": {"type": "Point", "coordinates": [10.7349169, 59.9361827]}, "properties": {"id": 880532954, "feat_type": "way", "quality_categories": "crossings_lacking_kerbs, replaceable_values", "issue_ids": "[2, 1]", "osm_url": "https://www.openstreetmap.org/way/880532954", "josm_url": "http://127.0.0.1:8111/load_object?new_layer=false&objects=w880532954", "id_url": "https://www.openstreetmap.org/edit?editor=id&way=880532954#map=20/59.9361827/10.7349169"}}, {"type": "Feature", "geometry": {"type": "Point", "coordinates": [10.7487572, 59.934748]}, "properties": {"id": 880532968, "feat_type": "way", "quality_categories": "crossings_lacking_kerbs, replaceable_values", "issue_ids": "[2, 1]", "osm_url": "https://www.openstreetmap.org/way/880532968", "josm_url": "http://127.0.0.1:8111/load_object?new_layer=false&objects=w880532968", "id_url": "https://www.openstreetmap.org/edit?editor=id&way=880532968#map=20/59.934748/10.7487572"}}, {"type": "Feature", "geometry": {"type": "Point", "coordinates": [10.7504222, 59.9340893]}, "properties": {"id": 880532973, "feat_type": "way", "quality_categories": "crossings_lacking_kerbs, older_than_five_years, replaceable_values", "issue_ids": "[2, 91, 1]", "osm_url": "https://www.openstreetmap.org/way/880532973", "josm_url": "http://127.0.0.1:8111/load_object?new_layer=false&objects=w880532973", "id_url": "https://www.openstreetmap.org/edit?editor=id&way=880532973#map=20/59.9340893/10.7504222"}}, {"type": "Feature", "geometry": {"type": "Point", "coordinates": [10.7415603, 59.9352077]}, "properties": {"id": 880532998, "feat_type": "way", "quality_categories": "crossings_lacking_kerbs, replaceable_values", "issue_ids": "[2, 1]", "osm_url": "https://www.openstreetmap.org/way/880532998", "josm_url": "http://127.0.0.1:8111/load_object?new_layer=false&objects=w880532998", "id_url": "https://www.openstreetmap.org/edit?editor=id&way=880532998#map=20/59.9352077/10.7415603"}}, {"type": "Feature", "geometry": {"type": "Point", "coordinates": [10.7283578, 59.934533]}, "properties": {"id": 880533005, "feat_type": "way", "quality_categories": "crossings_lacking_kerbs, replaceable_values", "issue_ids": "[2, 1]", "osm_url": "https://www.openstreetmap.org/way/880533005", "josm_url": "http://127.0.0.1:8111/load_object?new_layer=false&objects=w880533005", "id_url": "https://www.openstreetmap.org/edit?editor=id&way=880533005#map=20/59.934533/10.7283578"}}, {"type": "Feature", "geometry": {"type": "Point", "coordinates": [10.7279744, 59.9343472]}, "properties": {"id": 880533006, "feat_type": "way", "quality_categories": "crossings_lacking_kerbs, replaceable_values", "issue_ids": "[2, 1]", "osm_url": "https://www.openstreetmap.org/way/880533006", "josm_url": "http://127.0.0.1:8111/load_object?new_layer=false&objects=w880533006", "id_url": "https://www.openstreetmap.org/edit?editor=id&way=880533006#map=20/59.9343472/10.7279744"}}, {"type": "Feature", "geometry": {"type": "Point", "coordinates": [10.6989453, 59.9474658]}, "properties": {"id": 887496090, "feat_type": "way", "quality_categories": "crossings_lacking_kerbs, replaceable_values", "issue_ids": "[2, 1]", "osm_url": "https://www.openstreetmap.org/way/887496090", "josm_url": "http://127.0.0.1:8111/load_object?new_layer=false&objects=w887496090", "id_url": "https://www.openstreetmap.org/edit?editor=id&way=887496090#map=20/59.9474658/10.6989453"}}, {"type": "Feature", "geometry": {"type": "Point", "coordinates": [10.7145353, 59.9407972]}, "properties": {"id": 888374674, "feat_type": "way", "quality_categories": "crossings_lacking_kerbs, replaceable_values", "issue_ids": "[2, 1]", "osm_url": "https://www.openstreetmap.org/way/888374674", "josm_url": "http://127.0.0.1:8111/load_object?new_layer=false&objects=w888374674", "id_url": "https://www.openstreetmap.org/edit?editor=id&way=888374674#map=20/59.9407972/10.7145353"}}, {"type": "Feature", "geometry": {"type": "Point", "coordinates": [10.7426842, 59.9575799]}, "properties": {"id": 893088347, "feat_type": "way", "quality_categories": "crossings_lacking_kerbs, replaceable_values", "issue_ids": "[2, 1]", "osm_url": "https://www.openstreetmap.org/way/893088347", "josm_url": "http://127.0.0.1:8111/load_object?new_layer=false&objects=w893088347", "id_url": "https://www.openstreetmap.org/edit?editor=id&way=893088347#map=20/59.9575799/10.7426842"}}, {"type": "Feature", "geometry": {"type": "Point", "coordinates": [10.7643943, 59.8789413]}, "properties": {"id": 897143825, "feat_type": "way", "quality_categories": "crossings_lacking_kerbs, missing_tags, older_than_five_years", "issue_ids": "[92, 5, 1]", "osm_url": "https://www.openstreetmap.org/way/897143825", "josm_url": "http://127.0.0.1:8111/load_object?new_layer=false&objects=w897143825", "id_url": "https://www.openstreetmap.org/edit?editor=id&way=897143825#map=20/59.8789413/10.7643943"}}, {"type": "Feature", "geometry": {"type": "Point", "coordinates": [10.7650898, 59.879787]}, "properties": {"id": 897143827, "feat_type": "way", "quality_categories": "crossings_lacking_kerbs, missing_tags, older_than_five_years", "issue_ids": "[92, 5, 1]", "osm_url": "https://www.openstreetmap.org/way/897143827", "josm_url": "http://127.0.0.1:8111/load_object?new_layer=false&objects=w897143827", "id_url": "https://www.openstreetmap.org/edit?editor=id&way=897143827#map=20/59.879787/10.7650898"}}, {"type": "Feature", "geometry": {"type": "Point", "coordinates": [10.7642415, 59.8785842]}, "properties": {"id": 897143828, "feat_type": "way", "quality_categories": "crossings_lacking_kerbs, missing_tags, older_than_five_years", "issue_ids": "[92, 5, 1]", "osm_url": "https://www.openstreetmap.org/way/897143828", "josm_url": "http://127.0.0.1:8111/load_object?new_layer=false&objects=w897143828", "id_url": "https://www.openstreetmap.org/edit?editor=id&way=897143828#map=20/59.8785842/10.7642415"}}, {"type": "Feature", "geometry": {"type": "Point", "coordinates": [10.7693109, 59.9524187]}, "properties": {"id": 909023851, "feat_type": "way", "quality_categories": "crossings_lacking_kerbs, older_than_five_years, replaceable_values", "issue_ids": "[2, 17, 1]", "osm_url": "https://www.openstreetmap.org/way/909023851", "josm_url": "http://127.0.0.1:8111/load_object?new_layer=false&objects=w909023851", "id_url": "https://www.openstreetmap.org/edit?editor=id&way=909023851#map=20/59.9524187/10.7693109"}}, {"type": "Feature", "geometry": {"type": "Point", "coordinates": [10.7689651, 59.9494453]}, "properties": {"id": 909087056, "feat_type": "way", "quality_categories": "crossings_lacking_kerbs, older_than_five_years", "issue_ids": "[21, 1]", "osm_url": "https://www.openstreetmap.org/way/909087056", "josm_url": "http://127.0.0.1:8111/load_object?new_layer=false&objects=w909087056", "id_url": "https://www.openstreetmap.org/edit?editor=id&way=909087056#map=20/59.9494453/10.7689651"}}, {"type": "Feature", "geometry": {"type": "Point", "coordinates": [10.7692859, 59.9494963]}, "properties": {"id": 909087057, "feat_type": "way", "quality_categories": "crossings_lacking_kerbs, older_than_five_years", "issue_ids": "[21, 1]", "osm_url": "https://www.openstreetmap.org/way/909087057", "josm_url": "http://127.0.0.1:8111/load_object?new_layer=false&objects=w909087057", "id_url": "https://www.openstreetmap.org/edit?editor=id&way=909087057#map=20/59.9494963/10.7692859"}}, {"type": "Feature", "geometry": {"type": "Point", "coordinates": [10.7715405, 59.9415592]}, "properties": {"id": 909139848, "feat_type": "way", "quality_categories": "crossings_lacking_kerbs, replaceable_values", "issue_ids": "[2, 1]", "osm_url": "https://www.openstreetmap.org/way/909139848", "josm_url": "http://127.0.0.1:8111/load_object?new_layer=false&objects=w909139848", "id_url": "https://www.openstreetmap.org/edit?editor=id&way=909139848#map=20/59.9415592/10.7715405"}}, {"type": "Feature", "geometry": {"type": "Point", "coordinates": [10.8259125, 59.9246038]}, "properties": {"id": 911536371, "feat_type": "way", "quality_categories": "crossings_lacking_kerbs, missing_tags, older_than_five_years, replaceable_values", "issue_ids": "[2, 93, 5, 1]", "osm_url": "https://www.openstreetmap.org/way/911536371", "josm_url": "http://127.0.0.1:8111/load_object?new_layer=false&objects=w911536371", "id_url": "https://www.openstreetmap.org/edit?editor=id&way=911536371#map=20/59.9246038/10.8259125"}}, {"type": "Feature", "geometry": {"type": "Point", "coordinates": [10.7654373, 59.9498881]}, "properties": {"id": 911764469, "feat_type": "way", "quality_categories": "crossings_lacking_kerbs, older_than_five_years, replaceable_values", "issue_ids": "[2, 17, 1]", "osm_url": "https://www.openstreetmap.org/way/911764469", "josm_url": "http://127.0.0.1:8111/load_object?new_layer=false&objects=w911764469", "id_url": "https://www.openstreetmap.org/edit?editor=id&way=911764469#map=20/59.9498881/10.7654373"}}, {"type": "Feature", "geometry": {"type": "Point", "coordinates": [10.7629652, 59.9513021]}, "properties": {"id": 911791740, "feat_type": "way", "quality_categories": "crossings_lacking_kerbs, older_than_five_years, replaceable_values", "issue_ids": "[2, 17, 1]", "osm_url": "https://www.openstreetmap.org/way/911791740", "josm_url": "http://127.0.0.1:8111/load_object?new_layer=false&objects=w911791740", "id_url": "https://www.openstreetmap.org/edit?editor=id&way=911791740#map=20/59.9513021/10.7629652"}}, {"type": "Feature", "geometry": {"type": "Point", "coordinates": [10.7620082, 59.9405493]}, "properties": {"id": 911816911, "feat_type": "way", "quality_categories": "crossings_lacking_kerbs, replaceable_values", "issue_ids": "[2, 1]", "osm_url": "https://www.openstreetmap.org/way/911816911", "josm_url": "http://127.0.0.1:8111/load_object?new_layer=false&objects=w911816911", "id_url": "https://www.openstreetmap.org/edit?editor=id&way=911816911#map=20/59.9405493/10.7620082"}}, {"type": "Feature", "geometry": {"type": "Point", "coordinates": [10.8436838, 59.9247883]}, "properties": {"id": 911882981, "feat_type": "way", "quality_categories": "crossings_lacking_kerbs, missing_tags, older_than_five_years, replaceable_values", "issue_ids": "[2, 17, 5, 1]", "osm_url": "https://www.openstreetmap.org/way/911882981", "josm_url": "http://127.0.0.1:8111/load_object?new_layer=false&objects=w911882981", "id_url": "https://www.openstreetmap.org/edit?editor=id&way=911882981#map=20/59.9247883/10.8436838"}}, {"type": "Feature", "geometry": {"type": "Point", "coordinates": [10.7403113, 59.9581843]}, "properties": {"id": 911969938, "feat_type": "way", "quality_categories": "crossings_lacking_kerbs, replaceable_values", "issue_ids": "[2, 1]", "osm_url": "https://www.openstreetmap.org/way/911969938", "josm_url": "http://127.0.0.1:8111/load_object?new_layer=false&objects=w911969938", "id_url": "https://www.openstreetmap.org/edit?editor=id&way=911969938#map=20/59.9581843/10.7403113"}}, {"type": "Feature", "geometry": {"type": "Point", "coordinates": [10.7414226, 59.9253105]}, "properties": {"id": 912736285, "feat_type": "way", "quality_categories": "crossings_lacking_kerbs, older_than_five_years, replaceable_values", "issue_ids": "[2, 85, 1]", "osm_url": "https://www.openstreetmap.org/way/912736285", "josm_url": "http://127.0.0.1:8111/load_object?new_layer=false&objects=w912736285", "id_url": "https://www.openstreetmap.org/edit?editor=id&way=912736285#map=20/59.9253105/10.7414226"}}, {"type": "Feature", "geometry": {"type": "Point", "coordinates": [10.7423158, 59.9260429]}, "properties": {"id": 912736286, "feat_type": "way", "quality_categories": "crossings_lacking_kerbs, older_than_five_years, replaceable_values", "issue_ids": "[2, 85, 1]", "osm_url": "https://www.openstreetmap.org/way/912736286", "josm_url": "http://127.0.0.1:8111/load_object?new_layer=false&objects=w912736286", "id_url": "https://www.openstreetmap.org/edit?editor=id&way=912736286#map=20/59.9260429/10.7423158"}}, {"type": "Feature", "geometry": {"type": "Point", "coordinates": [10.7465796, 59.9232589]}, "properties": {"id": 912810193, "feat_type": "way", "quality_categories": "crossings_lacking_kerbs, replaceable_values", "issue_ids": "[2, 1]", "osm_url": "https://www.openstreetmap.org/way/912810193", "josm_url": "http://127.0.0.1:8111/load_object?new_layer=false&objects=w912810193", "id_url": "https://www.openstreetmap.org/edit?editor=id&way=912810193#map=20/59.9232589/10.7465796"}}, {"type": "Feature", "geometry": {"type": "Point", "coordinates": [10.7464792, 59.923195]}, "properties": {"id": 912810194, "feat_type": "way", "quality_categories": "crossings_lacking_kerbs, replaceable_values", "issue_ids": "[2, 1]", "osm_url": "https://www.openstreetmap.org/way/912810194", "josm_url": "http://127.0.0.1:8111/load_object?new_layer=false&objects=w912810194", "id_url": "https://www.openstreetmap.org/edit?editor=id&way=912810194#map=20/59.923195/10.7464792"}}, {"type": "Feature", "geometry": {"type": "Point", "coordinates": [10.8666735, 59.9336417]}, "properties": {"id": 914505861, "feat_type": "way", "quality_categories": "crossings_lacking_kerbs, missing_tags, replaceable_values", "issue_ids": "[2, 5, 1]", "osm_url": "https://www.openstreetmap.org/way/914505861", "josm_url": "http://127.0.0.1:8111/load_object?new_layer=false&objects=w914505861", "id_url": "https://www.openstreetmap.org/edit?editor=id&way=914505861#map=20/59.9336417/10.8666735"}}, {"type": "Feature", "geometry": {"type": "Point", "coordinates": [10.8700432, 59.9343959]}, "properties": {"id": 914505866, "feat_type": "way", "quality_categories": "crossings_lacking_kerbs, missing_tags, older_than_five_years, replaceable_values", "issue_ids": "[2, 94, 5, 1]", "osm_url": "https://www.openstreetmap.org/way/914505866", "josm_url": "http://127.0.0.1:8111/load_object?new_layer=false&objects=w914505866", "id_url": "https://www.openstreetmap.org/edit?editor=id&way=914505866#map=20/59.9343959/10.8700432"}}, {"type": "Feature", "geometry": {"type": "Point", "coordinates": [10.7570319, 59.9271201]}, "properties": {"id": 914642909, "feat_type": "way", "quality_categories": "crossings_lacking_kerbs, replaceable_values", "issue_ids": "[2, 1]", "osm_url": "https://www.openstreetmap.org/way/914642909", "josm_url": "http://127.0.0.1:8111/load_object?new_layer=false&objects=w914642909", "id_url": "https://www.openstreetmap.org/edit?editor=id&way=914642909#map=20/59.9271201/10.7570319"}}, {"type": "Feature", "geometry": {"type": "Point", "coordinates": [10.745799, 59.9378314]}, "properties": {"id": 914684216, "feat_type": "way", "quality_categories": "crossings_lacking_kerbs, older_than_five_years, replaceable_values", "issue_ids": "[2, 21, 1]", "osm_url": "https://www.openstreetmap.org/way/914684216", "josm_url": "http://127.0.0.1:8111/load_object?new_layer=false&objects=w914684216", "id_url": "https://www.openstreetmap.org/edit?editor=id&way=914684216#map=20/59.9378314/10.745799"}}, {"type": "Feature", "geometry": {"type": "Point", "coordinates": [10.7440892, 59.938871]}, "properties": {"id": 915891923, "feat_type": "way", "quality_categories": "crossings_lacking_kerbs, older_than_five_years, replaceable_values", "issue_ids": "[2, 95, 1]", "osm_url": "https://www.openstreetmap.org/way/915891923", "josm_url": "http://127.0.0.1:8111/load_object?new_layer=false&objects=w915891923", "id_url": "https://www.openstreetmap.org/edit?editor=id&way=915891923#map=20/59.938871/10.7440892"}}, {"type": "Feature", "geometry": {"type": "Point", "coordinates": [10.7774526, 59.9324652]}, "properties": {"id": 916598118, "feat_type": "way", "quality_categories": "crossings_lacking_kerbs, replaceable_values", "issue_ids": "[2, 1]", "osm_url": "https://www.openstreetmap.org/way/916598118", "josm_url": "http://127.0.0.1:8111/load_object?new_layer=false&objects=w916598118", "id_url": "https://www.openstreetmap.org/edit?editor=id&way=916598118#map=20/59.9324652/10.7774526"}}, {"type": "Feature", "geometry": {"type": "Point", "coordinates": [10.7481516, 59.9437602]}, "properties": {"id": 931491803, "feat_type": "way", "quality_categories": "crossings_lacking_kerbs, replaceable_values", "issue_ids": "[2, 1]", "osm_url": "https://www.openstreetmap.org/way/931491803", "josm_url": "http://127.0.0.1:8111/load_object?new_layer=false&objects=w931491803", "id_url": "https://www.openstreetmap.org/edit?editor=id&way=931491803#map=20/59.9437602/10.7481516"}}, {"type": "Feature", "geometry": {"type": "Point", "coordinates": [10.7121828, 59.9270201]}, "properties": {"id": 931731243, "feat_type": "way", "quality_categories": "crossings_lacking_kerbs, replaceable_values", "issue_ids": "[3, 1]", "osm_url": "https://www.openstreetmap.org/way/931731243", "josm_url": "http://127.0.0.1:8111/load_object?new_layer=false&objects=w931731243", "id_url": "https://www.openstreetmap.org/edit?editor=id&way=931731243#map=20/59.9270201/10.7121828"}}, {"type": "Feature", "geometry": {"type": "Point", "coordinates": [10.8048279, 59.9288782]}, "properties": {"id": 932105359, "feat_type": "way", "quality_categories": "crossings_lacking_kerbs, replaceable_values", "issue_ids": "[2, 1]", "osm_url": "https://www.openstreetmap.org/way/932105359", "josm_url": "http://127.0.0.1:8111/load_object?new_layer=false&objects=w932105359", "id_url": "https://www.openstreetmap.org/edit?editor=id&way=932105359#map=20/59.9288782/10.8048279"}}, {"type": "Feature", "geometry": {"type": "Point", "coordinates": [10.7842321, 59.9367258]}, "properties": {"id": 935289444, "feat_type": "way", "quality_categories": "crossings_lacking_kerbs, older_than_five_years, replaceable_values", "issue_ids": "[2, 96, 1]", "osm_url": "https://www.openstreetmap.org/way/935289444", "josm_url": "http://127.0.0.1:8111/load_object?new_layer=false&objects=w935289444", "id_url": "https://www.openstreetmap.org/edit?editor=id&way=935289444#map=20/59.9367258/10.7842321"}}, {"type": "Feature", "geometry": {"type": "Point", "coordinates": [10.7935162, 59.9261466]}, "properties": {"id": 935316408, "feat_type": "way", "quality_categories": "crossings_lacking_kerbs, older_than_five_years", "issue_ids": "[97, 1]", "osm_url": "https://www.openstreetmap.org/way/935316408", "josm_url": "http://127.0.0.1:8111/load_object?new_layer=false&objects=w935316408", "id_url": "https://www.openstreetmap.org/edit?editor=id&way=935316408#map=20/59.9261466/10.7935162"}}, {"type": "Feature", "geometry": {"type": "Point", "coordinates": [10.7961832, 59.9162152]}, "properties": {"id": 935737628, "feat_type": "way", "quality_categories": "crossings_lacking_kerbs, replaceable_values", "issue_ids": "[2, 1]", "osm_url": "https://www.openstreetmap.org/way/935737628", "josm_url": "http://127.0.0.1:8111/load_object?new_layer=false&objects=w935737628", "id_url": "https://www.openstreetmap.org/edit?editor=id&way=935737628#map=20/59.9162152/10.7961832"}}, {"type": "Feature", "geometry": {"type": "Point", "coordinates": [10.7405536, 59.9400557]}, "properties": {"id": 935758346, "feat_type": "way", "quality_categories": "crossings_lacking_kerbs, replaceable_values", "issue_ids": "[2, 1]", "osm_url": "https://www.openstreetmap.org/way/935758346", "josm_url": "http://127.0.0.1:8111/load_object?new_layer=false&objects=w935758346", "id_url": "https://www.openstreetmap.org/edit?editor=id&way=935758346#map=20/59.9400557/10.7405536"}}, {"type": "Feature", "geometry": {"type": "Point", "coordinates": [10.7405491, 59.9403454]}, "properties": {"id": 935758348, "feat_type": "way", "quality_categories": "crossings_lacking_kerbs, replaceable_values", "issue_ids": "[2, 1]", "osm_url": "https://www.openstreetmap.org/way/935758348", "josm_url": "http://127.0.0.1:8111/load_object?new_layer=false&objects=w935758348", "id_url": "https://www.openstreetmap.org/edit?editor=id&way=935758348#map=20/59.9403454/10.7405491"}}, {"type": "Feature", "geometry": {"type": "Point", "coordinates": [10.741233, 59.9403798]}, "properties": {"id": 935758350, "feat_type": "way", "quality_categories": "crossings_lacking_kerbs, older_than_five_years, replaceable_values", "issue_ids": "[2, 98, 1]", "osm_url": "https://www.openstreetmap.org/way/935758350", "josm_url": "http://127.0.0.1:8111/load_object?new_layer=false&objects=w935758350", "id_url": "https://www.openstreetmap.org/edit?editor=id&way=935758350#map=20/59.9403798/10.741233"}}, {"type": "Feature", "geometry": {"type": "Point", "coordinates": [10.7418892, 59.9411677]}, "properties": {"id": 935758352, "feat_type": "way", "quality_categories": "crossings_lacking_kerbs, older_than_five_years, replaceable_values", "issue_ids": "[2, 98, 1]", "osm_url": "https://www.openstreetmap.org/way/935758352", "josm_url": "http://127.0.0.1:8111/load_object?new_layer=false&objects=w935758352", "id_url": "https://www.openstreetmap.org/edit?editor=id&way=935758352#map=20/59.9411677/10.7418892"}}, {"type": "Feature", "geometry": {"type": "Point", "coordinates": [10.7407171, 59.9407566]}, "properties": {"id": 935758353, "feat_type": "way", "quality_categories": "crossings_lacking_kerbs, replaceable_values", "issue_ids": "[2, 1]", "osm_url": "https://www.openstreetmap.org/way/935758353", "josm_url": "http://127.0.0.1:8111/load_object?new_layer=false&objects=w935758353", "id_url": "https://www.openstreetmap.org/edit?editor=id&way=935758353#map=20/59.9407566/10.7407171"}}, {"type": "Feature", "geometry": {"type": "Point", "coordinates": [10.7378472, 59.9382]}, "properties": {"id": 935758362, "feat_type": "way", "quality_categories": "crossings_lacking_kerbs, older_than_five_years, replaceable_values", "issue_ids": "[2, 98, 1]", "osm_url": "https://www.openstreetmap.org/way/935758362", "josm_url": "http://127.0.0.1:8111/load_object?new_layer=false&objects=w935758362", "id_url": "https://www.openstreetmap.org/edit?editor=id&way=935758362#map=20/59.9382/10.7378472"}}, {"type": "Feature", "geometry": {"type": "Point", "coordinates": [10.7422103, 59.9399139]}, "properties": {"id": 935761491, "feat_type": "way", "quality_categories": "crossings_lacking_kerbs, replaceable_values", "issue_ids": "[2, 1]", "osm_url": "https://www.openstreetmap.org/way/935761491", "josm_url": "http://127.0.0.1:8111/load_object?new_layer=false&objects=w935761491", "id_url": "https://www.openstreetmap.org/edit?editor=id&way=935761491#map=20/59.9399139/10.7422103"}}, {"type": "Feature", "geometry": {"type": "Point", "coordinates": [10.7421584, 59.9398731]}, "properties": {"id": 935761492, "feat_type": "way", "quality_categories": "crossings_lacking_kerbs, replaceable_values", "issue_ids": "[2, 1]", "osm_url": "https://www.openstreetmap.org/way/935761492", "josm_url": "http://127.0.0.1:8111/load_object?new_layer=false&objects=w935761492", "id_url": "https://www.openstreetmap.org/edit?editor=id&way=935761492#map=20/59.9398731/10.7421584"}}, {"type": "Feature", "geometry": {"type": "Point", "coordinates": [10.7821913, 59.9230406]}, "properties": {"id": 936214780, "feat_type": "way", "quality_categories": "crossings_lacking_kerbs, older_than_five_years", "issue_ids": "[99, 1]", "osm_url": "https://www.openstreetmap.org/way/936214780", "josm_url": "http://127.0.0.1:8111/load_object?new_layer=false&objects=w936214780", "id_url": "https://www.openstreetmap.org/edit?editor=id&way=936214780#map=20/59.9230406/10.7821913"}}, {"type": "Feature", "geometry": {"type": "Point", "coordinates": [10.7161855, 59.9217688]}, "properties": {"id": 936763789, "feat_type": "way", "quality_categories": "crossings_lacking_kerbs, replaceable_values", "issue_ids": "[2, 1]", "osm_url": "https://www.openstreetmap.org/way/936763789", "josm_url": "http://127.0.0.1:8111/load_object?new_layer=false&objects=w936763789", "id_url": "https://www.openstreetmap.org/edit?editor=id&way=936763789#map=20/59.9217688/10.7161855"}}, {"type": "Feature", "geometry": {"type": "Point", "coordinates": [10.7156547, 59.9209022]}, "properties": {"id": 936763796, "feat_type": "way", "quality_categories": "crossings_lacking_kerbs, replaceable_values", "issue_ids": "[2, 1]", "osm_url": "https://www.openstreetmap.org/way/936763796", "josm_url": "http://127.0.0.1:8111/load_object?new_layer=false&objects=w936763796", "id_url": "https://www.openstreetmap.org/edit?editor=id&way=936763796#map=20/59.9209022/10.7156547"}}, {"type": "Feature", "geometry": {"type": "Point", "coordinates": [10.7174962, 59.9249238]}, "properties": {"id": 936764035, "feat_type": "way", "quality_categories": "crossings_lacking_kerbs, replaceable_values", "issue_ids": "[2, 1]", "osm_url": "https://www.openstreetmap.org/way/936764035", "josm_url": "http://127.0.0.1:8111/load_object?new_layer=false&objects=w936764035", "id_url": "https://www.openstreetmap.org/edit?editor=id&way=936764035#map=20/59.9249238/10.7174962"}}, {"type": "Feature", "geometry": {"type": "Point", "coordinates": [10.7355279, 59.9242073]}, "properties": {"id": 939276343, "feat_type": "way", "quality_categories": "crossings_lacking_kerbs, older_than_five_years, replaceable_values", "issue_ids": "[2, 100, 1]", "osm_url": "https://www.openstreetmap.org/way/939276343", "josm_url": "http://127.0.0.1:8111/load_object?new_layer=false&objects=w939276343", "id_url": "https://www.openstreetmap.org/edit?editor=id&way=939276343#map=20/59.9242073/10.7355279"}}, {"type": "Feature", "geometry": {"type": "Point", "coordinates": [10.7540256, 59.9192648]}, "properties": {"id": 939288460, "feat_type": "way", "quality_categories": "crossings_lacking_kerbs, older_than_five_years", "issue_ids": "[101, 1]", "osm_url": "https://www.openstreetmap.org/way/939288460", "josm_url": "http://127.0.0.1:8111/load_object?new_layer=false&objects=w939288460", "id_url": "https://www.openstreetmap.org/edit?editor=id&way=939288460#map=20/59.9192648/10.7540256"}}, {"type": "Feature", "geometry": {"type": "Point", "coordinates": [10.7652661, 59.9141954]}, "properties": {"id": 939298718, "feat_type": "way", "quality_categories": "crossings_lacking_kerbs, older_than_five_years, replaceable_values", "issue_ids": "[2, 102, 1]", "osm_url": "https://www.openstreetmap.org/way/939298718", "josm_url": "http://127.0.0.1:8111/load_object?new_layer=false&objects=w939298718", "id_url": "https://www.openstreetmap.org/edit?editor=id&way=939298718#map=20/59.9141954/10.7652661"}}, {"type": "Feature", "geometry": {"type": "Point", "coordinates": [10.7345487, 59.9122662]}, "properties": {"id": 939784129, "feat_type": "way", "quality_categories": "crossings_lacking_kerbs, older_than_five_years, replaceable_values", "issue_ids": "[3, 12, 1]", "osm_url": "https://www.openstreetmap.org/way/939784129", "josm_url": "http://127.0.0.1:8111/load_object?new_layer=false&objects=w939784129", "id_url": "https://www.openstreetmap.org/edit?editor=id&way=939784129#map=20/59.9122662/10.7345487"}}, {"type": "Feature", "geometry": {"type": "Point", "coordinates": [10.7557469, 59.9210605]}, "properties": {"id": 939994009, "feat_type": "way", "quality_categories": "crossings_lacking_kerbs, older_than_five_years, replaceable_values", "issue_ids": "[2, 97, 1]", "osm_url": "https://www.openstreetmap.org/way/939994009", "josm_url": "http://127.0.0.1:8111/load_object?new_layer=false&objects=w939994009", "id_url": "https://www.openstreetmap.org/edit?editor=id&way=939994009#map=20/59.9210605/10.7557469"}}, {"type": "Feature", "geometry": {"type": "Point", "coordinates": [10.7558151, 59.9206393]}, "properties": {"id": 939994013, "feat_type": "way", "quality_categories": "crossings_lacking_kerbs, older_than_five_years", "issue_ids": "[97, 1]", "osm_url": "https://www.openstreetmap.org/way/939994013", "josm_url": "http://127.0.0.1:8111/load_object?new_layer=false&objects=w939994013", "id_url": "https://www.openstreetmap.org/edit?editor=id&way=939994013#map=20/59.9206393/10.7558151"}}, {"type": "Feature", "geometry": {"type": "Point", "coordinates": [10.7438545, 59.9389402]}, "properties": {"id": 940374395, "feat_type": "way", "quality_categories": "crossings_lacking_kerbs, older_than_five_years", "issue_ids": "[95, 1]", "osm_url": "https://www.openstreetmap.org/way/940374395", "josm_url": "http://127.0.0.1:8111/load_object?new_layer=false&objects=w940374395", "id_url": "https://www.openstreetmap.org/edit?editor=id&way=940374395#map=20/59.9389402/10.7438545"}}, {"type": "Feature", "geometry": {"type": "Point", "coordinates": [10.7882986, 59.9151121]}, "properties": {"id": 940733166, "feat_type": "way", "quality_categories": "crossings_lacking_kerbs, replaceable_values", "issue_ids": "[2, 1]", "osm_url": "https://www.openstreetmap.org/way/940733166", "josm_url": "http://127.0.0.1:8111/load_object?new_layer=false&objects=w940733166", "id_url": "https://www.openstreetmap.org/edit?editor=id&way=940733166#map=20/59.9151121/10.7882986"}}, {"type": "Feature", "geometry": {"type": "Point", "coordinates": [10.7219263, 59.9290401]}, "properties": {"id": 940741296, "feat_type": "way", "quality_categories": "crossings_lacking_kerbs, replaceable_values", "issue_ids": "[2, 1]", "osm_url": "https://www.openstreetmap.org/way/940741296", "josm_url": "http://127.0.0.1:8111/load_object?new_layer=false&objects=w940741296", "id_url": "https://www.openstreetmap.org/edit?editor=id&way=940741296#map=20/59.9290401/10.7219263"}}, {"type": "Feature", "geometry": {"type": "Point", "coordinates": [10.7220655, 59.9290293]}, "properties": {"id": 940741298, "feat_type": "way", "quality_categories": "crossings_lacking_kerbs, replaceable_values", "issue_ids": "[2, 1]", "osm_url": "https://www.openstreetmap.org/way/940741298", "josm_url": "http://127.0.0.1:8111/load_object?new_layer=false&objects=w940741298", "id_url": "https://www.openstreetmap.org/edit?editor=id&way=940741298#map=20/59.9290293/10.7220655"}}, {"type": "Feature", "geometry": {"type": "Point", "coordinates": [10.7254849, 59.9275069]}, "properties": {"id": 940754166, "feat_type": "way", "quality_categories": "crossings_lacking_kerbs, replaceable_values", "issue_ids": "[2, 1]", "osm_url": "https://www.openstreetmap.org/way/940754166", "josm_url": "http://127.0.0.1:8111/load_object?new_layer=false&objects=w940754166", "id_url": "https://www.openstreetmap.org/edit?editor=id&way=940754166#map=20/59.9275069/10.7254849"}}, {"type": "Feature", "geometry": {"type": "Point", "coordinates": [10.7542876, 59.9329984]}, "properties": {"id": 941378756, "feat_type": "way", "quality_categories": "crossings_lacking_kerbs, replaceable_values", "issue_ids": "[2, 1]", "osm_url": "https://www.openstreetmap.org/way/941378756", "josm_url": "http://127.0.0.1:8111/load_object?new_layer=false&objects=w941378756", "id_url": "https://www.openstreetmap.org/edit?editor=id&way=941378756#map=20/59.9329984/10.7542876"}}, {"type": "Feature", "geometry": {"type": "Point", "coordinates": [10.7549811, 59.9394777]}, "properties": {"id": 941403103, "feat_type": "way", "quality_categories": "crossings_lacking_kerbs, older_than_five_years", "issue_ids": "[8, 1]", "osm_url": "https://www.openstreetmap.org/way/941403103", "josm_url": "http://127.0.0.1:8111/load_object?new_layer=false&objects=w941403103", "id_url": "https://www.openstreetmap.org/edit?editor=id&way=941403103#map=20/59.9394777/10.7549811"}}, {"type": "Feature", "geometry": {"type": "Point", "coordinates": [10.7802159, 59.9294134]}, "properties": {"id": 941423057, "feat_type": "way", "quality_categories": "crossings_lacking_kerbs, replaceable_values", "issue_ids": "[2, 1]", "osm_url": "https://www.openstreetmap.org/way/941423057", "josm_url": "http://127.0.0.1:8111/load_object?new_layer=false&objects=w941423057", "id_url": "https://www.openstreetmap.org/edit?editor=id&way=941423057#map=20/59.9294134/10.7802159"}}, {"type": "Feature", "geometry": {"type": "Point", "coordinates": [10.7680949, 59.9235057]}, "properties": {"id": 941441950, "feat_type": "way", "quality_categories": "crossings_lacking_kerbs, older_than_five_years", "issue_ids": "[8, 1]", "osm_url": "https://www.openstreetmap.org/way/941441950", "josm_url": "http://127.0.0.1:8111/load_object?new_layer=false&objects=w941441950", "id_url": "https://www.openstreetmap.org/edit?editor=id&way=941441950#map=20/59.9235057/10.7680949"}}, {"type": "Feature", "geometry": {"type": "Point", "coordinates": [10.7369052, 59.9368485]}, "properties": {"id": 941809270, "feat_type": "way", "quality_categories": "crossings_lacking_kerbs, older_than_five_years, replaceable_values", "issue_ids": "[2, 103, 1]", "osm_url": "https://www.openstreetmap.org/way/941809270", "josm_url": "http://127.0.0.1:8111/load_object?new_layer=false&objects=w941809270", "id_url": "https://www.openstreetmap.org/edit?editor=id&way=941809270#map=20/59.9368485/10.7369052"}}, {"type": "Feature", "geometry": {"type": "Point", "coordinates": [10.7161497, 59.9328541]}, "properties": {"id": 945534022, "feat_type": "way", "quality_categories": "crossings_lacking_kerbs, older_than_five_years", "issue_ids": "[104, 1]", "osm_url": "https://www.openstreetmap.org/way/945534022", "josm_url": "http://127.0.0.1:8111/load_object?new_layer=false&objects=w945534022", "id_url": "https://www.openstreetmap.org/edit?editor=id&way=945534022#map=20/59.9328541/10.7161497"}}, {"type": "Feature", "geometry": {"type": "Point", "coordinates": [10.7189862, 59.9356478]}, "properties": {"id": 945534026, "feat_type": "way", "quality_categories": "crossings_lacking_kerbs, older_than_five_years, replaceable_values", "issue_ids": "[2, 104, 1]", "osm_url": "https://www.openstreetmap.org/way/945534026", "josm_url": "http://127.0.0.1:8111/load_object?new_layer=false&objects=w945534026", "id_url": "https://www.openstreetmap.org/edit?editor=id&way=945534026#map=20/59.9356478/10.7189862"}}, {"type": "Feature", "geometry": {"type": "Point", "coordinates": [10.8278525, 59.9494445]}, "properties": {"id": 947386102, "feat_type": "way", "quality_categories": "crossings_lacking_kerbs, older_than_five_years", "issue_ids": "[105, 1]", "osm_url": "https://www.openstreetmap.org/way/947386102", "josm_url": "http://127.0.0.1:8111/load_object?new_layer=false&objects=w947386102", "id_url": "https://www.openstreetmap.org/edit?editor=id&way=947386102#map=20/59.9494445/10.8278525"}}, {"type": "Feature", "geometry": {"type": "Point", "coordinates": [10.8067391, 59.9343673]}, "properties": {"id": 964234684, "feat_type": "way", "quality_categories": "crossings_lacking_kerbs, missing_tags, older_than_five_years", "issue_ids": "[91, 5, 1]", "osm_url": "https://www.openstreetmap.org/way/964234684", "josm_url": "http://127.0.0.1:8111/load_object?new_layer=false&objects=w964234684", "id_url": "https://www.openstreetmap.org/edit?editor=id&way=964234684#map=20/59.9343673/10.8067391"}}, {"type": "Feature", "geometry": {"type": "Point", "coordinates": [10.8726018, 59.9343173]}, "properties": {"id": 968937409, "feat_type": "way", "quality_categories": "crossings_lacking_kerbs, missing_tags, older_than_five_years", "issue_ids": "[47, 5, 1]", "osm_url": "https://www.openstreetmap.org/way/968937409", "josm_url": "http://127.0.0.1:8111/load_object?new_layer=false&objects=w968937409", "id_url": "https://www.openstreetmap.org/edit?editor=id&way=968937409#map=20/59.9343173/10.8726018"}}, {"type": "Feature", "geometry": {"type": "Point", "coordinates": [10.6852252, 59.9368481]}, "properties": {"id": 970500249, "feat_type": "way", "quality_categories": "crossings_lacking_kerbs, older_than_five_years", "issue_ids": "[106, 1]", "osm_url": "https://www.openstreetmap.org/way/970500249", "josm_url": "http://127.0.0.1:8111/load_object?new_layer=false&objects=w970500249", "id_url": "https://www.openstreetmap.org/edit?editor=id&way=970500249#map=20/59.9368481/10.6852252"}}, {"type": "Feature", "geometry": {"type": "Point", "coordinates": [10.7486018, 59.9452935]}, "properties": {"id": 970500286, "feat_type": "way", "quality_categories": "crossings_lacking_kerbs, replaceable_values", "issue_ids": "[2, 1]", "osm_url": "https://www.openstreetmap.org/way/970500286", "josm_url": "http://127.0.0.1:8111/load_object?new_layer=false&objects=w970500286", "id_url": "https://www.openstreetmap.org/edit?editor=id&way=970500286#map=20/59.9452935/10.7486018"}}, {"type": "Feature", "geometry": {"type": "Point", "coordinates": [10.755892, 59.945583]}, "properties": {"id": 972069082, "feat_type": "way", "quality_categories": "crossings_lacking_kerbs, older_than_five_years", "issue_ids": "[107, 1]", "osm_url": "https://www.openstreetmap.org/way/972069082", "josm_url": "http://127.0.0.1:8111/load_object?new_layer=false&objects=w972069082", "id_url": "https://www.openstreetmap.org/edit?editor=id&way=972069082#map=20/59.945583/10.755892"}}, {"type": "Feature", "geometry": {"type": "Point", "coordinates": [10.7558042, 59.945632]}, "properties": {"id": 972069085, "feat_type": "way", "quality_categories": "crossings_lacking_kerbs, older_than_five_years", "issue_ids": "[107, 1]", "osm_url": "https://www.openstreetmap.org/way/972069085", "josm_url": "http://127.0.0.1:8111/load_object?new_layer=false&objects=w972069085", "id_url": "https://www.openstreetmap.org/edit?editor=id&way=972069085#map=20/59.945632/10.7558042"}}, {"type": "Feature", "geometry": {"type": "Point", "coordinates": [10.7578826, 59.9464767]}, "properties": {"id": 972173735, "feat_type": "way", "quality_categories": "crossings_lacking_kerbs, older_than_five_years", "issue_ids": "[108, 1]", "osm_url": "https://www.openstreetmap.org/way/972173735", "josm_url": "http://127.0.0.1:8111/load_object?new_layer=false&objects=w972173735", "id_url": "https://www.openstreetmap.org/edit?editor=id&way=972173735#map=20/59.9464767/10.7578826"}}, {"type": "Feature", "geometry": {"type": "Point", "coordinates": [10.7459333, 59.9127415]}, "properties": {"id": 973084066, "feat_type": "way", "quality_categories": "crossings_lacking_kerbs, replaceable_values", "issue_ids": "[2, 1]", "osm_url": "https://www.openstreetmap.org/way/973084066", "josm_url": "http://127.0.0.1:8111/load_object?new_layer=false&objects=w973084066", "id_url": "https://www.openstreetmap.org/edit?editor=id&way=973084066#map=20/59.9127415/10.7459333"}}, {"type": "Feature", "geometry": {"type": "Point", "coordinates": [10.6855827, 59.9464574]}, "properties": {"id": 974039853, "feat_type": "way", "quality_categories": "crossings_lacking_kerbs, older_than_five_years, replaceable_values", "issue_ids": "[2, 109, 1]", "osm_url": "https://www.openstreetmap.org/way/974039853", "josm_url": "http://127.0.0.1:8111/load_object?new_layer=false&objects=w974039853", "id_url": "https://www.openstreetmap.org/edit?editor=id&way=974039853#map=20/59.9464574/10.6855827"}}, {"type": "Feature", "geometry": {"type": "Point", "coordinates": [10.6477236, 59.9753035]}, "properties": {"id": 981847186, "feat_type": "way", "quality_categories": "crossings_lacking_kerbs, replaceable_values", "issue_ids": "[2, 1]", "osm_url": "https://www.openstreetmap.org/way/981847186", "josm_url": "http://127.0.0.1:8111/load_object?new_layer=false&objects=w981847186", "id_url": "https://www.openstreetmap.org/edit?editor=id&way=981847186#map=20/59.9753035/10.6477236"}}, {"type": "Feature", "geometry": {"type": "Point", "coordinates": [10.6531378, 59.9806084]}, "properties": {"id": 981854035, "feat_type": "way", "quality_categories": "crossings_lacking_kerbs, missing_tags", "issue_ids": "[5, 1]", "osm_url": "https://www.openstreetmap.org/way/981854035", "josm_url": "http://127.0.0.1:8111/load_object?new_layer=false&objects=w981854035", "id_url": "https://www.openstreetmap.org/edit?editor=id&way=981854035#map=20/59.9806084/10.6531378"}}, {"type": "Feature", "geometry": {"type": "Point", "coordinates": [10.7134534, 59.9263991]}, "properties": {"id": 982053661, "feat_type": "way", "quality_categories": "crossings_lacking_kerbs, replaceable_values", "issue_ids": "[2, 1]", "osm_url": "https://www.openstreetmap.org/way/982053661", "josm_url": "http://127.0.0.1:8111/load_object?new_layer=false&objects=w982053661", "id_url": "https://www.openstreetmap.org/edit?editor=id&way=982053661#map=20/59.9263991/10.7134534"}}, {"type": "Feature", "geometry": {"type": "Point", "coordinates": [10.7354501, 59.9230766]}, "properties": {"id": 986062348, "feat_type": "way", "quality_categories": "crossings_lacking_kerbs, replaceable_values", "issue_ids": "[2, 1]", "osm_url": "https://www.openstreetmap.org/way/986062348", "josm_url": "http://127.0.0.1:8111/load_object?new_layer=false&objects=w986062348", "id_url": "https://www.openstreetmap.org/edit?editor=id&way=986062348#map=20/59.9230766/10.7354501"}}, {"type": "Feature", "geometry": {"type": "Point", "coordinates": [10.7205193, 59.9209681]}, "properties": {"id": 987231956, "feat_type": "way", "quality_categories": "crossings_lacking_kerbs, missing_tags, replaceable_values", "issue_ids": "[2, 5, 1]", "osm_url": "https://www.openstreetmap.org/way/987231956", "josm_url": "http://127.0.0.1:8111/load_object?new_layer=false&objects=w987231956", "id_url": "https://www.openstreetmap.org/edit?editor=id&way=987231956#map=20/59.9209681/10.7205193"}}, {"type": "Feature", "geometry": {"type": "Point", "coordinates": [10.7406351, 59.9112856]}, "properties": {"id": 995344351, "feat_type": "way", "quality_categories": "crossings_lacking_kerbs, improper_keys", "issue_ids": "[110, 1]", "osm_url": "https://www.openstreetmap.org/way/995344351", "josm_url": "http://127.0.0.1:8111/load_object?new_layer=false&objects=w995344351", "id_url": "https://www.openstreetmap.org/edit?editor=id&way=995344351#map=20/59.9112856/10.7406351"}}, {"type": "Feature", "geometry": {"type": "Point", "coordinates": [10.7406351, 59.9112856]}, "properties": {"id": 995344352, "feat_type": "way", "quality_categories": "crossings_lacking_kerbs, improper_keys", "issue_ids": "[110, 1]", "osm_url": "https://www.openstreetmap.org/way/995344352", "josm_url": "http://127.0.0.1:8111/load_object?new_layer=false&objects=w995344352", "id_url": "https://www.openstreetmap.org/edit?editor=id&way=995344352#map=20/59.9112856/10.7406351"}}, {"type": "Feature", "geometry": {"type": "Point", "coordinates": [10.6492617, 59.9388973]}, "properties": {"id": 1000054856, "feat_type": "way", "quality_categories": "crossings_lacking_kerbs, replaceable_values", "issue_ids": "[2, 1]", "osm_url": "https://www.openstreetmap.org/way/1000054856", "josm_url": "http://127.0.0.1:8111/load_object?new_layer=false&objects=w1000054856", "id_url": "https://www.openstreetmap.org/edit?editor=id&way=1000054856#map=20/59.9388973/10.6492617"}}, {"type": "Feature", "geometry": {"type": "Point", "coordinates": [10.6499089, 59.9397602]}, "properties": {"id": 1000054867, "feat_type": "way", "quality_categories": "crossings_lacking_kerbs, replaceable_values", "issue_ids": "[2, 1]", "osm_url": "https://www.openstreetmap.org/way/1000054867", "josm_url": "http://127.0.0.1:8111/load_object?new_layer=false&objects=w1000054867", "id_url": "https://www.openstreetmap.org/edit?editor=id&way=1000054867#map=20/59.9397602/10.6499089"}}, {"type": "Feature", "geometry": {"type": "Point", "coordinates": [10.6755434, 59.9273338]}, "properties": {"id": 1005806005, "feat_type": "way", "quality_categories": "crossings_lacking_kerbs, replaceable_values", "issue_ids": "[2, 1]", "osm_url": "https://www.openstreetmap.org/way/1005806005", "josm_url": "http://127.0.0.1:8111/load_object?new_layer=false&objects=w1005806005", "id_url": "https://www.openstreetmap.org/edit?editor=id&way=1005806005#map=20/59.9273338/10.6755434"}}, {"type": "Feature", "geometry": {"type": "Point", "coordinates": [10.7898597, 59.9160356]}, "properties": {"id": 1008637100, "feat_type": "way", "quality_categories": "crossings_lacking_kerbs, missing_tags", "issue_ids": "[5, 1]", "osm_url": "https://www.openstreetmap.org/way/1008637100", "josm_url": "http://127.0.0.1:8111/load_object?new_layer=false&objects=w1008637100", "id_url": "https://www.openstreetmap.org/edit?editor=id&way=1008637100#map=20/59.9160356/10.7898597"}}, {"type": "Feature", "geometry": {"type": "Point", "coordinates": [10.7398552, 59.9188067]}, "properties": {"id": 1022396990, "feat_type": "way", "quality_categories": "crossings_lacking_kerbs, replaceable_values", "issue_ids": "[2, 1]", "osm_url": "https://www.openstreetmap.org/way/1022396990", "josm_url": "http://127.0.0.1:8111/load_object?new_layer=false&objects=w1022396990", "id_url": "https://www.openstreetmap.org/edit?editor=id&way=1022396990#map=20/59.9188067/10.7398552"}}, {"type": "Feature", "geometry": {"type": "Point", "coordinates": [10.7891152, 59.9326733]}, "properties": {"id": 1024379771, "feat_type": "way", "quality_categories": "crossings_lacking_kerbs, missing_tags", "issue_ids": "[5, 1]", "osm_url": "https://www.openstreetmap.org/way/1024379771", "josm_url": "http://127.0.0.1:8111/load_object?new_layer=false&objects=w1024379771", "id_url": "https://www.openstreetmap.org/edit?editor=id&way=1024379771#map=20/59.9326733/10.7891152"}}, {"type": "Feature", "geometry": {"type": "Point", "coordinates": [10.8136316, 59.9241591]}, "properties": {"id": 1050662487, "feat_type": "way", "quality_categories": "crossings_lacking_kerbs, replaceable_values", "issue_ids": "[2, 1]", "osm_url": "https://www.openstreetmap.org/way/1050662487", "josm_url": "http://127.0.0.1:8111/load_object?new_layer=false&objects=w1050662487", "id_url": "https://www.openstreetmap.org/edit?editor=id&way=1050662487#map=20/59.9241591/10.8136316"}}, {"type": "Feature", "geometry": {"type": "Point", "coordinates": [10.9109943, 59.944161]}, "properties": {"id": 1056618565, "feat_type": "way", "quality_categories": "crossings_lacking_kerbs, missing_tags", "issue_ids": "[5, 1]", "osm_url": "https://www.openstreetmap.org/way/1056618565", "josm_url": "http://127.0.0.1:8111/load_object?new_layer=false&objects=w1056618565", "id_url": "https://www.openstreetmap.org/edit?editor=id&way=1056618565#map=20/59.944161/10.9109943"}}, {"type": "Feature", "geometry": {"type": "Point", "coordinates": [10.7302269, 59.9343884]}, "properties": {"id": 1063611405, "feat_type": "way", "quality_categories": "crossings_lacking_kerbs, replaceable_values", "issue_ids": "[2, 1]", "osm_url": "https://www.openstreetmap.org/way/1063611405", "josm_url": "http://127.0.0.1:8111/load_object?new_layer=false&objects=w1063611405", "id_url": "https://www.openstreetmap.org/edit?editor=id&way=1063611405#map=20/59.9343884/10.7302269"}}, {"type": "Feature", "geometry": {"type": "Point", "coordinates": [10.7798477, 59.9603142]}, "properties": {"id": 1071692179, "feat_type": "way", "quality_categories": "crossings_lacking_kerbs, replaceable_values", "issue_ids": "[2, 1]", "osm_url": "https://www.openstreetmap.org/way/1071692179", "josm_url": "http://127.0.0.1:8111/load_object?new_layer=false&objects=w1071692179", "id_url": "https://www.openstreetmap.org/edit?editor=id&way=1071692179#map=20/59.9603142/10.7798477"}}, {"type": "Feature", "geometry": {"type": "Point", "coordinates": [10.7780033, 59.9611272]}, "properties": {"id": 1071700056, "feat_type": "way", "quality_categories": "crossings_lacking_kerbs, replaceable_values", "issue_ids": "[2, 1]", "osm_url": "https://www.openstreetmap.org/way/1071700056", "josm_url": "http://127.0.0.1:8111/load_object?new_layer=false&objects=w1071700056", "id_url": "https://www.openstreetmap.org/edit?editor=id&way=1071700056#map=20/59.9611272/10.7780033"}}, {"type": "Feature", "geometry": {"type": "Point", "coordinates": [10.6429695, 59.9213178]}, "properties": {"id": 1084070968, "feat_type": "way", "quality_categories": "crossings_lacking_kerbs, missing_tags", "issue_ids": "[5, 1]", "osm_url": "https://www.openstreetmap.org/way/1084070968", "josm_url": "http://127.0.0.1:8111/load_object?new_layer=false&objects=w1084070968", "id_url": "https://www.openstreetmap.org/edit?editor=id&way=1084070968#map=20/59.9213178/10.6429695"}}, {"type": "Feature", "geometry": {"type": "Point", "coordinates": [10.7626355, 59.9241416]}, "properties": {"id": 1088938054, "feat_type": "way", "quality_categories": "crossings_lacking_kerbs, replaceable_values", "issue_ids": "[2, 1]", "osm_url": "https://www.openstreetmap.org/way/1088938054", "josm_url": "http://127.0.0.1:8111/load_object?new_layer=false&objects=w1088938054", "id_url": "https://www.openstreetmap.org/edit?editor=id&way=1088938054#map=20/59.9241416/10.7626355"}}, {"type": "Feature", "geometry": {"type": "Point", "coordinates": [10.7392585, 59.9603138]}, "properties": {"id": 1092235190, "feat_type": "way", "quality_categories": "crossings_lacking_kerbs, replaceable_values", "issue_ids": "[2, 1]", "osm_url": "https://www.openstreetmap.org/way/1092235190", "josm_url": "http://127.0.0.1:8111/load_object?new_layer=false&objects=w1092235190", "id_url": "https://www.openstreetmap.org/edit?editor=id&way=1092235190#map=20/59.9603138/10.7392585"}}, {"type": "Feature", "geometry": {"type": "Point", "coordinates": [10.7392031, 59.9602623]}, "properties": {"id": 1092235191, "feat_type": "way", "quality_categories": "crossings_lacking_kerbs, replaceable_values", "issue_ids": "[2, 1]", "osm_url": "https://www.openstreetmap.org/way/1092235191", "josm_url": "http://127.0.0.1:8111/load_object?new_layer=false&objects=w1092235191", "id_url": "https://www.openstreetmap.org/edit?editor=id&way=1092235191#map=20/59.9602623/10.7392031"}}, {"type": "Feature", "geometry": {"type": "Point", "coordinates": [10.6838492, 59.9328834]}, "properties": {"id": 1096406867, "feat_type": "way", "quality_categories": "crossings_lacking_kerbs, replaceable_values", "issue_ids": "[2, 1]", "osm_url": "https://www.openstreetmap.org/way/1096406867", "josm_url": "http://127.0.0.1:8111/load_object?new_layer=false&objects=w1096406867", "id_url": "https://www.openstreetmap.org/edit?editor=id&way=1096406867#map=20/59.9328834/10.6838492"}}, {"type": "Feature", "geometry": {"type": "Point", "coordinates": [10.6753433, 59.9283256]}, "properties": {"id": 1120931346, "feat_type": "way", "quality_categories": "crossings_lacking_kerbs, missing_tags", "issue_ids": "[5, 1]", "osm_url": "https://www.openstreetmap.org/way/1120931346", "josm_url": "http://127.0.0.1:8111/load_object?new_layer=false&objects=w1120931346", "id_url": "https://www.openstreetmap.org/edit?editor=id&way=1120931346#map=20/59.9283256/10.6753433"}}, {"type": "Feature", "geometry": {"type": "Point", "coordinates": [10.7440635, 59.9124265]}, "properties": {"id": 1149892697, "feat_type": "way", "quality_categories": "crossings_lacking_kerbs, improper_keys", "issue_ids": "[28, 1]", "osm_url": "https://www.openstreetmap.org/way/1149892697", "josm_url": "http://127.0.0.1:8111/load_object?new_layer=false&objects=w1149892697", "id_url": "https://www.openstreetmap.org/edit?editor=id&way=1149892697#map=20/59.9124265/10.7440635"}}, {"type": "Feature", "geometry": {"type": "Point", "coordinates": [10.7455231, 59.9121105]}, "properties": {"id": 1149892699, "feat_type": "way", "quality_categories": "crossings_lacking_kerbs, improper_keys", "issue_ids": "[28, 1]", "osm_url": "https://www.openstreetmap.org/way/1149892699", "josm_url": "http://127.0.0.1:8111/load_object?new_layer=false&objects=w1149892699", "id_url": "https://www.openstreetmap.org/edit?editor=id&way=1149892699#map=20/59.9121105/10.7455231"}}, {"type": "Feature", "geometry": {"type": "Point", "coordinates": [10.7887099, 59.8474655]}, "properties": {"id": 1150486065, "feat_type": "way", "quality_categories": "crossings_lacking_kerbs, missing_tags, replaceable_values", "issue_ids": "[3, 5, 1]", "osm_url": "https://www.openstreetmap.org/way/1150486065", "josm_url": "http://127.0.0.1:8111/load_object?new_layer=false&objects=w1150486065", "id_url": "https://www.openstreetmap.org/edit?editor=id&way=1150486065#map=20/59.8474655/10.7887099"}}, {"type": "Feature", "geometry": {"type": "Point", "coordinates": [10.7887472, 59.8486301]}, "properties": {"id": 1150486068, "feat_type": "way", "quality_categories": "crossings_lacking_kerbs, missing_tags, replaceable_values", "issue_ids": "[3, 5, 1]", "osm_url": "https://www.openstreetmap.org/way/1150486068", "josm_url": "http://127.0.0.1:8111/load_object?new_layer=false&objects=w1150486068", "id_url": "https://www.openstreetmap.org/edit?editor=id&way=1150486068#map=20/59.8486301/10.7887472"}}, {"type": "Feature", "geometry": {"type": "Point", "coordinates": [10.7891362, 59.8488671]}, "properties": {"id": 1150486069, "feat_type": "way", "quality_categories": "crossings_lacking_kerbs, replaceable_values", "issue_ids": "[3, 1]", "osm_url": "https://www.openstreetmap.org/way/1150486069", "josm_url": "http://127.0.0.1:8111/load_object?new_layer=false&objects=w1150486069", "id_url": "https://www.openstreetmap.org/edit?editor=id&way=1150486069#map=20/59.8488671/10.7891362"}}, {"type": "Feature", "geometry": {"type": "Point", "coordinates": [10.9218757, 59.9524829]}, "properties": {"id": 1182211399, "feat_type": "way", "quality_categories": "crossings_lacking_kerbs, missing_tags", "issue_ids": "[5, 1]", "osm_url": "https://www.openstreetmap.org/way/1182211399", "josm_url": "http://127.0.0.1:8111/load_object?new_layer=false&objects=w1182211399", "id_url": "https://www.openstreetmap.org/edit?editor=id&way=1182211399#map=20/59.9524829/10.9218757"}}, {"type": "Feature", "geometry": {"type": "Point", "coordinates": [10.8333514, 59.8729889]}, "properties": {"id": 1204848978, "feat_type": "way", "quality_categories": "crossings_lacking_kerbs, missing_tags", "issue_ids": "[5, 1]", "osm_url": "https://www.openstreetmap.org/way/1204848978", "josm_url": "http://127.0.0.1:8111/load_object?new_layer=false&objects=w1204848978", "id_url": "https://www.openstreetmap.org/edit?editor=id&way=1204848978#map=20/59.8729889/10.8333514"}}, {"type": "Feature", "geometry": {"type": "Point", "coordinates": [10.8352733, 59.8732111]}, "properties": {"id": 1212118807, "feat_type": "way", "quality_categories": "crossings_lacking_kerbs, missing_tags", "issue_ids": "[5, 1]", "osm_url": "https://www.openstreetmap.org/way/1212118807", "josm_url": "http://127.0.0.1:8111/load_object?new_layer=false&objects=w1212118807", "id_url": "https://www.openstreetmap.org/edit?editor=id&way=1212118807#map=20/59.8732111/10.8352733"}}, {"type": "Feature", "geometry": {"type": "Point", "coordinates": [10.8405339, 59.8761126]}, "properties": {"id": 1212118811, "feat_type": "way", "quality_categories": "crossings_lacking_kerbs, missing_tags", "issue_ids": "[5, 1]", "osm_url": "https://www.openstreetmap.org/way/1212118811", "josm_url": "http://127.0.0.1:8111/load_object?new_layer=false&objects=w1212118811", "id_url": "https://www.openstreetmap.org/edit?editor=id&way=1212118811#map=20/59.8761126/10.8405339"}}, {"type": "Feature", "geometry": {"type": "Point", "coordinates": [10.7070713, 59.9238125]}, "properties": {"id": 1217525873, "feat_type": "way", "quality_categories": "crossings_lacking_kerbs, missing_tags", "issue_ids": "[5, 1]", "osm_url": "https://www.openstreetmap.org/way/1217525873", "josm_url": "http://127.0.0.1:8111/load_object?new_layer=false&objects=w1217525873", "id_url": "https://www.openstreetmap.org/edit?editor=id&way=1217525873#map=20/59.9238125/10.7070713"}}, {"type": "Feature", "geometry": {"type": "Point", "coordinates": [10.706833, 59.9239165]}, "properties": {"id": 1217525875, "feat_type": "way", "quality_categories": "crossings_lacking_kerbs, missing_tags", "issue_ids": "[5, 1]", "osm_url": "https://www.openstreetmap.org/way/1217525875", "josm_url": "http://127.0.0.1:8111/load_object?new_layer=false&objects=w1217525875", "id_url": "https://www.openstreetmap.org/edit?editor=id&way=1217525875#map=20/59.9239165/10.706833"}}, {"type": "Feature", "geometry": {"type": "Point", "coordinates": [10.7254993, 59.9276]}, "properties": {"id": 1218568712, "feat_type": "way", "quality_categories": "crossings_lacking_kerbs, replaceable_values", "issue_ids": "[2, 1]", "osm_url": "https://www.openstreetmap.org/way/1218568712", "josm_url": "http://127.0.0.1:8111/load_object?new_layer=false&objects=w1218568712", "id_url": "https://www.openstreetmap.org/edit?editor=id&way=1218568712#map=20/59.9276/10.7254993"}}, {"type": "Feature", "geometry": {"type": "Point", "coordinates": [10.72564, 59.9275008]}, "properties": {"id": 1218568714, "feat_type": "way", "quality_categories": "crossings_lacking_kerbs, replaceable_values", "issue_ids": "[2, 1]", "osm_url": "https://www.openstreetmap.org/way/1218568714", "josm_url": "http://127.0.0.1:8111/load_object?new_layer=false&objects=w1218568714", "id_url": "https://www.openstreetmap.org/edit?editor=id&way=1218568714#map=20/59.9275008/10.72564"}}, {"type": "Feature", "geometry": {"type": "Point", "coordinates": [10.7256664, 59.9275835]}, "properties": {"id": 1218568717, "feat_type": "way", "quality_categories": "crossings_lacking_kerbs, replaceable_values", "issue_ids": "[2, 1]", "osm_url": "https://www.openstreetmap.org/way/1218568717", "josm_url": "http://127.0.0.1:8111/load_object?new_layer=false&objects=w1218568717", "id_url": "https://www.openstreetmap.org/edit?editor=id&way=1218568717#map=20/59.9275835/10.7256664"}}, {"type": "Feature", "geometry": {"type": "Point", "coordinates": [10.675457, 59.92479]}, "properties": {"id": 1225271489, "feat_type": "way", "quality_categories": "crossings_lacking_kerbs, replaceable_values", "issue_ids": "[3, 1]", "osm_url": "https://www.openstreetmap.org/way/1225271489", "josm_url": "http://127.0.0.1:8111/load_object?new_layer=false&objects=w1225271489", "id_url": "https://www.openstreetmap.org/edit?editor=id&way=1225271489#map=20/59.92479/10.675457"}}, {"type": "Feature", "geometry": {"type": "Point", "coordinates": [10.6830752, 59.9216975]}, "properties": {"id": 1225298198, "feat_type": "way", "quality_categories": "crossings_lacking_kerbs, missing_tags", "issue_ids": "[5, 1]", "osm_url": "https://www.openstreetmap.org/way/1225298198", "josm_url": "http://127.0.0.1:8111/load_object?new_layer=false&objects=w1225298198", "id_url": "https://www.openstreetmap.org/edit?editor=id&way=1225298198#map=20/59.9216975/10.6830752"}}, {"type": "Feature", "geometry": {"type": "Point", "coordinates": [10.6702642, 59.9355277]}, "properties": {"id": 1226756702, "feat_type": "way", "quality_categories": "crossings_lacking_kerbs, missing_tags", "issue_ids": "[5, 1]", "osm_url": "https://www.openstreetmap.org/way/1226756702", "josm_url": "http://127.0.0.1:8111/load_object?new_layer=false&objects=w1226756702", "id_url": "https://www.openstreetmap.org/edit?editor=id&way=1226756702#map=20/59.9355277/10.6702642"}}, {"type": "Feature", "geometry": {"type": "Point", "coordinates": [10.8460111, 59.9104352]}, "properties": {"id": 1227032277, "feat_type": "way", "quality_categories": "crossings_lacking_kerbs, missing_tags", "issue_ids": "[5, 1]", "osm_url": "https://www.openstreetmap.org/way/1227032277", "josm_url": "http://127.0.0.1:8111/load_object?new_layer=false&objects=w1227032277", "id_url": "https://www.openstreetmap.org/edit?editor=id&way=1227032277#map=20/59.9104352/10.8460111"}}, {"type": "Feature", "geometry": {"type": "Point", "coordinates": [10.8481982, 59.9116485]}, "properties": {"id": 1227032278, "feat_type": "way", "quality_categories": "crossings_lacking_kerbs, missing_tags", "issue_ids": "[5, 1]", "osm_url": "https://www.openstreetmap.org/way/1227032278", "josm_url": "http://127.0.0.1:8111/load_object?new_layer=false&objects=w1227032278", "id_url": "https://www.openstreetmap.org/edit?editor=id&way=1227032278#map=20/59.9116485/10.8481982"}}, {"type": "Feature", "geometry": {"type": "Point", "coordinates": [10.724458, 59.9209269]}, "properties": {"id": 1227232355, "feat_type": "way", "quality_categories": "crossings_lacking_kerbs, replaceable_values", "issue_ids": "[2, 1]", "osm_url": "https://www.openstreetmap.org/way/1227232355", "josm_url": "http://127.0.0.1:8111/load_object?new_layer=false&objects=w1227232355", "id_url": "https://www.openstreetmap.org/edit?editor=id&way=1227232355#map=20/59.9209269/10.724458"}}, {"type": "Feature", "geometry": {"type": "Point", "coordinates": [10.710172, 59.9226578]}, "properties": {"id": 1227239731, "feat_type": "way", "quality_categories": "crossings_lacking_kerbs, replaceable_values", "issue_ids": "[2, 1]", "osm_url": "https://www.openstreetmap.org/way/1227239731", "josm_url": "http://127.0.0.1:8111/load_object?new_layer=false&objects=w1227239731", "id_url": "https://www.openstreetmap.org/edit?editor=id&way=1227239731#map=20/59.9226578/10.710172"}}, {"type": "Feature", "geometry": {"type": "Point", "coordinates": [10.7099832, 59.9227452]}, "properties": {"id": 1227239735, "feat_type": "way", "quality_categories": "crossings_lacking_kerbs, replaceable_values", "issue_ids": "[2, 1]", "osm_url": "https://www.openstreetmap.org/way/1227239735", "josm_url": "http://127.0.0.1:8111/load_object?new_layer=false&objects=w1227239735", "id_url": "https://www.openstreetmap.org/edit?editor=id&way=1227239735#map=20/59.9227452/10.7099832"}}, {"type": "Feature", "geometry": {"type": "Point", "coordinates": [10.7818549, 59.9101469]}, "properties": {"id": 1227405289, "feat_type": "way", "quality_categories": "crossings_lacking_kerbs, missing_tags", "issue_ids": "[5, 1]", "osm_url": "https://www.openstreetmap.org/way/1227405289", "josm_url": "http://127.0.0.1:8111/load_object?new_layer=false&objects=w1227405289", "id_url": "https://www.openstreetmap.org/edit?editor=id&way=1227405289#map=20/59.9101469/10.7818549"}}, {"type": "Feature", "geometry": {"type": "Point", "coordinates": [10.7828701, 59.9110272]}, "properties": {"id": 1227405294, "feat_type": "way", "quality_categories": "crossings_lacking_kerbs, missing_tags", "issue_ids": "[5, 1]", "osm_url": "https://www.openstreetmap.org/way/1227405294", "josm_url": "http://127.0.0.1:8111/load_object?new_layer=false&objects=w1227405294", "id_url": "https://www.openstreetmap.org/edit?editor=id&way=1227405294#map=20/59.9110272/10.7828701"}}, {"type": "Feature", "geometry": {"type": "Point", "coordinates": [10.7814152, 59.911208]}, "properties": {"id": 1227405295, "feat_type": "way", "quality_categories": "crossings_lacking_kerbs, missing_tags", "issue_ids": "[5, 1]", "osm_url": "https://www.openstreetmap.org/way/1227405295", "josm_url": "http://127.0.0.1:8111/load_object?new_layer=false&objects=w1227405295", "id_url": "https://www.openstreetmap.org/edit?editor=id&way=1227405295#map=20/59.911208/10.7814152"}}, {"type": "Feature", "geometry": {"type": "Point", "coordinates": [10.6851925, 59.934156]}, "properties": {"id": 1228647864, "feat_type": "way", "quality_categories": "crossings_lacking_kerbs, replaceable_values", "issue_ids": "[2, 1]", "osm_url": "https://www.openstreetmap.org/way/1228647864", "josm_url": "http://127.0.0.1:8111/load_object?new_layer=false&objects=w1228647864", "id_url": "https://www.openstreetmap.org/edit?editor=id&way=1228647864#map=20/59.934156/10.6851925"}}, {"type": "Feature", "geometry": {"type": "Point", "coordinates": [10.6836845, 59.9347985]}, "properties": {"id": 1228722885, "feat_type": "way", "quality_categories": "crossings_lacking_kerbs, replaceable_values", "issue_ids": "[2, 1]", "osm_url": "https://www.openstreetmap.org/way/1228722885", "josm_url": "http://127.0.0.1:8111/load_object?new_layer=false&objects=w1228722885", "id_url": "https://www.openstreetmap.org/edit?editor=id&way=1228722885#map=20/59.9347985/10.6836845"}}, {"type": "Feature", "geometry": {"type": "Point", "coordinates": [10.7144729, 59.9178488]}, "properties": {"id": 1228727922, "feat_type": "way", "quality_categories": "crossings_lacking_kerbs, missing_tags", "issue_ids": "[5, 1]", "osm_url": "https://www.openstreetmap.org/way/1228727922", "josm_url": "http://127.0.0.1:8111/load_object?new_layer=false&objects=w1228727922", "id_url": "https://www.openstreetmap.org/edit?editor=id&way=1228727922#map=20/59.9178488/10.7144729"}}, {"type": "Feature", "geometry": {"type": "Point", "coordinates": [10.7143308, 59.9177914]}, "properties": {"id": 1228727923, "feat_type": "way", "quality_categories": "crossings_lacking_kerbs, missing_tags", "issue_ids": "[5, 1]", "osm_url": "https://www.openstreetmap.org/way/1228727923", "josm_url": "http://127.0.0.1:8111/load_object?new_layer=false&objects=w1228727923", "id_url": "https://www.openstreetmap.org/edit?editor=id&way=1228727923#map=20/59.9177914/10.7143308"}}, {"type": "Feature", "geometry": {"type": "Point", "coordinates": [10.7177912, 59.9257461]}, "properties": {"id": 1228751601, "feat_type": "way", "quality_categories": "crossings_lacking_kerbs, missing_tags", "issue_ids": "[5, 1]", "osm_url": "https://www.openstreetmap.org/way/1228751601", "josm_url": "http://127.0.0.1:8111/load_object?new_layer=false&objects=w1228751601", "id_url": "https://www.openstreetmap.org/edit?editor=id&way=1228751601#map=20/59.9257461/10.7177912"}}, {"type": "Feature", "geometry": {"type": "Point", "coordinates": [10.7219901, 59.9289923]}, "properties": {"id": 1228801489, "feat_type": "way", "quality_categories": "crossings_lacking_kerbs, replaceable_values", "issue_ids": "[2, 1]", "osm_url": "https://www.openstreetmap.org/way/1228801489", "josm_url": "http://127.0.0.1:8111/load_object?new_layer=false&objects=w1228801489", "id_url": "https://www.openstreetmap.org/edit?editor=id&way=1228801489#map=20/59.9289923/10.7219901"}}, {"type": "Feature", "geometry": {"type": "Point", "coordinates": [10.7236024, 59.9288284]}, "properties": {"id": 1228801490, "feat_type": "way", "quality_categories": "crossings_lacking_kerbs, replaceable_values", "issue_ids": "[2, 1]", "osm_url": "https://www.openstreetmap.org/way/1228801490", "josm_url": "http://127.0.0.1:8111/load_object?new_layer=false&objects=w1228801490", "id_url": "https://www.openstreetmap.org/edit?editor=id&way=1228801490#map=20/59.9288284/10.7236024"}}, {"type": "Feature", "geometry": {"type": "Point", "coordinates": [10.7238019, 59.9289213]}, "properties": {"id": 1228801491, "feat_type": "way", "quality_categories": "crossings_lacking_kerbs, replaceable_values", "issue_ids": "[2, 1]", "osm_url": "https://www.openstreetmap.org/way/1228801491", "josm_url": "http://127.0.0.1:8111/load_object?new_layer=false&objects=w1228801491", "id_url": "https://www.openstreetmap.org/edit?editor=id&way=1228801491#map=20/59.9289213/10.7238019"}}, {"type": "Feature", "geometry": {"type": "Point", "coordinates": [10.7236696, 59.9290186]}, "properties": {"id": 1228801492, "feat_type": "way", "quality_categories": "crossings_lacking_kerbs, replaceable_values", "issue_ids": "[2, 1]", "osm_url": "https://www.openstreetmap.org/way/1228801492", "josm_url": "http://127.0.0.1:8111/load_object?new_layer=false&objects=w1228801492", "id_url": "https://www.openstreetmap.org/edit?editor=id&way=1228801492#map=20/59.9290186/10.7236696"}}, {"type": "Feature", "geometry": {"type": "Point", "coordinates": [10.7268964, 59.9298549]}, "properties": {"id": 1228801494, "feat_type": "way", "quality_categories": "crossings_lacking_kerbs, missing_tags, replaceable_values", "issue_ids": "[2, 5, 1]", "osm_url": "https://www.openstreetmap.org/way/1228801494", "josm_url": "http://127.0.0.1:8111/load_object?new_layer=false&objects=w1228801494", "id_url": "https://www.openstreetmap.org/edit?editor=id&way=1228801494#map=20/59.9298549/10.7268964"}}, {"type": "Feature", "geometry": {"type": "Point", "coordinates": [10.7245702, 59.9292721]}, "properties": {"id": 1228801495, "feat_type": "way", "quality_categories": "crossings_lacking_kerbs, replaceable_values", "issue_ids": "[2, 1]", "osm_url": "https://www.openstreetmap.org/way/1228801495", "josm_url": "http://127.0.0.1:8111/load_object?new_layer=false&objects=w1228801495", "id_url": "https://www.openstreetmap.org/edit?editor=id&way=1228801495#map=20/59.9292721/10.7245702"}}, {"type": "Feature", "geometry": {"type": "Point", "coordinates": [10.7248388, 59.9281773]}, "properties": {"id": 1228801496, "feat_type": "way", "quality_categories": "crossings_lacking_kerbs, replaceable_values", "issue_ids": "[2, 1]", "osm_url": "https://www.openstreetmap.org/way/1228801496", "josm_url": "http://127.0.0.1:8111/load_object?new_layer=false&objects=w1228801496", "id_url": "https://www.openstreetmap.org/edit?editor=id&way=1228801496#map=20/59.9281773/10.7248388"}}, {"type": "Feature", "geometry": {"type": "Point", "coordinates": [10.7246659, 59.9280889]}, "properties": {"id": 1228801497, "feat_type": "way", "quality_categories": "crossings_lacking_kerbs, replaceable_values", "issue_ids": "[2, 1]", "osm_url": "https://www.openstreetmap.org/way/1228801497", "josm_url": "http://127.0.0.1:8111/load_object?new_layer=false&objects=w1228801497", "id_url": "https://www.openstreetmap.org/edit?editor=id&way=1228801497#map=20/59.9280889/10.7246659"}}, {"type": "Feature", "geometry": {"type": "Point", "coordinates": [10.7247908, 59.9279986]}, "properties": {"id": 1228801498, "feat_type": "way", "quality_categories": "crossings_lacking_kerbs, replaceable_values", "issue_ids": "[2, 1]", "osm_url": "https://www.openstreetmap.org/way/1228801498", "josm_url": "http://127.0.0.1:8111/load_object?new_layer=false&objects=w1228801498", "id_url": "https://www.openstreetmap.org/edit?editor=id&way=1228801498#map=20/59.9279986/10.7247908"}}, {"type": "Feature", "geometry": {"type": "Point", "coordinates": [10.7248665, 59.9280461]}, "properties": {"id": 1228801499, "feat_type": "way", "quality_categories": "crossings_lacking_kerbs, replaceable_values", "issue_ids": "[2, 1]", "osm_url": "https://www.openstreetmap.org/way/1228801499", "josm_url": "http://127.0.0.1:8111/load_object?new_layer=false&objects=w1228801499", "id_url": "https://www.openstreetmap.org/edit?editor=id&way=1228801499#map=20/59.9280461/10.7248665"}}, {"type": "Feature", "geometry": {"type": "Point", "coordinates": [10.7247347, 59.9280463]}, "properties": {"id": 1228801500, "feat_type": "way", "quality_categories": "crossings_lacking_kerbs, replaceable_values", "issue_ids": "[2, 1]", "osm_url": "https://www.openstreetmap.org/way/1228801500", "josm_url": "http://127.0.0.1:8111/load_object?new_layer=false&objects=w1228801500", "id_url": "https://www.openstreetmap.org/edit?editor=id&way=1228801500#map=20/59.9280463/10.7247347"}}, {"type": "Feature", "geometry": {"type": "Point", "coordinates": [10.7166656, 59.9252519]}, "properties": {"id": 1231555322, "feat_type": "way", "quality_categories": "crossings_lacking_kerbs, missing_tags, wrong_mispelled_or_unlisted_values", "issue_ids": "[111, 5, 1]", "osm_url": "https://www.openstreetmap.org/way/1231555322", "josm_url": "http://127.0.0.1:8111/load_object?new_layer=false&objects=w1231555322", "id_url": "https://www.openstreetmap.org/edit?editor=id&way=1231555322#map=20/59.9252519/10.7166656"}}, {"type": "Feature", "geometry": {"type": "Point", "coordinates": [10.7166715, 59.9251547]}, "properties": {"id": 1231555323, "feat_type": "way", "quality_categories": "crossings_lacking_kerbs, missing_tags, wrong_mispelled_or_unlisted_values", "issue_ids": "[111, 5, 1]", "osm_url": "https://www.openstreetmap.org/way/1231555323", "josm_url": "http://127.0.0.1:8111/load_object?new_layer=false&objects=w1231555323", "id_url": "https://www.openstreetmap.org/edit?editor=id&way=1231555323#map=20/59.9251547/10.7166715"}}, {"type": "Feature", "geometry": {"type": "Point", "coordinates": [10.7168715, 59.9251731]}, "properties": {"id": 1231555324, "feat_type": "way", "quality_categories": "crossings_lacking_kerbs, missing_tags, wrong_mispelled_or_unlisted_values", "issue_ids": "[111, 5, 1]", "osm_url": "https://www.openstreetmap.org/way/1231555324", "josm_url": "http://127.0.0.1:8111/load_object?new_layer=false&objects=w1231555324", "id_url": "https://www.openstreetmap.org/edit?editor=id&way=1231555324#map=20/59.9251731/10.7168715"}}, {"type": "Feature", "geometry": {"type": "Point", "coordinates": [10.7168702, 59.9252596]}, "properties": {"id": 1231555325, "feat_type": "way", "quality_categories": "crossings_lacking_kerbs, missing_tags, wrong_mispelled_or_unlisted_values", "issue_ids": "[111, 5, 1]", "osm_url": "https://www.openstreetmap.org/way/1231555325", "josm_url": "http://127.0.0.1:8111/load_object?new_layer=false&objects=w1231555325", "id_url": "https://www.openstreetmap.org/edit?editor=id&way=1231555325#map=20/59.9252596/10.7168702"}}, {"type": "Feature", "geometry": {"type": "Point", "coordinates": [10.7160181, 59.9272057]}, "properties": {"id": 1231555339, "feat_type": "way", "quality_categories": "crossings_lacking_kerbs, missing_tags", "issue_ids": "[5, 1]", "osm_url": "https://www.openstreetmap.org/way/1231555339", "josm_url": "http://127.0.0.1:8111/load_object?new_layer=false&objects=w1231555339", "id_url": "https://www.openstreetmap.org/edit?editor=id&way=1231555339#map=20/59.9272057/10.7160181"}}, {"type": "Feature", "geometry": {"type": "Point", "coordinates": [10.814479, 59.8700352]}, "properties": {"id": 1240859780, "feat_type": "way", "quality_categories": "crossings_lacking_kerbs, missing_tags", "issue_ids": "[5, 1]", "osm_url": "https://www.openstreetmap.org/way/1240859780", "josm_url": "http://127.0.0.1:8111/load_object?new_layer=false&objects=w1240859780", "id_url": "https://www.openstreetmap.org/edit?editor=id&way=1240859780#map=20/59.8700352/10.814479"}}, {"type": "Feature", "geometry": {"type": "Point", "coordinates": [10.7195692, 59.9151006]}, "properties": {"id": 1241348511, "feat_type": "way", "quality_categories": "crossings_lacking_kerbs, missing_tags", "issue_ids": "[5, 1]", "osm_url": "https://www.openstreetmap.org/way/1241348511", "josm_url": "http://127.0.0.1:8111/load_object?new_layer=false&objects=w1241348511", "id_url": "https://www.openstreetmap.org/edit?editor=id&way=1241348511#map=20/59.9151006/10.7195692"}}, {"type": "Feature", "geometry": {"type": "Point", "coordinates": [10.7172317, 59.9223856]}, "properties": {"id": 1245946474, "feat_type": "way", "quality_categories": "crossings_lacking_kerbs, missing_tags", "issue_ids": "[5, 1]", "osm_url": "https://www.openstreetmap.org/way/1245946474", "josm_url": "http://127.0.0.1:8111/load_object?new_layer=false&objects=w1245946474", "id_url": "https://www.openstreetmap.org/edit?editor=id&way=1245946474#map=20/59.9223856/10.7172317"}}, {"type": "Feature", "geometry": {"type": "Point", "coordinates": [10.7756797, 59.9514971]}, "properties": {"id": 1253777063, "feat_type": "way", "quality_categories": "crossings_lacking_kerbs, missing_tags", "issue_ids": "[5, 1]", "osm_url": "https://www.openstreetmap.org/way/1253777063", "josm_url": "http://127.0.0.1:8111/load_object?new_layer=false&objects=w1253777063", "id_url": "https://www.openstreetmap.org/edit?editor=id&way=1253777063#map=20/59.9514971/10.7756797"}}, {"type": "Feature", "geometry": {"type": "Point", "coordinates": [10.8314656, 59.9099352]}, "properties": {"id": 1259513079, "feat_type": "way", "quality_categories": "crossings_lacking_kerbs, missing_tags", "issue_ids": "[5, 1]", "osm_url": "https://www.openstreetmap.org/way/1259513079", "josm_url": "http://127.0.0.1:8111/load_object?new_layer=false&objects=w1259513079", "id_url": "https://www.openstreetmap.org/edit?editor=id&way=1259513079#map=20/59.9099352/10.8314656"}}, {"type": "Feature", "geometry": {"type": "Point", "coordinates": [10.8314656, 59.9099352]}, "properties": {"id": 1259513080, "feat_type": "way", "quality_categories": "crossings_lacking_kerbs, improper_keys", "issue_ids": "[112, 1]", "osm_url": "https://www.openstreetmap.org/way/1259513080", "josm_url": "http://127.0.0.1:8111/load_object?new_layer=false&objects=w1259513080", "id_url": "https://www.openstreetmap.org/edit?editor=id&way=1259513080#map=20/59.9099352/10.8314656"}}, {"type": "Feature", "geometry": {"type": "Point", "coordinates": [10.7015139, 59.9401138]}, "properties": {"id": 1263749160, "feat_type": "way", "quality_categories": "crossings_lacking_kerbs, missing_tags", "issue_ids": "[5, 1]", "osm_url": "https://www.openstreetmap.org/way/1263749160", "josm_url": "http://127.0.0.1:8111/load_object?new_layer=false&objects=w1263749160", "id_url": "https://www.openstreetmap.org/edit?editor=id&way=1263749160#map=20/59.9401138/10.7015139"}}, {"type": "Feature", "geometry": {"type": "Point", "coordinates": [10.6997502, 59.9360753]}, "properties": {"id": 1263749165, "feat_type": "way", "quality_categories": "crossings_lacking_kerbs, missing_tags", "issue_ids": "[5, 1]", "osm_url": "https://www.openstreetmap.org/way/1263749165", "josm_url": "http://127.0.0.1:8111/load_object?new_layer=false&objects=w1263749165", "id_url": "https://www.openstreetmap.org/edit?editor=id&way=1263749165#map=20/59.9360753/10.6997502"}}, {"type": "Feature", "geometry": {"type": "Point", "coordinates": [10.7085976, 59.9163429]}, "properties": {"id": 1274413873, "feat_type": "way", "quality_categories": "crossings_lacking_kerbs, replaceable_values", "issue_ids": "[2, 1]", "osm_url": "https://www.openstreetmap.org/way/1274413873", "josm_url": "http://127.0.0.1:8111/load_object?new_layer=false&objects=w1274413873", "id_url": "https://www.openstreetmap.org/edit?editor=id&way=1274413873#map=20/59.9163429/10.7085976"}}, {"type": "Feature", "geometry": {"type": "Point", "coordinates": [10.7084468, 59.9162894]}, "properties": {"id": 1274413874, "feat_type": "way", "quality_categories": "crossings_lacking_kerbs, replaceable_values", "issue_ids": "[2, 1]", "osm_url": "https://www.openstreetmap.org/way/1274413874", "josm_url": "http://127.0.0.1:8111/load_object?new_layer=false&objects=w1274413874", "id_url": "https://www.openstreetmap.org/edit?editor=id&way=1274413874#map=20/59.9162894/10.7084468"}}, {"type": "Feature", "geometry": {"type": "Point", "coordinates": [10.9097309, 59.9543002]}, "properties": {"id": 1279738298, "feat_type": "way", "quality_categories": "crossings_lacking_kerbs, missing_tags", "issue_ids": "[5, 1]", "osm_url": "https://www.openstreetmap.org/way/1279738298", "josm_url": "http://127.0.0.1:8111/load_object?new_layer=false&objects=w1279738298", "id_url": "https://www.openstreetmap.org/edit?editor=id&way=1279738298#map=20/59.9543002/10.9097309"}}, {"type": "Feature", "geometry": {"type": "Point", "coordinates": [10.8398959, 59.9453933]}, "properties": {"id": 1279779457, "feat_type": "way", "quality_categories": "crossings_lacking_kerbs, missing_tags, replaceable_values", "issue_ids": "[3, 5, 1]", "osm_url": "https://www.openstreetmap.org/way/1279779457", "josm_url": "http://127.0.0.1:8111/load_object?new_layer=false&objects=w1279779457", "id_url": "https://www.openstreetmap.org/edit?editor=id&way=1279779457#map=20/59.9453933/10.8398959"}}, {"type": "Feature", "geometry": {"type": "Point", "coordinates": [10.8218367, 59.9294433]}, "properties": {"id": 1282769787, "feat_type": "way", "quality_categories": "crossings_lacking_kerbs, missing_tags", "issue_ids": "[5, 1]", "osm_url": "https://www.openstreetmap.org/way/1282769787", "josm_url": "http://127.0.0.1:8111/load_object?new_layer=false&objects=w1282769787", "id_url": "https://www.openstreetmap.org/edit?editor=id&way=1282769787#map=20/59.9294433/10.8218367"}}, {"type": "Feature", "geometry": {"type": "Point", "coordinates": [10.7198465, 59.9215053]}, "properties": {"id": 1286411321, "feat_type": "way", "quality_categories": "crossings_lacking_kerbs, missing_tags", "issue_ids": "[5, 1]", "osm_url": "https://www.openstreetmap.org/way/1286411321", "josm_url": "http://127.0.0.1:8111/load_object?new_layer=false&objects=w1286411321", "id_url": "https://www.openstreetmap.org/edit?editor=id&way=1286411321#map=20/59.9215053/10.7198465"}}, {"type": "Feature", "geometry": {"type": "Point", "coordinates": [10.7198775, 59.9216168]}, "properties": {"id": 1286411322, "feat_type": "way", "quality_categories": "crossings_lacking_kerbs, missing_tags", "issue_ids": "[5, 1]", "osm_url": "https://www.openstreetmap.org/way/1286411322", "josm_url": "http://127.0.0.1:8111/load_object?new_layer=false&objects=w1286411322", "id_url": "https://www.openstreetmap.org/edit?editor=id&way=1286411322#map=20/59.9216168/10.7198775"}}, {"type": "Feature", "geometry": {"type": "Point", "coordinates": [10.7199267, 59.9208068]}, "properties": {"id": 1286411327, "feat_type": "way", "quality_categories": "crossings_lacking_kerbs, wrong_mispelled_or_unlisted_values", "issue_ids": "[111, 1]", "osm_url": "https://www.openstreetmap.org/way/1286411327", "josm_url": "http://127.0.0.1:8111/load_object?new_layer=false&objects=w1286411327", "id_url": "https://www.openstreetmap.org/edit?editor=id&way=1286411327#map=20/59.9208068/10.7199267"}}, {"type": "Feature", "geometry": {"type": "Point", "coordinates": [10.7200949, 59.9206948]}, "properties": {"id": 1286411328, "feat_type": "way", "quality_categories": "crossings_lacking_kerbs, missing_tags", "issue_ids": "[5, 1]", "osm_url": "https://www.openstreetmap.org/way/1286411328", "josm_url": "http://127.0.0.1:8111/load_object?new_layer=false&objects=w1286411328", "id_url": "https://www.openstreetmap.org/edit?editor=id&way=1286411328#map=20/59.9206948/10.7200949"}}, {"type": "Feature", "geometry": {"type": "Point", "coordinates": [10.7200248, 59.9207644]}, "properties": {"id": 1286411329, "feat_type": "way", "quality_categories": "crossings_lacking_kerbs, missing_tags", "issue_ids": "[5, 1]", "osm_url": "https://www.openstreetmap.org/way/1286411329", "josm_url": "http://127.0.0.1:8111/load_object?new_layer=false&objects=w1286411329", "id_url": "https://www.openstreetmap.org/edit?editor=id&way=1286411329#map=20/59.9207644/10.7200248"}}, {"type": "Feature", "geometry": {"type": "Point", "coordinates": [10.7205935, 59.9211545]}, "properties": {"id": 1286411330, "feat_type": "way", "quality_categories": "crossings_lacking_kerbs, missing_tags", "issue_ids": "[5, 1]", "osm_url": "https://www.openstreetmap.org/way/1286411330", "josm_url": "http://127.0.0.1:8111/load_object?new_layer=false&objects=w1286411330", "id_url": "https://www.openstreetmap.org/edit?editor=id&way=1286411330#map=20/59.9211545/10.7205935"}}, {"type": "Feature", "geometry": {"type": "Point", "coordinates": [10.7123371, 59.9195488]}, "properties": {"id": 1286411333, "feat_type": "way", "quality_categories": "crossings_lacking_kerbs, missing_tags", "issue_ids": "[5, 1]", "osm_url": "https://www.openstreetmap.org/way/1286411333", "josm_url": "http://127.0.0.1:8111/load_object?new_layer=false&objects=w1286411333", "id_url": "https://www.openstreetmap.org/edit?editor=id&way=1286411333#map=20/59.9195488/10.7123371"}}, {"type": "Feature", "geometry": {"type": "Point", "coordinates": [10.6999075, 59.922013]}, "properties": {"id": 1286447481, "feat_type": "way", "quality_categories": "crossings_lacking_kerbs, replaceable_values", "issue_ids": "[2, 1]", "osm_url": "https://www.openstreetmap.org/way/1286447481", "josm_url": "http://127.0.0.1:8111/load_object?new_layer=false&objects=w1286447481", "id_url": "https://www.openstreetmap.org/edit?editor=id&way=1286447481#map=20/59.922013/10.6999075"}}, {"type": "Feature", "geometry": {"type": "Point", "coordinates": [10.69994, 59.9219375]}, "properties": {"id": 1286447482, "feat_type": "way", "quality_categories": "crossings_lacking_kerbs, replaceable_values", "issue_ids": "[2, 1]", "osm_url": "https://www.openstreetmap.org/way/1286447482", "josm_url": "http://127.0.0.1:8111/load_object?new_layer=false&objects=w1286447482", "id_url": "https://www.openstreetmap.org/edit?editor=id&way=1286447482#map=20/59.9219375/10.69994"}}, {"type": "Feature", "geometry": {"type": "Point", "coordinates": [10.7019996, 59.919924]}, "properties": {"id": 1286447484, "feat_type": "way", "quality_categories": "crossings_lacking_kerbs, replaceable_values", "issue_ids": "[2, 1]", "osm_url": "https://www.openstreetmap.org/way/1286447484", "josm_url": "http://127.0.0.1:8111/load_object?new_layer=false&objects=w1286447484", "id_url": "https://www.openstreetmap.org/edit?editor=id&way=1286447484#map=20/59.919924/10.7019996"}}, {"type": "Feature", "geometry": {"type": "Point", "coordinates": [10.7021873, 59.9199777]}, "properties": {"id": 1286447485, "feat_type": "way", "quality_categories": "crossings_lacking_kerbs, replaceable_values", "issue_ids": "[2, 1]", "osm_url": "https://www.openstreetmap.org/way/1286447485", "josm_url": "http://127.0.0.1:8111/load_object?new_layer=false&objects=w1286447485", "id_url": "https://www.openstreetmap.org/edit?editor=id&way=1286447485#map=20/59.9199777/10.7021873"}}, {"type": "Feature", "geometry": {"type": "Point", "coordinates": [10.7020704, 59.9200653]}, "properties": {"id": 1286447486, "feat_type": "way", "quality_categories": "crossings_lacking_kerbs, replaceable_values", "issue_ids": "[2, 1]", "osm_url": "https://www.openstreetmap.org/way/1286447486", "josm_url": "http://127.0.0.1:8111/load_object?new_layer=false&objects=w1286447486", "id_url": "https://www.openstreetmap.org/edit?editor=id&way=1286447486#map=20/59.9200653/10.7020704"}}, {"type": "Feature", "geometry": {"type": "Point", "coordinates": [10.7067399, 59.9181797]}, "properties": {"id": 1286447487, "feat_type": "way", "quality_categories": "crossings_lacking_kerbs, replaceable_values", "issue_ids": "[2, 1]", "osm_url": "https://www.openstreetmap.org/way/1286447487", "josm_url": "http://127.0.0.1:8111/load_object?new_layer=false&objects=w1286447487", "id_url": "https://www.openstreetmap.org/edit?editor=id&way=1286447487#map=20/59.9181797/10.7067399"}}, {"type": "Feature", "geometry": {"type": "Point", "coordinates": [10.7097956, 59.9122153]}, "properties": {"id": 1286447518, "feat_type": "way", "quality_categories": "crossings_lacking_kerbs, replaceable_values", "issue_ids": "[2, 1]", "osm_url": "https://www.openstreetmap.org/way/1286447518", "josm_url": "http://127.0.0.1:8111/load_object?new_layer=false&objects=w1286447518", "id_url": "https://www.openstreetmap.org/edit?editor=id&way=1286447518#map=20/59.9122153/10.7097956"}}, {"type": "Feature", "geometry": {"type": "Point", "coordinates": [10.7098676, 59.9121303]}, "properties": {"id": 1286447519, "feat_type": "way", "quality_categories": "crossings_lacking_kerbs, replaceable_values", "issue_ids": "[2, 1]", "osm_url": "https://www.openstreetmap.org/way/1286447519", "josm_url": "http://127.0.0.1:8111/load_object?new_layer=false&objects=w1286447519", "id_url": "https://www.openstreetmap.org/edit?editor=id&way=1286447519#map=20/59.9121303/10.7098676"}}, {"type": "Feature", "geometry": {"type": "Point", "coordinates": [10.7094101, 59.9116744]}, "properties": {"id": 1286447520, "feat_type": "way", "quality_categories": "crossings_lacking_kerbs, replaceable_values", "issue_ids": "[2, 1]", "osm_url": "https://www.openstreetmap.org/way/1286447520", "josm_url": "http://127.0.0.1:8111/load_object?new_layer=false&objects=w1286447520", "id_url": "https://www.openstreetmap.org/edit?editor=id&way=1286447520#map=20/59.9116744/10.7094101"}}, {"type": "Feature", "geometry": {"type": "Point", "coordinates": [10.7094066, 59.9117952]}, "properties": {"id": 1286447521, "feat_type": "way", "quality_categories": "crossings_lacking_kerbs, replaceable_values", "issue_ids": "[2, 1]", "osm_url": "https://www.openstreetmap.org/way/1286447521", "josm_url": "http://127.0.0.1:8111/load_object?new_layer=false&objects=w1286447521", "id_url": "https://www.openstreetmap.org/edit?editor=id&way=1286447521#map=20/59.9117952/10.7094066"}}, {"type": "Feature", "geometry": {"type": "Point", "coordinates": [10.7083415, 59.912101]}, "properties": {"id": 1286447523, "feat_type": "way", "quality_categories": "crossings_lacking_kerbs, replaceable_values", "issue_ids": "[2, 1]", "osm_url": "https://www.openstreetmap.org/way/1286447523", "josm_url": "http://127.0.0.1:8111/load_object?new_layer=false&objects=w1286447523", "id_url": "https://www.openstreetmap.org/edit?editor=id&way=1286447523#map=20/59.912101/10.7083415"}}, {"type": "Feature", "geometry": {"type": "Point", "coordinates": [10.7083618, 59.9120099]}, "properties": {"id": 1286447524, "feat_type": "way", "quality_categories": "crossings_lacking_kerbs, replaceable_values", "issue_ids": "[2, 1]", "osm_url": "https://www.openstreetmap.org/way/1286447524", "josm_url": "http://127.0.0.1:8111/load_object?new_layer=false&objects=w1286447524", "id_url": "https://www.openstreetmap.org/edit?editor=id&way=1286447524#map=20/59.9120099/10.7083618"}}, {"type": "Feature", "geometry": {"type": "Point", "coordinates": [10.7079426, 59.9145686]}, "properties": {"id": 1286447534, "feat_type": "way", "quality_categories": "crossings_lacking_kerbs, replaceable_values", "issue_ids": "[2, 1]", "osm_url": "https://www.openstreetmap.org/way/1286447534", "josm_url": "http://127.0.0.1:8111/load_object?new_layer=false&objects=w1286447534", "id_url": "https://www.openstreetmap.org/edit?editor=id&way=1286447534#map=20/59.9145686/10.7079426"}}, {"type": "Feature", "geometry": {"type": "Point", "coordinates": [10.7077209, 59.9146042]}, "properties": {"id": 1286447535, "feat_type": "way", "quality_categories": "crossings_lacking_kerbs, replaceable_values", "issue_ids": "[2, 1]", "osm_url": "https://www.openstreetmap.org/way/1286447535", "josm_url": "http://127.0.0.1:8111/load_object?new_layer=false&objects=w1286447535", "id_url": "https://www.openstreetmap.org/edit?editor=id&way=1286447535#map=20/59.9146042/10.7077209"}}, {"type": "Feature", "geometry": {"type": "Point", "coordinates": [10.7078479, 59.9146416]}, "properties": {"id": 1286447536, "feat_type": "way", "quality_categories": "crossings_lacking_kerbs, replaceable_values", "issue_ids": "[2, 1]", "osm_url": "https://www.openstreetmap.org/way/1286447536", "josm_url": "http://127.0.0.1:8111/load_object?new_layer=false&objects=w1286447536", "id_url": "https://www.openstreetmap.org/edit?editor=id&way=1286447536#map=20/59.9146416/10.7078479"}}, {"type": "Feature", "geometry": {"type": "Point", "coordinates": [10.707803, 59.9145238]}, "properties": {"id": 1286447537, "feat_type": "way", "quality_categories": "crossings_lacking_kerbs, replaceable_values", "issue_ids": "[2, 1]", "osm_url": "https://www.openstreetmap.org/way/1286447537", "josm_url": "http://127.0.0.1:8111/load_object?new_layer=false&objects=w1286447537", "id_url": "https://www.openstreetmap.org/edit?editor=id&way=1286447537#map=20/59.9145238/10.707803"}}, {"type": "Feature", "geometry": {"type": "Point", "coordinates": [10.7095542, 59.9143117]}, "properties": {"id": 1286447538, "feat_type": "way", "quality_categories": "crossings_lacking_kerbs, replaceable_values", "issue_ids": "[2, 1]", "osm_url": "https://www.openstreetmap.org/way/1286447538", "josm_url": "http://127.0.0.1:8111/load_object?new_layer=false&objects=w1286447538", "id_url": "https://www.openstreetmap.org/edit?editor=id&way=1286447538#map=20/59.9143117/10.7095542"}}, {"type": "Feature", "geometry": {"type": "Point", "coordinates": [10.7073341, 59.9123916]}, "properties": {"id": 1286447541, "feat_type": "way", "quality_categories": "crossings_lacking_kerbs, replaceable_values", "issue_ids": "[2, 1]", "osm_url": "https://www.openstreetmap.org/way/1286447541", "josm_url": "http://127.0.0.1:8111/load_object?new_layer=false&objects=w1286447541", "id_url": "https://www.openstreetmap.org/edit?editor=id&way=1286447541#map=20/59.9123916/10.7073341"}}, {"type": "Feature", "geometry": {"type": "Point", "coordinates": [10.7072954, 59.9124617]}, "properties": {"id": 1286447542, "feat_type": "way", "quality_categories": "crossings_lacking_kerbs, replaceable_values", "issue_ids": "[2, 1]", "osm_url": "https://www.openstreetmap.org/way/1286447542", "josm_url": "http://127.0.0.1:8111/load_object?new_layer=false&objects=w1286447542", "id_url": "https://www.openstreetmap.org/edit?editor=id&way=1286447542#map=20/59.9124617/10.7072954"}}, {"type": "Feature", "geometry": {"type": "Point", "coordinates": [10.7079974, 59.911667]}, "properties": {"id": 1286447555, "feat_type": "way", "quality_categories": "crossings_lacking_kerbs, replaceable_values", "issue_ids": "[2, 1]", "osm_url": "https://www.openstreetmap.org/way/1286447555", "josm_url": "http://127.0.0.1:8111/load_object?new_layer=false&objects=w1286447555", "id_url": "https://www.openstreetmap.org/edit?editor=id&way=1286447555#map=20/59.911667/10.7079974"}}, {"type": "Feature", "geometry": {"type": "Point", "coordinates": [10.7067404, 59.9118991]}, "properties": {"id": 1286447563, "feat_type": "way", "quality_categories": "crossings_lacking_kerbs, replaceable_values", "issue_ids": "[2, 1]", "osm_url": "https://www.openstreetmap.org/way/1286447563", "josm_url": "http://127.0.0.1:8111/load_object?new_layer=false&objects=w1286447563", "id_url": "https://www.openstreetmap.org/edit?editor=id&way=1286447563#map=20/59.9118991/10.7067404"}}, {"type": "Feature", "geometry": {"type": "Point", "coordinates": [10.7055558, 59.9121298]}, "properties": {"id": 1286447564, "feat_type": "way", "quality_categories": "crossings_lacking_kerbs, replaceable_values", "issue_ids": "[2, 1]", "osm_url": "https://www.openstreetmap.org/way/1286447564", "josm_url": "http://127.0.0.1:8111/load_object?new_layer=false&objects=w1286447564", "id_url": "https://www.openstreetmap.org/edit?editor=id&way=1286447564#map=20/59.9121298/10.7055558"}}, {"type": "Feature", "geometry": {"type": "Point", "coordinates": [10.7059999, 59.9148723]}, "properties": {"id": 1286447571, "feat_type": "way", "quality_categories": "crossings_lacking_kerbs, replaceable_values", "issue_ids": "[2, 1]", "osm_url": "https://www.openstreetmap.org/way/1286447571", "josm_url": "http://127.0.0.1:8111/load_object?new_layer=false&objects=w1286447571", "id_url": "https://www.openstreetmap.org/edit?editor=id&way=1286447571#map=20/59.9148723/10.7059999"}}, {"type": "Feature", "geometry": {"type": "Point", "coordinates": [10.7059221, 59.9149383]}, "properties": {"id": 1286447572, "feat_type": "way", "quality_categories": "crossings_lacking_kerbs, replaceable_values", "issue_ids": "[2, 1]", "osm_url": "https://www.openstreetmap.org/way/1286447572", "josm_url": "http://127.0.0.1:8111/load_object?new_layer=false&objects=w1286447572", "id_url": "https://www.openstreetmap.org/edit?editor=id&way=1286447572#map=20/59.9149383/10.7059221"}}, {"type": "Feature", "geometry": {"type": "Point", "coordinates": [10.709721, 59.9143705]}, "properties": {"id": 1286447583, "feat_type": "way", "quality_categories": "crossings_lacking_kerbs, replaceable_values", "issue_ids": "[2, 1]", "osm_url": "https://www.openstreetmap.org/way/1286447583", "josm_url": "http://127.0.0.1:8111/load_object?new_layer=false&objects=w1286447583", "id_url": "https://www.openstreetmap.org/edit?editor=id&way=1286447583#map=20/59.9143705/10.709721"}}, {"type": "Feature", "geometry": {"type": "Point", "coordinates": [10.7102719, 59.9151869]}, "properties": {"id": 1286447585, "feat_type": "way", "quality_categories": "crossings_lacking_kerbs, replaceable_values", "issue_ids": "[2, 1]", "osm_url": "https://www.openstreetmap.org/way/1286447585", "josm_url": "http://127.0.0.1:8111/load_object?new_layer=false&objects=w1286447585", "id_url": "https://www.openstreetmap.org/edit?editor=id&way=1286447585#map=20/59.9151869/10.7102719"}}, {"type": "Feature", "geometry": {"type": "Point", "coordinates": [10.7101194, 59.9151686]}, "properties": {"id": 1286447586, "feat_type": "way", "quality_categories": "crossings_lacking_kerbs, replaceable_values", "issue_ids": "[2, 1]", "osm_url": "https://www.openstreetmap.org/way/1286447586", "josm_url": "http://127.0.0.1:8111/load_object?new_layer=false&objects=w1286447586", "id_url": "https://www.openstreetmap.org/edit?editor=id&way=1286447586#map=20/59.9151686/10.7101194"}}, {"type": "Feature", "geometry": {"type": "Point", "coordinates": [10.7128939, 59.9152603]}, "properties": {"id": 1286447588, "feat_type": "way", "quality_categories": "crossings_lacking_kerbs, replaceable_values", "issue_ids": "[2, 1]", "osm_url": "https://www.openstreetmap.org/way/1286447588", "josm_url": "http://127.0.0.1:8111/load_object?new_layer=false&objects=w1286447588", "id_url": "https://www.openstreetmap.org/edit?editor=id&way=1286447588#map=20/59.9152603/10.7128939"}}, {"type": "Feature", "geometry": {"type": "Point", "coordinates": [10.7130722, 59.9152894]}, "properties": {"id": 1286447594, "feat_type": "way", "quality_categories": "crossings_lacking_kerbs, replaceable_values", "issue_ids": "[2, 1]", "osm_url": "https://www.openstreetmap.org/way/1286447594", "josm_url": "http://127.0.0.1:8111/load_object?new_layer=false&objects=w1286447594", "id_url": "https://www.openstreetmap.org/edit?editor=id&way=1286447594#map=20/59.9152894/10.7130722"}}, {"type": "Feature", "geometry": {"type": "Point", "coordinates": [10.7103585, 59.9159077]}, "properties": {"id": 1286447595, "feat_type": "way", "quality_categories": "crossings_lacking_kerbs, replaceable_values", "issue_ids": "[2, 1]", "osm_url": "https://www.openstreetmap.org/way/1286447595", "josm_url": "http://127.0.0.1:8111/load_object?new_layer=false&objects=w1286447595", "id_url": "https://www.openstreetmap.org/edit?editor=id&way=1286447595#map=20/59.9159077/10.7103585"}}, {"type": "Feature", "geometry": {"type": "Point", "coordinates": [10.710453, 59.9158082]}, "properties": {"id": 1286447596, "feat_type": "way", "quality_categories": "crossings_lacking_kerbs, replaceable_values", "issue_ids": "[2, 1]", "osm_url": "https://www.openstreetmap.org/way/1286447596", "josm_url": "http://127.0.0.1:8111/load_object?new_layer=false&objects=w1286447596", "id_url": "https://www.openstreetmap.org/edit?editor=id&way=1286447596#map=20/59.9158082/10.710453"}}, {"type": "Feature", "geometry": {"type": "Point", "coordinates": [10.7106073, 59.9158454]}, "properties": {"id": 1286447597, "feat_type": "way", "quality_categories": "crossings_lacking_kerbs, replaceable_values", "issue_ids": "[2, 1]", "osm_url": "https://www.openstreetmap.org/way/1286447597", "josm_url": "http://127.0.0.1:8111/load_object?new_layer=false&objects=w1286447597", "id_url": "https://www.openstreetmap.org/edit?editor=id&way=1286447597#map=20/59.9158454/10.7106073"}}, {"type": "Feature", "geometry": {"type": "Point", "coordinates": [10.7105245, 59.9159444]}, "properties": {"id": 1286447598, "feat_type": "way", "quality_categories": "crossings_lacking_kerbs, replaceable_values", "issue_ids": "[2, 1]", "osm_url": "https://www.openstreetmap.org/way/1286447598", "josm_url": "http://127.0.0.1:8111/load_object?new_layer=false&objects=w1286447598", "id_url": "https://www.openstreetmap.org/edit?editor=id&way=1286447598#map=20/59.9159444/10.7105245"}}, {"type": "Feature", "geometry": {"type": "Point", "coordinates": [10.7223016, 59.9220035]}, "properties": {"id": 1301671987, "feat_type": "way", "quality_categories": "crossings_lacking_kerbs, replaceable_values", "issue_ids": "[2, 1]", "osm_url": "https://www.openstreetmap.org/way/1301671987", "josm_url": "http://127.0.0.1:8111/load_object?new_layer=false&objects=w1301671987", "id_url": "https://www.openstreetmap.org/edit?editor=id&way=1301671987#map=20/59.9220035/10.7223016"}}, {"type": "Feature", "geometry": {"type": "Point", "coordinates": [10.7200076, 59.9124902]}, "properties": {"id": 1301674032, "feat_type": "way", "quality_categories": "crossings_lacking_kerbs, replaceable_values", "issue_ids": "[2, 1]", "osm_url": "https://www.openstreetmap.org/way/1301674032", "josm_url": "http://127.0.0.1:8111/load_object?new_layer=false&objects=w1301674032", "id_url": "https://www.openstreetmap.org/edit?editor=id&way=1301674032#map=20/59.9124902/10.7200076"}}, {"type": "Feature", "geometry": {"type": "Point", "coordinates": [10.7129669, 59.9118579]}, "properties": {"id": 1302320100, "feat_type": "way", "quality_categories": "crossings_lacking_kerbs, missing_tags", "issue_ids": "[5, 1]", "osm_url": "https://www.openstreetmap.org/way/1302320100", "josm_url": "http://127.0.0.1:8111/load_object?new_layer=false&objects=w1302320100", "id_url": "https://www.openstreetmap.org/edit?editor=id&way=1302320100#map=20/59.9118579/10.7129669"}}, {"type": "Feature", "geometry": {"type": "Point", "coordinates": [10.7134417, 59.9118251]}, "properties": {"id": 1302320101, "feat_type": "way", "quality_categories": "crossings_lacking_kerbs, missing_tags", "issue_ids": "[5, 1]", "osm_url": "https://www.openstreetmap.org/way/1302320101", "josm_url": "http://127.0.0.1:8111/load_object?new_layer=false&objects=w1302320101", "id_url": "https://www.openstreetmap.org/edit?editor=id&way=1302320101#map=20/59.9118251/10.7134417"}}, {"type": "Feature", "geometry": {"type": "Point", "coordinates": [10.7169228, 59.9130163]}, "properties": {"id": 1302320102, "feat_type": "way", "quality_categories": "crossings_lacking_kerbs, missing_tags", "issue_ids": "[5, 1]", "osm_url": "https://www.openstreetmap.org/way/1302320102", "josm_url": "http://127.0.0.1:8111/load_object?new_layer=false&objects=w1302320102", "id_url": "https://www.openstreetmap.org/edit?editor=id&way=1302320102#map=20/59.9130163/10.7169228"}}, {"type": "Feature", "geometry": {"type": "Point", "coordinates": [10.7168664, 59.9157465]}, "properties": {"id": 1302320110, "feat_type": "way", "quality_categories": "crossings_lacking_kerbs, missing_tags", "issue_ids": "[5, 1]", "osm_url": "https://www.openstreetmap.org/way/1302320110", "josm_url": "http://127.0.0.1:8111/load_object?new_layer=false&objects=w1302320110", "id_url": "https://www.openstreetmap.org/edit?editor=id&way=1302320110#map=20/59.9157465/10.7168664"}}, {"type": "Feature", "geometry": {"type": "Point", "coordinates": [10.816323, 59.9326874]}, "properties": {"id": 1302692016, "feat_type": "way", "quality_categories": "crossings_lacking_kerbs, missing_tags", "issue_ids": "[5, 1]", "osm_url": "https://www.openstreetmap.org/way/1302692016", "josm_url": "http://127.0.0.1:8111/load_object?new_layer=false&objects=w1302692016", "id_url": "https://www.openstreetmap.org/edit?editor=id&way=1302692016#map=20/59.9326874/10.816323"}}, {"type": "Feature", "geometry": {"type": "Point", "coordinates": [10.814442, 59.9300608]}, "properties": {"id": 1302692018, "feat_type": "way", "quality_categories": "crossings_lacking_kerbs, missing_tags", "issue_ids": "[5, 1]", "osm_url": "https://www.openstreetmap.org/way/1302692018", "josm_url": "http://127.0.0.1:8111/load_object?new_layer=false&objects=w1302692018", "id_url": "https://www.openstreetmap.org/edit?editor=id&way=1302692018#map=20/59.9300608/10.814442"}}, {"type": "Feature", "geometry": {"type": "Point", "coordinates": [10.8142239, 59.9301671]}, "properties": {"id": 1302692019, "feat_type": "way", "quality_categories": "crossings_lacking_kerbs, missing_tags", "issue_ids": "[5, 1]", "osm_url": "https://www.openstreetmap.org/way/1302692019", "josm_url": "http://127.0.0.1:8111/load_object?new_layer=false&objects=w1302692019", "id_url": "https://www.openstreetmap.org/edit?editor=id&way=1302692019#map=20/59.9301671/10.8142239"}}, {"type": "Feature", "geometry": {"type": "Point", "coordinates": [10.8141549, 59.929969]}, "properties": {"id": 1302692021, "feat_type": "way", "quality_categories": "crossings_lacking_kerbs, missing_tags", "issue_ids": "[5, 1]", "osm_url": "https://www.openstreetmap.org/way/1302692021", "josm_url": "http://127.0.0.1:8111/load_object?new_layer=false&objects=w1302692021", "id_url": "https://www.openstreetmap.org/edit?editor=id&way=1302692021#map=20/59.929969/10.8141549"}}, {"type": "Feature", "geometry": {"type": "Point", "coordinates": [10.9353668, 59.9441459]}, "properties": {"id": 1303475827, "feat_type": "way", "quality_categories": "crossings_lacking_kerbs, missing_tags", "issue_ids": "[5, 1]", "osm_url": "https://www.openstreetmap.org/way/1303475827", "josm_url": "http://127.0.0.1:8111/load_object?new_layer=false&objects=w1303475827", "id_url": "https://www.openstreetmap.org/edit?editor=id&way=1303475827#map=20/59.9441459/10.9353668"}}, {"type": "Feature", "geometry": {"type": "Point", "coordinates": [10.9351888, 59.9441697]}, "properties": {"id": 1303475828, "feat_type": "way", "quality_categories": "crossings_lacking_kerbs, missing_tags", "issue_ids": "[5, 1]", "osm_url": "https://www.openstreetmap.org/way/1303475828", "josm_url": "http://127.0.0.1:8111/load_object?new_layer=false&objects=w1303475828", "id_url": "https://www.openstreetmap.org/edit?editor=id&way=1303475828#map=20/59.9441697/10.9351888"}}, {"type": "Feature", "geometry": {"type": "Point", "coordinates": [10.7954951, 59.8980523]}, "properties": {"id": 1311646516, "feat_type": "way", "quality_categories": "crossings_lacking_kerbs, missing_tags", "issue_ids": "[5, 1]", "osm_url": "https://www.openstreetmap.org/way/1311646516", "josm_url": "http://127.0.0.1:8111/load_object?new_layer=false&objects=w1311646516", "id_url": "https://www.openstreetmap.org/edit?editor=id&way=1311646516#map=20/59.8980523/10.7954951"}}, {"type": "Feature", "geometry": {"type": "Point", "coordinates": [10.8218795, 59.891656]}, "properties": {"id": 1311646530, "feat_type": "way", "quality_categories": "crossings_lacking_kerbs, missing_tags", "issue_ids": "[5, 1]", "osm_url": "https://www.openstreetmap.org/way/1311646530", "josm_url": "http://127.0.0.1:8111/load_object?new_layer=false&objects=w1311646530", "id_url": "https://www.openstreetmap.org/edit?editor=id&way=1311646530#map=20/59.891656/10.8218795"}}, {"type": "Feature", "geometry": {"type": "Point", "coordinates": [10.7925041, 59.9234877]}, "properties": {"id": 1323516023, "feat_type": "way", "quality_categories": "crossings_lacking_kerbs, replaceable_values", "issue_ids": "[2, 1]", "osm_url": "https://www.openstreetmap.org/way/1323516023", "josm_url": "http://127.0.0.1:8111/load_object?new_layer=false&objects=w1323516023", "id_url": "https://www.openstreetmap.org/edit?editor=id&way=1323516023#map=20/59.9234877/10.7925041"}}, {"type": "Feature", "geometry": {"type": "Point", "coordinates": [10.8176851, 59.8849505]}, "properties": {"id": 1331906057, "feat_type": "way", "quality_categories": "crossings_lacking_kerbs, replaceable_values", "issue_ids": "[2, 1]", "osm_url": "https://www.openstreetmap.org/way/1331906057", "josm_url": "http://127.0.0.1:8111/load_object?new_layer=false&objects=w1331906057", "id_url": "https://www.openstreetmap.org/edit?editor=id&way=1331906057#map=20/59.8849505/10.8176851"}}, {"type": "Feature", "geometry": {"type": "Point", "coordinates": [10.8215806, 59.9130218]}, "properties": {"id": 1338599955, "feat_type": "way", "quality_categories": "crossings_lacking_kerbs, wrong_mispelled_or_unlisted_values", "issue_ids": "[111, 1]", "osm_url": "https://www.openstreetmap.org/way/1338599955", "josm_url": "http://127.0.0.1:8111/load_object?new_layer=false&objects=w1338599955", "id_url": "https://www.openstreetmap.org/edit?editor=id&way=1338599955#map=20/59.9130218/10.8215806"}}, {"type": "Feature", "geometry": {"type": "Point", "coordinates": [10.8978402, 59.9403968]}, "properties": {"id": 1343163296, "feat_type": "way", "quality_categories": "crossings_lacking_kerbs, missing_tags", "issue_ids": "[5, 1]", "osm_url": "https://www.openstreetmap.org/way/1343163296", "josm_url": "http://127.0.0.1:8111/load_object?new_layer=false&objects=w1343163296", "id_url": "https://www.openstreetmap.org/edit?editor=id&way=1343163296#map=20/59.9403968/10.8978402"}}, {"type": "Feature", "geometry": {"type": "Point", "coordinates": [10.8978409, 59.9404858]}, "properties": {"id": 1343163299, "feat_type": "way", "quality_categories": "crossings_lacking_kerbs, missing_tags", "issue_ids": "[5, 1]", "osm_url": "https://www.openstreetmap.org/way/1343163299", "josm_url": "http://127.0.0.1:8111/load_object?new_layer=false&objects=w1343163299", "id_url": "https://www.openstreetmap.org/edit?editor=id&way=1343163299#map=20/59.9404858/10.8978409"}}, {"type": "Feature", "geometry": {"type": "Point", "coordinates": [10.8350179, 59.9262226]}, "properties": {"id": 1355151620, "feat_type": "way", "quality_categories": "crossings_lacking_kerbs, replaceable_values", "issue_ids": "[2, 1]", "osm_url": "https://www.openstreetmap.org/way/1355151620", "josm_url": "http://127.0.0.1:8111/load_object?new_layer=false&objects=w1355151620", "id_url": "https://www.openstreetmap.org/edit?editor=id&way=1355151620#map=20/59.9262226/10.8350179"}}, {"type": "Feature", "geometry": {"type": "Point", "coordinates": [10.859504, 59.936225]}, "properties": {"id": 1391417570, "feat_type": "way", "quality_categories": "crossings_lacking_kerbs, missing_tags", "issue_ids": "[5, 1]", "osm_url": "https://www.openstreetmap.org/way/1391417570", "josm_url": "http://127.0.0.1:8111/load_object?new_layer=false&objects=w1391417570", "id_url": "https://www.openstreetmap.org/edit?editor=id&way=1391417570#map=20/59.936225/10.859504"}}, {"type": "Feature", "geometry": {"type": "Point", "coordinates": [10.7826308, 59.9136852]}, "properties": {"id": 1393662067, "feat_type": "way", "quality_categories": "crossings_lacking_kerbs, missing_tags", "issue_ids": "[5, 1]", "osm_url": "https://www.openstreetmap.org/way/1393662067", "josm_url": "http://127.0.0.1:8111/load_object?new_layer=false&objects=w1393662067", "id_url": "https://www.openstreetmap.org/edit?editor=id&way=1393662067#map=20/59.9136852/10.7826308"}}, {"type": "Feature", "geometry": {"type": "Point", "coordinates": [10.7690178, 59.9281684]}, "properties": {"id": 1394861911, "feat_type": "way", "quality_categories": "crossings_lacking_kerbs, replaceable_values", "issue_ids": "[2, 1]", "osm_url": "https://www.openstreetmap.org/way/1394861911", "josm_url": "http://127.0.0.1:8111/load_object?new_layer=false&objects=w1394861911", "id_url": "https://www.openstreetmap.org/edit?editor=id&way=1394861911#map=20/59.9281684/10.7690178"}}, {"type": "Feature", "geometry": {"type": "Point", "coordinates": [10.846812, 59.9239106]}, "properties": {"id": 1424249625, "feat_type": "way", "quality_categories": "crossings_lacking_kerbs, missing_tags, replaceable_values", "issue_ids": "[2, 5, 1]", "osm_url": "https://www.openstreetmap.org/way/1424249625", "josm_url": "http://127.0.0.1:8111/load_object?new_layer=false&objects=w1424249625", "id_url": "https://www.openstreetmap.org/edit?editor=id&way=1424249625#map=20/59.9239106/10.846812"}}, {"type": "Feature", "geometry": {"type": "Point", "coordinates": [10.8471759, 59.9240213]}, "properties": {"id": 1424249626, "feat_type": "way", "quality_categories": "crossings_lacking_kerbs, missing_tags, replaceable_values", "issue_ids": "[2, 5, 1]", "osm_url": "https://www.openstreetmap.org/way/1424249626", "josm_url": "http://127.0.0.1:8111/load_object?new_layer=false&objects=w1424249626", "id_url": "https://www.openstreetmap.org/edit?editor=id&way=1424249626#map=20/59.9240213/10.8471759"}}, {"type": "Feature", "geometry": {"type": "Point", "coordinates": [10.8461802, 59.9237203]}, "properties": {"id": 1424249627, "feat_type": "way", "quality_categories": "crossings_lacking_kerbs, missing_tags, replaceable_values", "issue_ids": "[2, 5, 1]", "osm_url": "https://www.openstreetmap.org/way/1424249627", "josm_url": "http://127.0.0.1:8111/load_object?new_layer=false&objects=w1424249627", "id_url": "https://www.openstreetmap.org/edit?editor=id&way=1424249627#map=20/59.9237203/10.8461802"}}, {"type": "Feature", "geometry": {"type": "Point", "coordinates": [10.8458412, 59.9236233]}, "properties": {"id": 1424249628, "feat_type": "way", "quality_categories": "crossings_lacking_kerbs, missing_tags, replaceable_values", "issue_ids": "[2, 5, 1]", "osm_url": "https://www.openstreetmap.org/way/1424249628", "josm_url": "http://127.0.0.1:8111/load_object?new_layer=false&objects=w1424249628", "id_url": "https://www.openstreetmap.org/edit?editor=id&way=1424249628#map=20/59.9236233/10.8458412"}}, {"type": "Feature", "geometry": {"type": "Point", "coordinates": [10.8446083, 59.9232531]}, "properties": {"id": 1424249629, "feat_type": "way", "quality_categories": "crossings_lacking_kerbs, missing_tags, replaceable_values", "issue_ids": "[2, 5, 1]", "osm_url": "https://www.openstreetmap.org/way/1424249629", "josm_url": "http://127.0.0.1:8111/load_object?new_layer=false&objects=w1424249629", "id_url": "https://www.openstreetmap.org/edit?editor=id&way=1424249629#map=20/59.9232531/10.8446083"}}, {"type": "Feature", "geometry": {"type": "Point", "coordinates": [10.8444185, 59.9231631]}, "properties": {"id": 1424249630, "feat_type": "way", "quality_categories": "crossings_lacking_kerbs, missing_tags, replaceable_values", "issue_ids": "[2, 5, 1]", "osm_url": "https://www.openstreetmap.org/way/1424249630", "josm_url": "http://127.0.0.1:8111/load_object?new_layer=false&objects=w1424249630", "id_url": "https://www.openstreetmap.org/edit?editor=id&way=1424249630#map=20/59.9231631/10.8444185"}}, {"type": "Feature", "geometry": {"type": "Point", "coordinates": [10.8443319, 59.9230682]}, "properties": {"id": 1424249631, "feat_type": "way", "quality_categories": "crossings_lacking_kerbs, missing_tags, replaceable_values", "issue_ids": "[2, 5, 1]", "osm_url": "https://www.openstreetmap.org/way/1424249631", "josm_url": "http://127.0.0.1:8111/load_object?new_layer=false&objects=w1424249631", "id_url": "https://www.openstreetmap.org/edit?editor=id&way=1424249631#map=20/59.9230682/10.8443319"}}, {"type": "Feature", "geometry": {"type": "Point", "coordinates": [10.8441318, 59.9230347]}, "properties": {"id": 1424249632, "feat_type": "way", "quality_categories": "crossings_lacking_kerbs, missing_tags, replaceable_values", "issue_ids": "[2, 5, 1]", "osm_url": "https://www.openstreetmap.org/way/1424249632", "josm_url": "http://127.0.0.1:8111/load_object?new_layer=false&objects=w1424249632", "id_url": "https://www.openstreetmap.org/edit?editor=id&way=1424249632#map=20/59.9230347/10.8441318"}}, {"type": "Feature", "geometry": {"type": "Point", "coordinates": [10.8080877, 59.9242798]}, "properties": {"id": 1426436928, "feat_type": "way", "quality_categories": "crossings_lacking_kerbs, missing_tags", "issue_ids": "[5, 1]", "osm_url": "https://www.openstreetmap.org/way/1426436928", "josm_url": "http://127.0.0.1:8111/load_object?new_layer=false&objects=w1426436928", "id_url": "https://www.openstreetmap.org/edit?editor=id&way=1426436928#map=20/59.9242798/10.8080877"}}, {"type": "Feature", "geometry": {"type": "Point", "coordinates": [10.8077323, 59.9243892]}, "properties": {"id": 1426436931, "feat_type": "way", "quality_categories": "crossings_lacking_kerbs, missing_tags", "issue_ids": "[5, 1]", "osm_url": "https://www.openstreetmap.org/way/1426436931", "josm_url": "http://127.0.0.1:8111/load_object?new_layer=false&objects=w1426436931", "id_url": "https://www.openstreetmap.org/edit?editor=id&way=1426436931#map=20/59.9243892/10.8077323"}}, {"type": "Feature", "geometry": {"type": "Point", "coordinates": [10.8102274, 59.9242864]}, "properties": {"id": 1426436935, "feat_type": "way", "quality_categories": "crossings_lacking_kerbs, missing_tags", "issue_ids": "[5, 1]", "osm_url": "https://www.openstreetmap.org/way/1426436935", "josm_url": "http://127.0.0.1:8111/load_object?new_layer=false&objects=w1426436935", "id_url": "https://www.openstreetmap.org/edit?editor=id&way=1426436935#map=20/59.9242864/10.8102274"}}, {"type": "Feature", "geometry": {"type": "Point", "coordinates": [10.8083111, 59.9243034]}, "properties": {"id": 1426436939, "feat_type": "way", "quality_categories": "crossings_lacking_kerbs, missing_tags", "issue_ids": "[5, 1]", "osm_url": "https://www.openstreetmap.org/way/1426436939", "josm_url": "http://127.0.0.1:8111/load_object?new_layer=false&objects=w1426436939", "id_url": "https://www.openstreetmap.org/edit?editor=id&way=1426436939#map=20/59.9243034/10.8083111"}}, {"type": "Feature", "geometry": {"type": "Point", "coordinates": [10.8587396, 59.9366318]}, "properties": {"id": 1426772888, "feat_type": "way", "quality_categories": "crossings_lacking_kerbs, missing_tags", "issue_ids": "[5, 1]", "osm_url": "https://www.openstreetmap.org/way/1426772888", "josm_url": "http://127.0.0.1:8111/load_object?new_layer=false&objects=w1426772888", "id_url": "https://www.openstreetmap.org/edit?editor=id&way=1426772888#map=20/59.9366318/10.8587396"}}, {"type": "Feature", "geometry": {"type": "Point", "coordinates": [10.7928447, 59.914621]}, "properties": {"id": 1429981769, "feat_type": "way", "quality_categories": "crossings_lacking_kerbs, missing_tags", "issue_ids": "[5, 1]", "osm_url": "https://www.openstreetmap.org/way/1429981769", "josm_url": "http://127.0.0.1:8111/load_object?new_layer=false&objects=w1429981769", "id_url": "https://www.openstreetmap.org/edit?editor=id&way=1429981769#map=20/59.914621/10.7928447"}}, {"type": "Feature", "geometry": {"type": "Point", "coordinates": [10.7951918, 59.916427]}, "properties": {"id": 1429981771, "feat_type": "way", "quality_categories": "crossings_lacking_kerbs, missing_tags", "issue_ids": "[5, 1]", "osm_url": "https://www.openstreetmap.org/way/1429981771", "josm_url": "http://127.0.0.1:8111/load_object?new_layer=false&objects=w1429981771", "id_url": "https://www.openstreetmap.org/edit?editor=id&way=1429981771#map=20/59.916427/10.7951918"}}, {"type": "Feature", "geometry": {"type": "Point", "coordinates": [10.8744295, 59.9621588]}, "properties": {"id": 1431390216, "feat_type": "way", "quality_categories": "crossings_lacking_kerbs, missing_tags", "issue_ids": "[5, 1]", "osm_url": "https://www.openstreetmap.org/way/1431390216", "josm_url": "http://127.0.0.1:8111/load_object?new_layer=false&objects=w1431390216", "id_url": "https://www.openstreetmap.org/edit?editor=id&way=1431390216#map=20/59.9621588/10.8744295"}}, {"type": "Feature", "geometry": {"type": "Point", "coordinates": [10.8758241, 59.9621236]}, "properties": {"id": 1431390217, "feat_type": "way", "quality_categories": "crossings_lacking_kerbs, missing_tags", "issue_ids": "[5, 1]", "osm_url": "https://www.openstreetmap.org/way/1431390217", "josm_url": "http://127.0.0.1:8111/load_object?new_layer=false&objects=w1431390217", "id_url": "https://www.openstreetmap.org/edit?editor=id&way=1431390217#map=20/59.9621236/10.8758241"}}, {"type": "Feature", "geometry": {"type": "Point", "coordinates": [10.8776793, 59.962617]}, "properties": {"id": 1431390218, "feat_type": "way", "quality_categories": "crossings_lacking_kerbs, missing_tags", "issue_ids": "[5, 1]", "osm_url": "https://www.openstreetmap.org/way/1431390218", "josm_url": "http://127.0.0.1:8111/load_object?new_layer=false&objects=w1431390218", "id_url": "https://www.openstreetmap.org/edit?editor=id&way=1431390218#map=20/59.962617/10.8776793"}}, {"type": "Feature", "geometry": {"type": "Point", "coordinates": [10.8484635, 59.9038991]}, "properties": {"id": 1444274790, "feat_type": "way", "quality_categories": "crossings_lacking_kerbs, missing_tags", "issue_ids": "[5, 1]", "osm_url": "https://www.openstreetmap.org/way/1444274790", "josm_url": "http://127.0.0.1:8111/load_object?new_layer=false&objects=w1444274790", "id_url": "https://www.openstreetmap.org/edit?editor=id&way=1444274790#map=20/59.9038991/10.8484635"}}, {"type": "Feature", "geometry": {"type": "Point", "coordinates": [10.7187764, 59.9476227]}, "properties": {"id": 1447074250, "feat_type": "way", "quality_categories": "crossings_lacking_kerbs, missing_tags", "issue_ids": "[5, 1]", "osm_url": "https://www.openstreetmap.org/way/1447074250", "josm_url": "http://127.0.0.1:8111/load_object?new_layer=false&objects=w1447074250", "id_url": "https://www.openstreetmap.org/edit?editor=id&way=1447074250#map=20/59.9476227/10.7187764"}}, {"type": "Feature", "geometry": {"type": "Point", "coordinates": [10.761076, 59.9076704]}, "properties": {"id": 1447357880, "feat_type": "way", "quality_categories": "crossings_lacking_kerbs, missing_tags", "issue_ids": "[5, 1]", "osm_url": "https://www.openstreetmap.org/way/1447357880", "josm_url": "http://127.0.0.1:8111/load_object?new_layer=false&objects=w1447357880", "id_url": "https://www.openstreetmap.org/edit?editor=id&way=1447357880#map=20/59.9076704/10.761076"}}, {"type": "Feature", "geometry": {"type": "Point", "coordinates": [10.8300544, 59.9371444]}, "properties": {"id": 1453541158, "feat_type": "way", "quality_categories": "crossings_lacking_kerbs, missing_tags", "issue_ids": "[5, 1]", "osm_url": "https://www.openstreetmap.org/way/1453541158", "josm_url": "http://127.0.0.1:8111/load_object?new_layer=false&objects=w1453541158", "id_url": "https://www.openstreetmap.org/edit?editor=id&way=1453541158#map=20/59.9371444/10.8300544"}}, {"type": "Feature", "geometry": {"type": "Point", "coordinates": [10.8308626, 59.936666]}, "properties": {"id": 1453541159, "feat_type": "way", "quality_categories": "crossings_lacking_kerbs, missing_tags", "issue_ids": "[5, 1]", "osm_url": "https://www.openstreetmap.org/way/1453541159", "josm_url": "http://127.0.0.1:8111/load_object?new_layer=false&objects=w1453541159", "id_url": "https://www.openstreetmap.org/edit?editor=id&way=1453541159#map=20/59.936666/10.8308626"}}, {"type": "Feature", "geometry": {"type": "Point", "coordinates": [10.7920322, 59.9351775]}, "properties": {"id": 1457205138, "feat_type": "way", "quality_categories": "crossings_lacking_kerbs, missing_tags", "issue_ids": "[5, 1]", "osm_url": "https://www.openstreetmap.org/way/1457205138", "josm_url": "http://127.0.0.1:8111/load_object?new_layer=false&objects=w1457205138", "id_url": "https://www.openstreetmap.org/edit?editor=id&way=1457205138#map=20/59.9351775/10.7920322"}}, {"type": "Feature", "geometry": {"type": "Point", "coordinates": [10.8426226, 59.9041251]}, "properties": {"id": 1458021498, "feat_type": "way", "quality_categories": "crossings_lacking_kerbs, missing_tags", "issue_ids": "[5, 1]", "osm_url": "https://www.openstreetmap.org/way/1458021498", "josm_url": "http://127.0.0.1:8111/load_object?new_layer=false&objects=w1458021498", "id_url": "https://www.openstreetmap.org/edit?editor=id&way=1458021498#map=20/59.9041251/10.8426226"}}, {"type": "Feature", "geometry": {"type": "Point", "coordinates": [10.8499202, 59.9000821]}, "properties": {"id": 1458021552, "feat_type": "way", "quality_categories": "crossings_lacking_kerbs, missing_tags", "issue_ids": "[5, 1]", "osm_url": "https://www.openstreetmap.org/way/1458021552", "josm_url": "http://127.0.0.1:8111/load_object?new_layer=false&objects=w1458021552", "id_url": "https://www.openstreetmap.org/edit?editor=id&way=1458021552#map=20/59.9000821/10.8499202"}}, {"type": "Feature", "geometry": {"type": "Point", "coordinates": [10.7042501, 59.9227434]}, "properties": {"id": 1465801655, "feat_type": "way", "quality_categories": "crossings_lacking_kerbs, replaceable_values", "issue_ids": "[2, 1]", "osm_url": "https://www.openstreetmap.org/way/1465801655", "josm_url": "http://127.0.0.1:8111/load_object?new_layer=false&objects=w1465801655", "id_url": "https://www.openstreetmap.org/edit?editor=id&way=1465801655#map=20/59.9227434/10.7042501"}}, {"type": "Feature", "geometry": {"type": "Point", "coordinates": [10.7135604, 59.926479]}, "properties": {"id": 1465801656, "feat_type": "way", "quality_categories": "crossings_lacking_kerbs, replaceable_values", "issue_ids": "[2, 1]", "osm_url": "https://www.openstreetmap.org/way/1465801656", "josm_url": "http://127.0.0.1:8111/load_object?new_layer=false&objects=w1465801656", "id_url": "https://www.openstreetmap.org/edit?editor=id&way=1465801656#map=20/59.926479/10.7135604"}}, {"type": "Feature", "geometry": {"type": "Point", "coordinates": [10.6897946, 59.9185673]}, "properties": {"id": 1473804664, "feat_type": "way", "quality_categories": "crossings_lacking_kerbs, missing_tags", "issue_ids": "[5, 1]", "osm_url": "https://www.openstreetmap.org/way/1473804664", "josm_url": "http://127.0.0.1:8111/load_object?new_layer=false&objects=w1473804664", "id_url": "https://www.openstreetmap.org/edit?editor=id&way=1473804664#map=20/59.9185673/10.6897946"}}, {"type": "Feature", "geometry": {"type": "Point", "coordinates": [10.8603228, 59.9250018]}, "properties": {"id": 1481757620, "feat_type": "way", "quality_categories": "crossings_lacking_kerbs, missing_tags", "issue_ids": "[5, 1]", "osm_url": "https://www.openstreetmap.org/way/1481757620", "josm_url": "http://127.0.0.1:8111/load_object?new_layer=false&objects=w1481757620", "id_url": "https://www.openstreetmap.org/edit?editor=id&way=1481757620#map=20/59.9250018/10.8603228"}}, {"type": "Feature", "geometry": {"type": "Point", "coordinates": [10.7872078, 59.9125796]}, "properties": {"id": 1484355945, "feat_type": "way", "quality_categories": "crossings_lacking_kerbs, missing_tags", "issue_ids": "[5, 1]", "osm_url": "https://www.openstreetmap.org/way/1484355945", "josm_url": "http://127.0.0.1:8111/load_object?new_layer=false&objects=w1484355945", "id_url": "https://www.openstreetmap.org/edit?editor=id&way=1484355945#map=20/59.9125796/10.7872078"}}, {"type": "Feature", "geometry": {"type": "Point", "coordinates": [10.6551018, 59.9245894]}, "properties": {"id": 1498125733, "feat_type": "way", "quality_categories": "crossings_lacking_kerbs, missing_tags", "issue_ids": "[5, 1]", "osm_url": "https://www.openstreetmap.org/way/1498125733", "josm_url": "http://127.0.0.1:8111/load_object?new_layer=false&objects=w1498125733", "id_url": "https://www.openstreetmap.org/edit?editor=id&way=1498125733#map=20/59.9245894/10.6551018"}}, {"type": "Feature", "geometry": {"type": "Point", "coordinates": [10.7162987, 59.9316951]}, "properties": {"id": 1498302647, "feat_type": "way", "quality_categories": "crossings_lacking_kerbs, replaceable_values", "issue_ids": "[2, 1]", "osm_url": "https://www.openstreetmap.org/way/1498302647", "josm_url": "http://127.0.0.1:8111/load_object?new_layer=false&objects=w1498302647", "id_url": "https://www.openstreetmap.org/edit?editor=id&way=1498302647#map=20/59.9316951/10.7162987"}}, {"type": "Feature", "geometry": {"type": "Point", "coordinates": [10.8201275, 59.8951667]}, "properties": {"id": 1500049654, "feat_type": "way", "quality_categories": "crossings_lacking_kerbs, missing_tags", "issue_ids": "[5, 1]", "osm_url": "https://www.openstreetmap.org/way/1500049654", "josm_url": "http://127.0.0.1:8111/load_object?new_layer=false&objects=w1500049654", "id_url": "https://www.openstreetmap.org/edit?editor=id&way=1500049654#map=20/59.8951667/10.8201275"}}, {"type": "Feature", "geometry": {"type": "Point", "coordinates": [10.7204049, 59.9441987]}, "properties": {"id": 1500228107, "feat_type": "way", "quality_categories": "crossings_lacking_kerbs, missing_tags", "issue_ids": "[5, 1]", "osm_url": "https://www.openstreetmap.org/way/1500228107", "josm_url": "http://127.0.0.1:8111/load_object?new_layer=false&objects=w1500228107", "id_url": "https://www.openstreetmap.org/edit?editor=id&way=1500228107#map=20/59.9441987/10.7204049"}}, {"type": "Feature", "geometry": {"type": "Point", "coordinates": [10.7626965, 59.9241996]}, "properties": {"id": 1504443442, "feat_type": "way", "quality_categories": "crossings_lacking_kerbs, replaceable_values", "issue_ids": "[2, 1]", "osm_url": "https://www.openstreetmap.org/way/1504443442", "josm_url": "http://127.0.0.1:8111/load_object?new_layer=false&objects=w1504443442", "id_url": "https://www.openstreetmap.org/edit?editor=id&way=1504443442#map=20/59.9241996/10.7626965"}}, {"type": "Feature", "geometry": {"type": "Point", "coordinates": [10.8495173, 59.9013886]}, "properties": {"id": 1512056801, "feat_type": "way", "quality_categories": "crossings_lacking_kerbs, missing_tags", "issue_ids": "[5, 1]", "osm_url": "https://www.openstreetmap.org/way/1512056801", "josm_url": "http://127.0.0.1:8111/load_object?new_layer=false&objects=w1512056801", "id_url": "https://www.openstreetmap.org/edit?editor=id&way=1512056801#map=20/59.9013886/10.8495173"}}, {"type": "Feature", "geometry": {"type": "Point", "coordinates": [10.7269605, 59.9314573]}, "properties": {"id": 1523788876, "feat_type": "way", "quality_categories": "crossings_lacking_kerbs, replaceable_values", "issue_ids": "[2, 1]", "osm_url": "https://www.openstreetmap.org/way/1523788876", "josm_url": "http://127.0.0.1:8111/load_object?new_layer=false&objects=w1523788876", "id_url": "https://www.openstreetmap.org/edit?editor=id&way=1523788876#map=20/59.9314573/10.7269605"}}, {"type": "Feature", "geometry": {"type": "Point", "coordinates": [10.9317597, 59.952032]}, "properties": {"id": 1528708955, "feat_type": "way", "quality_categories": "crossings_lacking_kerbs, missing_tags", "issue_ids": "[5, 1]", "osm_url": "https://www.openstreetmap.org/way/1528708955", "josm_url": "http://127.0.0.1:8111/load_object?new_layer=false&objects=w1528708955", "id_url": "https://www.openstreetmap.org/edit?editor=id&way=1528708955#map=20/59.952032/10.9317597"}}, {"type": "Feature", "geometry": {"type": "Point", "coordinates": [10.7590416, 59.913307]}, "properties": {"id": 1532772228, "feat_type": "way", "quality_categories": "crossings_lacking_kerbs, missing_tags", "issue_ids": "[5, 1]", "osm_url": "https://www.openstreetmap.org/way/1532772228", "josm_url": "http://127.0.0.1:8111/load_object?new_layer=false&objects=w1532772228", "id_url": "https://www.openstreetmap.org/edit?editor=id&way=1532772228#map=20/59.913307/10.7590416"}}, {"type": "Feature", "geometry": {"type": "Point", "coordinates": [10.723478, 59.9458304]}, "properties": {"id": 1546880169, "feat_type": "way", "quality_categories": "crossings_lacking_kerbs, missing_tags", "issue_ids": "[5, 1]", "osm_url": "https://www.openstreetmap.org/way/1546880169", "josm_url": "http://127.0.0.1:8111/load_object?new_layer=false&objects=w1546880169", "id_url": "https://www.openstreetmap.org/edit?editor=id&way=1546880169#map=20/59.9458304/10.723478"}}, {"type": "Feature", "geometry": {"type": "Point", "coordinates": [10.7504712, 59.9403995]}, "properties": {"id": 1548199288, "feat_type": "way", "quality_categories": "crossings_lacking_kerbs, replaceable_values", "issue_ids": "[3, 1]", "osm_url": "https://www.openstreetmap.org/way/1548199288", "josm_url": "http://127.0.0.1:8111/load_object?new_layer=false&objects=w1548199288", "id_url": "https://www.openstreetmap.org/edit?editor=id&way=1548199288#map=20/59.9403995/10.7504712"}}, {"type": "Feature", "geometry": {"type": "Point", "coordinates": [10.821965, 59.9035691]}, "properties": {"id": 1549071944, "feat_type": "way", "quality_categories": "crossings_lacking_kerbs, missing_tags", "issue_ids": "[5, 1]", "osm_url": "https://www.openstreetmap.org/way/1549071944", "josm_url": "http://127.0.0.1:8111/load_object?new_layer=false&objects=w1549071944", "id_url": "https://www.openstreetmap.org/edit?editor=id&way=1549071944#map=20/59.9035691/10.821965"}}, {"type": "Feature", "geometry": {"type": "Point", "coordinates": [10.8225084, 59.9035678]}, "properties": {"id": 1549071945, "feat_type": "way", "quality_categories": "crossings_lacking_kerbs, missing_tags", "issue_ids": "[5, 1]", "osm_url": "https://www.openstreetmap.org/way/1549071945", "josm_url": "http://127.0.0.1:8111/load_object?new_layer=false&objects=w1549071945", "id_url": "https://www.openstreetmap.org/edit?editor=id&way=1549071945#map=20/59.9035678/10.8225084"}}, {"type": "Feature", "geometry": {"type": "Point", "coordinates": [10.8225986, 59.9032242]}, "properties": {"id": 1549071947, "feat_type": "way", "quality_categories": "crossings_lacking_kerbs, missing_tags", "issue_ids": "[5, 1]", "osm_url": "https://www.openstreetmap.org/way/1549071947", "josm_url": "http://127.0.0.1:8111/load_object?new_layer=false&objects=w1549071947", "id_url": "https://www.openstreetmap.org/edit?editor=id&way=1549071947#map=20/59.9032242/10.8225986"}}, {"type": "Feature", "geometry": {"type": "Point", "coordinates": [10.9346045, 59.9459941]}, "properties": {"id": 1549259933, "feat_type": "way", "quality_categories": "crossings_lacking_kerbs, missing_tags", "issue_ids": "[5, 1]", "osm_url": "https://www.openstreetmap.org/way/1549259933", "josm_url": "http://127.0.0.1:8111/load_object?new_layer=false&objects=w1549259933", "id_url": "https://www.openstreetmap.org/edit?editor=id&way=1549259933#map=20/59.9459941/10.9346045"}}, {"type": "Feature", "geometry": {"type": "Point", "coordinates": [10.7644137, 59.9098703]}, "properties": {"id": 1549774075, "feat_type": "way", "quality_categories": "crossings_lacking_kerbs, missing_tags", "issue_ids": "[5, 1]", "osm_url": "https://www.openstreetmap.org/way/1549774075", "josm_url": "http://127.0.0.1:8111/load_object?new_layer=false&objects=w1549774075", "id_url": "https://www.openstreetmap.org/edit?editor=id&way=1549774075#map=20/59.9098703/10.7644137"}}, {"type": "Feature", "geometry": {"type": "Point", "coordinates": [10.7575114, 59.9616976]}, "properties": {"id": 1551808145, "feat_type": "way", "quality_categories": "crossings_lacking_kerbs, missing_tags", "issue_ids": "[5, 1]", "osm_url": "https://www.openstreetmap.org/way/1551808145", "josm_url": "http://127.0.0.1:8111/load_object?new_layer=false&objects=w1551808145", "id_url": "https://www.openstreetmap.org/edit?editor=id&way=1551808145#map=20/59.9616976/10.7575114"}}, {"type": "Feature", "geometry": {"type": "Point", "coordinates": [10.7291415, 59.9440601]}, "properties": {"id": 1552292141, "feat_type": "way", "quality_categories": "crossings_lacking_kerbs, missing_tags", "issue_ids": "[5, 1]", "osm_url": "https://www.openstreetmap.org/way/1552292141", "josm_url": "http://127.0.0.1:8111/load_object?new_layer=false&objects=w1552292141", "id_url": "https://www.openstreetmap.org/edit?editor=id&way=1552292141#map=20/59.9440601/10.7291415"}}, {"type": "Feature", "geometry": {"type": "Point", "coordinates": [10.7955184, 59.92967]}, "properties": {"id": 24438457, "feat_type": "way", "quality_categories": "crossings_lacking_kerbs", "issue_ids": "[1]", "osm_url": "https://www.openstreetmap.org/way/24438457", "josm_url": "http://127.0.0.1:8111/load_object?new_layer=false&objects=w24438457", "id_url": "https://www.openstreetmap.org/edit?editor=id&way=24438457#map=20/59.92967/10.7955184"}}, {"type": "Feature", "geometry": {"type": "Point", "coordinates": [10.7504617, 59.9523143]}, "properties": {"id": 111488702, "feat_type": "way", "quality_categories": "crossings_lacking_kerbs", "issue_ids": "[1]", "osm_url": "https://www.openstreetmap.org/way/111488702", "josm_url": "http://127.0.0.1:8111/load_object?new_layer=false&objects=w111488702", "id_url": "https://www.openstreetmap.org/edit?editor=id&way=111488702#map=20/59.9523143/10.7504617"}}, {"type": "Feature", "geometry": {"type": "Point", "coordinates": [10.8889354, 59.9493332]}, "properties": {"id": 118251661, "feat_type": "way", "quality_categories": "crossings_lacking_kerbs", "issue_ids": "[1]", "osm_url": "https://www.openstreetmap.org/way/118251661", "josm_url": "http://127.0.0.1:8111/load_object?new_layer=false&objects=w118251661", "id_url": "https://www.openstreetmap.org/edit?editor=id&way=118251661#map=20/59.9493332/10.8889354"}}, {"type": "Feature", "geometry": {"type": "Point", "coordinates": [10.7200488, 59.9443569]}, "properties": {"id": 118664749, "feat_type": "way", "quality_categories": "crossings_lacking_kerbs", "issue_ids": "[1]", "osm_url": "https://www.openstreetmap.org/way/118664749", "josm_url": "http://127.0.0.1:8111/load_object?new_layer=false&objects=w118664749", "id_url": "https://www.openstreetmap.org/edit?editor=id&way=118664749#map=20/59.9443569/10.7200488"}}, {"type": "Feature", "geometry": {"type": "Point", "coordinates": [10.8039056, 59.8491909]}, "properties": {"id": 119305478, "feat_type": "way", "quality_categories": "crossings_lacking_kerbs", "issue_ids": "[1]", "osm_url": "https://www.openstreetmap.org/way/119305478", "josm_url": "http://127.0.0.1:8111/load_object?new_layer=false&objects=w119305478", "id_url": "https://www.openstreetmap.org/edit?editor=id&way=119305478#map=20/59.8491909/10.8039056"}}, {"type": "Feature", "geometry": {"type": "Point", "coordinates": [10.6740612, 59.9577686]}, "properties": {"id": 120101961, "feat_type": "way", "quality_categories": "crossings_lacking_kerbs", "issue_ids": "[1]", "osm_url": "https://www.openstreetmap.org/way/120101961", "josm_url": "http://127.0.0.1:8111/load_object?new_layer=false&objects=w120101961", "id_url": "https://www.openstreetmap.org/edit?editor=id&way=120101961#map=20/59.9577686/10.6740612"}}, {"type": "Feature", "geometry": {"type": "Point", "coordinates": [10.6753456, 59.9284769]}, "properties": {"id": 120235991, "feat_type": "way", "quality_categories": "crossings_lacking_kerbs", "issue_ids": "[1]", "osm_url": "https://www.openstreetmap.org/way/120235991", "josm_url": "http://127.0.0.1:8111/load_object?new_layer=false&objects=w120235991", "id_url": "https://www.openstreetmap.org/edit?editor=id&way=120235991#map=20/59.9284769/10.6753456"}}, {"type": "Feature", "geometry": {"type": "Point", "coordinates": [10.8375885, 59.8506314]}, "properties": {"id": 120320840, "feat_type": "way", "quality_categories": "crossings_lacking_kerbs", "issue_ids": "[1]", "osm_url": "https://www.openstreetmap.org/way/120320840", "josm_url": "http://127.0.0.1:8111/load_object?new_layer=false&objects=w120320840", "id_url": "https://www.openstreetmap.org/edit?editor=id&way=120320840#map=20/59.8506314/10.8375885"}}, {"type": "Feature", "geometry": {"type": "Point", "coordinates": [10.7352201, 59.9128214]}, "properties": {"id": 122589066, "feat_type": "way", "quality_categories": "crossings_lacking_kerbs", "issue_ids": "[1]", "osm_url": "https://www.openstreetmap.org/way/122589066", "josm_url": "http://127.0.0.1:8111/load_object?new_layer=false&objects=w122589066", "id_url": "https://www.openstreetmap.org/edit?editor=id&way=122589066#map=20/59.9128214/10.7352201"}}, {"type": "Feature", "geometry": {"type": "Point", "coordinates": [10.7779496, 59.9450006]}, "properties": {"id": 124064677, "feat_type": "way", "quality_categories": "crossings_lacking_kerbs", "issue_ids": "[1]", "osm_url": "https://www.openstreetmap.org/way/124064677", "josm_url": "http://127.0.0.1:8111/load_object?new_layer=false&objects=w124064677", "id_url": "https://www.openstreetmap.org/edit?editor=id&way=124064677#map=20/59.9450006/10.7779496"}}, {"type": "Feature", "geometry": {"type": "Point", "coordinates": [10.7591777, 59.923346]}, "properties": {"id": 124612655, "feat_type": "way", "quality_categories": "crossings_lacking_kerbs", "issue_ids": "[1]", "osm_url": "https://www.openstreetmap.org/way/124612655", "josm_url": "http://127.0.0.1:8111/load_object?new_layer=false&objects=w124612655", "id_url": "https://www.openstreetmap.org/edit?editor=id&way=124612655#map=20/59.923346/10.7591777"}}, {"type": "Feature", "geometry": {"type": "Point", "coordinates": [10.7592325, 59.9234662]}, "properties": {"id": 124612668, "feat_type": "way", "quality_categories": "crossings_lacking_kerbs", "issue_ids": "[1]", "osm_url": "https://www.openstreetmap.org/way/124612668", "josm_url": "http://127.0.0.1:8111/load_object?new_layer=false&objects=w124612668", "id_url": "https://www.openstreetmap.org/edit?editor=id&way=124612668#map=20/59.9234662/10.7592325"}}, {"type": "Feature", "geometry": {"type": "Point", "coordinates": [10.7716299, 59.9415257]}, "properties": {"id": 124659992, "feat_type": "way", "quality_categories": "crossings_lacking_kerbs", "issue_ids": "[1]", "osm_url": "https://www.openstreetmap.org/way/124659992", "josm_url": "http://127.0.0.1:8111/load_object?new_layer=false&objects=w124659992", "id_url": "https://www.openstreetmap.org/edit?editor=id&way=124659992#map=20/59.9415257/10.7716299"}}, {"type": "Feature", "geometry": {"type": "Point", "coordinates": [10.7594257, 59.9211028]}, "properties": {"id": 124798347, "feat_type": "way", "quality_categories": "crossings_lacking_kerbs", "issue_ids": "[1]", "osm_url": "https://www.openstreetmap.org/way/124798347", "josm_url": "http://127.0.0.1:8111/load_object?new_layer=false&objects=w124798347", "id_url": "https://www.openstreetmap.org/edit?editor=id&way=124798347#map=20/59.9211028/10.7594257"}}, {"type": "Feature", "geometry": {"type": "Point", "coordinates": [10.7647084, 59.91872]}, "properties": {"id": 124804407, "feat_type": "way", "quality_categories": "crossings_lacking_kerbs", "issue_ids": "[1]", "osm_url": "https://www.openstreetmap.org/way/124804407", "josm_url": "http://127.0.0.1:8111/load_object?new_layer=false&objects=w124804407", "id_url": "https://www.openstreetmap.org/edit?editor=id&way=124804407#map=20/59.91872/10.7647084"}}, {"type": "Feature", "geometry": {"type": "Point", "coordinates": [10.7398289, 59.9246354]}, "properties": {"id": 128829181, "feat_type": "way", "quality_categories": "crossings_lacking_kerbs", "issue_ids": "[1]", "osm_url": "https://www.openstreetmap.org/way/128829181", "josm_url": "http://127.0.0.1:8111/load_object?new_layer=false&objects=w128829181", "id_url": "https://www.openstreetmap.org/edit?editor=id&way=128829181#map=20/59.9246354/10.7398289"}}, {"type": "Feature", "geometry": {"type": "Point", "coordinates": [10.7848277, 59.9641481]}, "properties": {"id": 133915191, "feat_type": "way", "quality_categories": "crossings_lacking_kerbs", "issue_ids": "[1]", "osm_url": "https://www.openstreetmap.org/way/133915191", "josm_url": "http://127.0.0.1:8111/load_object?new_layer=false&objects=w133915191", "id_url": "https://www.openstreetmap.org/edit?editor=id&way=133915191#map=20/59.9641481/10.7848277"}}, {"type": "Feature", "geometry": {"type": "Point", "coordinates": [10.7825533, 59.9663045]}, "properties": {"id": 133915923, "feat_type": "way", "quality_categories": "crossings_lacking_kerbs", "issue_ids": "[1]", "osm_url": "https://www.openstreetmap.org/way/133915923", "josm_url": "http://127.0.0.1:8111/load_object?new_layer=false&objects=w133915923", "id_url": "https://www.openstreetmap.org/edit?editor=id&way=133915923#map=20/59.9663045/10.7825533"}}, {"type": "Feature", "geometry": {"type": "Point", "coordinates": [10.7677079, 59.9056352]}, "properties": {"id": 135175588, "feat_type": "way", "quality_categories": "crossings_lacking_kerbs", "issue_ids": "[1]", "osm_url": "https://www.openstreetmap.org/way/135175588", "josm_url": "http://127.0.0.1:8111/load_object?new_layer=false&objects=w135175588", "id_url": "https://www.openstreetmap.org/edit?editor=id&way=135175588#map=20/59.9056352/10.7677079"}}, {"type": "Feature", "geometry": {"type": "Point", "coordinates": [10.7705092, 59.9146824]}, "properties": {"id": 135311787, "feat_type": "way", "quality_categories": "crossings_lacking_kerbs", "issue_ids": "[1]", "osm_url": "https://www.openstreetmap.org/way/135311787", "josm_url": "http://127.0.0.1:8111/load_object?new_layer=false&objects=w135311787", "id_url": "https://www.openstreetmap.org/edit?editor=id&way=135311787#map=20/59.9146824/10.7705092"}}, {"type": "Feature", "geometry": {"type": "Point", "coordinates": [10.7714159, 59.9158417]}, "properties": {"id": 135311801, "feat_type": "way", "quality_categories": "crossings_lacking_kerbs", "issue_ids": "[1]", "osm_url": "https://www.openstreetmap.org/way/135311801", "josm_url": "http://127.0.0.1:8111/load_object?new_layer=false&objects=w135311801", "id_url": "https://www.openstreetmap.org/edit?editor=id&way=135311801#map=20/59.9158417/10.7714159"}}, {"type": "Feature", "geometry": {"type": "Point", "coordinates": [10.770328, 59.9147832]}, "properties": {"id": 135311822, "feat_type": "way", "quality_categories": "crossings_lacking_kerbs", "issue_ids": "[1]", "osm_url": "https://www.openstreetmap.org/way/135311822", "josm_url": "http://127.0.0.1:8111/load_object?new_layer=false&objects=w135311822", "id_url": "https://www.openstreetmap.org/edit?editor=id&way=135311822#map=20/59.9147832/10.770328"}}, {"type": "Feature", "geometry": {"type": "Point", "coordinates": [10.7491409, 59.9423332]}, "properties": {"id": 135344070, "feat_type": "way", "quality_categories": "crossings_lacking_kerbs", "issue_ids": "[1]", "osm_url": "https://www.openstreetmap.org/way/135344070", "josm_url": "http://127.0.0.1:8111/load_object?new_layer=false&objects=w135344070", "id_url": "https://www.openstreetmap.org/edit?editor=id&way=135344070#map=20/59.9423332/10.7491409"}}, {"type": "Feature", "geometry": {"type": "Point", "coordinates": [10.7236151, 59.9119728]}, "properties": {"id": 136540524, "feat_type": "way", "quality_categories": "crossings_lacking_kerbs", "issue_ids": "[1]", "osm_url": "https://www.openstreetmap.org/way/136540524", "josm_url": "http://127.0.0.1:8111/load_object?new_layer=false&objects=w136540524", "id_url": "https://www.openstreetmap.org/edit?editor=id&way=136540524#map=20/59.9119728/10.7236151"}}, {"type": "Feature", "geometry": {"type": "Point", "coordinates": [10.8426756, 59.9041403]}, "properties": {"id": 158984201, "feat_type": "way", "quality_categories": "crossings_lacking_kerbs", "issue_ids": "[1]", "osm_url": "https://www.openstreetmap.org/way/158984201", "josm_url": "http://127.0.0.1:8111/load_object?new_layer=false&objects=w158984201", "id_url": "https://www.openstreetmap.org/edit?editor=id&way=158984201#map=20/59.9041403/10.8426756"}}, {"type": "Feature", "geometry": {"type": "Point", "coordinates": [10.7961087, 59.8350193]}, "properties": {"id": 161366539, "feat_type": "way", "quality_categories": "crossings_lacking_kerbs", "issue_ids": "[1]", "osm_url": "https://www.openstreetmap.org/way/161366539", "josm_url": "http://127.0.0.1:8111/load_object?new_layer=false&objects=w161366539", "id_url": "https://www.openstreetmap.org/edit?editor=id&way=161366539#map=20/59.8350193/10.7961087"}}, {"type": "Feature", "geometry": {"type": "Point", "coordinates": [10.8358598, 59.9375568]}, "properties": {"id": 170773877, "feat_type": "way", "quality_categories": "crossings_lacking_kerbs", "issue_ids": "[1]", "osm_url": "https://www.openstreetmap.org/way/170773877", "josm_url": "http://127.0.0.1:8111/load_object?new_layer=false&objects=w170773877", "id_url": "https://www.openstreetmap.org/edit?editor=id&way=170773877#map=20/59.9375568/10.8358598"}}, {"type": "Feature", "geometry": {"type": "Point", "coordinates": [10.7294317, 59.9508227]}, "properties": {"id": 183072081, "feat_type": "way", "quality_categories": "crossings_lacking_kerbs", "issue_ids": "[1]", "osm_url": "https://www.openstreetmap.org/way/183072081", "josm_url": "http://127.0.0.1:8111/load_object?new_layer=false&objects=w183072081", "id_url": "https://www.openstreetmap.org/edit?editor=id&way=183072081#map=20/59.9508227/10.7294317"}}, {"type": "Feature", "geometry": {"type": "Point", "coordinates": [10.8687458, 59.9537836]}, "properties": {"id": 184090109, "feat_type": "way", "quality_categories": "crossings_lacking_kerbs", "issue_ids": "[1]", "osm_url": "https://www.openstreetmap.org/way/184090109", "josm_url": "http://127.0.0.1:8111/load_object?new_layer=false&objects=w184090109", "id_url": "https://www.openstreetmap.org/edit?editor=id&way=184090109#map=20/59.9537836/10.8687458"}}, {"type": "Feature", "geometry": {"type": "Point", "coordinates": [10.6343951, 59.918335]}, "properties": {"id": 189529752, "feat_type": "way", "quality_categories": "crossings_lacking_kerbs", "issue_ids": "[1]", "osm_url": "https://www.openstreetmap.org/way/189529752", "josm_url": "http://127.0.0.1:8111/load_object?new_layer=false&objects=w189529752", "id_url": "https://www.openstreetmap.org/edit?editor=id&way=189529752#map=20/59.918335/10.6343951"}}, {"type": "Feature", "geometry": {"type": "Point", "coordinates": [10.6341905, 59.9185344]}, "properties": {"id": 189529754, "feat_type": "way", "quality_categories": "crossings_lacking_kerbs", "issue_ids": "[1]", "osm_url": "https://www.openstreetmap.org/way/189529754", "josm_url": "http://127.0.0.1:8111/load_object?new_layer=false&objects=w189529754", "id_url": "https://www.openstreetmap.org/edit?editor=id&way=189529754#map=20/59.9185344/10.6341905"}}, {"type": "Feature", "geometry": {"type": "Point", "coordinates": [10.9307427, 59.9595346]}, "properties": {"id": 195364512, "feat_type": "way", "quality_categories": "crossings_lacking_kerbs", "issue_ids": "[1]", "osm_url": "https://www.openstreetmap.org/way/195364512", "josm_url": "http://127.0.0.1:8111/load_object?new_layer=false&objects=w195364512", "id_url": "https://www.openstreetmap.org/edit?editor=id&way=195364512#map=20/59.9595346/10.9307427"}}, {"type": "Feature", "geometry": {"type": "Point", "coordinates": [10.9306392, 59.9596069]}, "properties": {"id": 195364526, "feat_type": "way", "quality_categories": "crossings_lacking_kerbs", "issue_ids": "[1]", "osm_url": "https://www.openstreetmap.org/way/195364526", "josm_url": "http://127.0.0.1:8111/load_object?new_layer=false&objects=w195364526", "id_url": "https://www.openstreetmap.org/edit?editor=id&way=195364526#map=20/59.9596069/10.9306392"}}, {"type": "Feature", "geometry": {"type": "Point", "coordinates": [10.8082446, 59.9247652]}, "properties": {"id": 224742791, "feat_type": "way", "quality_categories": "crossings_lacking_kerbs", "issue_ids": "[1]", "osm_url": "https://www.openstreetmap.org/way/224742791", "josm_url": "http://127.0.0.1:8111/load_object?new_layer=false&objects=w224742791", "id_url": "https://www.openstreetmap.org/edit?editor=id&way=224742791#map=20/59.9247652/10.8082446"}}, {"type": "Feature", "geometry": {"type": "Point", "coordinates": [10.8145523, 59.9240394]}, "properties": {"id": 224742796, "feat_type": "way", "quality_categories": "crossings_lacking_kerbs", "issue_ids": "[1]", "osm_url": "https://www.openstreetmap.org/way/224742796", "josm_url": "http://127.0.0.1:8111/load_object?new_layer=false&objects=w224742796", "id_url": "https://www.openstreetmap.org/edit?editor=id&way=224742796#map=20/59.9240394/10.8145523"}}, {"type": "Feature", "geometry": {"type": "Point", "coordinates": [10.8009516, 59.9290594]}, "properties": {"id": 225300395, "feat_type": "way", "quality_categories": "crossings_lacking_kerbs", "issue_ids": "[1]", "osm_url": "https://www.openstreetmap.org/way/225300395", "josm_url": "http://127.0.0.1:8111/load_object?new_layer=false&objects=w225300395", "id_url": "https://www.openstreetmap.org/edit?editor=id&way=225300395#map=20/59.9290594/10.8009516"}}, {"type": "Feature", "geometry": {"type": "Point", "coordinates": [10.7761503, 59.9663333]}, "properties": {"id": 225977934, "feat_type": "way", "quality_categories": "crossings_lacking_kerbs", "issue_ids": "[1]", "osm_url": "https://www.openstreetmap.org/way/225977934", "josm_url": "http://127.0.0.1:8111/load_object?new_layer=false&objects=w225977934", "id_url": "https://www.openstreetmap.org/edit?editor=id&way=225977934#map=20/59.9663333/10.7761503"}}, {"type": "Feature", "geometry": {"type": "Point", "coordinates": [10.6751909, 59.924347]}, "properties": {"id": 227099540, "feat_type": "way", "quality_categories": "crossings_lacking_kerbs", "issue_ids": "[1]", "osm_url": "https://www.openstreetmap.org/way/227099540", "josm_url": "http://127.0.0.1:8111/load_object?new_layer=false&objects=w227099540", "id_url": "https://www.openstreetmap.org/edit?editor=id&way=227099540#map=20/59.924347/10.6751909"}}, {"type": "Feature", "geometry": {"type": "Point", "coordinates": [10.6752271, 59.9249565]}, "properties": {"id": 227099543, "feat_type": "way", "quality_categories": "crossings_lacking_kerbs", "issue_ids": "[1]", "osm_url": "https://www.openstreetmap.org/way/227099543", "josm_url": "http://127.0.0.1:8111/load_object?new_layer=false&objects=w227099543", "id_url": "https://www.openstreetmap.org/edit?editor=id&way=227099543#map=20/59.9249565/10.6752271"}}, {"type": "Feature", "geometry": {"type": "Point", "coordinates": [10.9189976, 59.9578814]}, "properties": {"id": 228288277, "feat_type": "way", "quality_categories": "crossings_lacking_kerbs", "issue_ids": "[1]", "osm_url": "https://www.openstreetmap.org/way/228288277", "josm_url": "http://127.0.0.1:8111/load_object?new_layer=false&objects=w228288277", "id_url": "https://www.openstreetmap.org/edit?editor=id&way=228288277#map=20/59.9578814/10.9189976"}}, {"type": "Feature", "geometry": {"type": "Point", "coordinates": [10.7593348, 59.9271186]}, "properties": {"id": 237581781, "feat_type": "way", "quality_categories": "crossings_lacking_kerbs", "issue_ids": "[1]", "osm_url": "https://www.openstreetmap.org/way/237581781", "josm_url": "http://127.0.0.1:8111/load_object?new_layer=false&objects=w237581781", "id_url": "https://www.openstreetmap.org/edit?editor=id&way=237581781#map=20/59.9271186/10.7593348"}}, {"type": "Feature", "geometry": {"type": "Point", "coordinates": [10.7789354, 59.9452652]}, "properties": {"id": 237581782, "feat_type": "way", "quality_categories": "crossings_lacking_kerbs", "issue_ids": "[1]", "osm_url": "https://www.openstreetmap.org/way/237581782", "josm_url": "http://127.0.0.1:8111/load_object?new_layer=false&objects=w237581782", "id_url": "https://www.openstreetmap.org/edit?editor=id&way=237581782#map=20/59.9452652/10.7789354"}}, {"type": "Feature", "geometry": {"type": "Point", "coordinates": [10.6782107, 59.9221624]}, "properties": {"id": 241264282, "feat_type": "way", "quality_categories": "crossings_lacking_kerbs", "issue_ids": "[1]", "osm_url": "https://www.openstreetmap.org/way/241264282", "josm_url": "http://127.0.0.1:8111/load_object?new_layer=false&objects=w241264282", "id_url": "https://www.openstreetmap.org/edit?editor=id&way=241264282#map=20/59.9221624/10.6782107"}}, {"type": "Feature", "geometry": {"type": "Point", "coordinates": [10.7389476, 59.9228083]}, "properties": {"id": 264648686, "feat_type": "way", "quality_categories": "crossings_lacking_kerbs", "issue_ids": "[1]", "osm_url": "https://www.openstreetmap.org/way/264648686", "josm_url": "http://127.0.0.1:8111/load_object?new_layer=false&objects=w264648686", "id_url": "https://www.openstreetmap.org/edit?editor=id&way=264648686#map=20/59.9228083/10.7389476"}}, {"type": "Feature", "geometry": {"type": "Point", "coordinates": [10.7460039, 59.9128173]}, "properties": {"id": 267226142, "feat_type": "way", "quality_categories": "crossings_lacking_kerbs", "issue_ids": "[1]", "osm_url": "https://www.openstreetmap.org/way/267226142", "josm_url": "http://127.0.0.1:8111/load_object?new_layer=false&objects=w267226142", "id_url": "https://www.openstreetmap.org/edit?editor=id&way=267226142#map=20/59.9128173/10.7460039"}}, {"type": "Feature", "geometry": {"type": "Point", "coordinates": [10.7606474, 59.9113316]}, "properties": {"id": 278087480, "feat_type": "way", "quality_categories": "crossings_lacking_kerbs", "issue_ids": "[1]", "osm_url": "https://www.openstreetmap.org/way/278087480", "josm_url": "http://127.0.0.1:8111/load_object?new_layer=false&objects=w278087480", "id_url": "https://www.openstreetmap.org/edit?editor=id&way=278087480#map=20/59.9113316/10.7606474"}}, {"type": "Feature", "geometry": {"type": "Point", "coordinates": [10.7613985, 59.9109843]}, "properties": {"id": 280287616, "feat_type": "way", "quality_categories": "crossings_lacking_kerbs", "issue_ids": "[1]", "osm_url": "https://www.openstreetmap.org/way/280287616", "josm_url": "http://127.0.0.1:8111/load_object?new_layer=false&objects=w280287616", "id_url": "https://www.openstreetmap.org/edit?editor=id&way=280287616#map=20/59.9109843/10.7613985"}}, {"type": "Feature", "geometry": {"type": "Point", "coordinates": [10.6887858, 59.9484164]}, "properties": {"id": 284013482, "feat_type": "way", "quality_categories": "crossings_lacking_kerbs", "issue_ids": "[1]", "osm_url": "https://www.openstreetmap.org/way/284013482", "josm_url": "http://127.0.0.1:8111/load_object?new_layer=false&objects=w284013482", "id_url": "https://www.openstreetmap.org/edit?editor=id&way=284013482#map=20/59.9484164/10.6887858"}}, {"type": "Feature", "geometry": {"type": "Point", "coordinates": [10.7917675, 59.9101155]}, "properties": {"id": 302616964, "feat_type": "way", "quality_categories": "crossings_lacking_kerbs", "issue_ids": "[1]", "osm_url": "https://www.openstreetmap.org/way/302616964", "josm_url": "http://127.0.0.1:8111/load_object?new_layer=false&objects=w302616964", "id_url": "https://www.openstreetmap.org/edit?editor=id&way=302616964#map=20/59.9101155/10.7917675"}}, {"type": "Feature", "geometry": {"type": "Point", "coordinates": [10.7337306, 59.91136]}, "properties": {"id": 305170135, "feat_type": "way", "quality_categories": "crossings_lacking_kerbs", "issue_ids": "[1]", "osm_url": "https://www.openstreetmap.org/way/305170135", "josm_url": "http://127.0.0.1:8111/load_object?new_layer=false&objects=w305170135", "id_url": "https://www.openstreetmap.org/edit?editor=id&way=305170135#map=20/59.91136/10.7337306"}}, {"type": "Feature", "geometry": {"type": "Point", "coordinates": [10.7353601, 59.9109768]}, "properties": {"id": 305170150, "feat_type": "way", "quality_categories": "crossings_lacking_kerbs", "issue_ids": "[1]", "osm_url": "https://www.openstreetmap.org/way/305170150", "josm_url": "http://127.0.0.1:8111/load_object?new_layer=false&objects=w305170150", "id_url": "https://www.openstreetmap.org/edit?editor=id&way=305170150#map=20/59.9109768/10.7353601"}}, {"type": "Feature", "geometry": {"type": "Point", "coordinates": [10.8599507, 59.8328689]}, "properties": {"id": 310669612, "feat_type": "way", "quality_categories": "crossings_lacking_kerbs", "issue_ids": "[1]", "osm_url": "https://www.openstreetmap.org/way/310669612", "josm_url": "http://127.0.0.1:8111/load_object?new_layer=false&objects=w310669612", "id_url": "https://www.openstreetmap.org/edit?editor=id&way=310669612#map=20/59.8328689/10.8599507"}}, {"type": "Feature", "geometry": {"type": "Point", "coordinates": [10.7786861, 59.8979547]}, "properties": {"id": 311296995, "feat_type": "way", "quality_categories": "crossings_lacking_kerbs", "issue_ids": "[1]", "osm_url": "https://www.openstreetmap.org/way/311296995", "josm_url": "http://127.0.0.1:8111/load_object?new_layer=false&objects=w311296995", "id_url": "https://www.openstreetmap.org/edit?editor=id&way=311296995#map=20/59.8979547/10.7786861"}}, {"type": "Feature", "geometry": {"type": "Point", "coordinates": [10.8030276, 59.8957702]}, "properties": {"id": 311297005, "feat_type": "way", "quality_categories": "crossings_lacking_kerbs", "issue_ids": "[1]", "osm_url": "https://www.openstreetmap.org/way/311297005", "josm_url": "http://127.0.0.1:8111/load_object?new_layer=false&objects=w311297005", "id_url": "https://www.openstreetmap.org/edit?editor=id&way=311297005#map=20/59.8957702/10.8030276"}}, {"type": "Feature", "geometry": {"type": "Point", "coordinates": [10.6359281, 59.9207274]}, "properties": {"id": 312668139, "feat_type": "way", "quality_categories": "crossings_lacking_kerbs", "issue_ids": "[1]", "osm_url": "https://www.openstreetmap.org/way/312668139", "josm_url": "http://127.0.0.1:8111/load_object?new_layer=false&objects=w312668139", "id_url": "https://www.openstreetmap.org/edit?editor=id&way=312668139#map=20/59.9207274/10.6359281"}}, {"type": "Feature", "geometry": {"type": "Point", "coordinates": [10.6611452, 59.9297066]}, "properties": {"id": 312668151, "feat_type": "way", "quality_categories": "crossings_lacking_kerbs", "issue_ids": "[1]", "osm_url": "https://www.openstreetmap.org/way/312668151", "josm_url": "http://127.0.0.1:8111/load_object?new_layer=false&objects=w312668151", "id_url": "https://www.openstreetmap.org/edit?editor=id&way=312668151#map=20/59.9297066/10.6611452"}}, {"type": "Feature", "geometry": {"type": "Point", "coordinates": [10.8438581, 59.8918302]}, "properties": {"id": 312996834, "feat_type": "way", "quality_categories": "crossings_lacking_kerbs", "issue_ids": "[1]", "osm_url": "https://www.openstreetmap.org/way/312996834", "josm_url": "http://127.0.0.1:8111/load_object?new_layer=false&objects=w312996834", "id_url": "https://www.openstreetmap.org/edit?editor=id&way=312996834#map=20/59.8918302/10.8438581"}}, {"type": "Feature", "geometry": {"type": "Point", "coordinates": [10.8540109, 59.8923347]}, "properties": {"id": 312996858, "feat_type": "way", "quality_categories": "crossings_lacking_kerbs", "issue_ids": "[1]", "osm_url": "https://www.openstreetmap.org/way/312996858", "josm_url": "http://127.0.0.1:8111/load_object?new_layer=false&objects=w312996858", "id_url": "https://www.openstreetmap.org/edit?editor=id&way=312996858#map=20/59.8923347/10.8540109"}}, {"type": "Feature", "geometry": {"type": "Point", "coordinates": [10.8539513, 59.8904068]}, "properties": {"id": 313726946, "feat_type": "way", "quality_categories": "crossings_lacking_kerbs", "issue_ids": "[1]", "osm_url": "https://www.openstreetmap.org/way/313726946", "josm_url": "http://127.0.0.1:8111/load_object?new_layer=false&objects=w313726946", "id_url": "https://www.openstreetmap.org/edit?editor=id&way=313726946#map=20/59.8904068/10.8539513"}}, {"type": "Feature", "geometry": {"type": "Point", "coordinates": [10.7782552, 59.9299528]}, "properties": {"id": 315066376, "feat_type": "way", "quality_categories": "crossings_lacking_kerbs", "issue_ids": "[1]", "osm_url": "https://www.openstreetmap.org/way/315066376", "josm_url": "http://127.0.0.1:8111/load_object?new_layer=false&objects=w315066376", "id_url": "https://www.openstreetmap.org/edit?editor=id&way=315066376#map=20/59.9299528/10.7782552"}}, {"type": "Feature", "geometry": {"type": "Point", "coordinates": [10.8232195, 59.9471776]}, "properties": {"id": 315369852, "feat_type": "way", "quality_categories": "crossings_lacking_kerbs", "issue_ids": "[1]", "osm_url": "https://www.openstreetmap.org/way/315369852", "josm_url": "http://127.0.0.1:8111/load_object?new_layer=false&objects=w315369852", "id_url": "https://www.openstreetmap.org/edit?editor=id&way=315369852#map=20/59.9471776/10.8232195"}}, {"type": "Feature", "geometry": {"type": "Point", "coordinates": [10.8362606, 59.9444588]}, "properties": {"id": 315369901, "feat_type": "way", "quality_categories": "crossings_lacking_kerbs", "issue_ids": "[1]", "osm_url": "https://www.openstreetmap.org/way/315369901", "josm_url": "http://127.0.0.1:8111/load_object?new_layer=false&objects=w315369901", "id_url": "https://www.openstreetmap.org/edit?editor=id&way=315369901#map=20/59.9444588/10.8362606"}}, {"type": "Feature", "geometry": {"type": "Point", "coordinates": [10.8233213, 59.9472582]}, "properties": {"id": 315369909, "feat_type": "way", "quality_categories": "crossings_lacking_kerbs", "issue_ids": "[1]", "osm_url": "https://www.openstreetmap.org/way/315369909", "josm_url": "http://127.0.0.1:8111/load_object?new_layer=false&objects=w315369909", "id_url": "https://www.openstreetmap.org/edit?editor=id&way=315369909#map=20/59.9472582/10.8233213"}}, {"type": "Feature", "geometry": {"type": "Point", "coordinates": [10.7047275, 59.9184546]}, "properties": {"id": 317943594, "feat_type": "way", "quality_categories": "crossings_lacking_kerbs", "issue_ids": "[1]", "osm_url": "https://www.openstreetmap.org/way/317943594", "josm_url": "http://127.0.0.1:8111/load_object?new_layer=false&objects=w317943594", "id_url": "https://www.openstreetmap.org/edit?editor=id&way=317943594#map=20/59.9184546/10.7047275"}}, {"type": "Feature", "geometry": {"type": "Point", "coordinates": [10.7890247, 59.9245428]}, "properties": {"id": 319142177, "feat_type": "way", "quality_categories": "crossings_lacking_kerbs", "issue_ids": "[1]", "osm_url": "https://www.openstreetmap.org/way/319142177", "josm_url": "http://127.0.0.1:8111/load_object?new_layer=false&objects=w319142177", "id_url": "https://www.openstreetmap.org/edit?editor=id&way=319142177#map=20/59.9245428/10.7890247"}}, {"type": "Feature", "geometry": {"type": "Point", "coordinates": [10.7896705, 59.9245834]}, "properties": {"id": 319142189, "feat_type": "way", "quality_categories": "crossings_lacking_kerbs", "issue_ids": "[1]", "osm_url": "https://www.openstreetmap.org/way/319142189", "josm_url": "http://127.0.0.1:8111/load_object?new_layer=false&objects=w319142189", "id_url": "https://www.openstreetmap.org/edit?editor=id&way=319142189#map=20/59.9245834/10.7896705"}}, {"type": "Feature", "geometry": {"type": "Point", "coordinates": [10.6441883, 59.9712306]}, "properties": {"id": 320512871, "feat_type": "way", "quality_categories": "crossings_lacking_kerbs", "issue_ids": "[1]", "osm_url": "https://www.openstreetmap.org/way/320512871", "josm_url": "http://127.0.0.1:8111/load_object?new_layer=false&objects=w320512871", "id_url": "https://www.openstreetmap.org/edit?editor=id&way=320512871#map=20/59.9712306/10.6441883"}}, {"type": "Feature", "geometry": {"type": "Point", "coordinates": [10.7343016, 59.9347686]}, "properties": {"id": 334205490, "feat_type": "way", "quality_categories": "crossings_lacking_kerbs", "issue_ids": "[1]", "osm_url": "https://www.openstreetmap.org/way/334205490", "josm_url": "http://127.0.0.1:8111/load_object?new_layer=false&objects=w334205490", "id_url": "https://www.openstreetmap.org/edit?editor=id&way=334205490#map=20/59.9347686/10.7343016"}}, {"type": "Feature", "geometry": {"type": "Point", "coordinates": [10.7343751, 59.934703]}, "properties": {"id": 334205495, "feat_type": "way", "quality_categories": "crossings_lacking_kerbs", "issue_ids": "[1]", "osm_url": "https://www.openstreetmap.org/way/334205495", "josm_url": "http://127.0.0.1:8111/load_object?new_layer=false&objects=w334205495", "id_url": "https://www.openstreetmap.org/edit?editor=id&way=334205495#map=20/59.934703/10.7343751"}}, {"type": "Feature", "geometry": {"type": "Point", "coordinates": [10.7342447, 59.9346653]}, "properties": {"id": 334205510, "feat_type": "way", "quality_categories": "crossings_lacking_kerbs", "issue_ids": "[1]", "osm_url": "https://www.openstreetmap.org/way/334205510", "josm_url": "http://127.0.0.1:8111/load_object?new_layer=false&objects=w334205510", "id_url": "https://www.openstreetmap.org/edit?editor=id&way=334205510#map=20/59.9346653/10.7342447"}}, {"type": "Feature", "geometry": {"type": "Point", "coordinates": [10.7560352, 59.9374456]}, "properties": {"id": 337836361, "feat_type": "way", "quality_categories": "crossings_lacking_kerbs", "issue_ids": "[1]", "osm_url": "https://www.openstreetmap.org/way/337836361", "josm_url": "http://127.0.0.1:8111/load_object?new_layer=false&objects=w337836361", "id_url": "https://www.openstreetmap.org/edit?editor=id&way=337836361#map=20/59.9374456/10.7560352"}}, {"type": "Feature", "geometry": {"type": "Point", "coordinates": [10.7753201, 59.9238289]}, "properties": {"id": 338350806, "feat_type": "way", "quality_categories": "crossings_lacking_kerbs", "issue_ids": "[1]", "osm_url": "https://www.openstreetmap.org/way/338350806", "josm_url": "http://127.0.0.1:8111/load_object?new_layer=false&objects=w338350806", "id_url": "https://www.openstreetmap.org/edit?editor=id&way=338350806#map=20/59.9238289/10.7753201"}}, {"type": "Feature", "geometry": {"type": "Point", "coordinates": [10.7916052, 59.9117448]}, "properties": {"id": 339554106, "feat_type": "way", "quality_categories": "crossings_lacking_kerbs", "issue_ids": "[1]", "osm_url": "https://www.openstreetmap.org/way/339554106", "josm_url": "http://127.0.0.1:8111/load_object?new_layer=false&objects=w339554106", "id_url": "https://www.openstreetmap.org/edit?editor=id&way=339554106#map=20/59.9117448/10.7916052"}}, {"type": "Feature", "geometry": {"type": "Point", "coordinates": [10.8258372, 59.9360564]}, "properties": {"id": 340000705, "feat_type": "way", "quality_categories": "crossings_lacking_kerbs", "issue_ids": "[1]", "osm_url": "https://www.openstreetmap.org/way/340000705", "josm_url": "http://127.0.0.1:8111/load_object?new_layer=false&objects=w340000705", "id_url": "https://www.openstreetmap.org/edit?editor=id&way=340000705#map=20/59.9360564/10.8258372"}}, {"type": "Feature", "geometry": {"type": "Point", "coordinates": [10.7788342, 59.9390044]}, "properties": {"id": 340202365, "feat_type": "way", "quality_categories": "crossings_lacking_kerbs", "issue_ids": "[1]", "osm_url": "https://www.openstreetmap.org/way/340202365", "josm_url": "http://127.0.0.1:8111/load_object?new_layer=false&objects=w340202365", "id_url": "https://www.openstreetmap.org/edit?editor=id&way=340202365#map=20/59.9390044/10.7788342"}}, {"type": "Feature", "geometry": {"type": "Point", "coordinates": [10.7700939, 59.9421437]}, "properties": {"id": 340277731, "feat_type": "way", "quality_categories": "crossings_lacking_kerbs", "issue_ids": "[1]", "osm_url": "https://www.openstreetmap.org/way/340277731", "josm_url": "http://127.0.0.1:8111/load_object?new_layer=false&objects=w340277731", "id_url": "https://www.openstreetmap.org/edit?editor=id&way=340277731#map=20/59.9421437/10.7700939"}}, {"type": "Feature", "geometry": {"type": "Point", "coordinates": [10.6800807, 59.9104265]}, "properties": {"id": 340695333, "feat_type": "way", "quality_categories": "crossings_lacking_kerbs", "issue_ids": "[1]", "osm_url": "https://www.openstreetmap.org/way/340695333", "josm_url": "http://127.0.0.1:8111/load_object?new_layer=false&objects=w340695333", "id_url": "https://www.openstreetmap.org/edit?editor=id&way=340695333#map=20/59.9104265/10.6800807"}}, {"type": "Feature", "geometry": {"type": "Point", "coordinates": [10.6871664, 59.9075169]}, "properties": {"id": 340695337, "feat_type": "way", "quality_categories": "crossings_lacking_kerbs", "issue_ids": "[1]", "osm_url": "https://www.openstreetmap.org/way/340695337", "josm_url": "http://127.0.0.1:8111/load_object?new_layer=false&objects=w340695337", "id_url": "https://www.openstreetmap.org/edit?editor=id&way=340695337#map=20/59.9075169/10.6871664"}}, {"type": "Feature", "geometry": {"type": "Point", "coordinates": [10.6805774, 59.9097039]}, "properties": {"id": 340695342, "feat_type": "way", "quality_categories": "crossings_lacking_kerbs", "issue_ids": "[1]", "osm_url": "https://www.openstreetmap.org/way/340695342", "josm_url": "http://127.0.0.1:8111/load_object?new_layer=false&objects=w340695342", "id_url": "https://www.openstreetmap.org/edit?editor=id&way=340695342#map=20/59.9097039/10.6805774"}}, {"type": "Feature", "geometry": {"type": "Point", "coordinates": [10.6762249, 59.9008588]}, "properties": {"id": 340970984, "feat_type": "way", "quality_categories": "crossings_lacking_kerbs", "issue_ids": "[1]", "osm_url": "https://www.openstreetmap.org/way/340970984", "josm_url": "http://127.0.0.1:8111/load_object?new_layer=false&objects=w340970984", "id_url": "https://www.openstreetmap.org/edit?editor=id&way=340970984#map=20/59.9008588/10.6762249"}}, {"type": "Feature", "geometry": {"type": "Point", "coordinates": [10.7683293, 59.9615601]}, "properties": {"id": 347308404, "feat_type": "way", "quality_categories": "crossings_lacking_kerbs", "issue_ids": "[1]", "osm_url": "https://www.openstreetmap.org/way/347308404", "josm_url": "http://127.0.0.1:8111/load_object?new_layer=false&objects=w347308404", "id_url": "https://www.openstreetmap.org/edit?editor=id&way=347308404#map=20/59.9615601/10.7683293"}}, {"type": "Feature", "geometry": {"type": "Point", "coordinates": [10.7953409, 59.9515919]}, "properties": {"id": 347630164, "feat_type": "way", "quality_categories": "crossings_lacking_kerbs", "issue_ids": "[1]", "osm_url": "https://www.openstreetmap.org/way/347630164", "josm_url": "http://127.0.0.1:8111/load_object?new_layer=false&objects=w347630164", "id_url": "https://www.openstreetmap.org/edit?editor=id&way=347630164#map=20/59.9515919/10.7953409"}}, {"type": "Feature", "geometry": {"type": "Point", "coordinates": [10.7985692, 59.9479319]}, "properties": {"id": 347636565, "feat_type": "way", "quality_categories": "crossings_lacking_kerbs", "issue_ids": "[1]", "osm_url": "https://www.openstreetmap.org/way/347636565", "josm_url": "http://127.0.0.1:8111/load_object?new_layer=false&objects=w347636565", "id_url": "https://www.openstreetmap.org/edit?editor=id&way=347636565#map=20/59.9479319/10.7985692"}}, {"type": "Feature", "geometry": {"type": "Point", "coordinates": [10.8678053, 59.9292588]}, "properties": {"id": 347646438, "feat_type": "way", "quality_categories": "crossings_lacking_kerbs", "issue_ids": "[1]", "osm_url": "https://www.openstreetmap.org/way/347646438", "josm_url": "http://127.0.0.1:8111/load_object?new_layer=false&objects=w347646438", "id_url": "https://www.openstreetmap.org/edit?editor=id&way=347646438#map=20/59.9292588/10.8678053"}}, {"type": "Feature", "geometry": {"type": "Point", "coordinates": [10.8771894, 59.9546672]}, "properties": {"id": 349267998, "feat_type": "way", "quality_categories": "crossings_lacking_kerbs", "issue_ids": "[1]", "osm_url": "https://www.openstreetmap.org/way/349267998", "josm_url": "http://127.0.0.1:8111/load_object?new_layer=false&objects=w349267998", "id_url": "https://www.openstreetmap.org/edit?editor=id&way=349267998#map=20/59.9546672/10.8771894"}}, {"type": "Feature", "geometry": {"type": "Point", "coordinates": [10.6735287, 59.9417499]}, "properties": {"id": 351937479, "feat_type": "way", "quality_categories": "crossings_lacking_kerbs", "issue_ids": "[1]", "osm_url": "https://www.openstreetmap.org/way/351937479", "josm_url": "http://127.0.0.1:8111/load_object?new_layer=false&objects=w351937479", "id_url": "https://www.openstreetmap.org/edit?editor=id&way=351937479#map=20/59.9417499/10.6735287"}}, {"type": "Feature", "geometry": {"type": "Point", "coordinates": [10.6460405, 59.9474879]}, "properties": {"id": 352864129, "feat_type": "way", "quality_categories": "crossings_lacking_kerbs", "issue_ids": "[1]", "osm_url": "https://www.openstreetmap.org/way/352864129", "josm_url": "http://127.0.0.1:8111/load_object?new_layer=false&objects=w352864129", "id_url": "https://www.openstreetmap.org/edit?editor=id&way=352864129#map=20/59.9474879/10.6460405"}}, {"type": "Feature", "geometry": {"type": "Point", "coordinates": [10.781028, 59.9138478]}, "properties": {"id": 355173233, "feat_type": "way", "quality_categories": "crossings_lacking_kerbs", "issue_ids": "[1]", "osm_url": "https://www.openstreetmap.org/way/355173233", "josm_url": "http://127.0.0.1:8111/load_object?new_layer=false&objects=w355173233", "id_url": "https://www.openstreetmap.org/edit?editor=id&way=355173233#map=20/59.9138478/10.781028"}}, {"type": "Feature", "geometry": {"type": "Point", "coordinates": [10.7995573, 59.8801197]}, "properties": {"id": 355525315, "feat_type": "way", "quality_categories": "crossings_lacking_kerbs", "issue_ids": "[1]", "osm_url": "https://www.openstreetmap.org/way/355525315", "josm_url": "http://127.0.0.1:8111/load_object?new_layer=false&objects=w355525315", "id_url": "https://www.openstreetmap.org/edit?editor=id&way=355525315#map=20/59.8801197/10.7995573"}}, {"type": "Feature", "geometry": {"type": "Point", "coordinates": [10.7973584, 59.8799004]}, "properties": {"id": 355525380, "feat_type": "way", "quality_categories": "crossings_lacking_kerbs", "issue_ids": "[1]", "osm_url": "https://www.openstreetmap.org/way/355525380", "josm_url": "http://127.0.0.1:8111/load_object?new_layer=false&objects=w355525380", "id_url": "https://www.openstreetmap.org/edit?editor=id&way=355525380#map=20/59.8799004/10.7973584"}}, {"type": "Feature", "geometry": {"type": "Point", "coordinates": [10.8557824, 59.9415466]}, "properties": {"id": 357001991, "feat_type": "way", "quality_categories": "crossings_lacking_kerbs", "issue_ids": "[1]", "osm_url": "https://www.openstreetmap.org/way/357001991", "josm_url": "http://127.0.0.1:8111/load_object?new_layer=false&objects=w357001991", "id_url": "https://www.openstreetmap.org/edit?editor=id&way=357001991#map=20/59.9415466/10.8557824"}}, {"type": "Feature", "geometry": {"type": "Point", "coordinates": [10.9392659, 59.9475455]}, "properties": {"id": 357526876, "feat_type": "way", "quality_categories": "crossings_lacking_kerbs", "issue_ids": "[1]", "osm_url": "https://www.openstreetmap.org/way/357526876", "josm_url": "http://127.0.0.1:8111/load_object?new_layer=false&objects=w357526876", "id_url": "https://www.openstreetmap.org/edit?editor=id&way=357526876#map=20/59.9475455/10.9392659"}}, {"type": "Feature", "geometry": {"type": "Point", "coordinates": [10.9254902, 59.9445818]}, "properties": {"id": 358399693, "feat_type": "way", "quality_categories": "crossings_lacking_kerbs", "issue_ids": "[1]", "osm_url": "https://www.openstreetmap.org/way/358399693", "josm_url": "http://127.0.0.1:8111/load_object?new_layer=false&objects=w358399693", "id_url": "https://www.openstreetmap.org/edit?editor=id&way=358399693#map=20/59.9445818/10.9254902"}}, {"type": "Feature", "geometry": {"type": "Point", "coordinates": [10.7973265, 59.9609307]}, "properties": {"id": 364420504, "feat_type": "way", "quality_categories": "crossings_lacking_kerbs", "issue_ids": "[1]", "osm_url": "https://www.openstreetmap.org/way/364420504", "josm_url": "http://127.0.0.1:8111/load_object?new_layer=false&objects=w364420504", "id_url": "https://www.openstreetmap.org/edit?editor=id&way=364420504#map=20/59.9609307/10.7973265"}}, {"type": "Feature", "geometry": {"type": "Point", "coordinates": [10.8028431, 59.8956934]}, "properties": {"id": 366211330, "feat_type": "way", "quality_categories": "crossings_lacking_kerbs", "issue_ids": "[1]", "osm_url": "https://www.openstreetmap.org/way/366211330", "josm_url": "http://127.0.0.1:8111/load_object?new_layer=false&objects=w366211330", "id_url": "https://www.openstreetmap.org/edit?editor=id&way=366211330#map=20/59.8956934/10.8028431"}}, {"type": "Feature", "geometry": {"type": "Point", "coordinates": [10.7592824, 59.9255546]}, "properties": {"id": 367297307, "feat_type": "way", "quality_categories": "crossings_lacking_kerbs", "issue_ids": "[1]", "osm_url": "https://www.openstreetmap.org/way/367297307", "josm_url": "http://127.0.0.1:8111/load_object?new_layer=false&objects=w367297307", "id_url": "https://www.openstreetmap.org/edit?editor=id&way=367297307#map=20/59.9255546/10.7592824"}}, {"type": "Feature", "geometry": {"type": "Point", "coordinates": [10.6825626, 59.9594836]}, "properties": {"id": 372588358, "feat_type": "way", "quality_categories": "crossings_lacking_kerbs", "issue_ids": "[1]", "osm_url": "https://www.openstreetmap.org/way/372588358", "josm_url": "http://127.0.0.1:8111/load_object?new_layer=false&objects=w372588358", "id_url": "https://www.openstreetmap.org/edit?editor=id&way=372588358#map=20/59.9594836/10.6825626"}}, {"type": "Feature", "geometry": {"type": "Point", "coordinates": [10.6707327, 59.951665]}, "properties": {"id": 372873278, "feat_type": "way", "quality_categories": "crossings_lacking_kerbs", "issue_ids": "[1]", "osm_url": "https://www.openstreetmap.org/way/372873278", "josm_url": "http://127.0.0.1:8111/load_object?new_layer=false&objects=w372873278", "id_url": "https://www.openstreetmap.org/edit?editor=id&way=372873278#map=20/59.951665/10.6707327"}}, {"type": "Feature", "geometry": {"type": "Point", "coordinates": [10.6615268, 59.9560237]}, "properties": {"id": 374352111, "feat_type": "way", "quality_categories": "crossings_lacking_kerbs", "issue_ids": "[1]", "osm_url": "https://www.openstreetmap.org/way/374352111", "josm_url": "http://127.0.0.1:8111/load_object?new_layer=false&objects=w374352111", "id_url": "https://www.openstreetmap.org/edit?editor=id&way=374352111#map=20/59.9560237/10.6615268"}}, {"type": "Feature", "geometry": {"type": "Point", "coordinates": [10.6857796, 59.9506535]}, "properties": {"id": 374582312, "feat_type": "way", "quality_categories": "crossings_lacking_kerbs", "issue_ids": "[1]", "osm_url": "https://www.openstreetmap.org/way/374582312", "josm_url": "http://127.0.0.1:8111/load_object?new_layer=false&objects=w374582312", "id_url": "https://www.openstreetmap.org/edit?editor=id&way=374582312#map=20/59.9506535/10.6857796"}}, {"type": "Feature", "geometry": {"type": "Point", "coordinates": [10.701339, 59.9429377]}, "properties": {"id": 374590756, "feat_type": "way", "quality_categories": "crossings_lacking_kerbs", "issue_ids": "[1]", "osm_url": "https://www.openstreetmap.org/way/374590756", "josm_url": "http://127.0.0.1:8111/load_object?new_layer=false&objects=w374590756", "id_url": "https://www.openstreetmap.org/edit?editor=id&way=374590756#map=20/59.9429377/10.701339"}}, {"type": "Feature", "geometry": {"type": "Point", "coordinates": [10.7997902, 59.9290516]}, "properties": {"id": 374861891, "feat_type": "way", "quality_categories": "crossings_lacking_kerbs", "issue_ids": "[1]", "osm_url": "https://www.openstreetmap.org/way/374861891", "josm_url": "http://127.0.0.1:8111/load_object?new_layer=false&objects=w374861891", "id_url": "https://www.openstreetmap.org/edit?editor=id&way=374861891#map=20/59.9290516/10.7997902"}}, {"type": "Feature", "geometry": {"type": "Point", "coordinates": [10.8513226, 59.904128]}, "properties": {"id": 375206335, "feat_type": "way", "quality_categories": "crossings_lacking_kerbs", "issue_ids": "[1]", "osm_url": "https://www.openstreetmap.org/way/375206335", "josm_url": "http://127.0.0.1:8111/load_object?new_layer=false&objects=w375206335", "id_url": "https://www.openstreetmap.org/edit?editor=id&way=375206335#map=20/59.904128/10.8513226"}}, {"type": "Feature", "geometry": {"type": "Point", "coordinates": [10.7648495, 59.9187293]}, "properties": {"id": 377776507, "feat_type": "way", "quality_categories": "crossings_lacking_kerbs", "issue_ids": "[1]", "osm_url": "https://www.openstreetmap.org/way/377776507", "josm_url": "http://127.0.0.1:8111/load_object?new_layer=false&objects=w377776507", "id_url": "https://www.openstreetmap.org/edit?editor=id&way=377776507#map=20/59.9187293/10.7648495"}}, {"type": "Feature", "geometry": {"type": "Point", "coordinates": [10.7916484, 59.9116844]}, "properties": {"id": 377874479, "feat_type": "way", "quality_categories": "crossings_lacking_kerbs", "issue_ids": "[1]", "osm_url": "https://www.openstreetmap.org/way/377874479", "josm_url": "http://127.0.0.1:8111/load_object?new_layer=false&objects=w377874479", "id_url": "https://www.openstreetmap.org/edit?editor=id&way=377874479#map=20/59.9116844/10.7916484"}}, {"type": "Feature", "geometry": {"type": "Point", "coordinates": [10.6751423, 59.9244329]}, "properties": {"id": 377886143, "feat_type": "way", "quality_categories": "crossings_lacking_kerbs", "issue_ids": "[1]", "osm_url": "https://www.openstreetmap.org/way/377886143", "josm_url": "http://127.0.0.1:8111/load_object?new_layer=false&objects=w377886143", "id_url": "https://www.openstreetmap.org/edit?editor=id&way=377886143#map=20/59.9244329/10.6751423"}}, {"type": "Feature", "geometry": {"type": "Point", "coordinates": [10.7253939, 59.9239571]}, "properties": {"id": 377895182, "feat_type": "way", "quality_categories": "crossings_lacking_kerbs", "issue_ids": "[1]", "osm_url": "https://www.openstreetmap.org/way/377895182", "josm_url": "http://127.0.0.1:8111/load_object?new_layer=false&objects=w377895182", "id_url": "https://www.openstreetmap.org/edit?editor=id&way=377895182#map=20/59.9239571/10.7253939"}}, {"type": "Feature", "geometry": {"type": "Point", "coordinates": [10.7594283, 59.9210364]}, "properties": {"id": 377899754, "feat_type": "way", "quality_categories": "crossings_lacking_kerbs", "issue_ids": "[1]", "osm_url": "https://www.openstreetmap.org/way/377899754", "josm_url": "http://127.0.0.1:8111/load_object?new_layer=false&objects=w377899754", "id_url": "https://www.openstreetmap.org/edit?editor=id&way=377899754#map=20/59.9210364/10.7594283"}}, {"type": "Feature", "geometry": {"type": "Point", "coordinates": [10.7639414, 59.9193311]}, "properties": {"id": 377899755, "feat_type": "way", "quality_categories": "crossings_lacking_kerbs", "issue_ids": "[1]", "osm_url": "https://www.openstreetmap.org/way/377899755", "josm_url": "http://127.0.0.1:8111/load_object?new_layer=false&objects=w377899755", "id_url": "https://www.openstreetmap.org/edit?editor=id&way=377899755#map=20/59.9193311/10.7639414"}}, {"type": "Feature", "geometry": {"type": "Point", "coordinates": [10.765269, 59.9401469]}, "properties": {"id": 381743867, "feat_type": "way", "quality_categories": "crossings_lacking_kerbs", "issue_ids": "[1]", "osm_url": "https://www.openstreetmap.org/way/381743867", "josm_url": "http://127.0.0.1:8111/load_object?new_layer=false&objects=w381743867", "id_url": "https://www.openstreetmap.org/edit?editor=id&way=381743867#map=20/59.9401469/10.765269"}}, {"type": "Feature", "geometry": {"type": "Point", "coordinates": [10.7620243, 59.9378592]}, "properties": {"id": 381743871, "feat_type": "way", "quality_categories": "crossings_lacking_kerbs", "issue_ids": "[1]", "osm_url": "https://www.openstreetmap.org/way/381743871", "josm_url": "http://127.0.0.1:8111/load_object?new_layer=false&objects=w381743871", "id_url": "https://www.openstreetmap.org/edit?editor=id&way=381743871#map=20/59.9378592/10.7620243"}}, {"type": "Feature", "geometry": {"type": "Point", "coordinates": [10.7546633, 59.9210839]}, "properties": {"id": 381749956, "feat_type": "way", "quality_categories": "crossings_lacking_kerbs", "issue_ids": "[1]", "osm_url": "https://www.openstreetmap.org/way/381749956", "josm_url": "http://127.0.0.1:8111/load_object?new_layer=false&objects=w381749956", "id_url": "https://www.openstreetmap.org/edit?editor=id&way=381749956#map=20/59.9210839/10.7546633"}}, {"type": "Feature", "geometry": {"type": "Point", "coordinates": [10.8179244, 59.8944821]}, "properties": {"id": 414703483, "feat_type": "way", "quality_categories": "crossings_lacking_kerbs", "issue_ids": "[1]", "osm_url": "https://www.openstreetmap.org/way/414703483", "josm_url": "http://127.0.0.1:8111/load_object?new_layer=false&objects=w414703483", "id_url": "https://www.openstreetmap.org/edit?editor=id&way=414703483#map=20/59.8944821/10.8179244"}}, {"type": "Feature", "geometry": {"type": "Point", "coordinates": [10.8283209, 59.8761353]}, "properties": {"id": 438259654, "feat_type": "way", "quality_categories": "crossings_lacking_kerbs", "issue_ids": "[1]", "osm_url": "https://www.openstreetmap.org/way/438259654", "josm_url": "http://127.0.0.1:8111/load_object?new_layer=false&objects=w438259654", "id_url": "https://www.openstreetmap.org/edit?editor=id&way=438259654#map=20/59.8761353/10.8283209"}}, {"type": "Feature", "geometry": {"type": "Point", "coordinates": [10.8376136, 59.8505759]}, "properties": {"id": 439454541, "feat_type": "way", "quality_categories": "crossings_lacking_kerbs", "issue_ids": "[1]", "osm_url": "https://www.openstreetmap.org/way/439454541", "josm_url": "http://127.0.0.1:8111/load_object?new_layer=false&objects=w439454541", "id_url": "https://www.openstreetmap.org/edit?editor=id&way=439454541#map=20/59.8505759/10.8376136"}}, {"type": "Feature", "geometry": {"type": "Point", "coordinates": [10.8379935, 59.8483666]}, "properties": {"id": 439765659, "feat_type": "way", "quality_categories": "crossings_lacking_kerbs", "issue_ids": "[1]", "osm_url": "https://www.openstreetmap.org/way/439765659", "josm_url": "http://127.0.0.1:8111/load_object?new_layer=false&objects=w439765659", "id_url": "https://www.openstreetmap.org/edit?editor=id&way=439765659#map=20/59.8483666/10.8379935"}}, {"type": "Feature", "geometry": {"type": "Point", "coordinates": [10.8515139, 59.8322509]}, "properties": {"id": 440491037, "feat_type": "way", "quality_categories": "crossings_lacking_kerbs", "issue_ids": "[1]", "osm_url": "https://www.openstreetmap.org/way/440491037", "josm_url": "http://127.0.0.1:8111/load_object?new_layer=false&objects=w440491037", "id_url": "https://www.openstreetmap.org/edit?editor=id&way=440491037#map=20/59.8322509/10.8515139"}}, {"type": "Feature", "geometry": {"type": "Point", "coordinates": [10.8133573, 59.8681568]}, "properties": {"id": 447771124, "feat_type": "way", "quality_categories": "crossings_lacking_kerbs", "issue_ids": "[1]", "osm_url": "https://www.openstreetmap.org/way/447771124", "josm_url": "http://127.0.0.1:8111/load_object?new_layer=false&objects=w447771124", "id_url": "https://www.openstreetmap.org/edit?editor=id&way=447771124#map=20/59.8681568/10.8133573"}}, {"type": "Feature", "geometry": {"type": "Point", "coordinates": [10.8086766, 59.9244573]}, "properties": {"id": 452777944, "feat_type": "way", "quality_categories": "crossings_lacking_kerbs", "issue_ids": "[1]", "osm_url": "https://www.openstreetmap.org/way/452777944", "josm_url": "http://127.0.0.1:8111/load_object?new_layer=false&objects=w452777944", "id_url": "https://www.openstreetmap.org/edit?editor=id&way=452777944#map=20/59.9244573/10.8086766"}}, {"type": "Feature", "geometry": {"type": "Point", "coordinates": [10.7580303, 59.9077886]}, "properties": {"id": 453102552, "feat_type": "way", "quality_categories": "crossings_lacking_kerbs", "issue_ids": "[1]", "osm_url": "https://www.openstreetmap.org/way/453102552", "josm_url": "http://127.0.0.1:8111/load_object?new_layer=false&objects=w453102552", "id_url": "https://www.openstreetmap.org/edit?editor=id&way=453102552#map=20/59.9077886/10.7580303"}}, {"type": "Feature", "geometry": {"type": "Point", "coordinates": [10.7274279, 59.9391013]}, "properties": {"id": 461219400, "feat_type": "way", "quality_categories": "crossings_lacking_kerbs", "issue_ids": "[1]", "osm_url": "https://www.openstreetmap.org/way/461219400", "josm_url": "http://127.0.0.1:8111/load_object?new_layer=false&objects=w461219400", "id_url": "https://www.openstreetmap.org/edit?editor=id&way=461219400#map=20/59.9391013/10.7274279"}}, {"type": "Feature", "geometry": {"type": "Point", "coordinates": [10.7262964, 59.938642]}, "properties": {"id": 461219402, "feat_type": "way", "quality_categories": "crossings_lacking_kerbs", "issue_ids": "[1]", "osm_url": "https://www.openstreetmap.org/way/461219402", "josm_url": "http://127.0.0.1:8111/load_object?new_layer=false&objects=w461219402", "id_url": "https://www.openstreetmap.org/edit?editor=id&way=461219402#map=20/59.938642/10.7262964"}}, {"type": "Feature", "geometry": {"type": "Point", "coordinates": [10.723487, 59.9132157]}, "properties": {"id": 478730031, "feat_type": "way", "quality_categories": "crossings_lacking_kerbs", "issue_ids": "[1]", "osm_url": "https://www.openstreetmap.org/way/478730031", "josm_url": "http://127.0.0.1:8111/load_object?new_layer=false&objects=w478730031", "id_url": "https://www.openstreetmap.org/edit?editor=id&way=478730031#map=20/59.9132157/10.723487"}}, {"type": "Feature", "geometry": {"type": "Point", "coordinates": [10.7408438, 59.9429733]}, "properties": {"id": 481636087, "feat_type": "way", "quality_categories": "crossings_lacking_kerbs", "issue_ids": "[1]", "osm_url": "https://www.openstreetmap.org/way/481636087", "josm_url": "http://127.0.0.1:8111/load_object?new_layer=false&objects=w481636087", "id_url": "https://www.openstreetmap.org/edit?editor=id&way=481636087#map=20/59.9429733/10.7408438"}}, {"type": "Feature", "geometry": {"type": "Point", "coordinates": [10.8011422, 59.8366766]}, "properties": {"id": 483738868, "feat_type": "way", "quality_categories": "crossings_lacking_kerbs", "issue_ids": "[1]", "osm_url": "https://www.openstreetmap.org/way/483738868", "josm_url": "http://127.0.0.1:8111/load_object?new_layer=false&objects=w483738868", "id_url": "https://www.openstreetmap.org/edit?editor=id&way=483738868#map=20/59.8366766/10.8011422"}}, {"type": "Feature", "geometry": {"type": "Point", "coordinates": [10.7633413, 59.9209462]}, "properties": {"id": 543869951, "feat_type": "way", "quality_categories": "crossings_lacking_kerbs", "issue_ids": "[1]", "osm_url": "https://www.openstreetmap.org/way/543869951", "josm_url": "http://127.0.0.1:8111/load_object?new_layer=false&objects=w543869951", "id_url": "https://www.openstreetmap.org/edit?editor=id&way=543869951#map=20/59.9209462/10.7633413"}}, {"type": "Feature", "geometry": {"type": "Point", "coordinates": [10.7954079, 59.9516201]}, "properties": {"id": 545603029, "feat_type": "way", "quality_categories": "crossings_lacking_kerbs", "issue_ids": "[1]", "osm_url": "https://www.openstreetmap.org/way/545603029", "josm_url": "http://127.0.0.1:8111/load_object?new_layer=false&objects=w545603029", "id_url": "https://www.openstreetmap.org/edit?editor=id&way=545603029#map=20/59.9516201/10.7954079"}}, {"type": "Feature", "geometry": {"type": "Point", "coordinates": [10.6876546, 59.9387726]}, "properties": {"id": 554724037, "feat_type": "way", "quality_categories": "crossings_lacking_kerbs", "issue_ids": "[1]", "osm_url": "https://www.openstreetmap.org/way/554724037", "josm_url": "http://127.0.0.1:8111/load_object?new_layer=false&objects=w554724037", "id_url": "https://www.openstreetmap.org/edit?editor=id&way=554724037#map=20/59.9387726/10.6876546"}}, {"type": "Feature", "geometry": {"type": "Point", "coordinates": [10.6737888, 59.9578051]}, "properties": {"id": 554961735, "feat_type": "way", "quality_categories": "crossings_lacking_kerbs", "issue_ids": "[1]", "osm_url": "https://www.openstreetmap.org/way/554961735", "josm_url": "http://127.0.0.1:8111/load_object?new_layer=false&objects=w554961735", "id_url": "https://www.openstreetmap.org/edit?editor=id&way=554961735#map=20/59.9578051/10.6737888"}}, {"type": "Feature", "geometry": {"type": "Point", "coordinates": [10.6738992, 59.9579218]}, "properties": {"id": 554961736, "feat_type": "way", "quality_categories": "crossings_lacking_kerbs", "issue_ids": "[1]", "osm_url": "https://www.openstreetmap.org/way/554961736", "josm_url": "http://127.0.0.1:8111/load_object?new_layer=false&objects=w554961736", "id_url": "https://www.openstreetmap.org/edit?editor=id&way=554961736#map=20/59.9579218/10.6738992"}}, {"type": "Feature", "geometry": {"type": "Point", "coordinates": [10.8273256, 59.8529762]}, "properties": {"id": 573247439, "feat_type": "way", "quality_categories": "crossings_lacking_kerbs", "issue_ids": "[1]", "osm_url": "https://www.openstreetmap.org/way/573247439", "josm_url": "http://127.0.0.1:8111/load_object?new_layer=false&objects=w573247439", "id_url": "https://www.openstreetmap.org/edit?editor=id&way=573247439#map=20/59.8529762/10.8273256"}}, {"type": "Feature", "geometry": {"type": "Point", "coordinates": [10.8251228, 59.8571509]}, "properties": {"id": 573247441, "feat_type": "way", "quality_categories": "crossings_lacking_kerbs", "issue_ids": "[1]", "osm_url": "https://www.openstreetmap.org/way/573247441", "josm_url": "http://127.0.0.1:8111/load_object?new_layer=false&objects=w573247441", "id_url": "https://www.openstreetmap.org/edit?editor=id&way=573247441#map=20/59.8571509/10.8251228"}}, {"type": "Feature", "geometry": {"type": "Point", "coordinates": [10.8203691, 59.8976019]}, "properties": {"id": 585941460, "feat_type": "way", "quality_categories": "crossings_lacking_kerbs", "issue_ids": "[1]", "osm_url": "https://www.openstreetmap.org/way/585941460", "josm_url": "http://127.0.0.1:8111/load_object?new_layer=false&objects=w585941460", "id_url": "https://www.openstreetmap.org/edit?editor=id&way=585941460#map=20/59.8976019/10.8203691"}}, {"type": "Feature", "geometry": {"type": "Point", "coordinates": [10.8445079, 59.9014116]}, "properties": {"id": 589842937, "feat_type": "way", "quality_categories": "crossings_lacking_kerbs", "issue_ids": "[1]", "osm_url": "https://www.openstreetmap.org/way/589842937", "josm_url": "http://127.0.0.1:8111/load_object?new_layer=false&objects=w589842937", "id_url": "https://www.openstreetmap.org/edit?editor=id&way=589842937#map=20/59.9014116/10.8445079"}}, {"type": "Feature", "geometry": {"type": "Point", "coordinates": [10.8223888, 59.9044569]}, "properties": {"id": 612597813, "feat_type": "way", "quality_categories": "crossings_lacking_kerbs", "issue_ids": "[1]", "osm_url": "https://www.openstreetmap.org/way/612597813", "josm_url": "http://127.0.0.1:8111/load_object?new_layer=false&objects=w612597813", "id_url": "https://www.openstreetmap.org/edit?editor=id&way=612597813#map=20/59.9044569/10.8223888"}}, {"type": "Feature", "geometry": {"type": "Point", "coordinates": [10.8221613, 59.9043771]}, "properties": {"id": 612597816, "feat_type": "way", "quality_categories": "crossings_lacking_kerbs", "issue_ids": "[1]", "osm_url": "https://www.openstreetmap.org/way/612597816", "josm_url": "http://127.0.0.1:8111/load_object?new_layer=false&objects=w612597816", "id_url": "https://www.openstreetmap.org/edit?editor=id&way=612597816#map=20/59.9043771/10.8221613"}}, {"type": "Feature", "geometry": {"type": "Point", "coordinates": [10.7640575, 59.919364]}, "properties": {"id": 621958697, "feat_type": "way", "quality_categories": "crossings_lacking_kerbs", "issue_ids": "[1]", "osm_url": "https://www.openstreetmap.org/way/621958697", "josm_url": "http://127.0.0.1:8111/load_object?new_layer=false&objects=w621958697", "id_url": "https://www.openstreetmap.org/edit?editor=id&way=621958697#map=20/59.919364/10.7640575"}}, {"type": "Feature", "geometry": {"type": "Point", "coordinates": [10.7502901, 59.9164326]}, "properties": {"id": 622480530, "feat_type": "way", "quality_categories": "crossings_lacking_kerbs", "issue_ids": "[1]", "osm_url": "https://www.openstreetmap.org/way/622480530", "josm_url": "http://127.0.0.1:8111/load_object?new_layer=false&objects=w622480530", "id_url": "https://www.openstreetmap.org/edit?editor=id&way=622480530#map=20/59.9164326/10.7502901"}}, {"type": "Feature", "geometry": {"type": "Point", "coordinates": [10.7485152, 59.9432431]}, "properties": {"id": 625846900, "feat_type": "way", "quality_categories": "crossings_lacking_kerbs", "issue_ids": "[1]", "osm_url": "https://www.openstreetmap.org/way/625846900", "josm_url": "http://127.0.0.1:8111/load_object?new_layer=false&objects=w625846900", "id_url": "https://www.openstreetmap.org/edit?editor=id&way=625846900#map=20/59.9432431/10.7485152"}}, {"type": "Feature", "geometry": {"type": "Point", "coordinates": [10.7654757, 59.9206552]}, "properties": {"id": 640945226, "feat_type": "way", "quality_categories": "crossings_lacking_kerbs", "issue_ids": "[1]", "osm_url": "https://www.openstreetmap.org/way/640945226", "josm_url": "http://127.0.0.1:8111/load_object?new_layer=false&objects=w640945226", "id_url": "https://www.openstreetmap.org/edit?editor=id&way=640945226#map=20/59.9206552/10.7654757"}}, {"type": "Feature", "geometry": {"type": "Point", "coordinates": [10.7654757, 59.9207005]}, "properties": {"id": 640945228, "feat_type": "way", "quality_categories": "crossings_lacking_kerbs", "issue_ids": "[1]", "osm_url": "https://www.openstreetmap.org/way/640945228", "josm_url": "http://127.0.0.1:8111/load_object?new_layer=false&objects=w640945228", "id_url": "https://www.openstreetmap.org/edit?editor=id&way=640945228#map=20/59.9207005/10.7654757"}}, {"type": "Feature", "geometry": {"type": "Point", "coordinates": [10.7646575, 59.9213916]}, "properties": {"id": 640945234, "feat_type": "way", "quality_categories": "crossings_lacking_kerbs", "issue_ids": "[1]", "osm_url": "https://www.openstreetmap.org/way/640945234", "josm_url": "http://127.0.0.1:8111/load_object?new_layer=false&objects=w640945234", "id_url": "https://www.openstreetmap.org/edit?editor=id&way=640945234#map=20/59.9213916/10.7646575"}}, {"type": "Feature", "geometry": {"type": "Point", "coordinates": [10.8254308, 59.9110004]}, "properties": {"id": 651881163, "feat_type": "way", "quality_categories": "crossings_lacking_kerbs", "issue_ids": "[1]", "osm_url": "https://www.openstreetmap.org/way/651881163", "josm_url": "http://127.0.0.1:8111/load_object?new_layer=false&objects=w651881163", "id_url": "https://www.openstreetmap.org/edit?editor=id&way=651881163#map=20/59.9110004/10.8254308"}}, {"type": "Feature", "geometry": {"type": "Point", "coordinates": [10.8255318, 59.9109708]}, "properties": {"id": 651881165, "feat_type": "way", "quality_categories": "crossings_lacking_kerbs", "issue_ids": "[1]", "osm_url": "https://www.openstreetmap.org/way/651881165", "josm_url": "http://127.0.0.1:8111/load_object?new_layer=false&objects=w651881165", "id_url": "https://www.openstreetmap.org/edit?editor=id&way=651881165#map=20/59.9109708/10.8255318"}}, {"type": "Feature", "geometry": {"type": "Point", "coordinates": [10.8414167, 59.9136028]}, "properties": {"id": 655066431, "feat_type": "way", "quality_categories": "crossings_lacking_kerbs", "issue_ids": "[1]", "osm_url": "https://www.openstreetmap.org/way/655066431", "josm_url": "http://127.0.0.1:8111/load_object?new_layer=false&objects=w655066431", "id_url": "https://www.openstreetmap.org/edit?editor=id&way=655066431#map=20/59.9136028/10.8414167"}}, {"type": "Feature", "geometry": {"type": "Point", "coordinates": [10.82026, 59.9103275]}, "properties": {"id": 660915970, "feat_type": "way", "quality_categories": "crossings_lacking_kerbs", "issue_ids": "[1]", "osm_url": "https://www.openstreetmap.org/way/660915970", "josm_url": "http://127.0.0.1:8111/load_object?new_layer=false&objects=w660915970", "id_url": "https://www.openstreetmap.org/edit?editor=id&way=660915970#map=20/59.9103275/10.82026"}}, {"type": "Feature", "geometry": {"type": "Point", "coordinates": [10.7408125, 59.9157498]}, "properties": {"id": 661274562, "feat_type": "way", "quality_categories": "crossings_lacking_kerbs", "issue_ids": "[1]", "osm_url": "https://www.openstreetmap.org/way/661274562", "josm_url": "http://127.0.0.1:8111/load_object?new_layer=false&objects=w661274562", "id_url": "https://www.openstreetmap.org/edit?editor=id&way=661274562#map=20/59.9157498/10.7408125"}}, {"type": "Feature", "geometry": {"type": "Point", "coordinates": [10.7556577, 59.9082045]}, "properties": {"id": 664221819, "feat_type": "way", "quality_categories": "crossings_lacking_kerbs", "issue_ids": "[1]", "osm_url": "https://www.openstreetmap.org/way/664221819", "josm_url": "http://127.0.0.1:8111/load_object?new_layer=false&objects=w664221819", "id_url": "https://www.openstreetmap.org/edit?editor=id&way=664221819#map=20/59.9082045/10.7556577"}}, {"type": "Feature", "geometry": {"type": "Point", "coordinates": [10.8069544, 59.9006556]}, "properties": {"id": 674139041, "feat_type": "way", "quality_categories": "crossings_lacking_kerbs", "issue_ids": "[1]", "osm_url": "https://www.openstreetmap.org/way/674139041", "josm_url": "http://127.0.0.1:8111/load_object?new_layer=false&objects=w674139041", "id_url": "https://www.openstreetmap.org/edit?editor=id&way=674139041#map=20/59.9006556/10.8069544"}}, {"type": "Feature", "geometry": {"type": "Point", "coordinates": [10.7177092, 59.9450912]}, "properties": {"id": 674147554, "feat_type": "way", "quality_categories": "crossings_lacking_kerbs", "issue_ids": "[1]", "osm_url": "https://www.openstreetmap.org/way/674147554", "josm_url": "http://127.0.0.1:8111/load_object?new_layer=false&objects=w674147554", "id_url": "https://www.openstreetmap.org/edit?editor=id&way=674147554#map=20/59.9450912/10.7177092"}}, {"type": "Feature", "geometry": {"type": "Point", "coordinates": [10.7664265, 59.9120251]}, "properties": {"id": 686874696, "feat_type": "way", "quality_categories": "crossings_lacking_kerbs", "issue_ids": "[1]", "osm_url": "https://www.openstreetmap.org/way/686874696", "josm_url": "http://127.0.0.1:8111/load_object?new_layer=false&objects=w686874696", "id_url": "https://www.openstreetmap.org/edit?editor=id&way=686874696#map=20/59.9120251/10.7664265"}}, {"type": "Feature", "geometry": {"type": "Point", "coordinates": [10.780594, 59.8414725]}, "properties": {"id": 695831749, "feat_type": "way", "quality_categories": "crossings_lacking_kerbs", "issue_ids": "[1]", "osm_url": "https://www.openstreetmap.org/way/695831749", "josm_url": "http://127.0.0.1:8111/load_object?new_layer=false&objects=w695831749", "id_url": "https://www.openstreetmap.org/edit?editor=id&way=695831749#map=20/59.8414725/10.780594"}}, {"type": "Feature", "geometry": {"type": "Point", "coordinates": [10.7804306, 59.8415054]}, "properties": {"id": 695831761, "feat_type": "way", "quality_categories": "crossings_lacking_kerbs", "issue_ids": "[1]", "osm_url": "https://www.openstreetmap.org/way/695831761", "josm_url": "http://127.0.0.1:8111/load_object?new_layer=false&objects=w695831761", "id_url": "https://www.openstreetmap.org/edit?editor=id&way=695831761#map=20/59.8415054/10.7804306"}}, {"type": "Feature", "geometry": {"type": "Point", "coordinates": [10.83434, 59.849774]}, "properties": {"id": 696464476, "feat_type": "way", "quality_categories": "crossings_lacking_kerbs", "issue_ids": "[1]", "osm_url": "https://www.openstreetmap.org/way/696464476", "josm_url": "http://127.0.0.1:8111/load_object?new_layer=false&objects=w696464476", "id_url": "https://www.openstreetmap.org/edit?editor=id&way=696464476#map=20/59.849774/10.83434"}}, {"type": "Feature", "geometry": {"type": "Point", "coordinates": [10.7460382, 59.912854]}, "properties": {"id": 696754515, "feat_type": "way", "quality_categories": "crossings_lacking_kerbs", "issue_ids": "[1]", "osm_url": "https://www.openstreetmap.org/way/696754515", "josm_url": "http://127.0.0.1:8111/load_object?new_layer=false&objects=w696754515", "id_url": "https://www.openstreetmap.org/edit?editor=id&way=696754515#map=20/59.912854/10.7460382"}}, {"type": "Feature", "geometry": {"type": "Point", "coordinates": [10.7635393, 59.9094851]}, "properties": {"id": 698326779, "feat_type": "way", "quality_categories": "crossings_lacking_kerbs", "issue_ids": "[1]", "osm_url": "https://www.openstreetmap.org/way/698326779", "josm_url": "http://127.0.0.1:8111/load_object?new_layer=false&objects=w698326779", "id_url": "https://www.openstreetmap.org/edit?editor=id&way=698326779#map=20/59.9094851/10.7635393"}}, {"type": "Feature", "geometry": {"type": "Point", "coordinates": [10.8267706, 59.8465614]}, "properties": {"id": 699085702, "feat_type": "way", "quality_categories": "crossings_lacking_kerbs", "issue_ids": "[1]", "osm_url": "https://www.openstreetmap.org/way/699085702", "josm_url": "http://127.0.0.1:8111/load_object?new_layer=false&objects=w699085702", "id_url": "https://www.openstreetmap.org/edit?editor=id&way=699085702#map=20/59.8465614/10.8267706"}}, {"type": "Feature", "geometry": {"type": "Point", "coordinates": [10.7597139, 59.8904918]}, "properties": {"id": 704117170, "feat_type": "way", "quality_categories": "crossings_lacking_kerbs", "issue_ids": "[1]", "osm_url": "https://www.openstreetmap.org/way/704117170", "josm_url": "http://127.0.0.1:8111/load_object?new_layer=false&objects=w704117170", "id_url": "https://www.openstreetmap.org/edit?editor=id&way=704117170#map=20/59.8904918/10.7597139"}}, {"type": "Feature", "geometry": {"type": "Point", "coordinates": [10.7592686, 59.890454]}, "properties": {"id": 704117172, "feat_type": "way", "quality_categories": "crossings_lacking_kerbs", "issue_ids": "[1]", "osm_url": "https://www.openstreetmap.org/way/704117172", "josm_url": "http://127.0.0.1:8111/load_object?new_layer=false&objects=w704117172", "id_url": "https://www.openstreetmap.org/edit?editor=id&way=704117172#map=20/59.890454/10.7592686"}}, {"type": "Feature", "geometry": {"type": "Point", "coordinates": [10.8069941, 59.9007574]}, "properties": {"id": 708713868, "feat_type": "way", "quality_categories": "crossings_lacking_kerbs", "issue_ids": "[1]", "osm_url": "https://www.openstreetmap.org/way/708713868", "josm_url": "http://127.0.0.1:8111/load_object?new_layer=false&objects=w708713868", "id_url": "https://www.openstreetmap.org/edit?editor=id&way=708713868#map=20/59.9007574/10.8069941"}}, {"type": "Feature", "geometry": {"type": "Point", "coordinates": [10.7878508, 59.9055018]}, "properties": {"id": 709823780, "feat_type": "way", "quality_categories": "crossings_lacking_kerbs", "issue_ids": "[1]", "osm_url": "https://www.openstreetmap.org/way/709823780", "josm_url": "http://127.0.0.1:8111/load_object?new_layer=false&objects=w709823780", "id_url": "https://www.openstreetmap.org/edit?editor=id&way=709823780#map=20/59.9055018/10.7878508"}}, {"type": "Feature", "geometry": {"type": "Point", "coordinates": [10.7702768, 59.9071578]}, "properties": {"id": 713156573, "feat_type": "way", "quality_categories": "crossings_lacking_kerbs", "issue_ids": "[1]", "osm_url": "https://www.openstreetmap.org/way/713156573", "josm_url": "http://127.0.0.1:8111/load_object?new_layer=false&objects=w713156573", "id_url": "https://www.openstreetmap.org/edit?editor=id&way=713156573#map=20/59.9071578/10.7702768"}}, {"type": "Feature", "geometry": {"type": "Point", "coordinates": [10.7675097, 59.9035192]}, "properties": {"id": 714955600, "feat_type": "way", "quality_categories": "crossings_lacking_kerbs", "issue_ids": "[1]", "osm_url": "https://www.openstreetmap.org/way/714955600", "josm_url": "http://127.0.0.1:8111/load_object?new_layer=false&objects=w714955600", "id_url": "https://www.openstreetmap.org/edit?editor=id&way=714955600#map=20/59.9035192/10.7675097"}}, {"type": "Feature", "geometry": {"type": "Point", "coordinates": [10.7674483, 59.903518]}, "properties": {"id": 715007021, "feat_type": "way", "quality_categories": "crossings_lacking_kerbs", "issue_ids": "[1]", "osm_url": "https://www.openstreetmap.org/way/715007021", "josm_url": "http://127.0.0.1:8111/load_object?new_layer=false&objects=w715007021", "id_url": "https://www.openstreetmap.org/edit?editor=id&way=715007021#map=20/59.903518/10.7674483"}}, {"type": "Feature", "geometry": {"type": "Point", "coordinates": [10.7705232, 59.9006187]}, "properties": {"id": 719431515, "feat_type": "way", "quality_categories": "crossings_lacking_kerbs", "issue_ids": "[1]", "osm_url": "https://www.openstreetmap.org/way/719431515", "josm_url": "http://127.0.0.1:8111/load_object?new_layer=false&objects=w719431515", "id_url": "https://www.openstreetmap.org/edit?editor=id&way=719431515#map=20/59.9006187/10.7705232"}}, {"type": "Feature", "geometry": {"type": "Point", "coordinates": [10.7601117, 59.9017455]}, "properties": {"id": 722970925, "feat_type": "way", "quality_categories": "crossings_lacking_kerbs", "issue_ids": "[1]", "osm_url": "https://www.openstreetmap.org/way/722970925", "josm_url": "http://127.0.0.1:8111/load_object?new_layer=false&objects=w722970925", "id_url": "https://www.openstreetmap.org/edit?editor=id&way=722970925#map=20/59.9017455/10.7601117"}}, {"type": "Feature", "geometry": {"type": "Point", "coordinates": [10.7417168, 59.9040484]}, "properties": {"id": 724574574, "feat_type": "way", "quality_categories": "crossings_lacking_kerbs", "issue_ids": "[1]", "osm_url": "https://www.openstreetmap.org/way/724574574", "josm_url": "http://127.0.0.1:8111/load_object?new_layer=false&objects=w724574574", "id_url": "https://www.openstreetmap.org/edit?editor=id&way=724574574#map=20/59.9040484/10.7417168"}}, {"type": "Feature", "geometry": {"type": "Point", "coordinates": [10.7532213, 59.9088795]}, "properties": {"id": 726609478, "feat_type": "way", "quality_categories": "crossings_lacking_kerbs", "issue_ids": "[1]", "osm_url": "https://www.openstreetmap.org/way/726609478", "josm_url": "http://127.0.0.1:8111/load_object?new_layer=false&objects=w726609478", "id_url": "https://www.openstreetmap.org/edit?editor=id&way=726609478#map=20/59.9088795/10.7532213"}}, {"type": "Feature", "geometry": {"type": "Point", "coordinates": [10.8561646, 59.9415361]}, "properties": {"id": 730031655, "feat_type": "way", "quality_categories": "crossings_lacking_kerbs", "issue_ids": "[1]", "osm_url": "https://www.openstreetmap.org/way/730031655", "josm_url": "http://127.0.0.1:8111/load_object?new_layer=false&objects=w730031655", "id_url": "https://www.openstreetmap.org/edit?editor=id&way=730031655#map=20/59.9415361/10.8561646"}}, {"type": "Feature", "geometry": {"type": "Point", "coordinates": [10.7838795, 59.8839405]}, "properties": {"id": 736842878, "feat_type": "way", "quality_categories": "crossings_lacking_kerbs", "issue_ids": "[1]", "osm_url": "https://www.openstreetmap.org/way/736842878", "josm_url": "http://127.0.0.1:8111/load_object?new_layer=false&objects=w736842878", "id_url": "https://www.openstreetmap.org/edit?editor=id&way=736842878#map=20/59.8839405/10.7838795"}}, {"type": "Feature", "geometry": {"type": "Point", "coordinates": [10.7724405, 59.881258]}, "properties": {"id": 736998832, "feat_type": "way", "quality_categories": "crossings_lacking_kerbs", "issue_ids": "[1]", "osm_url": "https://www.openstreetmap.org/way/736998832", "josm_url": "http://127.0.0.1:8111/load_object?new_layer=false&objects=w736998832", "id_url": "https://www.openstreetmap.org/edit?editor=id&way=736998832#map=20/59.881258/10.7724405"}}, {"type": "Feature", "geometry": {"type": "Point", "coordinates": [10.7685785, 59.8814321]}, "properties": {"id": 737029432, "feat_type": "way", "quality_categories": "crossings_lacking_kerbs", "issue_ids": "[1]", "osm_url": "https://www.openstreetmap.org/way/737029432", "josm_url": "http://127.0.0.1:8111/load_object?new_layer=false&objects=w737029432", "id_url": "https://www.openstreetmap.org/edit?editor=id&way=737029432#map=20/59.8814321/10.7685785"}}, {"type": "Feature", "geometry": {"type": "Point", "coordinates": [10.7986416, 59.8715118]}, "properties": {"id": 741581736, "feat_type": "way", "quality_categories": "crossings_lacking_kerbs", "issue_ids": "[1]", "osm_url": "https://www.openstreetmap.org/way/741581736", "josm_url": "http://127.0.0.1:8111/load_object?new_layer=false&objects=w741581736", "id_url": "https://www.openstreetmap.org/edit?editor=id&way=741581736#map=20/59.8715118/10.7986416"}}, {"type": "Feature", "geometry": {"type": "Point", "coordinates": [10.7951771, 59.8709662]}, "properties": {"id": 741581758, "feat_type": "way", "quality_categories": "crossings_lacking_kerbs", "issue_ids": "[1]", "osm_url": "https://www.openstreetmap.org/way/741581758", "josm_url": "http://127.0.0.1:8111/load_object?new_layer=false&objects=w741581758", "id_url": "https://www.openstreetmap.org/edit?editor=id&way=741581758#map=20/59.8709662/10.7951771"}}, {"type": "Feature", "geometry": {"type": "Point", "coordinates": [10.7633259, 59.9200415]}, "properties": {"id": 741935483, "feat_type": "way", "quality_categories": "crossings_lacking_kerbs", "issue_ids": "[1]", "osm_url": "https://www.openstreetmap.org/way/741935483", "josm_url": "http://127.0.0.1:8111/load_object?new_layer=false&objects=w741935483", "id_url": "https://www.openstreetmap.org/edit?editor=id&way=741935483#map=20/59.9200415/10.7633259"}}, {"type": "Feature", "geometry": {"type": "Point", "coordinates": [10.7642259, 59.9202706]}, "properties": {"id": 741935484, "feat_type": "way", "quality_categories": "crossings_lacking_kerbs", "issue_ids": "[1]", "osm_url": "https://www.openstreetmap.org/way/741935484", "josm_url": "http://127.0.0.1:8111/load_object?new_layer=false&objects=w741935484", "id_url": "https://www.openstreetmap.org/edit?editor=id&way=741935484#map=20/59.9202706/10.7642259"}}, {"type": "Feature", "geometry": {"type": "Point", "coordinates": [10.8018326, 59.8840163]}, "properties": {"id": 741998856, "feat_type": "way", "quality_categories": "crossings_lacking_kerbs", "issue_ids": "[1]", "osm_url": "https://www.openstreetmap.org/way/741998856", "josm_url": "http://127.0.0.1:8111/load_object?new_layer=false&objects=w741998856", "id_url": "https://www.openstreetmap.org/edit?editor=id&way=741998856#map=20/59.8840163/10.8018326"}}, {"type": "Feature", "geometry": {"type": "Point", "coordinates": [10.815072, 59.8683419]}, "properties": {"id": 743585639, "feat_type": "way", "quality_categories": "crossings_lacking_kerbs", "issue_ids": "[1]", "osm_url": "https://www.openstreetmap.org/way/743585639", "josm_url": "http://127.0.0.1:8111/load_object?new_layer=false&objects=w743585639", "id_url": "https://www.openstreetmap.org/edit?editor=id&way=743585639#map=20/59.8683419/10.815072"}}, {"type": "Feature", "geometry": {"type": "Point", "coordinates": [10.8092759, 59.8626745]}, "properties": {"id": 743645607, "feat_type": "way", "quality_categories": "crossings_lacking_kerbs", "issue_ids": "[1]", "osm_url": "https://www.openstreetmap.org/way/743645607", "josm_url": "http://127.0.0.1:8111/load_object?new_layer=false&objects=w743645607", "id_url": "https://www.openstreetmap.org/edit?editor=id&way=743645607#map=20/59.8626745/10.8092759"}}, {"type": "Feature", "geometry": {"type": "Point", "coordinates": [10.8037442, 59.8777422]}, "properties": {"id": 743685994, "feat_type": "way", "quality_categories": "crossings_lacking_kerbs", "issue_ids": "[1]", "osm_url": "https://www.openstreetmap.org/way/743685994", "josm_url": "http://127.0.0.1:8111/load_object?new_layer=false&objects=w743685994", "id_url": "https://www.openstreetmap.org/edit?editor=id&way=743685994#map=20/59.8777422/10.8037442"}}, {"type": "Feature", "geometry": {"type": "Point", "coordinates": [10.8054575, 59.8748292]}, "properties": {"id": 743685995, "feat_type": "way", "quality_categories": "crossings_lacking_kerbs", "issue_ids": "[1]", "osm_url": "https://www.openstreetmap.org/way/743685995", "josm_url": "http://127.0.0.1:8111/load_object?new_layer=false&objects=w743685995", "id_url": "https://www.openstreetmap.org/edit?editor=id&way=743685995#map=20/59.8748292/10.8054575"}}, {"type": "Feature", "geometry": {"type": "Point", "coordinates": [10.745636, 59.9060881]}, "properties": {"id": 763873712, "feat_type": "way", "quality_categories": "crossings_lacking_kerbs", "issue_ids": "[1]", "osm_url": "https://www.openstreetmap.org/way/763873712", "josm_url": "http://127.0.0.1:8111/load_object?new_layer=false&objects=w763873712", "id_url": "https://www.openstreetmap.org/edit?editor=id&way=763873712#map=20/59.9060881/10.745636"}}, {"type": "Feature", "geometry": {"type": "Point", "coordinates": [10.6123647, 60.0170152]}, "properties": {"id": 789811729, "feat_type": "way", "quality_categories": "crossings_lacking_kerbs", "issue_ids": "[1]", "osm_url": "https://www.openstreetmap.org/way/789811729", "josm_url": "http://127.0.0.1:8111/load_object?new_layer=false&objects=w789811729", "id_url": "https://www.openstreetmap.org/edit?editor=id&way=789811729#map=20/60.0170152/10.6123647"}}, {"type": "Feature", "geometry": {"type": "Point", "coordinates": [10.7897809, 59.9337875]}, "properties": {"id": 804157388, "feat_type": "way", "quality_categories": "crossings_lacking_kerbs", "issue_ids": "[1]", "osm_url": "https://www.openstreetmap.org/way/804157388", "josm_url": "http://127.0.0.1:8111/load_object?new_layer=false&objects=w804157388", "id_url": "https://www.openstreetmap.org/edit?editor=id&way=804157388#map=20/59.9337875/10.7897809"}}, {"type": "Feature", "geometry": {"type": "Point", "coordinates": [10.6872676, 59.9074673]}, "properties": {"id": 817919617, "feat_type": "way", "quality_categories": "crossings_lacking_kerbs", "issue_ids": "[1]", "osm_url": "https://www.openstreetmap.org/way/817919617", "josm_url": "http://127.0.0.1:8111/load_object?new_layer=false&objects=w817919617", "id_url": "https://www.openstreetmap.org/edit?editor=id&way=817919617#map=20/59.9074673/10.6872676"}}, {"type": "Feature", "geometry": {"type": "Point", "coordinates": [10.6801342, 59.9103724]}, "properties": {"id": 818537224, "feat_type": "way", "quality_categories": "crossings_lacking_kerbs", "issue_ids": "[1]", "osm_url": "https://www.openstreetmap.org/way/818537224", "josm_url": "http://127.0.0.1:8111/load_object?new_layer=false&objects=w818537224", "id_url": "https://www.openstreetmap.org/edit?editor=id&way=818537224#map=20/59.9103724/10.6801342"}}, {"type": "Feature", "geometry": {"type": "Point", "coordinates": [10.733803, 59.9114386]}, "properties": {"id": 818791109, "feat_type": "way", "quality_categories": "crossings_lacking_kerbs", "issue_ids": "[1]", "osm_url": "https://www.openstreetmap.org/way/818791109", "josm_url": "http://127.0.0.1:8111/load_object?new_layer=false&objects=w818791109", "id_url": "https://www.openstreetmap.org/edit?editor=id&way=818791109#map=20/59.9114386/10.733803"}}, {"type": "Feature", "geometry": {"type": "Point", "coordinates": [10.8393564, 59.8536053]}, "properties": {"id": 835467045, "feat_type": "way", "quality_categories": "crossings_lacking_kerbs", "issue_ids": "[1]", "osm_url": "https://www.openstreetmap.org/way/835467045", "josm_url": "http://127.0.0.1:8111/load_object?new_layer=false&objects=w835467045", "id_url": "https://www.openstreetmap.org/edit?editor=id&way=835467045#map=20/59.8536053/10.8393564"}}, {"type": "Feature", "geometry": {"type": "Point", "coordinates": [10.7179716, 59.9450716]}, "properties": {"id": 840527483, "feat_type": "way", "quality_categories": "crossings_lacking_kerbs", "issue_ids": "[1]", "osm_url": "https://www.openstreetmap.org/way/840527483", "josm_url": "http://127.0.0.1:8111/load_object?new_layer=false&objects=w840527483", "id_url": "https://www.openstreetmap.org/edit?editor=id&way=840527483#map=20/59.9450716/10.7179716"}}, {"type": "Feature", "geometry": {"type": "Point", "coordinates": [10.7240557, 59.9108217]}, "properties": {"id": 867886037, "feat_type": "way", "quality_categories": "crossings_lacking_kerbs", "issue_ids": "[1]", "osm_url": "https://www.openstreetmap.org/way/867886037", "josm_url": "http://127.0.0.1:8111/load_object?new_layer=false&objects=w867886037", "id_url": "https://www.openstreetmap.org/edit?editor=id&way=867886037#map=20/59.9108217/10.7240557"}}, {"type": "Feature", "geometry": {"type": "Point", "coordinates": [10.7592814, 59.9254824]}, "properties": {"id": 880396079, "feat_type": "way", "quality_categories": "crossings_lacking_kerbs", "issue_ids": "[1]", "osm_url": "https://www.openstreetmap.org/way/880396079", "josm_url": "http://127.0.0.1:8111/load_object?new_layer=false&objects=w880396079", "id_url": "https://www.openstreetmap.org/edit?editor=id&way=880396079#map=20/59.9254824/10.7592814"}}, {"type": "Feature", "geometry": {"type": "Point", "coordinates": [10.7352979, 59.9361377]}, "properties": {"id": 880532955, "feat_type": "way", "quality_categories": "crossings_lacking_kerbs", "issue_ids": "[1]", "osm_url": "https://www.openstreetmap.org/way/880532955", "josm_url": "http://127.0.0.1:8111/load_object?new_layer=false&objects=w880532955", "id_url": "https://www.openstreetmap.org/edit?editor=id&way=880532955#map=20/59.9361377/10.7352979"}}, {"type": "Feature", "geometry": {"type": "Point", "coordinates": [10.7610827, 59.923358]}, "properties": {"id": 882777277, "feat_type": "way", "quality_categories": "crossings_lacking_kerbs", "issue_ids": "[1]", "osm_url": "https://www.openstreetmap.org/way/882777277", "josm_url": "http://127.0.0.1:8111/load_object?new_layer=false&objects=w882777277", "id_url": "https://www.openstreetmap.org/edit?editor=id&way=882777277#map=20/59.923358/10.7610827"}}, {"type": "Feature", "geometry": {"type": "Point", "coordinates": [10.6870975, 59.9393232]}, "properties": {"id": 889257280, "feat_type": "way", "quality_categories": "crossings_lacking_kerbs", "issue_ids": "[1]", "osm_url": "https://www.openstreetmap.org/way/889257280", "josm_url": "http://127.0.0.1:8111/load_object?new_layer=false&objects=w889257280", "id_url": "https://www.openstreetmap.org/edit?editor=id&way=889257280#map=20/59.9393232/10.6870975"}}, {"type": "Feature", "geometry": {"type": "Point", "coordinates": [10.6922919, 59.9530496]}, "properties": {"id": 891240025, "feat_type": "way", "quality_categories": "crossings_lacking_kerbs", "issue_ids": "[1]", "osm_url": "https://www.openstreetmap.org/way/891240025", "josm_url": "http://127.0.0.1:8111/load_object?new_layer=false&objects=w891240025", "id_url": "https://www.openstreetmap.org/edit?editor=id&way=891240025#map=20/59.9530496/10.6922919"}}, {"type": "Feature", "geometry": {"type": "Point", "coordinates": [10.6953553, 59.9608101]}, "properties": {"id": 893686736, "feat_type": "way", "quality_categories": "crossings_lacking_kerbs", "issue_ids": "[1]", "osm_url": "https://www.openstreetmap.org/way/893686736", "josm_url": "http://127.0.0.1:8111/load_object?new_layer=false&objects=w893686736", "id_url": "https://www.openstreetmap.org/edit?editor=id&way=893686736#map=20/59.9608101/10.6953553"}}, {"type": "Feature", "geometry": {"type": "Point", "coordinates": [10.8690778, 59.9537188]}, "properties": {"id": 894034857, "feat_type": "way", "quality_categories": "crossings_lacking_kerbs", "issue_ids": "[1]", "osm_url": "https://www.openstreetmap.org/way/894034857", "josm_url": "http://127.0.0.1:8111/load_object?new_layer=false&objects=w894034857", "id_url": "https://www.openstreetmap.org/edit?editor=id&way=894034857#map=20/59.9537188/10.8690778"}}, {"type": "Feature", "geometry": {"type": "Point", "coordinates": [10.7021822, 59.9487779]}, "properties": {"id": 895191797, "feat_type": "way", "quality_categories": "crossings_lacking_kerbs", "issue_ids": "[1]", "osm_url": "https://www.openstreetmap.org/way/895191797", "josm_url": "http://127.0.0.1:8111/load_object?new_layer=false&objects=w895191797", "id_url": "https://www.openstreetmap.org/edit?editor=id&way=895191797#map=20/59.9487779/10.7021822"}}, {"type": "Feature", "geometry": {"type": "Point", "coordinates": [10.7714708, 59.941583]}, "properties": {"id": 909139847, "feat_type": "way", "quality_categories": "crossings_lacking_kerbs", "issue_ids": "[1]", "osm_url": "https://www.openstreetmap.org/way/909139847", "josm_url": "http://127.0.0.1:8111/load_object?new_layer=false&objects=w909139847", "id_url": "https://www.openstreetmap.org/edit?editor=id&way=909139847#map=20/59.941583/10.7714708"}}, {"type": "Feature", "geometry": {"type": "Point", "coordinates": [10.7750318, 59.9392195]}, "properties": {"id": 909139862, "feat_type": "way", "quality_categories": "crossings_lacking_kerbs", "issue_ids": "[1]", "osm_url": "https://www.openstreetmap.org/way/909139862", "josm_url": "http://127.0.0.1:8111/load_object?new_layer=false&objects=w909139862", "id_url": "https://www.openstreetmap.org/edit?editor=id&way=909139862#map=20/59.9392195/10.7750318"}}, {"type": "Feature", "geometry": {"type": "Point", "coordinates": [10.7594309, 59.9233705]}, "properties": {"id": 909266299, "feat_type": "way", "quality_categories": "crossings_lacking_kerbs", "issue_ids": "[1]", "osm_url": "https://www.openstreetmap.org/way/909266299", "josm_url": "http://127.0.0.1:8111/load_object?new_layer=false&objects=w909266299", "id_url": "https://www.openstreetmap.org/edit?editor=id&way=909266299#map=20/59.9233705/10.7594309"}}, {"type": "Feature", "geometry": {"type": "Point", "coordinates": [10.7651164, 59.9559722]}, "properties": {"id": 910476317, "feat_type": "way", "quality_categories": "crossings_lacking_kerbs", "issue_ids": "[1]", "osm_url": "https://www.openstreetmap.org/way/910476317", "josm_url": "http://127.0.0.1:8111/load_object?new_layer=false&objects=w910476317", "id_url": "https://www.openstreetmap.org/edit?editor=id&way=910476317#map=20/59.9559722/10.7651164"}}, {"type": "Feature", "geometry": {"type": "Point", "coordinates": [10.7648857, 59.9560635]}, "properties": {"id": 911755614, "feat_type": "way", "quality_categories": "crossings_lacking_kerbs", "issue_ids": "[1]", "osm_url": "https://www.openstreetmap.org/way/911755614", "josm_url": "http://127.0.0.1:8111/load_object?new_layer=false&objects=w911755614", "id_url": "https://www.openstreetmap.org/edit?editor=id&way=911755614#map=20/59.9560635/10.7648857"}}, {"type": "Feature", "geometry": {"type": "Point", "coordinates": [10.7330393, 59.9654442]}, "properties": {"id": 912704928, "feat_type": "way", "quality_categories": "crossings_lacking_kerbs", "issue_ids": "[1]", "osm_url": "https://www.openstreetmap.org/way/912704928", "josm_url": "http://127.0.0.1:8111/load_object?new_layer=false&objects=w912704928", "id_url": "https://www.openstreetmap.org/edit?editor=id&way=912704928#map=20/59.9654442/10.7330393"}}, {"type": "Feature", "geometry": {"type": "Point", "coordinates": [10.732109, 59.9654846]}, "properties": {"id": 912704936, "feat_type": "way", "quality_categories": "crossings_lacking_kerbs", "issue_ids": "[1]", "osm_url": "https://www.openstreetmap.org/way/912704936", "josm_url": "http://127.0.0.1:8111/load_object?new_layer=false&objects=w912704936", "id_url": "https://www.openstreetmap.org/edit?editor=id&way=912704936#map=20/59.9654846/10.732109"}}, {"type": "Feature", "geometry": {"type": "Point", "coordinates": [10.7317819, 59.9654475]}, "properties": {"id": 912704940, "feat_type": "way", "quality_categories": "crossings_lacking_kerbs", "issue_ids": "[1]", "osm_url": "https://www.openstreetmap.org/way/912704940", "josm_url": "http://127.0.0.1:8111/load_object?new_layer=false&objects=w912704940", "id_url": "https://www.openstreetmap.org/edit?editor=id&way=912704940#map=20/59.9654475/10.7317819"}}, {"type": "Feature", "geometry": {"type": "Point", "coordinates": [10.7312625, 59.9654469]}, "properties": {"id": 912704942, "feat_type": "way", "quality_categories": "crossings_lacking_kerbs", "issue_ids": "[1]", "osm_url": "https://www.openstreetmap.org/way/912704942", "josm_url": "http://127.0.0.1:8111/load_object?new_layer=false&objects=w912704942", "id_url": "https://www.openstreetmap.org/edit?editor=id&way=912704942#map=20/59.9654469/10.7312625"}}, {"type": "Feature", "geometry": {"type": "Point", "coordinates": [10.7311509, 59.9654799]}, "properties": {"id": 912704943, "feat_type": "way", "quality_categories": "crossings_lacking_kerbs", "issue_ids": "[1]", "osm_url": "https://www.openstreetmap.org/way/912704943", "josm_url": "http://127.0.0.1:8111/load_object?new_layer=false&objects=w912704943", "id_url": "https://www.openstreetmap.org/edit?editor=id&way=912704943#map=20/59.9654799/10.7311509"}}, {"type": "Feature", "geometry": {"type": "Point", "coordinates": [10.7441144, 59.9288124]}, "properties": {"id": 912824127, "feat_type": "way", "quality_categories": "crossings_lacking_kerbs", "issue_ids": "[1]", "osm_url": "https://www.openstreetmap.org/way/912824127", "josm_url": "http://127.0.0.1:8111/load_object?new_layer=false&objects=w912824127", "id_url": "https://www.openstreetmap.org/edit?editor=id&way=912824127#map=20/59.9288124/10.7441144"}}, {"type": "Feature", "geometry": {"type": "Point", "coordinates": [10.7466897, 59.9208586]}, "properties": {"id": 913759709, "feat_type": "way", "quality_categories": "crossings_lacking_kerbs", "issue_ids": "[1]", "osm_url": "https://www.openstreetmap.org/way/913759709", "josm_url": "http://127.0.0.1:8111/load_object?new_layer=false&objects=w913759709", "id_url": "https://www.openstreetmap.org/edit?editor=id&way=913759709#map=20/59.9208586/10.7466897"}}, {"type": "Feature", "geometry": {"type": "Point", "coordinates": [10.7252833, 59.9314978]}, "properties": {"id": 914935779, "feat_type": "way", "quality_categories": "crossings_lacking_kerbs", "issue_ids": "[1]", "osm_url": "https://www.openstreetmap.org/way/914935779", "josm_url": "http://127.0.0.1:8111/load_object?new_layer=false&objects=w914935779", "id_url": "https://www.openstreetmap.org/edit?editor=id&way=914935779#map=20/59.9314978/10.7252833"}}, {"type": "Feature", "geometry": {"type": "Point", "coordinates": [10.7292411, 59.9442591]}, "properties": {"id": 914988806, "feat_type": "way", "quality_categories": "crossings_lacking_kerbs", "issue_ids": "[1]", "osm_url": "https://www.openstreetmap.org/way/914988806", "josm_url": "http://127.0.0.1:8111/load_object?new_layer=false&objects=w914988806", "id_url": "https://www.openstreetmap.org/edit?editor=id&way=914988806#map=20/59.9442591/10.7292411"}}, {"type": "Feature", "geometry": {"type": "Point", "coordinates": [10.7463229, 59.9396651]}, "properties": {"id": 915891914, "feat_type": "way", "quality_categories": "crossings_lacking_kerbs", "issue_ids": "[1]", "osm_url": "https://www.openstreetmap.org/way/915891914", "josm_url": "http://127.0.0.1:8111/load_object?new_layer=false&objects=w915891914", "id_url": "https://www.openstreetmap.org/edit?editor=id&way=915891914#map=20/59.9396651/10.7463229"}}, {"type": "Feature", "geometry": {"type": "Point", "coordinates": [10.779595, 59.9277289]}, "properties": {"id": 917352909, "feat_type": "way", "quality_categories": "crossings_lacking_kerbs", "issue_ids": "[1]", "osm_url": "https://www.openstreetmap.org/way/917352909", "josm_url": "http://127.0.0.1:8111/load_object?new_layer=false&objects=w917352909", "id_url": "https://www.openstreetmap.org/edit?editor=id&way=917352909#map=20/59.9277289/10.779595"}}, {"type": "Feature", "geometry": {"type": "Point", "coordinates": [10.6918424, 59.9501045]}, "properties": {"id": 923136233, "feat_type": "way", "quality_categories": "crossings_lacking_kerbs", "issue_ids": "[1]", "osm_url": "https://www.openstreetmap.org/way/923136233", "josm_url": "http://127.0.0.1:8111/load_object?new_layer=false&objects=w923136233", "id_url": "https://www.openstreetmap.org/edit?editor=id&way=923136233#map=20/59.9501045/10.6918424"}}, {"type": "Feature", "geometry": {"type": "Point", "coordinates": [10.6869143, 59.9165929]}, "properties": {"id": 934249225, "feat_type": "way", "quality_categories": "crossings_lacking_kerbs", "issue_ids": "[1]", "osm_url": "https://www.openstreetmap.org/way/934249225", "josm_url": "http://127.0.0.1:8111/load_object?new_layer=false&objects=w934249225", "id_url": "https://www.openstreetmap.org/edit?editor=id&way=934249225#map=20/59.9165929/10.6869143"}}, {"type": "Feature", "geometry": {"type": "Point", "coordinates": [10.8160326, 59.9069597]}, "properties": {"id": 935700154, "feat_type": "way", "quality_categories": "crossings_lacking_kerbs", "issue_ids": "[1]", "osm_url": "https://www.openstreetmap.org/way/935700154", "josm_url": "http://127.0.0.1:8111/load_object?new_layer=false&objects=w935700154", "id_url": "https://www.openstreetmap.org/edit?editor=id&way=935700154#map=20/59.9069597/10.8160326"}}, {"type": "Feature", "geometry": {"type": "Point", "coordinates": [10.710663, 59.920778]}, "properties": {"id": 936759088, "feat_type": "way", "quality_categories": "crossings_lacking_kerbs", "issue_ids": "[1]", "osm_url": "https://www.openstreetmap.org/way/936759088", "josm_url": "http://127.0.0.1:8111/load_object?new_layer=false&objects=w936759088", "id_url": "https://www.openstreetmap.org/edit?editor=id&way=936759088#map=20/59.920778/10.710663"}}, {"type": "Feature", "geometry": {"type": "Point", "coordinates": [10.7524572, 59.9188276]}, "properties": {"id": 939279276, "feat_type": "way", "quality_categories": "crossings_lacking_kerbs", "issue_ids": "[1]", "osm_url": "https://www.openstreetmap.org/way/939279276", "josm_url": "http://127.0.0.1:8111/load_object?new_layer=false&objects=w939279276", "id_url": "https://www.openstreetmap.org/edit?editor=id&way=939279276#map=20/59.9188276/10.7524572"}}, {"type": "Feature", "geometry": {"type": "Point", "coordinates": [10.7543697, 59.9191917]}, "properties": {"id": 939293242, "feat_type": "way", "quality_categories": "crossings_lacking_kerbs", "issue_ids": "[1]", "osm_url": "https://www.openstreetmap.org/way/939293242", "josm_url": "http://127.0.0.1:8111/load_object?new_layer=false&objects=w939293242", "id_url": "https://www.openstreetmap.org/edit?editor=id&way=939293242#map=20/59.9191917/10.7543697"}}, {"type": "Feature", "geometry": {"type": "Point", "coordinates": [10.7665585, 59.9147316]}, "properties": {"id": 939298717, "feat_type": "way", "quality_categories": "crossings_lacking_kerbs", "issue_ids": "[1]", "osm_url": "https://www.openstreetmap.org/way/939298717", "josm_url": "http://127.0.0.1:8111/load_object?new_layer=false&objects=w939298717", "id_url": "https://www.openstreetmap.org/edit?editor=id&way=939298717#map=20/59.9147316/10.7665585"}}, {"type": "Feature", "geometry": {"type": "Point", "coordinates": [10.7934823, 59.9170247]}, "properties": {"id": 940734888, "feat_type": "way", "quality_categories": "crossings_lacking_kerbs", "issue_ids": "[1]", "osm_url": "https://www.openstreetmap.org/way/940734888", "josm_url": "http://127.0.0.1:8111/load_object?new_layer=false&objects=w940734888", "id_url": "https://www.openstreetmap.org/edit?editor=id&way=940734888#map=20/59.9170247/10.7934823"}}, {"type": "Feature", "geometry": {"type": "Point", "coordinates": [10.7504817, 59.9312042]}, "properties": {"id": 941378751, "feat_type": "way", "quality_categories": "crossings_lacking_kerbs", "issue_ids": "[1]", "osm_url": "https://www.openstreetmap.org/way/941378751", "josm_url": "http://127.0.0.1:8111/load_object?new_layer=false&objects=w941378751", "id_url": "https://www.openstreetmap.org/edit?editor=id&way=941378751#map=20/59.9312042/10.7504817"}}, {"type": "Feature", "geometry": {"type": "Point", "coordinates": [10.7558399, 59.9364616]}, "properties": {"id": 941392202, "feat_type": "way", "quality_categories": "crossings_lacking_kerbs", "issue_ids": "[1]", "osm_url": "https://www.openstreetmap.org/way/941392202", "josm_url": "http://127.0.0.1:8111/load_object?new_layer=false&objects=w941392202", "id_url": "https://www.openstreetmap.org/edit?editor=id&way=941392202#map=20/59.9364616/10.7558399"}}, {"type": "Feature", "geometry": {"type": "Point", "coordinates": [10.7560208, 59.9370656]}, "properties": {"id": 941392203, "feat_type": "way", "quality_categories": "crossings_lacking_kerbs", "issue_ids": "[1]", "osm_url": "https://www.openstreetmap.org/way/941392203", "josm_url": "http://127.0.0.1:8111/load_object?new_layer=false&objects=w941392203", "id_url": "https://www.openstreetmap.org/edit?editor=id&way=941392203#map=20/59.9370656/10.7560208"}}, {"type": "Feature", "geometry": {"type": "Point", "coordinates": [10.755129, 59.939574]}, "properties": {"id": 941403095, "feat_type": "way", "quality_categories": "crossings_lacking_kerbs", "issue_ids": "[1]", "osm_url": "https://www.openstreetmap.org/way/941403095", "josm_url": "http://127.0.0.1:8111/load_object?new_layer=false&objects=w941403095", "id_url": "https://www.openstreetmap.org/edit?editor=id&way=941403095#map=20/59.939574/10.755129"}}, {"type": "Feature", "geometry": {"type": "Point", "coordinates": [10.7529226, 59.9403911]}, "properties": {"id": 941403101, "feat_type": "way", "quality_categories": "crossings_lacking_kerbs", "issue_ids": "[1]", "osm_url": "https://www.openstreetmap.org/way/941403101", "josm_url": "http://127.0.0.1:8111/load_object?new_layer=false&objects=w941403101", "id_url": "https://www.openstreetmap.org/edit?editor=id&way=941403101#map=20/59.9403911/10.7529226"}}, {"type": "Feature", "geometry": {"type": "Point", "coordinates": [10.7540168, 59.9399588]}, "properties": {"id": 941403102, "feat_type": "way", "quality_categories": "crossings_lacking_kerbs", "issue_ids": "[1]", "osm_url": "https://www.openstreetmap.org/way/941403102", "josm_url": "http://127.0.0.1:8111/load_object?new_layer=false&objects=w941403102", "id_url": "https://www.openstreetmap.org/edit?editor=id&way=941403102#map=20/59.9399588/10.7540168"}}, {"type": "Feature", "geometry": {"type": "Point", "coordinates": [10.7766372, 59.9303239]}, "properties": {"id": 941423036, "feat_type": "way", "quality_categories": "crossings_lacking_kerbs", "issue_ids": "[1]", "osm_url": "https://www.openstreetmap.org/way/941423036", "josm_url": "http://127.0.0.1:8111/load_object?new_layer=false&objects=w941423036", "id_url": "https://www.openstreetmap.org/edit?editor=id&way=941423036#map=20/59.9303239/10.7766372"}}, {"type": "Feature", "geometry": {"type": "Point", "coordinates": [10.7777128, 59.9315873]}, "properties": {"id": 941423050, "feat_type": "way", "quality_categories": "crossings_lacking_kerbs", "issue_ids": "[1]", "osm_url": "https://www.openstreetmap.org/way/941423050", "josm_url": "http://127.0.0.1:8111/load_object?new_layer=false&objects=w941423050", "id_url": "https://www.openstreetmap.org/edit?editor=id&way=941423050#map=20/59.9315873/10.7777128"}}, {"type": "Feature", "geometry": {"type": "Point", "coordinates": [10.7773893, 59.9248584]}, "properties": {"id": 941426995, "feat_type": "way", "quality_categories": "crossings_lacking_kerbs", "issue_ids": "[1]", "osm_url": "https://www.openstreetmap.org/way/941426995", "josm_url": "http://127.0.0.1:8111/load_object?new_layer=false&objects=w941426995", "id_url": "https://www.openstreetmap.org/edit?editor=id&way=941426995#map=20/59.9248584/10.7773893"}}, {"type": "Feature", "geometry": {"type": "Point", "coordinates": [10.7831389, 59.9272961]}, "properties": {"id": 941427275, "feat_type": "way", "quality_categories": "crossings_lacking_kerbs", "issue_ids": "[1]", "osm_url": "https://www.openstreetmap.org/way/941427275", "josm_url": "http://127.0.0.1:8111/load_object?new_layer=false&objects=w941427275", "id_url": "https://www.openstreetmap.org/edit?editor=id&way=941427275#map=20/59.9272961/10.7831389"}}, {"type": "Feature", "geometry": {"type": "Point", "coordinates": [10.7707572, 59.9250665]}, "properties": {"id": 941435824, "feat_type": "way", "quality_categories": "crossings_lacking_kerbs", "issue_ids": "[1]", "osm_url": "https://www.openstreetmap.org/way/941435824", "josm_url": "http://127.0.0.1:8111/load_object?new_layer=false&objects=w941435824", "id_url": "https://www.openstreetmap.org/edit?editor=id&way=941435824#map=20/59.9250665/10.7707572"}}, {"type": "Feature", "geometry": {"type": "Point", "coordinates": [10.7717199, 59.9244935]}, "properties": {"id": 941435826, "feat_type": "way", "quality_categories": "crossings_lacking_kerbs", "issue_ids": "[1]", "osm_url": "https://www.openstreetmap.org/way/941435826", "josm_url": "http://127.0.0.1:8111/load_object?new_layer=false&objects=w941435826", "id_url": "https://www.openstreetmap.org/edit?editor=id&way=941435826#map=20/59.9244935/10.7717199"}}, {"type": "Feature", "geometry": {"type": "Point", "coordinates": [10.7725803, 59.9255242]}, "properties": {"id": 941435827, "feat_type": "way", "quality_categories": "crossings_lacking_kerbs", "issue_ids": "[1]", "osm_url": "https://www.openstreetmap.org/way/941435827", "josm_url": "http://127.0.0.1:8111/load_object?new_layer=false&objects=w941435827", "id_url": "https://www.openstreetmap.org/edit?editor=id&way=941435827#map=20/59.9255242/10.7725803"}}, {"type": "Feature", "geometry": {"type": "Point", "coordinates": [10.7685141, 59.9240349]}, "properties": {"id": 941435831, "feat_type": "way", "quality_categories": "crossings_lacking_kerbs", "issue_ids": "[1]", "osm_url": "https://www.openstreetmap.org/way/941435831", "josm_url": "http://127.0.0.1:8111/load_object?new_layer=false&objects=w941435831", "id_url": "https://www.openstreetmap.org/edit?editor=id&way=941435831#map=20/59.9240349/10.7685141"}}, {"type": "Feature", "geometry": {"type": "Point", "coordinates": [10.7544398, 59.9244371]}, "properties": {"id": 941452469, "feat_type": "way", "quality_categories": "crossings_lacking_kerbs", "issue_ids": "[1]", "osm_url": "https://www.openstreetmap.org/way/941452469", "josm_url": "http://127.0.0.1:8111/load_object?new_layer=false&objects=w941452469", "id_url": "https://www.openstreetmap.org/edit?editor=id&way=941452469#map=20/59.9244371/10.7544398"}}, {"type": "Feature", "geometry": {"type": "Point", "coordinates": [10.7892965, 59.9665716]}, "properties": {"id": 947212141, "feat_type": "way", "quality_categories": "crossings_lacking_kerbs", "issue_ids": "[1]", "osm_url": "https://www.openstreetmap.org/way/947212141", "josm_url": "http://127.0.0.1:8111/load_object?new_layer=false&objects=w947212141", "id_url": "https://www.openstreetmap.org/edit?editor=id&way=947212141#map=20/59.9665716/10.7892965"}}, {"type": "Feature", "geometry": {"type": "Point", "coordinates": [10.6912172, 59.9321853]}, "properties": {"id": 970500264, "feat_type": "way", "quality_categories": "crossings_lacking_kerbs", "issue_ids": "[1]", "osm_url": "https://www.openstreetmap.org/way/970500264", "josm_url": "http://127.0.0.1:8111/load_object?new_layer=false&objects=w970500264", "id_url": "https://www.openstreetmap.org/edit?editor=id&way=970500264#map=20/59.9321853/10.6912172"}}, {"type": "Feature", "geometry": {"type": "Point", "coordinates": [10.6913205, 59.9321311]}, "properties": {"id": 970500266, "feat_type": "way", "quality_categories": "crossings_lacking_kerbs", "issue_ids": "[1]", "osm_url": "https://www.openstreetmap.org/way/970500266", "josm_url": "http://127.0.0.1:8111/load_object?new_layer=false&objects=w970500266", "id_url": "https://www.openstreetmap.org/edit?editor=id&way=970500266#map=20/59.9321311/10.6913205"}}, {"type": "Feature", "geometry": {"type": "Point", "coordinates": [10.7577216, 59.9464014]}, "properties": {"id": 972173737, "feat_type": "way", "quality_categories": "crossings_lacking_kerbs", "issue_ids": "[1]", "osm_url": "https://www.openstreetmap.org/way/972173737", "josm_url": "http://127.0.0.1:8111/load_object?new_layer=false&objects=w972173737", "id_url": "https://www.openstreetmap.org/edit?editor=id&way=972173737#map=20/59.9464014/10.7577216"}}, {"type": "Feature", "geometry": {"type": "Point", "coordinates": [10.7577603, 59.946461]}, "properties": {"id": 972173739, "feat_type": "way", "quality_categories": "crossings_lacking_kerbs", "issue_ids": "[1]", "osm_url": "https://www.openstreetmap.org/way/972173739", "josm_url": "http://127.0.0.1:8111/load_object?new_layer=false&objects=w972173739", "id_url": "https://www.openstreetmap.org/edit?editor=id&way=972173739#map=20/59.946461/10.7577603"}}, {"type": "Feature", "geometry": {"type": "Point", "coordinates": [10.7439849, 59.9572607]}, "properties": {"id": 973439330, "feat_type": "way", "quality_categories": "crossings_lacking_kerbs", "issue_ids": "[1]", "osm_url": "https://www.openstreetmap.org/way/973439330", "josm_url": "http://127.0.0.1:8111/load_object?new_layer=false&objects=w973439330", "id_url": "https://www.openstreetmap.org/edit?editor=id&way=973439330#map=20/59.9572607/10.7439849"}}, {"type": "Feature", "geometry": {"type": "Point", "coordinates": [10.7476979, 59.9587313]}, "properties": {"id": 973439333, "feat_type": "way", "quality_categories": "crossings_lacking_kerbs", "issue_ids": "[1]", "osm_url": "https://www.openstreetmap.org/way/973439333", "josm_url": "http://127.0.0.1:8111/load_object?new_layer=false&objects=w973439333", "id_url": "https://www.openstreetmap.org/edit?editor=id&way=973439333#map=20/59.9587313/10.7476979"}}, {"type": "Feature", "geometry": {"type": "Point", "coordinates": [10.7172173, 59.9399598]}, "properties": {"id": 974378300, "feat_type": "way", "quality_categories": "crossings_lacking_kerbs", "issue_ids": "[1]", "osm_url": "https://www.openstreetmap.org/way/974378300", "josm_url": "http://127.0.0.1:8111/load_object?new_layer=false&objects=w974378300", "id_url": "https://www.openstreetmap.org/edit?editor=id&way=974378300#map=20/59.9399598/10.7172173"}}, {"type": "Feature", "geometry": {"type": "Point", "coordinates": [10.7367612, 59.9627952]}, "properties": {"id": 975896944, "feat_type": "way", "quality_categories": "crossings_lacking_kerbs", "issue_ids": "[1]", "osm_url": "https://www.openstreetmap.org/way/975896944", "josm_url": "http://127.0.0.1:8111/load_object?new_layer=false&objects=w975896944", "id_url": "https://www.openstreetmap.org/edit?editor=id&way=975896944#map=20/59.9627952/10.7367612"}}, {"type": "Feature", "geometry": {"type": "Point", "coordinates": [10.654099, 59.9797284]}, "properties": {"id": 981854033, "feat_type": "way", "quality_categories": "crossings_lacking_kerbs", "issue_ids": "[1]", "osm_url": "https://www.openstreetmap.org/way/981854033", "josm_url": "http://127.0.0.1:8111/load_object?new_layer=false&objects=w981854033", "id_url": "https://www.openstreetmap.org/edit?editor=id&way=981854033#map=20/59.9797284/10.654099"}}, {"type": "Feature", "geometry": {"type": "Point", "coordinates": [10.7255029, 59.9238855]}, "properties": {"id": 986062346, "feat_type": "way", "quality_categories": "crossings_lacking_kerbs", "issue_ids": "[1]", "osm_url": "https://www.openstreetmap.org/way/986062346", "josm_url": "http://127.0.0.1:8111/load_object?new_layer=false&objects=w986062346", "id_url": "https://www.openstreetmap.org/edit?editor=id&way=986062346#map=20/59.9238855/10.7255029"}}, {"type": "Feature", "geometry": {"type": "Point", "coordinates": [10.7546705, 59.9211551]}, "properties": {"id": 986062350, "feat_type": "way", "quality_categories": "crossings_lacking_kerbs", "issue_ids": "[1]", "osm_url": "https://www.openstreetmap.org/way/986062350", "josm_url": "http://127.0.0.1:8111/load_object?new_layer=false&objects=w986062350", "id_url": "https://www.openstreetmap.org/edit?editor=id&way=986062350#map=20/59.9211551/10.7546705"}}, {"type": "Feature", "geometry": {"type": "Point", "coordinates": [10.7581303, 59.9115882]}, "properties": {"id": 996057859, "feat_type": "way", "quality_categories": "crossings_lacking_kerbs", "issue_ids": "[1]", "osm_url": "https://www.openstreetmap.org/way/996057859", "josm_url": "http://127.0.0.1:8111/load_object?new_layer=false&objects=w996057859", "id_url": "https://www.openstreetmap.org/edit?editor=id&way=996057859#map=20/59.9115882/10.7581303"}}, {"type": "Feature", "geometry": {"type": "Point", "coordinates": [10.7503076, 59.9133682]}, "properties": {"id": 996675127, "feat_type": "way", "quality_categories": "crossings_lacking_kerbs", "issue_ids": "[1]", "osm_url": "https://www.openstreetmap.org/way/996675127", "josm_url": "http://127.0.0.1:8111/load_object?new_layer=false&objects=w996675127", "id_url": "https://www.openstreetmap.org/edit?editor=id&way=996675127#map=20/59.9133682/10.7503076"}}, {"type": "Feature", "geometry": {"type": "Point", "coordinates": [10.7504433, 59.9134094]}, "properties": {"id": 996675128, "feat_type": "way", "quality_categories": "crossings_lacking_kerbs", "issue_ids": "[1]", "osm_url": "https://www.openstreetmap.org/way/996675128", "josm_url": "http://127.0.0.1:8111/load_object?new_layer=false&objects=w996675128", "id_url": "https://www.openstreetmap.org/edit?editor=id&way=996675128#map=20/59.9134094/10.7504433"}}, {"type": "Feature", "geometry": {"type": "Point", "coordinates": [10.7504574, 59.9135679]}, "properties": {"id": 996675130, "feat_type": "way", "quality_categories": "crossings_lacking_kerbs", "issue_ids": "[1]", "osm_url": "https://www.openstreetmap.org/way/996675130", "josm_url": "http://127.0.0.1:8111/load_object?new_layer=false&objects=w996675130", "id_url": "https://www.openstreetmap.org/edit?editor=id&way=996675130#map=20/59.9135679/10.7504574"}}, {"type": "Feature", "geometry": {"type": "Point", "coordinates": [10.7503269, 59.913677]}, "properties": {"id": 996675131, "feat_type": "way", "quality_categories": "crossings_lacking_kerbs", "issue_ids": "[1]", "osm_url": "https://www.openstreetmap.org/way/996675131", "josm_url": "http://127.0.0.1:8111/load_object?new_layer=false&objects=w996675131", "id_url": "https://www.openstreetmap.org/edit?editor=id&way=996675131#map=20/59.913677/10.7503269"}}, {"type": "Feature", "geometry": {"type": "Point", "coordinates": [10.7497677, 59.9134635]}, "properties": {"id": 996675133, "feat_type": "way", "quality_categories": "crossings_lacking_kerbs", "issue_ids": "[1]", "osm_url": "https://www.openstreetmap.org/way/996675133", "josm_url": "http://127.0.0.1:8111/load_object?new_layer=false&objects=w996675133", "id_url": "https://www.openstreetmap.org/edit?editor=id&way=996675133#map=20/59.9134635/10.7497677"}}, {"type": "Feature", "geometry": {"type": "Point", "coordinates": [10.7498327, 59.9134067]}, "properties": {"id": 996675134, "feat_type": "way", "quality_categories": "crossings_lacking_kerbs", "issue_ids": "[1]", "osm_url": "https://www.openstreetmap.org/way/996675134", "josm_url": "http://127.0.0.1:8111/load_object?new_layer=false&objects=w996675134", "id_url": "https://www.openstreetmap.org/edit?editor=id&way=996675134#map=20/59.9134067/10.7498327"}}, {"type": "Feature", "geometry": {"type": "Point", "coordinates": [10.8181174, 59.9436042]}, "properties": {"id": 1011910367, "feat_type": "way", "quality_categories": "crossings_lacking_kerbs", "issue_ids": "[1]", "osm_url": "https://www.openstreetmap.org/way/1011910367", "josm_url": "http://127.0.0.1:8111/load_object?new_layer=false&objects=w1011910367", "id_url": "https://www.openstreetmap.org/edit?editor=id&way=1011910367#map=20/59.9436042/10.8181174"}}, {"type": "Feature", "geometry": {"type": "Point", "coordinates": [10.765287, 59.9402255]}, "properties": {"id": 1033959949, "feat_type": "way", "quality_categories": "crossings_lacking_kerbs", "issue_ids": "[1]", "osm_url": "https://www.openstreetmap.org/way/1033959949", "josm_url": "http://127.0.0.1:8111/load_object?new_layer=false&objects=w1033959949", "id_url": "https://www.openstreetmap.org/edit?editor=id&way=1033959949#map=20/59.9402255/10.765287"}}, {"type": "Feature", "geometry": {"type": "Point", "coordinates": [10.7604312, 59.9018781]}, "properties": {"id": 1056914028, "feat_type": "way", "quality_categories": "crossings_lacking_kerbs", "issue_ids": "[1]", "osm_url": "https://www.openstreetmap.org/way/1056914028", "josm_url": "http://127.0.0.1:8111/load_object?new_layer=false&objects=w1056914028", "id_url": "https://www.openstreetmap.org/edit?editor=id&way=1056914028#map=20/59.9018781/10.7604312"}}, {"type": "Feature", "geometry": {"type": "Point", "coordinates": [10.7303613, 59.9138635]}, "properties": {"id": 1062365624, "feat_type": "way", "quality_categories": "crossings_lacking_kerbs", "issue_ids": "[1]", "osm_url": "https://www.openstreetmap.org/way/1062365624", "josm_url": "http://127.0.0.1:8111/load_object?new_layer=false&objects=w1062365624", "id_url": "https://www.openstreetmap.org/edit?editor=id&way=1062365624#map=20/59.9138635/10.7303613"}}, {"type": "Feature", "geometry": {"type": "Point", "coordinates": [10.6487301, 59.9383976]}, "properties": {"id": 1065108841, "feat_type": "way", "quality_categories": "crossings_lacking_kerbs", "issue_ids": "[1]", "osm_url": "https://www.openstreetmap.org/way/1065108841", "josm_url": "http://127.0.0.1:8111/load_object?new_layer=false&objects=w1065108841", "id_url": "https://www.openstreetmap.org/edit?editor=id&way=1065108841#map=20/59.9383976/10.6487301"}}, {"type": "Feature", "geometry": {"type": "Point", "coordinates": [10.766288, 59.96003]}, "properties": {"id": 1071321550, "feat_type": "way", "quality_categories": "crossings_lacking_kerbs", "issue_ids": "[1]", "osm_url": "https://www.openstreetmap.org/way/1071321550", "josm_url": "http://127.0.0.1:8111/load_object?new_layer=false&objects=w1071321550", "id_url": "https://www.openstreetmap.org/edit?editor=id&way=1071321550#map=20/59.96003/10.766288"}}, {"type": "Feature", "geometry": {"type": "Point", "coordinates": [10.7676745, 59.9610103]}, "properties": {"id": 1071362238, "feat_type": "way", "quality_categories": "crossings_lacking_kerbs", "issue_ids": "[1]", "osm_url": "https://www.openstreetmap.org/way/1071362238", "josm_url": "http://127.0.0.1:8111/load_object?new_layer=false&objects=w1071362238", "id_url": "https://www.openstreetmap.org/edit?editor=id&way=1071362238#map=20/59.9610103/10.7676745"}}, {"type": "Feature", "geometry": {"type": "Point", "coordinates": [10.7797973, 59.9509543]}, "properties": {"id": 1071586005, "feat_type": "way", "quality_categories": "crossings_lacking_kerbs", "issue_ids": "[1]", "osm_url": "https://www.openstreetmap.org/way/1071586005", "josm_url": "http://127.0.0.1:8111/load_object?new_layer=false&objects=w1071586005", "id_url": "https://www.openstreetmap.org/edit?editor=id&way=1071586005#map=20/59.9509543/10.7797973"}}, {"type": "Feature", "geometry": {"type": "Point", "coordinates": [10.7699382, 59.9534405]}, "properties": {"id": 1071586019, "feat_type": "way", "quality_categories": "crossings_lacking_kerbs", "issue_ids": "[1]", "osm_url": "https://www.openstreetmap.org/way/1071586019", "josm_url": "http://127.0.0.1:8111/load_object?new_layer=false&objects=w1071586019", "id_url": "https://www.openstreetmap.org/edit?editor=id&way=1071586019#map=20/59.9534405/10.7699382"}}, {"type": "Feature", "geometry": {"type": "Point", "coordinates": [10.7471516, 59.9653285]}, "properties": {"id": 1071678697, "feat_type": "way", "quality_categories": "crossings_lacking_kerbs", "issue_ids": "[1]", "osm_url": "https://www.openstreetmap.org/way/1071678697", "josm_url": "http://127.0.0.1:8111/load_object?new_layer=false&objects=w1071678697", "id_url": "https://www.openstreetmap.org/edit?editor=id&way=1071678697#map=20/59.9653285/10.7471516"}}, {"type": "Feature", "geometry": {"type": "Point", "coordinates": [10.7540931, 59.9613965]}, "properties": {"id": 1071685517, "feat_type": "way", "quality_categories": "crossings_lacking_kerbs", "issue_ids": "[1]", "osm_url": "https://www.openstreetmap.org/way/1071685517", "josm_url": "http://127.0.0.1:8111/load_object?new_layer=false&objects=w1071685517", "id_url": "https://www.openstreetmap.org/edit?editor=id&way=1071685517#map=20/59.9613965/10.7540931"}}, {"type": "Feature", "geometry": {"type": "Point", "coordinates": [10.7509255, 59.9642525]}, "properties": {"id": 1071685522, "feat_type": "way", "quality_categories": "crossings_lacking_kerbs", "issue_ids": "[1]", "osm_url": "https://www.openstreetmap.org/way/1071685522", "josm_url": "http://127.0.0.1:8111/load_object?new_layer=false&objects=w1071685522", "id_url": "https://www.openstreetmap.org/edit?editor=id&way=1071685522#map=20/59.9642525/10.7509255"}}, {"type": "Feature", "geometry": {"type": "Point", "coordinates": [10.7507012, 59.9579242]}, "properties": {"id": 1071685528, "feat_type": "way", "quality_categories": "crossings_lacking_kerbs", "issue_ids": "[1]", "osm_url": "https://www.openstreetmap.org/way/1071685528", "josm_url": "http://127.0.0.1:8111/load_object?new_layer=false&objects=w1071685528", "id_url": "https://www.openstreetmap.org/edit?editor=id&way=1071685528#map=20/59.9579242/10.7507012"}}, {"type": "Feature", "geometry": {"type": "Point", "coordinates": [10.7559578, 59.9640086]}, "properties": {"id": 1071691026, "feat_type": "way", "quality_categories": "crossings_lacking_kerbs", "issue_ids": "[1]", "osm_url": "https://www.openstreetmap.org/way/1071691026", "josm_url": "http://127.0.0.1:8111/load_object?new_layer=false&objects=w1071691026", "id_url": "https://www.openstreetmap.org/edit?editor=id&way=1071691026#map=20/59.9640086/10.7559578"}}, {"type": "Feature", "geometry": {"type": "Point", "coordinates": [10.7562386, 59.9640847]}, "properties": {"id": 1071691027, "feat_type": "way", "quality_categories": "crossings_lacking_kerbs", "issue_ids": "[1]", "osm_url": "https://www.openstreetmap.org/way/1071691027", "josm_url": "http://127.0.0.1:8111/load_object?new_layer=false&objects=w1071691027", "id_url": "https://www.openstreetmap.org/edit?editor=id&way=1071691027#map=20/59.9640847/10.7562386"}}, {"type": "Feature", "geometry": {"type": "Point", "coordinates": [10.7753324, 59.9611912]}, "properties": {"id": 1071721338, "feat_type": "way", "quality_categories": "crossings_lacking_kerbs", "issue_ids": "[1]", "osm_url": "https://www.openstreetmap.org/way/1071721338", "josm_url": "http://127.0.0.1:8111/load_object?new_layer=false&objects=w1071721338", "id_url": "https://www.openstreetmap.org/edit?editor=id&way=1071721338#map=20/59.9611912/10.7753324"}}, {"type": "Feature", "geometry": {"type": "Point", "coordinates": [10.7671364, 59.965268]}, "properties": {"id": 1075542138, "feat_type": "way", "quality_categories": "crossings_lacking_kerbs", "issue_ids": "[1]", "osm_url": "https://www.openstreetmap.org/way/1075542138", "josm_url": "http://127.0.0.1:8111/load_object?new_layer=false&objects=w1075542138", "id_url": "https://www.openstreetmap.org/edit?editor=id&way=1075542138#map=20/59.965268/10.7671364"}}, {"type": "Feature", "geometry": {"type": "Point", "coordinates": [10.7664317, 59.9684527]}, "properties": {"id": 1076838541, "feat_type": "way", "quality_categories": "crossings_lacking_kerbs", "issue_ids": "[1]", "osm_url": "https://www.openstreetmap.org/way/1076838541", "josm_url": "http://127.0.0.1:8111/load_object?new_layer=false&objects=w1076838541", "id_url": "https://www.openstreetmap.org/edit?editor=id&way=1076838541#map=20/59.9684527/10.7664317"}}, {"type": "Feature", "geometry": {"type": "Point", "coordinates": [10.7898022, 59.9651359]}, "properties": {"id": 1076912822, "feat_type": "way", "quality_categories": "crossings_lacking_kerbs", "issue_ids": "[1]", "osm_url": "https://www.openstreetmap.org/way/1076912822", "josm_url": "http://127.0.0.1:8111/load_object?new_layer=false&objects=w1076912822", "id_url": "https://www.openstreetmap.org/edit?editor=id&way=1076912822#map=20/59.9651359/10.7898022"}}, {"type": "Feature", "geometry": {"type": "Point", "coordinates": [10.7444515, 59.9169553]}, "properties": {"id": 1078867918, "feat_type": "way", "quality_categories": "crossings_lacking_kerbs", "issue_ids": "[1]", "osm_url": "https://www.openstreetmap.org/way/1078867918", "josm_url": "http://127.0.0.1:8111/load_object?new_layer=false&objects=w1078867918", "id_url": "https://www.openstreetmap.org/edit?editor=id&way=1078867918#map=20/59.9169553/10.7444515"}}, {"type": "Feature", "geometry": {"type": "Point", "coordinates": [10.7651001, 59.9623159]}, "properties": {"id": 1086315751, "feat_type": "way", "quality_categories": "crossings_lacking_kerbs", "issue_ids": "[1]", "osm_url": "https://www.openstreetmap.org/way/1086315751", "josm_url": "http://127.0.0.1:8111/load_object?new_layer=false&objects=w1086315751", "id_url": "https://www.openstreetmap.org/edit?editor=id&way=1086315751#map=20/59.9623159/10.7651001"}}, {"type": "Feature", "geometry": {"type": "Point", "coordinates": [10.7331028, 59.9627454]}, "properties": {"id": 1090917864, "feat_type": "way", "quality_categories": "crossings_lacking_kerbs", "issue_ids": "[1]", "osm_url": "https://www.openstreetmap.org/way/1090917864", "josm_url": "http://127.0.0.1:8111/load_object?new_layer=false&objects=w1090917864", "id_url": "https://www.openstreetmap.org/edit?editor=id&way=1090917864#map=20/59.9627454/10.7331028"}}, {"type": "Feature", "geometry": {"type": "Point", "coordinates": [10.8657228, 59.9616902]}, "properties": {"id": 1095256890, "feat_type": "way", "quality_categories": "crossings_lacking_kerbs", "issue_ids": "[1]", "osm_url": "https://www.openstreetmap.org/way/1095256890", "josm_url": "http://127.0.0.1:8111/load_object?new_layer=false&objects=w1095256890", "id_url": "https://www.openstreetmap.org/edit?editor=id&way=1095256890#map=20/59.9616902/10.8657228"}}, {"type": "Feature", "geometry": {"type": "Point", "coordinates": [10.7035592, 59.9479117]}, "properties": {"id": 1096144819, "feat_type": "way", "quality_categories": "crossings_lacking_kerbs", "issue_ids": "[1]", "osm_url": "https://www.openstreetmap.org/way/1096144819", "josm_url": "http://127.0.0.1:8111/load_object?new_layer=false&objects=w1096144819", "id_url": "https://www.openstreetmap.org/edit?editor=id&way=1096144819#map=20/59.9479117/10.7035592"}}, {"type": "Feature", "geometry": {"type": "Point", "coordinates": [10.7652515, 59.9544407]}, "properties": {"id": 1104033322, "feat_type": "way", "quality_categories": "crossings_lacking_kerbs", "issue_ids": "[1]", "osm_url": "https://www.openstreetmap.org/way/1104033322", "josm_url": "http://127.0.0.1:8111/load_object?new_layer=false&objects=w1104033322", "id_url": "https://www.openstreetmap.org/edit?editor=id&way=1104033322#map=20/59.9544407/10.7652515"}}, {"type": "Feature", "geometry": {"type": "Point", "coordinates": [10.7955818, 59.8349672]}, "properties": {"id": 1104921782, "feat_type": "way", "quality_categories": "crossings_lacking_kerbs", "issue_ids": "[1]", "osm_url": "https://www.openstreetmap.org/way/1104921782", "josm_url": "http://127.0.0.1:8111/load_object?new_layer=false&objects=w1104921782", "id_url": "https://www.openstreetmap.org/edit?editor=id&way=1104921782#map=20/59.8349672/10.7955818"}}, {"type": "Feature", "geometry": {"type": "Point", "coordinates": [10.6919556, 59.9521876]}, "properties": {"id": 1105016713, "feat_type": "way", "quality_categories": "crossings_lacking_kerbs", "issue_ids": "[1]", "osm_url": "https://www.openstreetmap.org/way/1105016713", "josm_url": "http://127.0.0.1:8111/load_object?new_layer=false&objects=w1105016713", "id_url": "https://www.openstreetmap.org/edit?editor=id&way=1105016713#map=20/59.9521876/10.6919556"}}, {"type": "Feature", "geometry": {"type": "Point", "coordinates": [10.8201385, 59.9103937]}, "properties": {"id": 1105093616, "feat_type": "way", "quality_categories": "crossings_lacking_kerbs", "issue_ids": "[1]", "osm_url": "https://www.openstreetmap.org/way/1105093616", "josm_url": "http://127.0.0.1:8111/load_object?new_layer=false&objects=w1105093616", "id_url": "https://www.openstreetmap.org/edit?editor=id&way=1105093616#map=20/59.9103937/10.8201385"}}, {"type": "Feature", "geometry": {"type": "Point", "coordinates": [10.7021897, 59.9487951]}, "properties": {"id": 1105674708, "feat_type": "way", "quality_categories": "crossings_lacking_kerbs", "issue_ids": "[1]", "osm_url": "https://www.openstreetmap.org/way/1105674708", "josm_url": "http://127.0.0.1:8111/load_object?new_layer=false&objects=w1105674708", "id_url": "https://www.openstreetmap.org/edit?editor=id&way=1105674708#map=20/59.9487951/10.7021897"}}, {"type": "Feature", "geometry": {"type": "Point", "coordinates": [10.7601695, 59.9141744]}, "properties": {"id": 1166132869, "feat_type": "way", "quality_categories": "crossings_lacking_kerbs", "issue_ids": "[1]", "osm_url": "https://www.openstreetmap.org/way/1166132869", "josm_url": "http://127.0.0.1:8111/load_object?new_layer=false&objects=w1166132869", "id_url": "https://www.openstreetmap.org/edit?editor=id&way=1166132869#map=20/59.9141744/10.7601695"}}, {"type": "Feature", "geometry": {"type": "Point", "coordinates": [10.761143, 59.9545961]}, "properties": {"id": 1200607532, "feat_type": "way", "quality_categories": "crossings_lacking_kerbs", "issue_ids": "[1]", "osm_url": "https://www.openstreetmap.org/way/1200607532", "josm_url": "http://127.0.0.1:8111/load_object?new_layer=false&objects=w1200607532", "id_url": "https://www.openstreetmap.org/edit?editor=id&way=1200607532#map=20/59.9545961/10.761143"}}, {"type": "Feature", "geometry": {"type": "Point", "coordinates": [10.7467618, 59.9679456]}, "properties": {"id": 1200615189, "feat_type": "way", "quality_categories": "crossings_lacking_kerbs", "issue_ids": "[1]", "osm_url": "https://www.openstreetmap.org/way/1200615189", "josm_url": "http://127.0.0.1:8111/load_object?new_layer=false&objects=w1200615189", "id_url": "https://www.openstreetmap.org/edit?editor=id&way=1200615189#map=20/59.9679456/10.7467618"}}, {"type": "Feature", "geometry": {"type": "Point", "coordinates": [10.7764806, 59.9686587]}, "properties": {"id": 1200616255, "feat_type": "way", "quality_categories": "crossings_lacking_kerbs", "issue_ids": "[1]", "osm_url": "https://www.openstreetmap.org/way/1200616255", "josm_url": "http://127.0.0.1:8111/load_object?new_layer=false&objects=w1200616255", "id_url": "https://www.openstreetmap.org/edit?editor=id&way=1200616255#map=20/59.9686587/10.7764806"}}, {"type": "Feature", "geometry": {"type": "Point", "coordinates": [10.7823143, 59.9620093]}, "properties": {"id": 1200623909, "feat_type": "way", "quality_categories": "crossings_lacking_kerbs", "issue_ids": "[1]", "osm_url": "https://www.openstreetmap.org/way/1200623909", "josm_url": "http://127.0.0.1:8111/load_object?new_layer=false&objects=w1200623909", "id_url": "https://www.openstreetmap.org/edit?editor=id&way=1200623909#map=20/59.9620093/10.7823143"}}, {"type": "Feature", "geometry": {"type": "Point", "coordinates": [10.7390037, 59.9195181]}, "properties": {"id": 1202962271, "feat_type": "way", "quality_categories": "crossings_lacking_kerbs", "issue_ids": "[1]", "osm_url": "https://www.openstreetmap.org/way/1202962271", "josm_url": "http://127.0.0.1:8111/load_object?new_layer=false&objects=w1202962271", "id_url": "https://www.openstreetmap.org/edit?editor=id&way=1202962271#map=20/59.9195181/10.7390037"}}, {"type": "Feature", "geometry": {"type": "Point", "coordinates": [10.8404779, 59.8667057]}, "properties": {"id": 1204848986, "feat_type": "way", "quality_categories": "crossings_lacking_kerbs", "issue_ids": "[1]", "osm_url": "https://www.openstreetmap.org/way/1204848986", "josm_url": "http://127.0.0.1:8111/load_object?new_layer=false&objects=w1204848986", "id_url": "https://www.openstreetmap.org/edit?editor=id&way=1204848986#map=20/59.8667057/10.8404779"}}, {"type": "Feature", "geometry": {"type": "Point", "coordinates": [10.8407749, 59.8668233]}, "properties": {"id": 1204848988, "feat_type": "way", "quality_categories": "crossings_lacking_kerbs", "issue_ids": "[1]", "osm_url": "https://www.openstreetmap.org/way/1204848988", "josm_url": "http://127.0.0.1:8111/load_object?new_layer=false&objects=w1204848988", "id_url": "https://www.openstreetmap.org/edit?editor=id&way=1204848988#map=20/59.8668233/10.8407749"}}, {"type": "Feature", "geometry": {"type": "Point", "coordinates": [10.7298775, 59.9223877]}, "properties": {"id": 1204977419, "feat_type": "way", "quality_categories": "crossings_lacking_kerbs", "issue_ids": "[1]", "osm_url": "https://www.openstreetmap.org/way/1204977419", "josm_url": "http://127.0.0.1:8111/load_object?new_layer=false&objects=w1204977419", "id_url": "https://www.openstreetmap.org/edit?editor=id&way=1204977419#map=20/59.9223877/10.7298775"}}, {"type": "Feature", "geometry": {"type": "Point", "coordinates": [10.7300078, 59.9223285]}, "properties": {"id": 1204977420, "feat_type": "way", "quality_categories": "crossings_lacking_kerbs", "issue_ids": "[1]", "osm_url": "https://www.openstreetmap.org/way/1204977420", "josm_url": "http://127.0.0.1:8111/load_object?new_layer=false&objects=w1204977420", "id_url": "https://www.openstreetmap.org/edit?editor=id&way=1204977420#map=20/59.9223285/10.7300078"}}, {"type": "Feature", "geometry": {"type": "Point", "coordinates": [10.7098773, 59.9084254]}, "properties": {"id": 1205417998, "feat_type": "way", "quality_categories": "crossings_lacking_kerbs", "issue_ids": "[1]", "osm_url": "https://www.openstreetmap.org/way/1205417998", "josm_url": "http://127.0.0.1:8111/load_object?new_layer=false&objects=w1205417998", "id_url": "https://www.openstreetmap.org/edit?editor=id&way=1205417998#map=20/59.9084254/10.7098773"}}, {"type": "Feature", "geometry": {"type": "Point", "coordinates": [10.7113702, 59.9084498]}, "properties": {"id": 1205418002, "feat_type": "way", "quality_categories": "crossings_lacking_kerbs", "issue_ids": "[1]", "osm_url": "https://www.openstreetmap.org/way/1205418002", "josm_url": "http://127.0.0.1:8111/load_object?new_layer=false&objects=w1205418002", "id_url": "https://www.openstreetmap.org/edit?editor=id&way=1205418002#map=20/59.9084498/10.7113702"}}, {"type": "Feature", "geometry": {"type": "Point", "coordinates": [10.7116874, 59.9086364]}, "properties": {"id": 1205418003, "feat_type": "way", "quality_categories": "crossings_lacking_kerbs", "issue_ids": "[1]", "osm_url": "https://www.openstreetmap.org/way/1205418003", "josm_url": "http://127.0.0.1:8111/load_object?new_layer=false&objects=w1205418003", "id_url": "https://www.openstreetmap.org/edit?editor=id&way=1205418003#map=20/59.9086364/10.7116874"}}, {"type": "Feature", "geometry": {"type": "Point", "coordinates": [10.7937753, 59.9656316]}, "properties": {"id": 1214829282, "feat_type": "way", "quality_categories": "crossings_lacking_kerbs", "issue_ids": "[1]", "osm_url": "https://www.openstreetmap.org/way/1214829282", "josm_url": "http://127.0.0.1:8111/load_object?new_layer=false&objects=w1214829282", "id_url": "https://www.openstreetmap.org/edit?editor=id&way=1214829282#map=20/59.9656316/10.7937753"}}, {"type": "Feature", "geometry": {"type": "Point", "coordinates": [10.7875559, 59.9559847]}, "properties": {"id": 1214831682, "feat_type": "way", "quality_categories": "crossings_lacking_kerbs", "issue_ids": "[1]", "osm_url": "https://www.openstreetmap.org/way/1214831682", "josm_url": "http://127.0.0.1:8111/load_object?new_layer=false&objects=w1214831682", "id_url": "https://www.openstreetmap.org/edit?editor=id&way=1214831682#map=20/59.9559847/10.7875559"}}, {"type": "Feature", "geometry": {"type": "Point", "coordinates": [10.7961681, 59.9534112]}, "properties": {"id": 1215371113, "feat_type": "way", "quality_categories": "crossings_lacking_kerbs", "issue_ids": "[1]", "osm_url": "https://www.openstreetmap.org/way/1215371113", "josm_url": "http://127.0.0.1:8111/load_object?new_layer=false&objects=w1215371113", "id_url": "https://www.openstreetmap.org/edit?editor=id&way=1215371113#map=20/59.9534112/10.7961681"}}, {"type": "Feature", "geometry": {"type": "Point", "coordinates": [10.7984101, 59.9523283]}, "properties": {"id": 1215371118, "feat_type": "way", "quality_categories": "crossings_lacking_kerbs", "issue_ids": "[1]", "osm_url": "https://www.openstreetmap.org/way/1215371118", "josm_url": "http://127.0.0.1:8111/load_object?new_layer=false&objects=w1215371118", "id_url": "https://www.openstreetmap.org/edit?editor=id&way=1215371118#map=20/59.9523283/10.7984101"}}, {"type": "Feature", "geometry": {"type": "Point", "coordinates": [10.7861075, 59.9600237]}, "properties": {"id": 1215641797, "feat_type": "way", "quality_categories": "crossings_lacking_kerbs", "issue_ids": "[1]", "osm_url": "https://www.openstreetmap.org/way/1215641797", "josm_url": "http://127.0.0.1:8111/load_object?new_layer=false&objects=w1215641797", "id_url": "https://www.openstreetmap.org/edit?editor=id&way=1215641797#map=20/59.9600237/10.7861075"}}, {"type": "Feature", "geometry": {"type": "Point", "coordinates": [10.7791729, 59.9535808]}, "properties": {"id": 1215647678, "feat_type": "way", "quality_categories": "crossings_lacking_kerbs", "issue_ids": "[1]", "osm_url": "https://www.openstreetmap.org/way/1215647678", "josm_url": "http://127.0.0.1:8111/load_object?new_layer=false&objects=w1215647678", "id_url": "https://www.openstreetmap.org/edit?editor=id&way=1215647678#map=20/59.9535808/10.7791729"}}, {"type": "Feature", "geometry": {"type": "Point", "coordinates": [10.7924188, 59.9518926]}, "properties": {"id": 1215869716, "feat_type": "way", "quality_categories": "crossings_lacking_kerbs", "issue_ids": "[1]", "osm_url": "https://www.openstreetmap.org/way/1215869716", "josm_url": "http://127.0.0.1:8111/load_object?new_layer=false&objects=w1215869716", "id_url": "https://www.openstreetmap.org/edit?editor=id&way=1215869716#map=20/59.9518926/10.7924188"}}, {"type": "Feature", "geometry": {"type": "Point", "coordinates": [10.7925589, 59.9512434]}, "properties": {"id": 1215869717, "feat_type": "way", "quality_categories": "crossings_lacking_kerbs", "issue_ids": "[1]", "osm_url": "https://www.openstreetmap.org/way/1215869717", "josm_url": "http://127.0.0.1:8111/load_object?new_layer=false&objects=w1215869717", "id_url": "https://www.openstreetmap.org/edit?editor=id&way=1215869717#map=20/59.9512434/10.7925589"}}, {"type": "Feature", "geometry": {"type": "Point", "coordinates": [10.7925818, 59.9615833]}, "properties": {"id": 1215869731, "feat_type": "way", "quality_categories": "crossings_lacking_kerbs", "issue_ids": "[1]", "osm_url": "https://www.openstreetmap.org/way/1215869731", "josm_url": "http://127.0.0.1:8111/load_object?new_layer=false&objects=w1215869731", "id_url": "https://www.openstreetmap.org/edit?editor=id&way=1215869731#map=20/59.9615833/10.7925818"}}, {"type": "Feature", "geometry": {"type": "Point", "coordinates": [10.7879938, 59.9495905]}, "properties": {"id": 1215872824, "feat_type": "way", "quality_categories": "crossings_lacking_kerbs", "issue_ids": "[1]", "osm_url": "https://www.openstreetmap.org/way/1215872824", "josm_url": "http://127.0.0.1:8111/load_object?new_layer=false&objects=w1215872824", "id_url": "https://www.openstreetmap.org/edit?editor=id&way=1215872824#map=20/59.9495905/10.7879938"}}, {"type": "Feature", "geometry": {"type": "Point", "coordinates": [10.7869885, 59.9468391]}, "properties": {"id": 1215872827, "feat_type": "way", "quality_categories": "crossings_lacking_kerbs", "issue_ids": "[1]", "osm_url": "https://www.openstreetmap.org/way/1215872827", "josm_url": "http://127.0.0.1:8111/load_object?new_layer=false&objects=w1215872827", "id_url": "https://www.openstreetmap.org/edit?editor=id&way=1215872827#map=20/59.9468391/10.7869885"}}, {"type": "Feature", "geometry": {"type": "Point", "coordinates": [10.7920843, 59.9512467]}, "properties": {"id": 1215980976, "feat_type": "way", "quality_categories": "crossings_lacking_kerbs", "issue_ids": "[1]", "osm_url": "https://www.openstreetmap.org/way/1215980976", "josm_url": "http://127.0.0.1:8111/load_object?new_layer=false&objects=w1215980976", "id_url": "https://www.openstreetmap.org/edit?editor=id&way=1215980976#map=20/59.9512467/10.7920843"}}, {"type": "Feature", "geometry": {"type": "Point", "coordinates": [10.7981966, 59.958099]}, "properties": {"id": 1216308665, "feat_type": "way", "quality_categories": "crossings_lacking_kerbs", "issue_ids": "[1]", "osm_url": "https://www.openstreetmap.org/way/1216308665", "josm_url": "http://127.0.0.1:8111/load_object?new_layer=false&objects=w1216308665", "id_url": "https://www.openstreetmap.org/edit?editor=id&way=1216308665#map=20/59.958099/10.7981966"}}, {"type": "Feature", "geometry": {"type": "Point", "coordinates": [10.8035456, 59.8450326]}, "properties": {"id": 1217192513, "feat_type": "way", "quality_categories": "crossings_lacking_kerbs", "issue_ids": "[1]", "osm_url": "https://www.openstreetmap.org/way/1217192513", "josm_url": "http://127.0.0.1:8111/load_object?new_layer=false&objects=w1217192513", "id_url": "https://www.openstreetmap.org/edit?editor=id&way=1217192513#map=20/59.8450326/10.8035456"}}, {"type": "Feature", "geometry": {"type": "Point", "coordinates": [10.772341, 59.8812297]}, "properties": {"id": 1217302096, "feat_type": "way", "quality_categories": "crossings_lacking_kerbs", "issue_ids": "[1]", "osm_url": "https://www.openstreetmap.org/way/1217302096", "josm_url": "http://127.0.0.1:8111/load_object?new_layer=false&objects=w1217302096", "id_url": "https://www.openstreetmap.org/edit?editor=id&way=1217302096#map=20/59.8812297/10.772341"}}, {"type": "Feature", "geometry": {"type": "Point", "coordinates": [10.7936936, 59.9703131]}, "properties": {"id": 1217872692, "feat_type": "way", "quality_categories": "crossings_lacking_kerbs", "issue_ids": "[1]", "osm_url": "https://www.openstreetmap.org/way/1217872692", "josm_url": "http://127.0.0.1:8111/load_object?new_layer=false&objects=w1217872692", "id_url": "https://www.openstreetmap.org/edit?editor=id&way=1217872692#map=20/59.9703131/10.7936936"}}, {"type": "Feature", "geometry": {"type": "Point", "coordinates": [10.7882431, 59.9667422]}, "properties": {"id": 1219083946, "feat_type": "way", "quality_categories": "crossings_lacking_kerbs", "issue_ids": "[1]", "osm_url": "https://www.openstreetmap.org/way/1219083946", "josm_url": "http://127.0.0.1:8111/load_object?new_layer=false&objects=w1219083946", "id_url": "https://www.openstreetmap.org/edit?editor=id&way=1219083946#map=20/59.9667422/10.7882431"}}, {"type": "Feature", "geometry": {"type": "Point", "coordinates": [10.7388482, 59.9199105]}, "properties": {"id": 1226536434, "feat_type": "way", "quality_categories": "crossings_lacking_kerbs", "issue_ids": "[1]", "osm_url": "https://www.openstreetmap.org/way/1226536434", "josm_url": "http://127.0.0.1:8111/load_object?new_layer=false&objects=w1226536434", "id_url": "https://www.openstreetmap.org/edit?editor=id&way=1226536434#map=20/59.9199105/10.7388482"}}, {"type": "Feature", "geometry": {"type": "Point", "coordinates": [10.7739282, 59.9165475]}, "properties": {"id": 1226745522, "feat_type": "way", "quality_categories": "crossings_lacking_kerbs", "issue_ids": "[1]", "osm_url": "https://www.openstreetmap.org/way/1226745522", "josm_url": "http://127.0.0.1:8111/load_object?new_layer=false&objects=w1226745522", "id_url": "https://www.openstreetmap.org/edit?editor=id&way=1226745522#map=20/59.9165475/10.7739282"}}, {"type": "Feature", "geometry": {"type": "Point", "coordinates": [10.7820943, 59.9649543]}, "properties": {"id": 1226756707, "feat_type": "way", "quality_categories": "crossings_lacking_kerbs", "issue_ids": "[1]", "osm_url": "https://www.openstreetmap.org/way/1226756707", "josm_url": "http://127.0.0.1:8111/load_object?new_layer=false&objects=w1226756707", "id_url": "https://www.openstreetmap.org/edit?editor=id&way=1226756707#map=20/59.9649543/10.7820943"}}, {"type": "Feature", "geometry": {"type": "Point", "coordinates": [10.7676385, 59.913372]}, "properties": {"id": 1226771965, "feat_type": "way", "quality_categories": "crossings_lacking_kerbs", "issue_ids": "[1]", "osm_url": "https://www.openstreetmap.org/way/1226771965", "josm_url": "http://127.0.0.1:8111/load_object?new_layer=false&objects=w1226771965", "id_url": "https://www.openstreetmap.org/edit?editor=id&way=1226771965#map=20/59.913372/10.7676385"}}, {"type": "Feature", "geometry": {"type": "Point", "coordinates": [10.7787811, 59.9091708]}, "properties": {"id": 1226774284, "feat_type": "way", "quality_categories": "crossings_lacking_kerbs", "issue_ids": "[1]", "osm_url": "https://www.openstreetmap.org/way/1226774284", "josm_url": "http://127.0.0.1:8111/load_object?new_layer=false&objects=w1226774284", "id_url": "https://www.openstreetmap.org/edit?editor=id&way=1226774284#map=20/59.9091708/10.7787811"}}, {"type": "Feature", "geometry": {"type": "Point", "coordinates": [10.7799296, 59.909328]}, "properties": {"id": 1226774285, "feat_type": "way", "quality_categories": "crossings_lacking_kerbs", "issue_ids": "[1]", "osm_url": "https://www.openstreetmap.org/way/1226774285", "josm_url": "http://127.0.0.1:8111/load_object?new_layer=false&objects=w1226774285", "id_url": "https://www.openstreetmap.org/edit?editor=id&way=1226774285#map=20/59.909328/10.7799296"}}, {"type": "Feature", "geometry": {"type": "Point", "coordinates": [10.7800008, 59.909269]}, "properties": {"id": 1226774286, "feat_type": "way", "quality_categories": "crossings_lacking_kerbs", "issue_ids": "[1]", "osm_url": "https://www.openstreetmap.org/way/1226774286", "josm_url": "http://127.0.0.1:8111/load_object?new_layer=false&objects=w1226774286", "id_url": "https://www.openstreetmap.org/edit?editor=id&way=1226774286#map=20/59.909269/10.7800008"}}, {"type": "Feature", "geometry": {"type": "Point", "coordinates": [10.7797268, 59.9092452]}, "properties": {"id": 1226774287, "feat_type": "way", "quality_categories": "crossings_lacking_kerbs", "issue_ids": "[1]", "osm_url": "https://www.openstreetmap.org/way/1226774287", "josm_url": "http://127.0.0.1:8111/load_object?new_layer=false&objects=w1226774287", "id_url": "https://www.openstreetmap.org/edit?editor=id&way=1226774287#map=20/59.9092452/10.7797268"}}, {"type": "Feature", "geometry": {"type": "Point", "coordinates": [10.7805834, 59.9104075]}, "properties": {"id": 1226774294, "feat_type": "way", "quality_categories": "crossings_lacking_kerbs", "issue_ids": "[1]", "osm_url": "https://www.openstreetmap.org/way/1226774294", "josm_url": "http://127.0.0.1:8111/load_object?new_layer=false&objects=w1226774294", "id_url": "https://www.openstreetmap.org/edit?editor=id&way=1226774294#map=20/59.9104075/10.7805834"}}, {"type": "Feature", "geometry": {"type": "Point", "coordinates": [10.7798072, 59.9091922]}, "properties": {"id": 1226774298, "feat_type": "way", "quality_categories": "crossings_lacking_kerbs", "issue_ids": "[1]", "osm_url": "https://www.openstreetmap.org/way/1226774298", "josm_url": "http://127.0.0.1:8111/load_object?new_layer=false&objects=w1226774298", "id_url": "https://www.openstreetmap.org/edit?editor=id&way=1226774298#map=20/59.9091922/10.7798072"}}, {"type": "Feature", "geometry": {"type": "Point", "coordinates": [10.7934256, 59.9067312]}, "properties": {"id": 1226955163, "feat_type": "way", "quality_categories": "crossings_lacking_kerbs", "issue_ids": "[1]", "osm_url": "https://www.openstreetmap.org/way/1226955163", "josm_url": "http://127.0.0.1:8111/load_object?new_layer=false&objects=w1226955163", "id_url": "https://www.openstreetmap.org/edit?editor=id&way=1226955163#map=20/59.9067312/10.7934256"}}, {"type": "Feature", "geometry": {"type": "Point", "coordinates": [10.8093476, 59.8661749]}, "properties": {"id": 1227051477, "feat_type": "way", "quality_categories": "crossings_lacking_kerbs", "issue_ids": "[1]", "osm_url": "https://www.openstreetmap.org/way/1227051477", "josm_url": "http://127.0.0.1:8111/load_object?new_layer=false&objects=w1227051477", "id_url": "https://www.openstreetmap.org/edit?editor=id&way=1227051477#map=20/59.8661749/10.8093476"}}, {"type": "Feature", "geometry": {"type": "Point", "coordinates": [10.73108, 59.9236403]}, "properties": {"id": 1227232336, "feat_type": "way", "quality_categories": "crossings_lacking_kerbs", "issue_ids": "[1]", "osm_url": "https://www.openstreetmap.org/way/1227232336", "josm_url": "http://127.0.0.1:8111/load_object?new_layer=false&objects=w1227232336", "id_url": "https://www.openstreetmap.org/edit?editor=id&way=1227232336#map=20/59.9236403/10.73108"}}, {"type": "Feature", "geometry": {"type": "Point", "coordinates": [10.729792, 59.9232515]}, "properties": {"id": 1227232345, "feat_type": "way", "quality_categories": "crossings_lacking_kerbs", "issue_ids": "[1]", "osm_url": "https://www.openstreetmap.org/way/1227232345", "josm_url": "http://127.0.0.1:8111/load_object?new_layer=false&objects=w1227232345", "id_url": "https://www.openstreetmap.org/edit?editor=id&way=1227232345#map=20/59.9232515/10.729792"}}, {"type": "Feature", "geometry": {"type": "Point", "coordinates": [10.7243242, 59.9180511]}, "properties": {"id": 1228641915, "feat_type": "way", "quality_categories": "crossings_lacking_kerbs", "issue_ids": "[1]", "osm_url": "https://www.openstreetmap.org/way/1228641915", "josm_url": "http://127.0.0.1:8111/load_object?new_layer=false&objects=w1228641915", "id_url": "https://www.openstreetmap.org/edit?editor=id&way=1228641915#map=20/59.9180511/10.7243242"}}, {"type": "Feature", "geometry": {"type": "Point", "coordinates": [10.7591406, 59.913225]}, "properties": {"id": 1228721540, "feat_type": "way", "quality_categories": "crossings_lacking_kerbs", "issue_ids": "[1]", "osm_url": "https://www.openstreetmap.org/way/1228721540", "josm_url": "http://127.0.0.1:8111/load_object?new_layer=false&objects=w1228721540", "id_url": "https://www.openstreetmap.org/edit?editor=id&way=1228721540#map=20/59.913225/10.7591406"}}, {"type": "Feature", "geometry": {"type": "Point", "coordinates": [10.7496813, 59.9326729]}, "properties": {"id": 1228725111, "feat_type": "way", "quality_categories": "crossings_lacking_kerbs", "issue_ids": "[1]", "osm_url": "https://www.openstreetmap.org/way/1228725111", "josm_url": "http://127.0.0.1:8111/load_object?new_layer=false&objects=w1228725111", "id_url": "https://www.openstreetmap.org/edit?editor=id&way=1228725111#map=20/59.9326729/10.7496813"}}, {"type": "Feature", "geometry": {"type": "Point", "coordinates": [10.7949038, 59.9268954]}, "properties": {"id": 1229159317, "feat_type": "way", "quality_categories": "crossings_lacking_kerbs", "issue_ids": "[1]", "osm_url": "https://www.openstreetmap.org/way/1229159317", "josm_url": "http://127.0.0.1:8111/load_object?new_layer=false&objects=w1229159317", "id_url": "https://www.openstreetmap.org/edit?editor=id&way=1229159317#map=20/59.9268954/10.7949038"}}, {"type": "Feature", "geometry": {"type": "Point", "coordinates": [10.795443, 59.9271904]}, "properties": {"id": 1229159318, "feat_type": "way", "quality_categories": "crossings_lacking_kerbs", "issue_ids": "[1]", "osm_url": "https://www.openstreetmap.org/way/1229159318", "josm_url": "http://127.0.0.1:8111/load_object?new_layer=false&objects=w1229159318", "id_url": "https://www.openstreetmap.org/edit?editor=id&way=1229159318#map=20/59.9271904/10.795443"}}, {"type": "Feature", "geometry": {"type": "Point", "coordinates": [10.7966459, 59.9270875]}, "properties": {"id": 1229159326, "feat_type": "way", "quality_categories": "crossings_lacking_kerbs", "issue_ids": "[1]", "osm_url": "https://www.openstreetmap.org/way/1229159326", "josm_url": "http://127.0.0.1:8111/load_object?new_layer=false&objects=w1229159326", "id_url": "https://www.openstreetmap.org/edit?editor=id&way=1229159326#map=20/59.9270875/10.7966459"}}, {"type": "Feature", "geometry": {"type": "Point", "coordinates": [10.7290263, 59.9243025]}, "properties": {"id": 1231361806, "feat_type": "way", "quality_categories": "crossings_lacking_kerbs", "issue_ids": "[1]", "osm_url": "https://www.openstreetmap.org/way/1231361806", "josm_url": "http://127.0.0.1:8111/load_object?new_layer=false&objects=w1231361806", "id_url": "https://www.openstreetmap.org/edit?editor=id&way=1231361806#map=20/59.9243025/10.7290263"}}, {"type": "Feature", "geometry": {"type": "Point", "coordinates": [10.7838993, 59.8839941]}, "properties": {"id": 1232000917, "feat_type": "way", "quality_categories": "crossings_lacking_kerbs", "issue_ids": "[1]", "osm_url": "https://www.openstreetmap.org/way/1232000917", "josm_url": "http://127.0.0.1:8111/load_object?new_layer=false&objects=w1232000917", "id_url": "https://www.openstreetmap.org/edit?editor=id&way=1232000917#map=20/59.8839941/10.7838993"}}, {"type": "Feature", "geometry": {"type": "Point", "coordinates": [10.822217, 59.9292389]}, "properties": {"id": 1237211134, "feat_type": "way", "quality_categories": "crossings_lacking_kerbs", "issue_ids": "[1]", "osm_url": "https://www.openstreetmap.org/way/1237211134", "josm_url": "http://127.0.0.1:8111/load_object?new_layer=false&objects=w1237211134", "id_url": "https://www.openstreetmap.org/edit?editor=id&way=1237211134#map=20/59.9292389/10.822217"}}, {"type": "Feature", "geometry": {"type": "Point", "coordinates": [10.6854686, 59.9208419]}, "properties": {"id": 1244939354, "feat_type": "way", "quality_categories": "crossings_lacking_kerbs", "issue_ids": "[1]", "osm_url": "https://www.openstreetmap.org/way/1244939354", "josm_url": "http://127.0.0.1:8111/load_object?new_layer=false&objects=w1244939354", "id_url": "https://www.openstreetmap.org/edit?editor=id&way=1244939354#map=20/59.9208419/10.6854686"}}, {"type": "Feature", "geometry": {"type": "Point", "coordinates": [10.6866313, 59.9218027]}, "properties": {"id": 1244939355, "feat_type": "way", "quality_categories": "crossings_lacking_kerbs", "issue_ids": "[1]", "osm_url": "https://www.openstreetmap.org/way/1244939355", "josm_url": "http://127.0.0.1:8111/load_object?new_layer=false&objects=w1244939355", "id_url": "https://www.openstreetmap.org/edit?editor=id&way=1244939355#map=20/59.9218027/10.6866313"}}, {"type": "Feature", "geometry": {"type": "Point", "coordinates": [10.7797728, 59.9277136]}, "properties": {"id": 1259387398, "feat_type": "way", "quality_categories": "crossings_lacking_kerbs", "issue_ids": "[1]", "osm_url": "https://www.openstreetmap.org/way/1259387398", "josm_url": "http://127.0.0.1:8111/load_object?new_layer=false&objects=w1259387398", "id_url": "https://www.openstreetmap.org/edit?editor=id&way=1259387398#map=20/59.9277136/10.7797728"}}, {"type": "Feature", "geometry": {"type": "Point", "coordinates": [10.7014842, 59.934945]}, "properties": {"id": 1263749172, "feat_type": "way", "quality_categories": "crossings_lacking_kerbs", "issue_ids": "[1]", "osm_url": "https://www.openstreetmap.org/way/1263749172", "josm_url": "http://127.0.0.1:8111/load_object?new_layer=false&objects=w1263749172", "id_url": "https://www.openstreetmap.org/edit?editor=id&way=1263749172#map=20/59.934945/10.7014842"}}, {"type": "Feature", "geometry": {"type": "Point", "coordinates": [10.7857446, 59.9056886]}, "properties": {"id": 1268672159, "feat_type": "way", "quality_categories": "crossings_lacking_kerbs", "issue_ids": "[1]", "osm_url": "https://www.openstreetmap.org/way/1268672159", "josm_url": "http://127.0.0.1:8111/load_object?new_layer=false&objects=w1268672159", "id_url": "https://www.openstreetmap.org/edit?editor=id&way=1268672159#map=20/59.9056886/10.7857446"}}, {"type": "Feature", "geometry": {"type": "Point", "coordinates": [10.9262067, 59.9513308]}, "properties": {"id": 1270422257, "feat_type": "way", "quality_categories": "crossings_lacking_kerbs", "issue_ids": "[1]", "osm_url": "https://www.openstreetmap.org/way/1270422257", "josm_url": "http://127.0.0.1:8111/load_object?new_layer=false&objects=w1270422257", "id_url": "https://www.openstreetmap.org/edit?editor=id&way=1270422257#map=20/59.9513308/10.9262067"}}, {"type": "Feature", "geometry": {"type": "Point", "coordinates": [10.6361557, 59.9150795]}, "properties": {"id": 1272123399, "feat_type": "way", "quality_categories": "crossings_lacking_kerbs", "issue_ids": "[1]", "osm_url": "https://www.openstreetmap.org/way/1272123399", "josm_url": "http://127.0.0.1:8111/load_object?new_layer=false&objects=w1272123399", "id_url": "https://www.openstreetmap.org/edit?editor=id&way=1272123399#map=20/59.9150795/10.6361557"}}, {"type": "Feature", "geometry": {"type": "Point", "coordinates": [10.6380935, 59.9167306]}, "properties": {"id": 1272207045, "feat_type": "way", "quality_categories": "crossings_lacking_kerbs", "issue_ids": "[1]", "osm_url": "https://www.openstreetmap.org/way/1272207045", "josm_url": "http://127.0.0.1:8111/load_object?new_layer=false&objects=w1272207045", "id_url": "https://www.openstreetmap.org/edit?editor=id&way=1272207045#map=20/59.9167306/10.6380935"}}, {"type": "Feature", "geometry": {"type": "Point", "coordinates": [10.6726136, 59.9453148]}, "properties": {"id": 1276043193, "feat_type": "way", "quality_categories": "crossings_lacking_kerbs", "issue_ids": "[1]", "osm_url": "https://www.openstreetmap.org/way/1276043193", "josm_url": "http://127.0.0.1:8111/load_object?new_layer=false&objects=w1276043193", "id_url": "https://www.openstreetmap.org/edit?editor=id&way=1276043193#map=20/59.9453148/10.6726136"}}, {"type": "Feature", "geometry": {"type": "Point", "coordinates": [10.8455664, 59.9400827]}, "properties": {"id": 1276058844, "feat_type": "way", "quality_categories": "crossings_lacking_kerbs", "issue_ids": "[1]", "osm_url": "https://www.openstreetmap.org/way/1276058844", "josm_url": "http://127.0.0.1:8111/load_object?new_layer=false&objects=w1276058844", "id_url": "https://www.openstreetmap.org/edit?editor=id&way=1276058844#map=20/59.9400827/10.8455664"}}, {"type": "Feature", "geometry": {"type": "Point", "coordinates": [10.8438706, 59.9398171]}, "properties": {"id": 1276058848, "feat_type": "way", "quality_categories": "crossings_lacking_kerbs", "issue_ids": "[1]", "osm_url": "https://www.openstreetmap.org/way/1276058848", "josm_url": "http://127.0.0.1:8111/load_object?new_layer=false&objects=w1276058848", "id_url": "https://www.openstreetmap.org/edit?editor=id&way=1276058848#map=20/59.9398171/10.8438706"}}, {"type": "Feature", "geometry": {"type": "Point", "coordinates": [10.8414384, 59.9397037]}, "properties": {"id": 1276058852, "feat_type": "way", "quality_categories": "crossings_lacking_kerbs", "issue_ids": "[1]", "osm_url": "https://www.openstreetmap.org/way/1276058852", "josm_url": "http://127.0.0.1:8111/load_object?new_layer=false&objects=w1276058852", "id_url": "https://www.openstreetmap.org/edit?editor=id&way=1276058852#map=20/59.9397037/10.8414384"}}, {"type": "Feature", "geometry": {"type": "Point", "coordinates": [10.7698472, 59.9677201]}, "properties": {"id": 1280237417, "feat_type": "way", "quality_categories": "crossings_lacking_kerbs", "issue_ids": "[1]", "osm_url": "https://www.openstreetmap.org/way/1280237417", "josm_url": "http://127.0.0.1:8111/load_object?new_layer=false&objects=w1280237417", "id_url": "https://www.openstreetmap.org/edit?editor=id&way=1280237417#map=20/59.9677201/10.7698472"}}, {"type": "Feature", "geometry": {"type": "Point", "coordinates": [10.7733235, 59.9171367]}, "properties": {"id": 1280621728, "feat_type": "way", "quality_categories": "crossings_lacking_kerbs", "issue_ids": "[1]", "osm_url": "https://www.openstreetmap.org/way/1280621728", "josm_url": "http://127.0.0.1:8111/load_object?new_layer=false&objects=w1280621728", "id_url": "https://www.openstreetmap.org/edit?editor=id&way=1280621728#map=20/59.9171367/10.7733235"}}, {"type": "Feature", "geometry": {"type": "Point", "coordinates": [10.7730548, 59.9169081]}, "properties": {"id": 1280621730, "feat_type": "way", "quality_categories": "crossings_lacking_kerbs", "issue_ids": "[1]", "osm_url": "https://www.openstreetmap.org/way/1280621730", "josm_url": "http://127.0.0.1:8111/load_object?new_layer=false&objects=w1280621730", "id_url": "https://www.openstreetmap.org/edit?editor=id&way=1280621730#map=20/59.9169081/10.7730548"}}, {"type": "Feature", "geometry": {"type": "Point", "coordinates": [10.7862447, 59.9174527]}, "properties": {"id": 1281984485, "feat_type": "way", "quality_categories": "crossings_lacking_kerbs", "issue_ids": "[1]", "osm_url": "https://www.openstreetmap.org/way/1281984485", "josm_url": "http://127.0.0.1:8111/load_object?new_layer=false&objects=w1281984485", "id_url": "https://www.openstreetmap.org/edit?editor=id&way=1281984485#map=20/59.9174527/10.7862447"}}, {"type": "Feature", "geometry": {"type": "Point", "coordinates": [10.8220604, 59.9292306]}, "properties": {"id": 1282769784, "feat_type": "way", "quality_categories": "crossings_lacking_kerbs", "issue_ids": "[1]", "osm_url": "https://www.openstreetmap.org/way/1282769784", "josm_url": "http://127.0.0.1:8111/load_object?new_layer=false&objects=w1282769784", "id_url": "https://www.openstreetmap.org/edit?editor=id&way=1282769784#map=20/59.9292306/10.8220604"}}, {"type": "Feature", "geometry": {"type": "Point", "coordinates": [10.8230935, 59.9288952]}, "properties": {"id": 1282769786, "feat_type": "way", "quality_categories": "crossings_lacking_kerbs", "issue_ids": "[1]", "osm_url": "https://www.openstreetmap.org/way/1282769786", "josm_url": "http://127.0.0.1:8111/load_object?new_layer=false&objects=w1282769786", "id_url": "https://www.openstreetmap.org/edit?editor=id&way=1282769786#map=20/59.9288952/10.8230935"}}, {"type": "Feature", "geometry": {"type": "Point", "coordinates": [10.6998718, 59.9183648]}, "properties": {"id": 1286411309, "feat_type": "way", "quality_categories": "crossings_lacking_kerbs", "issue_ids": "[1]", "osm_url": "https://www.openstreetmap.org/way/1286411309", "josm_url": "http://127.0.0.1:8111/load_object?new_layer=false&objects=w1286411309", "id_url": "https://www.openstreetmap.org/edit?editor=id&way=1286411309#map=20/59.9183648/10.6998718"}}, {"type": "Feature", "geometry": {"type": "Point", "coordinates": [10.7013138, 59.9182165]}, "properties": {"id": 1286411310, "feat_type": "way", "quality_categories": "crossings_lacking_kerbs", "issue_ids": "[1]", "osm_url": "https://www.openstreetmap.org/way/1286411310", "josm_url": "http://127.0.0.1:8111/load_object?new_layer=false&objects=w1286411310", "id_url": "https://www.openstreetmap.org/edit?editor=id&way=1286411310#map=20/59.9182165/10.7013138"}}, {"type": "Feature", "geometry": {"type": "Point", "coordinates": [10.7032271, 59.9184655]}, "properties": {"id": 1286411311, "feat_type": "way", "quality_categories": "crossings_lacking_kerbs", "issue_ids": "[1]", "osm_url": "https://www.openstreetmap.org/way/1286411311", "josm_url": "http://127.0.0.1:8111/load_object?new_layer=false&objects=w1286411311", "id_url": "https://www.openstreetmap.org/edit?editor=id&way=1286411311#map=20/59.9184655/10.7032271"}}, {"type": "Feature", "geometry": {"type": "Point", "coordinates": [10.7110926, 59.9173785]}, "properties": {"id": 1286411312, "feat_type": "way", "quality_categories": "crossings_lacking_kerbs", "issue_ids": "[1]", "osm_url": "https://www.openstreetmap.org/way/1286411312", "josm_url": "http://127.0.0.1:8111/load_object?new_layer=false&objects=w1286411312", "id_url": "https://www.openstreetmap.org/edit?editor=id&way=1286411312#map=20/59.9173785/10.7110926"}}, {"type": "Feature", "geometry": {"type": "Point", "coordinates": [10.7111643, 59.9175604]}, "properties": {"id": 1286411313, "feat_type": "way", "quality_categories": "crossings_lacking_kerbs", "issue_ids": "[1]", "osm_url": "https://www.openstreetmap.org/way/1286411313", "josm_url": "http://127.0.0.1:8111/load_object?new_layer=false&objects=w1286411313", "id_url": "https://www.openstreetmap.org/edit?editor=id&way=1286411313#map=20/59.9175604/10.7111643"}}, {"type": "Feature", "geometry": {"type": "Point", "coordinates": [10.7113125, 59.917317]}, "properties": {"id": 1286411314, "feat_type": "way", "quality_categories": "crossings_lacking_kerbs", "issue_ids": "[1]", "osm_url": "https://www.openstreetmap.org/way/1286411314", "josm_url": "http://127.0.0.1:8111/load_object?new_layer=false&objects=w1286411314", "id_url": "https://www.openstreetmap.org/edit?editor=id&way=1286411314#map=20/59.917317/10.7113125"}}, {"type": "Feature", "geometry": {"type": "Point", "coordinates": [10.7113575, 59.9174295]}, "properties": {"id": 1286411315, "feat_type": "way", "quality_categories": "crossings_lacking_kerbs", "issue_ids": "[1]", "osm_url": "https://www.openstreetmap.org/way/1286411315", "josm_url": "http://127.0.0.1:8111/load_object?new_layer=false&objects=w1286411315", "id_url": "https://www.openstreetmap.org/edit?editor=id&way=1286411315#map=20/59.9174295/10.7113575"}}, {"type": "Feature", "geometry": {"type": "Point", "coordinates": [10.711332, 59.9174629]}, "properties": {"id": 1286411316, "feat_type": "way", "quality_categories": "crossings_lacking_kerbs", "issue_ids": "[1]", "osm_url": "https://www.openstreetmap.org/way/1286411316", "josm_url": "http://127.0.0.1:8111/load_object?new_layer=false&objects=w1286411316", "id_url": "https://www.openstreetmap.org/edit?editor=id&way=1286411316#map=20/59.9174629/10.711332"}}, {"type": "Feature", "geometry": {"type": "Point", "coordinates": [10.7111308, 59.9174469]}, "properties": {"id": 1286411317, "feat_type": "way", "quality_categories": "crossings_lacking_kerbs", "issue_ids": "[1]", "osm_url": "https://www.openstreetmap.org/way/1286411317", "josm_url": "http://127.0.0.1:8111/load_object?new_layer=false&objects=w1286411317", "id_url": "https://www.openstreetmap.org/edit?editor=id&way=1286411317#map=20/59.9174469/10.7111308"}}, {"type": "Feature", "geometry": {"type": "Point", "coordinates": [10.7103586, 59.9179323]}, "properties": {"id": 1286411318, "feat_type": "way", "quality_categories": "crossings_lacking_kerbs", "issue_ids": "[1]", "osm_url": "https://www.openstreetmap.org/way/1286411318", "josm_url": "http://127.0.0.1:8111/load_object?new_layer=false&objects=w1286411318", "id_url": "https://www.openstreetmap.org/edit?editor=id&way=1286411318#map=20/59.9179323/10.7103586"}}, {"type": "Feature", "geometry": {"type": "Point", "coordinates": [10.7090863, 59.9182386]}, "properties": {"id": 1286411320, "feat_type": "way", "quality_categories": "crossings_lacking_kerbs", "issue_ids": "[1]", "osm_url": "https://www.openstreetmap.org/way/1286411320", "josm_url": "http://127.0.0.1:8111/load_object?new_layer=false&objects=w1286411320", "id_url": "https://www.openstreetmap.org/edit?editor=id&way=1286411320#map=20/59.9182386/10.7090863"}}, {"type": "Feature", "geometry": {"type": "Point", "coordinates": [10.7191381, 59.9211481]}, "properties": {"id": 1286411324, "feat_type": "way", "quality_categories": "crossings_lacking_kerbs", "issue_ids": "[1]", "osm_url": "https://www.openstreetmap.org/way/1286411324", "josm_url": "http://127.0.0.1:8111/load_object?new_layer=false&objects=w1286411324", "id_url": "https://www.openstreetmap.org/edit?editor=id&way=1286411324#map=20/59.9211481/10.7191381"}}, {"type": "Feature", "geometry": {"type": "Point", "coordinates": [10.7190038, 59.92115]}, "properties": {"id": 1286411325, "feat_type": "way", "quality_categories": "crossings_lacking_kerbs", "issue_ids": "[1]", "osm_url": "https://www.openstreetmap.org/way/1286411325", "josm_url": "http://127.0.0.1:8111/load_object?new_layer=false&objects=w1286411325", "id_url": "https://www.openstreetmap.org/edit?editor=id&way=1286411325#map=20/59.92115/10.7190038"}}, {"type": "Feature", "geometry": {"type": "Point", "coordinates": [10.7183136, 59.9207517]}, "properties": {"id": 1286411326, "feat_type": "way", "quality_categories": "crossings_lacking_kerbs", "issue_ids": "[1]", "osm_url": "https://www.openstreetmap.org/way/1286411326", "josm_url": "http://127.0.0.1:8111/load_object?new_layer=false&objects=w1286411326", "id_url": "https://www.openstreetmap.org/edit?editor=id&way=1286411326#map=20/59.9207517/10.7183136"}}, {"type": "Feature", "geometry": {"type": "Point", "coordinates": [10.7105017, 59.9207815]}, "properties": {"id": 1286411344, "feat_type": "way", "quality_categories": "crossings_lacking_kerbs", "issue_ids": "[1]", "osm_url": "https://www.openstreetmap.org/way/1286411344", "josm_url": "http://127.0.0.1:8111/load_object?new_layer=false&objects=w1286411344", "id_url": "https://www.openstreetmap.org/edit?editor=id&way=1286411344#map=20/59.9207815/10.7105017"}}, {"type": "Feature", "geometry": {"type": "Point", "coordinates": [10.6989793, 59.9229575]}, "properties": {"id": 1286447480, "feat_type": "way", "quality_categories": "crossings_lacking_kerbs", "issue_ids": "[1]", "osm_url": "https://www.openstreetmap.org/way/1286447480", "josm_url": "http://127.0.0.1:8111/load_object?new_layer=false&objects=w1286447480", "id_url": "https://www.openstreetmap.org/edit?editor=id&way=1286447480#map=20/59.9229575/10.6989793"}}, {"type": "Feature", "geometry": {"type": "Point", "coordinates": [10.7050222, 59.9172087]}, "properties": {"id": 1286447504, "feat_type": "way", "quality_categories": "crossings_lacking_kerbs", "issue_ids": "[1]", "osm_url": "https://www.openstreetmap.org/way/1286447504", "josm_url": "http://127.0.0.1:8111/load_object?new_layer=false&objects=w1286447504", "id_url": "https://www.openstreetmap.org/edit?editor=id&way=1286447504#map=20/59.9172087/10.7050222"}}, {"type": "Feature", "geometry": {"type": "Point", "coordinates": [10.7052949, 59.9171581]}, "properties": {"id": 1286447505, "feat_type": "way", "quality_categories": "crossings_lacking_kerbs", "issue_ids": "[1]", "osm_url": "https://www.openstreetmap.org/way/1286447505", "josm_url": "http://127.0.0.1:8111/load_object?new_layer=false&objects=w1286447505", "id_url": "https://www.openstreetmap.org/edit?editor=id&way=1286447505#map=20/59.9171581/10.7052949"}}, {"type": "Feature", "geometry": {"type": "Point", "coordinates": [10.710223, 59.911508]}, "properties": {"id": 1286447508, "feat_type": "way", "quality_categories": "crossings_lacking_kerbs", "issue_ids": "[1]", "osm_url": "https://www.openstreetmap.org/way/1286447508", "josm_url": "http://127.0.0.1:8111/load_object?new_layer=false&objects=w1286447508", "id_url": "https://www.openstreetmap.org/edit?editor=id&way=1286447508#map=20/59.911508/10.710223"}}, {"type": "Feature", "geometry": {"type": "Point", "coordinates": [10.7106917, 59.9118527]}, "properties": {"id": 1286447509, "feat_type": "way", "quality_categories": "crossings_lacking_kerbs", "issue_ids": "[1]", "osm_url": "https://www.openstreetmap.org/way/1286447509", "josm_url": "http://127.0.0.1:8111/load_object?new_layer=false&objects=w1286447509", "id_url": "https://www.openstreetmap.org/edit?editor=id&way=1286447509#map=20/59.9118527/10.7106917"}}, {"type": "Feature", "geometry": {"type": "Point", "coordinates": [10.709819, 59.9112218]}, "properties": {"id": 1286447511, "feat_type": "way", "quality_categories": "crossings_lacking_kerbs", "issue_ids": "[1]", "osm_url": "https://www.openstreetmap.org/way/1286447511", "josm_url": "http://127.0.0.1:8111/load_object?new_layer=false&objects=w1286447511", "id_url": "https://www.openstreetmap.org/edit?editor=id&way=1286447511#map=20/59.9112218/10.709819"}}, {"type": "Feature", "geometry": {"type": "Point", "coordinates": [10.7092013, 59.91135]}, "properties": {"id": 1286447512, "feat_type": "way", "quality_categories": "crossings_lacking_kerbs", "issue_ids": "[1]", "osm_url": "https://www.openstreetmap.org/way/1286447512", "josm_url": "http://127.0.0.1:8111/load_object?new_layer=false&objects=w1286447512", "id_url": "https://www.openstreetmap.org/edit?editor=id&way=1286447512#map=20/59.91135/10.7092013"}}, {"type": "Feature", "geometry": {"type": "Point", "coordinates": [10.7091499, 59.9114254]}, "properties": {"id": 1286447513, "feat_type": "way", "quality_categories": "crossings_lacking_kerbs", "issue_ids": "[1]", "osm_url": "https://www.openstreetmap.org/way/1286447513", "josm_url": "http://127.0.0.1:8111/load_object?new_layer=false&objects=w1286447513", "id_url": "https://www.openstreetmap.org/edit?editor=id&way=1286447513#map=20/59.9114254/10.7091499"}}, {"type": "Feature", "geometry": {"type": "Point", "coordinates": [10.7099531, 59.9120495]}, "properties": {"id": 1286447516, "feat_type": "way", "quality_categories": "crossings_lacking_kerbs", "issue_ids": "[1]", "osm_url": "https://www.openstreetmap.org/way/1286447516", "josm_url": "http://127.0.0.1:8111/load_object?new_layer=false&objects=w1286447516", "id_url": "https://www.openstreetmap.org/edit?editor=id&way=1286447516#map=20/59.9120495/10.7099531"}}, {"type": "Feature", "geometry": {"type": "Point", "coordinates": [10.7095472, 59.9116869]}, "properties": {"id": 1286447517, "feat_type": "way", "quality_categories": "crossings_lacking_kerbs", "issue_ids": "[1]", "osm_url": "https://www.openstreetmap.org/way/1286447517", "josm_url": "http://127.0.0.1:8111/load_object?new_layer=false&objects=w1286447517", "id_url": "https://www.openstreetmap.org/edit?editor=id&way=1286447517#map=20/59.9116869/10.7095472"}}, {"type": "Feature", "geometry": {"type": "Point", "coordinates": [10.7082837, 59.9121921]}, "properties": {"id": 1286447522, "feat_type": "way", "quality_categories": "crossings_lacking_kerbs", "issue_ids": "[1]", "osm_url": "https://www.openstreetmap.org/way/1286447522", "josm_url": "http://127.0.0.1:8111/load_object?new_layer=false&objects=w1286447522", "id_url": "https://www.openstreetmap.org/edit?editor=id&way=1286447522#map=20/59.9121921/10.7082837"}}, {"type": "Feature", "geometry": {"type": "Point", "coordinates": [10.7037338, 59.9172204]}, "properties": {"id": 1286447525, "feat_type": "way", "quality_categories": "crossings_lacking_kerbs", "issue_ids": "[1]", "osm_url": "https://www.openstreetmap.org/way/1286447525", "josm_url": "http://127.0.0.1:8111/load_object?new_layer=false&objects=w1286447525", "id_url": "https://www.openstreetmap.org/edit?editor=id&way=1286447525#map=20/59.9172204/10.7037338"}}, {"type": "Feature", "geometry": {"type": "Point", "coordinates": [10.7064675, 59.9139582]}, "properties": {"id": 1286447532, "feat_type": "way", "quality_categories": "crossings_lacking_kerbs", "issue_ids": "[1]", "osm_url": "https://www.openstreetmap.org/way/1286447532", "josm_url": "http://127.0.0.1:8111/load_object?new_layer=false&objects=w1286447532", "id_url": "https://www.openstreetmap.org/edit?editor=id&way=1286447532#map=20/59.9139582/10.7064675"}}, {"type": "Feature", "geometry": {"type": "Point", "coordinates": [10.7074523, 59.9138749]}, "properties": {"id": 1286447533, "feat_type": "way", "quality_categories": "crossings_lacking_kerbs", "issue_ids": "[1]", "osm_url": "https://www.openstreetmap.org/way/1286447533", "josm_url": "http://127.0.0.1:8111/load_object?new_layer=false&objects=w1286447533", "id_url": "https://www.openstreetmap.org/edit?editor=id&way=1286447533#map=20/59.9138749/10.7074523"}}, {"type": "Feature", "geometry": {"type": "Point", "coordinates": [10.7068186, 59.9118566]}, "properties": {"id": 1286447546, "feat_type": "way", "quality_categories": "crossings_lacking_kerbs", "issue_ids": "[1]", "osm_url": "https://www.openstreetmap.org/way/1286447546", "josm_url": "http://127.0.0.1:8111/load_object?new_layer=false&objects=w1286447546", "id_url": "https://www.openstreetmap.org/edit?editor=id&way=1286447546#map=20/59.9118566/10.7068186"}}, {"type": "Feature", "geometry": {"type": "Point", "coordinates": [10.706364, 59.9112836]}, "properties": {"id": 1286447547, "feat_type": "way", "quality_categories": "crossings_lacking_kerbs", "issue_ids": "[1]", "osm_url": "https://www.openstreetmap.org/way/1286447547", "josm_url": "http://127.0.0.1:8111/load_object?new_layer=false&objects=w1286447547", "id_url": "https://www.openstreetmap.org/edit?editor=id&way=1286447547#map=20/59.9112836/10.706364"}}, {"type": "Feature", "geometry": {"type": "Point", "coordinates": [10.7080659, 59.9115924]}, "properties": {"id": 1286447553, "feat_type": "way", "quality_categories": "crossings_lacking_kerbs", "issue_ids": "[1]", "osm_url": "https://www.openstreetmap.org/way/1286447553", "josm_url": "http://127.0.0.1:8111/load_object?new_layer=false&objects=w1286447553", "id_url": "https://www.openstreetmap.org/edit?editor=id&way=1286447553#map=20/59.9115924/10.7080659"}}, {"type": "Feature", "geometry": {"type": "Point", "coordinates": [10.7079343, 59.9115843]}, "properties": {"id": 1286447554, "feat_type": "way", "quality_categories": "crossings_lacking_kerbs", "issue_ids": "[1]", "osm_url": "https://www.openstreetmap.org/way/1286447554", "josm_url": "http://127.0.0.1:8111/load_object?new_layer=false&objects=w1286447554", "id_url": "https://www.openstreetmap.org/edit?editor=id&way=1286447554#map=20/59.9115843/10.7079343"}}, {"type": "Feature", "geometry": {"type": "Point", "coordinates": [10.7078789, 59.9116462]}, "properties": {"id": 1286447559, "feat_type": "way", "quality_categories": "crossings_lacking_kerbs", "issue_ids": "[1]", "osm_url": "https://www.openstreetmap.org/way/1286447559", "josm_url": "http://127.0.0.1:8111/load_object?new_layer=false&objects=w1286447559", "id_url": "https://www.openstreetmap.org/edit?editor=id&way=1286447559#map=20/59.9116462/10.7078789"}}, {"type": "Feature", "geometry": {"type": "Point", "coordinates": [10.7050248, 59.9116656]}, "properties": {"id": 1286447565, "feat_type": "way", "quality_categories": "crossings_lacking_kerbs", "issue_ids": "[1]", "osm_url": "https://www.openstreetmap.org/way/1286447565", "josm_url": "http://127.0.0.1:8111/load_object?new_layer=false&objects=w1286447565", "id_url": "https://www.openstreetmap.org/edit?editor=id&way=1286447565#map=20/59.9116656/10.7050248"}}, {"type": "Feature", "geometry": {"type": "Point", "coordinates": [10.7063705, 59.9155723]}, "properties": {"id": 1286447573, "feat_type": "way", "quality_categories": "crossings_lacking_kerbs", "issue_ids": "[1]", "osm_url": "https://www.openstreetmap.org/way/1286447573", "josm_url": "http://127.0.0.1:8111/load_object?new_layer=false&objects=w1286447573", "id_url": "https://www.openstreetmap.org/edit?editor=id&way=1286447573#map=20/59.9155723/10.7063705"}}, {"type": "Feature", "geometry": {"type": "Point", "coordinates": [10.7068327, 59.9161826]}, "properties": {"id": 1286447575, "feat_type": "way", "quality_categories": "crossings_lacking_kerbs", "issue_ids": "[1]", "osm_url": "https://www.openstreetmap.org/way/1286447575", "josm_url": "http://127.0.0.1:8111/load_object?new_layer=false&objects=w1286447575", "id_url": "https://www.openstreetmap.org/edit?editor=id&way=1286447575#map=20/59.9161826/10.7068327"}}, {"type": "Feature", "geometry": {"type": "Point", "coordinates": [10.7069332, 59.9162181]}, "properties": {"id": 1286447576, "feat_type": "way", "quality_categories": "crossings_lacking_kerbs", "issue_ids": "[1]", "osm_url": "https://www.openstreetmap.org/way/1286447576", "josm_url": "http://127.0.0.1:8111/load_object?new_layer=false&objects=w1286447576", "id_url": "https://www.openstreetmap.org/edit?editor=id&way=1286447576#map=20/59.9162181/10.7069332"}}, {"type": "Feature", "geometry": {"type": "Point", "coordinates": [10.7067762, 59.9164636]}, "properties": {"id": 1286447577, "feat_type": "way", "quality_categories": "crossings_lacking_kerbs", "issue_ids": "[1]", "osm_url": "https://www.openstreetmap.org/way/1286447577", "josm_url": "http://127.0.0.1:8111/load_object?new_layer=false&objects=w1286447577", "id_url": "https://www.openstreetmap.org/edit?editor=id&way=1286447577#map=20/59.9164636/10.7067762"}}, {"type": "Feature", "geometry": {"type": "Point", "coordinates": [10.7929724, 59.9388528]}, "properties": {"id": 1290852067, "feat_type": "way", "quality_categories": "crossings_lacking_kerbs", "issue_ids": "[1]", "osm_url": "https://www.openstreetmap.org/way/1290852067", "josm_url": "http://127.0.0.1:8111/load_object?new_layer=false&objects=w1290852067", "id_url": "https://www.openstreetmap.org/edit?editor=id&way=1290852067#map=20/59.9388528/10.7929724"}}, {"type": "Feature", "geometry": {"type": "Point", "coordinates": [10.7932791, 59.9391437]}, "properties": {"id": 1290852070, "feat_type": "way", "quality_categories": "crossings_lacking_kerbs", "issue_ids": "[1]", "osm_url": "https://www.openstreetmap.org/way/1290852070", "josm_url": "http://127.0.0.1:8111/load_object?new_layer=false&objects=w1290852070", "id_url": "https://www.openstreetmap.org/edit?editor=id&way=1290852070#map=20/59.9391437/10.7932791"}}, {"type": "Feature", "geometry": {"type": "Point", "coordinates": [10.7925505, 59.9384518]}, "properties": {"id": 1290852075, "feat_type": "way", "quality_categories": "crossings_lacking_kerbs", "issue_ids": "[1]", "osm_url": "https://www.openstreetmap.org/way/1290852075", "josm_url": "http://127.0.0.1:8111/load_object?new_layer=false&objects=w1290852075", "id_url": "https://www.openstreetmap.org/edit?editor=id&way=1290852075#map=20/59.9384518/10.7925505"}}, {"type": "Feature", "geometry": {"type": "Point", "coordinates": [10.791286, 59.9387318]}, "properties": {"id": 1290852078, "feat_type": "way", "quality_categories": "crossings_lacking_kerbs", "issue_ids": "[1]", "osm_url": "https://www.openstreetmap.org/way/1290852078", "josm_url": "http://127.0.0.1:8111/load_object?new_layer=false&objects=w1290852078", "id_url": "https://www.openstreetmap.org/edit?editor=id&way=1290852078#map=20/59.9387318/10.791286"}}, {"type": "Feature", "geometry": {"type": "Point", "coordinates": [10.7967935, 59.9397676]}, "properties": {"id": 1290852079, "feat_type": "way", "quality_categories": "crossings_lacking_kerbs", "issue_ids": "[1]", "osm_url": "https://www.openstreetmap.org/way/1290852079", "josm_url": "http://127.0.0.1:8111/load_object?new_layer=false&objects=w1290852079", "id_url": "https://www.openstreetmap.org/edit?editor=id&way=1290852079#map=20/59.9397676/10.7967935"}}, {"type": "Feature", "geometry": {"type": "Point", "coordinates": [10.796883, 59.9398556]}, "properties": {"id": 1290852080, "feat_type": "way", "quality_categories": "crossings_lacking_kerbs", "issue_ids": "[1]", "osm_url": "https://www.openstreetmap.org/way/1290852080", "josm_url": "http://127.0.0.1:8111/load_object?new_layer=false&objects=w1290852080", "id_url": "https://www.openstreetmap.org/edit?editor=id&way=1290852080#map=20/59.9398556/10.796883"}}, {"type": "Feature", "geometry": {"type": "Point", "coordinates": [10.791755, 59.9385591]}, "properties": {"id": 1290852085, "feat_type": "way", "quality_categories": "crossings_lacking_kerbs", "issue_ids": "[1]", "osm_url": "https://www.openstreetmap.org/way/1290852085", "josm_url": "http://127.0.0.1:8111/load_object?new_layer=false&objects=w1290852085", "id_url": "https://www.openstreetmap.org/edit?editor=id&way=1290852085#map=20/59.9385591/10.791755"}}, {"type": "Feature", "geometry": {"type": "Point", "coordinates": [10.7919685, 59.9389877]}, "properties": {"id": 1290852091, "feat_type": "way", "quality_categories": "crossings_lacking_kerbs", "issue_ids": "[1]", "osm_url": "https://www.openstreetmap.org/way/1290852091", "josm_url": "http://127.0.0.1:8111/load_object?new_layer=false&objects=w1290852091", "id_url": "https://www.openstreetmap.org/edit?editor=id&way=1290852091#map=20/59.9389877/10.7919685"}}, {"type": "Feature", "geometry": {"type": "Point", "coordinates": [10.7388738, 59.9176583]}, "properties": {"id": 1298171467, "feat_type": "way", "quality_categories": "crossings_lacking_kerbs", "issue_ids": "[1]", "osm_url": "https://www.openstreetmap.org/way/1298171467", "josm_url": "http://127.0.0.1:8111/load_object?new_layer=false&objects=w1298171467", "id_url": "https://www.openstreetmap.org/edit?editor=id&way=1298171467#map=20/59.9176583/10.7388738"}}, {"type": "Feature", "geometry": {"type": "Point", "coordinates": [10.7601543, 59.9085172]}, "properties": {"id": 1298332732, "feat_type": "way", "quality_categories": "crossings_lacking_kerbs", "issue_ids": "[1]", "osm_url": "https://www.openstreetmap.org/way/1298332732", "josm_url": "http://127.0.0.1:8111/load_object?new_layer=false&objects=w1298332732", "id_url": "https://www.openstreetmap.org/edit?editor=id&way=1298332732#map=20/59.9085172/10.7601543"}}, {"type": "Feature", "geometry": {"type": "Point", "coordinates": [10.797167, 59.9273606]}, "properties": {"id": 1298785007, "feat_type": "way", "quality_categories": "crossings_lacking_kerbs", "issue_ids": "[1]", "osm_url": "https://www.openstreetmap.org/way/1298785007", "josm_url": "http://127.0.0.1:8111/load_object?new_layer=false&objects=w1298785007", "id_url": "https://www.openstreetmap.org/edit?editor=id&way=1298785007#map=20/59.9273606/10.797167"}}, {"type": "Feature", "geometry": {"type": "Point", "coordinates": [10.8110275, 59.8753012]}, "properties": {"id": 1300260494, "feat_type": "way", "quality_categories": "crossings_lacking_kerbs", "issue_ids": "[1]", "osm_url": "https://www.openstreetmap.org/way/1300260494", "josm_url": "http://127.0.0.1:8111/load_object?new_layer=false&objects=w1300260494", "id_url": "https://www.openstreetmap.org/edit?editor=id&way=1300260494#map=20/59.8753012/10.8110275"}}, {"type": "Feature", "geometry": {"type": "Point", "coordinates": [10.721321, 59.9126372]}, "properties": {"id": 1301674022, "feat_type": "way", "quality_categories": "crossings_lacking_kerbs", "issue_ids": "[1]", "osm_url": "https://www.openstreetmap.org/way/1301674022", "josm_url": "http://127.0.0.1:8111/load_object?new_layer=false&objects=w1301674022", "id_url": "https://www.openstreetmap.org/edit?editor=id&way=1301674022#map=20/59.9126372/10.721321"}}, {"type": "Feature", "geometry": {"type": "Point", "coordinates": [10.7199576, 59.9130653]}, "properties": {"id": 1301674024, "feat_type": "way", "quality_categories": "crossings_lacking_kerbs", "issue_ids": "[1]", "osm_url": "https://www.openstreetmap.org/way/1301674024", "josm_url": "http://127.0.0.1:8111/load_object?new_layer=false&objects=w1301674024", "id_url": "https://www.openstreetmap.org/edit?editor=id&way=1301674024#map=20/59.9130653/10.7199576"}}, {"type": "Feature", "geometry": {"type": "Point", "coordinates": [10.7214323, 59.9119399]}, "properties": {"id": 1301674027, "feat_type": "way", "quality_categories": "crossings_lacking_kerbs", "issue_ids": "[1]", "osm_url": "https://www.openstreetmap.org/way/1301674027", "josm_url": "http://127.0.0.1:8111/load_object?new_layer=false&objects=w1301674027", "id_url": "https://www.openstreetmap.org/edit?editor=id&way=1301674027#map=20/59.9119399/10.7214323"}}, {"type": "Feature", "geometry": {"type": "Point", "coordinates": [10.7202096, 59.9119681]}, "properties": {"id": 1301674029, "feat_type": "way", "quality_categories": "crossings_lacking_kerbs", "issue_ids": "[1]", "osm_url": "https://www.openstreetmap.org/way/1301674029", "josm_url": "http://127.0.0.1:8111/load_object?new_layer=false&objects=w1301674029", "id_url": "https://www.openstreetmap.org/edit?editor=id&way=1301674029#map=20/59.9119681/10.7202096"}}, {"type": "Feature", "geometry": {"type": "Point", "coordinates": [10.7211264, 59.9126891]}, "properties": {"id": 1301674034, "feat_type": "way", "quality_categories": "crossings_lacking_kerbs", "issue_ids": "[1]", "osm_url": "https://www.openstreetmap.org/way/1301674034", "josm_url": "http://127.0.0.1:8111/load_object?new_layer=false&objects=w1301674034", "id_url": "https://www.openstreetmap.org/edit?editor=id&way=1301674034#map=20/59.9126891/10.7211264"}}, {"type": "Feature", "geometry": {"type": "Point", "coordinates": [10.7249079, 59.9124348]}, "properties": {"id": 1301674036, "feat_type": "way", "quality_categories": "crossings_lacking_kerbs", "issue_ids": "[1]", "osm_url": "https://www.openstreetmap.org/way/1301674036", "josm_url": "http://127.0.0.1:8111/load_object?new_layer=false&objects=w1301674036", "id_url": "https://www.openstreetmap.org/edit?editor=id&way=1301674036#map=20/59.9124348/10.7249079"}}, {"type": "Feature", "geometry": {"type": "Point", "coordinates": [10.7203561, 59.9168332]}, "properties": {"id": 1302320108, "feat_type": "way", "quality_categories": "crossings_lacking_kerbs", "issue_ids": "[1]", "osm_url": "https://www.openstreetmap.org/way/1302320108", "josm_url": "http://127.0.0.1:8111/load_object?new_layer=false&objects=w1302320108", "id_url": "https://www.openstreetmap.org/edit?editor=id&way=1302320108#map=20/59.9168332/10.7203561"}}, {"type": "Feature", "geometry": {"type": "Point", "coordinates": [10.7100991, 59.9099112]}, "properties": {"id": 1302364227, "feat_type": "way", "quality_categories": "crossings_lacking_kerbs", "issue_ids": "[1]", "osm_url": "https://www.openstreetmap.org/way/1302364227", "josm_url": "http://127.0.0.1:8111/load_object?new_layer=false&objects=w1302364227", "id_url": "https://www.openstreetmap.org/edit?editor=id&way=1302364227#map=20/59.9099112/10.7100991"}}, {"type": "Feature", "geometry": {"type": "Point", "coordinates": [10.6932968, 59.9181396]}, "properties": {"id": 1302367062, "feat_type": "way", "quality_categories": "crossings_lacking_kerbs", "issue_ids": "[1]", "osm_url": "https://www.openstreetmap.org/way/1302367062", "josm_url": "http://127.0.0.1:8111/load_object?new_layer=false&objects=w1302367062", "id_url": "https://www.openstreetmap.org/edit?editor=id&way=1302367062#map=20/59.9181396/10.6932968"}}, {"type": "Feature", "geometry": {"type": "Point", "coordinates": [10.693145, 59.9181168]}, "properties": {"id": 1302367063, "feat_type": "way", "quality_categories": "crossings_lacking_kerbs", "issue_ids": "[1]", "osm_url": "https://www.openstreetmap.org/way/1302367063", "josm_url": "http://127.0.0.1:8111/load_object?new_layer=false&objects=w1302367063", "id_url": "https://www.openstreetmap.org/edit?editor=id&way=1302367063#map=20/59.9181168/10.693145"}}, {"type": "Feature", "geometry": {"type": "Point", "coordinates": [10.6937479, 59.9171182]}, "properties": {"id": 1302367069, "feat_type": "way", "quality_categories": "crossings_lacking_kerbs", "issue_ids": "[1]", "osm_url": "https://www.openstreetmap.org/way/1302367069", "josm_url": "http://127.0.0.1:8111/load_object?new_layer=false&objects=w1302367069", "id_url": "https://www.openstreetmap.org/edit?editor=id&way=1302367069#map=20/59.9171182/10.6937479"}}, {"type": "Feature", "geometry": {"type": "Point", "coordinates": [10.7087132, 59.9124279]}, "properties": {"id": 1302456449, "feat_type": "way", "quality_categories": "crossings_lacking_kerbs", "issue_ids": "[1]", "osm_url": "https://www.openstreetmap.org/way/1302456449", "josm_url": "http://127.0.0.1:8111/load_object?new_layer=false&objects=w1302456449", "id_url": "https://www.openstreetmap.org/edit?editor=id&way=1302456449#map=20/59.9124279/10.7087132"}}, {"type": "Feature", "geometry": {"type": "Point", "coordinates": [10.7085772, 59.9123959]}, "properties": {"id": 1302456450, "feat_type": "way", "quality_categories": "crossings_lacking_kerbs", "issue_ids": "[1]", "osm_url": "https://www.openstreetmap.org/way/1302456450", "josm_url": "http://127.0.0.1:8111/load_object?new_layer=false&objects=w1302456450", "id_url": "https://www.openstreetmap.org/edit?editor=id&way=1302456450#map=20/59.9123959/10.7085772"}}, {"type": "Feature", "geometry": {"type": "Point", "coordinates": [10.709918, 59.911232]}, "properties": {"id": 1302456451, "feat_type": "way", "quality_categories": "crossings_lacking_kerbs", "issue_ids": "[1]", "osm_url": "https://www.openstreetmap.org/way/1302456451", "josm_url": "http://127.0.0.1:8111/load_object?new_layer=false&objects=w1302456451", "id_url": "https://www.openstreetmap.org/edit?editor=id&way=1302456451#map=20/59.911232/10.709918"}}, {"type": "Feature", "geometry": {"type": "Point", "coordinates": [10.7102606, 59.9114734]}, "properties": {"id": 1302456452, "feat_type": "way", "quality_categories": "crossings_lacking_kerbs", "issue_ids": "[1]", "osm_url": "https://www.openstreetmap.org/way/1302456452", "josm_url": "http://127.0.0.1:8111/load_object?new_layer=false&objects=w1302456452", "id_url": "https://www.openstreetmap.org/edit?editor=id&way=1302456452#map=20/59.9114734/10.7102606"}}, {"type": "Feature", "geometry": {"type": "Point", "coordinates": [10.7167562, 59.9221337]}, "properties": {"id": 1302797302, "feat_type": "way", "quality_categories": "crossings_lacking_kerbs", "issue_ids": "[1]", "osm_url": "https://www.openstreetmap.org/way/1302797302", "josm_url": "http://127.0.0.1:8111/load_object?new_layer=false&objects=w1302797302", "id_url": "https://www.openstreetmap.org/edit?editor=id&way=1302797302#map=20/59.9221337/10.7167562"}}, {"type": "Feature", "geometry": {"type": "Point", "coordinates": [10.7276174, 59.9244501]}, "properties": {"id": 1302797304, "feat_type": "way", "quality_categories": "crossings_lacking_kerbs", "issue_ids": "[1]", "osm_url": "https://www.openstreetmap.org/way/1302797304", "josm_url": "http://127.0.0.1:8111/load_object?new_layer=false&objects=w1302797304", "id_url": "https://www.openstreetmap.org/edit?editor=id&way=1302797304#map=20/59.9244501/10.7276174"}}, {"type": "Feature", "geometry": {"type": "Point", "coordinates": [10.7321552, 59.920021]}, "properties": {"id": 1302797308, "feat_type": "way", "quality_categories": "crossings_lacking_kerbs", "issue_ids": "[1]", "osm_url": "https://www.openstreetmap.org/way/1302797308", "josm_url": "http://127.0.0.1:8111/load_object?new_layer=false&objects=w1302797308", "id_url": "https://www.openstreetmap.org/edit?editor=id&way=1302797308#map=20/59.920021/10.7321552"}}, {"type": "Feature", "geometry": {"type": "Point", "coordinates": [10.7307455, 59.9209929]}, "properties": {"id": 1302798575, "feat_type": "way", "quality_categories": "crossings_lacking_kerbs", "issue_ids": "[1]", "osm_url": "https://www.openstreetmap.org/way/1302798575", "josm_url": "http://127.0.0.1:8111/load_object?new_layer=false&objects=w1302798575", "id_url": "https://www.openstreetmap.org/edit?editor=id&way=1302798575#map=20/59.9209929/10.7307455"}}, {"type": "Feature", "geometry": {"type": "Point", "coordinates": [10.7234166, 59.9329876]}, "properties": {"id": 1304709543, "feat_type": "way", "quality_categories": "crossings_lacking_kerbs", "issue_ids": "[1]", "osm_url": "https://www.openstreetmap.org/way/1304709543", "josm_url": "http://127.0.0.1:8111/load_object?new_layer=false&objects=w1304709543", "id_url": "https://www.openstreetmap.org/edit?editor=id&way=1304709543#map=20/59.9329876/10.7234166"}}, {"type": "Feature", "geometry": {"type": "Point", "coordinates": [10.8155369, 59.9000714]}, "properties": {"id": 1313810313, "feat_type": "way", "quality_categories": "crossings_lacking_kerbs", "issue_ids": "[1]", "osm_url": "https://www.openstreetmap.org/way/1313810313", "josm_url": "http://127.0.0.1:8111/load_object?new_layer=false&objects=w1313810313", "id_url": "https://www.openstreetmap.org/edit?editor=id&way=1313810313#map=20/59.9000714/10.8155369"}}, {"type": "Feature", "geometry": {"type": "Point", "coordinates": [10.7730976, 59.9435628]}, "properties": {"id": 1315332501, "feat_type": "way", "quality_categories": "crossings_lacking_kerbs", "issue_ids": "[1]", "osm_url": "https://www.openstreetmap.org/way/1315332501", "josm_url": "http://127.0.0.1:8111/load_object?new_layer=false&objects=w1315332501", "id_url": "https://www.openstreetmap.org/edit?editor=id&way=1315332501#map=20/59.9435628/10.7730976"}}, {"type": "Feature", "geometry": {"type": "Point", "coordinates": [10.816065, 59.8857836]}, "properties": {"id": 1315974767, "feat_type": "way", "quality_categories": "crossings_lacking_kerbs", "issue_ids": "[1]", "osm_url": "https://www.openstreetmap.org/way/1315974767", "josm_url": "http://127.0.0.1:8111/load_object?new_layer=false&objects=w1315974767", "id_url": "https://www.openstreetmap.org/edit?editor=id&way=1315974767#map=20/59.8857836/10.816065"}}, {"type": "Feature", "geometry": {"type": "Point", "coordinates": [10.818339, 59.8844902]}, "properties": {"id": 1315974769, "feat_type": "way", "quality_categories": "crossings_lacking_kerbs", "issue_ids": "[1]", "osm_url": "https://www.openstreetmap.org/way/1315974769", "josm_url": "http://127.0.0.1:8111/load_object?new_layer=false&objects=w1315974769", "id_url": "https://www.openstreetmap.org/edit?editor=id&way=1315974769#map=20/59.8844902/10.818339"}}, {"type": "Feature", "geometry": {"type": "Point", "coordinates": [10.8204763, 59.883207]}, "properties": {"id": 1315974770, "feat_type": "way", "quality_categories": "crossings_lacking_kerbs", "issue_ids": "[1]", "osm_url": "https://www.openstreetmap.org/way/1315974770", "josm_url": "http://127.0.0.1:8111/load_object?new_layer=false&objects=w1315974770", "id_url": "https://www.openstreetmap.org/edit?editor=id&way=1315974770#map=20/59.883207/10.8204763"}}, {"type": "Feature", "geometry": {"type": "Point", "coordinates": [10.9197242, 59.96146]}, "properties": {"id": 1318612000, "feat_type": "way", "quality_categories": "crossings_lacking_kerbs", "issue_ids": "[1]", "osm_url": "https://www.openstreetmap.org/way/1318612000", "josm_url": "http://127.0.0.1:8111/load_object?new_layer=false&objects=w1318612000", "id_url": "https://www.openstreetmap.org/edit?editor=id&way=1318612000#map=20/59.96146/10.9197242"}}, {"type": "Feature", "geometry": {"type": "Point", "coordinates": [10.8138632, 59.8885951]}, "properties": {"id": 1331906051, "feat_type": "way", "quality_categories": "crossings_lacking_kerbs", "issue_ids": "[1]", "osm_url": "https://www.openstreetmap.org/way/1331906051", "josm_url": "http://127.0.0.1:8111/load_object?new_layer=false&objects=w1331906051", "id_url": "https://www.openstreetmap.org/edit?editor=id&way=1331906051#map=20/59.8885951/10.8138632"}}, {"type": "Feature", "geometry": {"type": "Point", "coordinates": [10.8145471, 59.8877944]}, "properties": {"id": 1331906053, "feat_type": "way", "quality_categories": "crossings_lacking_kerbs", "issue_ids": "[1]", "osm_url": "https://www.openstreetmap.org/way/1331906053", "josm_url": "http://127.0.0.1:8111/load_object?new_layer=false&objects=w1331906053", "id_url": "https://www.openstreetmap.org/edit?editor=id&way=1331906053#map=20/59.8877944/10.8145471"}}, {"type": "Feature", "geometry": {"type": "Point", "coordinates": [10.8185657, 59.8842828]}, "properties": {"id": 1331906055, "feat_type": "way", "quality_categories": "crossings_lacking_kerbs", "issue_ids": "[1]", "osm_url": "https://www.openstreetmap.org/way/1331906055", "josm_url": "http://127.0.0.1:8111/load_object?new_layer=false&objects=w1331906055", "id_url": "https://www.openstreetmap.org/edit?editor=id&way=1331906055#map=20/59.8842828/10.8185657"}}, {"type": "Feature", "geometry": {"type": "Point", "coordinates": [10.8283781, 59.8764585]}, "properties": {"id": 1331906059, "feat_type": "way", "quality_categories": "crossings_lacking_kerbs", "issue_ids": "[1]", "osm_url": "https://www.openstreetmap.org/way/1331906059", "josm_url": "http://127.0.0.1:8111/load_object?new_layer=false&objects=w1331906059", "id_url": "https://www.openstreetmap.org/edit?editor=id&way=1331906059#map=20/59.8764585/10.8283781"}}, {"type": "Feature", "geometry": {"type": "Point", "coordinates": [10.8282473, 59.8758007]}, "properties": {"id": 1331906061, "feat_type": "way", "quality_categories": "crossings_lacking_kerbs", "issue_ids": "[1]", "osm_url": "https://www.openstreetmap.org/way/1331906061", "josm_url": "http://127.0.0.1:8111/load_object?new_layer=false&objects=w1331906061", "id_url": "https://www.openstreetmap.org/edit?editor=id&way=1331906061#map=20/59.8758007/10.8282473"}}, {"type": "Feature", "geometry": {"type": "Point", "coordinates": [10.8375885, 59.8506314]}, "properties": {"id": 1352064456, "feat_type": "way", "quality_categories": "crossings_lacking_kerbs", "issue_ids": "[1]", "osm_url": "https://www.openstreetmap.org/way/1352064456", "josm_url": "http://127.0.0.1:8111/load_object?new_layer=false&objects=w1352064456", "id_url": "https://www.openstreetmap.org/edit?editor=id&way=1352064456#map=20/59.8506314/10.8375885"}}, {"type": "Feature", "geometry": {"type": "Point", "coordinates": [10.837616, 59.8505658]}, "properties": {"id": 1352064457, "feat_type": "way", "quality_categories": "crossings_lacking_kerbs", "issue_ids": "[1]", "osm_url": "https://www.openstreetmap.org/way/1352064457", "josm_url": "http://127.0.0.1:8111/load_object?new_layer=false&objects=w1352064457", "id_url": "https://www.openstreetmap.org/edit?editor=id&way=1352064457#map=20/59.8505658/10.837616"}}, {"type": "Feature", "geometry": {"type": "Point", "coordinates": [10.7184666, 59.9475448]}, "properties": {"id": 1374130892, "feat_type": "way", "quality_categories": "crossings_lacking_kerbs", "issue_ids": "[1]", "osm_url": "https://www.openstreetmap.org/way/1374130892", "josm_url": "http://127.0.0.1:8111/load_object?new_layer=false&objects=w1374130892", "id_url": "https://www.openstreetmap.org/edit?editor=id&way=1374130892#map=20/59.9475448/10.7184666"}}, {"type": "Feature", "geometry": {"type": "Point", "coordinates": [10.7986633, 59.8714842]}, "properties": {"id": 1383951312, "feat_type": "way", "quality_categories": "crossings_lacking_kerbs", "issue_ids": "[1]", "osm_url": "https://www.openstreetmap.org/way/1383951312", "josm_url": "http://127.0.0.1:8111/load_object?new_layer=false&objects=w1383951312", "id_url": "https://www.openstreetmap.org/edit?editor=id&way=1383951312#map=20/59.8714842/10.7986633"}}, {"type": "Feature", "geometry": {"type": "Point", "coordinates": [10.7951473, 59.8709054]}, "properties": {"id": 1383951314, "feat_type": "way", "quality_categories": "crossings_lacking_kerbs", "issue_ids": "[1]", "osm_url": "https://www.openstreetmap.org/way/1383951314", "josm_url": "http://127.0.0.1:8111/load_object?new_layer=false&objects=w1383951314", "id_url": "https://www.openstreetmap.org/edit?editor=id&way=1383951314#map=20/59.8709054/10.7951473"}}, {"type": "Feature", "geometry": {"type": "Point", "coordinates": [10.7448909, 59.9266296]}, "properties": {"id": 1392189462, "feat_type": "way", "quality_categories": "crossings_lacking_kerbs", "issue_ids": "[1]", "osm_url": "https://www.openstreetmap.org/way/1392189462", "josm_url": "http://127.0.0.1:8111/load_object?new_layer=false&objects=w1392189462", "id_url": "https://www.openstreetmap.org/edit?editor=id&way=1392189462#map=20/59.9266296/10.7448909"}}, {"type": "Feature", "geometry": {"type": "Point", "coordinates": [10.7792711, 59.9111815]}, "properties": {"id": 1393662096, "feat_type": "way", "quality_categories": "crossings_lacking_kerbs", "issue_ids": "[1]", "osm_url": "https://www.openstreetmap.org/way/1393662096", "josm_url": "http://127.0.0.1:8111/load_object?new_layer=false&objects=w1393662096", "id_url": "https://www.openstreetmap.org/edit?editor=id&way=1393662096#map=20/59.9111815/10.7792711"}}, {"type": "Feature", "geometry": {"type": "Point", "coordinates": [10.8121295, 59.8675595]}, "properties": {"id": 1410873043, "feat_type": "way", "quality_categories": "crossings_lacking_kerbs", "issue_ids": "[1]", "osm_url": "https://www.openstreetmap.org/way/1410873043", "josm_url": "http://127.0.0.1:8111/load_object?new_layer=false&objects=w1410873043", "id_url": "https://www.openstreetmap.org/edit?editor=id&way=1410873043#map=20/59.8675595/10.8121295"}}, {"type": "Feature", "geometry": {"type": "Point", "coordinates": [10.8091971, 59.8638829]}, "properties": {"id": 1410873054, "feat_type": "way", "quality_categories": "crossings_lacking_kerbs", "issue_ids": "[1]", "osm_url": "https://www.openstreetmap.org/way/1410873054", "josm_url": "http://127.0.0.1:8111/load_object?new_layer=false&objects=w1410873054", "id_url": "https://www.openstreetmap.org/edit?editor=id&way=1410873054#map=20/59.8638829/10.8091971"}}, {"type": "Feature", "geometry": {"type": "Point", "coordinates": [10.6772317, 59.9231631]}, "properties": {"id": 1411377170, "feat_type": "way", "quality_categories": "crossings_lacking_kerbs", "issue_ids": "[1]", "osm_url": "https://www.openstreetmap.org/way/1411377170", "josm_url": "http://127.0.0.1:8111/load_object?new_layer=false&objects=w1411377170", "id_url": "https://www.openstreetmap.org/edit?editor=id&way=1411377170#map=20/59.9231631/10.6772317"}}, {"type": "Feature", "geometry": {"type": "Point", "coordinates": [10.6757736, 59.9239693]}, "properties": {"id": 1411377171, "feat_type": "way", "quality_categories": "crossings_lacking_kerbs", "issue_ids": "[1]", "osm_url": "https://www.openstreetmap.org/way/1411377171", "josm_url": "http://127.0.0.1:8111/load_object?new_layer=false&objects=w1411377171", "id_url": "https://www.openstreetmap.org/edit?editor=id&way=1411377171#map=20/59.9239693/10.6757736"}}, {"type": "Feature", "geometry": {"type": "Point", "coordinates": [10.6885556, 59.9050839]}, "properties": {"id": 1412259788, "feat_type": "way", "quality_categories": "crossings_lacking_kerbs", "issue_ids": "[1]", "osm_url": "https://www.openstreetmap.org/way/1412259788", "josm_url": "http://127.0.0.1:8111/load_object?new_layer=false&objects=w1412259788", "id_url": "https://www.openstreetmap.org/edit?editor=id&way=1412259788#map=20/59.9050839/10.6885556"}}, {"type": "Feature", "geometry": {"type": "Point", "coordinates": [10.688708, 59.9051344]}, "properties": {"id": 1412259789, "feat_type": "way", "quality_categories": "crossings_lacking_kerbs", "issue_ids": "[1]", "osm_url": "https://www.openstreetmap.org/way/1412259789", "josm_url": "http://127.0.0.1:8111/load_object?new_layer=false&objects=w1412259789", "id_url": "https://www.openstreetmap.org/edit?editor=id&way=1412259789#map=20/59.9051344/10.688708"}}, {"type": "Feature", "geometry": {"type": "Point", "coordinates": [10.6886726, 59.9050713]}, "properties": {"id": 1412259790, "feat_type": "way", "quality_categories": "crossings_lacking_kerbs", "issue_ids": "[1]", "osm_url": "https://www.openstreetmap.org/way/1412259790", "josm_url": "http://127.0.0.1:8111/load_object?new_layer=false&objects=w1412259790", "id_url": "https://www.openstreetmap.org/edit?editor=id&way=1412259790#map=20/59.9050713/10.6886726"}}, {"type": "Feature", "geometry": {"type": "Point", "coordinates": [10.6885177, 59.9051909]}, "properties": {"id": 1412259791, "feat_type": "way", "quality_categories": "crossings_lacking_kerbs", "issue_ids": "[1]", "osm_url": "https://www.openstreetmap.org/way/1412259791", "josm_url": "http://127.0.0.1:8111/load_object?new_layer=false&objects=w1412259791", "id_url": "https://www.openstreetmap.org/edit?editor=id&way=1412259791#map=20/59.9051909/10.6885177"}}, {"type": "Feature", "geometry": {"type": "Point", "coordinates": [10.819951, 59.8729829]}, "properties": {"id": 1418764411, "feat_type": "way", "quality_categories": "crossings_lacking_kerbs", "issue_ids": "[1]", "osm_url": "https://www.openstreetmap.org/way/1418764411", "josm_url": "http://127.0.0.1:8111/load_object?new_layer=false&objects=w1418764411", "id_url": "https://www.openstreetmap.org/edit?editor=id&way=1418764411#map=20/59.8729829/10.819951"}}, {"type": "Feature", "geometry": {"type": "Point", "coordinates": [10.8492331, 59.9027423]}, "properties": {"id": 1444273992, "feat_type": "way", "quality_categories": "crossings_lacking_kerbs", "issue_ids": "[1]", "osm_url": "https://www.openstreetmap.org/way/1444273992", "josm_url": "http://127.0.0.1:8111/load_object?new_layer=false&objects=w1444273992", "id_url": "https://www.openstreetmap.org/edit?editor=id&way=1444273992#map=20/59.9027423/10.8492331"}}, {"type": "Feature", "geometry": {"type": "Point", "coordinates": [10.728979, 59.9242806]}, "properties": {"id": 1465801657, "feat_type": "way", "quality_categories": "crossings_lacking_kerbs", "issue_ids": "[1]", "osm_url": "https://www.openstreetmap.org/way/1465801657", "josm_url": "http://127.0.0.1:8111/load_object?new_layer=false&objects=w1465801657", "id_url": "https://www.openstreetmap.org/edit?editor=id&way=1465801657#map=20/59.9242806/10.728979"}}, {"type": "Feature", "geometry": {"type": "Point", "coordinates": [10.6382301, 59.9166313]}, "properties": {"id": 1465801660, "feat_type": "way", "quality_categories": "crossings_lacking_kerbs", "issue_ids": "[1]", "osm_url": "https://www.openstreetmap.org/way/1465801660", "josm_url": "http://127.0.0.1:8111/load_object?new_layer=false&objects=w1465801660", "id_url": "https://www.openstreetmap.org/edit?editor=id&way=1465801660#map=20/59.9166313/10.6382301"}}, {"type": "Feature", "geometry": {"type": "Point", "coordinates": [10.7784753, 59.9511885]}, "properties": {"id": 1485288367, "feat_type": "way", "quality_categories": "crossings_lacking_kerbs", "issue_ids": "[1]", "osm_url": "https://www.openstreetmap.org/way/1485288367", "josm_url": "http://127.0.0.1:8111/load_object?new_layer=false&objects=w1485288367", "id_url": "https://www.openstreetmap.org/edit?editor=id&way=1485288367#map=20/59.9511885/10.7784753"}}, {"type": "Feature", "geometry": {"type": "Point", "coordinates": [10.8009301, 59.9290059]}, "properties": {"id": 1487650259, "feat_type": "way", "quality_categories": "crossings_lacking_kerbs", "issue_ids": "[1]", "osm_url": "https://www.openstreetmap.org/way/1487650259", "josm_url": "http://127.0.0.1:8111/load_object?new_layer=false&objects=w1487650259", "id_url": "https://www.openstreetmap.org/edit?editor=id&way=1487650259#map=20/59.9290059/10.8009301"}}, {"type": "Feature", "geometry": {"type": "Point", "coordinates": [10.6549612, 59.9237523]}, "properties": {"id": 1498125735, "feat_type": "way", "quality_categories": "crossings_lacking_kerbs", "issue_ids": "[1]", "osm_url": "https://www.openstreetmap.org/way/1498125735", "josm_url": "http://127.0.0.1:8111/load_object?new_layer=false&objects=w1498125735", "id_url": "https://www.openstreetmap.org/edit?editor=id&way=1498125735#map=20/59.9237523/10.6549612"}}, {"type": "Feature", "geometry": {"type": "Point", "coordinates": [10.7117466, 59.9297542]}, "properties": {"id": 1498302648, "feat_type": "way", "quality_categories": "crossings_lacking_kerbs", "issue_ids": "[1]", "osm_url": "https://www.openstreetmap.org/way/1498302648", "josm_url": "http://127.0.0.1:8111/load_object?new_layer=false&objects=w1498302648", "id_url": "https://www.openstreetmap.org/edit?editor=id&way=1498302648#map=20/59.9297542/10.7117466"}}, {"type": "Feature", "geometry": {"type": "Point", "coordinates": [10.6735381, 59.9418037]}, "properties": {"id": 1510450821, "feat_type": "way", "quality_categories": "crossings_lacking_kerbs", "issue_ids": "[1]", "osm_url": "https://www.openstreetmap.org/way/1510450821", "josm_url": "http://127.0.0.1:8111/load_object?new_layer=false&objects=w1510450821", "id_url": "https://www.openstreetmap.org/edit?editor=id&way=1510450821#map=20/59.9418037/10.6735381"}}, {"type": "Feature", "geometry": {"type": "Point", "coordinates": [10.9259512, 59.9509988]}, "properties": {"id": 1528708943, "feat_type": "way", "quality_categories": "crossings_lacking_kerbs", "issue_ids": "[1]", "osm_url": "https://www.openstreetmap.org/way/1528708943", "josm_url": "http://127.0.0.1:8111/load_object?new_layer=false&objects=w1528708943", "id_url": "https://www.openstreetmap.org/edit?editor=id&way=1528708943#map=20/59.9509988/10.9259512"}}, {"type": "Feature", "geometry": {"type": "Point", "coordinates": [10.745765, 59.9061403]}, "properties": {"id": 1529024013, "feat_type": "way", "quality_categories": "crossings_lacking_kerbs", "issue_ids": "[1]", "osm_url": "https://www.openstreetmap.org/way/1529024013", "josm_url": "http://127.0.0.1:8111/load_object?new_layer=false&objects=w1529024013", "id_url": "https://www.openstreetmap.org/edit?editor=id&way=1529024013#map=20/59.9061403/10.745765"}}, {"type": "Feature", "geometry": {"type": "Point", "coordinates": [10.7503446, 59.9089455]}, "properties": {"id": 1529024028, "feat_type": "way", "quality_categories": "crossings_lacking_kerbs", "issue_ids": "[1]", "osm_url": "https://www.openstreetmap.org/way/1529024028", "josm_url": "http://127.0.0.1:8111/load_object?new_layer=false&objects=w1529024028", "id_url": "https://www.openstreetmap.org/edit?editor=id&way=1529024028#map=20/59.9089455/10.7503446"}}, {"type": "Feature", "geometry": {"type": "Point", "coordinates": [10.7502663, 59.9088646]}, "properties": {"id": 1529024029, "feat_type": "way", "quality_categories": "crossings_lacking_kerbs", "issue_ids": "[1]", "osm_url": "https://www.openstreetmap.org/way/1529024029", "josm_url": "http://127.0.0.1:8111/load_object?new_layer=false&objects=w1529024029", "id_url": "https://www.openstreetmap.org/edit?editor=id&way=1529024029#map=20/59.9088646/10.7502663"}}, {"type": "Feature", "geometry": {"type": "Point", "coordinates": [10.759699, 59.9076003]}, "properties": {"id": 1532826110, "feat_type": "way", "quality_categories": "crossings_lacking_kerbs", "issue_ids": "[1]", "osm_url": "https://www.openstreetmap.org/way/1532826110", "josm_url": "http://127.0.0.1:8111/load_object?new_layer=false&objects=w1532826110", "id_url": "https://www.openstreetmap.org/edit?editor=id&way=1532826110#map=20/59.9076003/10.759699"}}, {"type": "Feature", "geometry": {"type": "Point", "coordinates": [10.7624048, 59.9068623]}, "properties": {"id": 1532835243, "feat_type": "way", "quality_categories": "crossings_lacking_kerbs", "issue_ids": "[1]", "osm_url": "https://www.openstreetmap.org/way/1532835243", "josm_url": "http://127.0.0.1:8111/load_object?new_layer=false&objects=w1532835243", "id_url": "https://www.openstreetmap.org/edit?editor=id&way=1532835243#map=20/59.9068623/10.7624048"}}, {"type": "Feature", "geometry": {"type": "Point", "coordinates": [10.7622734, 59.9066787]}, "properties": {"id": 1532835244, "feat_type": "way", "quality_categories": "crossings_lacking_kerbs", "issue_ids": "[1]", "osm_url": "https://www.openstreetmap.org/way/1532835244", "josm_url": "http://127.0.0.1:8111/load_object?new_layer=false&objects=w1532835244", "id_url": "https://www.openstreetmap.org/edit?editor=id&way=1532835244#map=20/59.9066787/10.7622734"}}, {"type": "Feature", "geometry": {"type": "Point", "coordinates": [10.7665493, 59.911967]}, "properties": {"id": 1533324673, "feat_type": "way", "quality_categories": "crossings_lacking_kerbs", "issue_ids": "[1]", "osm_url": "https://www.openstreetmap.org/way/1533324673", "josm_url": "http://127.0.0.1:8111/load_object?new_layer=false&objects=w1533324673", "id_url": "https://www.openstreetmap.org/edit?editor=id&way=1533324673#map=20/59.911967/10.7665493"}}, {"type": "Feature", "geometry": {"type": "Point", "coordinates": [10.7663144, 59.9120678]}, "properties": {"id": 1533324674, "feat_type": "way", "quality_categories": "crossings_lacking_kerbs", "issue_ids": "[1]", "osm_url": "https://www.openstreetmap.org/way/1533324674", "josm_url": "http://127.0.0.1:8111/load_object?new_layer=false&objects=w1533324674", "id_url": "https://www.openstreetmap.org/edit?editor=id&way=1533324674#map=20/59.9120678/10.7663144"}}, {"type": "Feature", "geometry": {"type": "Point", "coordinates": [10.7566457, 59.9136194]}, "properties": {"id": 1533324692, "feat_type": "way", "quality_categories": "crossings_lacking_kerbs", "issue_ids": "[1]", "osm_url": "https://www.openstreetmap.org/way/1533324692", "josm_url": "http://127.0.0.1:8111/load_object?new_layer=false&objects=w1533324692", "id_url": "https://www.openstreetmap.org/edit?editor=id&way=1533324692#map=20/59.9136194/10.7566457"}}, {"type": "Feature", "geometry": {"type": "Point", "coordinates": [10.760495, 59.9049539]}, "properties": {"id": 1534285986, "feat_type": "way", "quality_categories": "crossings_lacking_kerbs", "issue_ids": "[1]", "osm_url": "https://www.openstreetmap.org/way/1534285986", "josm_url": "http://127.0.0.1:8111/load_object?new_layer=false&objects=w1534285986", "id_url": "https://www.openstreetmap.org/edit?editor=id&way=1534285986#map=20/59.9049539/10.760495"}}, {"type": "Feature", "geometry": {"type": "Point", "coordinates": [10.762286, 59.9066947]}, "properties": {"id": 1534285998, "feat_type": "way", "quality_categories": "crossings_lacking_kerbs", "issue_ids": "[1]", "osm_url": "https://www.openstreetmap.org/way/1534285998", "josm_url": "http://127.0.0.1:8111/load_object?new_layer=false&objects=w1534285998", "id_url": "https://www.openstreetmap.org/edit?editor=id&way=1534285998#map=20/59.9066947/10.762286"}}, {"type": "Feature", "geometry": {"type": "Point", "coordinates": [10.7623698, 59.9068138]}, "properties": {"id": 1534286000, "feat_type": "way", "quality_categories": "crossings_lacking_kerbs", "issue_ids": "[1]", "osm_url": "https://www.openstreetmap.org/way/1534286000", "josm_url": "http://127.0.0.1:8111/load_object?new_layer=false&objects=w1534286000", "id_url": "https://www.openstreetmap.org/edit?editor=id&way=1534286000#map=20/59.9068138/10.7623698"}}, {"type": "Feature", "geometry": {"type": "Point", "coordinates": [10.742447, 59.9050161]}, "properties": {"id": 1534973769, "feat_type": "way", "quality_categories": "crossings_lacking_kerbs", "issue_ids": "[1]", "osm_url": "https://www.openstreetmap.org/way/1534973769", "josm_url": "http://127.0.0.1:8111/load_object?new_layer=false&objects=w1534973769", "id_url": "https://www.openstreetmap.org/edit?editor=id&way=1534973769#map=20/59.9050161/10.742447"}}, {"type": "Feature", "geometry": {"type": "Point", "coordinates": [10.7423744, 59.9050365]}, "properties": {"id": 1534973770, "feat_type": "way", "quality_categories": "crossings_lacking_kerbs", "issue_ids": "[1]", "osm_url": "https://www.openstreetmap.org/way/1534973770", "josm_url": "http://127.0.0.1:8111/load_object?new_layer=false&objects=w1534973770", "id_url": "https://www.openstreetmap.org/edit?editor=id&way=1534973770#map=20/59.9050365/10.7423744"}}, {"type": "Feature", "geometry": {"type": "Point", "coordinates": [10.7408984, 59.9034673]}, "properties": {"id": 1534973772, "feat_type": "way", "quality_categories": "crossings_lacking_kerbs", "issue_ids": "[1]", "osm_url": "https://www.openstreetmap.org/way/1534973772", "josm_url": "http://127.0.0.1:8111/load_object?new_layer=false&objects=w1534973772", "id_url": "https://www.openstreetmap.org/edit?editor=id&way=1534973772#map=20/59.9034673/10.7408984"}}, {"type": "Feature", "geometry": {"type": "Point", "coordinates": [10.7408389, 59.9032934]}, "properties": {"id": 1534973773, "feat_type": "way", "quality_categories": "crossings_lacking_kerbs", "issue_ids": "[1]", "osm_url": "https://www.openstreetmap.org/way/1534973773", "josm_url": "http://127.0.0.1:8111/load_object?new_layer=false&objects=w1534973773", "id_url": "https://www.openstreetmap.org/edit?editor=id&way=1534973773#map=20/59.9032934/10.7408389"}}, {"type": "Feature", "geometry": {"type": "Point", "coordinates": [10.7401975, 59.9037326]}, "properties": {"id": 1534973776, "feat_type": "way", "quality_categories": "crossings_lacking_kerbs", "issue_ids": "[1]", "osm_url": "https://www.openstreetmap.org/way/1534973776", "josm_url": "http://127.0.0.1:8111/load_object?new_layer=false&objects=w1534973776", "id_url": "https://www.openstreetmap.org/edit?editor=id&way=1534973776#map=20/59.9037326/10.7401975"}}, {"type": "Feature", "geometry": {"type": "Point", "coordinates": [10.7405065, 59.9037339]}, "properties": {"id": 1534973777, "feat_type": "way", "quality_categories": "crossings_lacking_kerbs", "issue_ids": "[1]", "osm_url": "https://www.openstreetmap.org/way/1534973777", "josm_url": "http://127.0.0.1:8111/load_object?new_layer=false&objects=w1534973777", "id_url": "https://www.openstreetmap.org/edit?editor=id&way=1534973777#map=20/59.9037339/10.7405065"}}, {"type": "Feature", "geometry": {"type": "Point", "coordinates": [10.7354746, 59.9064133]}, "properties": {"id": 1535013518, "feat_type": "way", "quality_categories": "crossings_lacking_kerbs", "issue_ids": "[1]", "osm_url": "https://www.openstreetmap.org/way/1535013518", "josm_url": "http://127.0.0.1:8111/load_object?new_layer=false&objects=w1535013518", "id_url": "https://www.openstreetmap.org/edit?editor=id&way=1535013518#map=20/59.9064133/10.7354746"}}, {"type": "Feature", "geometry": {"type": "Point", "coordinates": [10.797989, 59.8986902]}, "properties": {"id": 1547851531, "feat_type": "way", "quality_categories": "crossings_lacking_kerbs", "issue_ids": "[1]", "osm_url": "https://www.openstreetmap.org/way/1547851531", "josm_url": "http://127.0.0.1:8111/load_object?new_layer=false&objects=w1547851531", "id_url": "https://www.openstreetmap.org/edit?editor=id&way=1547851531#map=20/59.8986902/10.797989"}}, {"type": "Feature", "geometry": {"type": "Point", "coordinates": [10.7994119, 59.8976468]}, "properties": {"id": 1547851536, "feat_type": "way", "quality_categories": "crossings_lacking_kerbs", "issue_ids": "[1]", "osm_url": "https://www.openstreetmap.org/way/1547851536", "josm_url": "http://127.0.0.1:8111/load_object?new_layer=false&objects=w1547851536", "id_url": "https://www.openstreetmap.org/edit?editor=id&way=1547851536#map=20/59.8976468/10.7994119"}}, {"type": "Feature", "geometry": {"type": "Point", "coordinates": [10.802349, 59.8972847]}, "properties": {"id": 1547851539, "feat_type": "way", "quality_categories": "crossings_lacking_kerbs", "issue_ids": "[1]", "osm_url": "https://www.openstreetmap.org/way/1547851539", "josm_url": "http://127.0.0.1:8111/load_object?new_layer=false&objects=w1547851539", "id_url": "https://www.openstreetmap.org/edit?editor=id&way=1547851539#map=20/59.8972847/10.802349"}}, {"type": "Feature", "geometry": {"type": "Point", "coordinates": [10.7591244, 59.940449]}, "properties": {"id": 1548199229, "feat_type": "way", "quality_categories": "crossings_lacking_kerbs", "issue_ids": "[1]", "osm_url": "https://www.openstreetmap.org/way/1548199229", "josm_url": "http://127.0.0.1:8111/load_object?new_layer=false&objects=w1548199229", "id_url": "https://www.openstreetmap.org/edit?editor=id&way=1548199229#map=20/59.940449/10.7591244"}}, {"type": "Feature", "geometry": {"type": "Point", "coordinates": [10.7592758, 59.9404399]}, "properties": {"id": 1548199230, "feat_type": "way", "quality_categories": "crossings_lacking_kerbs", "issue_ids": "[1]", "osm_url": "https://www.openstreetmap.org/way/1548199230", "josm_url": "http://127.0.0.1:8111/load_object?new_layer=false&objects=w1548199230", "id_url": "https://www.openstreetmap.org/edit?editor=id&way=1548199230#map=20/59.9404399/10.7592758"}}, {"type": "Feature", "geometry": {"type": "Point", "coordinates": [10.7592238, 59.9399287]}, "properties": {"id": 1548199233, "feat_type": "way", "quality_categories": "crossings_lacking_kerbs", "issue_ids": "[1]", "osm_url": "https://www.openstreetmap.org/way/1548199233", "josm_url": "http://127.0.0.1:8111/load_object?new_layer=false&objects=w1548199233", "id_url": "https://www.openstreetmap.org/edit?editor=id&way=1548199233#map=20/59.9399287/10.7592238"}}, {"type": "Feature", "geometry": {"type": "Point", "coordinates": [10.7541099, 59.9400136]}, "properties": {"id": 1548199236, "feat_type": "way", "quality_categories": "crossings_lacking_kerbs", "issue_ids": "[1]", "osm_url": "https://www.openstreetmap.org/way/1548199236", "josm_url": "http://127.0.0.1:8111/load_object?new_layer=false&objects=w1548199236", "id_url": "https://www.openstreetmap.org/edit?editor=id&way=1548199236#map=20/59.9400136/10.7541099"}}, {"type": "Feature", "geometry": {"type": "Point", "coordinates": [10.7552221, 59.9396356]}, "properties": {"id": 1548199237, "feat_type": "way", "quality_categories": "crossings_lacking_kerbs", "issue_ids": "[1]", "osm_url": "https://www.openstreetmap.org/way/1548199237", "josm_url": "http://127.0.0.1:8111/load_object?new_layer=false&objects=w1548199237", "id_url": "https://www.openstreetmap.org/edit?editor=id&way=1548199237#map=20/59.9396356/10.7552221"}}, {"type": "Feature", "geometry": {"type": "Point", "coordinates": [10.75782, 59.938918]}, "properties": {"id": 1548199241, "feat_type": "way", "quality_categories": "crossings_lacking_kerbs", "issue_ids": "[1]", "osm_url": "https://www.openstreetmap.org/way/1548199241", "josm_url": "http://127.0.0.1:8111/load_object?new_layer=false&objects=w1548199241", "id_url": "https://www.openstreetmap.org/edit?editor=id&way=1548199241#map=20/59.938918/10.75782"}}, {"type": "Feature", "geometry": {"type": "Point", "coordinates": [10.7588541, 59.9393423]}, "properties": {"id": 1548199250, "feat_type": "way", "quality_categories": "crossings_lacking_kerbs", "issue_ids": "[1]", "osm_url": "https://www.openstreetmap.org/way/1548199250", "josm_url": "http://127.0.0.1:8111/load_object?new_layer=false&objects=w1548199250", "id_url": "https://www.openstreetmap.org/edit?editor=id&way=1548199250#map=20/59.9393423/10.7588541"}}, {"type": "Feature", "geometry": {"type": "Point", "coordinates": [10.7590983, 59.9393391]}, "properties": {"id": 1548199251, "feat_type": "way", "quality_categories": "crossings_lacking_kerbs", "issue_ids": "[1]", "osm_url": "https://www.openstreetmap.org/way/1548199251", "josm_url": "http://127.0.0.1:8111/load_object?new_layer=false&objects=w1548199251", "id_url": "https://www.openstreetmap.org/edit?editor=id&way=1548199251#map=20/59.9393391/10.7590983"}}, {"type": "Feature", "geometry": {"type": "Point", "coordinates": [10.7583637, 59.9391256]}, "properties": {"id": 1548199252, "feat_type": "way", "quality_categories": "crossings_lacking_kerbs", "issue_ids": "[1]", "osm_url": "https://www.openstreetmap.org/way/1548199252", "josm_url": "http://127.0.0.1:8111/load_object?new_layer=false&objects=w1548199252", "id_url": "https://www.openstreetmap.org/edit?editor=id&way=1548199252#map=20/59.9391256/10.7583637"}}, {"type": "Feature", "geometry": {"type": "Point", "coordinates": [10.7584107, 59.9389931]}, "properties": {"id": 1548199253, "feat_type": "way", "quality_categories": "crossings_lacking_kerbs", "issue_ids": "[1]", "osm_url": "https://www.openstreetmap.org/way/1548199253", "josm_url": "http://127.0.0.1:8111/load_object?new_layer=false&objects=w1548199253", "id_url": "https://www.openstreetmap.org/edit?editor=id&way=1548199253#map=20/59.9389931/10.7584107"}}, {"type": "Feature", "geometry": {"type": "Point", "coordinates": [10.7591679, 59.9389584]}, "properties": {"id": 1548199254, "feat_type": "way", "quality_categories": "crossings_lacking_kerbs", "issue_ids": "[1]", "osm_url": "https://www.openstreetmap.org/way/1548199254", "josm_url": "http://127.0.0.1:8111/load_object?new_layer=false&objects=w1548199254", "id_url": "https://www.openstreetmap.org/edit?editor=id&way=1548199254#map=20/59.9389584/10.7591679"}}, {"type": "Feature", "geometry": {"type": "Point", "coordinates": [10.7593406, 59.9390261]}, "properties": {"id": 1548199255, "feat_type": "way", "quality_categories": "crossings_lacking_kerbs", "issue_ids": "[1]", "osm_url": "https://www.openstreetmap.org/way/1548199255", "josm_url": "http://127.0.0.1:8111/load_object?new_layer=false&objects=w1548199255", "id_url": "https://www.openstreetmap.org/edit?editor=id&way=1548199255#map=20/59.9390261/10.7593406"}}, {"type": "Feature", "geometry": {"type": "Point", "coordinates": [10.7602793, 59.9375796]}, "properties": {"id": 1548199304, "feat_type": "way", "quality_categories": "crossings_lacking_kerbs", "issue_ids": "[1]", "osm_url": "https://www.openstreetmap.org/way/1548199304", "josm_url": "http://127.0.0.1:8111/load_object?new_layer=false&objects=w1548199304", "id_url": "https://www.openstreetmap.org/edit?editor=id&way=1548199304#map=20/59.9375796/10.7602793"}}, {"type": "Feature", "geometry": {"type": "Point", "coordinates": [10.7604915, 59.9376148]}, "properties": {"id": 1548199305, "feat_type": "way", "quality_categories": "crossings_lacking_kerbs", "issue_ids": "[1]", "osm_url": "https://www.openstreetmap.org/way/1548199305", "josm_url": "http://127.0.0.1:8111/load_object?new_layer=false&objects=w1548199305", "id_url": "https://www.openstreetmap.org/edit?editor=id&way=1548199305#map=20/59.9376148/10.7604915"}}, {"type": "Feature", "geometry": {"type": "Point", "coordinates": [10.7605127, 59.93728]}, "properties": {"id": 1548199308, "feat_type": "way", "quality_categories": "crossings_lacking_kerbs", "issue_ids": "[1]", "osm_url": "https://www.openstreetmap.org/way/1548199308", "josm_url": "http://127.0.0.1:8111/load_object?new_layer=false&objects=w1548199308", "id_url": "https://www.openstreetmap.org/edit?editor=id&way=1548199308#map=20/59.93728/10.7605127"}}, {"type": "Feature", "geometry": {"type": "Point", "coordinates": [10.9212801, 59.9474046]}, "properties": {"id": 1549259914, "feat_type": "way", "quality_categories": "crossings_lacking_kerbs", "issue_ids": "[1]", "osm_url": "https://www.openstreetmap.org/way/1549259914", "josm_url": "http://127.0.0.1:8111/load_object?new_layer=false&objects=w1549259914", "id_url": "https://www.openstreetmap.org/edit?editor=id&way=1549259914#map=20/59.9474046/10.9212801"}}, {"type": "Feature", "geometry": {"type": "Point", "coordinates": [10.9212801, 59.9474046]}, "properties": {"id": 1549259915, "feat_type": "way", "quality_categories": "crossings_lacking_kerbs", "issue_ids": "[1]", "osm_url": "https://www.openstreetmap.org/way/1549259915", "josm_url": "http://127.0.0.1:8111/load_object?new_layer=false&objects=w1549259915", "id_url": "https://www.openstreetmap.org/edit?editor=id&way=1549259915#map=20/59.9474046/10.9212801"}}, {"type": "Feature", "geometry": {"type": "Point", "coordinates": [10.9266048, 59.9475742]}, "properties": {"id": 1549259924, "feat_type": "way", "quality_categories": "crossings_lacking_kerbs", "issue_ids": "[1]", "osm_url": "https://www.openstreetmap.org/way/1549259924", "josm_url": "http://127.0.0.1:8111/load_object?new_layer=false&objects=w1549259924", "id_url": "https://www.openstreetmap.org/edit?editor=id&way=1549259924#map=20/59.9475742/10.9266048"}}, {"type": "Feature", "geometry": {"type": "Point", "coordinates": [10.9284549, 59.9471983]}, "properties": {"id": 1549259927, "feat_type": "way", "quality_categories": "crossings_lacking_kerbs", "issue_ids": "[1]", "osm_url": "https://www.openstreetmap.org/way/1549259927", "josm_url": "http://127.0.0.1:8111/load_object?new_layer=false&objects=w1549259927", "id_url": "https://www.openstreetmap.org/edit?editor=id&way=1549259927#map=20/59.9471983/10.9284549"}}, {"type": "Feature", "geometry": {"type": "Point", "coordinates": [10.9317972, 59.9466694]}, "properties": {"id": 1549259931, "feat_type": "way", "quality_categories": "crossings_lacking_kerbs", "issue_ids": "[1]", "osm_url": "https://www.openstreetmap.org/way/1549259931", "josm_url": "http://127.0.0.1:8111/load_object?new_layer=false&objects=w1549259931", "id_url": "https://www.openstreetmap.org/edit?editor=id&way=1549259931#map=20/59.9466694/10.9317972"}}, {"type": "Feature", "geometry": {"type": "Point", "coordinates": [10.9263232, 59.9476518]}, "properties": {"id": 1549259950, "feat_type": "way", "quality_categories": "crossings_lacking_kerbs", "issue_ids": "[1]", "osm_url": "https://www.openstreetmap.org/way/1549259950", "josm_url": "http://127.0.0.1:8111/load_object?new_layer=false&objects=w1549259950", "id_url": "https://www.openstreetmap.org/edit?editor=id&way=1549259950#map=20/59.9476518/10.9263232"}}, {"type": "Feature", "geometry": {"type": "Point", "coordinates": [10.9247493, 59.9419277]}, "properties": {"id": 1549259958, "feat_type": "way", "quality_categories": "crossings_lacking_kerbs", "issue_ids": "[1]", "osm_url": "https://www.openstreetmap.org/way/1549259958", "josm_url": "http://127.0.0.1:8111/load_object?new_layer=false&objects=w1549259958", "id_url": "https://www.openstreetmap.org/edit?editor=id&way=1549259958#map=20/59.9419277/10.9247493"}}, {"type": "Feature", "geometry": {"type": "Point", "coordinates": [10.9267844, 59.9447273]}, "properties": {"id": 1549259960, "feat_type": "way", "quality_categories": "crossings_lacking_kerbs", "issue_ids": "[1]", "osm_url": "https://www.openstreetmap.org/way/1549259960", "josm_url": "http://127.0.0.1:8111/load_object?new_layer=false&objects=w1549259960", "id_url": "https://www.openstreetmap.org/edit?editor=id&way=1549259960#map=20/59.9447273/10.9267844"}}, {"type": "Feature", "geometry": {"type": "Point", "coordinates": [10.7615064, 59.9109529]}, "properties": {"id": 1549774060, "feat_type": "way", "quality_categories": "crossings_lacking_kerbs", "issue_ids": "[1]", "osm_url": "https://www.openstreetmap.org/way/1549774060", "josm_url": "http://127.0.0.1:8111/load_object?new_layer=false&objects=w1549774060", "id_url": "https://www.openstreetmap.org/edit?editor=id&way=1549774060#map=20/59.9109529/10.7615064"}}, {"type": "Feature", "geometry": {"type": "Point", "coordinates": [10.7639789, 59.9098635]}, "properties": {"id": 1549774071, "feat_type": "way", "quality_categories": "crossings_lacking_kerbs", "issue_ids": "[1]", "osm_url": "https://www.openstreetmap.org/way/1549774071", "josm_url": "http://127.0.0.1:8111/load_object?new_layer=false&objects=w1549774071", "id_url": "https://www.openstreetmap.org/edit?editor=id&way=1549774071#map=20/59.9098635/10.7639789"}}, {"type": "Feature", "geometry": {"type": "Point", "coordinates": [10.7412718, 59.9517189]}, "properties": {"id": 1551296078, "feat_type": "way", "quality_categories": "crossings_lacking_kerbs", "issue_ids": "[1]", "osm_url": "https://www.openstreetmap.org/way/1551296078", "josm_url": "http://127.0.0.1:8111/load_object?new_layer=false&objects=w1551296078", "id_url": "https://www.openstreetmap.org/edit?editor=id&way=1551296078#map=20/59.9517189/10.7412718"}}, {"type": "Feature", "geometry": {"type": "Point", "coordinates": [10.7499335, 59.9523979]}, "properties": {"id": 1551296083, "feat_type": "way", "quality_categories": "crossings_lacking_kerbs", "issue_ids": "[1]", "osm_url": "https://www.openstreetmap.org/way/1551296083", "josm_url": "http://127.0.0.1:8111/load_object?new_layer=false&objects=w1551296083", "id_url": "https://www.openstreetmap.org/edit?editor=id&way=1551296083#map=20/59.9523979/10.7499335"}}, {"type": "Feature", "geometry": {"type": "Point", "coordinates": [10.7505982, 59.9523363]}, "properties": {"id": 1551296090, "feat_type": "way", "quality_categories": "crossings_lacking_kerbs", "issue_ids": "[1]", "osm_url": "https://www.openstreetmap.org/way/1551296090", "josm_url": "http://127.0.0.1:8111/load_object?new_layer=false&objects=w1551296090", "id_url": "https://www.openstreetmap.org/edit?editor=id&way=1551296090#map=20/59.9523363/10.7505982"}}, {"type": "Feature", "geometry": {"type": "Point", "coordinates": [10.7497366, 59.9535643]}, "properties": {"id": 1551296103, "feat_type": "way", "quality_categories": "crossings_lacking_kerbs", "issue_ids": "[1]", "osm_url": "https://www.openstreetmap.org/way/1551296103", "josm_url": "http://127.0.0.1:8111/load_object?new_layer=false&objects=w1551296103", "id_url": "https://www.openstreetmap.org/edit?editor=id&way=1551296103#map=20/59.9535643/10.7497366"}}, {"type": "Feature", "geometry": {"type": "Point", "coordinates": [10.7495329, 59.9535413]}, "properties": {"id": 1551296104, "feat_type": "way", "quality_categories": "crossings_lacking_kerbs", "issue_ids": "[1]", "osm_url": "https://www.openstreetmap.org/way/1551296104", "josm_url": "http://127.0.0.1:8111/load_object?new_layer=false&objects=w1551296104", "id_url": "https://www.openstreetmap.org/edit?editor=id&way=1551296104#map=20/59.9535413/10.7495329"}}, {"type": "Feature", "geometry": {"type": "Point", "coordinates": [10.7296893, 59.9503743]}, "properties": {"id": 1551296138, "feat_type": "way", "quality_categories": "crossings_lacking_kerbs", "issue_ids": "[1]", "osm_url": "https://www.openstreetmap.org/way/1551296138", "josm_url": "http://127.0.0.1:8111/load_object?new_layer=false&objects=w1551296138", "id_url": "https://www.openstreetmap.org/edit?editor=id&way=1551296138#map=20/59.9503743/10.7296893"}}, {"type": "Feature", "geometry": {"type": "Point", "coordinates": [10.7080242, 59.9347629]}, "properties": {"id": 1552279831, "feat_type": "way", "quality_categories": "crossings_lacking_kerbs", "issue_ids": "[1]", "osm_url": "https://www.openstreetmap.org/way/1552279831", "josm_url": "http://127.0.0.1:8111/load_object?new_layer=false&objects=w1552279831", "id_url": "https://www.openstreetmap.org/edit?editor=id&way=1552279831#map=20/59.9347629/10.7080242"}}, {"type": "Feature", "geometry": {"type": "Point", "coordinates": [10.7172644, 59.9518624]}, "properties": {"id": 1552501367, "feat_type": "way", "quality_categories": "crossings_lacking_kerbs", "issue_ids": "[1]", "osm_url": "https://www.openstreetmap.org/way/1552501367", "josm_url": "http://127.0.0.1:8111/load_object?new_layer=false&objects=w1552501367", "id_url": "https://www.openstreetmap.org/edit?editor=id&way=1552501367#map=20/59.9518624/10.7172644"}}, {"type": "Feature", "geometry": {"type": "Point", "coordinates": [10.7280443, 59.9204085]}, "properties": {"id": 1553284117, "feat_type": "way", "quality_categories": "crossings_lacking_kerbs", "issue_ids": "[1]", "osm_url": "https://www.openstreetmap.org/way/1553284117", "josm_url": "http://127.0.0.1:8111/load_object?new_layer=false&objects=w1553284117", "id_url": "https://www.openstreetmap.org/edit?editor=id&way=1553284117#map=20/59.9204085/10.7280443"}}, {"type": "Feature", "geometry": {"type": "Point", "coordinates": [10.7282139, 59.9206804]}, "properties": {"id": 1553284131, "feat_type": "way", "quality_categories": "crossings_lacking_kerbs", "issue_ids": "[1]", "osm_url": "https://www.openstreetmap.org/way/1553284131", "josm_url": "http://127.0.0.1:8111/load_object?new_layer=false&objects=w1553284131", "id_url": "https://www.openstreetmap.org/edit?editor=id&way=1553284131#map=20/59.9206804/10.7282139"}}, {"type": "Feature", "geometry": {"type": "Point", "coordinates": [10.7287471, 59.9207716]}, "properties": {"id": 1553284133, "feat_type": "way", "quality_categories": "crossings_lacking_kerbs", "issue_ids": "[1]", "osm_url": "https://www.openstreetmap.org/way/1553284133", "josm_url": "http://127.0.0.1:8111/load_object?new_layer=false&objects=w1553284133", "id_url": "https://www.openstreetmap.org/edit?editor=id&way=1553284133#map=20/59.9207716/10.7287471"}}, {"type": "Feature", "geometry": {"type": "Point", "coordinates": [10.728118, 59.9238945]}, "properties": {"id": 1553284147, "feat_type": "way", "quality_categories": "crossings_lacking_kerbs", "issue_ids": "[1]", "osm_url": "https://www.openstreetmap.org/way/1553284147", "josm_url": "http://127.0.0.1:8111/load_object?new_layer=false&objects=w1553284147", "id_url": "https://www.openstreetmap.org/edit?editor=id&way=1553284147#map=20/59.9238945/10.728118"}}, {"type": "Feature", "geometry": {"type": "Point", "coordinates": [10.7282467, 59.9239276]}, "properties": {"id": 1553284148, "feat_type": "way", "quality_categories": "crossings_lacking_kerbs", "issue_ids": "[1]", "osm_url": "https://www.openstreetmap.org/way/1553284148", "josm_url": "http://127.0.0.1:8111/load_object?new_layer=false&objects=w1553284148", "id_url": "https://www.openstreetmap.org/edit?editor=id&way=1553284148#map=20/59.9239276/10.7282467"}}, {"type": "Feature", "geometry": {"type": "Point", "coordinates": [10.7281553, 59.9238904]}, "properties": {"id": 1553284149, "feat_type": "way", "quality_categories": "crossings_lacking_kerbs", "issue_ids": "[1]", "osm_url": "https://www.openstreetmap.org/way/1553284149", "josm_url": "http://127.0.0.1:8111/load_object?new_layer=false&objects=w1553284149", "id_url": "https://www.openstreetmap.org/edit?editor=id&way=1553284149#map=20/59.9238904/10.7281553"}}, {"type": "Feature", "geometry": {"type": "Point", "coordinates": [10.7243272, 59.9247097]}, "properties": {"id": 1553284178, "feat_type": "way", "quality_categories": "crossings_lacking_kerbs", "issue_ids": "[1]", "osm_url": "https://www.openstreetmap.org/way/1553284178", "josm_url": "http://127.0.0.1:8111/load_object?new_layer=false&objects=w1553284178", "id_url": "https://www.openstreetmap.org/edit?editor=id&way=1553284178#map=20/59.9247097/10.7243272"}}]}