{"type": "FeatureCollection", "features": [{"type": "Feature", "geometry": {"type": "Point", "coordinates": [10.72858368701413, 59.91685715]}, "properties": {"id": 12806921, "feat_type": "relation", "quality_categories": "older_than_five_years, wrong_mispelled_or_unlisted_values", "issue_ids": "[0, 1]", "osm_url": "https://www.openstreetmap.org/relation/12806921", "josm_url": "http://127.0.0.1:8111/load_object?new_layer=false&objects=r12806921", "id_url": "https://www.openstreetmap.org/edit?editor=id&relation=12806921#map=20/59.91685715/10.72858368701413"}}, {"type": "Feature", "geometry": {"type": "Point", "coordinates": [10.7479037, 59.920364]}, "properties": {"id": 3692710, "feat_type": "way", "quality_categories": "older_than_five_years, wrong_mispelled_or_unlisted_values", "issue_ids": "[2, 3]", "osm_url": "https://www.openstreetmap.org/way/3692710", "josm_url": "http://127.0.0.1:8111/load_object?new_layer=false&objects=w3692710", "id_url": "https://www.openstreetmap.org/edit?editor=id&way=3692710#map=20/59.920364/10.7479037"}}, {"type": "Feature", "geometry": {"type": "Point", "coordinates": [10.7046673, 59.9279706]}, "properties": {"id": 3926541, "feat_type": "way", "quality_categories": "wrong_mispelled_or_unlisted_values", "issue_ids": "[2]", "osm_url": "https://www.openstreetmap.org/way/3926541", "josm_url": "http://127.0.0.1:8111/load_object?new_layer=false&objects=w3926541", "id_url": "https://www.openstreetmap.org/edit?editor=id&way=3926541#map=20/59.9279706/10.7046673"}}, {"type": "Feature", "geometry": {"type": "Point", "coordinates": [10.7324421, 59.9156739]}, "properties": {"id": 3932379, "feat_type": "way", "quality_categories": "wrong_mispelled_or_unlisted_values", "issue_ids": "[0]", "osm_url": "https://www.openstreetmap.org/way/3932379", "josm_url": "http://127.0.0.1:8111/load_object?new_layer=false&objects=w3932379", "id_url": "https://www.openstreetmap.org/edit?editor=id&way=3932379#map=20/59.9156739/10.7324421"}}, {"type": "Feature", "geometry": {"type": "Point", "coordinates": [10.7004171, 59.9300998]}, "properties": {"id": 4259699, "feat_type": "way", "quality_categories": "wrong_mispelled_or_unlisted_values", "issue_ids": "[2]", "osm_url": "https://www.openstreetmap.org/way/4259699", "josm_url": "http://127.0.0.1:8111/load_object?new_layer=false&objects=w4259699", "id_url": "https://www.openstreetmap.org/edit?editor=id&way=4259699#map=20/59.9300998/10.7004171"}}, {"type": "Feature", "geometry": {"type": "Point", "coordinates": [10.762207, 59.8991756]}, "properties": {"id": 4280134, "feat_type": "way", "quality_categories": "wrong_mispelled_or_unlisted_values", "issue_ids": "[2]", "osm_url": "https://www.openstreetmap.org/way/4280134", "josm_url": "http://127.0.0.1:8111/load_object?new_layer=false&objects=w4280134", "id_url": "https://www.openstreetmap.org/edit?editor=id&way=4280134#map=20/59.8991756/10.762207"}}, {"type": "Feature", "geometry": {"type": "Point", "coordinates": [10.7655566, 59.899948]}, "properties": {"id": 4280135, "feat_type": "way", "quality_categories": "wrong_mispelled_or_unlisted_values", "issue_ids": "[2]", "osm_url": "https://www.openstreetmap.org/way/4280135", "josm_url": "http://127.0.0.1:8111/load_object?new_layer=false&objects=w4280135", "id_url": "https://www.openstreetmap.org/edit?editor=id&way=4280135#map=20/59.899948/10.7655566"}}, {"type": "Feature", "geometry": {"type": "Point", "coordinates": [10.7667406, 59.9007098]}, "properties": {"id": 4328076, "feat_type": "way", "quality_categories": "wrong_mispelled_or_unlisted_values", "issue_ids": "[2]", "osm_url": "https://www.openstreetmap.org/way/4328076", "josm_url": "http://127.0.0.1:8111/load_object?new_layer=false&objects=w4328076", "id_url": "https://www.openstreetmap.org/edit?editor=id&way=4328076#map=20/59.9007098/10.7667406"}}, {"type": "Feature", "geometry": {"type": "Point", "coordinates": [10.7644447, 59.9007929]}, "properties": {"id": 4328077, "feat_type": "way", "quality_categories": "older_than_five_years, wrong_mispelled_or_unlisted_values", "issue_ids": "[2, 4]", "osm_url": "https://www.openstreetmap.org/way/4328077", "josm_url": "http://127.0.0.1:8111/load_object?new_layer=false&objects=w4328077", "id_url": "https://www.openstreetmap.org/edit?editor=id&way=4328077#map=20/59.9007929/10.7644447"}}, {"type": "Feature", "geometry": {"type": "Point", "coordinates": [10.7766141, 59.9000544]}, "properties": {"id": 4328899, "feat_type": "way", "quality_categories": "older_than_five_years, wrong_mispelled_or_unlisted_values", "issue_ids": "[5, 6]", "osm_url": "https://www.openstreetmap.org/way/4328899", "josm_url": "http://127.0.0.1:8111/load_object?new_layer=false&objects=w4328899", "id_url": "https://www.openstreetmap.org/edit?editor=id&way=4328899#map=20/59.9000544/10.7766141"}}, {"type": "Feature", "geometry": {"type": "Point", "coordinates": [10.7764664, 59.9002508]}, "properties": {"id": 4328901, "feat_type": "way", "quality_categories": "older_than_five_years, wrong_mispelled_or_unlisted_values", "issue_ids": "[5, 6]", "osm_url": "https://www.openstreetmap.org/way/4328901", "josm_url": "http://127.0.0.1:8111/load_object?new_layer=false&objects=w4328901", "id_url": "https://www.openstreetmap.org/edit?editor=id&way=4328901#map=20/59.9002508/10.7764664"}}, {"type": "Feature", "geometry": {"type": "Point", "coordinates": [10.7294078, 59.9165546]}, "properties": {"id": 4352051, "feat_type": "way", "quality_categories": "wrong_mispelled_or_unlisted_values", "issue_ids": "[7]", "osm_url": "https://www.openstreetmap.org/way/4352051", "josm_url": "http://127.0.0.1:8111/load_object?new_layer=false&objects=w4352051", "id_url": "https://www.openstreetmap.org/edit?editor=id&way=4352051#map=20/59.9165546/10.7294078"}}, {"type": "Feature", "geometry": {"type": "Point", "coordinates": [10.8792101, 59.9434884]}, "properties": {"id": 4550337, "feat_type": "way", "quality_categories": "wrong_mispelled_or_unlisted_values", "issue_ids": "[2]", "osm_url": "https://www.openstreetmap.org/way/4550337", "josm_url": "http://127.0.0.1:8111/load_object?new_layer=false&objects=w4550337", "id_url": "https://www.openstreetmap.org/edit?editor=id&way=4550337#map=20/59.9434884/10.8792101"}}, {"type": "Feature", "geometry": {"type": "Point", "coordinates": [10.7046648, 59.9295187]}, "properties": {"id": 4552545, "feat_type": "way", "quality_categories": "wrong_mispelled_or_unlisted_values", "issue_ids": "[2]", "osm_url": "https://www.openstreetmap.org/way/4552545", "josm_url": "http://127.0.0.1:8111/load_object?new_layer=false&objects=w4552545", "id_url": "https://www.openstreetmap.org/edit?editor=id&way=4552545#map=20/59.9295187/10.7046648"}}, {"type": "Feature", "geometry": {"type": "Point", "coordinates": [10.7037288, 59.9293167]}, "properties": {"id": 4552546, "feat_type": "way", "quality_categories": "wrong_mispelled_or_unlisted_values", "issue_ids": "[2]", "osm_url": "https://www.openstreetmap.org/way/4552546", "josm_url": "http://127.0.0.1:8111/load_object?new_layer=false&objects=w4552546", "id_url": "https://www.openstreetmap.org/edit?editor=id&way=4552546#map=20/59.9293167/10.7037288"}}, {"type": "Feature", "geometry": {"type": "Point", "coordinates": [10.6997194, 59.9282997]}, "properties": {"id": 4552547, "feat_type": "way", "quality_categories": "wrong_mispelled_or_unlisted_values", "issue_ids": "[2]", "osm_url": "https://www.openstreetmap.org/way/4552547", "josm_url": "http://127.0.0.1:8111/load_object?new_layer=false&objects=w4552547", "id_url": "https://www.openstreetmap.org/edit?editor=id&way=4552547#map=20/59.9282997/10.6997194"}}, {"type": "Feature", "geometry": {"type": "Point", "coordinates": [10.7034792, 59.9281007]}, "properties": {"id": 4552548, "feat_type": "way", "quality_categories": "wrong_mispelled_or_unlisted_values", "issue_ids": "[2]", "osm_url": "https://www.openstreetmap.org/way/4552548", "josm_url": "http://127.0.0.1:8111/load_object?new_layer=false&objects=w4552548", "id_url": "https://www.openstreetmap.org/edit?editor=id&way=4552548#map=20/59.9281007/10.7034792"}}, {"type": "Feature", "geometry": {"type": "Point", "coordinates": [10.7034792, 59.9281007]}, "properties": {"id": 4552549, "feat_type": "way", "quality_categories": "wrong_mispelled_or_unlisted_values", "issue_ids": "[2]", "osm_url": "https://www.openstreetmap.org/way/4552549", "josm_url": "http://127.0.0.1:8111/load_object?new_layer=false&objects=w4552549", "id_url": "https://www.openstreetmap.org/edit?editor=id&way=4552549#map=20/59.9281007/10.7034792"}}, {"type": "Feature", "geometry": {"type": "Point", "coordinates": [10.7020159, 59.9289754]}, "properties": {"id": 4552550, "feat_type": "way", "quality_categories": "wrong_mispelled_or_unlisted_values", "issue_ids": "[2]", "osm_url": "https://www.openstreetmap.org/way/4552550", "josm_url": "http://127.0.0.1:8111/load_object?new_layer=false&objects=w4552550", "id_url": "https://www.openstreetmap.org/edit?editor=id&way=4552550#map=20/59.9289754/10.7020159"}}, {"type": "Feature", "geometry": {"type": "Point", "coordinates": [10.6991497, 59.9258741]}, "properties": {"id": 4552552, "feat_type": "way", "quality_categories": "wrong_mispelled_or_unlisted_values", "issue_ids": "[2]", "osm_url": "https://www.openstreetmap.org/way/4552552", "josm_url": "http://127.0.0.1:8111/load_object?new_layer=false&objects=w4552552", "id_url": "https://www.openstreetmap.org/edit?editor=id&way=4552552#map=20/59.9258741/10.6991497"}}, {"type": "Feature", "geometry": {"type": "Point", "coordinates": [10.7009227, 59.9251355]}, "properties": {"id": 4552554, "feat_type": "way", "quality_categories": "wrong_mispelled_or_unlisted_values", "issue_ids": "[2]", "osm_url": "https://www.openstreetmap.org/way/4552554", "josm_url": "http://127.0.0.1:8111/load_object?new_layer=false&objects=w4552554", "id_url": "https://www.openstreetmap.org/edit?editor=id&way=4552554#map=20/59.9251355/10.7009227"}}, {"type": "Feature", "geometry": {"type": "Point", "coordinates": [10.7409451, 59.931056]}, "properties": {"id": 4645936, "feat_type": "way", "quality_categories": "older_than_five_years, wrong_mispelled_or_unlisted_values", "issue_ids": "[2, 8]", "osm_url": "https://www.openstreetmap.org/way/4645936", "josm_url": "http://127.0.0.1:8111/load_object?new_layer=false&objects=w4645936", "id_url": "https://www.openstreetmap.org/edit?editor=id&way=4645936#map=20/59.931056/10.7409451"}}, {"type": "Feature", "geometry": {"type": "Point", "coordinates": [10.7541013, 59.9437576]}, "properties": {"id": 4709688, "feat_type": "way", "quality_categories": "wrong_mispelled_or_unlisted_values", "issue_ids": "[2]", "osm_url": "https://www.openstreetmap.org/way/4709688", "josm_url": "http://127.0.0.1:8111/load_object?new_layer=false&objects=w4709688", "id_url": "https://www.openstreetmap.org/edit?editor=id&way=4709688#map=20/59.9437576/10.7541013"}}, {"type": "Feature", "geometry": {"type": "Point", "coordinates": [10.7597913, 59.9459866]}, "properties": {"id": 4709691, "feat_type": "way", "quality_categories": "older_than_five_years, wrong_mispelled_or_unlisted_values", "issue_ids": "[2, 9]", "osm_url": "https://www.openstreetmap.org/way/4709691", "josm_url": "http://127.0.0.1:8111/load_object?new_layer=false&objects=w4709691", "id_url": "https://www.openstreetmap.org/edit?editor=id&way=4709691#map=20/59.9459866/10.7597913"}}, {"type": "Feature", "geometry": {"type": "Point", "coordinates": [10.7580928, 59.9463798]}, "properties": {"id": 4709692, "feat_type": "way", "quality_categories": "older_than_five_years, wrong_mispelled_or_unlisted_values", "issue_ids": "[2, 10]", "osm_url": "https://www.openstreetmap.org/way/4709692", "josm_url": "http://127.0.0.1:8111/load_object?new_layer=false&objects=w4709692", "id_url": "https://www.openstreetmap.org/edit?editor=id&way=4709692#map=20/59.9463798/10.7580928"}}, {"type": "Feature", "geometry": {"type": "Point", "coordinates": [10.7493335, 59.9211929]}, "properties": {"id": 4722291, "feat_type": "way", "quality_categories": "older_than_five_years, wrong_mispelled_or_unlisted_values", "issue_ids": "[2, 11]", "osm_url": "https://www.openstreetmap.org/way/4722291", "josm_url": "http://127.0.0.1:8111/load_object?new_layer=false&objects=w4722291", "id_url": "https://www.openstreetmap.org/edit?editor=id&way=4722291#map=20/59.9211929/10.7493335"}}, {"type": "Feature", "geometry": {"type": "Point", "coordinates": [10.6684421, 59.9865229]}, "properties": {"id": 4978185, "feat_type": "way", "quality_categories": "older_than_five_years, wrong_mispelled_or_unlisted_values", "issue_ids": "[12, 13]", "osm_url": "https://www.openstreetmap.org/way/4978185", "josm_url": "http://127.0.0.1:8111/load_object?new_layer=false&objects=w4978185", "id_url": "https://www.openstreetmap.org/edit?editor=id&way=4978185#map=20/59.9865229/10.6684421"}}, {"type": "Feature", "geometry": {"type": "Point", "coordinates": [10.8043515, 59.9586482]}, "properties": {"id": 4983070, "feat_type": "way", "quality_categories": "wrong_mispelled_or_unlisted_values", "issue_ids": "[2]", "osm_url": "https://www.openstreetmap.org/way/4983070", "josm_url": "http://127.0.0.1:8111/load_object?new_layer=false&objects=w4983070", "id_url": "https://www.openstreetmap.org/edit?editor=id&way=4983070#map=20/59.9586482/10.8043515"}}, {"type": "Feature", "geometry": {"type": "Point", "coordinates": [10.6999931, 59.9282123]}, "properties": {"id": 5094335, "feat_type": "way", "quality_categories": "wrong_mispelled_or_unlisted_values", "issue_ids": "[2]", "osm_url": "https://www.openstreetmap.org/way/5094335", "josm_url": "http://127.0.0.1:8111/load_object?new_layer=false&objects=w5094335", "id_url": "https://www.openstreetmap.org/edit?editor=id&way=5094335#map=20/59.9282123/10.6999931"}}, {"type": "Feature", "geometry": {"type": "Point", "coordinates": [10.6977, 59.9289799]}, "properties": {"id": 5094577, "feat_type": "way", "quality_categories": "wrong_mispelled_or_unlisted_values", "issue_ids": "[2]", "osm_url": "https://www.openstreetmap.org/way/5094577", "josm_url": "http://127.0.0.1:8111/load_object?new_layer=false&objects=w5094577", "id_url": "https://www.openstreetmap.org/edit?editor=id&way=5094577#map=20/59.9289799/10.6977"}}, {"type": "Feature", "geometry": {"type": "Point", "coordinates": [10.7774933, 59.9569992]}, "properties": {"id": 5121775, "feat_type": "way", "quality_categories": "wrong_mispelled_or_unlisted_values", "issue_ids": "[2]", "osm_url": "https://www.openstreetmap.org/way/5121775", "josm_url": "http://127.0.0.1:8111/load_object?new_layer=false&objects=w5121775", "id_url": "https://www.openstreetmap.org/edit?editor=id&way=5121775#map=20/59.9569992/10.7774933"}}, {"type": "Feature", "geometry": {"type": "Point", "coordinates": [10.7049595, 59.9395518]}, "properties": {"id": 5153622, "feat_type": "way", "quality_categories": "older_than_five_years, wrong_mispelled_or_unlisted_values", "issue_ids": "[2, 14]", "osm_url": "https://www.openstreetmap.org/way/5153622", "josm_url": "http://127.0.0.1:8111/load_object?new_layer=false&objects=w5153622", "id_url": "https://www.openstreetmap.org/edit?editor=id&way=5153622#map=20/59.9395518/10.7049595"}}, {"type": "Feature", "geometry": {"type": "Point", "coordinates": [10.6628068, 59.9257679]}, "properties": {"id": 5154261, "feat_type": "way", "quality_categories": "wrong_mispelled_or_unlisted_values", "issue_ids": "[2]", "osm_url": "https://www.openstreetmap.org/way/5154261", "josm_url": "http://127.0.0.1:8111/load_object?new_layer=false&objects=w5154261", "id_url": "https://www.openstreetmap.org/edit?editor=id&way=5154261#map=20/59.9257679/10.6628068"}}, {"type": "Feature", "geometry": {"type": "Point", "coordinates": [10.6506544, 59.9540782]}, "properties": {"id": 5169249, "feat_type": "way", "quality_categories": "wrong_mispelled_or_unlisted_values", "issue_ids": "[2]", "osm_url": "https://www.openstreetmap.org/way/5169249", "josm_url": "http://127.0.0.1:8111/load_object?new_layer=false&objects=w5169249", "id_url": "https://www.openstreetmap.org/edit?editor=id&way=5169249#map=20/59.9540782/10.6506544"}}, {"type": "Feature", "geometry": {"type": "Point", "coordinates": [10.6815572, 59.9961897]}, "properties": {"id": 5925184, "feat_type": "way", "quality_categories": "wrong_mispelled_or_unlisted_values", "issue_ids": "[15]", "osm_url": "https://www.openstreetmap.org/way/5925184", "josm_url": "http://127.0.0.1:8111/load_object?new_layer=false&objects=w5925184", "id_url": "https://www.openstreetmap.org/edit?editor=id&way=5925184#map=20/59.9961897/10.6815572"}}, {"type": "Feature", "geometry": {"type": "Point", "coordinates": [10.7623302, 60.0534912]}, "properties": {"id": 8101528, "feat_type": "way", "quality_categories": "older_than_five_years, wrong_mispelled_or_unlisted_values", "issue_ids": "[16, 17]", "osm_url": "https://www.openstreetmap.org/way/8101528", "josm_url": "http://127.0.0.1:8111/load_object?new_layer=false&objects=w8101528", "id_url": "https://www.openstreetmap.org/edit?editor=id&way=8101528#map=20/60.0534912/10.7623302"}}, {"type": "Feature", "geometry": {"type": "Point", "coordinates": [10.8132112, 59.8830785]}, "properties": {"id": 10359851, "feat_type": "way", "quality_categories": "wrong_mispelled_or_unlisted_values", "issue_ids": "[18]", "osm_url": "https://www.openstreetmap.org/way/10359851", "josm_url": "http://127.0.0.1:8111/load_object?new_layer=false&objects=w10359851", "id_url": "https://www.openstreetmap.org/edit?editor=id&way=10359851#map=20/59.8830785/10.8132112"}}, {"type": "Feature", "geometry": {"type": "Point", "coordinates": [10.7715445, 59.8392701]}, "properties": {"id": 10370779, "feat_type": "way", "quality_categories": "wrong_mispelled_or_unlisted_values", "issue_ids": "[2]", "osm_url": "https://www.openstreetmap.org/way/10370779", "josm_url": "http://127.0.0.1:8111/load_object?new_layer=false&objects=w10370779", "id_url": "https://www.openstreetmap.org/edit?editor=id&way=10370779#map=20/59.8392701/10.7715445"}}, {"type": "Feature", "geometry": {"type": "Point", "coordinates": [10.6784658, 59.9345259]}, "properties": {"id": 22588155, "feat_type": "way", "quality_categories": "wrong_mispelled_or_unlisted_values", "issue_ids": "[2]", "osm_url": "https://www.openstreetmap.org/way/22588155", "josm_url": "http://127.0.0.1:8111/load_object?new_layer=false&objects=w22588155", "id_url": "https://www.openstreetmap.org/edit?editor=id&way=22588155#map=20/59.9345259/10.6784658"}}, {"type": "Feature", "geometry": {"type": "Point", "coordinates": [10.8247384, 59.8552875]}, "properties": {"id": 23756179, "feat_type": "way", "quality_categories": "wrong_mispelled_or_unlisted_values", "issue_ids": "[2]", "osm_url": "https://www.openstreetmap.org/way/23756179", "josm_url": "http://127.0.0.1:8111/load_object?new_layer=false&objects=w23756179", "id_url": "https://www.openstreetmap.org/edit?editor=id&way=23756179#map=20/59.8552875/10.8247384"}}, {"type": "Feature", "geometry": {"type": "Point", "coordinates": [10.8442049, 59.8496518]}, "properties": {"id": 23985045, "feat_type": "way", "quality_categories": "wrong_mispelled_or_unlisted_values", "issue_ids": "[2]", "osm_url": "https://www.openstreetmap.org/way/23985045", "josm_url": "http://127.0.0.1:8111/load_object?new_layer=false&objects=w23985045", "id_url": "https://www.openstreetmap.org/edit?editor=id&way=23985045#map=20/59.8496518/10.8442049"}}, {"type": "Feature", "geometry": {"type": "Point", "coordinates": [10.7786249, 59.9116098]}, "properties": {"id": 24002515, "feat_type": "way", "quality_categories": "wrong_mispelled_or_unlisted_values", "issue_ids": "[18]", "osm_url": "https://www.openstreetmap.org/way/24002515", "josm_url": "http://127.0.0.1:8111/load_object?new_layer=false&objects=w24002515", "id_url": "https://www.openstreetmap.org/edit?editor=id&way=24002515#map=20/59.9116098/10.7786249"}}, {"type": "Feature", "geometry": {"type": "Point", "coordinates": [10.7016947, 59.9257191]}, "properties": {"id": 24033453, "feat_type": "way", "quality_categories": "wrong_mispelled_or_unlisted_values", "issue_ids": "[2]", "osm_url": "https://www.openstreetmap.org/way/24033453", "josm_url": "http://127.0.0.1:8111/load_object?new_layer=false&objects=w24033453", "id_url": "https://www.openstreetmap.org/edit?editor=id&way=24033453#map=20/59.9257191/10.7016947"}}, {"type": "Feature", "geometry": {"type": "Point", "coordinates": [10.8091555, 59.8763427]}, "properties": {"id": 24167206, "feat_type": "way", "quality_categories": "wrong_mispelled_or_unlisted_values", "issue_ids": "[2]", "osm_url": "https://www.openstreetmap.org/way/24167206", "josm_url": "http://127.0.0.1:8111/load_object?new_layer=false&objects=w24167206", "id_url": "https://www.openstreetmap.org/edit?editor=id&way=24167206#map=20/59.8763427/10.8091555"}}, {"type": "Feature", "geometry": {"type": "Point", "coordinates": [10.8240499, 59.8642223]}, "properties": {"id": 24248819, "feat_type": "way", "quality_categories": "wrong_mispelled_or_unlisted_values", "issue_ids": "[2]", "osm_url": "https://www.openstreetmap.org/way/24248819", "josm_url": "http://127.0.0.1:8111/load_object?new_layer=false&objects=w24248819", "id_url": "https://www.openstreetmap.org/edit?editor=id&way=24248819#map=20/59.8642223/10.8240499"}}, {"type": "Feature", "geometry": {"type": "Point", "coordinates": [10.7309319, 59.8987106]}, "properties": {"id": 24592803, "feat_type": "way", "quality_categories": "wrong_mispelled_or_unlisted_values", "issue_ids": "[2]", "osm_url": "https://www.openstreetmap.org/way/24592803", "josm_url": "http://127.0.0.1:8111/load_object?new_layer=false&objects=w24592803", "id_url": "https://www.openstreetmap.org/edit?editor=id&way=24592803#map=20/59.8987106/10.7309319"}}, {"type": "Feature", "geometry": {"type": "Point", "coordinates": [10.7277512, 59.8927495]}, "properties": {"id": 24592933, "feat_type": "way", "quality_categories": "wrong_mispelled_or_unlisted_values", "issue_ids": "[2]", "osm_url": "https://www.openstreetmap.org/way/24592933", "josm_url": "http://127.0.0.1:8111/load_object?new_layer=false&objects=w24592933", "id_url": "https://www.openstreetmap.org/edit?editor=id&way=24592933#map=20/59.8927495/10.7277512"}}, {"type": "Feature", "geometry": {"type": "Point", "coordinates": [10.812696, 59.8344515]}, "properties": {"id": 24594303, "feat_type": "way", "quality_categories": "wrong_mispelled_or_unlisted_values", "issue_ids": "[2]", "osm_url": "https://www.openstreetmap.org/way/24594303", "josm_url": "http://127.0.0.1:8111/load_object?new_layer=false&objects=w24594303", "id_url": "https://www.openstreetmap.org/edit?editor=id&way=24594303#map=20/59.8344515/10.812696"}}, {"type": "Feature", "geometry": {"type": "Point", "coordinates": [10.7097072, 59.9093564]}, "properties": {"id": 24668347, "feat_type": "way", "quality_categories": "wrong_mispelled_or_unlisted_values", "issue_ids": "[5]", "osm_url": "https://www.openstreetmap.org/way/24668347", "josm_url": "http://127.0.0.1:8111/load_object?new_layer=false&objects=w24668347", "id_url": "https://www.openstreetmap.org/edit?editor=id&way=24668347#map=20/59.9093564/10.7097072"}}, {"type": "Feature", "geometry": {"type": "Point", "coordinates": [10.7103247, 59.9095695]}, "properties": {"id": 24668648, "feat_type": "way", "quality_categories": "wrong_mispelled_or_unlisted_values", "issue_ids": "[5]", "osm_url": "https://www.openstreetmap.org/way/24668648", "josm_url": "http://127.0.0.1:8111/load_object?new_layer=false&objects=w24668648", "id_url": "https://www.openstreetmap.org/edit?editor=id&way=24668648#map=20/59.9095695/10.7103247"}}, {"type": "Feature", "geometry": {"type": "Point", "coordinates": [10.7368524, 59.9101869]}, "properties": {"id": 24875699, "feat_type": "way", "quality_categories": "wrong_mispelled_or_unlisted_values", "issue_ids": "[2]", "osm_url": "https://www.openstreetmap.org/way/24875699", "josm_url": "http://127.0.0.1:8111/load_object?new_layer=false&objects=w24875699", "id_url": "https://www.openstreetmap.org/edit?editor=id&way=24875699#map=20/59.9101869/10.7368524"}}, {"type": "Feature", "geometry": {"type": "Point", "coordinates": [10.7368524, 59.9101869]}, "properties": {"id": 24875700, "feat_type": "way", "quality_categories": "wrong_mispelled_or_unlisted_values", "issue_ids": "[2]", "osm_url": "https://www.openstreetmap.org/way/24875700", "josm_url": "http://127.0.0.1:8111/load_object?new_layer=false&objects=w24875700", "id_url": "https://www.openstreetmap.org/edit?editor=id&way=24875700#map=20/59.9101869/10.7368524"}}, {"type": "Feature", "geometry": {"type": "Point", "coordinates": [10.7332232, 59.9166384]}, "properties": {"id": 24933677, "feat_type": "way", "quality_categories": "older_than_five_years, wrong_mispelled_or_unlisted_values", "issue_ids": "[2, 19]", "osm_url": "https://www.openstreetmap.org/way/24933677", "josm_url": "http://127.0.0.1:8111/load_object?new_layer=false&objects=w24933677", "id_url": "https://www.openstreetmap.org/edit?editor=id&way=24933677#map=20/59.9166384/10.7332232"}}, {"type": "Feature", "geometry": {"type": "Point", "coordinates": [10.7323095, 59.9168868]}, "properties": {"id": 24933679, "feat_type": "way", "quality_categories": "wrong_mispelled_or_unlisted_values", "issue_ids": "[2]", "osm_url": "https://www.openstreetmap.org/way/24933679", "josm_url": "http://127.0.0.1:8111/load_object?new_layer=false&objects=w24933679", "id_url": "https://www.openstreetmap.org/edit?editor=id&way=24933679#map=20/59.9168868/10.7323095"}}, {"type": "Feature", "geometry": {"type": "Point", "coordinates": [10.7304267, 59.9178786]}, "properties": {"id": 24933682, "feat_type": "way", "quality_categories": "older_than_five_years, wrong_mispelled_or_unlisted_values", "issue_ids": "[2, 20]", "osm_url": "https://www.openstreetmap.org/way/24933682", "josm_url": "http://127.0.0.1:8111/load_object?new_layer=false&objects=w24933682", "id_url": "https://www.openstreetmap.org/edit?editor=id&way=24933682#map=20/59.9178786/10.7304267"}}, {"type": "Feature", "geometry": {"type": "Point", "coordinates": [10.7268301, 59.9188597]}, "properties": {"id": 24933683, "feat_type": "way", "quality_categories": "older_than_five_years, wrong_mispelled_or_unlisted_values", "issue_ids": "[2, 19]", "osm_url": "https://www.openstreetmap.org/way/24933683", "josm_url": "http://127.0.0.1:8111/load_object?new_layer=false&objects=w24933683", "id_url": "https://www.openstreetmap.org/edit?editor=id&way=24933683#map=20/59.9188597/10.7268301"}}, {"type": "Feature", "geometry": {"type": "Point", "coordinates": [10.7301752, 59.9188645]}, "properties": {"id": 24933684, "feat_type": "way", "quality_categories": "older_than_five_years, wrong_mispelled_or_unlisted_values", "issue_ids": "[2, 21]", "osm_url": "https://www.openstreetmap.org/way/24933684", "josm_url": "http://127.0.0.1:8111/load_object?new_layer=false&objects=w24933684", "id_url": "https://www.openstreetmap.org/edit?editor=id&way=24933684#map=20/59.9188645/10.7301752"}}, {"type": "Feature", "geometry": {"type": "Point", "coordinates": [10.7299481, 59.9183912]}, "properties": {"id": 24933685, "feat_type": "way", "quality_categories": "wrong_mispelled_or_unlisted_values", "issue_ids": "[2]", "osm_url": "https://www.openstreetmap.org/way/24933685", "josm_url": "http://127.0.0.1:8111/load_object?new_layer=false&objects=w24933685", "id_url": "https://www.openstreetmap.org/edit?editor=id&way=24933685#map=20/59.9183912/10.7299481"}}, {"type": "Feature", "geometry": {"type": "Point", "coordinates": [10.7277035, 59.9186665]}, "properties": {"id": 24933686, "feat_type": "way", "quality_categories": "older_than_five_years, wrong_mispelled_or_unlisted_values", "issue_ids": "[2, 20]", "osm_url": "https://www.openstreetmap.org/way/24933686", "josm_url": "http://127.0.0.1:8111/load_object?new_layer=false&objects=w24933686", "id_url": "https://www.openstreetmap.org/edit?editor=id&way=24933686#map=20/59.9186665/10.7277035"}}, {"type": "Feature", "geometry": {"type": "Point", "coordinates": [10.7269203, 59.9181499]}, "properties": {"id": 24933687, "feat_type": "way", "quality_categories": "older_than_five_years, wrong_mispelled_or_unlisted_values", "issue_ids": "[2, 19]", "osm_url": "https://www.openstreetmap.org/way/24933687", "josm_url": "http://127.0.0.1:8111/load_object?new_layer=false&objects=w24933687", "id_url": "https://www.openstreetmap.org/edit?editor=id&way=24933687#map=20/59.9181499/10.7269203"}}, {"type": "Feature", "geometry": {"type": "Point", "coordinates": [10.7273394, 59.9184205]}, "properties": {"id": 24933688, "feat_type": "way", "quality_categories": "older_than_five_years, wrong_mispelled_or_unlisted_values", "issue_ids": "[2, 19]", "osm_url": "https://www.openstreetmap.org/way/24933688", "josm_url": "http://127.0.0.1:8111/load_object?new_layer=false&objects=w24933688", "id_url": "https://www.openstreetmap.org/edit?editor=id&way=24933688#map=20/59.9184205/10.7273394"}}, {"type": "Feature", "geometry": {"type": "Point", "coordinates": [10.7325359, 59.9163488]}, "properties": {"id": 24933690, "feat_type": "way", "quality_categories": "older_than_five_years, wrong_mispelled_or_unlisted_values", "issue_ids": "[2, 22]", "osm_url": "https://www.openstreetmap.org/way/24933690", "josm_url": "http://127.0.0.1:8111/load_object?new_layer=false&objects=w24933690", "id_url": "https://www.openstreetmap.org/edit?editor=id&way=24933690#map=20/59.9163488/10.7325359"}}, {"type": "Feature", "geometry": {"type": "Point", "coordinates": [10.7318019, 59.9164495]}, "properties": {"id": 24933693, "feat_type": "way", "quality_categories": "older_than_five_years, wrong_mispelled_or_unlisted_values", "issue_ids": "[2, 19]", "osm_url": "https://www.openstreetmap.org/way/24933693", "josm_url": "http://127.0.0.1:8111/load_object?new_layer=false&objects=w24933693", "id_url": "https://www.openstreetmap.org/edit?editor=id&way=24933693#map=20/59.9164495/10.7318019"}}, {"type": "Feature", "geometry": {"type": "Point", "coordinates": [10.7320245, 59.9167403]}, "properties": {"id": 24933695, "feat_type": "way", "quality_categories": "older_than_five_years, wrong_mispelled_or_unlisted_values", "issue_ids": "[2, 20]", "osm_url": "https://www.openstreetmap.org/way/24933695", "josm_url": "http://127.0.0.1:8111/load_object?new_layer=false&objects=w24933695", "id_url": "https://www.openstreetmap.org/edit?editor=id&way=24933695#map=20/59.9167403/10.7320245"}}, {"type": "Feature", "geometry": {"type": "Point", "coordinates": [10.7484254, 59.9545599]}, "properties": {"id": 25564507, "feat_type": "way", "quality_categories": "wrong_mispelled_or_unlisted_values", "issue_ids": "[16]", "osm_url": "https://www.openstreetmap.org/way/25564507", "josm_url": "http://127.0.0.1:8111/load_object?new_layer=false&objects=w25564507", "id_url": "https://www.openstreetmap.org/edit?editor=id&way=25564507#map=20/59.9545599/10.7484254"}}, {"type": "Feature", "geometry": {"type": "Point", "coordinates": [10.8195115, 59.8594486]}, "properties": {"id": 25631913, "feat_type": "way", "quality_categories": "wrong_mispelled_or_unlisted_values", "issue_ids": "[2]", "osm_url": "https://www.openstreetmap.org/way/25631913", "josm_url": "http://127.0.0.1:8111/load_object?new_layer=false&objects=w25631913", "id_url": "https://www.openstreetmap.org/edit?editor=id&way=25631913#map=20/59.8594486/10.8195115"}}, {"type": "Feature", "geometry": {"type": "Point", "coordinates": [10.8035481, 59.848316]}, "properties": {"id": 25835568, "feat_type": "way", "quality_categories": "wrong_mispelled_or_unlisted_values", "issue_ids": "[5]", "osm_url": "https://www.openstreetmap.org/way/25835568", "josm_url": "http://127.0.0.1:8111/load_object?new_layer=false&objects=w25835568", "id_url": "https://www.openstreetmap.org/edit?editor=id&way=25835568#map=20/59.848316/10.8035481"}}, {"type": "Feature", "geometry": {"type": "Point", "coordinates": [10.8049216, 59.9575997]}, "properties": {"id": 25967597, "feat_type": "way", "quality_categories": "older_than_five_years, wrong_mispelled_or_unlisted_values", "issue_ids": "[2, 23]", "osm_url": "https://www.openstreetmap.org/way/25967597", "josm_url": "http://127.0.0.1:8111/load_object?new_layer=false&objects=w25967597", "id_url": "https://www.openstreetmap.org/edit?editor=id&way=25967597#map=20/59.9575997/10.8049216"}}, {"type": "Feature", "geometry": {"type": "Point", "coordinates": [10.7629971, 59.9311713]}, "properties": {"id": 26309403, "feat_type": "way", "quality_categories": "wrong_mispelled_or_unlisted_values", "issue_ids": "[2]", "osm_url": "https://www.openstreetmap.org/way/26309403", "josm_url": "http://127.0.0.1:8111/load_object?new_layer=false&objects=w26309403", "id_url": "https://www.openstreetmap.org/edit?editor=id&way=26309403#map=20/59.9311713/10.7629971"}}, {"type": "Feature", "geometry": {"type": "Point", "coordinates": [10.7633318, 59.9310112]}, "properties": {"id": 26309407, "feat_type": "way", "quality_categories": "wrong_mispelled_or_unlisted_values", "issue_ids": "[2]", "osm_url": "https://www.openstreetmap.org/way/26309407", "josm_url": "http://127.0.0.1:8111/load_object?new_layer=false&objects=w26309407", "id_url": "https://www.openstreetmap.org/edit?editor=id&way=26309407#map=20/59.9310112/10.7633318"}}, {"type": "Feature", "geometry": {"type": "Point", "coordinates": [10.763578, 59.9309006]}, "properties": {"id": 26309408, "feat_type": "way", "quality_categories": "wrong_mispelled_or_unlisted_values", "issue_ids": "[2]", "osm_url": "https://www.openstreetmap.org/way/26309408", "josm_url": "http://127.0.0.1:8111/load_object?new_layer=false&objects=w26309408", "id_url": "https://www.openstreetmap.org/edit?editor=id&way=26309408#map=20/59.9309006/10.763578"}}, {"type": "Feature", "geometry": {"type": "Point", "coordinates": [10.767362, 59.9221275]}, "properties": {"id": 26394787, "feat_type": "way", "quality_categories": "wrong_mispelled_or_unlisted_values", "issue_ids": "[2]", "osm_url": "https://www.openstreetmap.org/way/26394787", "josm_url": "http://127.0.0.1:8111/load_object?new_layer=false&objects=w26394787", "id_url": "https://www.openstreetmap.org/edit?editor=id&way=26394787#map=20/59.9221275/10.767362"}}, {"type": "Feature", "geometry": {"type": "Point", "coordinates": [10.7673425, 59.9226393]}, "properties": {"id": 26394788, "feat_type": "way", "quality_categories": "wrong_mispelled_or_unlisted_values", "issue_ids": "[2]", "osm_url": "https://www.openstreetmap.org/way/26394788", "josm_url": "http://127.0.0.1:8111/load_object?new_layer=false&objects=w26394788", "id_url": "https://www.openstreetmap.org/edit?editor=id&way=26394788#map=20/59.9226393/10.7673425"}}, {"type": "Feature", "geometry": {"type": "Point", "coordinates": [10.801412, 59.9497455]}, "properties": {"id": 26493333, "feat_type": "way", "quality_categories": "wrong_mispelled_or_unlisted_values", "issue_ids": "[16]", "osm_url": "https://www.openstreetmap.org/way/26493333", "josm_url": "http://127.0.0.1:8111/load_object?new_layer=false&objects=w26493333", "id_url": "https://www.openstreetmap.org/edit?editor=id&way=26493333#map=20/59.9497455/10.801412"}}, {"type": "Feature", "geometry": {"type": "Point", "coordinates": [10.7999878, 59.949887]}, "properties": {"id": 26600922, "feat_type": "way", "quality_categories": "older_than_five_years, wrong_mispelled_or_unlisted_values", "issue_ids": "[16, 24]", "osm_url": "https://www.openstreetmap.org/way/26600922", "josm_url": "http://127.0.0.1:8111/load_object?new_layer=false&objects=w26600922", "id_url": "https://www.openstreetmap.org/edit?editor=id&way=26600922#map=20/59.949887/10.7999878"}}, {"type": "Feature", "geometry": {"type": "Point", "coordinates": [10.7717196, 59.9190539]}, "properties": {"id": 26630431, "feat_type": "way", "quality_categories": "wrong_mispelled_or_unlisted_values", "issue_ids": "[2]", "osm_url": "https://www.openstreetmap.org/way/26630431", "josm_url": "http://127.0.0.1:8111/load_object?new_layer=false&objects=w26630431", "id_url": "https://www.openstreetmap.org/edit?editor=id&way=26630431#map=20/59.9190539/10.7717196"}}, {"type": "Feature", "geometry": {"type": "Point", "coordinates": [10.7709816, 59.9189929]}, "properties": {"id": 26630432, "feat_type": "way", "quality_categories": "wrong_mispelled_or_unlisted_values", "issue_ids": "[2]", "osm_url": "https://www.openstreetmap.org/way/26630432", "josm_url": "http://127.0.0.1:8111/load_object?new_layer=false&objects=w26630432", "id_url": "https://www.openstreetmap.org/edit?editor=id&way=26630432#map=20/59.9189929/10.7709816"}}, {"type": "Feature", "geometry": {"type": "Point", "coordinates": [10.7712364, 59.9192923]}, "properties": {"id": 26630435, "feat_type": "way", "quality_categories": "wrong_mispelled_or_unlisted_values", "issue_ids": "[2]", "osm_url": "https://www.openstreetmap.org/way/26630435", "josm_url": "http://127.0.0.1:8111/load_object?new_layer=false&objects=w26630435", "id_url": "https://www.openstreetmap.org/edit?editor=id&way=26630435#map=20/59.9192923/10.7712364"}}, {"type": "Feature", "geometry": {"type": "Point", "coordinates": [10.7692449, 59.9181205]}, "properties": {"id": 26630438, "feat_type": "way", "quality_categories": "wrong_mispelled_or_unlisted_values", "issue_ids": "[2]", "osm_url": "https://www.openstreetmap.org/way/26630438", "josm_url": "http://127.0.0.1:8111/load_object?new_layer=false&objects=w26630438", "id_url": "https://www.openstreetmap.org/edit?editor=id&way=26630438#map=20/59.9181205/10.7692449"}}, {"type": "Feature", "geometry": {"type": "Point", "coordinates": [10.7696367, 59.9166285]}, "properties": {"id": 26630446, "feat_type": "way", "quality_categories": "wrong_mispelled_or_unlisted_values", "issue_ids": "[2]", "osm_url": "https://www.openstreetmap.org/way/26630446", "josm_url": "http://127.0.0.1:8111/load_object?new_layer=false&objects=w26630446", "id_url": "https://www.openstreetmap.org/edit?editor=id&way=26630446#map=20/59.9166285/10.7696367"}}, {"type": "Feature", "geometry": {"type": "Point", "coordinates": [10.7689974, 59.9161107]}, "properties": {"id": 26630447, "feat_type": "way", "quality_categories": "wrong_mispelled_or_unlisted_values", "issue_ids": "[2]", "osm_url": "https://www.openstreetmap.org/way/26630447", "josm_url": "http://127.0.0.1:8111/load_object?new_layer=false&objects=w26630447", "id_url": "https://www.openstreetmap.org/edit?editor=id&way=26630447#map=20/59.9161107/10.7689974"}}, {"type": "Feature", "geometry": {"type": "Point", "coordinates": [10.7711978, 59.9171899]}, "properties": {"id": 26630448, "feat_type": "way", "quality_categories": "wrong_mispelled_or_unlisted_values", "issue_ids": "[2]", "osm_url": "https://www.openstreetmap.org/way/26630448", "josm_url": "http://127.0.0.1:8111/load_object?new_layer=false&objects=w26630448", "id_url": "https://www.openstreetmap.org/edit?editor=id&way=26630448#map=20/59.9171899/10.7711978"}}, {"type": "Feature", "geometry": {"type": "Point", "coordinates": [10.8051733, 59.9549285]}, "properties": {"id": 26665414, "feat_type": "way", "quality_categories": "older_than_five_years, wrong_mispelled_or_unlisted_values", "issue_ids": "[16, 23]", "osm_url": "https://www.openstreetmap.org/way/26665414", "josm_url": "http://127.0.0.1:8111/load_object?new_layer=false&objects=w26665414", "id_url": "https://www.openstreetmap.org/edit?editor=id&way=26665414#map=20/59.9549285/10.8051733"}}, {"type": "Feature", "geometry": {"type": "Point", "coordinates": [10.7727159, 59.9177142]}, "properties": {"id": 26825677, "feat_type": "way", "quality_categories": "wrong_mispelled_or_unlisted_values", "issue_ids": "[2]", "osm_url": "https://www.openstreetmap.org/way/26825677", "josm_url": "http://127.0.0.1:8111/load_object?new_layer=false&objects=w26825677", "id_url": "https://www.openstreetmap.org/edit?editor=id&way=26825677#map=20/59.9177142/10.7727159"}}, {"type": "Feature", "geometry": {"type": "Point", "coordinates": [10.8601615, 59.8972121]}, "properties": {"id": 27224898, "feat_type": "way", "quality_categories": "wrong_mispelled_or_unlisted_values", "issue_ids": "[25]", "osm_url": "https://www.openstreetmap.org/way/27224898", "josm_url": "http://127.0.0.1:8111/load_object?new_layer=false&objects=w27224898", "id_url": "https://www.openstreetmap.org/edit?editor=id&way=27224898#map=20/59.8972121/10.8601615"}}, {"type": "Feature", "geometry": {"type": "Point", "coordinates": [10.853486, 59.9028628]}, "properties": {"id": 27256787, "feat_type": "way", "quality_categories": "wrong_mispelled_or_unlisted_values", "issue_ids": "[2]", "osm_url": "https://www.openstreetmap.org/way/27256787", "josm_url": "http://127.0.0.1:8111/load_object?new_layer=false&objects=w27256787", "id_url": "https://www.openstreetmap.org/edit?editor=id&way=27256787#map=20/59.9028628/10.853486"}}, {"type": "Feature", "geometry": {"type": "Point", "coordinates": [10.7101362, 59.9635599]}, "properties": {"id": 27310300, "feat_type": "way", "quality_categories": "wrong_mispelled_or_unlisted_values", "issue_ids": "[16]", "osm_url": "https://www.openstreetmap.org/way/27310300", "josm_url": "http://127.0.0.1:8111/load_object?new_layer=false&objects=w27310300", "id_url": "https://www.openstreetmap.org/edit?editor=id&way=27310300#map=20/59.9635599/10.7101362"}}, {"type": "Feature", "geometry": {"type": "Point", "coordinates": [10.7457861, 59.9736348]}, "properties": {"id": 27607104, "feat_type": "way", "quality_categories": "wrong_mispelled_or_unlisted_values", "issue_ids": "[26]", "osm_url": "https://www.openstreetmap.org/way/27607104", "josm_url": "http://127.0.0.1:8111/load_object?new_layer=false&objects=w27607104", "id_url": "https://www.openstreetmap.org/edit?editor=id&way=27607104#map=20/59.9736348/10.7457861"}}, {"type": "Feature", "geometry": {"type": "Point", "coordinates": [10.7881163, 59.9649936]}, "properties": {"id": 28452396, "feat_type": "way", "quality_categories": "wrong_mispelled_or_unlisted_values", "issue_ids": "[2]", "osm_url": "https://www.openstreetmap.org/way/28452396", "josm_url": "http://127.0.0.1:8111/load_object?new_layer=false&objects=w28452396", "id_url": "https://www.openstreetmap.org/edit?editor=id&way=28452396#map=20/59.9649936/10.7881163"}}, {"type": "Feature", "geometry": {"type": "Point", "coordinates": [10.7864732, 59.9647104]}, "properties": {"id": 28452398, "feat_type": "way", "quality_categories": "wrong_mispelled_or_unlisted_values", "issue_ids": "[2]", "osm_url": "https://www.openstreetmap.org/way/28452398", "josm_url": "http://127.0.0.1:8111/load_object?new_layer=false&objects=w28452398", "id_url": "https://www.openstreetmap.org/edit?editor=id&way=28452398#map=20/59.9647104/10.7864732"}}, {"type": "Feature", "geometry": {"type": "Point", "coordinates": [10.6683273, 59.9136327]}, "properties": {"id": 28584793, "feat_type": "way", "quality_categories": "wrong_mispelled_or_unlisted_values", "issue_ids": "[2]", "osm_url": "https://www.openstreetmap.org/way/28584793", "josm_url": "http://127.0.0.1:8111/load_object?new_layer=false&objects=w28584793", "id_url": "https://www.openstreetmap.org/edit?editor=id&way=28584793#map=20/59.9136327/10.6683273"}}, {"type": "Feature", "geometry": {"type": "Point", "coordinates": [10.6869371, 59.9142454]}, "properties": {"id": 28584795, "feat_type": "way", "quality_categories": "wrong_mispelled_or_unlisted_values", "issue_ids": "[2]", "osm_url": "https://www.openstreetmap.org/way/28584795", "josm_url": "http://127.0.0.1:8111/load_object?new_layer=false&objects=w28584795", "id_url": "https://www.openstreetmap.org/edit?editor=id&way=28584795#map=20/59.9142454/10.6869371"}}, {"type": "Feature", "geometry": {"type": "Point", "coordinates": [10.8035532, 59.9471675]}, "properties": {"id": 29871428, "feat_type": "way", "quality_categories": "older_than_five_years, wrong_mispelled_or_unlisted_values", "issue_ids": "[2, 27]", "osm_url": "https://www.openstreetmap.org/way/29871428", "josm_url": "http://127.0.0.1:8111/load_object?new_layer=false&objects=w29871428", "id_url": "https://www.openstreetmap.org/edit?editor=id&way=29871428#map=20/59.9471675/10.8035532"}}, {"type": "Feature", "geometry": {"type": "Point", "coordinates": [10.7038233, 59.9235549]}, "properties": {"id": 30045838, "feat_type": "way", "quality_categories": "wrong_mispelled_or_unlisted_values", "issue_ids": "[2]", "osm_url": "https://www.openstreetmap.org/way/30045838", "josm_url": "http://127.0.0.1:8111/load_object?new_layer=false&objects=w30045838", "id_url": "https://www.openstreetmap.org/edit?editor=id&way=30045838#map=20/59.9235549/10.7038233"}}, {"type": "Feature", "geometry": {"type": "Point", "coordinates": [10.7009651, 59.9238693]}, "properties": {"id": 30102262, "feat_type": "way", "quality_categories": "wrong_mispelled_or_unlisted_values", "issue_ids": "[2]", "osm_url": "https://www.openstreetmap.org/way/30102262", "josm_url": "http://127.0.0.1:8111/load_object?new_layer=false&objects=w30102262", "id_url": "https://www.openstreetmap.org/edit?editor=id&way=30102262#map=20/59.9238693/10.7009651"}}, {"type": "Feature", "geometry": {"type": "Point", "coordinates": [10.7055483, 59.9244782]}, "properties": {"id": 30171315, "feat_type": "way", "quality_categories": "wrong_mispelled_or_unlisted_values", "issue_ids": "[2]", "osm_url": "https://www.openstreetmap.org/way/30171315", "josm_url": "http://127.0.0.1:8111/load_object?new_layer=false&objects=w30171315", "id_url": "https://www.openstreetmap.org/edit?editor=id&way=30171315#map=20/59.9244782/10.7055483"}}, {"type": "Feature", "geometry": {"type": "Point", "coordinates": [10.704923, 59.9239289]}, "properties": {"id": 30171418, "feat_type": "way", "quality_categories": "wrong_mispelled_or_unlisted_values", "issue_ids": "[2]", "osm_url": "https://www.openstreetmap.org/way/30171418", "josm_url": "http://127.0.0.1:8111/load_object?new_layer=false&objects=w30171418", "id_url": "https://www.openstreetmap.org/edit?editor=id&way=30171418#map=20/59.9239289/10.704923"}}, {"type": "Feature", "geometry": {"type": "Point", "coordinates": [10.7046673, 59.9279706]}, "properties": {"id": 30185830, "feat_type": "way", "quality_categories": "wrong_mispelled_or_unlisted_values", "issue_ids": "[2]", "osm_url": "https://www.openstreetmap.org/way/30185830", "josm_url": "http://127.0.0.1:8111/load_object?new_layer=false&objects=w30185830", "id_url": "https://www.openstreetmap.org/edit?editor=id&way=30185830#map=20/59.9279706/10.7046673"}}, {"type": "Feature", "geometry": {"type": "Point", "coordinates": [10.7003955, 59.9242815]}, "properties": {"id": 30361567, "feat_type": "way", "quality_categories": "wrong_mispelled_or_unlisted_values", "issue_ids": "[2]", "osm_url": "https://www.openstreetmap.org/way/30361567", "josm_url": "http://127.0.0.1:8111/load_object?new_layer=false&objects=w30361567", "id_url": "https://www.openstreetmap.org/edit?editor=id&way=30361567#map=20/59.9242815/10.7003955"}}, {"type": "Feature", "geometry": {"type": "Point", "coordinates": [10.7056857, 59.9237759]}, "properties": {"id": 30491050, "feat_type": "way", "quality_categories": "wrong_mispelled_or_unlisted_values", "issue_ids": "[2]", "osm_url": "https://www.openstreetmap.org/way/30491050", "josm_url": "http://127.0.0.1:8111/load_object?new_layer=false&objects=w30491050", "id_url": "https://www.openstreetmap.org/edit?editor=id&way=30491050#map=20/59.9237759/10.7056857"}}, {"type": "Feature", "geometry": {"type": "Point", "coordinates": [10.7051263, 59.9293642]}, "properties": {"id": 30653599, "feat_type": "way", "quality_categories": "wrong_mispelled_or_unlisted_values", "issue_ids": "[2]", "osm_url": "https://www.openstreetmap.org/way/30653599", "josm_url": "http://127.0.0.1:8111/load_object?new_layer=false&objects=w30653599", "id_url": "https://www.openstreetmap.org/edit?editor=id&way=30653599#map=20/59.9293642/10.7051263"}}, {"type": "Feature", "geometry": {"type": "Point", "coordinates": [10.7024102, 59.9233526]}, "properties": {"id": 30709773, "feat_type": "way", "quality_categories": "wrong_mispelled_or_unlisted_values", "issue_ids": "[2]", "osm_url": "https://www.openstreetmap.org/way/30709773", "josm_url": "http://127.0.0.1:8111/load_object?new_layer=false&objects=w30709773", "id_url": "https://www.openstreetmap.org/edit?editor=id&way=30709773#map=20/59.9233526/10.7024102"}}, {"type": "Feature", "geometry": {"type": "Point", "coordinates": [10.697136, 59.9291706]}, "properties": {"id": 30721710, "feat_type": "way", "quality_categories": "wrong_mispelled_or_unlisted_values", "issue_ids": "[2]", "osm_url": "https://www.openstreetmap.org/way/30721710", "josm_url": "http://127.0.0.1:8111/load_object?new_layer=false&objects=w30721710", "id_url": "https://www.openstreetmap.org/edit?editor=id&way=30721710#map=20/59.9291706/10.697136"}}, {"type": "Feature", "geometry": {"type": "Point", "coordinates": [10.6963388, 59.927048]}, "properties": {"id": 30721725, "feat_type": "way", "quality_categories": "wrong_mispelled_or_unlisted_values", "issue_ids": "[2]", "osm_url": "https://www.openstreetmap.org/way/30721725", "josm_url": "http://127.0.0.1:8111/load_object?new_layer=false&objects=w30721725", "id_url": "https://www.openstreetmap.org/edit?editor=id&way=30721725#map=20/59.927048/10.6963388"}}, {"type": "Feature", "geometry": {"type": "Point", "coordinates": [10.6980502, 59.9288652]}, "properties": {"id": 30727932, "feat_type": "way", "quality_categories": "wrong_mispelled_or_unlisted_values", "issue_ids": "[2]", "osm_url": "https://www.openstreetmap.org/way/30727932", "josm_url": "http://127.0.0.1:8111/load_object?new_layer=false&objects=w30727932", "id_url": "https://www.openstreetmap.org/edit?editor=id&way=30727932#map=20/59.9288652/10.6980502"}}, {"type": "Feature", "geometry": {"type": "Point", "coordinates": [10.7063358, 59.9261745]}, "properties": {"id": 31141245, "feat_type": "way", "quality_categories": "wrong_mispelled_or_unlisted_values", "issue_ids": "[2]", "osm_url": "https://www.openstreetmap.org/way/31141245", "josm_url": "http://127.0.0.1:8111/load_object?new_layer=false&objects=w31141245", "id_url": "https://www.openstreetmap.org/edit?editor=id&way=31141245#map=20/59.9261745/10.7063358"}}, {"type": "Feature", "geometry": {"type": "Point", "coordinates": [10.787846, 59.9051882]}, "properties": {"id": 31722324, "feat_type": "way", "quality_categories": "wrong_mispelled_or_unlisted_values", "issue_ids": "[2]", "osm_url": "https://www.openstreetmap.org/way/31722324", "josm_url": "http://127.0.0.1:8111/load_object?new_layer=false&objects=w31722324", "id_url": "https://www.openstreetmap.org/edit?editor=id&way=31722324#map=20/59.9051882/10.787846"}}, {"type": "Feature", "geometry": {"type": "Point", "coordinates": [10.6794192, 59.9207741]}, "properties": {"id": 31959455, "feat_type": "way", "quality_categories": "wrong_mispelled_or_unlisted_values", "issue_ids": "[2]", "osm_url": "https://www.openstreetmap.org/way/31959455", "josm_url": "http://127.0.0.1:8111/load_object?new_layer=false&objects=w31959455", "id_url": "https://www.openstreetmap.org/edit?editor=id&way=31959455#map=20/59.9207741/10.6794192"}}, {"type": "Feature", "geometry": {"type": "Point", "coordinates": [10.7455616, 59.9172531]}, "properties": {"id": 32447275, "feat_type": "way", "quality_categories": "wrong_mispelled_or_unlisted_values", "issue_ids": "[28]", "osm_url": "https://www.openstreetmap.org/way/32447275", "josm_url": "http://127.0.0.1:8111/load_object?new_layer=false&objects=w32447275", "id_url": "https://www.openstreetmap.org/edit?editor=id&way=32447275#map=20/59.9172531/10.7455616"}}, {"type": "Feature", "geometry": {"type": "Point", "coordinates": [10.7485917, 59.9183636]}, "properties": {"id": 32447833, "feat_type": "way", "quality_categories": "wrong_mispelled_or_unlisted_values", "issue_ids": "[7]", "osm_url": "https://www.openstreetmap.org/way/32447833", "josm_url": "http://127.0.0.1:8111/load_object?new_layer=false&objects=w32447833", "id_url": "https://www.openstreetmap.org/edit?editor=id&way=32447833#map=20/59.9183636/10.7485917"}}, {"type": "Feature", "geometry": {"type": "Point", "coordinates": [10.8392938, 59.8619425]}, "properties": {"id": 34713793, "feat_type": "way", "quality_categories": "wrong_mispelled_or_unlisted_values", "issue_ids": "[2]", "osm_url": "https://www.openstreetmap.org/way/34713793", "josm_url": "http://127.0.0.1:8111/load_object?new_layer=false&objects=w34713793", "id_url": "https://www.openstreetmap.org/edit?editor=id&way=34713793#map=20/59.8619425/10.8392938"}}, {"type": "Feature", "geometry": {"type": "Point", "coordinates": [10.8855624, 59.9469045]}, "properties": {"id": 35208557, "feat_type": "way", "quality_categories": "wrong_mispelled_or_unlisted_values", "issue_ids": "[2]", "osm_url": "https://www.openstreetmap.org/way/35208557", "josm_url": "http://127.0.0.1:8111/load_object?new_layer=false&objects=w35208557", "id_url": "https://www.openstreetmap.org/edit?editor=id&way=35208557#map=20/59.9469045/10.8855624"}}, {"type": "Feature", "geometry": {"type": "Point", "coordinates": [10.8775295, 59.9544243]}, "properties": {"id": 35262566, "feat_type": "way", "quality_categories": "wrong_mispelled_or_unlisted_values", "issue_ids": "[2]", "osm_url": "https://www.openstreetmap.org/way/35262566", "josm_url": "http://127.0.0.1:8111/load_object?new_layer=false&objects=w35262566", "id_url": "https://www.openstreetmap.org/edit?editor=id&way=35262566#map=20/59.9544243/10.8775295"}}, {"type": "Feature", "geometry": {"type": "Point", "coordinates": [10.7925375, 59.8667617]}, "properties": {"id": 35334271, "feat_type": "way", "quality_categories": "wrong_mispelled_or_unlisted_values", "issue_ids": "[2]", "osm_url": "https://www.openstreetmap.org/way/35334271", "josm_url": "http://127.0.0.1:8111/load_object?new_layer=false&objects=w35334271", "id_url": "https://www.openstreetmap.org/edit?editor=id&way=35334271#map=20/59.8667617/10.7925375"}}, {"type": "Feature", "geometry": {"type": "Point", "coordinates": [10.7933594, 59.8655005]}, "properties": {"id": 35334272, "feat_type": "way", "quality_categories": "wrong_mispelled_or_unlisted_values", "issue_ids": "[2]", "osm_url": "https://www.openstreetmap.org/way/35334272", "josm_url": "http://127.0.0.1:8111/load_object?new_layer=false&objects=w35334272", "id_url": "https://www.openstreetmap.org/edit?editor=id&way=35334272#map=20/59.8655005/10.7933594"}}, {"type": "Feature", "geometry": {"type": "Point", "coordinates": [10.7070436, 59.8882287]}, "properties": {"id": 35598064, "feat_type": "way", "quality_categories": "wrong_mispelled_or_unlisted_values", "issue_ids": "[2]", "osm_url": "https://www.openstreetmap.org/way/35598064", "josm_url": "http://127.0.0.1:8111/load_object?new_layer=false&objects=w35598064", "id_url": "https://www.openstreetmap.org/edit?editor=id&way=35598064#map=20/59.8882287/10.7070436"}}, {"type": "Feature", "geometry": {"type": "Point", "coordinates": [10.7626407, 59.9045796]}, "properties": {"id": 36878005, "feat_type": "way", "quality_categories": "wrong_mispelled_or_unlisted_values", "issue_ids": "[2]", "osm_url": "https://www.openstreetmap.org/way/36878005", "josm_url": "http://127.0.0.1:8111/load_object?new_layer=false&objects=w36878005", "id_url": "https://www.openstreetmap.org/edit?editor=id&way=36878005#map=20/59.9045796/10.7626407"}}, {"type": "Feature", "geometry": {"type": "Point", "coordinates": [10.7653021, 59.9043678]}, "properties": {"id": 36878123, "feat_type": "way", "quality_categories": "wrong_mispelled_or_unlisted_values", "issue_ids": "[2]", "osm_url": "https://www.openstreetmap.org/way/36878123", "josm_url": "http://127.0.0.1:8111/load_object?new_layer=false&objects=w36878123", "id_url": "https://www.openstreetmap.org/edit?editor=id&way=36878123#map=20/59.9043678/10.7653021"}}, {"type": "Feature", "geometry": {"type": "Point", "coordinates": [10.6765336, 59.896934]}, "properties": {"id": 37738235, "feat_type": "way", "quality_categories": "wrong_mispelled_or_unlisted_values", "issue_ids": "[2]", "osm_url": "https://www.openstreetmap.org/way/37738235", "josm_url": "http://127.0.0.1:8111/load_object?new_layer=false&objects=w37738235", "id_url": "https://www.openstreetmap.org/edit?editor=id&way=37738235#map=20/59.896934/10.6765336"}}, {"type": "Feature", "geometry": {"type": "Point", "coordinates": [10.7701473, 59.9041881]}, "properties": {"id": 40111867, "feat_type": "way", "quality_categories": "older_than_five_years, wrong_mispelled_or_unlisted_values", "issue_ids": "[2, 29]", "osm_url": "https://www.openstreetmap.org/way/40111867", "josm_url": "http://127.0.0.1:8111/load_object?new_layer=false&objects=w40111867", "id_url": "https://www.openstreetmap.org/edit?editor=id&way=40111867#map=20/59.9041881/10.7701473"}}, {"type": "Feature", "geometry": {"type": "Point", "coordinates": [10.7699, 59.9036271]}, "properties": {"id": 40111874, "feat_type": "way", "quality_categories": "older_than_five_years, wrong_mispelled_or_unlisted_values", "issue_ids": "[2, 4]", "osm_url": "https://www.openstreetmap.org/way/40111874", "josm_url": "http://127.0.0.1:8111/load_object?new_layer=false&objects=w40111874", "id_url": "https://www.openstreetmap.org/edit?editor=id&way=40111874#map=20/59.9036271/10.7699"}}, {"type": "Feature", "geometry": {"type": "Point", "coordinates": [10.7717634, 59.9038236]}, "properties": {"id": 40111875, "feat_type": "way", "quality_categories": "older_than_five_years, wrong_mispelled_or_unlisted_values", "issue_ids": "[2, 29]", "osm_url": "https://www.openstreetmap.org/way/40111875", "josm_url": "http://127.0.0.1:8111/load_object?new_layer=false&objects=w40111875", "id_url": "https://www.openstreetmap.org/edit?editor=id&way=40111875#map=20/59.9038236/10.7717634"}}, {"type": "Feature", "geometry": {"type": "Point", "coordinates": [10.7698645, 59.9032544]}, "properties": {"id": 40111876, "feat_type": "way", "quality_categories": "older_than_five_years, wrong_mispelled_or_unlisted_values", "issue_ids": "[2, 29]", "osm_url": "https://www.openstreetmap.org/way/40111876", "josm_url": "http://127.0.0.1:8111/load_object?new_layer=false&objects=w40111876", "id_url": "https://www.openstreetmap.org/edit?editor=id&way=40111876#map=20/59.9032544/10.7698645"}}, {"type": "Feature", "geometry": {"type": "Point", "coordinates": [10.7046648, 59.9295187]}, "properties": {"id": 42300914, "feat_type": "way", "quality_categories": "wrong_mispelled_or_unlisted_values", "issue_ids": "[2]", "osm_url": "https://www.openstreetmap.org/way/42300914", "josm_url": "http://127.0.0.1:8111/load_object?new_layer=false&objects=w42300914", "id_url": "https://www.openstreetmap.org/edit?editor=id&way=42300914#map=20/59.9295187/10.7046648"}}, {"type": "Feature", "geometry": {"type": "Point", "coordinates": [10.8049444, 59.9479545]}, "properties": {"id": 43077635, "feat_type": "way", "quality_categories": "older_than_five_years, wrong_mispelled_or_unlisted_values", "issue_ids": "[18, 30]", "osm_url": "https://www.openstreetmap.org/way/43077635", "josm_url": "http://127.0.0.1:8111/load_object?new_layer=false&objects=w43077635", "id_url": "https://www.openstreetmap.org/edit?editor=id&way=43077635#map=20/59.9479545/10.8049444"}}, {"type": "Feature", "geometry": {"type": "Point", "coordinates": [10.8471218, 59.8624463]}, "properties": {"id": 43268071, "feat_type": "way", "quality_categories": "wrong_mispelled_or_unlisted_values", "issue_ids": "[18]", "osm_url": "https://www.openstreetmap.org/way/43268071", "josm_url": "http://127.0.0.1:8111/load_object?new_layer=false&objects=w43268071", "id_url": "https://www.openstreetmap.org/edit?editor=id&way=43268071#map=20/59.8624463/10.8471218"}}, {"type": "Feature", "geometry": {"type": "Point", "coordinates": [10.8794964, 59.9201013]}, "properties": {"id": 43954240, "feat_type": "way", "quality_categories": "wrong_mispelled_or_unlisted_values", "issue_ids": "[2]", "osm_url": "https://www.openstreetmap.org/way/43954240", "josm_url": "http://127.0.0.1:8111/load_object?new_layer=false&objects=w43954240", "id_url": "https://www.openstreetmap.org/edit?editor=id&way=43954240#map=20/59.9201013/10.8794964"}}, {"type": "Feature", "geometry": {"type": "Point", "coordinates": [10.6007598, 59.9806247]}, "properties": {"id": 46673115, "feat_type": "way", "quality_categories": "older_than_five_years, wrong_mispelled_or_unlisted_values", "issue_ids": "[16, 31]", "osm_url": "https://www.openstreetmap.org/way/46673115", "josm_url": "http://127.0.0.1:8111/load_object?new_layer=false&objects=w46673115", "id_url": "https://www.openstreetmap.org/edit?editor=id&way=46673115#map=20/59.9806247/10.6007598"}}, {"type": "Feature", "geometry": {"type": "Point", "coordinates": [10.5334295, 60.0005728]}, "properties": {"id": 47300705, "feat_type": "way", "quality_categories": "older_than_five_years, wrong_mispelled_or_unlisted_values", "issue_ids": "[25, 32]", "osm_url": "https://www.openstreetmap.org/way/47300705", "josm_url": "http://127.0.0.1:8111/load_object?new_layer=false&objects=w47300705", "id_url": "https://www.openstreetmap.org/edit?editor=id&way=47300705#map=20/60.0005728/10.5334295"}}, {"type": "Feature", "geometry": {"type": "Point", "coordinates": [10.5243127, 60.0004771]}, "properties": {"id": 47303851, "feat_type": "way", "quality_categories": "older_than_five_years, wrong_mispelled_or_unlisted_values", "issue_ids": "[25, 33]", "osm_url": "https://www.openstreetmap.org/way/47303851", "josm_url": "http://127.0.0.1:8111/load_object?new_layer=false&objects=w47303851", "id_url": "https://www.openstreetmap.org/edit?editor=id&way=47303851#map=20/60.0004771/10.5243127"}}, {"type": "Feature", "geometry": {"type": "Point", "coordinates": [10.8550848, 59.9330219]}, "properties": {"id": 48427814, "feat_type": "way", "quality_categories": "wrong_mispelled_or_unlisted_values", "issue_ids": "[2]", "osm_url": "https://www.openstreetmap.org/way/48427814", "josm_url": "http://127.0.0.1:8111/load_object?new_layer=false&objects=w48427814", "id_url": "https://www.openstreetmap.org/edit?editor=id&way=48427814#map=20/59.9330219/10.8550848"}}, {"type": "Feature", "geometry": {"type": "Point", "coordinates": [10.9072157, 59.8397427]}, "properties": {"id": 48603364, "feat_type": "way", "quality_categories": "wrong_mispelled_or_unlisted_values", "issue_ids": "[34]", "osm_url": "https://www.openstreetmap.org/way/48603364", "josm_url": "http://127.0.0.1:8111/load_object?new_layer=false&objects=w48603364", "id_url": "https://www.openstreetmap.org/edit?editor=id&way=48603364#map=20/59.8397427/10.9072157"}}, {"type": "Feature", "geometry": {"type": "Point", "coordinates": [10.9048651, 59.8485763]}, "properties": {"id": 49014129, "feat_type": "way", "quality_categories": "older_than_five_years, wrong_mispelled_or_unlisted_values", "issue_ids": "[34, 35]", "osm_url": "https://www.openstreetmap.org/way/49014129", "josm_url": "http://127.0.0.1:8111/load_object?new_layer=false&objects=w49014129", "id_url": "https://www.openstreetmap.org/edit?editor=id&way=49014129#map=20/59.8485763/10.9048651"}}, {"type": "Feature", "geometry": {"type": "Point", "coordinates": [10.849657, 59.8705104]}, "properties": {"id": 51694724, "feat_type": "way", "quality_categories": "wrong_mispelled_or_unlisted_values", "issue_ids": "[2]", "osm_url": "https://www.openstreetmap.org/way/51694724", "josm_url": "http://127.0.0.1:8111/load_object?new_layer=false&objects=w51694724", "id_url": "https://www.openstreetmap.org/edit?editor=id&way=51694724#map=20/59.8705104/10.849657"}}, {"type": "Feature", "geometry": {"type": "Point", "coordinates": [10.8488441, 59.8680566]}, "properties": {"id": 51694725, "feat_type": "way", "quality_categories": "wrong_mispelled_or_unlisted_values", "issue_ids": "[15]", "osm_url": "https://www.openstreetmap.org/way/51694725", "josm_url": "http://127.0.0.1:8111/load_object?new_layer=false&objects=w51694725", "id_url": "https://www.openstreetmap.org/edit?editor=id&way=51694725#map=20/59.8680566/10.8488441"}}, {"type": "Feature", "geometry": {"type": "Point", "coordinates": [10.7391768, 59.9064714]}, "properties": {"id": 52513775, "feat_type": "way", "quality_categories": "wrong_mispelled_or_unlisted_values", "issue_ids": "[2]", "osm_url": "https://www.openstreetmap.org/way/52513775", "josm_url": "http://127.0.0.1:8111/load_object?new_layer=false&objects=w52513775", "id_url": "https://www.openstreetmap.org/edit?editor=id&way=52513775#map=20/59.9064714/10.7391768"}}, {"type": "Feature", "geometry": {"type": "Point", "coordinates": [10.739287456751756, 59.90554405]}, "properties": {"id": 54829964, "feat_type": "way", "quality_categories": "wrong_mispelled_or_unlisted_values", "issue_ids": "[16]", "osm_url": "https://www.openstreetmap.org/way/54829964", "josm_url": "http://127.0.0.1:8111/load_object?new_layer=false&objects=w54829964", "id_url": "https://www.openstreetmap.org/edit?editor=id&way=54829964#map=20/59.90554405/10.739287456751756"}}, {"type": "Feature", "geometry": {"type": "Point", "coordinates": [10.7828731, 59.9431178]}, "properties": {"id": 59564478, "feat_type": "way", "quality_categories": "wrong_mispelled_or_unlisted_values", "issue_ids": "[2]", "osm_url": "https://www.openstreetmap.org/way/59564478", "josm_url": "http://127.0.0.1:8111/load_object?new_layer=false&objects=w59564478", "id_url": "https://www.openstreetmap.org/edit?editor=id&way=59564478#map=20/59.9431178/10.7828731"}}, {"type": "Feature", "geometry": {"type": "Point", "coordinates": [10.7153194, 59.943764]}, "properties": {"id": 59721363, "feat_type": "way", "quality_categories": "wrong_mispelled_or_unlisted_values", "issue_ids": "[2]", "osm_url": "https://www.openstreetmap.org/way/59721363", "josm_url": "http://127.0.0.1:8111/load_object?new_layer=false&objects=w59721363", "id_url": "https://www.openstreetmap.org/edit?editor=id&way=59721363#map=20/59.943764/10.7153194"}}, {"type": "Feature", "geometry": {"type": "Point", "coordinates": [10.9013239, 59.9701649]}, "properties": {"id": 61320001, "feat_type": "way", "quality_categories": "older_than_five_years, wrong_mispelled_or_unlisted_values", "issue_ids": "[2, 36]", "osm_url": "https://www.openstreetmap.org/way/61320001", "josm_url": "http://127.0.0.1:8111/load_object?new_layer=false&objects=w61320001", "id_url": "https://www.openstreetmap.org/edit?editor=id&way=61320001#map=20/59.9701649/10.9013239"}}, {"type": "Feature", "geometry": {"type": "Point", "coordinates": [10.8468023, 59.8138077]}, "properties": {"id": 61334564, "feat_type": "way", "quality_categories": "wrong_mispelled_or_unlisted_values", "issue_ids": "[2]", "osm_url": "https://www.openstreetmap.org/way/61334564", "josm_url": "http://127.0.0.1:8111/load_object?new_layer=false&objects=w61334564", "id_url": "https://www.openstreetmap.org/edit?editor=id&way=61334564#map=20/59.8138077/10.8468023"}}, {"type": "Feature", "geometry": {"type": "Point", "coordinates": [10.9028638, 59.8493275]}, "properties": {"id": 62310941, "feat_type": "way", "quality_categories": "older_than_five_years, wrong_mispelled_or_unlisted_values", "issue_ids": "[25, 37]", "osm_url": "https://www.openstreetmap.org/way/62310941", "josm_url": "http://127.0.0.1:8111/load_object?new_layer=false&objects=w62310941", "id_url": "https://www.openstreetmap.org/edit?editor=id&way=62310941#map=20/59.8493275/10.9028638"}}, {"type": "Feature", "geometry": {"type": "Point", "coordinates": [10.9079136, 59.9553009]}, "properties": {"id": 64460721, "feat_type": "way", "quality_categories": "wrong_mispelled_or_unlisted_values", "issue_ids": "[2]", "osm_url": "https://www.openstreetmap.org/way/64460721", "josm_url": "http://127.0.0.1:8111/load_object?new_layer=false&objects=w64460721", "id_url": "https://www.openstreetmap.org/edit?editor=id&way=64460721#map=20/59.9553009/10.9079136"}}, {"type": "Feature", "geometry": {"type": "Point", "coordinates": [10.7993841, 59.951917]}, "properties": {"id": 65183996, "feat_type": "way", "quality_categories": "older_than_five_years, wrong_mispelled_or_unlisted_values", "issue_ids": "[16, 24]", "osm_url": "https://www.openstreetmap.org/way/65183996", "josm_url": "http://127.0.0.1:8111/load_object?new_layer=false&objects=w65183996", "id_url": "https://www.openstreetmap.org/edit?editor=id&way=65183996#map=20/59.951917/10.7993841"}}, {"type": "Feature", "geometry": {"type": "Point", "coordinates": [10.8053963, 59.9565067]}, "properties": {"id": 65198975, "feat_type": "way", "quality_categories": "wrong_mispelled_or_unlisted_values", "issue_ids": "[2]", "osm_url": "https://www.openstreetmap.org/way/65198975", "josm_url": "http://127.0.0.1:8111/load_object?new_layer=false&objects=w65198975", "id_url": "https://www.openstreetmap.org/edit?editor=id&way=65198975#map=20/59.9565067/10.8053963"}}, {"type": "Feature", "geometry": {"type": "Point", "coordinates": [10.7975934, 59.952745]}, "properties": {"id": 65200351, "feat_type": "way", "quality_categories": "wrong_mispelled_or_unlisted_values", "issue_ids": "[2]", "osm_url": "https://www.openstreetmap.org/way/65200351", "josm_url": "http://127.0.0.1:8111/load_object?new_layer=false&objects=w65200351", "id_url": "https://www.openstreetmap.org/edit?editor=id&way=65200351#map=20/59.952745/10.7975934"}}, {"type": "Feature", "geometry": {"type": "Point", "coordinates": [10.8048931, 59.9579355]}, "properties": {"id": 65397380, "feat_type": "way", "quality_categories": "wrong_mispelled_or_unlisted_values", "issue_ids": "[2]", "osm_url": "https://www.openstreetmap.org/way/65397380", "josm_url": "http://127.0.0.1:8111/load_object?new_layer=false&objects=w65397380", "id_url": "https://www.openstreetmap.org/edit?editor=id&way=65397380#map=20/59.9579355/10.8048931"}}, {"type": "Feature", "geometry": {"type": "Point", "coordinates": [10.7192966, 59.9491913]}, "properties": {"id": 66335655, "feat_type": "way", "quality_categories": "wrong_mispelled_or_unlisted_values", "issue_ids": "[2]", "osm_url": "https://www.openstreetmap.org/way/66335655", "josm_url": "http://127.0.0.1:8111/load_object?new_layer=false&objects=w66335655", "id_url": "https://www.openstreetmap.org/edit?editor=id&way=66335655#map=20/59.9491913/10.7192966"}}, {"type": "Feature", "geometry": {"type": "Point", "coordinates": [10.7708599, 59.9628795]}, "properties": {"id": 66566864, "feat_type": "way", "quality_categories": "wrong_mispelled_or_unlisted_values", "issue_ids": "[2]", "osm_url": "https://www.openstreetmap.org/way/66566864", "josm_url": "http://127.0.0.1:8111/load_object?new_layer=false&objects=w66566864", "id_url": "https://www.openstreetmap.org/edit?editor=id&way=66566864#map=20/59.9628795/10.7708599"}}, {"type": "Feature", "geometry": {"type": "Point", "coordinates": [10.727611, 59.9580926]}, "properties": {"id": 66575351, "feat_type": "way", "quality_categories": "wrong_mispelled_or_unlisted_values", "issue_ids": "[2]", "osm_url": "https://www.openstreetmap.org/way/66575351", "josm_url": "http://127.0.0.1:8111/load_object?new_layer=false&objects=w66575351", "id_url": "https://www.openstreetmap.org/edit?editor=id&way=66575351#map=20/59.9580926/10.727611"}}, {"type": "Feature", "geometry": {"type": "Point", "coordinates": [10.6847479, 59.9069261]}, "properties": {"id": 68882200, "feat_type": "way", "quality_categories": "wrong_mispelled_or_unlisted_values", "issue_ids": "[2]", "osm_url": "https://www.openstreetmap.org/way/68882200", "josm_url": "http://127.0.0.1:8111/load_object?new_layer=false&objects=w68882200", "id_url": "https://www.openstreetmap.org/edit?editor=id&way=68882200#map=20/59.9069261/10.6847479"}}, {"type": "Feature", "geometry": {"type": "Point", "coordinates": [10.6829076, 59.9064852]}, "properties": {"id": 68882202, "feat_type": "way", "quality_categories": "wrong_mispelled_or_unlisted_values", "issue_ids": "[2]", "osm_url": "https://www.openstreetmap.org/way/68882202", "josm_url": "http://127.0.0.1:8111/load_object?new_layer=false&objects=w68882202", "id_url": "https://www.openstreetmap.org/edit?editor=id&way=68882202#map=20/59.9064852/10.6829076"}}, {"type": "Feature", "geometry": {"type": "Point", "coordinates": [10.7312149, 59.915487]}, "properties": {"id": 68882439, "feat_type": "way", "quality_categories": "wrong_mispelled_or_unlisted_values", "issue_ids": "[2]", "osm_url": "https://www.openstreetmap.org/way/68882439", "josm_url": "http://127.0.0.1:8111/load_object?new_layer=false&objects=w68882439", "id_url": "https://www.openstreetmap.org/edit?editor=id&way=68882439#map=20/59.915487/10.7312149"}}, {"type": "Feature", "geometry": {"type": "Point", "coordinates": [10.6823641, 59.9071931]}, "properties": {"id": 69067704, "feat_type": "way", "quality_categories": "wrong_mispelled_or_unlisted_values", "issue_ids": "[2]", "osm_url": "https://www.openstreetmap.org/way/69067704", "josm_url": "http://127.0.0.1:8111/load_object?new_layer=false&objects=w69067704", "id_url": "https://www.openstreetmap.org/edit?editor=id&way=69067704#map=20/59.9071931/10.6823641"}}, {"type": "Feature", "geometry": {"type": "Point", "coordinates": [10.6817025, 59.9067158]}, "properties": {"id": 69067708, "feat_type": "way", "quality_categories": "wrong_mispelled_or_unlisted_values", "issue_ids": "[2]", "osm_url": "https://www.openstreetmap.org/way/69067708", "josm_url": "http://127.0.0.1:8111/load_object?new_layer=false&objects=w69067708", "id_url": "https://www.openstreetmap.org/edit?editor=id&way=69067708#map=20/59.9067158/10.6817025"}}, {"type": "Feature", "geometry": {"type": "Point", "coordinates": [10.8181774, 59.9156675]}, "properties": {"id": 70091639, "feat_type": "way", "quality_categories": "wrong_mispelled_or_unlisted_values", "issue_ids": "[38]", "osm_url": "https://www.openstreetmap.org/way/70091639", "josm_url": "http://127.0.0.1:8111/load_object?new_layer=false&objects=w70091639", "id_url": "https://www.openstreetmap.org/edit?editor=id&way=70091639#map=20/59.9156675/10.8181774"}}, {"type": "Feature", "geometry": {"type": "Point", "coordinates": [10.762137, 59.9238645]}, "properties": {"id": 70479455, "feat_type": "way", "quality_categories": "wrong_mispelled_or_unlisted_values", "issue_ids": "[2]", "osm_url": "https://www.openstreetmap.org/way/70479455", "josm_url": "http://127.0.0.1:8111/load_object?new_layer=false&objects=w70479455", "id_url": "https://www.openstreetmap.org/edit?editor=id&way=70479455#map=20/59.9238645/10.762137"}}, {"type": "Feature", "geometry": {"type": "Point", "coordinates": [10.7624098, 59.9227683]}, "properties": {"id": 70479460, "feat_type": "way", "quality_categories": "older_than_five_years, wrong_mispelled_or_unlisted_values", "issue_ids": "[2, 39]", "osm_url": "https://www.openstreetmap.org/way/70479460", "josm_url": "http://127.0.0.1:8111/load_object?new_layer=false&objects=w70479460", "id_url": "https://www.openstreetmap.org/edit?editor=id&way=70479460#map=20/59.9227683/10.7624098"}}, {"type": "Feature", "geometry": {"type": "Point", "coordinates": [10.7634278, 59.9235066]}, "properties": {"id": 70483495, "feat_type": "way", "quality_categories": "older_than_five_years, wrong_mispelled_or_unlisted_values", "issue_ids": "[2, 40]", "osm_url": "https://www.openstreetmap.org/way/70483495", "josm_url": "http://127.0.0.1:8111/load_object?new_layer=false&objects=w70483495", "id_url": "https://www.openstreetmap.org/edit?editor=id&way=70483495#map=20/59.9235066/10.7634278"}}, {"type": "Feature", "geometry": {"type": "Point", "coordinates": [10.7634278, 59.9235066]}, "properties": {"id": 70483497, "feat_type": "way", "quality_categories": "wrong_mispelled_or_unlisted_values", "issue_ids": "[2]", "osm_url": "https://www.openstreetmap.org/way/70483497", "josm_url": "http://127.0.0.1:8111/load_object?new_layer=false&objects=w70483497", "id_url": "https://www.openstreetmap.org/edit?editor=id&way=70483497#map=20/59.9235066/10.7634278"}}, {"type": "Feature", "geometry": {"type": "Point", "coordinates": [10.5209879, 60.0015093]}, "properties": {"id": 72773916, "feat_type": "way", "quality_categories": "older_than_five_years, wrong_mispelled_or_unlisted_values", "issue_ids": "[25, 33]", "osm_url": "https://www.openstreetmap.org/way/72773916", "josm_url": "http://127.0.0.1:8111/load_object?new_layer=false&objects=w72773916", "id_url": "https://www.openstreetmap.org/edit?editor=id&way=72773916#map=20/60.0015093/10.5209879"}}, {"type": "Feature", "geometry": {"type": "Point", "coordinates": [10.5227934, 60.0014123]}, "properties": {"id": 72773918, "feat_type": "way", "quality_categories": "older_than_five_years, wrong_mispelled_or_unlisted_values", "issue_ids": "[25, 33]", "osm_url": "https://www.openstreetmap.org/way/72773918", "josm_url": "http://127.0.0.1:8111/load_object?new_layer=false&objects=w72773918", "id_url": "https://www.openstreetmap.org/edit?editor=id&way=72773918#map=20/60.0014123/10.5227934"}}, {"type": "Feature", "geometry": {"type": "Point", "coordinates": [10.5219316, 60.0021078]}, "properties": {"id": 72773954, "feat_type": "way", "quality_categories": "older_than_five_years, wrong_mispelled_or_unlisted_values", "issue_ids": "[25, 33]", "osm_url": "https://www.openstreetmap.org/way/72773954", "josm_url": "http://127.0.0.1:8111/load_object?new_layer=false&objects=w72773954", "id_url": "https://www.openstreetmap.org/edit?editor=id&way=72773954#map=20/60.0021078/10.5219316"}}, {"type": "Feature", "geometry": {"type": "Point", "coordinates": [10.8994409, 59.876369]}, "properties": {"id": 75896924, "feat_type": "way", "quality_categories": "older_than_five_years, wrong_mispelled_or_unlisted_values", "issue_ids": "[26, 41]", "osm_url": "https://www.openstreetmap.org/way/75896924", "josm_url": "http://127.0.0.1:8111/load_object?new_layer=false&objects=w75896924", "id_url": "https://www.openstreetmap.org/edit?editor=id&way=75896924#map=20/59.876369/10.8994409"}}, {"type": "Feature", "geometry": {"type": "Point", "coordinates": [10.8563035, 59.9010817]}, "properties": {"id": 76114822, "feat_type": "way", "quality_categories": "older_than_five_years, wrong_mispelled_or_unlisted_values", "issue_ids": "[2, 42]", "osm_url": "https://www.openstreetmap.org/way/76114822", "josm_url": "http://127.0.0.1:8111/load_object?new_layer=false&objects=w76114822", "id_url": "https://www.openstreetmap.org/edit?editor=id&way=76114822#map=20/59.9010817/10.8563035"}}, {"type": "Feature", "geometry": {"type": "Point", "coordinates": [10.8619188, 59.8957185]}, "properties": {"id": 77467014, "feat_type": "way", "quality_categories": "older_than_five_years, wrong_mispelled_or_unlisted_values", "issue_ids": "[25, 43]", "osm_url": "https://www.openstreetmap.org/way/77467014", "josm_url": "http://127.0.0.1:8111/load_object?new_layer=false&objects=w77467014", "id_url": "https://www.openstreetmap.org/edit?editor=id&way=77467014#map=20/59.8957185/10.8619188"}}, {"type": "Feature", "geometry": {"type": "Point", "coordinates": [10.7103226, 59.8900551]}, "properties": {"id": 78349713, "feat_type": "way", "quality_categories": "older_than_five_years, wrong_mispelled_or_unlisted_values", "issue_ids": "[2, 44]", "osm_url": "https://www.openstreetmap.org/way/78349713", "josm_url": "http://127.0.0.1:8111/load_object?new_layer=false&objects=w78349713", "id_url": "https://www.openstreetmap.org/edit?editor=id&way=78349713#map=20/59.8900551/10.7103226"}}, {"type": "Feature", "geometry": {"type": "Point", "coordinates": [10.8658599, 59.9093363]}, "properties": {"id": 78470280, "feat_type": "way", "quality_categories": "wrong_mispelled_or_unlisted_values", "issue_ids": "[2]", "osm_url": "https://www.openstreetmap.org/way/78470280", "josm_url": "http://127.0.0.1:8111/load_object?new_layer=false&objects=w78470280", "id_url": "https://www.openstreetmap.org/edit?editor=id&way=78470280#map=20/59.9093363/10.8658599"}}, {"type": "Feature", "geometry": {"type": "Point", "coordinates": [10.7725396, 59.9614368]}, "properties": {"id": 78875753, "feat_type": "way", "quality_categories": "wrong_mispelled_or_unlisted_values", "issue_ids": "[2]", "osm_url": "https://www.openstreetmap.org/way/78875753", "josm_url": "http://127.0.0.1:8111/load_object?new_layer=false&objects=w78875753", "id_url": "https://www.openstreetmap.org/edit?editor=id&way=78875753#map=20/59.9614368/10.7725396"}}, {"type": "Feature", "geometry": {"type": "Point", "coordinates": [10.8404807, 59.9266166]}, "properties": {"id": 79382432, "feat_type": "way", "quality_categories": "wrong_mispelled_or_unlisted_values", "issue_ids": "[2]", "osm_url": "https://www.openstreetmap.org/way/79382432", "josm_url": "http://127.0.0.1:8111/load_object?new_layer=false&objects=w79382432", "id_url": "https://www.openstreetmap.org/edit?editor=id&way=79382432#map=20/59.9266166/10.8404807"}}, {"type": "Feature", "geometry": {"type": "Point", "coordinates": [10.7655185, 59.9557687]}, "properties": {"id": 79506469, "feat_type": "way", "quality_categories": "wrong_mispelled_or_unlisted_values", "issue_ids": "[7]", "osm_url": "https://www.openstreetmap.org/way/79506469", "josm_url": "http://127.0.0.1:8111/load_object?new_layer=false&objects=w79506469", "id_url": "https://www.openstreetmap.org/edit?editor=id&way=79506469#map=20/59.9557687/10.7655185"}}, {"type": "Feature", "geometry": {"type": "Point", "coordinates": [10.7849205, 59.9683587]}, "properties": {"id": 79506475, "feat_type": "way", "quality_categories": "wrong_mispelled_or_unlisted_values", "issue_ids": "[2]", "osm_url": "https://www.openstreetmap.org/way/79506475", "josm_url": "http://127.0.0.1:8111/load_object?new_layer=false&objects=w79506475", "id_url": "https://www.openstreetmap.org/edit?editor=id&way=79506475#map=20/59.9683587/10.7849205"}}, {"type": "Feature", "geometry": {"type": "Point", "coordinates": [10.8636419, 59.9460292]}, "properties": {"id": 80171809, "feat_type": "way", "quality_categories": "wrong_mispelled_or_unlisted_values", "issue_ids": "[2]", "osm_url": "https://www.openstreetmap.org/way/80171809", "josm_url": "http://127.0.0.1:8111/load_object?new_layer=false&objects=w80171809", "id_url": "https://www.openstreetmap.org/edit?editor=id&way=80171809#map=20/59.9460292/10.8636419"}}, {"type": "Feature", "geometry": {"type": "Point", "coordinates": [10.873619, 59.9491539]}, "properties": {"id": 80173917, "feat_type": "way", "quality_categories": "older_than_five_years, wrong_mispelled_or_unlisted_values", "issue_ids": "[2, 45]", "osm_url": "https://www.openstreetmap.org/way/80173917", "josm_url": "http://127.0.0.1:8111/load_object?new_layer=false&objects=w80173917", "id_url": "https://www.openstreetmap.org/edit?editor=id&way=80173917#map=20/59.9491539/10.873619"}}, {"type": "Feature", "geometry": {"type": "Point", "coordinates": [10.8735728, 59.9490374]}, "properties": {"id": 80173923, "feat_type": "way", "quality_categories": "older_than_five_years, wrong_mispelled_or_unlisted_values", "issue_ids": "[2, 45]", "osm_url": "https://www.openstreetmap.org/way/80173923", "josm_url": "http://127.0.0.1:8111/load_object?new_layer=false&objects=w80173923", "id_url": "https://www.openstreetmap.org/edit?editor=id&way=80173923#map=20/59.9490374/10.8735728"}}, {"type": "Feature", "geometry": {"type": "Point", "coordinates": [10.9335224, 59.9649784]}, "properties": {"id": 80369596, "feat_type": "way", "quality_categories": "wrong_mispelled_or_unlisted_values", "issue_ids": "[2]", "osm_url": "https://www.openstreetmap.org/way/80369596", "josm_url": "http://127.0.0.1:8111/load_object?new_layer=false&objects=w80369596", "id_url": "https://www.openstreetmap.org/edit?editor=id&way=80369596#map=20/59.9649784/10.9335224"}}, {"type": "Feature", "geometry": {"type": "Point", "coordinates": [10.875577, 59.9501243]}, "properties": {"id": 80874345, "feat_type": "way", "quality_categories": "older_than_five_years, wrong_mispelled_or_unlisted_values", "issue_ids": "[2, 46]", "osm_url": "https://www.openstreetmap.org/way/80874345", "josm_url": "http://127.0.0.1:8111/load_object?new_layer=false&objects=w80874345", "id_url": "https://www.openstreetmap.org/edit?editor=id&way=80874345#map=20/59.9501243/10.875577"}}, {"type": "Feature", "geometry": {"type": "Point", "coordinates": [10.8744733, 59.9504064]}, "properties": {"id": 80874347, "feat_type": "way", "quality_categories": "older_than_five_years, wrong_mispelled_or_unlisted_values", "issue_ids": "[2, 46]", "osm_url": "https://www.openstreetmap.org/way/80874347", "josm_url": "http://127.0.0.1:8111/load_object?new_layer=false&objects=w80874347", "id_url": "https://www.openstreetmap.org/edit?editor=id&way=80874347#map=20/59.9504064/10.8744733"}}, {"type": "Feature", "geometry": {"type": "Point", "coordinates": [10.8728848, 59.948448]}, "properties": {"id": 80874349, "feat_type": "way", "quality_categories": "wrong_mispelled_or_unlisted_values", "issue_ids": "[2]", "osm_url": "https://www.openstreetmap.org/way/80874349", "josm_url": "http://127.0.0.1:8111/load_object?new_layer=false&objects=w80874349", "id_url": "https://www.openstreetmap.org/edit?editor=id&way=80874349#map=20/59.948448/10.8728848"}}, {"type": "Feature", "geometry": {"type": "Point", "coordinates": [10.8747462, 59.9499262]}, "properties": {"id": 80874350, "feat_type": "way", "quality_categories": "older_than_five_years, wrong_mispelled_or_unlisted_values", "issue_ids": "[2, 46]", "osm_url": "https://www.openstreetmap.org/way/80874350", "josm_url": "http://127.0.0.1:8111/load_object?new_layer=false&objects=w80874350", "id_url": "https://www.openstreetmap.org/edit?editor=id&way=80874350#map=20/59.9499262/10.8747462"}}, {"type": "Feature", "geometry": {"type": "Point", "coordinates": [10.8978749, 59.9517298]}, "properties": {"id": 80878493, "feat_type": "way", "quality_categories": "older_than_five_years, wrong_mispelled_or_unlisted_values", "issue_ids": "[16, 47]", "osm_url": "https://www.openstreetmap.org/way/80878493", "josm_url": "http://127.0.0.1:8111/load_object?new_layer=false&objects=w80878493", "id_url": "https://www.openstreetmap.org/edit?editor=id&way=80878493#map=20/59.9517298/10.8978749"}}, {"type": "Feature", "geometry": {"type": "Point", "coordinates": [10.9080344, 59.9555204]}, "properties": {"id": 80878520, "feat_type": "way", "quality_categories": "wrong_mispelled_or_unlisted_values", "issue_ids": "[2]", "osm_url": "https://www.openstreetmap.org/way/80878520", "josm_url": "http://127.0.0.1:8111/load_object?new_layer=false&objects=w80878520", "id_url": "https://www.openstreetmap.org/edit?editor=id&way=80878520#map=20/59.9555204/10.9080344"}}, {"type": "Feature", "geometry": {"type": "Point", "coordinates": [10.6804839, 59.9802604]}, "properties": {"id": 80913386, "feat_type": "way", "quality_categories": "wrong_mispelled_or_unlisted_values", "issue_ids": "[2]", "osm_url": "https://www.openstreetmap.org/way/80913386", "josm_url": "http://127.0.0.1:8111/load_object?new_layer=false&objects=w80913386", "id_url": "https://www.openstreetmap.org/edit?editor=id&way=80913386#map=20/59.9802604/10.6804839"}}, {"type": "Feature", "geometry": {"type": "Point", "coordinates": [10.6707262, 59.9667628]}, "properties": {"id": 81164205, "feat_type": "way", "quality_categories": "wrong_mispelled_or_unlisted_values", "issue_ids": "[2]", "osm_url": "https://www.openstreetmap.org/way/81164205", "josm_url": "http://127.0.0.1:8111/load_object?new_layer=false&objects=w81164205", "id_url": "https://www.openstreetmap.org/edit?editor=id&way=81164205#map=20/59.9667628/10.6707262"}}, {"type": "Feature", "geometry": {"type": "Point", "coordinates": [10.7196263, 59.9656118]}, "properties": {"id": 82210613, "feat_type": "way", "quality_categories": "older_than_five_years, wrong_mispelled_or_unlisted_values", "issue_ids": "[2, 48]", "osm_url": "https://www.openstreetmap.org/way/82210613", "josm_url": "http://127.0.0.1:8111/load_object?new_layer=false&objects=w82210613", "id_url": "https://www.openstreetmap.org/edit?editor=id&way=82210613#map=20/59.9656118/10.7196263"}}, {"type": "Feature", "geometry": {"type": "Point", "coordinates": [10.7018449, 59.9329606]}, "properties": {"id": 82568478, "feat_type": "way", "quality_categories": "wrong_mispelled_or_unlisted_values", "issue_ids": "[2]", "osm_url": "https://www.openstreetmap.org/way/82568478", "josm_url": "http://127.0.0.1:8111/load_object?new_layer=false&objects=w82568478", "id_url": "https://www.openstreetmap.org/edit?editor=id&way=82568478#map=20/59.9329606/10.7018449"}}, {"type": "Feature", "geometry": {"type": "Point", "coordinates": [10.6955303, 59.9278967]}, "properties": {"id": 82568722, "feat_type": "way", "quality_categories": "wrong_mispelled_or_unlisted_values", "issue_ids": "[2]", "osm_url": "https://www.openstreetmap.org/way/82568722", "josm_url": "http://127.0.0.1:8111/load_object?new_layer=false&objects=w82568722", "id_url": "https://www.openstreetmap.org/edit?editor=id&way=82568722#map=20/59.9278967/10.6955303"}}, {"type": "Feature", "geometry": {"type": "Point", "coordinates": [10.7010731, 59.9623043]}, "properties": {"id": 82781701, "feat_type": "way", "quality_categories": "wrong_mispelled_or_unlisted_values", "issue_ids": "[18]", "osm_url": "https://www.openstreetmap.org/way/82781701", "josm_url": "http://127.0.0.1:8111/load_object?new_layer=false&objects=w82781701", "id_url": "https://www.openstreetmap.org/edit?editor=id&way=82781701#map=20/59.9623043/10.7010731"}}, {"type": "Feature", "geometry": {"type": "Point", "coordinates": [10.699258, 59.9617041]}, "properties": {"id": 82781725, "feat_type": "way", "quality_categories": "older_than_five_years, wrong_mispelled_or_unlisted_values", "issue_ids": "[18, 49]", "osm_url": "https://www.openstreetmap.org/way/82781725", "josm_url": "http://127.0.0.1:8111/load_object?new_layer=false&objects=w82781725", "id_url": "https://www.openstreetmap.org/edit?editor=id&way=82781725#map=20/59.9617041/10.699258"}}, {"type": "Feature", "geometry": {"type": "Point", "coordinates": [10.6977674, 59.9605113]}, "properties": {"id": 82781772, "feat_type": "way", "quality_categories": "wrong_mispelled_or_unlisted_values", "issue_ids": "[16]", "osm_url": "https://www.openstreetmap.org/way/82781772", "josm_url": "http://127.0.0.1:8111/load_object?new_layer=false&objects=w82781772", "id_url": "https://www.openstreetmap.org/edit?editor=id&way=82781772#map=20/59.9605113/10.6977674"}}, {"type": "Feature", "geometry": {"type": "Point", "coordinates": [10.7008977, 59.9622419]}, "properties": {"id": 82781848, "feat_type": "way", "quality_categories": "wrong_mispelled_or_unlisted_values", "issue_ids": "[16]", "osm_url": "https://www.openstreetmap.org/way/82781848", "josm_url": "http://127.0.0.1:8111/load_object?new_layer=false&objects=w82781848", "id_url": "https://www.openstreetmap.org/edit?editor=id&way=82781848#map=20/59.9622419/10.7008977"}}, {"type": "Feature", "geometry": {"type": "Point", "coordinates": [10.7705171, 60.0432012]}, "properties": {"id": 83674093, "feat_type": "way", "quality_categories": "older_than_five_years, wrong_mispelled_or_unlisted_values", "issue_ids": "[16, 17]", "osm_url": "https://www.openstreetmap.org/way/83674093", "josm_url": "http://127.0.0.1:8111/load_object?new_layer=false&objects=w83674093", "id_url": "https://www.openstreetmap.org/edit?editor=id&way=83674093#map=20/60.0432012/10.7705171"}}, {"type": "Feature", "geometry": {"type": "Point", "coordinates": [10.8542287, 59.9012828]}, "properties": {"id": 85684907, "feat_type": "way", "quality_categories": "wrong_mispelled_or_unlisted_values", "issue_ids": "[2]", "osm_url": "https://www.openstreetmap.org/way/85684907", "josm_url": "http://127.0.0.1:8111/load_object?new_layer=false&objects=w85684907", "id_url": "https://www.openstreetmap.org/edit?editor=id&way=85684907#map=20/59.9012828/10.8542287"}}, {"type": "Feature", "geometry": {"type": "Point", "coordinates": [10.7828102, 59.9655749]}, "properties": {"id": 85826389, "feat_type": "way", "quality_categories": "wrong_mispelled_or_unlisted_values", "issue_ids": "[16]", "osm_url": "https://www.openstreetmap.org/way/85826389", "josm_url": "http://127.0.0.1:8111/load_object?new_layer=false&objects=w85826389", "id_url": "https://www.openstreetmap.org/edit?editor=id&way=85826389#map=20/59.9655749/10.7828102"}}, {"type": "Feature", "geometry": {"type": "Point", "coordinates": [10.8854716, 59.929057]}, "properties": {"id": 85830513, "feat_type": "way", "quality_categories": "wrong_mispelled_or_unlisted_values", "issue_ids": "[2]", "osm_url": "https://www.openstreetmap.org/way/85830513", "josm_url": "http://127.0.0.1:8111/load_object?new_layer=false&objects=w85830513", "id_url": "https://www.openstreetmap.org/edit?editor=id&way=85830513#map=20/59.929057/10.8854716"}}, {"type": "Feature", "geometry": {"type": "Point", "coordinates": [10.8816317, 59.9183541]}, "properties": {"id": 85830519, "feat_type": "way", "quality_categories": "wrong_mispelled_or_unlisted_values", "issue_ids": "[2]", "osm_url": "https://www.openstreetmap.org/way/85830519", "josm_url": "http://127.0.0.1:8111/load_object?new_layer=false&objects=w85830519", "id_url": "https://www.openstreetmap.org/edit?editor=id&way=85830519#map=20/59.9183541/10.8816317"}}, {"type": "Feature", "geometry": {"type": "Point", "coordinates": [10.8535427, 59.9005363]}, "properties": {"id": 86023567, "feat_type": "way", "quality_categories": "older_than_five_years, wrong_mispelled_or_unlisted_values", "issue_ids": "[2, 42]", "osm_url": "https://www.openstreetmap.org/way/86023567", "josm_url": "http://127.0.0.1:8111/load_object?new_layer=false&objects=w86023567", "id_url": "https://www.openstreetmap.org/edit?editor=id&way=86023567#map=20/59.9005363/10.8535427"}}, {"type": "Feature", "geometry": {"type": "Point", "coordinates": [10.8349603, 59.894796]}, "properties": {"id": 86126830, "feat_type": "way", "quality_categories": "wrong_mispelled_or_unlisted_values", "issue_ids": "[2]", "osm_url": "https://www.openstreetmap.org/way/86126830", "josm_url": "http://127.0.0.1:8111/load_object?new_layer=false&objects=w86126830", "id_url": "https://www.openstreetmap.org/edit?editor=id&way=86126830#map=20/59.894796/10.8349603"}}, {"type": "Feature", "geometry": {"type": "Point", "coordinates": [10.8233223, 59.8607539]}, "properties": {"id": 86133624, "feat_type": "way", "quality_categories": "wrong_mispelled_or_unlisted_values", "issue_ids": "[2]", "osm_url": "https://www.openstreetmap.org/way/86133624", "josm_url": "http://127.0.0.1:8111/load_object?new_layer=false&objects=w86133624", "id_url": "https://www.openstreetmap.org/edit?editor=id&way=86133624#map=20/59.8607539/10.8233223"}}, {"type": "Feature", "geometry": {"type": "Point", "coordinates": [10.8251321, 59.8612941]}, "properties": {"id": 86133629, "feat_type": "way", "quality_categories": "wrong_mispelled_or_unlisted_values", "issue_ids": "[2]", "osm_url": "https://www.openstreetmap.org/way/86133629", "josm_url": "http://127.0.0.1:8111/load_object?new_layer=false&objects=w86133629", "id_url": "https://www.openstreetmap.org/edit?editor=id&way=86133629#map=20/59.8612941/10.8251321"}}, {"type": "Feature", "geometry": {"type": "Point", "coordinates": [10.799548, 59.9795964]}, "properties": {"id": 86663976, "feat_type": "way", "quality_categories": "wrong_mispelled_or_unlisted_values", "issue_ids": "[50]", "osm_url": "https://www.openstreetmap.org/way/86663976", "josm_url": "http://127.0.0.1:8111/load_object?new_layer=false&objects=w86663976", "id_url": "https://www.openstreetmap.org/edit?editor=id&way=86663976#map=20/59.9795964/10.799548"}}, {"type": "Feature", "geometry": {"type": "Point", "coordinates": [10.8140926, 59.8419589]}, "properties": {"id": 87074144, "feat_type": "way", "quality_categories": "wrong_mispelled_or_unlisted_values", "issue_ids": "[15]", "osm_url": "https://www.openstreetmap.org/way/87074144", "josm_url": "http://127.0.0.1:8111/load_object?new_layer=false&objects=w87074144", "id_url": "https://www.openstreetmap.org/edit?editor=id&way=87074144#map=20/59.8419589/10.8140926"}}, {"type": "Feature", "geometry": {"type": "Point", "coordinates": [10.8567766, 59.8417718]}, "properties": {"id": 87075075, "feat_type": "way", "quality_categories": "wrong_mispelled_or_unlisted_values", "issue_ids": "[16]", "osm_url": "https://www.openstreetmap.org/way/87075075", "josm_url": "http://127.0.0.1:8111/load_object?new_layer=false&objects=w87075075", "id_url": "https://www.openstreetmap.org/edit?editor=id&way=87075075#map=20/59.8417718/10.8567766"}}, {"type": "Feature", "geometry": {"type": "Point", "coordinates": [10.8552119, 59.842681]}, "properties": {"id": 87075086, "feat_type": "way", "quality_categories": "wrong_mispelled_or_unlisted_values", "issue_ids": "[16]", "osm_url": "https://www.openstreetmap.org/way/87075086", "josm_url": "http://127.0.0.1:8111/load_object?new_layer=false&objects=w87075086", "id_url": "https://www.openstreetmap.org/edit?editor=id&way=87075086#map=20/59.842681/10.8552119"}}, {"type": "Feature", "geometry": {"type": "Point", "coordinates": [10.8460394, 59.8156626]}, "properties": {"id": 87823287, "feat_type": "way", "quality_categories": "wrong_mispelled_or_unlisted_values", "issue_ids": "[2]", "osm_url": "https://www.openstreetmap.org/way/87823287", "josm_url": "http://127.0.0.1:8111/load_object?new_layer=false&objects=w87823287", "id_url": "https://www.openstreetmap.org/edit?editor=id&way=87823287#map=20/59.8156626/10.8460394"}}, {"type": "Feature", "geometry": {"type": "Point", "coordinates": [10.8052771, 59.9565832]}, "properties": {"id": 89153253, "feat_type": "way", "quality_categories": "older_than_five_years, wrong_mispelled_or_unlisted_values", "issue_ids": "[2, 23]", "osm_url": "https://www.openstreetmap.org/way/89153253", "josm_url": "http://127.0.0.1:8111/load_object?new_layer=false&objects=w89153253", "id_url": "https://www.openstreetmap.org/edit?editor=id&way=89153253#map=20/59.9565832/10.8052771"}}, {"type": "Feature", "geometry": {"type": "Point", "coordinates": [10.6534277, 59.9265564]}, "properties": {"id": 92725531, "feat_type": "way", "quality_categories": "wrong_mispelled_or_unlisted_values", "issue_ids": "[2]", "osm_url": "https://www.openstreetmap.org/way/92725531", "josm_url": "http://127.0.0.1:8111/load_object?new_layer=false&objects=w92725531", "id_url": "https://www.openstreetmap.org/edit?editor=id&way=92725531#map=20/59.9265564/10.6534277"}}, {"type": "Feature", "geometry": {"type": "Point", "coordinates": [10.6534344, 59.9263369]}, "properties": {"id": 92725532, "feat_type": "way", "quality_categories": "wrong_mispelled_or_unlisted_values", "issue_ids": "[2]", "osm_url": "https://www.openstreetmap.org/way/92725532", "josm_url": "http://127.0.0.1:8111/load_object?new_layer=false&objects=w92725532", "id_url": "https://www.openstreetmap.org/edit?editor=id&way=92725532#map=20/59.9263369/10.6534344"}}, {"type": "Feature", "geometry": {"type": "Point", "coordinates": [10.6523368, 59.9248583]}, "properties": {"id": 92725535, "feat_type": "way", "quality_categories": "wrong_mispelled_or_unlisted_values", "issue_ids": "[2]", "osm_url": "https://www.openstreetmap.org/way/92725535", "josm_url": "http://127.0.0.1:8111/load_object?new_layer=false&objects=w92725535", "id_url": "https://www.openstreetmap.org/edit?editor=id&way=92725535#map=20/59.9248583/10.6523368"}}, {"type": "Feature", "geometry": {"type": "Point", "coordinates": [10.6527296, 59.9259041]}, "properties": {"id": 92725536, "feat_type": "way", "quality_categories": "wrong_mispelled_or_unlisted_values", "issue_ids": "[2]", "osm_url": "https://www.openstreetmap.org/way/92725536", "josm_url": "http://127.0.0.1:8111/load_object?new_layer=false&objects=w92725536", "id_url": "https://www.openstreetmap.org/edit?editor=id&way=92725536#map=20/59.9259041/10.6527296"}}, {"type": "Feature", "geometry": {"type": "Point", "coordinates": [10.652726, 59.9254556]}, "properties": {"id": 92725538, "feat_type": "way", "quality_categories": "wrong_mispelled_or_unlisted_values", "issue_ids": "[2]", "osm_url": "https://www.openstreetmap.org/way/92725538", "josm_url": "http://127.0.0.1:8111/load_object?new_layer=false&objects=w92725538", "id_url": "https://www.openstreetmap.org/edit?editor=id&way=92725538#map=20/59.9254556/10.652726"}}, {"type": "Feature", "geometry": {"type": "Point", "coordinates": [10.6527264, 59.9256814]}, "properties": {"id": 92725545, "feat_type": "way", "quality_categories": "wrong_mispelled_or_unlisted_values", "issue_ids": "[2]", "osm_url": "https://www.openstreetmap.org/way/92725545", "josm_url": "http://127.0.0.1:8111/load_object?new_layer=false&objects=w92725545", "id_url": "https://www.openstreetmap.org/edit?editor=id&way=92725545#map=20/59.9256814/10.6527264"}}, {"type": "Feature", "geometry": {"type": "Point", "coordinates": [10.8947297, 59.9707618]}, "properties": {"id": 93316022, "feat_type": "way", "quality_categories": "older_than_five_years, wrong_mispelled_or_unlisted_values", "issue_ids": "[16, 51]", "osm_url": "https://www.openstreetmap.org/way/93316022", "josm_url": "http://127.0.0.1:8111/load_object?new_layer=false&objects=w93316022", "id_url": "https://www.openstreetmap.org/edit?editor=id&way=93316022#map=20/59.9707618/10.8947297"}}, {"type": "Feature", "geometry": {"type": "Point", "coordinates": [10.8238022, 59.8838301]}, "properties": {"id": 96390203, "feat_type": "way", "quality_categories": "wrong_mispelled_or_unlisted_values", "issue_ids": "[2]", "osm_url": "https://www.openstreetmap.org/way/96390203", "josm_url": "http://127.0.0.1:8111/load_object?new_layer=false&objects=w96390203", "id_url": "https://www.openstreetmap.org/edit?editor=id&way=96390203#map=20/59.8838301/10.8238022"}}, {"type": "Feature", "geometry": {"type": "Point", "coordinates": [10.8327312, 59.8969663]}, "properties": {"id": 96398939, "feat_type": "way", "quality_categories": "wrong_mispelled_or_unlisted_values", "issue_ids": "[2]", "osm_url": "https://www.openstreetmap.org/way/96398939", "josm_url": "http://127.0.0.1:8111/load_object?new_layer=false&objects=w96398939", "id_url": "https://www.openstreetmap.org/edit?editor=id&way=96398939#map=20/59.8969663/10.8327312"}}, {"type": "Feature", "geometry": {"type": "Point", "coordinates": [10.8217635, 59.8957276]}, "properties": {"id": 96731682, "feat_type": "way", "quality_categories": "wrong_mispelled_or_unlisted_values", "issue_ids": "[2]", "osm_url": "https://www.openstreetmap.org/way/96731682", "josm_url": "http://127.0.0.1:8111/load_object?new_layer=false&objects=w96731682", "id_url": "https://www.openstreetmap.org/edit?editor=id&way=96731682#map=20/59.8957276/10.8217635"}}, {"type": "Feature", "geometry": {"type": "Point", "coordinates": [10.8602527, 59.9046988]}, "properties": {"id": 97226596, "feat_type": "way", "quality_categories": "older_than_five_years, wrong_mispelled_or_unlisted_values", "issue_ids": "[25, 52]", "osm_url": "https://www.openstreetmap.org/way/97226596", "josm_url": "http://127.0.0.1:8111/load_object?new_layer=false&objects=w97226596", "id_url": "https://www.openstreetmap.org/edit?editor=id&way=97226596#map=20/59.9046988/10.8602527"}}, {"type": "Feature", "geometry": {"type": "Point", "coordinates": [10.6981083, 59.9840703]}, "properties": {"id": 97392066, "feat_type": "way", "quality_categories": "older_than_five_years, wrong_mispelled_or_unlisted_values", "issue_ids": "[25, 53]", "osm_url": "https://www.openstreetmap.org/way/97392066", "josm_url": "http://127.0.0.1:8111/load_object?new_layer=false&objects=w97392066", "id_url": "https://www.openstreetmap.org/edit?editor=id&way=97392066#map=20/59.9840703/10.6981083"}}, {"type": "Feature", "geometry": {"type": "Point", "coordinates": [10.8697051, 59.9021733]}, "properties": {"id": 97800923, "feat_type": "way", "quality_categories": "older_than_five_years, wrong_mispelled_or_unlisted_values", "issue_ids": "[26, 8]", "osm_url": "https://www.openstreetmap.org/way/97800923", "josm_url": "http://127.0.0.1:8111/load_object?new_layer=false&objects=w97800923", "id_url": "https://www.openstreetmap.org/edit?editor=id&way=97800923#map=20/59.9021733/10.8697051"}}, {"type": "Feature", "geometry": {"type": "Point", "coordinates": [10.8733725, 59.9049209]}, "properties": {"id": 97800936, "feat_type": "way", "quality_categories": "older_than_five_years, wrong_mispelled_or_unlisted_values", "issue_ids": "[25, 54]", "osm_url": "https://www.openstreetmap.org/way/97800936", "josm_url": "http://127.0.0.1:8111/load_object?new_layer=false&objects=w97800936", "id_url": "https://www.openstreetmap.org/edit?editor=id&way=97800936#map=20/59.9049209/10.8733725"}}, {"type": "Feature", "geometry": {"type": "Point", "coordinates": [10.8621888, 59.9207486]}, "properties": {"id": 97802122, "feat_type": "way", "quality_categories": "wrong_mispelled_or_unlisted_values", "issue_ids": "[2]", "osm_url": "https://www.openstreetmap.org/way/97802122", "josm_url": "http://127.0.0.1:8111/load_object?new_layer=false&objects=w97802122", "id_url": "https://www.openstreetmap.org/edit?editor=id&way=97802122#map=20/59.9207486/10.8621888"}}, {"type": "Feature", "geometry": {"type": "Point", "coordinates": [10.7900749, 59.8456583]}, "properties": {"id": 98539563, "feat_type": "way", "quality_categories": "wrong_mispelled_or_unlisted_values", "issue_ids": "[2]", "osm_url": "https://www.openstreetmap.org/way/98539563", "josm_url": "http://127.0.0.1:8111/load_object?new_layer=false&objects=w98539563", "id_url": "https://www.openstreetmap.org/edit?editor=id&way=98539563#map=20/59.8456583/10.7900749"}}, {"type": "Feature", "geometry": {"type": "Point", "coordinates": [10.7928175, 59.8432956]}, "properties": {"id": 98539588, "feat_type": "way", "quality_categories": "wrong_mispelled_or_unlisted_values", "issue_ids": "[16]", "osm_url": "https://www.openstreetmap.org/way/98539588", "josm_url": "http://127.0.0.1:8111/load_object?new_layer=false&objects=w98539588", "id_url": "https://www.openstreetmap.org/edit?editor=id&way=98539588#map=20/59.8432956/10.7928175"}}, {"type": "Feature", "geometry": {"type": "Point", "coordinates": [10.7889013, 59.8437902]}, "properties": {"id": 98539600, "feat_type": "way", "quality_categories": "wrong_mispelled_or_unlisted_values", "issue_ids": "[2]", "osm_url": "https://www.openstreetmap.org/way/98539600", "josm_url": "http://127.0.0.1:8111/load_object?new_layer=false&objects=w98539600", "id_url": "https://www.openstreetmap.org/edit?editor=id&way=98539600#map=20/59.8437902/10.7889013"}}, {"type": "Feature", "geometry": {"type": "Point", "coordinates": [10.7008437, 59.9623944]}, "properties": {"id": 102162171, "feat_type": "way", "quality_categories": "wrong_mispelled_or_unlisted_values", "issue_ids": "[16]", "osm_url": "https://www.openstreetmap.org/way/102162171", "josm_url": "http://127.0.0.1:8111/load_object?new_layer=false&objects=w102162171", "id_url": "https://www.openstreetmap.org/edit?editor=id&way=102162171#map=20/59.9623944/10.7008437"}}, {"type": "Feature", "geometry": {"type": "Point", "coordinates": [10.7998194, 59.9797841]}, "properties": {"id": 102457445, "feat_type": "way", "quality_categories": "wrong_mispelled_or_unlisted_values", "issue_ids": "[26]", "osm_url": "https://www.openstreetmap.org/way/102457445", "josm_url": "http://127.0.0.1:8111/load_object?new_layer=false&objects=w102457445", "id_url": "https://www.openstreetmap.org/edit?editor=id&way=102457445#map=20/59.9797841/10.7998194"}}, {"type": "Feature", "geometry": {"type": "Point", "coordinates": [10.7194097, 59.943824]}, "properties": {"id": 102485449, "feat_type": "way", "quality_categories": "wrong_mispelled_or_unlisted_values", "issue_ids": "[2]", "osm_url": "https://www.openstreetmap.org/way/102485449", "josm_url": "http://127.0.0.1:8111/load_object?new_layer=false&objects=w102485449", "id_url": "https://www.openstreetmap.org/edit?editor=id&way=102485449#map=20/59.943824/10.7194097"}}, {"type": "Feature", "geometry": {"type": "Point", "coordinates": [10.6794679, 59.9813433]}, "properties": {"id": 102687771, "feat_type": "way", "quality_categories": "wrong_mispelled_or_unlisted_values", "issue_ids": "[2]", "osm_url": "https://www.openstreetmap.org/way/102687771", "josm_url": "http://127.0.0.1:8111/load_object?new_layer=false&objects=w102687771", "id_url": "https://www.openstreetmap.org/edit?editor=id&way=102687771#map=20/59.9813433/10.6794679"}}, {"type": "Feature", "geometry": {"type": "Point", "coordinates": [10.6785976, 59.9795088]}, "properties": {"id": 102959994, "feat_type": "way", "quality_categories": "older_than_five_years, wrong_mispelled_or_unlisted_values", "issue_ids": "[25, 55]", "osm_url": "https://www.openstreetmap.org/way/102959994", "josm_url": "http://127.0.0.1:8111/load_object?new_layer=false&objects=w102959994", "id_url": "https://www.openstreetmap.org/edit?editor=id&way=102959994#map=20/59.9795088/10.6785976"}}, {"type": "Feature", "geometry": {"type": "Point", "coordinates": [10.860568, 59.9657735]}, "properties": {"id": 103021530, "feat_type": "way", "quality_categories": "wrong_mispelled_or_unlisted_values", "issue_ids": "[2]", "osm_url": "https://www.openstreetmap.org/way/103021530", "josm_url": "http://127.0.0.1:8111/load_object?new_layer=false&objects=w103021530", "id_url": "https://www.openstreetmap.org/edit?editor=id&way=103021530#map=20/59.9657735/10.860568"}}, {"type": "Feature", "geometry": {"type": "Point", "coordinates": [10.6540862, 60.0026682]}, "properties": {"id": 103761530, "feat_type": "way", "quality_categories": "older_than_five_years, wrong_mispelled_or_unlisted_values", "issue_ids": "[25, 56]", "osm_url": "https://www.openstreetmap.org/way/103761530", "josm_url": "http://127.0.0.1:8111/load_object?new_layer=false&objects=w103761530", "id_url": "https://www.openstreetmap.org/edit?editor=id&way=103761530#map=20/60.0026682/10.6540862"}}, {"type": "Feature", "geometry": {"type": "Point", "coordinates": [10.8004866, 59.9239062]}, "properties": {"id": 103987344, "feat_type": "way", "quality_categories": "wrong_mispelled_or_unlisted_values", "issue_ids": "[2]", "osm_url": "https://www.openstreetmap.org/way/103987344", "josm_url": "http://127.0.0.1:8111/load_object?new_layer=false&objects=w103987344", "id_url": "https://www.openstreetmap.org/edit?editor=id&way=103987344#map=20/59.9239062/10.8004866"}}, {"type": "Feature", "geometry": {"type": "Point", "coordinates": [10.9330402, 59.9646302]}, "properties": {"id": 104446451, "feat_type": "way", "quality_categories": "wrong_mispelled_or_unlisted_values", "issue_ids": "[2]", "osm_url": "https://www.openstreetmap.org/way/104446451", "josm_url": "http://127.0.0.1:8111/load_object?new_layer=false&objects=w104446451", "id_url": "https://www.openstreetmap.org/edit?editor=id&way=104446451#map=20/59.9646302/10.9330402"}}, {"type": "Feature", "geometry": {"type": "Point", "coordinates": [10.9346675, 59.967427]}, "properties": {"id": 104448152, "feat_type": "way", "quality_categories": "wrong_mispelled_or_unlisted_values", "issue_ids": "[18]", "osm_url": "https://www.openstreetmap.org/way/104448152", "josm_url": "http://127.0.0.1:8111/load_object?new_layer=false&objects=w104448152", "id_url": "https://www.openstreetmap.org/edit?editor=id&way=104448152#map=20/59.967427/10.9346675"}}, {"type": "Feature", "geometry": {"type": "Point", "coordinates": [10.7243129, 59.8858416]}, "properties": {"id": 104934895, "feat_type": "way", "quality_categories": "wrong_mispelled_or_unlisted_values", "issue_ids": "[2]", "osm_url": "https://www.openstreetmap.org/way/104934895", "josm_url": "http://127.0.0.1:8111/load_object?new_layer=false&objects=w104934895", "id_url": "https://www.openstreetmap.org/edit?editor=id&way=104934895#map=20/59.8858416/10.7243129"}}, {"type": "Feature", "geometry": {"type": "Point", "coordinates": [10.8687754, 59.9027378]}, "properties": {"id": 105080500, "feat_type": "way", "quality_categories": "older_than_five_years, wrong_mispelled_or_unlisted_values", "issue_ids": "[26, 57]", "osm_url": "https://www.openstreetmap.org/way/105080500", "josm_url": "http://127.0.0.1:8111/load_object?new_layer=false&objects=w105080500", "id_url": "https://www.openstreetmap.org/edit?editor=id&way=105080500#map=20/59.9027378/10.8687754"}}, {"type": "Feature", "geometry": {"type": "Point", "coordinates": [10.7151048, 59.9445333]}, "properties": {"id": 105555575, "feat_type": "way", "quality_categories": "wrong_mispelled_or_unlisted_values", "issue_ids": "[2]", "osm_url": "https://www.openstreetmap.org/way/105555575", "josm_url": "http://127.0.0.1:8111/load_object?new_layer=false&objects=w105555575", "id_url": "https://www.openstreetmap.org/edit?editor=id&way=105555575#map=20/59.9445333/10.7151048"}}, {"type": "Feature", "geometry": {"type": "Point", "coordinates": [10.8231438, 59.9552489]}, "properties": {"id": 105950763, "feat_type": "way", "quality_categories": "older_than_five_years, wrong_mispelled_or_unlisted_values", "issue_ids": "[2, 58]", "osm_url": "https://www.openstreetmap.org/way/105950763", "josm_url": "http://127.0.0.1:8111/load_object?new_layer=false&objects=w105950763", "id_url": "https://www.openstreetmap.org/edit?editor=id&way=105950763#map=20/59.9552489/10.8231438"}}, {"type": "Feature", "geometry": {"type": "Point", "coordinates": [10.7272399, 59.8942686]}, "properties": {"id": 106431683, "feat_type": "way", "quality_categories": "wrong_mispelled_or_unlisted_values", "issue_ids": "[2]", "osm_url": "https://www.openstreetmap.org/way/106431683", "josm_url": "http://127.0.0.1:8111/load_object?new_layer=false&objects=w106431683", "id_url": "https://www.openstreetmap.org/edit?editor=id&way=106431683#map=20/59.8942686/10.7272399"}}, {"type": "Feature", "geometry": {"type": "Point", "coordinates": [10.9212798, 59.9663847]}, "properties": {"id": 108031592, "feat_type": "way", "quality_categories": "wrong_mispelled_or_unlisted_values", "issue_ids": "[59]", "osm_url": "https://www.openstreetmap.org/way/108031592", "josm_url": "http://127.0.0.1:8111/load_object?new_layer=false&objects=w108031592", "id_url": "https://www.openstreetmap.org/edit?editor=id&way=108031592#map=20/59.9663847/10.9212798"}}, {"type": "Feature", "geometry": {"type": "Point", "coordinates": [10.9245038, 59.9628938]}, "properties": {"id": 108144533, "feat_type": "way", "quality_categories": "wrong_mispelled_or_unlisted_values", "issue_ids": "[18]", "osm_url": "https://www.openstreetmap.org/way/108144533", "josm_url": "http://127.0.0.1:8111/load_object?new_layer=false&objects=w108144533", "id_url": "https://www.openstreetmap.org/edit?editor=id&way=108144533#map=20/59.9628938/10.9245038"}}, {"type": "Feature", "geometry": {"type": "Point", "coordinates": [10.6511861, 59.9291018]}, "properties": {"id": 109810746, "feat_type": "way", "quality_categories": "wrong_mispelled_or_unlisted_values", "issue_ids": "[2]", "osm_url": "https://www.openstreetmap.org/way/109810746", "josm_url": "http://127.0.0.1:8111/load_object?new_layer=false&objects=w109810746", "id_url": "https://www.openstreetmap.org/edit?editor=id&way=109810746#map=20/59.9291018/10.6511861"}}, {"type": "Feature", "geometry": {"type": "Point", "coordinates": [10.7041964, 59.9238266]}, "properties": {"id": 109816179, "feat_type": "way", "quality_categories": "wrong_mispelled_or_unlisted_values", "issue_ids": "[2]", "osm_url": "https://www.openstreetmap.org/way/109816179", "josm_url": "http://127.0.0.1:8111/load_object?new_layer=false&objects=w109816179", "id_url": "https://www.openstreetmap.org/edit?editor=id&way=109816179#map=20/59.9238266/10.7041964"}}, {"type": "Feature", "geometry": {"type": "Point", "coordinates": [10.7056857, 59.9237759]}, "properties": {"id": 109816191, "feat_type": "way", "quality_categories": "wrong_mispelled_or_unlisted_values", "issue_ids": "[2]", "osm_url": "https://www.openstreetmap.org/way/109816191", "josm_url": "http://127.0.0.1:8111/load_object?new_layer=false&objects=w109816191", "id_url": "https://www.openstreetmap.org/edit?editor=id&way=109816191#map=20/59.9237759/10.7056857"}}, {"type": "Feature", "geometry": {"type": "Point", "coordinates": [10.70423, 59.9243918]}, "properties": {"id": 109816201, "feat_type": "way", "quality_categories": "wrong_mispelled_or_unlisted_values", "issue_ids": "[2]", "osm_url": "https://www.openstreetmap.org/way/109816201", "josm_url": "http://127.0.0.1:8111/load_object?new_layer=false&objects=w109816201", "id_url": "https://www.openstreetmap.org/edit?editor=id&way=109816201#map=20/59.9243918/10.70423"}}, {"type": "Feature", "geometry": {"type": "Point", "coordinates": [10.7034299, 59.9230244]}, "properties": {"id": 109816209, "feat_type": "way", "quality_categories": "wrong_mispelled_or_unlisted_values", "issue_ids": "[2]", "osm_url": "https://www.openstreetmap.org/way/109816209", "josm_url": "http://127.0.0.1:8111/load_object?new_layer=false&objects=w109816209", "id_url": "https://www.openstreetmap.org/edit?editor=id&way=109816209#map=20/59.9230244/10.7034299"}}, {"type": "Feature", "geometry": {"type": "Point", "coordinates": [10.7041607, 59.9247243]}, "properties": {"id": 109816215, "feat_type": "way", "quality_categories": "wrong_mispelled_or_unlisted_values", "issue_ids": "[2]", "osm_url": "https://www.openstreetmap.org/way/109816215", "josm_url": "http://127.0.0.1:8111/load_object?new_layer=false&objects=w109816215", "id_url": "https://www.openstreetmap.org/edit?editor=id&way=109816215#map=20/59.9247243/10.7041607"}}, {"type": "Feature", "geometry": {"type": "Point", "coordinates": [10.7041969, 59.9233335]}, "properties": {"id": 109816216, "feat_type": "way", "quality_categories": "wrong_mispelled_or_unlisted_values", "issue_ids": "[2]", "osm_url": "https://www.openstreetmap.org/way/109816216", "josm_url": "http://127.0.0.1:8111/load_object?new_layer=false&objects=w109816216", "id_url": "https://www.openstreetmap.org/edit?editor=id&way=109816216#map=20/59.9233335/10.7041969"}}, {"type": "Feature", "geometry": {"type": "Point", "coordinates": [10.7057317, 59.9248899]}, "properties": {"id": 109816233, "feat_type": "way", "quality_categories": "wrong_mispelled_or_unlisted_values", "issue_ids": "[2]", "osm_url": "https://www.openstreetmap.org/way/109816233", "josm_url": "http://127.0.0.1:8111/load_object?new_layer=false&objects=w109816233", "id_url": "https://www.openstreetmap.org/edit?editor=id&way=109816233#map=20/59.9248899/10.7057317"}}, {"type": "Feature", "geometry": {"type": "Point", "coordinates": [10.9185372, 59.9500891]}, "properties": {"id": 109979781, "feat_type": "way", "quality_categories": "wrong_mispelled_or_unlisted_values", "issue_ids": "[2]", "osm_url": "https://www.openstreetmap.org/way/109979781", "josm_url": "http://127.0.0.1:8111/load_object?new_layer=false&objects=w109979781", "id_url": "https://www.openstreetmap.org/edit?editor=id&way=109979781#map=20/59.9500891/10.9185372"}}, {"type": "Feature", "geometry": {"type": "Point", "coordinates": [10.8768895, 59.9577528]}, "properties": {"id": 109981835, "feat_type": "way", "quality_categories": "wrong_mispelled_or_unlisted_values", "issue_ids": "[2]", "osm_url": "https://www.openstreetmap.org/way/109981835", "josm_url": "http://127.0.0.1:8111/load_object?new_layer=false&objects=w109981835", "id_url": "https://www.openstreetmap.org/edit?editor=id&way=109981835#map=20/59.9577528/10.8768895"}}, {"type": "Feature", "geometry": {"type": "Point", "coordinates": [10.7290296, 59.9195037]}, "properties": {"id": 111695461, "feat_type": "way", "quality_categories": "wrong_mispelled_or_unlisted_values", "issue_ids": "[2]", "osm_url": "https://www.openstreetmap.org/way/111695461", "josm_url": "http://127.0.0.1:8111/load_object?new_layer=false&objects=w111695461", "id_url": "https://www.openstreetmap.org/edit?editor=id&way=111695461#map=20/59.9195037/10.7290296"}}, {"type": "Feature", "geometry": {"type": "Point", "coordinates": [10.7281008, 59.9196184]}, "properties": {"id": 111695477, "feat_type": "way", "quality_categories": "wrong_mispelled_or_unlisted_values", "issue_ids": "[2]", "osm_url": "https://www.openstreetmap.org/way/111695477", "josm_url": "http://127.0.0.1:8111/load_object?new_layer=false&objects=w111695477", "id_url": "https://www.openstreetmap.org/edit?editor=id&way=111695477#map=20/59.9196184/10.7281008"}}, {"type": "Feature", "geometry": {"type": "Point", "coordinates": [10.736071, 59.910129]}, "properties": {"id": 111833893, "feat_type": "way", "quality_categories": "wrong_mispelled_or_unlisted_values", "issue_ids": "[2]", "osm_url": "https://www.openstreetmap.org/way/111833893", "josm_url": "http://127.0.0.1:8111/load_object?new_layer=false&objects=w111833893", "id_url": "https://www.openstreetmap.org/edit?editor=id&way=111833893#map=20/59.910129/10.736071"}}, {"type": "Feature", "geometry": {"type": "Point", "coordinates": [10.7416537, 59.907653]}, "properties": {"id": 112190342, "feat_type": "way", "quality_categories": "wrong_mispelled_or_unlisted_values", "issue_ids": "[2]", "osm_url": "https://www.openstreetmap.org/way/112190342", "josm_url": "http://127.0.0.1:8111/load_object?new_layer=false&objects=w112190342", "id_url": "https://www.openstreetmap.org/edit?editor=id&way=112190342#map=20/59.907653/10.7416537"}}, {"type": "Feature", "geometry": {"type": "Point", "coordinates": [10.7424784, 59.9072208]}, "properties": {"id": 112190348, "feat_type": "way", "quality_categories": "wrong_mispelled_or_unlisted_values", "issue_ids": "[2]", "osm_url": "https://www.openstreetmap.org/way/112190348", "josm_url": "http://127.0.0.1:8111/load_object?new_layer=false&objects=w112190348", "id_url": "https://www.openstreetmap.org/edit?editor=id&way=112190348#map=20/59.9072208/10.7424784"}}, {"type": "Feature", "geometry": {"type": "Point", "coordinates": [10.7428392, 59.9073802]}, "properties": {"id": 112190354, "feat_type": "way", "quality_categories": "wrong_mispelled_or_unlisted_values", "issue_ids": "[2]", "osm_url": "https://www.openstreetmap.org/way/112190354", "josm_url": "http://127.0.0.1:8111/load_object?new_layer=false&objects=w112190354", "id_url": "https://www.openstreetmap.org/edit?editor=id&way=112190354#map=20/59.9073802/10.7428392"}}, {"type": "Feature", "geometry": {"type": "Point", "coordinates": [10.7425985, 59.9075959]}, "properties": {"id": 112190356, "feat_type": "way", "quality_categories": "wrong_mispelled_or_unlisted_values", "issue_ids": "[2]", "osm_url": "https://www.openstreetmap.org/way/112190356", "josm_url": "http://127.0.0.1:8111/load_object?new_layer=false&objects=w112190356", "id_url": "https://www.openstreetmap.org/edit?editor=id&way=112190356#map=20/59.9075959/10.7425985"}}, {"type": "Feature", "geometry": {"type": "Point", "coordinates": [10.741892, 59.907457]}, "properties": {"id": 112190365, "feat_type": "way", "quality_categories": "wrong_mispelled_or_unlisted_values", "issue_ids": "[2]", "osm_url": "https://www.openstreetmap.org/way/112190365", "josm_url": "http://127.0.0.1:8111/load_object?new_layer=false&objects=w112190365", "id_url": "https://www.openstreetmap.org/edit?editor=id&way=112190365#map=20/59.907457/10.741892"}}, {"type": "Feature", "geometry": {"type": "Point", "coordinates": [10.7418699, 59.9076263]}, "properties": {"id": 112190367, "feat_type": "way", "quality_categories": "wrong_mispelled_or_unlisted_values", "issue_ids": "[2]", "osm_url": "https://www.openstreetmap.org/way/112190367", "josm_url": "http://127.0.0.1:8111/load_object?new_layer=false&objects=w112190367", "id_url": "https://www.openstreetmap.org/edit?editor=id&way=112190367#map=20/59.9076263/10.7418699"}}, {"type": "Feature", "geometry": {"type": "Point", "coordinates": [10.7423966, 59.9075162]}, "properties": {"id": 112190372, "feat_type": "way", "quality_categories": "wrong_mispelled_or_unlisted_values", "issue_ids": "[2]", "osm_url": "https://www.openstreetmap.org/way/112190372", "josm_url": "http://127.0.0.1:8111/load_object?new_layer=false&objects=w112190372", "id_url": "https://www.openstreetmap.org/edit?editor=id&way=112190372#map=20/59.9075162/10.7423966"}}, {"type": "Feature", "geometry": {"type": "Point", "coordinates": [10.7418448, 59.9076137]}, "properties": {"id": 112190375, "feat_type": "way", "quality_categories": "wrong_mispelled_or_unlisted_values", "issue_ids": "[2]", "osm_url": "https://www.openstreetmap.org/way/112190375", "josm_url": "http://127.0.0.1:8111/load_object?new_layer=false&objects=w112190375", "id_url": "https://www.openstreetmap.org/edit?editor=id&way=112190375#map=20/59.9076137/10.7418448"}}, {"type": "Feature", "geometry": {"type": "Point", "coordinates": [10.7420469, 59.9076463]}, "properties": {"id": 112190382, "feat_type": "way", "quality_categories": "wrong_mispelled_or_unlisted_values", "issue_ids": "[2]", "osm_url": "https://www.openstreetmap.org/way/112190382", "josm_url": "http://127.0.0.1:8111/load_object?new_layer=false&objects=w112190382", "id_url": "https://www.openstreetmap.org/edit?editor=id&way=112190382#map=20/59.9076463/10.7420469"}}, {"type": "Feature", "geometry": {"type": "Point", "coordinates": [10.7427723, 59.907519]}, "properties": {"id": 112190383, "feat_type": "way", "quality_categories": "wrong_mispelled_or_unlisted_values", "issue_ids": "[2]", "osm_url": "https://www.openstreetmap.org/way/112190383", "josm_url": "http://127.0.0.1:8111/load_object?new_layer=false&objects=w112190383", "id_url": "https://www.openstreetmap.org/edit?editor=id&way=112190383#map=20/59.907519/10.7427723"}}, {"type": "Feature", "geometry": {"type": "Point", "coordinates": [10.7497855, 59.92182]}, "properties": {"id": 112407293, "feat_type": "way", "quality_categories": "older_than_five_years, wrong_mispelled_or_unlisted_values", "issue_ids": "[2, 60]", "osm_url": "https://www.openstreetmap.org/way/112407293", "josm_url": "http://127.0.0.1:8111/load_object?new_layer=false&objects=w112407293", "id_url": "https://www.openstreetmap.org/edit?editor=id&way=112407293#map=20/59.92182/10.7497855"}}, {"type": "Feature", "geometry": {"type": "Point", "coordinates": [10.8147732, 59.9081677]}, "properties": {"id": 112543925, "feat_type": "way", "quality_categories": "wrong_mispelled_or_unlisted_values", "issue_ids": "[18]", "osm_url": "https://www.openstreetmap.org/way/112543925", "josm_url": "http://127.0.0.1:8111/load_object?new_layer=false&objects=w112543925", "id_url": "https://www.openstreetmap.org/edit?editor=id&way=112543925#map=20/59.9081677/10.8147732"}}, {"type": "Feature", "geometry": {"type": "Point", "coordinates": [10.7056341, 59.9302363]}, "properties": {"id": 113041801, "feat_type": "way", "quality_categories": "wrong_mispelled_or_unlisted_values", "issue_ids": "[2]", "osm_url": "https://www.openstreetmap.org/way/113041801", "josm_url": "http://127.0.0.1:8111/load_object?new_layer=false&objects=w113041801", "id_url": "https://www.openstreetmap.org/edit?editor=id&way=113041801#map=20/59.9302363/10.7056341"}}, {"type": "Feature", "geometry": {"type": "Point", "coordinates": [10.7027674, 59.9296411]}, "properties": {"id": 113041802, "feat_type": "way", "quality_categories": "wrong_mispelled_or_unlisted_values", "issue_ids": "[2]", "osm_url": "https://www.openstreetmap.org/way/113041802", "josm_url": "http://127.0.0.1:8111/load_object?new_layer=false&objects=w113041802", "id_url": "https://www.openstreetmap.org/edit?editor=id&way=113041802#map=20/59.9296411/10.7027674"}}, {"type": "Feature", "geometry": {"type": "Point", "coordinates": [10.7525481, 59.9272296]}, "properties": {"id": 113044093, "feat_type": "way", "quality_categories": "wrong_mispelled_or_unlisted_values", "issue_ids": "[2]", "osm_url": "https://www.openstreetmap.org/way/113044093", "josm_url": "http://127.0.0.1:8111/load_object?new_layer=false&objects=w113044093", "id_url": "https://www.openstreetmap.org/edit?editor=id&way=113044093#map=20/59.9272296/10.7525481"}}, {"type": "Feature", "geometry": {"type": "Point", "coordinates": [10.8077817, 59.9068825]}, "properties": {"id": 113281380, "feat_type": "way", "quality_categories": "wrong_mispelled_or_unlisted_values", "issue_ids": "[2]", "osm_url": "https://www.openstreetmap.org/way/113281380", "josm_url": "http://127.0.0.1:8111/load_object?new_layer=false&objects=w113281380", "id_url": "https://www.openstreetmap.org/edit?editor=id&way=113281380#map=20/59.9068825/10.8077817"}}, {"type": "Feature", "geometry": {"type": "Point", "coordinates": [10.8103364, 59.9073733]}, "properties": {"id": 113281387, "feat_type": "way", "quality_categories": "wrong_mispelled_or_unlisted_values", "issue_ids": "[2]", "osm_url": "https://www.openstreetmap.org/way/113281387", "josm_url": "http://127.0.0.1:8111/load_object?new_layer=false&objects=w113281387", "id_url": "https://www.openstreetmap.org/edit?editor=id&way=113281387#map=20/59.9073733/10.8103364"}}, {"type": "Feature", "geometry": {"type": "Point", "coordinates": [10.8030053, 59.9059878]}, "properties": {"id": 113281389, "feat_type": "way", "quality_categories": "wrong_mispelled_or_unlisted_values", "issue_ids": "[2]", "osm_url": "https://www.openstreetmap.org/way/113281389", "josm_url": "http://127.0.0.1:8111/load_object?new_layer=false&objects=w113281389", "id_url": "https://www.openstreetmap.org/edit?editor=id&way=113281389#map=20/59.9059878/10.8030053"}}, {"type": "Feature", "geometry": {"type": "Point", "coordinates": [10.7625123, 59.9459827]}, "properties": {"id": 113612830, "feat_type": "way", "quality_categories": "older_than_five_years, wrong_mispelled_or_unlisted_values", "issue_ids": "[2, 61]", "osm_url": "https://www.openstreetmap.org/way/113612830", "josm_url": "http://127.0.0.1:8111/load_object?new_layer=false&objects=w113612830", "id_url": "https://www.openstreetmap.org/edit?editor=id&way=113612830#map=20/59.9459827/10.7625123"}}, {"type": "Feature", "geometry": {"type": "Point", "coordinates": [10.7531234, 59.9324809]}, "properties": {"id": 113696718, "feat_type": "way", "quality_categories": "wrong_mispelled_or_unlisted_values", "issue_ids": "[2]", "osm_url": "https://www.openstreetmap.org/way/113696718", "josm_url": "http://127.0.0.1:8111/load_object?new_layer=false&objects=w113696718", "id_url": "https://www.openstreetmap.org/edit?editor=id&way=113696718#map=20/59.9324809/10.7531234"}}, {"type": "Feature", "geometry": {"type": "Point", "coordinates": [10.7534974, 59.9325564]}, "properties": {"id": 113696730, "feat_type": "way", "quality_categories": "wrong_mispelled_or_unlisted_values", "issue_ids": "[2]", "osm_url": "https://www.openstreetmap.org/way/113696730", "josm_url": "http://127.0.0.1:8111/load_object?new_layer=false&objects=w113696730", "id_url": "https://www.openstreetmap.org/edit?editor=id&way=113696730#map=20/59.9325564/10.7534974"}}, {"type": "Feature", "geometry": {"type": "Point", "coordinates": [10.7428211, 59.9280227]}, "properties": {"id": 113718736, "feat_type": "way", "quality_categories": "wrong_mispelled_or_unlisted_values", "issue_ids": "[2]", "osm_url": "https://www.openstreetmap.org/way/113718736", "josm_url": "http://127.0.0.1:8111/load_object?new_layer=false&objects=w113718736", "id_url": "https://www.openstreetmap.org/edit?editor=id&way=113718736#map=20/59.9280227/10.7428211"}}, {"type": "Feature", "geometry": {"type": "Point", "coordinates": [10.740619, 59.9258935]}, "properties": {"id": 113718751, "feat_type": "way", "quality_categories": "wrong_mispelled_or_unlisted_values", "issue_ids": "[2]", "osm_url": "https://www.openstreetmap.org/way/113718751", "josm_url": "http://127.0.0.1:8111/load_object?new_layer=false&objects=w113718751", "id_url": "https://www.openstreetmap.org/edit?editor=id&way=113718751#map=20/59.9258935/10.740619"}}, {"type": "Feature", "geometry": {"type": "Point", "coordinates": [10.7435202, 59.9281509]}, "properties": {"id": 113718754, "feat_type": "way", "quality_categories": "wrong_mispelled_or_unlisted_values", "issue_ids": "[2]", "osm_url": "https://www.openstreetmap.org/way/113718754", "josm_url": "http://127.0.0.1:8111/load_object?new_layer=false&objects=w113718754", "id_url": "https://www.openstreetmap.org/edit?editor=id&way=113718754#map=20/59.9281509/10.7435202"}}, {"type": "Feature", "geometry": {"type": "Point", "coordinates": [10.6838454, 59.9069149]}, "properties": {"id": 114200491, "feat_type": "way", "quality_categories": "wrong_mispelled_or_unlisted_values", "issue_ids": "[2]", "osm_url": "https://www.openstreetmap.org/way/114200491", "josm_url": "http://127.0.0.1:8111/load_object?new_layer=false&objects=w114200491", "id_url": "https://www.openstreetmap.org/edit?editor=id&way=114200491#map=20/59.9069149/10.6838454"}}, {"type": "Feature", "geometry": {"type": "Point", "coordinates": [10.7305373, 59.9308309]}, "properties": {"id": 114996124, "feat_type": "way", "quality_categories": "wrong_mispelled_or_unlisted_values", "issue_ids": "[7]", "osm_url": "https://www.openstreetmap.org/way/114996124", "josm_url": "http://127.0.0.1:8111/load_object?new_layer=false&objects=w114996124", "id_url": "https://www.openstreetmap.org/edit?editor=id&way=114996124#map=20/59.9308309/10.7305373"}}, {"type": "Feature", "geometry": {"type": "Point", "coordinates": [10.8591648, 59.9667268]}, "properties": {"id": 115133439, "feat_type": "way", "quality_categories": "wrong_mispelled_or_unlisted_values", "issue_ids": "[2]", "osm_url": "https://www.openstreetmap.org/way/115133439", "josm_url": "http://127.0.0.1:8111/load_object?new_layer=false&objects=w115133439", "id_url": "https://www.openstreetmap.org/edit?editor=id&way=115133439#map=20/59.9667268/10.8591648"}}, {"type": "Feature", "geometry": {"type": "Point", "coordinates": [10.7379268, 59.9318162]}, "properties": {"id": 115215121, "feat_type": "way", "quality_categories": "older_than_five_years, wrong_mispelled_or_unlisted_values", "issue_ids": "[2, 62]", "osm_url": "https://www.openstreetmap.org/way/115215121", "josm_url": "http://127.0.0.1:8111/load_object?new_layer=false&objects=w115215121", "id_url": "https://www.openstreetmap.org/edit?editor=id&way=115215121#map=20/59.9318162/10.7379268"}}, {"type": "Feature", "geometry": {"type": "Point", "coordinates": [10.854241, 59.9759229]}, "properties": {"id": 116003757, "feat_type": "way", "quality_categories": "older_than_five_years, wrong_mispelled_or_unlisted_values", "issue_ids": "[26, 63]", "osm_url": "https://www.openstreetmap.org/way/116003757", "josm_url": "http://127.0.0.1:8111/load_object?new_layer=false&objects=w116003757", "id_url": "https://www.openstreetmap.org/edit?editor=id&way=116003757#map=20/59.9759229/10.854241"}}, {"type": "Feature", "geometry": {"type": "Point", "coordinates": [10.8417542, 59.9659721]}, "properties": {"id": 116003777, "feat_type": "way", "quality_categories": "wrong_mispelled_or_unlisted_values", "issue_ids": "[25]", "osm_url": "https://www.openstreetmap.org/way/116003777", "josm_url": "http://127.0.0.1:8111/load_object?new_layer=false&objects=w116003777", "id_url": "https://www.openstreetmap.org/edit?editor=id&way=116003777#map=20/59.9659721/10.8417542"}}, {"type": "Feature", "geometry": {"type": "Point", "coordinates": [10.7483384, 59.969925]}, "properties": {"id": 116243318, "feat_type": "way", "quality_categories": "wrong_mispelled_or_unlisted_values", "issue_ids": "[26]", "osm_url": "https://www.openstreetmap.org/way/116243318", "josm_url": "http://127.0.0.1:8111/load_object?new_layer=false&objects=w116243318", "id_url": "https://www.openstreetmap.org/edit?editor=id&way=116243318#map=20/59.969925/10.7483384"}}, {"type": "Feature", "geometry": {"type": "Point", "coordinates": [10.8132462, 59.9710599]}, "properties": {"id": 116504676, "feat_type": "way", "quality_categories": "older_than_five_years, wrong_mispelled_or_unlisted_values", "issue_ids": "[25, 53]", "osm_url": "https://www.openstreetmap.org/way/116504676", "josm_url": "http://127.0.0.1:8111/load_object?new_layer=false&objects=w116504676", "id_url": "https://www.openstreetmap.org/edit?editor=id&way=116504676#map=20/59.9710599/10.8132462"}}, {"type": "Feature", "geometry": {"type": "Point", "coordinates": [10.7222548, 59.9354782]}, "properties": {"id": 116853148, "feat_type": "way", "quality_categories": "wrong_mispelled_or_unlisted_values", "issue_ids": "[2]", "osm_url": "https://www.openstreetmap.org/way/116853148", "josm_url": "http://127.0.0.1:8111/load_object?new_layer=false&objects=w116853148", "id_url": "https://www.openstreetmap.org/edit?editor=id&way=116853148#map=20/59.9354782/10.7222548"}}, {"type": "Feature", "geometry": {"type": "Point", "coordinates": [10.7615933, 59.9502372]}, "properties": {"id": 116863098, "feat_type": "way", "quality_categories": "wrong_mispelled_or_unlisted_values", "issue_ids": "[2]", "osm_url": "https://www.openstreetmap.org/way/116863098", "josm_url": "http://127.0.0.1:8111/load_object?new_layer=false&objects=w116863098", "id_url": "https://www.openstreetmap.org/edit?editor=id&way=116863098#map=20/59.9502372/10.7615933"}}, {"type": "Feature", "geometry": {"type": "Point", "coordinates": [10.6995324, 59.9251275]}, "properties": {"id": 117215871, "feat_type": "way", "quality_categories": "wrong_mispelled_or_unlisted_values", "issue_ids": "[2]", "osm_url": "https://www.openstreetmap.org/way/117215871", "josm_url": "http://127.0.0.1:8111/load_object?new_layer=false&objects=w117215871", "id_url": "https://www.openstreetmap.org/edit?editor=id&way=117215871#map=20/59.9251275/10.6995324"}}, {"type": "Feature", "geometry": {"type": "Point", "coordinates": [10.6918778, 59.9215104]}, "properties": {"id": 117215879, "feat_type": "way", "quality_categories": "wrong_mispelled_or_unlisted_values", "issue_ids": "[2]", "osm_url": "https://www.openstreetmap.org/way/117215879", "josm_url": "http://127.0.0.1:8111/load_object?new_layer=false&objects=w117215879", "id_url": "https://www.openstreetmap.org/edit?editor=id&way=117215879#map=20/59.9215104/10.6918778"}}, {"type": "Feature", "geometry": {"type": "Point", "coordinates": [10.8010563, 59.9456141]}, "properties": {"id": 117262495, "feat_type": "way", "quality_categories": "wrong_mispelled_or_unlisted_values", "issue_ids": "[2]", "osm_url": "https://www.openstreetmap.org/way/117262495", "josm_url": "http://127.0.0.1:8111/load_object?new_layer=false&objects=w117262495", "id_url": "https://www.openstreetmap.org/edit?editor=id&way=117262495#map=20/59.9456141/10.8010563"}}, {"type": "Feature", "geometry": {"type": "Point", "coordinates": [10.9171607, 59.9764021]}, "properties": {"id": 117982552, "feat_type": "way", "quality_categories": "wrong_mispelled_or_unlisted_values", "issue_ids": "[18]", "osm_url": "https://www.openstreetmap.org/way/117982552", "josm_url": "http://127.0.0.1:8111/load_object?new_layer=false&objects=w117982552", "id_url": "https://www.openstreetmap.org/edit?editor=id&way=117982552#map=20/59.9764021/10.9171607"}}, {"type": "Feature", "geometry": {"type": "Point", "coordinates": [10.8377741, 59.8724365]}, "properties": {"id": 118105038, "feat_type": "way", "quality_categories": "wrong_mispelled_or_unlisted_values", "issue_ids": "[2]", "osm_url": "https://www.openstreetmap.org/way/118105038", "josm_url": "http://127.0.0.1:8111/load_object?new_layer=false&objects=w118105038", "id_url": "https://www.openstreetmap.org/edit?editor=id&way=118105038#map=20/59.8724365/10.8377741"}}, {"type": "Feature", "geometry": {"type": "Point", "coordinates": [10.6733742, 59.9404196]}, "properties": {"id": 118115560, "feat_type": "way", "quality_categories": "wrong_mispelled_or_unlisted_values", "issue_ids": "[2]", "osm_url": "https://www.openstreetmap.org/way/118115560", "josm_url": "http://127.0.0.1:8111/load_object?new_layer=false&objects=w118115560", "id_url": "https://www.openstreetmap.org/edit?editor=id&way=118115560#map=20/59.9404196/10.6733742"}}, {"type": "Feature", "geometry": {"type": "Point", "coordinates": [10.6995324, 59.9251275]}, "properties": {"id": 118136528, "feat_type": "way", "quality_categories": "wrong_mispelled_or_unlisted_values", "issue_ids": "[2]", "osm_url": "https://www.openstreetmap.org/way/118136528", "josm_url": "http://127.0.0.1:8111/load_object?new_layer=false&objects=w118136528", "id_url": "https://www.openstreetmap.org/edit?editor=id&way=118136528#map=20/59.9251275/10.6995324"}}, {"type": "Feature", "geometry": {"type": "Point", "coordinates": [10.7015603, 59.9276881]}, "properties": {"id": 118136529, "feat_type": "way", "quality_categories": "wrong_mispelled_or_unlisted_values", "issue_ids": "[2]", "osm_url": "https://www.openstreetmap.org/way/118136529", "josm_url": "http://127.0.0.1:8111/load_object?new_layer=false&objects=w118136529", "id_url": "https://www.openstreetmap.org/edit?editor=id&way=118136529#map=20/59.9276881/10.7015603"}}, {"type": "Feature", "geometry": {"type": "Point", "coordinates": [10.6911785, 59.9144038]}, "properties": {"id": 118136839, "feat_type": "way", "quality_categories": "wrong_mispelled_or_unlisted_values", "issue_ids": "[18]", "osm_url": "https://www.openstreetmap.org/way/118136839", "josm_url": "http://127.0.0.1:8111/load_object?new_layer=false&objects=w118136839", "id_url": "https://www.openstreetmap.org/edit?editor=id&way=118136839#map=20/59.9144038/10.6911785"}}, {"type": "Feature", "geometry": {"type": "Point", "coordinates": [10.6788287, 59.8978128]}, "properties": {"id": 118136842, "feat_type": "way", "quality_categories": "wrong_mispelled_or_unlisted_values", "issue_ids": "[2]", "osm_url": "https://www.openstreetmap.org/way/118136842", "josm_url": "http://127.0.0.1:8111/load_object?new_layer=false&objects=w118136842", "id_url": "https://www.openstreetmap.org/edit?editor=id&way=118136842#map=20/59.8978128/10.6788287"}}, {"type": "Feature", "geometry": {"type": "Point", "coordinates": [10.7230924, 59.9596894]}, "properties": {"id": 118137079, "feat_type": "way", "quality_categories": "wrong_mispelled_or_unlisted_values", "issue_ids": "[2]", "osm_url": "https://www.openstreetmap.org/way/118137079", "josm_url": "http://127.0.0.1:8111/load_object?new_layer=false&objects=w118137079", "id_url": "https://www.openstreetmap.org/edit?editor=id&way=118137079#map=20/59.9596894/10.7230924"}}, {"type": "Feature", "geometry": {"type": "Point", "coordinates": [10.7577594, 59.9442709]}, "properties": {"id": 118141080, "feat_type": "way", "quality_categories": "wrong_mispelled_or_unlisted_values", "issue_ids": "[2]", "osm_url": "https://www.openstreetmap.org/way/118141080", "josm_url": "http://127.0.0.1:8111/load_object?new_layer=false&objects=w118141080", "id_url": "https://www.openstreetmap.org/edit?editor=id&way=118141080#map=20/59.9442709/10.7577594"}}, {"type": "Feature", "geometry": {"type": "Point", "coordinates": [10.8040894, 59.9442656]}, "properties": {"id": 118148143, "feat_type": "way", "quality_categories": "older_than_five_years, wrong_mispelled_or_unlisted_values", "issue_ids": "[16, 64]", "osm_url": "https://www.openstreetmap.org/way/118148143", "josm_url": "http://127.0.0.1:8111/load_object?new_layer=false&objects=w118148143", "id_url": "https://www.openstreetmap.org/edit?editor=id&way=118148143#map=20/59.9442656/10.8040894"}}, {"type": "Feature", "geometry": {"type": "Point", "coordinates": [10.9159685, 59.9642575]}, "properties": {"id": 118215526, "feat_type": "way", "quality_categories": "wrong_mispelled_or_unlisted_values", "issue_ids": "[16]", "osm_url": "https://www.openstreetmap.org/way/118215526", "josm_url": "http://127.0.0.1:8111/load_object?new_layer=false&objects=w118215526", "id_url": "https://www.openstreetmap.org/edit?editor=id&way=118215526#map=20/59.9642575/10.9159685"}}, {"type": "Feature", "geometry": {"type": "Point", "coordinates": [10.8641015, 59.9201107]}, "properties": {"id": 118232098, "feat_type": "way", "quality_categories": "wrong_mispelled_or_unlisted_values", "issue_ids": "[2]", "osm_url": "https://www.openstreetmap.org/way/118232098", "josm_url": "http://127.0.0.1:8111/load_object?new_layer=false&objects=w118232098", "id_url": "https://www.openstreetmap.org/edit?editor=id&way=118232098#map=20/59.9201107/10.8641015"}}, {"type": "Feature", "geometry": {"type": "Point", "coordinates": [10.8333845, 59.8813569]}, "properties": {"id": 118251262, "feat_type": "way", "quality_categories": "wrong_mispelled_or_unlisted_values", "issue_ids": "[2]", "osm_url": "https://www.openstreetmap.org/way/118251262", "josm_url": "http://127.0.0.1:8111/load_object?new_layer=false&objects=w118251262", "id_url": "https://www.openstreetmap.org/edit?editor=id&way=118251262#map=20/59.8813569/10.8333845"}}, {"type": "Feature", "geometry": {"type": "Point", "coordinates": [10.6527504, 59.9403459]}, "properties": {"id": 119211742, "feat_type": "way", "quality_categories": "wrong_mispelled_or_unlisted_values", "issue_ids": "[18]", "osm_url": "https://www.openstreetmap.org/way/119211742", "josm_url": "http://127.0.0.1:8111/load_object?new_layer=false&objects=w119211742", "id_url": "https://www.openstreetmap.org/edit?editor=id&way=119211742#map=20/59.9403459/10.6527504"}}, {"type": "Feature", "geometry": {"type": "Point", "coordinates": [10.821449, 59.8601278]}, "properties": {"id": 119305493, "feat_type": "way", "quality_categories": "wrong_mispelled_or_unlisted_values", "issue_ids": "[2]", "osm_url": "https://www.openstreetmap.org/way/119305493", "josm_url": "http://127.0.0.1:8111/load_object?new_layer=false&objects=w119305493", "id_url": "https://www.openstreetmap.org/edit?editor=id&way=119305493#map=20/59.8601278/10.821449"}}, {"type": "Feature", "geometry": {"type": "Point", "coordinates": [10.8760633, 59.9588569]}, "properties": {"id": 119385188, "feat_type": "way", "quality_categories": "wrong_mispelled_or_unlisted_values", "issue_ids": "[2]", "osm_url": "https://www.openstreetmap.org/way/119385188", "josm_url": "http://127.0.0.1:8111/load_object?new_layer=false&objects=w119385188", "id_url": "https://www.openstreetmap.org/edit?editor=id&way=119385188#map=20/59.9588569/10.8760633"}}, {"type": "Feature", "geometry": {"type": "Point", "coordinates": [10.872691, 59.9491798]}, "properties": {"id": 119393599, "feat_type": "way", "quality_categories": "older_than_five_years, wrong_mispelled_or_unlisted_values", "issue_ids": "[2, 45]", "osm_url": "https://www.openstreetmap.org/way/119393599", "josm_url": "http://127.0.0.1:8111/load_object?new_layer=false&objects=w119393599", "id_url": "https://www.openstreetmap.org/edit?editor=id&way=119393599#map=20/59.9491798/10.872691"}}, {"type": "Feature", "geometry": {"type": "Point", "coordinates": [10.8721415, 59.9500998]}, "properties": {"id": 119393605, "feat_type": "way", "quality_categories": "older_than_five_years, wrong_mispelled_or_unlisted_values", "issue_ids": "[2, 45]", "osm_url": "https://www.openstreetmap.org/way/119393605", "josm_url": "http://127.0.0.1:8111/load_object?new_layer=false&objects=w119393605", "id_url": "https://www.openstreetmap.org/edit?editor=id&way=119393605#map=20/59.9500998/10.8721415"}}, {"type": "Feature", "geometry": {"type": "Point", "coordinates": [10.683533, 59.9613669]}, "properties": {"id": 120101935, "feat_type": "way", "quality_categories": "wrong_mispelled_or_unlisted_values", "issue_ids": "[2]", "osm_url": "https://www.openstreetmap.org/way/120101935", "josm_url": "http://127.0.0.1:8111/load_object?new_layer=false&objects=w120101935", "id_url": "https://www.openstreetmap.org/edit?editor=id&way=120101935#map=20/59.9613669/10.683533"}}, {"type": "Feature", "geometry": {"type": "Point", "coordinates": [10.8131379, 59.8690681]}, "properties": {"id": 120105907, "feat_type": "way", "quality_categories": "wrong_mispelled_or_unlisted_values", "issue_ids": "[2]", "osm_url": "https://www.openstreetmap.org/way/120105907", "josm_url": "http://127.0.0.1:8111/load_object?new_layer=false&objects=w120105907", "id_url": "https://www.openstreetmap.org/edit?editor=id&way=120105907#map=20/59.8690681/10.8131379"}}, {"type": "Feature", "geometry": {"type": "Point", "coordinates": [10.6747151, 59.9295445]}, "properties": {"id": 120236049, "feat_type": "way", "quality_categories": "wrong_mispelled_or_unlisted_values", "issue_ids": "[2]", "osm_url": "https://www.openstreetmap.org/way/120236049", "josm_url": "http://127.0.0.1:8111/load_object?new_layer=false&objects=w120236049", "id_url": "https://www.openstreetmap.org/edit?editor=id&way=120236049#map=20/59.9295445/10.6747151"}}, {"type": "Feature", "geometry": {"type": "Point", "coordinates": [10.653282, 59.9540565]}, "properties": {"id": 120248271, "feat_type": "way", "quality_categories": "wrong_mispelled_or_unlisted_values", "issue_ids": "[2]", "osm_url": "https://www.openstreetmap.org/way/120248271", "josm_url": "http://127.0.0.1:8111/load_object?new_layer=false&objects=w120248271", "id_url": "https://www.openstreetmap.org/edit?editor=id&way=120248271#map=20/59.9540565/10.653282"}}, {"type": "Feature", "geometry": {"type": "Point", "coordinates": [10.6377284, 59.9793203]}, "properties": {"id": 120248280, "feat_type": "way", "quality_categories": "wrong_mispelled_or_unlisted_values", "issue_ids": "[2]", "osm_url": "https://www.openstreetmap.org/way/120248280", "josm_url": "http://127.0.0.1:8111/load_object?new_layer=false&objects=w120248280", "id_url": "https://www.openstreetmap.org/edit?editor=id&way=120248280#map=20/59.9793203/10.6377284"}}, {"type": "Feature", "geometry": {"type": "Point", "coordinates": [10.6462178, 59.9634336]}, "properties": {"id": 120248282, "feat_type": "way", "quality_categories": "wrong_mispelled_or_unlisted_values", "issue_ids": "[18]", "osm_url": "https://www.openstreetmap.org/way/120248282", "josm_url": "http://127.0.0.1:8111/load_object?new_layer=false&objects=w120248282", "id_url": "https://www.openstreetmap.org/edit?editor=id&way=120248282#map=20/59.9634336/10.6462178"}}, {"type": "Feature", "geometry": {"type": "Point", "coordinates": [10.8375906, 59.850127]}, "properties": {"id": 120320845, "feat_type": "way", "quality_categories": "wrong_mispelled_or_unlisted_values", "issue_ids": "[5]", "osm_url": "https://www.openstreetmap.org/way/120320845", "josm_url": "http://127.0.0.1:8111/load_object?new_layer=false&objects=w120320845", "id_url": "https://www.openstreetmap.org/edit?editor=id&way=120320845#map=20/59.850127/10.8375906"}}, {"type": "Feature", "geometry": {"type": "Point", "coordinates": [10.80416, 60.0139872]}, "properties": {"id": 122069418, "feat_type": "way", "quality_categories": "wrong_mispelled_or_unlisted_values", "issue_ids": "[25]", "osm_url": "https://www.openstreetmap.org/way/122069418", "josm_url": "http://127.0.0.1:8111/load_object?new_layer=false&objects=w122069418", "id_url": "https://www.openstreetmap.org/edit?editor=id&way=122069418#map=20/60.0139872/10.80416"}}, {"type": "Feature", "geometry": {"type": "Point", "coordinates": [10.8182773, 59.9411402]}, "properties": {"id": 122443542, "feat_type": "way", "quality_categories": "wrong_mispelled_or_unlisted_values", "issue_ids": "[2]", "osm_url": "https://www.openstreetmap.org/way/122443542", "josm_url": "http://127.0.0.1:8111/load_object?new_layer=false&objects=w122443542", "id_url": "https://www.openstreetmap.org/edit?editor=id&way=122443542#map=20/59.9411402/10.8182773"}}, {"type": "Feature", "geometry": {"type": "Point", "coordinates": [10.7388441, 59.9220139]}, "properties": {"id": 123974204, "feat_type": "way", "quality_categories": "wrong_mispelled_or_unlisted_values", "issue_ids": "[7]", "osm_url": "https://www.openstreetmap.org/way/123974204", "josm_url": "http://127.0.0.1:8111/load_object?new_layer=false&objects=w123974204", "id_url": "https://www.openstreetmap.org/edit?editor=id&way=123974204#map=20/59.9220139/10.7388441"}}, {"type": "Feature", "geometry": {"type": "Point", "coordinates": [10.7375652, 59.9219197]}, "properties": {"id": 123974207, "feat_type": "way", "quality_categories": "wrong_mispelled_or_unlisted_values", "issue_ids": "[7]", "osm_url": "https://www.openstreetmap.org/way/123974207", "josm_url": "http://127.0.0.1:8111/load_object?new_layer=false&objects=w123974207", "id_url": "https://www.openstreetmap.org/edit?editor=id&way=123974207#map=20/59.9219197/10.7375652"}}, {"type": "Feature", "geometry": {"type": "Point", "coordinates": [10.7375163, 59.9219317]}, "properties": {"id": 123974208, "feat_type": "way", "quality_categories": "wrong_mispelled_or_unlisted_values", "issue_ids": "[7]", "osm_url": "https://www.openstreetmap.org/way/123974208", "josm_url": "http://127.0.0.1:8111/load_object?new_layer=false&objects=w123974208", "id_url": "https://www.openstreetmap.org/edit?editor=id&way=123974208#map=20/59.9219317/10.7375163"}}, {"type": "Feature", "geometry": {"type": "Point", "coordinates": [10.7377242, 59.9219343]}, "properties": {"id": 123974210, "feat_type": "way", "quality_categories": "wrong_mispelled_or_unlisted_values", "issue_ids": "[7]", "osm_url": "https://www.openstreetmap.org/way/123974210", "josm_url": "http://127.0.0.1:8111/load_object?new_layer=false&objects=w123974210", "id_url": "https://www.openstreetmap.org/edit?editor=id&way=123974210#map=20/59.9219343/10.7377242"}}, {"type": "Feature", "geometry": {"type": "Point", "coordinates": [10.737791, 59.9219566]}, "properties": {"id": 123974213, "feat_type": "way", "quality_categories": "wrong_mispelled_or_unlisted_values", "issue_ids": "[7]", "osm_url": "https://www.openstreetmap.org/way/123974213", "josm_url": "http://127.0.0.1:8111/load_object?new_layer=false&objects=w123974213", "id_url": "https://www.openstreetmap.org/edit?editor=id&way=123974213#map=20/59.9219566/10.737791"}}, {"type": "Feature", "geometry": {"type": "Point", "coordinates": [10.7651012, 59.9223377]}, "properties": {"id": 124798385, "feat_type": "way", "quality_categories": "wrong_mispelled_or_unlisted_values", "issue_ids": "[2]", "osm_url": "https://www.openstreetmap.org/way/124798385", "josm_url": "http://127.0.0.1:8111/load_object?new_layer=false&objects=w124798385", "id_url": "https://www.openstreetmap.org/edit?editor=id&way=124798385#map=20/59.9223377/10.7651012"}}, {"type": "Feature", "geometry": {"type": "Point", "coordinates": [10.8338294, 59.8816851]}, "properties": {"id": 125085060, "feat_type": "way", "quality_categories": "wrong_mispelled_or_unlisted_values", "issue_ids": "[25]", "osm_url": "https://www.openstreetmap.org/way/125085060", "josm_url": "http://127.0.0.1:8111/load_object?new_layer=false&objects=w125085060", "id_url": "https://www.openstreetmap.org/edit?editor=id&way=125085060#map=20/59.8816851/10.8338294"}}, {"type": "Feature", "geometry": {"type": "Point", "coordinates": [10.693548, 59.9523507]}, "properties": {"id": 128829643, "feat_type": "way", "quality_categories": "wrong_mispelled_or_unlisted_values", "issue_ids": "[2]", "osm_url": "https://www.openstreetmap.org/way/128829643", "josm_url": "http://127.0.0.1:8111/load_object?new_layer=false&objects=w128829643", "id_url": "https://www.openstreetmap.org/edit?editor=id&way=128829643#map=20/59.9523507/10.693548"}}, {"type": "Feature", "geometry": {"type": "Point", "coordinates": [10.7263574, 59.924421]}, "properties": {"id": 128846226, "feat_type": "way", "quality_categories": "older_than_five_years, wrong_mispelled_or_unlisted_values", "issue_ids": "[2, 60]", "osm_url": "https://www.openstreetmap.org/way/128846226", "josm_url": "http://127.0.0.1:8111/load_object?new_layer=false&objects=w128846226", "id_url": "https://www.openstreetmap.org/edit?editor=id&way=128846226#map=20/59.924421/10.7263574"}}, {"type": "Feature", "geometry": {"type": "Point", "coordinates": [10.8822527, 59.9523407]}, "properties": {"id": 129027680, "feat_type": "way", "quality_categories": "wrong_mispelled_or_unlisted_values", "issue_ids": "[16]", "osm_url": "https://www.openstreetmap.org/way/129027680", "josm_url": "http://127.0.0.1:8111/load_object?new_layer=false&objects=w129027680", "id_url": "https://www.openstreetmap.org/edit?editor=id&way=129027680#map=20/59.9523407/10.8822527"}}, {"type": "Feature", "geometry": {"type": "Point", "coordinates": [10.882439, 59.9527746]}, "properties": {"id": 129027694, "feat_type": "way", "quality_categories": "wrong_mispelled_or_unlisted_values", "issue_ids": "[18]", "osm_url": "https://www.openstreetmap.org/way/129027694", "josm_url": "http://127.0.0.1:8111/load_object?new_layer=false&objects=w129027694", "id_url": "https://www.openstreetmap.org/edit?editor=id&way=129027694#map=20/59.9527746/10.882439"}}, {"type": "Feature", "geometry": {"type": "Point", "coordinates": [10.7159481, 59.9252263]}, "properties": {"id": 129251521, "feat_type": "way", "quality_categories": "wrong_mispelled_or_unlisted_values", "issue_ids": "[2]", "osm_url": "https://www.openstreetmap.org/way/129251521", "josm_url": "http://127.0.0.1:8111/load_object?new_layer=false&objects=w129251521", "id_url": "https://www.openstreetmap.org/edit?editor=id&way=129251521#map=20/59.9252263/10.7159481"}}, {"type": "Feature", "geometry": {"type": "Point", "coordinates": [10.8327187, 59.8807123]}, "properties": {"id": 129494467, "feat_type": "way", "quality_categories": "wrong_mispelled_or_unlisted_values", "issue_ids": "[2]", "osm_url": "https://www.openstreetmap.org/way/129494467", "josm_url": "http://127.0.0.1:8111/load_object?new_layer=false&objects=w129494467", "id_url": "https://www.openstreetmap.org/edit?editor=id&way=129494467#map=20/59.8807123/10.8327187"}}, {"type": "Feature", "geometry": {"type": "Point", "coordinates": [10.9046641, 59.9526806]}, "properties": {"id": 129707942, "feat_type": "way", "quality_categories": "wrong_mispelled_or_unlisted_values", "issue_ids": "[18]", "osm_url": "https://www.openstreetmap.org/way/129707942", "josm_url": "http://127.0.0.1:8111/load_object?new_layer=false&objects=w129707942", "id_url": "https://www.openstreetmap.org/edit?editor=id&way=129707942#map=20/59.9526806/10.9046641"}}, {"type": "Feature", "geometry": {"type": "Point", "coordinates": [10.845429, 59.8158671]}, "properties": {"id": 129724387, "feat_type": "way", "quality_categories": "wrong_mispelled_or_unlisted_values", "issue_ids": "[2]", "osm_url": "https://www.openstreetmap.org/way/129724387", "josm_url": "http://127.0.0.1:8111/load_object?new_layer=false&objects=w129724387", "id_url": "https://www.openstreetmap.org/edit?editor=id&way=129724387#map=20/59.8158671/10.845429"}}, {"type": "Feature", "geometry": {"type": "Point", "coordinates": [10.6743106, 59.9291889]}, "properties": {"id": 130283895, "feat_type": "way", "quality_categories": "wrong_mispelled_or_unlisted_values", "issue_ids": "[2]", "osm_url": "https://www.openstreetmap.org/way/130283895", "josm_url": "http://127.0.0.1:8111/load_object?new_layer=false&objects=w130283895", "id_url": "https://www.openstreetmap.org/edit?editor=id&way=130283895#map=20/59.9291889/10.6743106"}}, {"type": "Feature", "geometry": {"type": "Point", "coordinates": [10.7826009, 60.0336017]}, "properties": {"id": 130448611, "feat_type": "way", "quality_categories": "wrong_mispelled_or_unlisted_values", "issue_ids": "[16]", "osm_url": "https://www.openstreetmap.org/way/130448611", "josm_url": "http://127.0.0.1:8111/load_object?new_layer=false&objects=w130448611", "id_url": "https://www.openstreetmap.org/edit?editor=id&way=130448611#map=20/60.0336017/10.7826009"}}, {"type": "Feature", "geometry": {"type": "Point", "coordinates": [10.6782651, 59.9344947]}, "properties": {"id": 130575143, "feat_type": "way", "quality_categories": "wrong_mispelled_or_unlisted_values", "issue_ids": "[2]", "osm_url": "https://www.openstreetmap.org/way/130575143", "josm_url": "http://127.0.0.1:8111/load_object?new_layer=false&objects=w130575143", "id_url": "https://www.openstreetmap.org/edit?editor=id&way=130575143#map=20/59.9344947/10.6782651"}}, {"type": "Feature", "geometry": {"type": "Point", "coordinates": [10.7361841, 59.9059949]}, "properties": {"id": 130583411, "feat_type": "way", "quality_categories": "wrong_mispelled_or_unlisted_values", "issue_ids": "[2]", "osm_url": "https://www.openstreetmap.org/way/130583411", "josm_url": "http://127.0.0.1:8111/load_object?new_layer=false&objects=w130583411", "id_url": "https://www.openstreetmap.org/edit?editor=id&way=130583411#map=20/59.9059949/10.7361841"}}, {"type": "Feature", "geometry": {"type": "Point", "coordinates": [10.727777, 59.915671]}, "properties": {"id": 130583413, "feat_type": "way", "quality_categories": "wrong_mispelled_or_unlisted_values", "issue_ids": "[2]", "osm_url": "https://www.openstreetmap.org/way/130583413", "josm_url": "http://127.0.0.1:8111/load_object?new_layer=false&objects=w130583413", "id_url": "https://www.openstreetmap.org/edit?editor=id&way=130583413#map=20/59.915671/10.727777"}}, {"type": "Feature", "geometry": {"type": "Point", "coordinates": [10.8654602, 59.9895951]}, "properties": {"id": 130963812, "feat_type": "way", "quality_categories": "older_than_five_years, wrong_mispelled_or_unlisted_values", "issue_ids": "[65, 66]", "osm_url": "https://www.openstreetmap.org/way/130963812", "josm_url": "http://127.0.0.1:8111/load_object?new_layer=false&objects=w130963812", "id_url": "https://www.openstreetmap.org/edit?editor=id&way=130963812#map=20/59.9895951/10.8654602"}}, {"type": "Feature", "geometry": {"type": "Point", "coordinates": [10.7352532, 59.9103586]}, "properties": {"id": 131498018, "feat_type": "way", "quality_categories": "wrong_mispelled_or_unlisted_values", "issue_ids": "[16]", "osm_url": "https://www.openstreetmap.org/way/131498018", "josm_url": "http://127.0.0.1:8111/load_object?new_layer=false&objects=w131498018", "id_url": "https://www.openstreetmap.org/edit?editor=id&way=131498018#map=20/59.9103586/10.7352532"}}, {"type": "Feature", "geometry": {"type": "Point", "coordinates": [10.8206061, 59.8597449]}, "properties": {"id": 132661722, "feat_type": "way", "quality_categories": "wrong_mispelled_or_unlisted_values", "issue_ids": "[2]", "osm_url": "https://www.openstreetmap.org/way/132661722", "josm_url": "http://127.0.0.1:8111/load_object?new_layer=false&objects=w132661722", "id_url": "https://www.openstreetmap.org/edit?editor=id&way=132661722#map=20/59.8597449/10.8206061"}}, {"type": "Feature", "geometry": {"type": "Point", "coordinates": [10.6941564, 59.921735]}, "properties": {"id": 133391119, "feat_type": "way", "quality_categories": "wrong_mispelled_or_unlisted_values", "issue_ids": "[2]", "osm_url": "https://www.openstreetmap.org/way/133391119", "josm_url": "http://127.0.0.1:8111/load_object?new_layer=false&objects=w133391119", "id_url": "https://www.openstreetmap.org/edit?editor=id&way=133391119#map=20/59.921735/10.6941564"}}, {"type": "Feature", "geometry": {"type": "Point", "coordinates": [10.6937221, 59.9217529]}, "properties": {"id": 133391123, "feat_type": "way", "quality_categories": "wrong_mispelled_or_unlisted_values", "issue_ids": "[2]", "osm_url": "https://www.openstreetmap.org/way/133391123", "josm_url": "http://127.0.0.1:8111/load_object?new_layer=false&objects=w133391123", "id_url": "https://www.openstreetmap.org/edit?editor=id&way=133391123#map=20/59.9217529/10.6937221"}}, {"type": "Feature", "geometry": {"type": "Point", "coordinates": [10.69543, 59.9224984]}, "properties": {"id": 133391124, "feat_type": "way", "quality_categories": "wrong_mispelled_or_unlisted_values", "issue_ids": "[2]", "osm_url": "https://www.openstreetmap.org/way/133391124", "josm_url": "http://127.0.0.1:8111/load_object?new_layer=false&objects=w133391124", "id_url": "https://www.openstreetmap.org/edit?editor=id&way=133391124#map=20/59.9224984/10.69543"}}, {"type": "Feature", "geometry": {"type": "Point", "coordinates": [10.6961387, 59.9229194]}, "properties": {"id": 133391128, "feat_type": "way", "quality_categories": "wrong_mispelled_or_unlisted_values", "issue_ids": "[2]", "osm_url": "https://www.openstreetmap.org/way/133391128", "josm_url": "http://127.0.0.1:8111/load_object?new_layer=false&objects=w133391128", "id_url": "https://www.openstreetmap.org/edit?editor=id&way=133391128#map=20/59.9229194/10.6961387"}}, {"type": "Feature", "geometry": {"type": "Point", "coordinates": [10.694006, 59.9217306]}, "properties": {"id": 133391129, "feat_type": "way", "quality_categories": "wrong_mispelled_or_unlisted_values", "issue_ids": "[2]", "osm_url": "https://www.openstreetmap.org/way/133391129", "josm_url": "http://127.0.0.1:8111/load_object?new_layer=false&objects=w133391129", "id_url": "https://www.openstreetmap.org/edit?editor=id&way=133391129#map=20/59.9217306/10.694006"}}, {"type": "Feature", "geometry": {"type": "Point", "coordinates": [10.6945621, 59.9218351]}, "properties": {"id": 133391133, "feat_type": "way", "quality_categories": "wrong_mispelled_or_unlisted_values", "issue_ids": "[2]", "osm_url": "https://www.openstreetmap.org/way/133391133", "josm_url": "http://127.0.0.1:8111/load_object?new_layer=false&objects=w133391133", "id_url": "https://www.openstreetmap.org/edit?editor=id&way=133391133#map=20/59.9218351/10.6945621"}}, {"type": "Feature", "geometry": {"type": "Point", "coordinates": [10.6785952, 59.9262595]}, "properties": {"id": 133548656, "feat_type": "way", "quality_categories": "wrong_mispelled_or_unlisted_values", "issue_ids": "[2]", "osm_url": "https://www.openstreetmap.org/way/133548656", "josm_url": "http://127.0.0.1:8111/load_object?new_layer=false&objects=w133548656", "id_url": "https://www.openstreetmap.org/edit?editor=id&way=133548656#map=20/59.9262595/10.6785952"}}, {"type": "Feature", "geometry": {"type": "Point", "coordinates": [10.7713545, 59.919032]}, "properties": {"id": 133801581, "feat_type": "way", "quality_categories": "wrong_mispelled_or_unlisted_values", "issue_ids": "[15]", "osm_url": "https://www.openstreetmap.org/way/133801581", "josm_url": "http://127.0.0.1:8111/load_object?new_layer=false&objects=w133801581", "id_url": "https://www.openstreetmap.org/edit?editor=id&way=133801581#map=20/59.919032/10.7713545"}}, {"type": "Feature", "geometry": {"type": "Point", "coordinates": [10.772339, 59.9185049]}, "properties": {"id": 133801591, "feat_type": "way", "quality_categories": "wrong_mispelled_or_unlisted_values", "issue_ids": "[2]", "osm_url": "https://www.openstreetmap.org/way/133801591", "josm_url": "http://127.0.0.1:8111/load_object?new_layer=false&objects=w133801591", "id_url": "https://www.openstreetmap.org/edit?editor=id&way=133801591#map=20/59.9185049/10.772339"}}, {"type": "Feature", "geometry": {"type": "Point", "coordinates": [10.7709816, 59.9189929]}, "properties": {"id": 133801592, "feat_type": "way", "quality_categories": "wrong_mispelled_or_unlisted_values", "issue_ids": "[2]", "osm_url": "https://www.openstreetmap.org/way/133801592", "josm_url": "http://127.0.0.1:8111/load_object?new_layer=false&objects=w133801592", "id_url": "https://www.openstreetmap.org/edit?editor=id&way=133801592#map=20/59.9189929/10.7709816"}}, {"type": "Feature", "geometry": {"type": "Point", "coordinates": [10.7714306, 59.9190543]}, "properties": {"id": 133801593, "feat_type": "way", "quality_categories": "wrong_mispelled_or_unlisted_values", "issue_ids": "[15]", "osm_url": "https://www.openstreetmap.org/way/133801593", "josm_url": "http://127.0.0.1:8111/load_object?new_layer=false&objects=w133801593", "id_url": "https://www.openstreetmap.org/edit?editor=id&way=133801593#map=20/59.9190543/10.7714306"}}, {"type": "Feature", "geometry": {"type": "Point", "coordinates": [10.7716307, 59.9189948]}, "properties": {"id": 133801596, "feat_type": "way", "quality_categories": "wrong_mispelled_or_unlisted_values", "issue_ids": "[2]", "osm_url": "https://www.openstreetmap.org/way/133801596", "josm_url": "http://127.0.0.1:8111/load_object?new_layer=false&objects=w133801596", "id_url": "https://www.openstreetmap.org/edit?editor=id&way=133801596#map=20/59.9189948/10.7716307"}}, {"type": "Feature", "geometry": {"type": "Point", "coordinates": [10.7717749, 59.917737]}, "properties": {"id": 133801611, "feat_type": "way", "quality_categories": "wrong_mispelled_or_unlisted_values", "issue_ids": "[16]", "osm_url": "https://www.openstreetmap.org/way/133801611", "josm_url": "http://127.0.0.1:8111/load_object?new_layer=false&objects=w133801611", "id_url": "https://www.openstreetmap.org/edit?editor=id&way=133801611#map=20/59.917737/10.7717749"}}, {"type": "Feature", "geometry": {"type": "Point", "coordinates": [10.7708797, 59.9172491]}, "properties": {"id": 133801612, "feat_type": "way", "quality_categories": "wrong_mispelled_or_unlisted_values", "issue_ids": "[2]", "osm_url": "https://www.openstreetmap.org/way/133801612", "josm_url": "http://127.0.0.1:8111/load_object?new_layer=false&objects=w133801612", "id_url": "https://www.openstreetmap.org/edit?editor=id&way=133801612#map=20/59.9172491/10.7708797"}}, {"type": "Feature", "geometry": {"type": "Point", "coordinates": [10.771186, 59.9190424]}, "properties": {"id": 133801618, "feat_type": "way", "quality_categories": "wrong_mispelled_or_unlisted_values", "issue_ids": "[15]", "osm_url": "https://www.openstreetmap.org/way/133801618", "josm_url": "http://127.0.0.1:8111/load_object?new_layer=false&objects=w133801618", "id_url": "https://www.openstreetmap.org/edit?editor=id&way=133801618#map=20/59.9190424/10.771186"}}, {"type": "Feature", "geometry": {"type": "Point", "coordinates": [10.7724276, 59.9184493]}, "properties": {"id": 133801622, "feat_type": "way", "quality_categories": "wrong_mispelled_or_unlisted_values", "issue_ids": "[2]", "osm_url": "https://www.openstreetmap.org/way/133801622", "josm_url": "http://127.0.0.1:8111/load_object?new_layer=false&objects=w133801622", "id_url": "https://www.openstreetmap.org/edit?editor=id&way=133801622#map=20/59.9184493/10.7724276"}}, {"type": "Feature", "geometry": {"type": "Point", "coordinates": [10.7727232, 59.9176848]}, "properties": {"id": 133801626, "feat_type": "way", "quality_categories": "wrong_mispelled_or_unlisted_values", "issue_ids": "[2]", "osm_url": "https://www.openstreetmap.org/way/133801626", "josm_url": "http://127.0.0.1:8111/load_object?new_layer=false&objects=w133801626", "id_url": "https://www.openstreetmap.org/edit?editor=id&way=133801626#map=20/59.9176848/10.7727232"}}, {"type": "Feature", "geometry": {"type": "Point", "coordinates": [10.7727884, 59.9177185]}, "properties": {"id": 133801627, "feat_type": "way", "quality_categories": "wrong_mispelled_or_unlisted_values", "issue_ids": "[2]", "osm_url": "https://www.openstreetmap.org/way/133801627", "josm_url": "http://127.0.0.1:8111/load_object?new_layer=false&objects=w133801627", "id_url": "https://www.openstreetmap.org/edit?editor=id&way=133801627#map=20/59.9177185/10.7727884"}}, {"type": "Feature", "geometry": {"type": "Point", "coordinates": [10.8540037, 59.976852]}, "properties": {"id": 134572408, "feat_type": "way", "quality_categories": "older_than_five_years, wrong_mispelled_or_unlisted_values", "issue_ids": "[26, 67]", "osm_url": "https://www.openstreetmap.org/way/134572408", "josm_url": "http://127.0.0.1:8111/load_object?new_layer=false&objects=w134572408", "id_url": "https://www.openstreetmap.org/edit?editor=id&way=134572408#map=20/59.976852/10.8540037"}}, {"type": "Feature", "geometry": {"type": "Point", "coordinates": [10.8540677, 59.9766104]}, "properties": {"id": 134572411, "feat_type": "way", "quality_categories": "older_than_five_years, wrong_mispelled_or_unlisted_values", "issue_ids": "[26, 68]", "osm_url": "https://www.openstreetmap.org/way/134572411", "josm_url": "http://127.0.0.1:8111/load_object?new_layer=false&objects=w134572411", "id_url": "https://www.openstreetmap.org/edit?editor=id&way=134572411#map=20/59.9766104/10.8540677"}}, {"type": "Feature", "geometry": {"type": "Point", "coordinates": [10.7698507, 59.9157023]}, "properties": {"id": 135311791, "feat_type": "way", "quality_categories": "wrong_mispelled_or_unlisted_values", "issue_ids": "[2]", "osm_url": "https://www.openstreetmap.org/way/135311791", "josm_url": "http://127.0.0.1:8111/load_object?new_layer=false&objects=w135311791", "id_url": "https://www.openstreetmap.org/edit?editor=id&way=135311791#map=20/59.9157023/10.7698507"}}, {"type": "Feature", "geometry": {"type": "Point", "coordinates": [10.7700703, 59.9155574]}, "properties": {"id": 135311826, "feat_type": "way", "quality_categories": "wrong_mispelled_or_unlisted_values", "issue_ids": "[2]", "osm_url": "https://www.openstreetmap.org/way/135311826", "josm_url": "http://127.0.0.1:8111/load_object?new_layer=false&objects=w135311826", "id_url": "https://www.openstreetmap.org/edit?editor=id&way=135311826#map=20/59.9155574/10.7700703"}}, {"type": "Feature", "geometry": {"type": "Point", "coordinates": [10.8982999, 59.9677433]}, "properties": {"id": 136088746, "feat_type": "way", "quality_categories": "older_than_five_years, wrong_mispelled_or_unlisted_values", "issue_ids": "[2, 51]", "osm_url": "https://www.openstreetmap.org/way/136088746", "josm_url": "http://127.0.0.1:8111/load_object?new_layer=false&objects=w136088746", "id_url": "https://www.openstreetmap.org/edit?editor=id&way=136088746#map=20/59.9677433/10.8982999"}}, {"type": "Feature", "geometry": {"type": "Point", "coordinates": [10.8977236, 59.9680727]}, "properties": {"id": 136088747, "feat_type": "way", "quality_categories": "older_than_five_years, wrong_mispelled_or_unlisted_values", "issue_ids": "[2, 51]", "osm_url": "https://www.openstreetmap.org/way/136088747", "josm_url": "http://127.0.0.1:8111/load_object?new_layer=false&objects=w136088747", "id_url": "https://www.openstreetmap.org/edit?editor=id&way=136088747#map=20/59.9680727/10.8977236"}}, {"type": "Feature", "geometry": {"type": "Point", "coordinates": [10.6952287, 59.9483624]}, "properties": {"id": 139127528, "feat_type": "way", "quality_categories": "wrong_mispelled_or_unlisted_values", "issue_ids": "[69]", "osm_url": "https://www.openstreetmap.org/way/139127528", "josm_url": "http://127.0.0.1:8111/load_object?new_layer=false&objects=w139127528", "id_url": "https://www.openstreetmap.org/edit?editor=id&way=139127528#map=20/59.9483624/10.6952287"}}, {"type": "Feature", "geometry": {"type": "Point", "coordinates": [10.6778147, 59.8974015]}, "properties": {"id": 139166603, "feat_type": "way", "quality_categories": "wrong_mispelled_or_unlisted_values", "issue_ids": "[2]", "osm_url": "https://www.openstreetmap.org/way/139166603", "josm_url": "http://127.0.0.1:8111/load_object?new_layer=false&objects=w139166603", "id_url": "https://www.openstreetmap.org/edit?editor=id&way=139166603#map=20/59.8974015/10.6778147"}}, {"type": "Feature", "geometry": {"type": "Point", "coordinates": [10.6824693, 59.9080096]}, "properties": {"id": 140773023, "feat_type": "way", "quality_categories": "wrong_mispelled_or_unlisted_values", "issue_ids": "[2]", "osm_url": "https://www.openstreetmap.org/way/140773023", "josm_url": "http://127.0.0.1:8111/load_object?new_layer=false&objects=w140773023", "id_url": "https://www.openstreetmap.org/edit?editor=id&way=140773023#map=20/59.9080096/10.6824693"}}, {"type": "Feature", "geometry": {"type": "Point", "coordinates": [10.6830725, 59.9061145]}, "properties": {"id": 140773037, "feat_type": "way", "quality_categories": "wrong_mispelled_or_unlisted_values", "issue_ids": "[2]", "osm_url": "https://www.openstreetmap.org/way/140773037", "josm_url": "http://127.0.0.1:8111/load_object?new_layer=false&objects=w140773037", "id_url": "https://www.openstreetmap.org/edit?editor=id&way=140773037#map=20/59.9061145/10.6830725"}}, {"type": "Feature", "geometry": {"type": "Point", "coordinates": [10.6668502, 59.9021219]}, "properties": {"id": 141698180, "feat_type": "way", "quality_categories": "wrong_mispelled_or_unlisted_values", "issue_ids": "[2]", "osm_url": "https://www.openstreetmap.org/way/141698180", "josm_url": "http://127.0.0.1:8111/load_object?new_layer=false&objects=w141698180", "id_url": "https://www.openstreetmap.org/edit?editor=id&way=141698180#map=20/59.9021219/10.6668502"}}, {"type": "Feature", "geometry": {"type": "Point", "coordinates": [10.6767784, 59.8960787]}, "properties": {"id": 141698199, "feat_type": "way", "quality_categories": "wrong_mispelled_or_unlisted_values", "issue_ids": "[2]", "osm_url": "https://www.openstreetmap.org/way/141698199", "josm_url": "http://127.0.0.1:8111/load_object?new_layer=false&objects=w141698199", "id_url": "https://www.openstreetmap.org/edit?editor=id&way=141698199#map=20/59.8960787/10.6767784"}}, {"type": "Feature", "geometry": {"type": "Point", "coordinates": [10.6778771, 59.8976752]}, "properties": {"id": 141698216, "feat_type": "way", "quality_categories": "wrong_mispelled_or_unlisted_values", "issue_ids": "[2]", "osm_url": "https://www.openstreetmap.org/way/141698216", "josm_url": "http://127.0.0.1:8111/load_object?new_layer=false&objects=w141698216", "id_url": "https://www.openstreetmap.org/edit?editor=id&way=141698216#map=20/59.8976752/10.6778771"}}, {"type": "Feature", "geometry": {"type": "Point", "coordinates": [10.8430653, 59.9198006]}, "properties": {"id": 142497168, "feat_type": "way", "quality_categories": "wrong_mispelled_or_unlisted_values", "issue_ids": "[18]", "osm_url": "https://www.openstreetmap.org/way/142497168", "josm_url": "http://127.0.0.1:8111/load_object?new_layer=false&objects=w142497168", "id_url": "https://www.openstreetmap.org/edit?editor=id&way=142497168#map=20/59.9198006/10.8430653"}}, {"type": "Feature", "geometry": {"type": "Point", "coordinates": [10.8418268, 59.9166206]}, "properties": {"id": 142678729, "feat_type": "way", "quality_categories": "wrong_mispelled_or_unlisted_values", "issue_ids": "[2]", "osm_url": "https://www.openstreetmap.org/way/142678729", "josm_url": "http://127.0.0.1:8111/load_object?new_layer=false&objects=w142678729", "id_url": "https://www.openstreetmap.org/edit?editor=id&way=142678729#map=20/59.9166206/10.8418268"}}, {"type": "Feature", "geometry": {"type": "Point", "coordinates": [10.8411013, 59.9160415]}, "properties": {"id": 142678730, "feat_type": "way", "quality_categories": "wrong_mispelled_or_unlisted_values", "issue_ids": "[2]", "osm_url": "https://www.openstreetmap.org/way/142678730", "josm_url": "http://127.0.0.1:8111/load_object?new_layer=false&objects=w142678730", "id_url": "https://www.openstreetmap.org/edit?editor=id&way=142678730#map=20/59.9160415/10.8411013"}}, {"type": "Feature", "geometry": {"type": "Point", "coordinates": [10.8417203, 59.916532]}, "properties": {"id": 142678732, "feat_type": "way", "quality_categories": "wrong_mispelled_or_unlisted_values", "issue_ids": "[2]", "osm_url": "https://www.openstreetmap.org/way/142678732", "josm_url": "http://127.0.0.1:8111/load_object?new_layer=false&objects=w142678732", "id_url": "https://www.openstreetmap.org/edit?editor=id&way=142678732#map=20/59.916532/10.8417203"}}, {"type": "Feature", "geometry": {"type": "Point", "coordinates": [10.8790219, 59.9569984]}, "properties": {"id": 142715452, "feat_type": "way", "quality_categories": "wrong_mispelled_or_unlisted_values", "issue_ids": "[2]", "osm_url": "https://www.openstreetmap.org/way/142715452", "josm_url": "http://127.0.0.1:8111/load_object?new_layer=false&objects=w142715452", "id_url": "https://www.openstreetmap.org/edit?editor=id&way=142715452#map=20/59.9569984/10.8790219"}}, {"type": "Feature", "geometry": {"type": "Point", "coordinates": [10.6835484, 59.9083815]}, "properties": {"id": 143417626, "feat_type": "way", "quality_categories": "wrong_mispelled_or_unlisted_values", "issue_ids": "[2]", "osm_url": "https://www.openstreetmap.org/way/143417626", "josm_url": "http://127.0.0.1:8111/load_object?new_layer=false&objects=w143417626", "id_url": "https://www.openstreetmap.org/edit?editor=id&way=143417626#map=20/59.9083815/10.6835484"}}, {"type": "Feature", "geometry": {"type": "Point", "coordinates": [10.6835484, 59.9083815]}, "properties": {"id": 143417627, "feat_type": "way", "quality_categories": "wrong_mispelled_or_unlisted_values", "issue_ids": "[2]", "osm_url": "https://www.openstreetmap.org/way/143417627", "josm_url": "http://127.0.0.1:8111/load_object?new_layer=false&objects=w143417627", "id_url": "https://www.openstreetmap.org/edit?editor=id&way=143417627#map=20/59.9083815/10.6835484"}}, {"type": "Feature", "geometry": {"type": "Point", "coordinates": [10.7002906, 59.9236493]}, "properties": {"id": 143527300, "feat_type": "way", "quality_categories": "wrong_mispelled_or_unlisted_values", "issue_ids": "[2]", "osm_url": "https://www.openstreetmap.org/way/143527300", "josm_url": "http://127.0.0.1:8111/load_object?new_layer=false&objects=w143527300", "id_url": "https://www.openstreetmap.org/edit?editor=id&way=143527300#map=20/59.9236493/10.7002906"}}, {"type": "Feature", "geometry": {"type": "Point", "coordinates": [10.7002595, 59.9239614]}, "properties": {"id": 143527301, "feat_type": "way", "quality_categories": "wrong_mispelled_or_unlisted_values", "issue_ids": "[2]", "osm_url": "https://www.openstreetmap.org/way/143527301", "josm_url": "http://127.0.0.1:8111/load_object?new_layer=false&objects=w143527301", "id_url": "https://www.openstreetmap.org/edit?editor=id&way=143527301#map=20/59.9239614/10.7002595"}}, {"type": "Feature", "geometry": {"type": "Point", "coordinates": [10.700485, 59.9240551]}, "properties": {"id": 143527302, "feat_type": "way", "quality_categories": "wrong_mispelled_or_unlisted_values", "issue_ids": "[2]", "osm_url": "https://www.openstreetmap.org/way/143527302", "josm_url": "http://127.0.0.1:8111/load_object?new_layer=false&objects=w143527302", "id_url": "https://www.openstreetmap.org/edit?editor=id&way=143527302#map=20/59.9240551/10.700485"}}, {"type": "Feature", "geometry": {"type": "Point", "coordinates": [10.6947216, 59.9219068]}, "properties": {"id": 143768021, "feat_type": "way", "quality_categories": "wrong_mispelled_or_unlisted_values", "issue_ids": "[2]", "osm_url": "https://www.openstreetmap.org/way/143768021", "josm_url": "http://127.0.0.1:8111/load_object?new_layer=false&objects=w143768021", "id_url": "https://www.openstreetmap.org/edit?editor=id&way=143768021#map=20/59.9219068/10.6947216"}}, {"type": "Feature", "geometry": {"type": "Point", "coordinates": [10.6950895, 59.92225]}, "properties": {"id": 143768022, "feat_type": "way", "quality_categories": "wrong_mispelled_or_unlisted_values", "issue_ids": "[2]", "osm_url": "https://www.openstreetmap.org/way/143768022", "josm_url": "http://127.0.0.1:8111/load_object?new_layer=false&objects=w143768022", "id_url": "https://www.openstreetmap.org/edit?editor=id&way=143768022#map=20/59.92225/10.6950895"}}, {"type": "Feature", "geometry": {"type": "Point", "coordinates": [10.7255435, 59.993704]}, "properties": {"id": 147491925, "feat_type": "way", "quality_categories": "older_than_five_years, wrong_mispelled_or_unlisted_values", "issue_ids": "[25, 70]", "osm_url": "https://www.openstreetmap.org/way/147491925", "josm_url": "http://127.0.0.1:8111/load_object?new_layer=false&objects=w147491925", "id_url": "https://www.openstreetmap.org/edit?editor=id&way=147491925#map=20/59.993704/10.7255435"}}, {"type": "Feature", "geometry": {"type": "Point", "coordinates": [10.7474691, 59.9847663]}, "properties": {"id": 148388424, "feat_type": "way", "quality_categories": "wrong_mispelled_or_unlisted_values", "issue_ids": "[25]", "osm_url": "https://www.openstreetmap.org/way/148388424", "josm_url": "http://127.0.0.1:8111/load_object?new_layer=false&objects=w148388424", "id_url": "https://www.openstreetmap.org/edit?editor=id&way=148388424#map=20/59.9847663/10.7474691"}}, {"type": "Feature", "geometry": {"type": "Point", "coordinates": [10.6252592, 59.9755175]}, "properties": {"id": 149609297, "feat_type": "way", "quality_categories": "wrong_mispelled_or_unlisted_values", "issue_ids": "[2]", "osm_url": "https://www.openstreetmap.org/way/149609297", "josm_url": "http://127.0.0.1:8111/load_object?new_layer=false&objects=w149609297", "id_url": "https://www.openstreetmap.org/edit?editor=id&way=149609297#map=20/59.9755175/10.6252592"}}, {"type": "Feature", "geometry": {"type": "Point", "coordinates": [10.725439, 59.9675146]}, "properties": {"id": 149766019, "feat_type": "way", "quality_categories": "wrong_mispelled_or_unlisted_values", "issue_ids": "[2]", "osm_url": "https://www.openstreetmap.org/way/149766019", "josm_url": "http://127.0.0.1:8111/load_object?new_layer=false&objects=w149766019", "id_url": "https://www.openstreetmap.org/edit?editor=id&way=149766019#map=20/59.9675146/10.725439"}}, {"type": "Feature", "geometry": {"type": "Point", "coordinates": [10.7846588, 59.8316973]}, "properties": {"id": 150539287, "feat_type": "way", "quality_categories": "wrong_mispelled_or_unlisted_values", "issue_ids": "[16]", "osm_url": "https://www.openstreetmap.org/way/150539287", "josm_url": "http://127.0.0.1:8111/load_object?new_layer=false&objects=w150539287", "id_url": "https://www.openstreetmap.org/edit?editor=id&way=150539287#map=20/59.8316973/10.7846588"}}, {"type": "Feature", "geometry": {"type": "Point", "coordinates": [10.7755017, 59.8410374]}, "properties": {"id": 153229074, "feat_type": "way", "quality_categories": "older_than_five_years, wrong_mispelled_or_unlisted_values", "issue_ids": "[2, 71]", "osm_url": "https://www.openstreetmap.org/way/153229074", "josm_url": "http://127.0.0.1:8111/load_object?new_layer=false&objects=w153229074", "id_url": "https://www.openstreetmap.org/edit?editor=id&way=153229074#map=20/59.8410374/10.7755017"}}, {"type": "Feature", "geometry": {"type": "Point", "coordinates": [10.7708876, 59.8351441]}, "properties": {"id": 154913353, "feat_type": "way", "quality_categories": "older_than_five_years, wrong_mispelled_or_unlisted_values", "issue_ids": "[2, 72]", "osm_url": "https://www.openstreetmap.org/way/154913353", "josm_url": "http://127.0.0.1:8111/load_object?new_layer=false&objects=w154913353", "id_url": "https://www.openstreetmap.org/edit?editor=id&way=154913353#map=20/59.8351441/10.7708876"}}, {"type": "Feature", "geometry": {"type": "Point", "coordinates": [10.7752289, 59.8356006]}, "properties": {"id": 154913355, "feat_type": "way", "quality_categories": "wrong_mispelled_or_unlisted_values", "issue_ids": "[2]", "osm_url": "https://www.openstreetmap.org/way/154913355", "josm_url": "http://127.0.0.1:8111/load_object?new_layer=false&objects=w154913355", "id_url": "https://www.openstreetmap.org/edit?editor=id&way=154913355#map=20/59.8356006/10.7752289"}}, {"type": "Feature", "geometry": {"type": "Point", "coordinates": [10.7761053, 59.8404911]}, "properties": {"id": 154942038, "feat_type": "way", "quality_categories": "older_than_five_years, wrong_mispelled_or_unlisted_values", "issue_ids": "[2, 72]", "osm_url": "https://www.openstreetmap.org/way/154942038", "josm_url": "http://127.0.0.1:8111/load_object?new_layer=false&objects=w154942038", "id_url": "https://www.openstreetmap.org/edit?editor=id&way=154942038#map=20/59.8404911/10.7761053"}}, {"type": "Feature", "geometry": {"type": "Point", "coordinates": [10.6864855, 59.9014002]}, "properties": {"id": 154992122, "feat_type": "way", "quality_categories": "wrong_mispelled_or_unlisted_values", "issue_ids": "[18]", "osm_url": "https://www.openstreetmap.org/way/154992122", "josm_url": "http://127.0.0.1:8111/load_object?new_layer=false&objects=w154992122", "id_url": "https://www.openstreetmap.org/edit?editor=id&way=154992122#map=20/59.9014002/10.6864855"}}, {"type": "Feature", "geometry": {"type": "Point", "coordinates": [10.7738607, 59.8347053]}, "properties": {"id": 156700558, "feat_type": "way", "quality_categories": "older_than_five_years, wrong_mispelled_or_unlisted_values", "issue_ids": "[2, 72]", "osm_url": "https://www.openstreetmap.org/way/156700558", "josm_url": "http://127.0.0.1:8111/load_object?new_layer=false&objects=w156700558", "id_url": "https://www.openstreetmap.org/edit?editor=id&way=156700558#map=20/59.8347053/10.7738607"}}, {"type": "Feature", "geometry": {"type": "Point", "coordinates": [10.7722765, 59.8345522]}, "properties": {"id": 156700570, "feat_type": "way", "quality_categories": "older_than_five_years, wrong_mispelled_or_unlisted_values", "issue_ids": "[2, 72]", "osm_url": "https://www.openstreetmap.org/way/156700570", "josm_url": "http://127.0.0.1:8111/load_object?new_layer=false&objects=w156700570", "id_url": "https://www.openstreetmap.org/edit?editor=id&way=156700570#map=20/59.8345522/10.7722765"}}, {"type": "Feature", "geometry": {"type": "Point", "coordinates": [10.7730965, 59.834039]}, "properties": {"id": 156700591, "feat_type": "way", "quality_categories": "older_than_five_years, wrong_mispelled_or_unlisted_values", "issue_ids": "[2, 72]", "osm_url": "https://www.openstreetmap.org/way/156700591", "josm_url": "http://127.0.0.1:8111/load_object?new_layer=false&objects=w156700591", "id_url": "https://www.openstreetmap.org/edit?editor=id&way=156700591#map=20/59.834039/10.7730965"}}, {"type": "Feature", "geometry": {"type": "Point", "coordinates": [10.745094, 59.9757336]}, "properties": {"id": 157275276, "feat_type": "way", "quality_categories": "wrong_mispelled_or_unlisted_values", "issue_ids": "[26]", "osm_url": "https://www.openstreetmap.org/way/157275276", "josm_url": "http://127.0.0.1:8111/load_object?new_layer=false&objects=w157275276", "id_url": "https://www.openstreetmap.org/edit?editor=id&way=157275276#map=20/59.9757336/10.745094"}}, {"type": "Feature", "geometry": {"type": "Point", "coordinates": [10.8177999, 59.9190521]}, "properties": {"id": 158179729, "feat_type": "way", "quality_categories": "wrong_mispelled_or_unlisted_values", "issue_ids": "[5]", "osm_url": "https://www.openstreetmap.org/way/158179729", "josm_url": "http://127.0.0.1:8111/load_object?new_layer=false&objects=w158179729", "id_url": "https://www.openstreetmap.org/edit?editor=id&way=158179729#map=20/59.9190521/10.8177999"}}, {"type": "Feature", "geometry": {"type": "Point", "coordinates": [10.701172, 59.9552849]}, "properties": {"id": 158557392, "feat_type": "way", "quality_categories": "wrong_mispelled_or_unlisted_values", "issue_ids": "[16]", "osm_url": "https://www.openstreetmap.org/way/158557392", "josm_url": "http://127.0.0.1:8111/load_object?new_layer=false&objects=w158557392", "id_url": "https://www.openstreetmap.org/edit?editor=id&way=158557392#map=20/59.9552849/10.701172"}}, {"type": "Feature", "geometry": {"type": "Point", "coordinates": [10.8261728, 59.8637117]}, "properties": {"id": 158705307, "feat_type": "way", "quality_categories": "wrong_mispelled_or_unlisted_values", "issue_ids": "[2]", "osm_url": "https://www.openstreetmap.org/way/158705307", "josm_url": "http://127.0.0.1:8111/load_object?new_layer=false&objects=w158705307", "id_url": "https://www.openstreetmap.org/edit?editor=id&way=158705307#map=20/59.8637117/10.8261728"}}, {"type": "Feature", "geometry": {"type": "Point", "coordinates": [10.6694392, 59.9663104]}, "properties": {"id": 158946977, "feat_type": "way", "quality_categories": "wrong_mispelled_or_unlisted_values", "issue_ids": "[2]", "osm_url": "https://www.openstreetmap.org/way/158946977", "josm_url": "http://127.0.0.1:8111/load_object?new_layer=false&objects=w158946977", "id_url": "https://www.openstreetmap.org/edit?editor=id&way=158946977#map=20/59.9663104/10.6694392"}}, {"type": "Feature", "geometry": {"type": "Point", "coordinates": [10.6711046, 59.966278]}, "properties": {"id": 159252956, "feat_type": "way", "quality_categories": "wrong_mispelled_or_unlisted_values", "issue_ids": "[2]", "osm_url": "https://www.openstreetmap.org/way/159252956", "josm_url": "http://127.0.0.1:8111/load_object?new_layer=false&objects=w159252956", "id_url": "https://www.openstreetmap.org/edit?editor=id&way=159252956#map=20/59.966278/10.6711046"}}, {"type": "Feature", "geometry": {"type": "Point", "coordinates": [10.7621944, 59.9505023]}, "properties": {"id": 159391334, "feat_type": "way", "quality_categories": "wrong_mispelled_or_unlisted_values", "issue_ids": "[5]", "osm_url": "https://www.openstreetmap.org/way/159391334", "josm_url": "http://127.0.0.1:8111/load_object?new_layer=false&objects=w159391334", "id_url": "https://www.openstreetmap.org/edit?editor=id&way=159391334#map=20/59.9505023/10.7621944"}}, {"type": "Feature", "geometry": {"type": "Point", "coordinates": [10.7304546, 59.9615358]}, "properties": {"id": 160564817, "feat_type": "way", "quality_categories": "older_than_five_years, wrong_mispelled_or_unlisted_values", "issue_ids": "[2, 73]", "osm_url": "https://www.openstreetmap.org/way/160564817", "josm_url": "http://127.0.0.1:8111/load_object?new_layer=false&objects=w160564817", "id_url": "https://www.openstreetmap.org/edit?editor=id&way=160564817#map=20/59.9615358/10.7304546"}}, {"type": "Feature", "geometry": {"type": "Point", "coordinates": [10.8627561, 59.8521371]}, "properties": {"id": 160805246, "feat_type": "way", "quality_categories": "older_than_five_years, wrong_mispelled_or_unlisted_values", "issue_ids": "[25, 74]", "osm_url": "https://www.openstreetmap.org/way/160805246", "josm_url": "http://127.0.0.1:8111/load_object?new_layer=false&objects=w160805246", "id_url": "https://www.openstreetmap.org/edit?editor=id&way=160805246#map=20/59.8521371/10.8627561"}}, {"type": "Feature", "geometry": {"type": "Point", "coordinates": [10.8603834, 59.8614884]}, "properties": {"id": 160972585, "feat_type": "way", "quality_categories": "older_than_five_years, wrong_mispelled_or_unlisted_values", "issue_ids": "[65, 75]", "osm_url": "https://www.openstreetmap.org/way/160972585", "josm_url": "http://127.0.0.1:8111/load_object?new_layer=false&objects=w160972585", "id_url": "https://www.openstreetmap.org/edit?editor=id&way=160972585#map=20/59.8614884/10.8603834"}}, {"type": "Feature", "geometry": {"type": "Point", "coordinates": [10.7123112, 59.949027]}, "properties": {"id": 161413667, "feat_type": "way", "quality_categories": "wrong_mispelled_or_unlisted_values", "issue_ids": "[5]", "osm_url": "https://www.openstreetmap.org/way/161413667", "josm_url": "http://127.0.0.1:8111/load_object?new_layer=false&objects=w161413667", "id_url": "https://www.openstreetmap.org/edit?editor=id&way=161413667#map=20/59.949027/10.7123112"}}, {"type": "Feature", "geometry": {"type": "Point", "coordinates": [10.7111397, 59.959889]}, "properties": {"id": 161480313, "feat_type": "way", "quality_categories": "older_than_five_years, wrong_mispelled_or_unlisted_values", "issue_ids": "[2, 76]", "osm_url": "https://www.openstreetmap.org/way/161480313", "josm_url": "http://127.0.0.1:8111/load_object?new_layer=false&objects=w161480313", "id_url": "https://www.openstreetmap.org/edit?editor=id&way=161480313#map=20/59.959889/10.7111397"}}, {"type": "Feature", "geometry": {"type": "Point", "coordinates": [10.8689671, 59.8557353]}, "properties": {"id": 161491099, "feat_type": "way", "quality_categories": "older_than_five_years, wrong_mispelled_or_unlisted_values", "issue_ids": "[25, 54]", "osm_url": "https://www.openstreetmap.org/way/161491099", "josm_url": "http://127.0.0.1:8111/load_object?new_layer=false&objects=w161491099", "id_url": "https://www.openstreetmap.org/edit?editor=id&way=161491099#map=20/59.8557353/10.8689671"}}, {"type": "Feature", "geometry": {"type": "Point", "coordinates": [10.8008585, 59.949619]}, "properties": {"id": 164210180, "feat_type": "way", "quality_categories": "older_than_five_years, wrong_mispelled_or_unlisted_values", "issue_ids": "[16, 77]", "osm_url": "https://www.openstreetmap.org/way/164210180", "josm_url": "http://127.0.0.1:8111/load_object?new_layer=false&objects=w164210180", "id_url": "https://www.openstreetmap.org/edit?editor=id&way=164210180#map=20/59.949619/10.8008585"}}, {"type": "Feature", "geometry": {"type": "Point", "coordinates": [10.8886542, 59.8611523]}, "properties": {"id": 165027414, "feat_type": "way", "quality_categories": "wrong_mispelled_or_unlisted_values", "issue_ids": "[26]", "osm_url": "https://www.openstreetmap.org/way/165027414", "josm_url": "http://127.0.0.1:8111/load_object?new_layer=false&objects=w165027414", "id_url": "https://www.openstreetmap.org/edit?editor=id&way=165027414#map=20/59.8611523/10.8886542"}}, {"type": "Feature", "geometry": {"type": "Point", "coordinates": [10.6707444, 59.9626048]}, "properties": {"id": 165256454, "feat_type": "way", "quality_categories": "wrong_mispelled_or_unlisted_values", "issue_ids": "[18]", "osm_url": "https://www.openstreetmap.org/way/165256454", "josm_url": "http://127.0.0.1:8111/load_object?new_layer=false&objects=w165256454", "id_url": "https://www.openstreetmap.org/edit?editor=id&way=165256454#map=20/59.9626048/10.6707444"}}, {"type": "Feature", "geometry": {"type": "Point", "coordinates": [10.6669692, 59.9649006]}, "properties": {"id": 165340920, "feat_type": "way", "quality_categories": "wrong_mispelled_or_unlisted_values", "issue_ids": "[28]", "osm_url": "https://www.openstreetmap.org/way/165340920", "josm_url": "http://127.0.0.1:8111/load_object?new_layer=false&objects=w165340920", "id_url": "https://www.openstreetmap.org/edit?editor=id&way=165340920#map=20/59.9649006/10.6669692"}}, {"type": "Feature", "geometry": {"type": "Point", "coordinates": [10.6669353, 59.9645562]}, "properties": {"id": 165340933, "feat_type": "way", "quality_categories": "wrong_mispelled_or_unlisted_values", "issue_ids": "[28]", "osm_url": "https://www.openstreetmap.org/way/165340933", "josm_url": "http://127.0.0.1:8111/load_object?new_layer=false&objects=w165340933", "id_url": "https://www.openstreetmap.org/edit?editor=id&way=165340933#map=20/59.9645562/10.6669353"}}, {"type": "Feature", "geometry": {"type": "Point", "coordinates": [10.643966, 59.9691896]}, "properties": {"id": 166685742, "feat_type": "way", "quality_categories": "wrong_mispelled_or_unlisted_values", "issue_ids": "[2]", "osm_url": "https://www.openstreetmap.org/way/166685742", "josm_url": "http://127.0.0.1:8111/load_object?new_layer=false&objects=w166685742", "id_url": "https://www.openstreetmap.org/edit?editor=id&way=166685742#map=20/59.9691896/10.643966"}}, {"type": "Feature", "geometry": {"type": "Point", "coordinates": [10.8882246, 59.8470544]}, "properties": {"id": 168357896, "feat_type": "way", "quality_categories": "older_than_five_years, wrong_mispelled_or_unlisted_values", "issue_ids": "[25, 54]", "osm_url": "https://www.openstreetmap.org/way/168357896", "josm_url": "http://127.0.0.1:8111/load_object?new_layer=false&objects=w168357896", "id_url": "https://www.openstreetmap.org/edit?editor=id&way=168357896#map=20/59.8470544/10.8882246"}}, {"type": "Feature", "geometry": {"type": "Point", "coordinates": [10.7733762, 59.9376093]}, "properties": {"id": 169263749, "feat_type": "way", "quality_categories": "older_than_five_years, wrong_mispelled_or_unlisted_values", "issue_ids": "[2, 78]", "osm_url": "https://www.openstreetmap.org/way/169263749", "josm_url": "http://127.0.0.1:8111/load_object?new_layer=false&objects=w169263749", "id_url": "https://www.openstreetmap.org/edit?editor=id&way=169263749#map=20/59.9376093/10.7733762"}}, {"type": "Feature", "geometry": {"type": "Point", "coordinates": [10.6832408, 59.9557412]}, "properties": {"id": 169634179, "feat_type": "way", "quality_categories": "older_than_five_years, wrong_mispelled_or_unlisted_values", "issue_ids": "[79, 71]", "osm_url": "https://www.openstreetmap.org/way/169634179", "josm_url": "http://127.0.0.1:8111/load_object?new_layer=false&objects=w169634179", "id_url": "https://www.openstreetmap.org/edit?editor=id&way=169634179#map=20/59.9557412/10.6832408"}}, {"type": "Feature", "geometry": {"type": "Point", "coordinates": [10.8940203, 59.8395457]}, "properties": {"id": 171553195, "feat_type": "way", "quality_categories": "older_than_five_years, wrong_mispelled_or_unlisted_values", "issue_ids": "[25, 80]", "osm_url": "https://www.openstreetmap.org/way/171553195", "josm_url": "http://127.0.0.1:8111/load_object?new_layer=false&objects=w171553195", "id_url": "https://www.openstreetmap.org/edit?editor=id&way=171553195#map=20/59.8395457/10.8940203"}}, {"type": "Feature", "geometry": {"type": "Point", "coordinates": [10.8904649, 59.8422864]}, "properties": {"id": 171553198, "feat_type": "way", "quality_categories": "older_than_five_years, wrong_mispelled_or_unlisted_values", "issue_ids": "[25, 81]", "osm_url": "https://www.openstreetmap.org/way/171553198", "josm_url": "http://127.0.0.1:8111/load_object?new_layer=false&objects=w171553198", "id_url": "https://www.openstreetmap.org/edit?editor=id&way=171553198#map=20/59.8422864/10.8904649"}}, {"type": "Feature", "geometry": {"type": "Point", "coordinates": [10.7595499, 59.9024114]}, "properties": {"id": 172520799, "feat_type": "way", "quality_categories": "older_than_five_years, wrong_mispelled_or_unlisted_values", "issue_ids": "[2, 82]", "osm_url": "https://www.openstreetmap.org/way/172520799", "josm_url": "http://127.0.0.1:8111/load_object?new_layer=false&objects=w172520799", "id_url": "https://www.openstreetmap.org/edit?editor=id&way=172520799#map=20/59.9024114/10.7595499"}}, {"type": "Feature", "geometry": {"type": "Point", "coordinates": [10.7467432, 59.9203352]}, "properties": {"id": 172522970, "feat_type": "way", "quality_categories": "wrong_mispelled_or_unlisted_values", "issue_ids": "[2]", "osm_url": "https://www.openstreetmap.org/way/172522970", "josm_url": "http://127.0.0.1:8111/load_object?new_layer=false&objects=w172522970", "id_url": "https://www.openstreetmap.org/edit?editor=id&way=172522970#map=20/59.9203352/10.7467432"}}, {"type": "Feature", "geometry": {"type": "Point", "coordinates": [10.6836744, 59.9617484]}, "properties": {"id": 172700623, "feat_type": "way", "quality_categories": "wrong_mispelled_or_unlisted_values", "issue_ids": "[2]", "osm_url": "https://www.openstreetmap.org/way/172700623", "josm_url": "http://127.0.0.1:8111/load_object?new_layer=false&objects=w172700623", "id_url": "https://www.openstreetmap.org/edit?editor=id&way=172700623#map=20/59.9617484/10.6836744"}}, {"type": "Feature", "geometry": {"type": "Point", "coordinates": [10.6789797, 59.9648577]}, "properties": {"id": 173216969, "feat_type": "way", "quality_categories": "wrong_mispelled_or_unlisted_values", "issue_ids": "[2]", "osm_url": "https://www.openstreetmap.org/way/173216969", "josm_url": "http://127.0.0.1:8111/load_object?new_layer=false&objects=w173216969", "id_url": "https://www.openstreetmap.org/edit?editor=id&way=173216969#map=20/59.9648577/10.6789797"}}, {"type": "Feature", "geometry": {"type": "Point", "coordinates": [10.8787693, 59.9544001]}, "properties": {"id": 178739038, "feat_type": "way", "quality_categories": "wrong_mispelled_or_unlisted_values", "issue_ids": "[2]", "osm_url": "https://www.openstreetmap.org/way/178739038", "josm_url": "http://127.0.0.1:8111/load_object?new_layer=false&objects=w178739038", "id_url": "https://www.openstreetmap.org/edit?editor=id&way=178739038#map=20/59.9544001/10.8787693"}}, {"type": "Feature", "geometry": {"type": "Point", "coordinates": [10.8656532, 59.9853902]}, "properties": {"id": 179533921, "feat_type": "way", "quality_categories": "older_than_five_years, wrong_mispelled_or_unlisted_values", "issue_ids": "[65, 83]", "osm_url": "https://www.openstreetmap.org/way/179533921", "josm_url": "http://127.0.0.1:8111/load_object?new_layer=false&objects=w179533921", "id_url": "https://www.openstreetmap.org/edit?editor=id&way=179533921#map=20/59.9853902/10.8656532"}}, {"type": "Feature", "geometry": {"type": "Point", "coordinates": [10.8636375, 59.9839134]}, "properties": {"id": 179533932, "feat_type": "way", "quality_categories": "older_than_five_years, wrong_mispelled_or_unlisted_values", "issue_ids": "[65, 66]", "osm_url": "https://www.openstreetmap.org/way/179533932", "josm_url": "http://127.0.0.1:8111/load_object?new_layer=false&objects=w179533932", "id_url": "https://www.openstreetmap.org/edit?editor=id&way=179533932#map=20/59.9839134/10.8636375"}}, {"type": "Feature", "geometry": {"type": "Point", "coordinates": [10.8120737, 59.9182101]}, "properties": {"id": 179686607, "feat_type": "way", "quality_categories": "wrong_mispelled_or_unlisted_values", "issue_ids": "[2]", "osm_url": "https://www.openstreetmap.org/way/179686607", "josm_url": "http://127.0.0.1:8111/load_object?new_layer=false&objects=w179686607", "id_url": "https://www.openstreetmap.org/edit?editor=id&way=179686607#map=20/59.9182101/10.8120737"}}, {"type": "Feature", "geometry": {"type": "Point", "coordinates": [10.6463863, 59.9907337]}, "properties": {"id": 179849184, "feat_type": "way", "quality_categories": "wrong_mispelled_or_unlisted_values", "issue_ids": "[12]", "osm_url": "https://www.openstreetmap.org/way/179849184", "josm_url": "http://127.0.0.1:8111/load_object?new_layer=false&objects=w179849184", "id_url": "https://www.openstreetmap.org/edit?editor=id&way=179849184#map=20/59.9907337/10.6463863"}}, {"type": "Feature", "geometry": {"type": "Point", "coordinates": [10.6493293, 59.9919323]}, "properties": {"id": 179849185, "feat_type": "way", "quality_categories": "older_than_five_years, wrong_mispelled_or_unlisted_values", "issue_ids": "[12, 84]", "osm_url": "https://www.openstreetmap.org/way/179849185", "josm_url": "http://127.0.0.1:8111/load_object?new_layer=false&objects=w179849185", "id_url": "https://www.openstreetmap.org/edit?editor=id&way=179849185#map=20/59.9919323/10.6493293"}}, {"type": "Feature", "geometry": {"type": "Point", "coordinates": [10.6463065, 59.9917758]}, "properties": {"id": 179849188, "feat_type": "way", "quality_categories": "wrong_mispelled_or_unlisted_values", "issue_ids": "[12]", "osm_url": "https://www.openstreetmap.org/way/179849188", "josm_url": "http://127.0.0.1:8111/load_object?new_layer=false&objects=w179849188", "id_url": "https://www.openstreetmap.org/edit?editor=id&way=179849188#map=20/59.9917758/10.6463065"}}, {"type": "Feature", "geometry": {"type": "Point", "coordinates": [10.6471502, 59.9920688]}, "properties": {"id": 179849189, "feat_type": "way", "quality_categories": "wrong_mispelled_or_unlisted_values", "issue_ids": "[12]", "osm_url": "https://www.openstreetmap.org/way/179849189", "josm_url": "http://127.0.0.1:8111/load_object?new_layer=false&objects=w179849189", "id_url": "https://www.openstreetmap.org/edit?editor=id&way=179849189#map=20/59.9920688/10.6471502"}}, {"type": "Feature", "geometry": {"type": "Point", "coordinates": [10.7884887, 59.8444657]}, "properties": {"id": 182543261, "feat_type": "way", "quality_categories": "wrong_mispelled_or_unlisted_values", "issue_ids": "[2]", "osm_url": "https://www.openstreetmap.org/way/182543261", "josm_url": "http://127.0.0.1:8111/load_object?new_layer=false&objects=w182543261", "id_url": "https://www.openstreetmap.org/edit?editor=id&way=182543261#map=20/59.8444657/10.7884887"}}, {"type": "Feature", "geometry": {"type": "Point", "coordinates": [10.7513183, 59.979103]}, "properties": {"id": 183583978, "feat_type": "way", "quality_categories": "older_than_five_years, wrong_mispelled_or_unlisted_values", "issue_ids": "[25, 85]", "osm_url": "https://www.openstreetmap.org/way/183583978", "josm_url": "http://127.0.0.1:8111/load_object?new_layer=false&objects=w183583978", "id_url": "https://www.openstreetmap.org/edit?editor=id&way=183583978#map=20/59.979103/10.7513183"}}, {"type": "Feature", "geometry": {"type": "Point", "coordinates": [10.7722423, 59.918872]}, "properties": {"id": 183646153, "feat_type": "way", "quality_categories": "wrong_mispelled_or_unlisted_values", "issue_ids": "[2]", "osm_url": "https://www.openstreetmap.org/way/183646153", "josm_url": "http://127.0.0.1:8111/load_object?new_layer=false&objects=w183646153", "id_url": "https://www.openstreetmap.org/edit?editor=id&way=183646153#map=20/59.918872/10.7722423"}}, {"type": "Feature", "geometry": {"type": "Point", "coordinates": [10.747987, 59.9694198]}, "properties": {"id": 184613916, "feat_type": "way", "quality_categories": "wrong_mispelled_or_unlisted_values", "issue_ids": "[26]", "osm_url": "https://www.openstreetmap.org/way/184613916", "josm_url": "http://127.0.0.1:8111/load_object?new_layer=false&objects=w184613916", "id_url": "https://www.openstreetmap.org/edit?editor=id&way=184613916#map=20/59.9694198/10.747987"}}, {"type": "Feature", "geometry": {"type": "Point", "coordinates": [10.762707, 59.9476912]}, "properties": {"id": 185874761, "feat_type": "way", "quality_categories": "older_than_five_years, wrong_mispelled_or_unlisted_values", "issue_ids": "[2, 60]", "osm_url": "https://www.openstreetmap.org/way/185874761", "josm_url": "http://127.0.0.1:8111/load_object?new_layer=false&objects=w185874761", "id_url": "https://www.openstreetmap.org/edit?editor=id&way=185874761#map=20/59.9476912/10.762707"}}, {"type": "Feature", "geometry": {"type": "Point", "coordinates": [10.6918513, 59.9843817]}, "properties": {"id": 189445916, "feat_type": "way", "quality_categories": "wrong_mispelled_or_unlisted_values", "issue_ids": "[26]", "osm_url": "https://www.openstreetmap.org/way/189445916", "josm_url": "http://127.0.0.1:8111/load_object?new_layer=false&objects=w189445916", "id_url": "https://www.openstreetmap.org/edit?editor=id&way=189445916#map=20/59.9843817/10.6918513"}}, {"type": "Feature", "geometry": {"type": "Point", "coordinates": [10.8705596, 59.888367]}, "properties": {"id": 190586201, "feat_type": "way", "quality_categories": "wrong_mispelled_or_unlisted_values", "issue_ids": "[18]", "osm_url": "https://www.openstreetmap.org/way/190586201", "josm_url": "http://127.0.0.1:8111/load_object?new_layer=false&objects=w190586201", "id_url": "https://www.openstreetmap.org/edit?editor=id&way=190586201#map=20/59.888367/10.8705596"}}, {"type": "Feature", "geometry": {"type": "Point", "coordinates": [10.7154938, 59.8814334]}, "properties": {"id": 193869126, "feat_type": "way", "quality_categories": "wrong_mispelled_or_unlisted_values", "issue_ids": "[2]", "osm_url": "https://www.openstreetmap.org/way/193869126", "josm_url": "http://127.0.0.1:8111/load_object?new_layer=false&objects=w193869126", "id_url": "https://www.openstreetmap.org/edit?editor=id&way=193869126#map=20/59.8814334/10.7154938"}}, {"type": "Feature", "geometry": {"type": "Point", "coordinates": [10.8038901, 59.9369449]}, "properties": {"id": 198007574, "feat_type": "way", "quality_categories": "wrong_mispelled_or_unlisted_values", "issue_ids": "[2]", "osm_url": "https://www.openstreetmap.org/way/198007574", "josm_url": "http://127.0.0.1:8111/load_object?new_layer=false&objects=w198007574", "id_url": "https://www.openstreetmap.org/edit?editor=id&way=198007574#map=20/59.9369449/10.8038901"}}, {"type": "Feature", "geometry": {"type": "Point", "coordinates": [10.8229625, 59.901977]}, "properties": {"id": 200648469, "feat_type": "way", "quality_categories": "wrong_mispelled_or_unlisted_values", "issue_ids": "[2]", "osm_url": "https://www.openstreetmap.org/way/200648469", "josm_url": "http://127.0.0.1:8111/load_object?new_layer=false&objects=w200648469", "id_url": "https://www.openstreetmap.org/edit?editor=id&way=200648469#map=20/59.901977/10.8229625"}}, {"type": "Feature", "geometry": {"type": "Point", "coordinates": [10.8621991, 59.8931383]}, "properties": {"id": 201503648, "feat_type": "way", "quality_categories": "wrong_mispelled_or_unlisted_values", "issue_ids": "[25]", "osm_url": "https://www.openstreetmap.org/way/201503648", "josm_url": "http://127.0.0.1:8111/load_object?new_layer=false&objects=w201503648", "id_url": "https://www.openstreetmap.org/edit?editor=id&way=201503648#map=20/59.8931383/10.8621991"}}, {"type": "Feature", "geometry": {"type": "Point", "coordinates": [10.666525, 59.9662466]}, "properties": {"id": 204710727, "feat_type": "way", "quality_categories": "wrong_mispelled_or_unlisted_values", "issue_ids": "[2]", "osm_url": "https://www.openstreetmap.org/way/204710727", "josm_url": "http://127.0.0.1:8111/load_object?new_layer=false&objects=w204710727", "id_url": "https://www.openstreetmap.org/edit?editor=id&way=204710727#map=20/59.9662466/10.666525"}}, {"type": "Feature", "geometry": {"type": "Point", "coordinates": [10.7294472, 59.9690856]}, "properties": {"id": 209039944, "feat_type": "way", "quality_categories": "wrong_mispelled_or_unlisted_values", "issue_ids": "[2]", "osm_url": "https://www.openstreetmap.org/way/209039944", "josm_url": "http://127.0.0.1:8111/load_object?new_layer=false&objects=w209039944", "id_url": "https://www.openstreetmap.org/edit?editor=id&way=209039944#map=20/59.9690856/10.7294472"}}, {"type": "Feature", "geometry": {"type": "Point", "coordinates": [10.8653099, 59.9191737]}, "properties": {"id": 218621656, "feat_type": "way", "quality_categories": "wrong_mispelled_or_unlisted_values", "issue_ids": "[2]", "osm_url": "https://www.openstreetmap.org/way/218621656", "josm_url": "http://127.0.0.1:8111/load_object?new_layer=false&objects=w218621656", "id_url": "https://www.openstreetmap.org/edit?editor=id&way=218621656#map=20/59.9191737/10.8653099"}}, {"type": "Feature", "geometry": {"type": "Point", "coordinates": [10.9014825, 59.8642879]}, "properties": {"id": 219150224, "feat_type": "way", "quality_categories": "older_than_five_years, wrong_mispelled_or_unlisted_values", "issue_ids": "[26, 86]", "osm_url": "https://www.openstreetmap.org/way/219150224", "josm_url": "http://127.0.0.1:8111/load_object?new_layer=false&objects=w219150224", "id_url": "https://www.openstreetmap.org/edit?editor=id&way=219150224#map=20/59.8642879/10.9014825"}}, {"type": "Feature", "geometry": {"type": "Point", "coordinates": [10.6261738, 59.9711547]}, "properties": {"id": 219498667, "feat_type": "way", "quality_categories": "wrong_mispelled_or_unlisted_values", "issue_ids": "[16]", "osm_url": "https://www.openstreetmap.org/way/219498667", "josm_url": "http://127.0.0.1:8111/load_object?new_layer=false&objects=w219498667", "id_url": "https://www.openstreetmap.org/edit?editor=id&way=219498667#map=20/59.9711547/10.6261738"}}, {"type": "Feature", "geometry": {"type": "Point", "coordinates": [10.6244686, 59.9765931]}, "properties": {"id": 220095508, "feat_type": "way", "quality_categories": "wrong_mispelled_or_unlisted_values", "issue_ids": "[2]", "osm_url": "https://www.openstreetmap.org/way/220095508", "josm_url": "http://127.0.0.1:8111/load_object?new_layer=false&objects=w220095508", "id_url": "https://www.openstreetmap.org/edit?editor=id&way=220095508#map=20/59.9765931/10.6244686"}}, {"type": "Feature", "geometry": {"type": "Point", "coordinates": [10.6936826, 59.931671]}, "properties": {"id": 220561386, "feat_type": "way", "quality_categories": "wrong_mispelled_or_unlisted_values", "issue_ids": "[2]", "osm_url": "https://www.openstreetmap.org/way/220561386", "josm_url": "http://127.0.0.1:8111/load_object?new_layer=false&objects=w220561386", "id_url": "https://www.openstreetmap.org/edit?editor=id&way=220561386#map=20/59.931671/10.6936826"}}, {"type": "Feature", "geometry": {"type": "Point", "coordinates": [10.7013484, 59.9325781]}, "properties": {"id": 220561398, "feat_type": "way", "quality_categories": "wrong_mispelled_or_unlisted_values", "issue_ids": "[2]", "osm_url": "https://www.openstreetmap.org/way/220561398", "josm_url": "http://127.0.0.1:8111/load_object?new_layer=false&objects=w220561398", "id_url": "https://www.openstreetmap.org/edit?editor=id&way=220561398#map=20/59.9325781/10.7013484"}}, {"type": "Feature", "geometry": {"type": "Point", "coordinates": [10.6988041, 59.9329883]}, "properties": {"id": 220561406, "feat_type": "way", "quality_categories": "wrong_mispelled_or_unlisted_values", "issue_ids": "[2]", "osm_url": "https://www.openstreetmap.org/way/220561406", "josm_url": "http://127.0.0.1:8111/load_object?new_layer=false&objects=w220561406", "id_url": "https://www.openstreetmap.org/edit?editor=id&way=220561406#map=20/59.9329883/10.6988041"}}, {"type": "Feature", "geometry": {"type": "Point", "coordinates": [10.6949776, 59.9317597]}, "properties": {"id": 220561409, "feat_type": "way", "quality_categories": "wrong_mispelled_or_unlisted_values", "issue_ids": "[2]", "osm_url": "https://www.openstreetmap.org/way/220561409", "josm_url": "http://127.0.0.1:8111/load_object?new_layer=false&objects=w220561409", "id_url": "https://www.openstreetmap.org/edit?editor=id&way=220561409#map=20/59.9317597/10.6949776"}}, {"type": "Feature", "geometry": {"type": "Point", "coordinates": [10.7001154, 59.9325417]}, "properties": {"id": 220561410, "feat_type": "way", "quality_categories": "wrong_mispelled_or_unlisted_values", "issue_ids": "[2]", "osm_url": "https://www.openstreetmap.org/way/220561410", "josm_url": "http://127.0.0.1:8111/load_object?new_layer=false&objects=w220561410", "id_url": "https://www.openstreetmap.org/edit?editor=id&way=220561410#map=20/59.9325417/10.7001154"}}, {"type": "Feature", "geometry": {"type": "Point", "coordinates": [10.6983437, 59.9326507]}, "properties": {"id": 220561413, "feat_type": "way", "quality_categories": "wrong_mispelled_or_unlisted_values", "issue_ids": "[2]", "osm_url": "https://www.openstreetmap.org/way/220561413", "josm_url": "http://127.0.0.1:8111/load_object?new_layer=false&objects=w220561413", "id_url": "https://www.openstreetmap.org/edit?editor=id&way=220561413#map=20/59.9326507/10.6983437"}}, {"type": "Feature", "geometry": {"type": "Point", "coordinates": [10.7018098, 59.9320401]}, "properties": {"id": 220561420, "feat_type": "way", "quality_categories": "wrong_mispelled_or_unlisted_values", "issue_ids": "[2]", "osm_url": "https://www.openstreetmap.org/way/220561420", "josm_url": "http://127.0.0.1:8111/load_object?new_layer=false&objects=w220561420", "id_url": "https://www.openstreetmap.org/edit?editor=id&way=220561420#map=20/59.9320401/10.7018098"}}, {"type": "Feature", "geometry": {"type": "Point", "coordinates": [10.6954566, 59.9321201]}, "properties": {"id": 220561921, "feat_type": "way", "quality_categories": "wrong_mispelled_or_unlisted_values", "issue_ids": "[2]", "osm_url": "https://www.openstreetmap.org/way/220561921", "josm_url": "http://127.0.0.1:8111/load_object?new_layer=false&objects=w220561921", "id_url": "https://www.openstreetmap.org/edit?editor=id&way=220561921#map=20/59.9321201/10.6954566"}}, {"type": "Feature", "geometry": {"type": "Point", "coordinates": [10.6934943, 59.9332843]}, "properties": {"id": 220561923, "feat_type": "way", "quality_categories": "wrong_mispelled_or_unlisted_values", "issue_ids": "[2]", "osm_url": "https://www.openstreetmap.org/way/220561923", "josm_url": "http://127.0.0.1:8111/load_object?new_layer=false&objects=w220561923", "id_url": "https://www.openstreetmap.org/edit?editor=id&way=220561923#map=20/59.9332843/10.6934943"}}, {"type": "Feature", "geometry": {"type": "Point", "coordinates": [10.7017686, 59.9322599]}, "properties": {"id": 220566050, "feat_type": "way", "quality_categories": "wrong_mispelled_or_unlisted_values", "issue_ids": "[2]", "osm_url": "https://www.openstreetmap.org/way/220566050", "josm_url": "http://127.0.0.1:8111/load_object?new_layer=false&objects=w220566050", "id_url": "https://www.openstreetmap.org/edit?editor=id&way=220566050#map=20/59.9322599/10.7017686"}}, {"type": "Feature", "geometry": {"type": "Point", "coordinates": [10.7281695, 60.0015965]}, "properties": {"id": 223952256, "feat_type": "way", "quality_categories": "older_than_five_years, wrong_mispelled_or_unlisted_values", "issue_ids": "[25, 17]", "osm_url": "https://www.openstreetmap.org/way/223952256", "josm_url": "http://127.0.0.1:8111/load_object?new_layer=false&objects=w223952256", "id_url": "https://www.openstreetmap.org/edit?editor=id&way=223952256#map=20/60.0015965/10.7281695"}}, {"type": "Feature", "geometry": {"type": "Point", "coordinates": [10.7275362, 60.0030757]}, "properties": {"id": 223952273, "feat_type": "way", "quality_categories": "older_than_five_years, wrong_mispelled_or_unlisted_values", "issue_ids": "[25, 87]", "osm_url": "https://www.openstreetmap.org/way/223952273", "josm_url": "http://127.0.0.1:8111/load_object?new_layer=false&objects=w223952273", "id_url": "https://www.openstreetmap.org/edit?editor=id&way=223952273#map=20/60.0030757/10.7275362"}}, {"type": "Feature", "geometry": {"type": "Point", "coordinates": [10.8211679, 59.9092152]}, "properties": {"id": 224396818, "feat_type": "way", "quality_categories": "wrong_mispelled_or_unlisted_values", "issue_ids": "[2]", "osm_url": "https://www.openstreetmap.org/way/224396818", "josm_url": "http://127.0.0.1:8111/load_object?new_layer=false&objects=w224396818", "id_url": "https://www.openstreetmap.org/edit?editor=id&way=224396818#map=20/59.9092152/10.8211679"}}, {"type": "Feature", "geometry": {"type": "Point", "coordinates": [10.6546026, 59.9139337]}, "properties": {"id": 225821318, "feat_type": "way", "quality_categories": "wrong_mispelled_or_unlisted_values", "issue_ids": "[2]", "osm_url": "https://www.openstreetmap.org/way/225821318", "josm_url": "http://127.0.0.1:8111/load_object?new_layer=false&objects=w225821318", "id_url": "https://www.openstreetmap.org/edit?editor=id&way=225821318#map=20/59.9139337/10.6546026"}}, {"type": "Feature", "geometry": {"type": "Point", "coordinates": [10.6569288, 59.914483]}, "properties": {"id": 225821325, "feat_type": "way", "quality_categories": "wrong_mispelled_or_unlisted_values", "issue_ids": "[2]", "osm_url": "https://www.openstreetmap.org/way/225821325", "josm_url": "http://127.0.0.1:8111/load_object?new_layer=false&objects=w225821325", "id_url": "https://www.openstreetmap.org/edit?editor=id&way=225821325#map=20/59.914483/10.6569288"}}, {"type": "Feature", "geometry": {"type": "Point", "coordinates": [10.7923535, 59.8233284]}, "properties": {"id": 226066380, "feat_type": "way", "quality_categories": "wrong_mispelled_or_unlisted_values", "issue_ids": "[2]", "osm_url": "https://www.openstreetmap.org/way/226066380", "josm_url": "http://127.0.0.1:8111/load_object?new_layer=false&objects=w226066380", "id_url": "https://www.openstreetmap.org/edit?editor=id&way=226066380#map=20/59.8233284/10.7923535"}}, {"type": "Feature", "geometry": {"type": "Point", "coordinates": [10.6804383, 59.9644833]}, "properties": {"id": 226145494, "feat_type": "way", "quality_categories": "wrong_mispelled_or_unlisted_values", "issue_ids": "[18]", "osm_url": "https://www.openstreetmap.org/way/226145494", "josm_url": "http://127.0.0.1:8111/load_object?new_layer=false&objects=w226145494", "id_url": "https://www.openstreetmap.org/edit?editor=id&way=226145494#map=20/59.9644833/10.6804383"}}, {"type": "Feature", "geometry": {"type": "Point", "coordinates": [10.653313, 59.9300966]}, "properties": {"id": 227904994, "feat_type": "way", "quality_categories": "wrong_mispelled_or_unlisted_values", "issue_ids": "[2]", "osm_url": "https://www.openstreetmap.org/way/227904994", "josm_url": "http://127.0.0.1:8111/load_object?new_layer=false&objects=w227904994", "id_url": "https://www.openstreetmap.org/edit?editor=id&way=227904994#map=20/59.9300966/10.653313"}}, {"type": "Feature", "geometry": {"type": "Point", "coordinates": [10.8773828, 59.949845]}, "properties": {"id": 228303954, "feat_type": "way", "quality_categories": "wrong_mispelled_or_unlisted_values", "issue_ids": "[2]", "osm_url": "https://www.openstreetmap.org/way/228303954", "josm_url": "http://127.0.0.1:8111/load_object?new_layer=false&objects=w228303954", "id_url": "https://www.openstreetmap.org/edit?editor=id&way=228303954#map=20/59.949845/10.8773828"}}, {"type": "Feature", "geometry": {"type": "Point", "coordinates": [10.8772159, 59.9495639]}, "properties": {"id": 228303962, "feat_type": "way", "quality_categories": "older_than_five_years, wrong_mispelled_or_unlisted_values", "issue_ids": "[2, 46]", "osm_url": "https://www.openstreetmap.org/way/228303962", "josm_url": "http://127.0.0.1:8111/load_object?new_layer=false&objects=w228303962", "id_url": "https://www.openstreetmap.org/edit?editor=id&way=228303962#map=20/59.9495639/10.8772159"}}, {"type": "Feature", "geometry": {"type": "Point", "coordinates": [10.7671331, 59.9018136]}, "properties": {"id": 229181985, "feat_type": "way", "quality_categories": "older_than_five_years, wrong_mispelled_or_unlisted_values", "issue_ids": "[2, 88]", "osm_url": "https://www.openstreetmap.org/way/229181985", "josm_url": "http://127.0.0.1:8111/load_object?new_layer=false&objects=w229181985", "id_url": "https://www.openstreetmap.org/edit?editor=id&way=229181985#map=20/59.9018136/10.7671331"}}, {"type": "Feature", "geometry": {"type": "Point", "coordinates": [10.7661523, 59.9010175]}, "properties": {"id": 229181988, "feat_type": "way", "quality_categories": "older_than_five_years, wrong_mispelled_or_unlisted_values", "issue_ids": "[2, 4]", "osm_url": "https://www.openstreetmap.org/way/229181988", "josm_url": "http://127.0.0.1:8111/load_object?new_layer=false&objects=w229181988", "id_url": "https://www.openstreetmap.org/edit?editor=id&way=229181988#map=20/59.9010175/10.7661523"}}, {"type": "Feature", "geometry": {"type": "Point", "coordinates": [10.8645246, 59.9873885]}, "properties": {"id": 230031785, "feat_type": "way", "quality_categories": "older_than_five_years, wrong_mispelled_or_unlisted_values", "issue_ids": "[65, 66]", "osm_url": "https://www.openstreetmap.org/way/230031785", "josm_url": "http://127.0.0.1:8111/load_object?new_layer=false&objects=w230031785", "id_url": "https://www.openstreetmap.org/edit?editor=id&way=230031785#map=20/59.9873885/10.8645246"}}, {"type": "Feature", "geometry": {"type": "Point", "coordinates": [10.7821257, 60.037703]}, "properties": {"id": 232358089, "feat_type": "way", "quality_categories": "older_than_five_years, wrong_mispelled_or_unlisted_values", "issue_ids": "[16, 89]", "osm_url": "https://www.openstreetmap.org/way/232358089", "josm_url": "http://127.0.0.1:8111/load_object?new_layer=false&objects=w232358089", "id_url": "https://www.openstreetmap.org/edit?editor=id&way=232358089#map=20/60.037703/10.7821257"}}, {"type": "Feature", "geometry": {"type": "Point", "coordinates": [10.7055431, 59.9301761]}, "properties": {"id": 233170265, "feat_type": "way", "quality_categories": "wrong_mispelled_or_unlisted_values", "issue_ids": "[2]", "osm_url": "https://www.openstreetmap.org/way/233170265", "josm_url": "http://127.0.0.1:8111/load_object?new_layer=false&objects=w233170265", "id_url": "https://www.openstreetmap.org/edit?editor=id&way=233170265#map=20/59.9301761/10.7055431"}}, {"type": "Feature", "geometry": {"type": "Point", "coordinates": [10.7048703, 59.9296746]}, "properties": {"id": 233170268, "feat_type": "way", "quality_categories": "wrong_mispelled_or_unlisted_values", "issue_ids": "[2]", "osm_url": "https://www.openstreetmap.org/way/233170268", "josm_url": "http://127.0.0.1:8111/load_object?new_layer=false&objects=w233170268", "id_url": "https://www.openstreetmap.org/edit?editor=id&way=233170268#map=20/59.9296746/10.7048703"}}, {"type": "Feature", "geometry": {"type": "Point", "coordinates": [10.7046648, 59.9295187]}, "properties": {"id": 233170269, "feat_type": "way", "quality_categories": "wrong_mispelled_or_unlisted_values", "issue_ids": "[2]", "osm_url": "https://www.openstreetmap.org/way/233170269", "josm_url": "http://127.0.0.1:8111/load_object?new_layer=false&objects=w233170269", "id_url": "https://www.openstreetmap.org/edit?editor=id&way=233170269#map=20/59.9295187/10.7046648"}}, {"type": "Feature", "geometry": {"type": "Point", "coordinates": [10.7055431, 59.9301761]}, "properties": {"id": 233170270, "feat_type": "way", "quality_categories": "wrong_mispelled_or_unlisted_values", "issue_ids": "[2]", "osm_url": "https://www.openstreetmap.org/way/233170270", "josm_url": "http://127.0.0.1:8111/load_object?new_layer=false&objects=w233170270", "id_url": "https://www.openstreetmap.org/edit?editor=id&way=233170270#map=20/59.9301761/10.7055431"}}, {"type": "Feature", "geometry": {"type": "Point", "coordinates": [10.7050664, 59.929817]}, "properties": {"id": 233170271, "feat_type": "way", "quality_categories": "wrong_mispelled_or_unlisted_values", "issue_ids": "[2]", "osm_url": "https://www.openstreetmap.org/way/233170271", "josm_url": "http://127.0.0.1:8111/load_object?new_layer=false&objects=w233170271", "id_url": "https://www.openstreetmap.org/edit?editor=id&way=233170271#map=20/59.929817/10.7050664"}}, {"type": "Feature", "geometry": {"type": "Point", "coordinates": [10.7005509, 59.925069]}, "properties": {"id": 233277674, "feat_type": "way", "quality_categories": "wrong_mispelled_or_unlisted_values", "issue_ids": "[2]", "osm_url": "https://www.openstreetmap.org/way/233277674", "josm_url": "http://127.0.0.1:8111/load_object?new_layer=false&objects=w233277674", "id_url": "https://www.openstreetmap.org/edit?editor=id&way=233277674#map=20/59.925069/10.7005509"}}, {"type": "Feature", "geometry": {"type": "Point", "coordinates": [10.6965869, 59.929182]}, "properties": {"id": 233277705, "feat_type": "way", "quality_categories": "wrong_mispelled_or_unlisted_values", "issue_ids": "[2]", "osm_url": "https://www.openstreetmap.org/way/233277705", "josm_url": "http://127.0.0.1:8111/load_object?new_layer=false&objects=w233277705", "id_url": "https://www.openstreetmap.org/edit?editor=id&way=233277705#map=20/59.929182/10.6965869"}}, {"type": "Feature", "geometry": {"type": "Point", "coordinates": [10.706459456404955, 59.926142600000006]}, "properties": {"id": 238954864, "feat_type": "way", "quality_categories": "wrong_mispelled_or_unlisted_values", "issue_ids": "[2]", "osm_url": "https://www.openstreetmap.org/way/238954864", "josm_url": "http://127.0.0.1:8111/load_object?new_layer=false&objects=w238954864", "id_url": "https://www.openstreetmap.org/edit?editor=id&way=238954864#map=20/59.926142600000006/10.706459456404955"}}, {"type": "Feature", "geometry": {"type": "Point", "coordinates": [10.8765222, 59.9561917]}, "properties": {"id": 239016697, "feat_type": "way", "quality_categories": "wrong_mispelled_or_unlisted_values", "issue_ids": "[2]", "osm_url": "https://www.openstreetmap.org/way/239016697", "josm_url": "http://127.0.0.1:8111/load_object?new_layer=false&objects=w239016697", "id_url": "https://www.openstreetmap.org/edit?editor=id&way=239016697#map=20/59.9561917/10.8765222"}}, {"type": "Feature", "geometry": {"type": "Point", "coordinates": [10.8768955, 59.9573807]}, "properties": {"id": 239016702, "feat_type": "way", "quality_categories": "wrong_mispelled_or_unlisted_values", "issue_ids": "[2]", "osm_url": "https://www.openstreetmap.org/way/239016702", "josm_url": "http://127.0.0.1:8111/load_object?new_layer=false&objects=w239016702", "id_url": "https://www.openstreetmap.org/edit?editor=id&way=239016702#map=20/59.9573807/10.8768955"}}, {"type": "Feature", "geometry": {"type": "Point", "coordinates": [10.8962959, 59.9447898]}, "properties": {"id": 242691659, "feat_type": "way", "quality_categories": "older_than_five_years, wrong_mispelled_or_unlisted_values", "issue_ids": "[90, 91]", "osm_url": "https://www.openstreetmap.org/way/242691659", "josm_url": "http://127.0.0.1:8111/load_object?new_layer=false&objects=w242691659", "id_url": "https://www.openstreetmap.org/edit?editor=id&way=242691659#map=20/59.9447898/10.8962959"}}, {"type": "Feature", "geometry": {"type": "Point", "coordinates": [10.8979606, 59.9458709]}, "properties": {"id": 242691665, "feat_type": "way", "quality_categories": "older_than_five_years, wrong_mispelled_or_unlisted_values", "issue_ids": "[2, 91]", "osm_url": "https://www.openstreetmap.org/way/242691665", "josm_url": "http://127.0.0.1:8111/load_object?new_layer=false&objects=w242691665", "id_url": "https://www.openstreetmap.org/edit?editor=id&way=242691665#map=20/59.9458709/10.8979606"}}, {"type": "Feature", "geometry": {"type": "Point", "coordinates": [10.8646963, 59.986786]}, "properties": {"id": 243529849, "feat_type": "way", "quality_categories": "older_than_five_years, wrong_mispelled_or_unlisted_values", "issue_ids": "[65, 67]", "osm_url": "https://www.openstreetmap.org/way/243529849", "josm_url": "http://127.0.0.1:8111/load_object?new_layer=false&objects=w243529849", "id_url": "https://www.openstreetmap.org/edit?editor=id&way=243529849#map=20/59.986786/10.8646963"}}, {"type": "Feature", "geometry": {"type": "Point", "coordinates": [10.8651233, 59.9863721]}, "properties": {"id": 243529850, "feat_type": "way", "quality_categories": "older_than_five_years, wrong_mispelled_or_unlisted_values", "issue_ids": "[65, 67]", "osm_url": "https://www.openstreetmap.org/way/243529850", "josm_url": "http://127.0.0.1:8111/load_object?new_layer=false&objects=w243529850", "id_url": "https://www.openstreetmap.org/edit?editor=id&way=243529850#map=20/59.9863721/10.8651233"}}, {"type": "Feature", "geometry": {"type": "Point", "coordinates": [10.8649873, 59.9865714]}, "properties": {"id": 243529853, "feat_type": "way", "quality_categories": "older_than_five_years, wrong_mispelled_or_unlisted_values", "issue_ids": "[65, 66]", "osm_url": "https://www.openstreetmap.org/way/243529853", "josm_url": "http://127.0.0.1:8111/load_object?new_layer=false&objects=w243529853", "id_url": "https://www.openstreetmap.org/edit?editor=id&way=243529853#map=20/59.9865714/10.8649873"}}, {"type": "Feature", "geometry": {"type": "Point", "coordinates": [10.8653954, 59.9859647]}, "properties": {"id": 243529855, "feat_type": "way", "quality_categories": "older_than_five_years, wrong_mispelled_or_unlisted_values", "issue_ids": "[65, 66]", "osm_url": "https://www.openstreetmap.org/way/243529855", "josm_url": "http://127.0.0.1:8111/load_object?new_layer=false&objects=w243529855", "id_url": "https://www.openstreetmap.org/edit?editor=id&way=243529855#map=20/59.9859647/10.8653954"}}, {"type": "Feature", "geometry": {"type": "Point", "coordinates": [10.865243, 59.988246]}, "properties": {"id": 243529879, "feat_type": "way", "quality_categories": "older_than_five_years, wrong_mispelled_or_unlisted_values", "issue_ids": "[65, 66]", "osm_url": "https://www.openstreetmap.org/way/243529879", "josm_url": "http://127.0.0.1:8111/load_object?new_layer=false&objects=w243529879", "id_url": "https://www.openstreetmap.org/edit?editor=id&way=243529879#map=20/59.988246/10.865243"}}, {"type": "Feature", "geometry": {"type": "Point", "coordinates": [10.6660447, 60.1151178]}, "properties": {"id": 248699054, "feat_type": "way", "quality_categories": "older_than_five_years, wrong_mispelled_or_unlisted_values", "issue_ids": "[26, 92]", "osm_url": "https://www.openstreetmap.org/way/248699054", "josm_url": "http://127.0.0.1:8111/load_object?new_layer=false&objects=w248699054", "id_url": "https://www.openstreetmap.org/edit?editor=id&way=248699054#map=20/60.1151178/10.6660447"}}, {"type": "Feature", "geometry": {"type": "Point", "coordinates": [10.9329542, 59.9641282]}, "properties": {"id": 249410409, "feat_type": "way", "quality_categories": "wrong_mispelled_or_unlisted_values", "issue_ids": "[2]", "osm_url": "https://www.openstreetmap.org/way/249410409", "josm_url": "http://127.0.0.1:8111/load_object?new_layer=false&objects=w249410409", "id_url": "https://www.openstreetmap.org/edit?editor=id&way=249410409#map=20/59.9641282/10.9329542"}}, {"type": "Feature", "geometry": {"type": "Point", "coordinates": [10.9324208, 59.9640359]}, "properties": {"id": 249410446, "feat_type": "way", "quality_categories": "wrong_mispelled_or_unlisted_values", "issue_ids": "[2]", "osm_url": "https://www.openstreetmap.org/way/249410446", "josm_url": "http://127.0.0.1:8111/load_object?new_layer=false&objects=w249410446", "id_url": "https://www.openstreetmap.org/edit?editor=id&way=249410446#map=20/59.9640359/10.9324208"}}, {"type": "Feature", "geometry": {"type": "Point", "coordinates": [10.816616, 59.8211619]}, "properties": {"id": 252963978, "feat_type": "way", "quality_categories": "wrong_mispelled_or_unlisted_values", "issue_ids": "[2]", "osm_url": "https://www.openstreetmap.org/way/252963978", "josm_url": "http://127.0.0.1:8111/load_object?new_layer=false&objects=w252963978", "id_url": "https://www.openstreetmap.org/edit?editor=id&way=252963978#map=20/59.8211619/10.816616"}}, {"type": "Feature", "geometry": {"type": "Point", "coordinates": [10.8131329, 59.8336445]}, "properties": {"id": 253262652, "feat_type": "way", "quality_categories": "wrong_mispelled_or_unlisted_values", "issue_ids": "[2]", "osm_url": "https://www.openstreetmap.org/way/253262652", "josm_url": "http://127.0.0.1:8111/load_object?new_layer=false&objects=w253262652", "id_url": "https://www.openstreetmap.org/edit?editor=id&way=253262652#map=20/59.8336445/10.8131329"}}, {"type": "Feature", "geometry": {"type": "Point", "coordinates": [10.8139365, 59.8313349]}, "properties": {"id": 254567653, "feat_type": "way", "quality_categories": "wrong_mispelled_or_unlisted_values", "issue_ids": "[2]", "osm_url": "https://www.openstreetmap.org/way/254567653", "josm_url": "http://127.0.0.1:8111/load_object?new_layer=false&objects=w254567653", "id_url": "https://www.openstreetmap.org/edit?editor=id&way=254567653#map=20/59.8313349/10.8139365"}}, {"type": "Feature", "geometry": {"type": "Point", "coordinates": [10.8148923, 59.8304435]}, "properties": {"id": 254567663, "feat_type": "way", "quality_categories": "wrong_mispelled_or_unlisted_values", "issue_ids": "[2]", "osm_url": "https://www.openstreetmap.org/way/254567663", "josm_url": "http://127.0.0.1:8111/load_object?new_layer=false&objects=w254567663", "id_url": "https://www.openstreetmap.org/edit?editor=id&way=254567663#map=20/59.8304435/10.8148923"}}, {"type": "Feature", "geometry": {"type": "Point", "coordinates": [10.8275494, 59.9077505]}, "properties": {"id": 256772018, "feat_type": "way", "quality_categories": "wrong_mispelled_or_unlisted_values", "issue_ids": "[2]", "osm_url": "https://www.openstreetmap.org/way/256772018", "josm_url": "http://127.0.0.1:8111/load_object?new_layer=false&objects=w256772018", "id_url": "https://www.openstreetmap.org/edit?editor=id&way=256772018#map=20/59.9077505/10.8275494"}}, {"type": "Feature", "geometry": {"type": "Point", "coordinates": [10.7697598, 59.9012576]}, "properties": {"id": 258361003, "feat_type": "way", "quality_categories": "older_than_five_years, wrong_mispelled_or_unlisted_values", "issue_ids": "[2, 93]", "osm_url": "https://www.openstreetmap.org/way/258361003", "josm_url": "http://127.0.0.1:8111/load_object?new_layer=false&objects=w258361003", "id_url": "https://www.openstreetmap.org/edit?editor=id&way=258361003#map=20/59.9012576/10.7697598"}}, {"type": "Feature", "geometry": {"type": "Point", "coordinates": [10.8386209, 59.8725194]}, "properties": {"id": 258564364, "feat_type": "way", "quality_categories": "wrong_mispelled_or_unlisted_values", "issue_ids": "[2]", "osm_url": "https://www.openstreetmap.org/way/258564364", "josm_url": "http://127.0.0.1:8111/load_object?new_layer=false&objects=w258564364", "id_url": "https://www.openstreetmap.org/edit?editor=id&way=258564364#map=20/59.8725194/10.8386209"}}, {"type": "Feature", "geometry": {"type": "Point", "coordinates": [10.776264, 59.90845]}, "properties": {"id": 262450768, "feat_type": "way", "quality_categories": "wrong_mispelled_or_unlisted_values", "issue_ids": "[2]", "osm_url": "https://www.openstreetmap.org/way/262450768", "josm_url": "http://127.0.0.1:8111/load_object?new_layer=false&objects=w262450768", "id_url": "https://www.openstreetmap.org/edit?editor=id&way=262450768#map=20/59.90845/10.776264"}}, {"type": "Feature", "geometry": {"type": "Point", "coordinates": [10.8325699, 59.8702881]}, "properties": {"id": 262839715, "feat_type": "way", "quality_categories": "wrong_mispelled_or_unlisted_values", "issue_ids": "[18]", "osm_url": "https://www.openstreetmap.org/way/262839715", "josm_url": "http://127.0.0.1:8111/load_object?new_layer=false&objects=w262839715", "id_url": "https://www.openstreetmap.org/edit?editor=id&way=262839715#map=20/59.8702881/10.8325699"}}, {"type": "Feature", "geometry": {"type": "Point", "coordinates": [10.7698688, 59.9092057]}, "properties": {"id": 263307473, "feat_type": "way", "quality_categories": "wrong_mispelled_or_unlisted_values", "issue_ids": "[2]", "osm_url": "https://www.openstreetmap.org/way/263307473", "josm_url": "http://127.0.0.1:8111/load_object?new_layer=false&objects=w263307473", "id_url": "https://www.openstreetmap.org/edit?editor=id&way=263307473#map=20/59.9092057/10.7698688"}}, {"type": "Feature", "geometry": {"type": "Point", "coordinates": [10.7616303, 59.9000475]}, "properties": {"id": 265117542, "feat_type": "way", "quality_categories": "wrong_mispelled_or_unlisted_values", "issue_ids": "[2]", "osm_url": "https://www.openstreetmap.org/way/265117542", "josm_url": "http://127.0.0.1:8111/load_object?new_layer=false&objects=w265117542", "id_url": "https://www.openstreetmap.org/edit?editor=id&way=265117542#map=20/59.9000475/10.7616303"}}, {"type": "Feature", "geometry": {"type": "Point", "coordinates": [10.7621644, 59.8997969]}, "properties": {"id": 265117544, "feat_type": "way", "quality_categories": "older_than_five_years, wrong_mispelled_or_unlisted_values", "issue_ids": "[2, 94]", "osm_url": "https://www.openstreetmap.org/way/265117544", "josm_url": "http://127.0.0.1:8111/load_object?new_layer=false&objects=w265117544", "id_url": "https://www.openstreetmap.org/edit?editor=id&way=265117544#map=20/59.8997969/10.7621644"}}, {"type": "Feature", "geometry": {"type": "Point", "coordinates": [10.7658232, 59.8996375]}, "properties": {"id": 265117569, "feat_type": "way", "quality_categories": "wrong_mispelled_or_unlisted_values", "issue_ids": "[2]", "osm_url": "https://www.openstreetmap.org/way/265117569", "josm_url": "http://127.0.0.1:8111/load_object?new_layer=false&objects=w265117569", "id_url": "https://www.openstreetmap.org/edit?editor=id&way=265117569#map=20/59.8996375/10.7658232"}}, {"type": "Feature", "geometry": {"type": "Point", "coordinates": [10.7668496, 59.9009754]}, "properties": {"id": 265120902, "feat_type": "way", "quality_categories": "older_than_five_years, wrong_mispelled_or_unlisted_values", "issue_ids": "[2, 93]", "osm_url": "https://www.openstreetmap.org/way/265120902", "josm_url": "http://127.0.0.1:8111/load_object?new_layer=false&objects=w265120902", "id_url": "https://www.openstreetmap.org/edit?editor=id&way=265120902#map=20/59.9009754/10.7668496"}}, {"type": "Feature", "geometry": {"type": "Point", "coordinates": [10.7664354, 59.9013853]}, "properties": {"id": 265120904, "feat_type": "way", "quality_categories": "older_than_five_years, wrong_mispelled_or_unlisted_values", "issue_ids": "[2, 93]", "osm_url": "https://www.openstreetmap.org/way/265120904", "josm_url": "http://127.0.0.1:8111/load_object?new_layer=false&objects=w265120904", "id_url": "https://www.openstreetmap.org/edit?editor=id&way=265120904#map=20/59.9013853/10.7664354"}}, {"type": "Feature", "geometry": {"type": "Point", "coordinates": [10.8544097, 59.9794177]}, "properties": {"id": 265341142, "feat_type": "way", "quality_categories": "wrong_mispelled_or_unlisted_values", "issue_ids": "[15]", "osm_url": "https://www.openstreetmap.org/way/265341142", "josm_url": "http://127.0.0.1:8111/load_object?new_layer=false&objects=w265341142", "id_url": "https://www.openstreetmap.org/edit?editor=id&way=265341142#map=20/59.9794177/10.8544097"}}, {"type": "Feature", "geometry": {"type": "Point", "coordinates": [10.8593557, 59.9663947]}, "properties": {"id": 266361770, "feat_type": "way", "quality_categories": "wrong_mispelled_or_unlisted_values", "issue_ids": "[2]", "osm_url": "https://www.openstreetmap.org/way/266361770", "josm_url": "http://127.0.0.1:8111/load_object?new_layer=false&objects=w266361770", "id_url": "https://www.openstreetmap.org/edit?editor=id&way=266361770#map=20/59.9663947/10.8593557"}}, {"type": "Feature", "geometry": {"type": "Point", "coordinates": [10.8047795, 59.9037205]}, "properties": {"id": 268683594, "feat_type": "way", "quality_categories": "wrong_mispelled_or_unlisted_values", "issue_ids": "[2]", "osm_url": "https://www.openstreetmap.org/way/268683594", "josm_url": "http://127.0.0.1:8111/load_object?new_layer=false&objects=w268683594", "id_url": "https://www.openstreetmap.org/edit?editor=id&way=268683594#map=20/59.9037205/10.8047795"}}, {"type": "Feature", "geometry": {"type": "Point", "coordinates": [10.8793139, 59.9613195]}, "properties": {"id": 273182785, "feat_type": "way", "quality_categories": "wrong_mispelled_or_unlisted_values", "issue_ids": "[2]", "osm_url": "https://www.openstreetmap.org/way/273182785", "josm_url": "http://127.0.0.1:8111/load_object?new_layer=false&objects=w273182785", "id_url": "https://www.openstreetmap.org/edit?editor=id&way=273182785#map=20/59.9613195/10.8793139"}}, {"type": "Feature", "geometry": {"type": "Point", "coordinates": [10.7758455, 59.9078713]}, "properties": {"id": 274374380, "feat_type": "way", "quality_categories": "wrong_mispelled_or_unlisted_values", "issue_ids": "[2]", "osm_url": "https://www.openstreetmap.org/way/274374380", "josm_url": "http://127.0.0.1:8111/load_object?new_layer=false&objects=w274374380", "id_url": "https://www.openstreetmap.org/edit?editor=id&way=274374380#map=20/59.9078713/10.7758455"}}, {"type": "Feature", "geometry": {"type": "Point", "coordinates": [10.641818, 59.9520633]}, "properties": {"id": 275319434, "feat_type": "way", "quality_categories": "wrong_mispelled_or_unlisted_values", "issue_ids": "[16]", "osm_url": "https://www.openstreetmap.org/way/275319434", "josm_url": "http://127.0.0.1:8111/load_object?new_layer=false&objects=w275319434", "id_url": "https://www.openstreetmap.org/edit?editor=id&way=275319434#map=20/59.9520633/10.641818"}}, {"type": "Feature", "geometry": {"type": "Point", "coordinates": [10.8308147, 59.8983268]}, "properties": {"id": 280879119, "feat_type": "way", "quality_categories": "wrong_mispelled_or_unlisted_values", "issue_ids": "[2]", "osm_url": "https://www.openstreetmap.org/way/280879119", "josm_url": "http://127.0.0.1:8111/load_object?new_layer=false&objects=w280879119", "id_url": "https://www.openstreetmap.org/edit?editor=id&way=280879119#map=20/59.8983268/10.8308147"}}, {"type": "Feature", "geometry": {"type": "Point", "coordinates": [10.7060036, 59.9401751]}, "properties": {"id": 284021810, "feat_type": "way", "quality_categories": "older_than_five_years, wrong_mispelled_or_unlisted_values", "issue_ids": "[2, 14]", "osm_url": "https://www.openstreetmap.org/way/284021810", "josm_url": "http://127.0.0.1:8111/load_object?new_layer=false&objects=w284021810", "id_url": "https://www.openstreetmap.org/edit?editor=id&way=284021810#map=20/59.9401751/10.7060036"}}, {"type": "Feature", "geometry": {"type": "Point", "coordinates": [10.7656965, 59.8950341]}, "properties": {"id": 284326489, "feat_type": "way", "quality_categories": "wrong_mispelled_or_unlisted_values", "issue_ids": "[7]", "osm_url": "https://www.openstreetmap.org/way/284326489", "josm_url": "http://127.0.0.1:8111/load_object?new_layer=false&objects=w284326489", "id_url": "https://www.openstreetmap.org/edit?editor=id&way=284326489#map=20/59.8950341/10.7656965"}}, {"type": "Feature", "geometry": {"type": "Point", "coordinates": [10.7662873, 59.8950056]}, "properties": {"id": 284326494, "feat_type": "way", "quality_categories": "wrong_mispelled_or_unlisted_values", "issue_ids": "[7]", "osm_url": "https://www.openstreetmap.org/way/284326494", "josm_url": "http://127.0.0.1:8111/load_object?new_layer=false&objects=w284326494", "id_url": "https://www.openstreetmap.org/edit?editor=id&way=284326494#map=20/59.8950056/10.7662873"}}, {"type": "Feature", "geometry": {"type": "Point", "coordinates": [10.7622619, 59.8998624]}, "properties": {"id": 284326843, "feat_type": "way", "quality_categories": "wrong_mispelled_or_unlisted_values", "issue_ids": "[2]", "osm_url": "https://www.openstreetmap.org/way/284326843", "josm_url": "http://127.0.0.1:8111/load_object?new_layer=false&objects=w284326843", "id_url": "https://www.openstreetmap.org/edit?editor=id&way=284326843#map=20/59.8998624/10.7622619"}}, {"type": "Feature", "geometry": {"type": "Point", "coordinates": [10.8308921, 59.8983635]}, "properties": {"id": 284698551, "feat_type": "way", "quality_categories": "wrong_mispelled_or_unlisted_values", "issue_ids": "[2]", "osm_url": "https://www.openstreetmap.org/way/284698551", "josm_url": "http://127.0.0.1:8111/load_object?new_layer=false&objects=w284698551", "id_url": "https://www.openstreetmap.org/edit?editor=id&way=284698551#map=20/59.8983635/10.8308921"}}, {"type": "Feature", "geometry": {"type": "Point", "coordinates": [10.7831134, 59.9655508]}, "properties": {"id": 286469702, "feat_type": "way", "quality_categories": "wrong_mispelled_or_unlisted_values", "issue_ids": "[16]", "osm_url": "https://www.openstreetmap.org/way/286469702", "josm_url": "http://127.0.0.1:8111/load_object?new_layer=false&objects=w286469702", "id_url": "https://www.openstreetmap.org/edit?editor=id&way=286469702#map=20/59.9655508/10.7831134"}}, {"type": "Feature", "geometry": {"type": "Point", "coordinates": [10.8627453, 59.8929062]}, "properties": {"id": 287731829, "feat_type": "way", "quality_categories": "wrong_mispelled_or_unlisted_values", "issue_ids": "[25]", "osm_url": "https://www.openstreetmap.org/way/287731829", "josm_url": "http://127.0.0.1:8111/load_object?new_layer=false&objects=w287731829", "id_url": "https://www.openstreetmap.org/edit?editor=id&way=287731829#map=20/59.8929062/10.8627453"}}, {"type": "Feature", "geometry": {"type": "Point", "coordinates": [10.7927899, 60.0250271]}, "properties": {"id": 289260327, "feat_type": "way", "quality_categories": "wrong_mispelled_or_unlisted_values", "issue_ids": "[25]", "osm_url": "https://www.openstreetmap.org/way/289260327", "josm_url": "http://127.0.0.1:8111/load_object?new_layer=false&objects=w289260327", "id_url": "https://www.openstreetmap.org/edit?editor=id&way=289260327#map=20/60.0250271/10.7927899"}}, {"type": "Feature", "geometry": {"type": "Point", "coordinates": [10.8487972, 59.8686924]}, "properties": {"id": 290421149, "feat_type": "way", "quality_categories": "wrong_mispelled_or_unlisted_values", "issue_ids": "[16]", "osm_url": "https://www.openstreetmap.org/way/290421149", "josm_url": "http://127.0.0.1:8111/load_object?new_layer=false&objects=w290421149", "id_url": "https://www.openstreetmap.org/edit?editor=id&way=290421149#map=20/59.8686924/10.8487972"}}, {"type": "Feature", "geometry": {"type": "Point", "coordinates": [10.8379406, 59.8722854]}, "properties": {"id": 290423927, "feat_type": "way", "quality_categories": "wrong_mispelled_or_unlisted_values", "issue_ids": "[2]", "osm_url": "https://www.openstreetmap.org/way/290423927", "josm_url": "http://127.0.0.1:8111/load_object?new_layer=false&objects=w290423927", "id_url": "https://www.openstreetmap.org/edit?editor=id&way=290423927#map=20/59.8722854/10.8379406"}}, {"type": "Feature", "geometry": {"type": "Point", "coordinates": [10.6947754, 59.8898848]}, "properties": {"id": 291835998, "feat_type": "way", "quality_categories": "wrong_mispelled_or_unlisted_values", "issue_ids": "[2]", "osm_url": "https://www.openstreetmap.org/way/291835998", "josm_url": "http://127.0.0.1:8111/load_object?new_layer=false&objects=w291835998", "id_url": "https://www.openstreetmap.org/edit?editor=id&way=291835998#map=20/59.8898848/10.6947754"}}, {"type": "Feature", "geometry": {"type": "Point", "coordinates": [10.6960436, 59.9277162]}, "properties": {"id": 292098158, "feat_type": "way", "quality_categories": "wrong_mispelled_or_unlisted_values", "issue_ids": "[2]", "osm_url": "https://www.openstreetmap.org/way/292098158", "josm_url": "http://127.0.0.1:8111/load_object?new_layer=false&objects=w292098158", "id_url": "https://www.openstreetmap.org/edit?editor=id&way=292098158#map=20/59.9277162/10.6960436"}}, {"type": "Feature", "geometry": {"type": "Point", "coordinates": [10.8053211, 59.9505731]}, "properties": {"id": 295869165, "feat_type": "way", "quality_categories": "wrong_mispelled_or_unlisted_values", "issue_ids": "[16]", "osm_url": "https://www.openstreetmap.org/way/295869165", "josm_url": "http://127.0.0.1:8111/load_object?new_layer=false&objects=w295869165", "id_url": "https://www.openstreetmap.org/edit?editor=id&way=295869165#map=20/59.9505731/10.8053211"}}, {"type": "Feature", "geometry": {"type": "Point", "coordinates": [10.84043, 59.9738538]}, "properties": {"id": 301107005, "feat_type": "way", "quality_categories": "older_than_five_years, wrong_mispelled_or_unlisted_values", "issue_ids": "[95, 96]", "osm_url": "https://www.openstreetmap.org/way/301107005", "josm_url": "http://127.0.0.1:8111/load_object?new_layer=false&objects=w301107005", "id_url": "https://www.openstreetmap.org/edit?editor=id&way=301107005#map=20/59.9738538/10.84043"}}, {"type": "Feature", "geometry": {"type": "Point", "coordinates": [10.8404524, 59.9737352]}, "properties": {"id": 301107006, "feat_type": "way", "quality_categories": "older_than_five_years, wrong_mispelled_or_unlisted_values", "issue_ids": "[95, 96]", "osm_url": "https://www.openstreetmap.org/way/301107006", "josm_url": "http://127.0.0.1:8111/load_object?new_layer=false&objects=w301107006", "id_url": "https://www.openstreetmap.org/edit?editor=id&way=301107006#map=20/59.9737352/10.8404524"}}, {"type": "Feature", "geometry": {"type": "Point", "coordinates": [10.8406984, 59.9739228]}, "properties": {"id": 301107007, "feat_type": "way", "quality_categories": "older_than_five_years, wrong_mispelled_or_unlisted_values", "issue_ids": "[95, 96]", "osm_url": "https://www.openstreetmap.org/way/301107007", "josm_url": "http://127.0.0.1:8111/load_object?new_layer=false&objects=w301107007", "id_url": "https://www.openstreetmap.org/edit?editor=id&way=301107007#map=20/59.9739228/10.8406984"}}, {"type": "Feature", "geometry": {"type": "Point", "coordinates": [10.84043, 59.9738538]}, "properties": {"id": 301107008, "feat_type": "way", "quality_categories": "older_than_five_years, wrong_mispelled_or_unlisted_values", "issue_ids": "[95, 96]", "osm_url": "https://www.openstreetmap.org/way/301107008", "josm_url": "http://127.0.0.1:8111/load_object?new_layer=false&objects=w301107008", "id_url": "https://www.openstreetmap.org/edit?editor=id&way=301107008#map=20/59.9738538/10.84043"}}, {"type": "Feature", "geometry": {"type": "Point", "coordinates": [10.8405157, 59.9738819]}, "properties": {"id": 301107013, "feat_type": "way", "quality_categories": "older_than_five_years, wrong_mispelled_or_unlisted_values", "issue_ids": "[95, 96]", "osm_url": "https://www.openstreetmap.org/way/301107013", "josm_url": "http://127.0.0.1:8111/load_object?new_layer=false&objects=w301107013", "id_url": "https://www.openstreetmap.org/edit?editor=id&way=301107013#map=20/59.9738819/10.8405157"}}, {"type": "Feature", "geometry": {"type": "Point", "coordinates": [10.8407219, 59.9739563]}, "properties": {"id": 301107014, "feat_type": "way", "quality_categories": "older_than_five_years, wrong_mispelled_or_unlisted_values", "issue_ids": "[95, 96]", "osm_url": "https://www.openstreetmap.org/way/301107014", "josm_url": "http://127.0.0.1:8111/load_object?new_layer=false&objects=w301107014", "id_url": "https://www.openstreetmap.org/edit?editor=id&way=301107014#map=20/59.9739563/10.8407219"}}, {"type": "Feature", "geometry": {"type": "Point", "coordinates": [10.840597, 59.9739089]}, "properties": {"id": 301107016, "feat_type": "way", "quality_categories": "older_than_five_years, wrong_mispelled_or_unlisted_values", "issue_ids": "[95, 96]", "osm_url": "https://www.openstreetmap.org/way/301107016", "josm_url": "http://127.0.0.1:8111/load_object?new_layer=false&objects=w301107016", "id_url": "https://www.openstreetmap.org/edit?editor=id&way=301107016#map=20/59.9739089/10.840597"}}, {"type": "Feature", "geometry": {"type": "Point", "coordinates": [10.6508904, 59.9270235]}, "properties": {"id": 302753125, "feat_type": "way", "quality_categories": "wrong_mispelled_or_unlisted_values", "issue_ids": "[2]", "osm_url": "https://www.openstreetmap.org/way/302753125", "josm_url": "http://127.0.0.1:8111/load_object?new_layer=false&objects=w302753125", "id_url": "https://www.openstreetmap.org/edit?editor=id&way=302753125#map=20/59.9270235/10.6508904"}}, {"type": "Feature", "geometry": {"type": "Point", "coordinates": [10.8544466, 59.9736111]}, "properties": {"id": 305917185, "feat_type": "way", "quality_categories": "older_than_five_years, wrong_mispelled_or_unlisted_values", "issue_ids": "[26, 63]", "osm_url": "https://www.openstreetmap.org/way/305917185", "josm_url": "http://127.0.0.1:8111/load_object?new_layer=false&objects=w305917185", "id_url": "https://www.openstreetmap.org/edit?editor=id&way=305917185#map=20/59.9736111/10.8544466"}}, {"type": "Feature", "geometry": {"type": "Point", "coordinates": [10.8707671, 59.8539659]}, "properties": {"id": 308429940, "feat_type": "way", "quality_categories": "older_than_five_years, wrong_mispelled_or_unlisted_values", "issue_ids": "[7, 97]", "osm_url": "https://www.openstreetmap.org/way/308429940", "josm_url": "http://127.0.0.1:8111/load_object?new_layer=false&objects=w308429940", "id_url": "https://www.openstreetmap.org/edit?editor=id&way=308429940#map=20/59.8539659/10.8707671"}}, {"type": "Feature", "geometry": {"type": "Point", "coordinates": [10.8207806, 60.0110568]}, "properties": {"id": 310085196, "feat_type": "way", "quality_categories": "older_than_five_years, wrong_mispelled_or_unlisted_values", "issue_ids": "[26, 36]", "osm_url": "https://www.openstreetmap.org/way/310085196", "josm_url": "http://127.0.0.1:8111/load_object?new_layer=false&objects=w310085196", "id_url": "https://www.openstreetmap.org/edit?editor=id&way=310085196#map=20/60.0110568/10.8207806"}}, {"type": "Feature", "geometry": {"type": "Point", "coordinates": [10.8035543, 59.949771]}, "properties": {"id": 310863115, "feat_type": "way", "quality_categories": "older_than_five_years, wrong_mispelled_or_unlisted_values", "issue_ids": "[16, 17]", "osm_url": "https://www.openstreetmap.org/way/310863115", "josm_url": "http://127.0.0.1:8111/load_object?new_layer=false&objects=w310863115", "id_url": "https://www.openstreetmap.org/edit?editor=id&way=310863115#map=20/59.949771/10.8035543"}}, {"type": "Feature", "geometry": {"type": "Point", "coordinates": [10.8016284, 59.9499846]}, "properties": {"id": 310863125, "feat_type": "way", "quality_categories": "older_than_five_years, wrong_mispelled_or_unlisted_values", "issue_ids": "[16, 24]", "osm_url": "https://www.openstreetmap.org/way/310863125", "josm_url": "http://127.0.0.1:8111/load_object?new_layer=false&objects=w310863125", "id_url": "https://www.openstreetmap.org/edit?editor=id&way=310863125#map=20/59.9499846/10.8016284"}}, {"type": "Feature", "geometry": {"type": "Point", "coordinates": [10.7778223, 59.9432049]}, "properties": {"id": 313972784, "feat_type": "way", "quality_categories": "wrong_mispelled_or_unlisted_values", "issue_ids": "[2]", "osm_url": "https://www.openstreetmap.org/way/313972784", "josm_url": "http://127.0.0.1:8111/load_object?new_layer=false&objects=w313972784", "id_url": "https://www.openstreetmap.org/edit?editor=id&way=313972784#map=20/59.9432049/10.7778223"}}, {"type": "Feature", "geometry": {"type": "Point", "coordinates": [10.8963386, 59.8947522]}, "properties": {"id": 314136358, "feat_type": "way", "quality_categories": "older_than_five_years, wrong_mispelled_or_unlisted_values", "issue_ids": "[26, 98]", "osm_url": "https://www.openstreetmap.org/way/314136358", "josm_url": "http://127.0.0.1:8111/load_object?new_layer=false&objects=w314136358", "id_url": "https://www.openstreetmap.org/edit?editor=id&way=314136358#map=20/59.8947522/10.8963386"}}, {"type": "Feature", "geometry": {"type": "Point", "coordinates": [10.8946943, 59.8956087]}, "properties": {"id": 314136368, "feat_type": "way", "quality_categories": "older_than_five_years, wrong_mispelled_or_unlisted_values", "issue_ids": "[25, 98]", "osm_url": "https://www.openstreetmap.org/way/314136368", "josm_url": "http://127.0.0.1:8111/load_object?new_layer=false&objects=w314136368", "id_url": "https://www.openstreetmap.org/edit?editor=id&way=314136368#map=20/59.8956087/10.8946943"}}, {"type": "Feature", "geometry": {"type": "Point", "coordinates": [10.7275326, 59.9198845]}, "properties": {"id": 333882463, "feat_type": "way", "quality_categories": "wrong_mispelled_or_unlisted_values", "issue_ids": "[2]", "osm_url": "https://www.openstreetmap.org/way/333882463", "josm_url": "http://127.0.0.1:8111/load_object?new_layer=false&objects=w333882463", "id_url": "https://www.openstreetmap.org/edit?editor=id&way=333882463#map=20/59.9198845/10.7275326"}}, {"type": "Feature", "geometry": {"type": "Point", "coordinates": [10.7294704, 59.9195091]}, "properties": {"id": 334216025, "feat_type": "way", "quality_categories": "wrong_mispelled_or_unlisted_values", "issue_ids": "[2]", "osm_url": "https://www.openstreetmap.org/way/334216025", "josm_url": "http://127.0.0.1:8111/load_object?new_layer=false&objects=w334216025", "id_url": "https://www.openstreetmap.org/edit?editor=id&way=334216025#map=20/59.9195091/10.7294704"}}, {"type": "Feature", "geometry": {"type": "Point", "coordinates": [10.7012856, 59.9552547]}, "properties": {"id": 335063795, "feat_type": "way", "quality_categories": "wrong_mispelled_or_unlisted_values", "issue_ids": "[16]", "osm_url": "https://www.openstreetmap.org/way/335063795", "josm_url": "http://127.0.0.1:8111/load_object?new_layer=false&objects=w335063795", "id_url": "https://www.openstreetmap.org/edit?editor=id&way=335063795#map=20/59.9552547/10.7012856"}}, {"type": "Feature", "geometry": {"type": "Point", "coordinates": [10.7743523, 59.8276712]}, "properties": {"id": 336886842, "feat_type": "way", "quality_categories": "older_than_five_years, wrong_mispelled_or_unlisted_values", "issue_ids": "[18, 99]", "osm_url": "https://www.openstreetmap.org/way/336886842", "josm_url": "http://127.0.0.1:8111/load_object?new_layer=false&objects=w336886842", "id_url": "https://www.openstreetmap.org/edit?editor=id&way=336886842#map=20/59.8276712/10.7743523"}}, {"type": "Feature", "geometry": {"type": "Point", "coordinates": [10.8859124, 59.8356048]}, "properties": {"id": 338163962, "feat_type": "way", "quality_categories": "older_than_five_years, wrong_mispelled_or_unlisted_values", "issue_ids": "[26, 100]", "osm_url": "https://www.openstreetmap.org/way/338163962", "josm_url": "http://127.0.0.1:8111/load_object?new_layer=false&objects=w338163962", "id_url": "https://www.openstreetmap.org/edit?editor=id&way=338163962#map=20/59.8356048/10.8859124"}}, {"type": "Feature", "geometry": {"type": "Point", "coordinates": [10.7080638, 59.9256467]}, "properties": {"id": 338383226, "feat_type": "way", "quality_categories": "wrong_mispelled_or_unlisted_values", "issue_ids": "[2]", "osm_url": "https://www.openstreetmap.org/way/338383226", "josm_url": "http://127.0.0.1:8111/load_object?new_layer=false&objects=w338383226", "id_url": "https://www.openstreetmap.org/edit?editor=id&way=338383226#map=20/59.9256467/10.7080638"}}, {"type": "Feature", "geometry": {"type": "Point", "coordinates": [10.7089122, 59.9258813]}, "properties": {"id": 338383334, "feat_type": "way", "quality_categories": "wrong_mispelled_or_unlisted_values", "issue_ids": "[2]", "osm_url": "https://www.openstreetmap.org/way/338383334", "josm_url": "http://127.0.0.1:8111/load_object?new_layer=false&objects=w338383334", "id_url": "https://www.openstreetmap.org/edit?editor=id&way=338383334#map=20/59.9258813/10.7089122"}}, {"type": "Feature", "geometry": {"type": "Point", "coordinates": [10.7056742, 59.9244473]}, "properties": {"id": 338385606, "feat_type": "way", "quality_categories": "wrong_mispelled_or_unlisted_values", "issue_ids": "[2]", "osm_url": "https://www.openstreetmap.org/way/338385606", "josm_url": "http://127.0.0.1:8111/load_object?new_layer=false&objects=w338385606", "id_url": "https://www.openstreetmap.org/edit?editor=id&way=338385606#map=20/59.9244473/10.7056742"}}, {"type": "Feature", "geometry": {"type": "Point", "coordinates": [10.7042249, 59.9247935]}, "properties": {"id": 338385609, "feat_type": "way", "quality_categories": "wrong_mispelled_or_unlisted_values", "issue_ids": "[2]", "osm_url": "https://www.openstreetmap.org/way/338385609", "josm_url": "http://127.0.0.1:8111/load_object?new_layer=false&objects=w338385609", "id_url": "https://www.openstreetmap.org/edit?editor=id&way=338385609#map=20/59.9247935/10.7042249"}}, {"type": "Feature", "geometry": {"type": "Point", "coordinates": [10.7041682, 59.9241205]}, "properties": {"id": 338385611, "feat_type": "way", "quality_categories": "wrong_mispelled_or_unlisted_values", "issue_ids": "[2]", "osm_url": "https://www.openstreetmap.org/way/338385611", "josm_url": "http://127.0.0.1:8111/load_object?new_layer=false&objects=w338385611", "id_url": "https://www.openstreetmap.org/edit?editor=id&way=338385611#map=20/59.9241205/10.7041682"}}, {"type": "Feature", "geometry": {"type": "Point", "coordinates": [10.7598386, 59.9457977]}, "properties": {"id": 338693991, "feat_type": "way", "quality_categories": "older_than_five_years, wrong_mispelled_or_unlisted_values", "issue_ids": "[2, 101]", "osm_url": "https://www.openstreetmap.org/way/338693991", "josm_url": "http://127.0.0.1:8111/load_object?new_layer=false&objects=w338693991", "id_url": "https://www.openstreetmap.org/edit?editor=id&way=338693991#map=20/59.9457977/10.7598386"}}, {"type": "Feature", "geometry": {"type": "Point", "coordinates": [10.8681562, 59.8692766]}, "properties": {"id": 339176994, "feat_type": "way", "quality_categories": "older_than_five_years, wrong_mispelled_or_unlisted_values", "issue_ids": "[7, 102]", "osm_url": "https://www.openstreetmap.org/way/339176994", "josm_url": "http://127.0.0.1:8111/load_object?new_layer=false&objects=w339176994", "id_url": "https://www.openstreetmap.org/edit?editor=id&way=339176994#map=20/59.8692766/10.8681562"}}, {"type": "Feature", "geometry": {"type": "Point", "coordinates": [10.7237922, 59.9398364]}, "properties": {"id": 343905407, "feat_type": "way", "quality_categories": "wrong_mispelled_or_unlisted_values", "issue_ids": "[18]", "osm_url": "https://www.openstreetmap.org/way/343905407", "josm_url": "http://127.0.0.1:8111/load_object?new_layer=false&objects=w343905407", "id_url": "https://www.openstreetmap.org/edit?editor=id&way=343905407#map=20/59.9398364/10.7237922"}}, {"type": "Feature", "geometry": {"type": "Point", "coordinates": [10.7737076, 59.9084832]}, "properties": {"id": 348046393, "feat_type": "way", "quality_categories": "wrong_mispelled_or_unlisted_values", "issue_ids": "[2]", "osm_url": "https://www.openstreetmap.org/way/348046393", "josm_url": "http://127.0.0.1:8111/load_object?new_layer=false&objects=w348046393", "id_url": "https://www.openstreetmap.org/edit?editor=id&way=348046393#map=20/59.9084832/10.7737076"}}, {"type": "Feature", "geometry": {"type": "Point", "coordinates": [10.775241, 59.907975]}, "properties": {"id": 348046398, "feat_type": "way", "quality_categories": "wrong_mispelled_or_unlisted_values", "issue_ids": "[2]", "osm_url": "https://www.openstreetmap.org/way/348046398", "josm_url": "http://127.0.0.1:8111/load_object?new_layer=false&objects=w348046398", "id_url": "https://www.openstreetmap.org/edit?editor=id&way=348046398#map=20/59.907975/10.775241"}}, {"type": "Feature", "geometry": {"type": "Point", "coordinates": [10.7751641, 59.908046]}, "properties": {"id": 348046399, "feat_type": "way", "quality_categories": "wrong_mispelled_or_unlisted_values", "issue_ids": "[2]", "osm_url": "https://www.openstreetmap.org/way/348046399", "josm_url": "http://127.0.0.1:8111/load_object?new_layer=false&objects=w348046399", "id_url": "https://www.openstreetmap.org/edit?editor=id&way=348046399#map=20/59.908046/10.7751641"}}, {"type": "Feature", "geometry": {"type": "Point", "coordinates": [10.775124, 59.9079951]}, "properties": {"id": 348046400, "feat_type": "way", "quality_categories": "wrong_mispelled_or_unlisted_values", "issue_ids": "[2]", "osm_url": "https://www.openstreetmap.org/way/348046400", "josm_url": "http://127.0.0.1:8111/load_object?new_layer=false&objects=w348046400", "id_url": "https://www.openstreetmap.org/edit?editor=id&way=348046400#map=20/59.9079951/10.775124"}}, {"type": "Feature", "geometry": {"type": "Point", "coordinates": [10.792124, 59.9669838]}, "properties": {"id": 355484905, "feat_type": "way", "quality_categories": "wrong_mispelled_or_unlisted_values", "issue_ids": "[2]", "osm_url": "https://www.openstreetmap.org/way/355484905", "josm_url": "http://127.0.0.1:8111/load_object?new_layer=false&objects=w355484905", "id_url": "https://www.openstreetmap.org/edit?editor=id&way=355484905#map=20/59.9669838/10.792124"}}, {"type": "Feature", "geometry": {"type": "Point", "coordinates": [10.8464625, 59.8729404]}, "properties": {"id": 356274571, "feat_type": "way", "quality_categories": "older_than_five_years, wrong_mispelled_or_unlisted_values", "issue_ids": "[25, 103]", "osm_url": "https://www.openstreetmap.org/way/356274571", "josm_url": "http://127.0.0.1:8111/load_object?new_layer=false&objects=w356274571", "id_url": "https://www.openstreetmap.org/edit?editor=id&way=356274571#map=20/59.8729404/10.8464625"}}, {"type": "Feature", "geometry": {"type": "Point", "coordinates": [10.7998756, 59.9795843]}, "properties": {"id": 356367382, "feat_type": "way", "quality_categories": "wrong_mispelled_or_unlisted_values", "issue_ids": "[26]", "osm_url": "https://www.openstreetmap.org/way/356367382", "josm_url": "http://127.0.0.1:8111/load_object?new_layer=false&objects=w356367382", "id_url": "https://www.openstreetmap.org/edit?editor=id&way=356367382#map=20/59.9795843/10.7998756"}}, {"type": "Feature", "geometry": {"type": "Point", "coordinates": [10.7992277, 59.9797155]}, "properties": {"id": 356367384, "feat_type": "way", "quality_categories": "wrong_mispelled_or_unlisted_values", "issue_ids": "[26]", "osm_url": "https://www.openstreetmap.org/way/356367384", "josm_url": "http://127.0.0.1:8111/load_object?new_layer=false&objects=w356367384", "id_url": "https://www.openstreetmap.org/edit?editor=id&way=356367384#map=20/59.9797155/10.7992277"}}, {"type": "Feature", "geometry": {"type": "Point", "coordinates": [10.8476425, 59.8717733]}, "properties": {"id": 356450806, "feat_type": "way", "quality_categories": "older_than_five_years, wrong_mispelled_or_unlisted_values", "issue_ids": "[25, 103]", "osm_url": "https://www.openstreetmap.org/way/356450806", "josm_url": "http://127.0.0.1:8111/load_object?new_layer=false&objects=w356450806", "id_url": "https://www.openstreetmap.org/edit?editor=id&way=356450806#map=20/59.8717733/10.8476425"}}, {"type": "Feature", "geometry": {"type": "Point", "coordinates": [10.7001344, 59.9286057]}, "properties": {"id": 356904865, "feat_type": "way", "quality_categories": "wrong_mispelled_or_unlisted_values", "issue_ids": "[2]", "osm_url": "https://www.openstreetmap.org/way/356904865", "josm_url": "http://127.0.0.1:8111/load_object?new_layer=false&objects=w356904865", "id_url": "https://www.openstreetmap.org/edit?editor=id&way=356904865#map=20/59.9286057/10.7001344"}}, {"type": "Feature", "geometry": {"type": "Point", "coordinates": [10.7224359, 59.9364829]}, "properties": {"id": 360995618, "feat_type": "way", "quality_categories": "wrong_mispelled_or_unlisted_values", "issue_ids": "[2]", "osm_url": "https://www.openstreetmap.org/way/360995618", "josm_url": "http://127.0.0.1:8111/load_object?new_layer=false&objects=w360995618", "id_url": "https://www.openstreetmap.org/edit?editor=id&way=360995618#map=20/59.9364829/10.7224359"}}, {"type": "Feature", "geometry": {"type": "Point", "coordinates": [10.894806, 59.96468]}, "properties": {"id": 363382142, "feat_type": "way", "quality_categories": "wrong_mispelled_or_unlisted_values", "issue_ids": "[2]", "osm_url": "https://www.openstreetmap.org/way/363382142", "josm_url": "http://127.0.0.1:8111/load_object?new_layer=false&objects=w363382142", "id_url": "https://www.openstreetmap.org/edit?editor=id&way=363382142#map=20/59.96468/10.894806"}}, {"type": "Feature", "geometry": {"type": "Point", "coordinates": [10.8992322, 59.971577]}, "properties": {"id": 363382154, "feat_type": "way", "quality_categories": "older_than_five_years, wrong_mispelled_or_unlisted_values", "issue_ids": "[2, 36]", "osm_url": "https://www.openstreetmap.org/way/363382154", "josm_url": "http://127.0.0.1:8111/load_object?new_layer=false&objects=w363382154", "id_url": "https://www.openstreetmap.org/edit?editor=id&way=363382154#map=20/59.971577/10.8992322"}}, {"type": "Feature", "geometry": {"type": "Point", "coordinates": [10.7963327, 59.9618193]}, "properties": {"id": 364420505, "feat_type": "way", "quality_categories": "wrong_mispelled_or_unlisted_values", "issue_ids": "[2]", "osm_url": "https://www.openstreetmap.org/way/364420505", "josm_url": "http://127.0.0.1:8111/load_object?new_layer=false&objects=w364420505", "id_url": "https://www.openstreetmap.org/edit?editor=id&way=364420505#map=20/59.9618193/10.7963327"}}, {"type": "Feature", "geometry": {"type": "Point", "coordinates": [10.8003699, 59.8797319]}, "properties": {"id": 367150292, "feat_type": "way", "quality_categories": "wrong_mispelled_or_unlisted_values", "issue_ids": "[2]", "osm_url": "https://www.openstreetmap.org/way/367150292", "josm_url": "http://127.0.0.1:8111/load_object?new_layer=false&objects=w367150292", "id_url": "https://www.openstreetmap.org/edit?editor=id&way=367150292#map=20/59.8797319/10.8003699"}}, {"type": "Feature", "geometry": {"type": "Point", "coordinates": [10.8297963, 59.8815611]}, "properties": {"id": 367150637, "feat_type": "way", "quality_categories": "wrong_mispelled_or_unlisted_values", "issue_ids": "[2]", "osm_url": "https://www.openstreetmap.org/way/367150637", "josm_url": "http://127.0.0.1:8111/load_object?new_layer=false&objects=w367150637", "id_url": "https://www.openstreetmap.org/edit?editor=id&way=367150637#map=20/59.8815611/10.8297963"}}, {"type": "Feature", "geometry": {"type": "Point", "coordinates": [10.803952, 60.0406444]}, "properties": {"id": 370067890, "feat_type": "way", "quality_categories": "older_than_five_years, wrong_mispelled_or_unlisted_values", "issue_ids": "[26, 104]", "osm_url": "https://www.openstreetmap.org/way/370067890", "josm_url": "http://127.0.0.1:8111/load_object?new_layer=false&objects=w370067890", "id_url": "https://www.openstreetmap.org/edit?editor=id&way=370067890#map=20/60.0406444/10.803952"}}, {"type": "Feature", "geometry": {"type": "Point", "coordinates": [10.710214, 59.9457605]}, "properties": {"id": 372528680, "feat_type": "way", "quality_categories": "wrong_mispelled_or_unlisted_values", "issue_ids": "[28]", "osm_url": "https://www.openstreetmap.org/way/372528680", "josm_url": "http://127.0.0.1:8111/load_object?new_layer=false&objects=w372528680", "id_url": "https://www.openstreetmap.org/edit?editor=id&way=372528680#map=20/59.9457605/10.710214"}}, {"type": "Feature", "geometry": {"type": "Point", "coordinates": [10.7938761, 59.9222298]}, "properties": {"id": 372580984, "feat_type": "way", "quality_categories": "wrong_mispelled_or_unlisted_values", "issue_ids": "[38]", "osm_url": "https://www.openstreetmap.org/way/372580984", "josm_url": "http://127.0.0.1:8111/load_object?new_layer=false&objects=w372580984", "id_url": "https://www.openstreetmap.org/edit?editor=id&way=372580984#map=20/59.9222298/10.7938761"}}, {"type": "Feature", "geometry": {"type": "Point", "coordinates": [10.6827659, 59.9389259]}, "properties": {"id": 373704154, "feat_type": "way", "quality_categories": "wrong_mispelled_or_unlisted_values", "issue_ids": "[2]", "osm_url": "https://www.openstreetmap.org/way/373704154", "josm_url": "http://127.0.0.1:8111/load_object?new_layer=false&objects=w373704154", "id_url": "https://www.openstreetmap.org/edit?editor=id&way=373704154#map=20/59.9389259/10.6827659"}}, {"type": "Feature", "geometry": {"type": "Point", "coordinates": [10.8650704, 59.9864429]}, "properties": {"id": 380277200, "feat_type": "way", "quality_categories": "older_than_five_years, wrong_mispelled_or_unlisted_values", "issue_ids": "[65, 66]", "osm_url": "https://www.openstreetmap.org/way/380277200", "josm_url": "http://127.0.0.1:8111/load_object?new_layer=false&objects=w380277200", "id_url": "https://www.openstreetmap.org/edit?editor=id&way=380277200#map=20/59.9864429/10.8650704"}}, {"type": "Feature", "geometry": {"type": "Point", "coordinates": [10.7946953, 59.8226899]}, "properties": {"id": 389563659, "feat_type": "way", "quality_categories": "older_than_five_years, wrong_mispelled_or_unlisted_values", "issue_ids": "[25, 105]", "osm_url": "https://www.openstreetmap.org/way/389563659", "josm_url": "http://127.0.0.1:8111/load_object?new_layer=false&objects=w389563659", "id_url": "https://www.openstreetmap.org/edit?editor=id&way=389563659#map=20/59.8226899/10.7946953"}}, {"type": "Feature", "geometry": {"type": "Point", "coordinates": [10.8364805, 59.9140935]}, "properties": {"id": 393884711, "feat_type": "way", "quality_categories": "wrong_mispelled_or_unlisted_values", "issue_ids": "[2]", "osm_url": "https://www.openstreetmap.org/way/393884711", "josm_url": "http://127.0.0.1:8111/load_object?new_layer=false&objects=w393884711", "id_url": "https://www.openstreetmap.org/edit?editor=id&way=393884711#map=20/59.9140935/10.8364805"}}, {"type": "Feature", "geometry": {"type": "Point", "coordinates": [10.7426561, 59.907648]}, "properties": {"id": 393892650, "feat_type": "way", "quality_categories": "wrong_mispelled_or_unlisted_values", "issue_ids": "[2]", "osm_url": "https://www.openstreetmap.org/way/393892650", "josm_url": "http://127.0.0.1:8111/load_object?new_layer=false&objects=w393892650", "id_url": "https://www.openstreetmap.org/edit?editor=id&way=393892650#map=20/59.907648/10.7426561"}}, {"type": "Feature", "geometry": {"type": "Point", "coordinates": [10.7426548, 59.9071808]}, "properties": {"id": 393892651, "feat_type": "way", "quality_categories": "wrong_mispelled_or_unlisted_values", "issue_ids": "[2]", "osm_url": "https://www.openstreetmap.org/way/393892651", "josm_url": "http://127.0.0.1:8111/load_object?new_layer=false&objects=w393892651", "id_url": "https://www.openstreetmap.org/edit?editor=id&way=393892651#map=20/59.9071808/10.7426548"}}, {"type": "Feature", "geometry": {"type": "Point", "coordinates": [10.7420131, 59.9073266]}, "properties": {"id": 393892652, "feat_type": "way", "quality_categories": "wrong_mispelled_or_unlisted_values", "issue_ids": "[2]", "osm_url": "https://www.openstreetmap.org/way/393892652", "josm_url": "http://127.0.0.1:8111/load_object?new_layer=false&objects=w393892652", "id_url": "https://www.openstreetmap.org/edit?editor=id&way=393892652#map=20/59.9073266/10.7420131"}}, {"type": "Feature", "geometry": {"type": "Point", "coordinates": [10.900401, 59.8493605]}, "properties": {"id": 402225871, "feat_type": "way", "quality_categories": "older_than_five_years, wrong_mispelled_or_unlisted_values", "issue_ids": "[25, 106]", "osm_url": "https://www.openstreetmap.org/way/402225871", "josm_url": "http://127.0.0.1:8111/load_object?new_layer=false&objects=w402225871", "id_url": "https://www.openstreetmap.org/edit?editor=id&way=402225871#map=20/59.8493605/10.900401"}}, {"type": "Feature", "geometry": {"type": "Point", "coordinates": [10.8923782, 59.8415761]}, "properties": {"id": 402225872, "feat_type": "way", "quality_categories": "older_than_five_years, wrong_mispelled_or_unlisted_values", "issue_ids": "[25, 107]", "osm_url": "https://www.openstreetmap.org/way/402225872", "josm_url": "http://127.0.0.1:8111/load_object?new_layer=false&objects=w402225872", "id_url": "https://www.openstreetmap.org/edit?editor=id&way=402225872#map=20/59.8415761/10.8923782"}}, {"type": "Feature", "geometry": {"type": "Point", "coordinates": [10.9013303, 59.8493687]}, "properties": {"id": 402227066, "feat_type": "way", "quality_categories": "older_than_five_years, wrong_mispelled_or_unlisted_values", "issue_ids": "[25, 108]", "osm_url": "https://www.openstreetmap.org/way/402227066", "josm_url": "http://127.0.0.1:8111/load_object?new_layer=false&objects=w402227066", "id_url": "https://www.openstreetmap.org/edit?editor=id&way=402227066#map=20/59.8493687/10.9013303"}}, {"type": "Feature", "geometry": {"type": "Point", "coordinates": [10.8035481, 59.848316]}, "properties": {"id": 402983464, "feat_type": "way", "quality_categories": "older_than_five_years, wrong_mispelled_or_unlisted_values", "issue_ids": "[5, 109]", "osm_url": "https://www.openstreetmap.org/way/402983464", "josm_url": "http://127.0.0.1:8111/load_object?new_layer=false&objects=w402983464", "id_url": "https://www.openstreetmap.org/edit?editor=id&way=402983464#map=20/59.848316/10.8035481"}}, {"type": "Feature", "geometry": {"type": "Point", "coordinates": [10.8035915, 59.84842]}, "properties": {"id": 402983469, "feat_type": "way", "quality_categories": "older_than_five_years, wrong_mispelled_or_unlisted_values", "issue_ids": "[5, 110]", "osm_url": "https://www.openstreetmap.org/way/402983469", "josm_url": "http://127.0.0.1:8111/load_object?new_layer=false&objects=w402983469", "id_url": "https://www.openstreetmap.org/edit?editor=id&way=402983469#map=20/59.84842/10.8035915"}}, {"type": "Feature", "geometry": {"type": "Point", "coordinates": [10.8131168, 59.8337007]}, "properties": {"id": 405804549, "feat_type": "way", "quality_categories": "wrong_mispelled_or_unlisted_values", "issue_ids": "[2]", "osm_url": "https://www.openstreetmap.org/way/405804549", "josm_url": "http://127.0.0.1:8111/load_object?new_layer=false&objects=w405804549", "id_url": "https://www.openstreetmap.org/edit?editor=id&way=405804549#map=20/59.8337007/10.8131168"}}, {"type": "Feature", "geometry": {"type": "Point", "coordinates": [10.813604, 59.8337331]}, "properties": {"id": 405804554, "feat_type": "way", "quality_categories": "wrong_mispelled_or_unlisted_values", "issue_ids": "[2]", "osm_url": "https://www.openstreetmap.org/way/405804554", "josm_url": "http://127.0.0.1:8111/load_object?new_layer=false&objects=w405804554", "id_url": "https://www.openstreetmap.org/edit?editor=id&way=405804554#map=20/59.8337331/10.813604"}}, {"type": "Feature", "geometry": {"type": "Point", "coordinates": [10.8133142, 59.8327668]}, "properties": {"id": 405804555, "feat_type": "way", "quality_categories": "wrong_mispelled_or_unlisted_values", "issue_ids": "[2]", "osm_url": "https://www.openstreetmap.org/way/405804555", "josm_url": "http://127.0.0.1:8111/load_object?new_layer=false&objects=w405804555", "id_url": "https://www.openstreetmap.org/edit?editor=id&way=405804555#map=20/59.8327668/10.8133142"}}, {"type": "Feature", "geometry": {"type": "Point", "coordinates": [10.8219576, 59.9055822]}, "properties": {"id": 408121425, "feat_type": "way", "quality_categories": "wrong_mispelled_or_unlisted_values", "issue_ids": "[2]", "osm_url": "https://www.openstreetmap.org/way/408121425", "josm_url": "http://127.0.0.1:8111/load_object?new_layer=false&objects=w408121425", "id_url": "https://www.openstreetmap.org/edit?editor=id&way=408121425#map=20/59.9055822/10.8219576"}}, {"type": "Feature", "geometry": {"type": "Point", "coordinates": [10.78061, 60.0385651]}, "properties": {"id": 412968740, "feat_type": "way", "quality_categories": "older_than_five_years, wrong_mispelled_or_unlisted_values", "issue_ids": "[16, 89]", "osm_url": "https://www.openstreetmap.org/way/412968740", "josm_url": "http://127.0.0.1:8111/load_object?new_layer=false&objects=w412968740", "id_url": "https://www.openstreetmap.org/edit?editor=id&way=412968740#map=20/60.0385651/10.78061"}}, {"type": "Feature", "geometry": {"type": "Point", "coordinates": [10.7065755, 59.8886721]}, "properties": {"id": 419264414, "feat_type": "way", "quality_categories": "wrong_mispelled_or_unlisted_values", "issue_ids": "[2]", "osm_url": "https://www.openstreetmap.org/way/419264414", "josm_url": "http://127.0.0.1:8111/load_object?new_layer=false&objects=w419264414", "id_url": "https://www.openstreetmap.org/edit?editor=id&way=419264414#map=20/59.8886721/10.7065755"}}, {"type": "Feature", "geometry": {"type": "Point", "coordinates": [10.7059318, 59.8886675]}, "properties": {"id": 419264418, "feat_type": "way", "quality_categories": "wrong_mispelled_or_unlisted_values", "issue_ids": "[2]", "osm_url": "https://www.openstreetmap.org/way/419264418", "josm_url": "http://127.0.0.1:8111/load_object?new_layer=false&objects=w419264418", "id_url": "https://www.openstreetmap.org/edit?editor=id&way=419264418#map=20/59.8886675/10.7059318"}}, {"type": "Feature", "geometry": {"type": "Point", "coordinates": [10.7060501, 59.8890497]}, "properties": {"id": 419264419, "feat_type": "way", "quality_categories": "wrong_mispelled_or_unlisted_values", "issue_ids": "[2]", "osm_url": "https://www.openstreetmap.org/way/419264419", "josm_url": "http://127.0.0.1:8111/load_object?new_layer=false&objects=w419264419", "id_url": "https://www.openstreetmap.org/edit?editor=id&way=419264419#map=20/59.8890497/10.7060501"}}, {"type": "Feature", "geometry": {"type": "Point", "coordinates": [10.7068676, 59.8888146]}, "properties": {"id": 419264420, "feat_type": "way", "quality_categories": "wrong_mispelled_or_unlisted_values", "issue_ids": "[2]", "osm_url": "https://www.openstreetmap.org/way/419264420", "josm_url": "http://127.0.0.1:8111/load_object?new_layer=false&objects=w419264420", "id_url": "https://www.openstreetmap.org/edit?editor=id&way=419264420#map=20/59.8888146/10.7068676"}}, {"type": "Feature", "geometry": {"type": "Point", "coordinates": [10.7112419, 59.8892373]}, "properties": {"id": 419264425, "feat_type": "way", "quality_categories": "wrong_mispelled_or_unlisted_values", "issue_ids": "[2]", "osm_url": "https://www.openstreetmap.org/way/419264425", "josm_url": "http://127.0.0.1:8111/load_object?new_layer=false&objects=w419264425", "id_url": "https://www.openstreetmap.org/edit?editor=id&way=419264425#map=20/59.8892373/10.7112419"}}, {"type": "Feature", "geometry": {"type": "Point", "coordinates": [10.7092085, 59.8894071]}, "properties": {"id": 419264426, "feat_type": "way", "quality_categories": "older_than_five_years, wrong_mispelled_or_unlisted_values", "issue_ids": "[2, 44]", "osm_url": "https://www.openstreetmap.org/way/419264426", "josm_url": "http://127.0.0.1:8111/load_object?new_layer=false&objects=w419264426", "id_url": "https://www.openstreetmap.org/edit?editor=id&way=419264426#map=20/59.8894071/10.7092085"}}, {"type": "Feature", "geometry": {"type": "Point", "coordinates": [10.716599, 59.8798126]}, "properties": {"id": 419418142, "feat_type": "way", "quality_categories": "wrong_mispelled_or_unlisted_values", "issue_ids": "[2]", "osm_url": "https://www.openstreetmap.org/way/419418142", "josm_url": "http://127.0.0.1:8111/load_object?new_layer=false&objects=w419418142", "id_url": "https://www.openstreetmap.org/edit?editor=id&way=419418142#map=20/59.8798126/10.716599"}}, {"type": "Feature", "geometry": {"type": "Point", "coordinates": [10.7717172, 59.9194789]}, "properties": {"id": 430611426, "feat_type": "way", "quality_categories": "wrong_mispelled_or_unlisted_values", "issue_ids": "[2]", "osm_url": "https://www.openstreetmap.org/way/430611426", "josm_url": "http://127.0.0.1:8111/load_object?new_layer=false&objects=w430611426", "id_url": "https://www.openstreetmap.org/edit?editor=id&way=430611426#map=20/59.9194789/10.7717172"}}, {"type": "Feature", "geometry": {"type": "Point", "coordinates": [10.8289565, 59.897202]}, "properties": {"id": 437883677, "feat_type": "way", "quality_categories": "wrong_mispelled_or_unlisted_values", "issue_ids": "[16]", "osm_url": "https://www.openstreetmap.org/way/437883677", "josm_url": "http://127.0.0.1:8111/load_object?new_layer=false&objects=w437883677", "id_url": "https://www.openstreetmap.org/edit?editor=id&way=437883677#map=20/59.897202/10.8289565"}}, {"type": "Feature", "geometry": {"type": "Point", "coordinates": [10.8402427, 59.8639596]}, "properties": {"id": 438638372, "feat_type": "way", "quality_categories": "wrong_mispelled_or_unlisted_values", "issue_ids": "[2]", "osm_url": "https://www.openstreetmap.org/way/438638372", "josm_url": "http://127.0.0.1:8111/load_object?new_layer=false&objects=w438638372", "id_url": "https://www.openstreetmap.org/edit?editor=id&way=438638372#map=20/59.8639596/10.8402427"}}, {"type": "Feature", "geometry": {"type": "Point", "coordinates": [10.8471403, 59.8843157]}, "properties": {"id": 440239337, "feat_type": "way", "quality_categories": "older_than_five_years, wrong_mispelled_or_unlisted_values", "issue_ids": "[5, 111]", "osm_url": "https://www.openstreetmap.org/way/440239337", "josm_url": "http://127.0.0.1:8111/load_object?new_layer=false&objects=w440239337", "id_url": "https://www.openstreetmap.org/edit?editor=id&way=440239337#map=20/59.8843157/10.8471403"}}, {"type": "Feature", "geometry": {"type": "Point", "coordinates": [10.8464669, 59.884538]}, "properties": {"id": 440239340, "feat_type": "way", "quality_categories": "older_than_five_years, wrong_mispelled_or_unlisted_values", "issue_ids": "[5, 112]", "osm_url": "https://www.openstreetmap.org/way/440239340", "josm_url": "http://127.0.0.1:8111/load_object?new_layer=false&objects=w440239340", "id_url": "https://www.openstreetmap.org/edit?editor=id&way=440239340#map=20/59.884538/10.8464669"}}, {"type": "Feature", "geometry": {"type": "Point", "coordinates": [10.846569, 59.8843894]}, "properties": {"id": 440239341, "feat_type": "way", "quality_categories": "older_than_five_years, wrong_mispelled_or_unlisted_values", "issue_ids": "[5, 112]", "osm_url": "https://www.openstreetmap.org/way/440239341", "josm_url": "http://127.0.0.1:8111/load_object?new_layer=false&objects=w440239341", "id_url": "https://www.openstreetmap.org/edit?editor=id&way=440239341#map=20/59.8843894/10.846569"}}, {"type": "Feature", "geometry": {"type": "Point", "coordinates": [10.8371503, 59.9127999]}, "properties": {"id": 445176613, "feat_type": "way", "quality_categories": "older_than_five_years, wrong_mispelled_or_unlisted_values", "issue_ids": "[2, 113]", "osm_url": "https://www.openstreetmap.org/way/445176613", "josm_url": "http://127.0.0.1:8111/load_object?new_layer=false&objects=w445176613", "id_url": "https://www.openstreetmap.org/edit?editor=id&way=445176613#map=20/59.9127999/10.8371503"}}, {"type": "Feature", "geometry": {"type": "Point", "coordinates": [10.7407405, 59.9921195]}, "properties": {"id": 456107457, "feat_type": "way", "quality_categories": "wrong_mispelled_or_unlisted_values", "issue_ids": "[114]", "osm_url": "https://www.openstreetmap.org/way/456107457", "josm_url": "http://127.0.0.1:8111/load_object?new_layer=false&objects=w456107457", "id_url": "https://www.openstreetmap.org/edit?editor=id&way=456107457#map=20/59.9921195/10.7407405"}}, {"type": "Feature", "geometry": {"type": "Point", "coordinates": [10.7275172, 59.8915754]}, "properties": {"id": 457723068, "feat_type": "way", "quality_categories": "wrong_mispelled_or_unlisted_values", "issue_ids": "[18]", "osm_url": "https://www.openstreetmap.org/way/457723068", "josm_url": "http://127.0.0.1:8111/load_object?new_layer=false&objects=w457723068", "id_url": "https://www.openstreetmap.org/edit?editor=id&way=457723068#map=20/59.8915754/10.7275172"}}, {"type": "Feature", "geometry": {"type": "Point", "coordinates": [10.7271457, 59.8916301]}, "properties": {"id": 457723070, "feat_type": "way", "quality_categories": "wrong_mispelled_or_unlisted_values", "issue_ids": "[2]", "osm_url": "https://www.openstreetmap.org/way/457723070", "josm_url": "http://127.0.0.1:8111/load_object?new_layer=false&objects=w457723070", "id_url": "https://www.openstreetmap.org/edit?editor=id&way=457723070#map=20/59.8916301/10.7271457"}}, {"type": "Feature", "geometry": {"type": "Point", "coordinates": [10.7545325, 59.9192792]}, "properties": {"id": 457753064, "feat_type": "way", "quality_categories": "wrong_mispelled_or_unlisted_values", "issue_ids": "[2]", "osm_url": "https://www.openstreetmap.org/way/457753064", "josm_url": "http://127.0.0.1:8111/load_object?new_layer=false&objects=w457753064", "id_url": "https://www.openstreetmap.org/edit?editor=id&way=457753064#map=20/59.9192792/10.7545325"}}, {"type": "Feature", "geometry": {"type": "Point", "coordinates": [10.8817666, 59.9297444]}, "properties": {"id": 461754192, "feat_type": "way", "quality_categories": "wrong_mispelled_or_unlisted_values", "issue_ids": "[2]", "osm_url": "https://www.openstreetmap.org/way/461754192", "josm_url": "http://127.0.0.1:8111/load_object?new_layer=false&objects=w461754192", "id_url": "https://www.openstreetmap.org/edit?editor=id&way=461754192#map=20/59.9297444/10.8817666"}}, {"type": "Feature", "geometry": {"type": "Point", "coordinates": [10.7137688, 59.9241347]}, "properties": {"id": 480906487, "feat_type": "way", "quality_categories": "wrong_mispelled_or_unlisted_values", "issue_ids": "[2]", "osm_url": "https://www.openstreetmap.org/way/480906487", "josm_url": "http://127.0.0.1:8111/load_object?new_layer=false&objects=w480906487", "id_url": "https://www.openstreetmap.org/edit?editor=id&way=480906487#map=20/59.9241347/10.7137688"}}, {"type": "Feature", "geometry": {"type": "Point", "coordinates": [10.7287312, 59.9165059]}, "properties": {"id": 482112748, "feat_type": "way", "quality_categories": "wrong_mispelled_or_unlisted_values", "issue_ids": "[0]", "osm_url": "https://www.openstreetmap.org/way/482112748", "josm_url": "http://127.0.0.1:8111/load_object?new_layer=false&objects=w482112748", "id_url": "https://www.openstreetmap.org/edit?editor=id&way=482112748#map=20/59.9165059/10.7287312"}}, {"type": "Feature", "geometry": {"type": "Point", "coordinates": [10.7294882, 59.9165318]}, "properties": {"id": 482112749, "feat_type": "way", "quality_categories": "wrong_mispelled_or_unlisted_values", "issue_ids": "[0]", "osm_url": "https://www.openstreetmap.org/way/482112749", "josm_url": "http://127.0.0.1:8111/load_object?new_layer=false&objects=w482112749", "id_url": "https://www.openstreetmap.org/edit?editor=id&way=482112749#map=20/59.9165318/10.7294882"}}, {"type": "Feature", "geometry": {"type": "Point", "coordinates": [10.7292109, 59.916858]}, "properties": {"id": 482112750, "feat_type": "way", "quality_categories": "wrong_mispelled_or_unlisted_values", "issue_ids": "[0]", "osm_url": "https://www.openstreetmap.org/way/482112750", "josm_url": "http://127.0.0.1:8111/load_object?new_layer=false&objects=w482112750", "id_url": "https://www.openstreetmap.org/edit?editor=id&way=482112750#map=20/59.916858/10.7292109"}}, {"type": "Feature", "geometry": {"type": "Point", "coordinates": [10.7284532, 59.9168467]}, "properties": {"id": 482112751, "feat_type": "way", "quality_categories": "wrong_mispelled_or_unlisted_values", "issue_ids": "[0]", "osm_url": "https://www.openstreetmap.org/way/482112751", "josm_url": "http://127.0.0.1:8111/load_object?new_layer=false&objects=w482112751", "id_url": "https://www.openstreetmap.org/edit?editor=id&way=482112751#map=20/59.9168467/10.7284532"}}, {"type": "Feature", "geometry": {"type": "Point", "coordinates": [10.7279736, 59.9169808]}, "properties": {"id": 482112753, "feat_type": "way", "quality_categories": "wrong_mispelled_or_unlisted_values", "issue_ids": "[0]", "osm_url": "https://www.openstreetmap.org/way/482112753", "josm_url": "http://127.0.0.1:8111/load_object?new_layer=false&objects=w482112753", "id_url": "https://www.openstreetmap.org/edit?editor=id&way=482112753#map=20/59.9169808/10.7279736"}}, {"type": "Feature", "geometry": {"type": "Point", "coordinates": [10.6972022, 59.9291484]}, "properties": {"id": 488565849, "feat_type": "way", "quality_categories": "wrong_mispelled_or_unlisted_values", "issue_ids": "[2]", "osm_url": "https://www.openstreetmap.org/way/488565849", "josm_url": "http://127.0.0.1:8111/load_object?new_layer=false&objects=w488565849", "id_url": "https://www.openstreetmap.org/edit?editor=id&way=488565849#map=20/59.9291484/10.6972022"}}, {"type": "Feature", "geometry": {"type": "Point", "coordinates": [10.7998749, 59.8290226]}, "properties": {"id": 491795155, "feat_type": "way", "quality_categories": "older_than_five_years, wrong_mispelled_or_unlisted_values", "issue_ids": "[5, 115]", "osm_url": "https://www.openstreetmap.org/way/491795155", "josm_url": "http://127.0.0.1:8111/load_object?new_layer=false&objects=w491795155", "id_url": "https://www.openstreetmap.org/edit?editor=id&way=491795155#map=20/59.8290226/10.7998749"}}, {"type": "Feature", "geometry": {"type": "Point", "coordinates": [10.7997714, 59.8290215]}, "properties": {"id": 491795160, "feat_type": "way", "quality_categories": "older_than_five_years, wrong_mispelled_or_unlisted_values", "issue_ids": "[5, 115]", "osm_url": "https://www.openstreetmap.org/way/491795160", "josm_url": "http://127.0.0.1:8111/load_object?new_layer=false&objects=w491795160", "id_url": "https://www.openstreetmap.org/edit?editor=id&way=491795160#map=20/59.8290215/10.7997714"}}, {"type": "Feature", "geometry": {"type": "Point", "coordinates": [10.9046697, 59.9110509]}, "properties": {"id": 494819481, "feat_type": "way", "quality_categories": "older_than_five_years, wrong_mispelled_or_unlisted_values", "issue_ids": "[26, 98]", "osm_url": "https://www.openstreetmap.org/way/494819481", "josm_url": "http://127.0.0.1:8111/load_object?new_layer=false&objects=w494819481", "id_url": "https://www.openstreetmap.org/edit?editor=id&way=494819481#map=20/59.9110509/10.9046697"}}, {"type": "Feature", "geometry": {"type": "Point", "coordinates": [10.6823518, 59.9063475]}, "properties": {"id": 498849925, "feat_type": "way", "quality_categories": "wrong_mispelled_or_unlisted_values", "issue_ids": "[2]", "osm_url": "https://www.openstreetmap.org/way/498849925", "josm_url": "http://127.0.0.1:8111/load_object?new_layer=false&objects=w498849925", "id_url": "https://www.openstreetmap.org/edit?editor=id&way=498849925#map=20/59.9063475/10.6823518"}}, {"type": "Feature", "geometry": {"type": "Point", "coordinates": [10.681975, 59.9065152]}, "properties": {"id": 498849926, "feat_type": "way", "quality_categories": "wrong_mispelled_or_unlisted_values", "issue_ids": "[2]", "osm_url": "https://www.openstreetmap.org/way/498849926", "josm_url": "http://127.0.0.1:8111/load_object?new_layer=false&objects=w498849926", "id_url": "https://www.openstreetmap.org/edit?editor=id&way=498849926#map=20/59.9065152/10.681975"}}, {"type": "Feature", "geometry": {"type": "Point", "coordinates": [10.6852735, 59.9077654]}, "properties": {"id": 498849932, "feat_type": "way", "quality_categories": "wrong_mispelled_or_unlisted_values", "issue_ids": "[16]", "osm_url": "https://www.openstreetmap.org/way/498849932", "josm_url": "http://127.0.0.1:8111/load_object?new_layer=false&objects=w498849932", "id_url": "https://www.openstreetmap.org/edit?editor=id&way=498849932#map=20/59.9077654/10.6852735"}}, {"type": "Feature", "geometry": {"type": "Point", "coordinates": [10.6853061, 59.9077322]}, "properties": {"id": 498849933, "feat_type": "way", "quality_categories": "wrong_mispelled_or_unlisted_values", "issue_ids": "[18]", "osm_url": "https://www.openstreetmap.org/way/498849933", "josm_url": "http://127.0.0.1:8111/load_object?new_layer=false&objects=w498849933", "id_url": "https://www.openstreetmap.org/edit?editor=id&way=498849933#map=20/59.9077322/10.6853061"}}, {"type": "Feature", "geometry": {"type": "Point", "coordinates": [10.6853997, 59.9076404]}, "properties": {"id": 498849934, "feat_type": "way", "quality_categories": "wrong_mispelled_or_unlisted_values", "issue_ids": "[16]", "osm_url": "https://www.openstreetmap.org/way/498849934", "josm_url": "http://127.0.0.1:8111/load_object?new_layer=false&objects=w498849934", "id_url": "https://www.openstreetmap.org/edit?editor=id&way=498849934#map=20/59.9076404/10.6853997"}}, {"type": "Feature", "geometry": {"type": "Point", "coordinates": [10.6853997, 59.9076404]}, "properties": {"id": 498849935, "feat_type": "way", "quality_categories": "wrong_mispelled_or_unlisted_values", "issue_ids": "[16]", "osm_url": "https://www.openstreetmap.org/way/498849935", "josm_url": "http://127.0.0.1:8111/load_object?new_layer=false&objects=w498849935", "id_url": "https://www.openstreetmap.org/edit?editor=id&way=498849935#map=20/59.9076404/10.6853997"}}, {"type": "Feature", "geometry": {"type": "Point", "coordinates": [10.6853061, 59.9077322]}, "properties": {"id": 498849936, "feat_type": "way", "quality_categories": "wrong_mispelled_or_unlisted_values", "issue_ids": "[16]", "osm_url": "https://www.openstreetmap.org/way/498849936", "josm_url": "http://127.0.0.1:8111/load_object?new_layer=false&objects=w498849936", "id_url": "https://www.openstreetmap.org/edit?editor=id&way=498849936#map=20/59.9077322/10.6853061"}}, {"type": "Feature", "geometry": {"type": "Point", "coordinates": [10.7449785, 59.9509714]}, "properties": {"id": 499730296, "feat_type": "way", "quality_categories": "older_than_five_years, wrong_mispelled_or_unlisted_values", "issue_ids": "[2, 116]", "osm_url": "https://www.openstreetmap.org/way/499730296", "josm_url": "http://127.0.0.1:8111/load_object?new_layer=false&objects=w499730296", "id_url": "https://www.openstreetmap.org/edit?editor=id&way=499730296#map=20/59.9509714/10.7449785"}}, {"type": "Feature", "geometry": {"type": "Point", "coordinates": [10.8100262, 59.8741063]}, "properties": {"id": 508157551, "feat_type": "way", "quality_categories": "wrong_mispelled_or_unlisted_values", "issue_ids": "[2]", "osm_url": "https://www.openstreetmap.org/way/508157551", "josm_url": "http://127.0.0.1:8111/load_object?new_layer=false&objects=w508157551", "id_url": "https://www.openstreetmap.org/edit?editor=id&way=508157551#map=20/59.8741063/10.8100262"}}, {"type": "Feature", "geometry": {"type": "Point", "coordinates": [10.7545846, 59.9494365]}, "properties": {"id": 511907472, "feat_type": "way", "quality_categories": "wrong_mispelled_or_unlisted_values", "issue_ids": "[2]", "osm_url": "https://www.openstreetmap.org/way/511907472", "josm_url": "http://127.0.0.1:8111/load_object?new_layer=false&objects=w511907472", "id_url": "https://www.openstreetmap.org/edit?editor=id&way=511907472#map=20/59.9494365/10.7545846"}}, {"type": "Feature", "geometry": {"type": "Point", "coordinates": [10.8708423, 59.9438671]}, "properties": {"id": 524121714, "feat_type": "way", "quality_categories": "wrong_mispelled_or_unlisted_values", "issue_ids": "[2]", "osm_url": "https://www.openstreetmap.org/way/524121714", "josm_url": "http://127.0.0.1:8111/load_object?new_layer=false&objects=w524121714", "id_url": "https://www.openstreetmap.org/edit?editor=id&way=524121714#map=20/59.9438671/10.8708423"}}, {"type": "Feature", "geometry": {"type": "Point", "coordinates": [10.7326056, 59.9687495]}, "properties": {"id": 525280569, "feat_type": "way", "quality_categories": "wrong_mispelled_or_unlisted_values", "issue_ids": "[2]", "osm_url": "https://www.openstreetmap.org/way/525280569", "josm_url": "http://127.0.0.1:8111/load_object?new_layer=false&objects=w525280569", "id_url": "https://www.openstreetmap.org/edit?editor=id&way=525280569#map=20/59.9687495/10.7326056"}}, {"type": "Feature", "geometry": {"type": "Point", "coordinates": [10.752876, 59.9217346]}, "properties": {"id": 528492285, "feat_type": "way", "quality_categories": "wrong_mispelled_or_unlisted_values", "issue_ids": "[2]", "osm_url": "https://www.openstreetmap.org/way/528492285", "josm_url": "http://127.0.0.1:8111/load_object?new_layer=false&objects=w528492285", "id_url": "https://www.openstreetmap.org/edit?editor=id&way=528492285#map=20/59.9217346/10.752876"}}, {"type": "Feature", "geometry": {"type": "Point", "coordinates": [10.8741281, 59.9220422]}, "properties": {"id": 532834565, "feat_type": "way", "quality_categories": "wrong_mispelled_or_unlisted_values", "issue_ids": "[2]", "osm_url": "https://www.openstreetmap.org/way/532834565", "josm_url": "http://127.0.0.1:8111/load_object?new_layer=false&objects=w532834565", "id_url": "https://www.openstreetmap.org/edit?editor=id&way=532834565#map=20/59.9220422/10.8741281"}}, {"type": "Feature", "geometry": {"type": "Point", "coordinates": [10.7978603, 59.8355599]}, "properties": {"id": 533638741, "feat_type": "way", "quality_categories": "wrong_mispelled_or_unlisted_values", "issue_ids": "[2]", "osm_url": "https://www.openstreetmap.org/way/533638741", "josm_url": "http://127.0.0.1:8111/load_object?new_layer=false&objects=w533638741", "id_url": "https://www.openstreetmap.org/edit?editor=id&way=533638741#map=20/59.8355599/10.7978603"}}, {"type": "Feature", "geometry": {"type": "Point", "coordinates": [10.6775428, 59.9352056]}, "properties": {"id": 534191366, "feat_type": "way", "quality_categories": "wrong_mispelled_or_unlisted_values", "issue_ids": "[2]", "osm_url": "https://www.openstreetmap.org/way/534191366", "josm_url": "http://127.0.0.1:8111/load_object?new_layer=false&objects=w534191366", "id_url": "https://www.openstreetmap.org/edit?editor=id&way=534191366#map=20/59.9352056/10.6775428"}}, {"type": "Feature", "geometry": {"type": "Point", "coordinates": [10.6782161, 59.9316034]}, "properties": {"id": 534191371, "feat_type": "way", "quality_categories": "wrong_mispelled_or_unlisted_values", "issue_ids": "[2]", "osm_url": "https://www.openstreetmap.org/way/534191371", "josm_url": "http://127.0.0.1:8111/load_object?new_layer=false&objects=w534191371", "id_url": "https://www.openstreetmap.org/edit?editor=id&way=534191371#map=20/59.9316034/10.6782161"}}, {"type": "Feature", "geometry": {"type": "Point", "coordinates": [10.7934564, 59.8652747]}, "properties": {"id": 536458455, "feat_type": "way", "quality_categories": "wrong_mispelled_or_unlisted_values", "issue_ids": "[2]", "osm_url": "https://www.openstreetmap.org/way/536458455", "josm_url": "http://127.0.0.1:8111/load_object?new_layer=false&objects=w536458455", "id_url": "https://www.openstreetmap.org/edit?editor=id&way=536458455#map=20/59.8652747/10.7934564"}}, {"type": "Feature", "geometry": {"type": "Point", "coordinates": [10.8344136, 59.8920167]}, "properties": {"id": 543166248, "feat_type": "way", "quality_categories": "wrong_mispelled_or_unlisted_values", "issue_ids": "[2]", "osm_url": "https://www.openstreetmap.org/way/543166248", "josm_url": "http://127.0.0.1:8111/load_object?new_layer=false&objects=w543166248", "id_url": "https://www.openstreetmap.org/edit?editor=id&way=543166248#map=20/59.8920167/10.8344136"}}, {"type": "Feature", "geometry": {"type": "Point", "coordinates": [10.8330568, 59.9012842]}, "properties": {"id": 544187981, "feat_type": "way", "quality_categories": "wrong_mispelled_or_unlisted_values", "issue_ids": "[2]", "osm_url": "https://www.openstreetmap.org/way/544187981", "josm_url": "http://127.0.0.1:8111/load_object?new_layer=false&objects=w544187981", "id_url": "https://www.openstreetmap.org/edit?editor=id&way=544187981#map=20/59.9012842/10.8330568"}}, {"type": "Feature", "geometry": {"type": "Point", "coordinates": [10.7284867, 59.9179025]}, "properties": {"id": 545725532, "feat_type": "way", "quality_categories": "wrong_mispelled_or_unlisted_values", "issue_ids": "[2]", "osm_url": "https://www.openstreetmap.org/way/545725532", "josm_url": "http://127.0.0.1:8111/load_object?new_layer=false&objects=w545725532", "id_url": "https://www.openstreetmap.org/edit?editor=id&way=545725532#map=20/59.9179025/10.7284867"}}, {"type": "Feature", "geometry": {"type": "Point", "coordinates": [10.7292432, 59.9182803]}, "properties": {"id": 545725533, "feat_type": "way", "quality_categories": "older_than_five_years, wrong_mispelled_or_unlisted_values", "issue_ids": "[2, 20]", "osm_url": "https://www.openstreetmap.org/way/545725533", "josm_url": "http://127.0.0.1:8111/load_object?new_layer=false&objects=w545725533", "id_url": "https://www.openstreetmap.org/edit?editor=id&way=545725533#map=20/59.9182803/10.7292432"}}, {"type": "Feature", "geometry": {"type": "Point", "coordinates": [10.7594568, 59.8988755]}, "properties": {"id": 545931450, "feat_type": "way", "quality_categories": "wrong_mispelled_or_unlisted_values", "issue_ids": "[16]", "osm_url": "https://www.openstreetmap.org/way/545931450", "josm_url": "http://127.0.0.1:8111/load_object?new_layer=false&objects=w545931450", "id_url": "https://www.openstreetmap.org/edit?editor=id&way=545931450#map=20/59.8988755/10.7594568"}}, {"type": "Feature", "geometry": {"type": "Point", "coordinates": [10.7595266, 59.8987074]}, "properties": {"id": 545931454, "feat_type": "way", "quality_categories": "wrong_mispelled_or_unlisted_values", "issue_ids": "[16]", "osm_url": "https://www.openstreetmap.org/way/545931454", "josm_url": "http://127.0.0.1:8111/load_object?new_layer=false&objects=w545931454", "id_url": "https://www.openstreetmap.org/edit?editor=id&way=545931454#map=20/59.8987074/10.7595266"}}, {"type": "Feature", "geometry": {"type": "Point", "coordinates": [10.759694, 59.8988882]}, "properties": {"id": 545931455, "feat_type": "way", "quality_categories": "wrong_mispelled_or_unlisted_values", "issue_ids": "[16]", "osm_url": "https://www.openstreetmap.org/way/545931455", "josm_url": "http://127.0.0.1:8111/load_object?new_layer=false&objects=w545931455", "id_url": "https://www.openstreetmap.org/edit?editor=id&way=545931455#map=20/59.8988882/10.759694"}}, {"type": "Feature", "geometry": {"type": "Point", "coordinates": [10.75943, 59.8991486]}, "properties": {"id": 545931458, "feat_type": "way", "quality_categories": "wrong_mispelled_or_unlisted_values", "issue_ids": "[16]", "osm_url": "https://www.openstreetmap.org/way/545931458", "josm_url": "http://127.0.0.1:8111/load_object?new_layer=false&objects=w545931458", "id_url": "https://www.openstreetmap.org/edit?editor=id&way=545931458#map=20/59.8991486/10.75943"}}, {"type": "Feature", "geometry": {"type": "Point", "coordinates": [10.7598977, 59.8991546]}, "properties": {"id": 545931460, "feat_type": "way", "quality_categories": "wrong_mispelled_or_unlisted_values", "issue_ids": "[16]", "osm_url": "https://www.openstreetmap.org/way/545931460", "josm_url": "http://127.0.0.1:8111/load_object?new_layer=false&objects=w545931460", "id_url": "https://www.openstreetmap.org/edit?editor=id&way=545931460#map=20/59.8991546/10.7598977"}}, {"type": "Feature", "geometry": {"type": "Point", "coordinates": [10.7014037, 59.9242531]}, "properties": {"id": 547633708, "feat_type": "way", "quality_categories": "wrong_mispelled_or_unlisted_values", "issue_ids": "[2]", "osm_url": "https://www.openstreetmap.org/way/547633708", "josm_url": "http://127.0.0.1:8111/load_object?new_layer=false&objects=w547633708", "id_url": "https://www.openstreetmap.org/edit?editor=id&way=547633708#map=20/59.9242531/10.7014037"}}, {"type": "Feature", "geometry": {"type": "Point", "coordinates": [10.701465, 59.9241269]}, "properties": {"id": 547633710, "feat_type": "way", "quality_categories": "wrong_mispelled_or_unlisted_values", "issue_ids": "[2]", "osm_url": "https://www.openstreetmap.org/way/547633710", "josm_url": "http://127.0.0.1:8111/load_object?new_layer=false&objects=w547633710", "id_url": "https://www.openstreetmap.org/edit?editor=id&way=547633710#map=20/59.9241269/10.701465"}}, {"type": "Feature", "geometry": {"type": "Point", "coordinates": [10.7007397, 59.9238987]}, "properties": {"id": 547633712, "feat_type": "way", "quality_categories": "wrong_mispelled_or_unlisted_values", "issue_ids": "[2]", "osm_url": "https://www.openstreetmap.org/way/547633712", "josm_url": "http://127.0.0.1:8111/load_object?new_layer=false&objects=w547633712", "id_url": "https://www.openstreetmap.org/edit?editor=id&way=547633712#map=20/59.9238987/10.7007397"}}, {"type": "Feature", "geometry": {"type": "Point", "coordinates": [10.7062269, 59.9250273]}, "properties": {"id": 547633718, "feat_type": "way", "quality_categories": "wrong_mispelled_or_unlisted_values", "issue_ids": "[2]", "osm_url": "https://www.openstreetmap.org/way/547633718", "josm_url": "http://127.0.0.1:8111/load_object?new_layer=false&objects=w547633718", "id_url": "https://www.openstreetmap.org/edit?editor=id&way=547633718#map=20/59.9250273/10.7062269"}}, {"type": "Feature", "geometry": {"type": "Point", "coordinates": [10.7047096, 59.9243684]}, "properties": {"id": 547633727, "feat_type": "way", "quality_categories": "wrong_mispelled_or_unlisted_values", "issue_ids": "[2]", "osm_url": "https://www.openstreetmap.org/way/547633727", "josm_url": "http://127.0.0.1:8111/load_object?new_layer=false&objects=w547633727", "id_url": "https://www.openstreetmap.org/edit?editor=id&way=547633727#map=20/59.9243684/10.7047096"}}, {"type": "Feature", "geometry": {"type": "Point", "coordinates": [10.7047364, 59.9248483]}, "properties": {"id": 547633728, "feat_type": "way", "quality_categories": "wrong_mispelled_or_unlisted_values", "issue_ids": "[2]", "osm_url": "https://www.openstreetmap.org/way/547633728", "josm_url": "http://127.0.0.1:8111/load_object?new_layer=false&objects=w547633728", "id_url": "https://www.openstreetmap.org/edit?editor=id&way=547633728#map=20/59.9248483/10.7047364"}}, {"type": "Feature", "geometry": {"type": "Point", "coordinates": [10.7024685, 59.9237305]}, "properties": {"id": 547856203, "feat_type": "way", "quality_categories": "wrong_mispelled_or_unlisted_values", "issue_ids": "[2]", "osm_url": "https://www.openstreetmap.org/way/547856203", "josm_url": "http://127.0.0.1:8111/load_object?new_layer=false&objects=w547856203", "id_url": "https://www.openstreetmap.org/edit?editor=id&way=547856203#map=20/59.9237305/10.7024685"}}, {"type": "Feature", "geometry": {"type": "Point", "coordinates": [10.8817823, 59.9179422]}, "properties": {"id": 560490719, "feat_type": "way", "quality_categories": "wrong_mispelled_or_unlisted_values", "issue_ids": "[2]", "osm_url": "https://www.openstreetmap.org/way/560490719", "josm_url": "http://127.0.0.1:8111/load_object?new_layer=false&objects=w560490719", "id_url": "https://www.openstreetmap.org/edit?editor=id&way=560490719#map=20/59.9179422/10.8817823"}}, {"type": "Feature", "geometry": {"type": "Point", "coordinates": [10.7956594, 59.8396445]}, "properties": {"id": 565452075, "feat_type": "way", "quality_categories": "wrong_mispelled_or_unlisted_values", "issue_ids": "[18]", "osm_url": "https://www.openstreetmap.org/way/565452075", "josm_url": "http://127.0.0.1:8111/load_object?new_layer=false&objects=w565452075", "id_url": "https://www.openstreetmap.org/edit?editor=id&way=565452075#map=20/59.8396445/10.7956594"}}, {"type": "Feature", "geometry": {"type": "Point", "coordinates": [10.7954823, 59.839334]}, "properties": {"id": 565452078, "feat_type": "way", "quality_categories": "older_than_five_years, wrong_mispelled_or_unlisted_values", "issue_ids": "[2, 117]", "osm_url": "https://www.openstreetmap.org/way/565452078", "josm_url": "http://127.0.0.1:8111/load_object?new_layer=false&objects=w565452078", "id_url": "https://www.openstreetmap.org/edit?editor=id&way=565452078#map=20/59.839334/10.7954823"}}, {"type": "Feature", "geometry": {"type": "Point", "coordinates": [10.7953105, 59.8393309]}, "properties": {"id": 565452118, "feat_type": "way", "quality_categories": "older_than_five_years, wrong_mispelled_or_unlisted_values", "issue_ids": "[2, 117]", "osm_url": "https://www.openstreetmap.org/way/565452118", "josm_url": "http://127.0.0.1:8111/load_object?new_layer=false&objects=w565452118", "id_url": "https://www.openstreetmap.org/edit?editor=id&way=565452118#map=20/59.8393309/10.7953105"}}, {"type": "Feature", "geometry": {"type": "Point", "coordinates": [10.8176956, 59.919019]}, "properties": {"id": 575504609, "feat_type": "way", "quality_categories": "wrong_mispelled_or_unlisted_values", "issue_ids": "[2]", "osm_url": "https://www.openstreetmap.org/way/575504609", "josm_url": "http://127.0.0.1:8111/load_object?new_layer=false&objects=w575504609", "id_url": "https://www.openstreetmap.org/edit?editor=id&way=575504609#map=20/59.919019/10.8176956"}}, {"type": "Feature", "geometry": {"type": "Point", "coordinates": [10.803087, 59.9585792]}, "properties": {"id": 579668365, "feat_type": "way", "quality_categories": "wrong_mispelled_or_unlisted_values", "issue_ids": "[16]", "osm_url": "https://www.openstreetmap.org/way/579668365", "josm_url": "http://127.0.0.1:8111/load_object?new_layer=false&objects=w579668365", "id_url": "https://www.openstreetmap.org/edit?editor=id&way=579668365#map=20/59.9585792/10.803087"}}, {"type": "Feature", "geometry": {"type": "Point", "coordinates": [10.8637203, 59.8400178]}, "properties": {"id": 580044296, "feat_type": "way", "quality_categories": "wrong_mispelled_or_unlisted_values", "issue_ids": "[2]", "osm_url": "https://www.openstreetmap.org/way/580044296", "josm_url": "http://127.0.0.1:8111/load_object?new_layer=false&objects=w580044296", "id_url": "https://www.openstreetmap.org/edit?editor=id&way=580044296#map=20/59.8400178/10.8637203"}}, {"type": "Feature", "geometry": {"type": "Point", "coordinates": [10.865334, 59.8413081]}, "properties": {"id": 580044297, "feat_type": "way", "quality_categories": "wrong_mispelled_or_unlisted_values", "issue_ids": "[2]", "osm_url": "https://www.openstreetmap.org/way/580044297", "josm_url": "http://127.0.0.1:8111/load_object?new_layer=false&objects=w580044297", "id_url": "https://www.openstreetmap.org/edit?editor=id&way=580044297#map=20/59.8413081/10.865334"}}, {"type": "Feature", "geometry": {"type": "Point", "coordinates": [10.7764174, 59.8410893]}, "properties": {"id": 582371659, "feat_type": "way", "quality_categories": "wrong_mispelled_or_unlisted_values", "issue_ids": "[2]", "osm_url": "https://www.openstreetmap.org/way/582371659", "josm_url": "http://127.0.0.1:8111/load_object?new_layer=false&objects=w582371659", "id_url": "https://www.openstreetmap.org/edit?editor=id&way=582371659#map=20/59.8410893/10.7764174"}}, {"type": "Feature", "geometry": {"type": "Point", "coordinates": [10.7770779, 59.841259]}, "properties": {"id": 582371660, "feat_type": "way", "quality_categories": "wrong_mispelled_or_unlisted_values", "issue_ids": "[2]", "osm_url": "https://www.openstreetmap.org/way/582371660", "josm_url": "http://127.0.0.1:8111/load_object?new_layer=false&objects=w582371660", "id_url": "https://www.openstreetmap.org/edit?editor=id&way=582371660#map=20/59.841259/10.7770779"}}, {"type": "Feature", "geometry": {"type": "Point", "coordinates": [10.7747582, 59.8352689]}, "properties": {"id": 582374985, "feat_type": "way", "quality_categories": "older_than_five_years, wrong_mispelled_or_unlisted_values", "issue_ids": "[2, 72]", "osm_url": "https://www.openstreetmap.org/way/582374985", "josm_url": "http://127.0.0.1:8111/load_object?new_layer=false&objects=w582374985", "id_url": "https://www.openstreetmap.org/edit?editor=id&way=582374985#map=20/59.8352689/10.7747582"}}, {"type": "Feature", "geometry": {"type": "Point", "coordinates": [10.6331883, 59.9577427]}, "properties": {"id": 584643555, "feat_type": "way", "quality_categories": "wrong_mispelled_or_unlisted_values", "issue_ids": "[2]", "osm_url": "https://www.openstreetmap.org/way/584643555", "josm_url": "http://127.0.0.1:8111/load_object?new_layer=false&objects=w584643555", "id_url": "https://www.openstreetmap.org/edit?editor=id&way=584643555#map=20/59.9577427/10.6331883"}}, {"type": "Feature", "geometry": {"type": "Point", "coordinates": [10.8470871, 59.8828493]}, "properties": {"id": 584877990, "feat_type": "way", "quality_categories": "older_than_five_years, wrong_mispelled_or_unlisted_values", "issue_ids": "[16, 118]", "osm_url": "https://www.openstreetmap.org/way/584877990", "josm_url": "http://127.0.0.1:8111/load_object?new_layer=false&objects=w584877990", "id_url": "https://www.openstreetmap.org/edit?editor=id&way=584877990#map=20/59.8828493/10.8470871"}}, {"type": "Feature", "geometry": {"type": "Point", "coordinates": [10.7624175, 59.9482897]}, "properties": {"id": 585425831, "feat_type": "way", "quality_categories": "older_than_five_years, wrong_mispelled_or_unlisted_values", "issue_ids": "[2, 60]", "osm_url": "https://www.openstreetmap.org/way/585425831", "josm_url": "http://127.0.0.1:8111/load_object?new_layer=false&objects=w585425831", "id_url": "https://www.openstreetmap.org/edit?editor=id&way=585425831#map=20/59.9482897/10.7624175"}}, {"type": "Feature", "geometry": {"type": "Point", "coordinates": [10.7625391, 59.9490557]}, "properties": {"id": 585426958, "feat_type": "way", "quality_categories": "older_than_five_years, wrong_mispelled_or_unlisted_values", "issue_ids": "[2, 60]", "osm_url": "https://www.openstreetmap.org/way/585426958", "josm_url": "http://127.0.0.1:8111/load_object?new_layer=false&objects=w585426958", "id_url": "https://www.openstreetmap.org/edit?editor=id&way=585426958#map=20/59.9490557/10.7625391"}}, {"type": "Feature", "geometry": {"type": "Point", "coordinates": [10.6760891, 59.9240256]}, "properties": {"id": 586404003, "feat_type": "way", "quality_categories": "wrong_mispelled_or_unlisted_values", "issue_ids": "[2]", "osm_url": "https://www.openstreetmap.org/way/586404003", "josm_url": "http://127.0.0.1:8111/load_object?new_layer=false&objects=w586404003", "id_url": "https://www.openstreetmap.org/edit?editor=id&way=586404003#map=20/59.9240256/10.6760891"}}, {"type": "Feature", "geometry": {"type": "Point", "coordinates": [10.8435714, 59.8959112]}, "properties": {"id": 589323707, "feat_type": "way", "quality_categories": "older_than_five_years, wrong_mispelled_or_unlisted_values", "issue_ids": "[16, 119]", "osm_url": "https://www.openstreetmap.org/way/589323707", "josm_url": "http://127.0.0.1:8111/load_object?new_layer=false&objects=w589323707", "id_url": "https://www.openstreetmap.org/edit?editor=id&way=589323707#map=20/59.8959112/10.8435714"}}, {"type": "Feature", "geometry": {"type": "Point", "coordinates": [10.7956437, 59.9421668]}, "properties": {"id": 589677409, "feat_type": "way", "quality_categories": "wrong_mispelled_or_unlisted_values", "issue_ids": "[2]", "osm_url": "https://www.openstreetmap.org/way/589677409", "josm_url": "http://127.0.0.1:8111/load_object?new_layer=false&objects=w589677409", "id_url": "https://www.openstreetmap.org/edit?editor=id&way=589677409#map=20/59.9421668/10.7956437"}}, {"type": "Feature", "geometry": {"type": "Point", "coordinates": [10.8426244, 59.8999223]}, "properties": {"id": 589842948, "feat_type": "way", "quality_categories": "wrong_mispelled_or_unlisted_values", "issue_ids": "[2]", "osm_url": "https://www.openstreetmap.org/way/589842948", "josm_url": "http://127.0.0.1:8111/load_object?new_layer=false&objects=w589842948", "id_url": "https://www.openstreetmap.org/edit?editor=id&way=589842948#map=20/59.8999223/10.8426244"}}, {"type": "Feature", "geometry": {"type": "Point", "coordinates": [10.8494178, 59.8687163]}, "properties": {"id": 589957140, "feat_type": "way", "quality_categories": "wrong_mispelled_or_unlisted_values", "issue_ids": "[16]", "osm_url": "https://www.openstreetmap.org/way/589957140", "josm_url": "http://127.0.0.1:8111/load_object?new_layer=false&objects=w589957140", "id_url": "https://www.openstreetmap.org/edit?editor=id&way=589957140#map=20/59.8687163/10.8494178"}}, {"type": "Feature", "geometry": {"type": "Point", "coordinates": [10.8330784, 59.8920355]}, "properties": {"id": 591183831, "feat_type": "way", "quality_categories": "wrong_mispelled_or_unlisted_values", "issue_ids": "[2]", "osm_url": "https://www.openstreetmap.org/way/591183831", "josm_url": "http://127.0.0.1:8111/load_object?new_layer=false&objects=w591183831", "id_url": "https://www.openstreetmap.org/edit?editor=id&way=591183831#map=20/59.8920355/10.8330784"}}, {"type": "Feature", "geometry": {"type": "Point", "coordinates": [10.7485917, 59.9183636]}, "properties": {"id": 607683966, "feat_type": "way", "quality_categories": "wrong_mispelled_or_unlisted_values", "issue_ids": "[7]", "osm_url": "https://www.openstreetmap.org/way/607683966", "josm_url": "http://127.0.0.1:8111/load_object?new_layer=false&objects=w607683966", "id_url": "https://www.openstreetmap.org/edit?editor=id&way=607683966#map=20/59.9183636/10.7485917"}}, {"type": "Feature", "geometry": {"type": "Point", "coordinates": [10.9023411, 59.9707292]}, "properties": {"id": 617703139, "feat_type": "way", "quality_categories": "older_than_five_years, wrong_mispelled_or_unlisted_values", "issue_ids": "[2, 36]", "osm_url": "https://www.openstreetmap.org/way/617703139", "josm_url": "http://127.0.0.1:8111/load_object?new_layer=false&objects=w617703139", "id_url": "https://www.openstreetmap.org/edit?editor=id&way=617703139#map=20/59.9707292/10.9023411"}}, {"type": "Feature", "geometry": {"type": "Point", "coordinates": [10.9018432, 59.970455]}, "properties": {"id": 617703140, "feat_type": "way", "quality_categories": "older_than_five_years, wrong_mispelled_or_unlisted_values", "issue_ids": "[2, 36]", "osm_url": "https://www.openstreetmap.org/way/617703140", "josm_url": "http://127.0.0.1:8111/load_object?new_layer=false&objects=w617703140", "id_url": "https://www.openstreetmap.org/edit?editor=id&way=617703140#map=20/59.970455/10.9018432"}}, {"type": "Feature", "geometry": {"type": "Point", "coordinates": [10.6988041, 59.9329883]}, "properties": {"id": 619799780, "feat_type": "way", "quality_categories": "wrong_mispelled_or_unlisted_values", "issue_ids": "[2]", "osm_url": "https://www.openstreetmap.org/way/619799780", "josm_url": "http://127.0.0.1:8111/load_object?new_layer=false&objects=w619799780", "id_url": "https://www.openstreetmap.org/edit?editor=id&way=619799780#map=20/59.9329883/10.6988041"}}, {"type": "Feature", "geometry": {"type": "Point", "coordinates": [10.7017891, 59.9317994]}, "properties": {"id": 619799842, "feat_type": "way", "quality_categories": "wrong_mispelled_or_unlisted_values", "issue_ids": "[2]", "osm_url": "https://www.openstreetmap.org/way/619799842", "josm_url": "http://127.0.0.1:8111/load_object?new_layer=false&objects=w619799842", "id_url": "https://www.openstreetmap.org/edit?editor=id&way=619799842#map=20/59.9317994/10.7017891"}}, {"type": "Feature", "geometry": {"type": "Point", "coordinates": [10.7013598, 59.9322096]}, "properties": {"id": 619799864, "feat_type": "way", "quality_categories": "wrong_mispelled_or_unlisted_values", "issue_ids": "[2]", "osm_url": "https://www.openstreetmap.org/way/619799864", "josm_url": "http://127.0.0.1:8111/load_object?new_layer=false&objects=w619799864", "id_url": "https://www.openstreetmap.org/edit?editor=id&way=619799864#map=20/59.9322096/10.7013598"}}, {"type": "Feature", "geometry": {"type": "Point", "coordinates": [10.859753, 59.9202715]}, "properties": {"id": 622708285, "feat_type": "way", "quality_categories": "wrong_mispelled_or_unlisted_values", "issue_ids": "[38]", "osm_url": "https://www.openstreetmap.org/way/622708285", "josm_url": "http://127.0.0.1:8111/load_object?new_layer=false&objects=w622708285", "id_url": "https://www.openstreetmap.org/edit?editor=id&way=622708285#map=20/59.9202715/10.859753"}}, {"type": "Feature", "geometry": {"type": "Point", "coordinates": [10.7481072, 59.9431218]}, "properties": {"id": 625846901, "feat_type": "way", "quality_categories": "wrong_mispelled_or_unlisted_values", "issue_ids": "[2]", "osm_url": "https://www.openstreetmap.org/way/625846901", "josm_url": "http://127.0.0.1:8111/load_object?new_layer=false&objects=w625846901", "id_url": "https://www.openstreetmap.org/edit?editor=id&way=625846901#map=20/59.9431218/10.7481072"}}, {"type": "Feature", "geometry": {"type": "Point", "coordinates": [10.9365604, 59.9665118]}, "properties": {"id": 630201790, "feat_type": "way", "quality_categories": "wrong_mispelled_or_unlisted_values", "issue_ids": "[7]", "osm_url": "https://www.openstreetmap.org/way/630201790", "josm_url": "http://127.0.0.1:8111/load_object?new_layer=false&objects=w630201790", "id_url": "https://www.openstreetmap.org/edit?editor=id&way=630201790#map=20/59.9665118/10.9365604"}}, {"type": "Feature", "geometry": {"type": "Point", "coordinates": [10.9391038, 59.9667575]}, "properties": {"id": 630201791, "feat_type": "way", "quality_categories": "wrong_mispelled_or_unlisted_values", "issue_ids": "[7]", "osm_url": "https://www.openstreetmap.org/way/630201791", "josm_url": "http://127.0.0.1:8111/load_object?new_layer=false&objects=w630201791", "id_url": "https://www.openstreetmap.org/edit?editor=id&way=630201791#map=20/59.9667575/10.9391038"}}, {"type": "Feature", "geometry": {"type": "Point", "coordinates": [10.6670648, 59.9659355]}, "properties": {"id": 632255691, "feat_type": "way", "quality_categories": "wrong_mispelled_or_unlisted_values", "issue_ids": "[5]", "osm_url": "https://www.openstreetmap.org/way/632255691", "josm_url": "http://127.0.0.1:8111/load_object?new_layer=false&objects=w632255691", "id_url": "https://www.openstreetmap.org/edit?editor=id&way=632255691#map=20/59.9659355/10.6670648"}}, {"type": "Feature", "geometry": {"type": "Point", "coordinates": [10.7663533, 59.895067]}, "properties": {"id": 633589540, "feat_type": "way", "quality_categories": "wrong_mispelled_or_unlisted_values", "issue_ids": "[7]", "osm_url": "https://www.openstreetmap.org/way/633589540", "josm_url": "http://127.0.0.1:8111/load_object?new_layer=false&objects=w633589540", "id_url": "https://www.openstreetmap.org/edit?editor=id&way=633589540#map=20/59.895067/10.7663533"}}, {"type": "Feature", "geometry": {"type": "Point", "coordinates": [10.7655993, 59.8949959]}, "properties": {"id": 633589541, "feat_type": "way", "quality_categories": "wrong_mispelled_or_unlisted_values", "issue_ids": "[18]", "osm_url": "https://www.openstreetmap.org/way/633589541", "josm_url": "http://127.0.0.1:8111/load_object?new_layer=false&objects=w633589541", "id_url": "https://www.openstreetmap.org/edit?editor=id&way=633589541#map=20/59.8949959/10.7655993"}}, {"type": "Feature", "geometry": {"type": "Point", "coordinates": [10.7650977, 59.9587332]}, "properties": {"id": 633601822, "feat_type": "way", "quality_categories": "wrong_mispelled_or_unlisted_values", "issue_ids": "[5]", "osm_url": "https://www.openstreetmap.org/way/633601822", "josm_url": "http://127.0.0.1:8111/load_object?new_layer=false&objects=w633601822", "id_url": "https://www.openstreetmap.org/edit?editor=id&way=633601822#map=20/59.9587332/10.7650977"}}, {"type": "Feature", "geometry": {"type": "Point", "coordinates": [10.7215337, 59.935127]}, "properties": {"id": 637961331, "feat_type": "way", "quality_categories": "wrong_mispelled_or_unlisted_values", "issue_ids": "[2]", "osm_url": "https://www.openstreetmap.org/way/637961331", "josm_url": "http://127.0.0.1:8111/load_object?new_layer=false&objects=w637961331", "id_url": "https://www.openstreetmap.org/edit?editor=id&way=637961331#map=20/59.935127/10.7215337"}}, {"type": "Feature", "geometry": {"type": "Point", "coordinates": [10.7215381, 59.9354052]}, "properties": {"id": 637961332, "feat_type": "way", "quality_categories": "wrong_mispelled_or_unlisted_values", "issue_ids": "[2]", "osm_url": "https://www.openstreetmap.org/way/637961332", "josm_url": "http://127.0.0.1:8111/load_object?new_layer=false&objects=w637961332", "id_url": "https://www.openstreetmap.org/edit?editor=id&way=637961332#map=20/59.9354052/10.7215381"}}, {"type": "Feature", "geometry": {"type": "Point", "coordinates": [10.7290447, 59.916318]}, "properties": {"id": 640668190, "feat_type": "way", "quality_categories": "wrong_mispelled_or_unlisted_values", "issue_ids": "[0]", "osm_url": "https://www.openstreetmap.org/way/640668190", "josm_url": "http://127.0.0.1:8111/load_object?new_layer=false&objects=w640668190", "id_url": "https://www.openstreetmap.org/edit?editor=id&way=640668190#map=20/59.916318/10.7290447"}}, {"type": "Feature", "geometry": {"type": "Point", "coordinates": [10.8127396, 59.8738121]}, "properties": {"id": 640967097, "feat_type": "way", "quality_categories": "wrong_mispelled_or_unlisted_values", "issue_ids": "[16]", "osm_url": "https://www.openstreetmap.org/way/640967097", "josm_url": "http://127.0.0.1:8111/load_object?new_layer=false&objects=w640967097", "id_url": "https://www.openstreetmap.org/edit?editor=id&way=640967097#map=20/59.8738121/10.8127396"}}, {"type": "Feature", "geometry": {"type": "Point", "coordinates": [10.7710277, 59.8352528]}, "properties": {"id": 642685425, "feat_type": "way", "quality_categories": "older_than_five_years, wrong_mispelled_or_unlisted_values", "issue_ids": "[2, 72]", "osm_url": "https://www.openstreetmap.org/way/642685425", "josm_url": "http://127.0.0.1:8111/load_object?new_layer=false&objects=w642685425", "id_url": "https://www.openstreetmap.org/edit?editor=id&way=642685425#map=20/59.8352528/10.7710277"}}, {"type": "Feature", "geometry": {"type": "Point", "coordinates": [10.7720914, 59.8342038]}, "properties": {"id": 642685426, "feat_type": "way", "quality_categories": "wrong_mispelled_or_unlisted_values", "issue_ids": "[2]", "osm_url": "https://www.openstreetmap.org/way/642685426", "josm_url": "http://127.0.0.1:8111/load_object?new_layer=false&objects=w642685426", "id_url": "https://www.openstreetmap.org/edit?editor=id&way=642685426#map=20/59.8342038/10.7720914"}}, {"type": "Feature", "geometry": {"type": "Point", "coordinates": [10.8865896, 59.9282414]}, "properties": {"id": 645877624, "feat_type": "way", "quality_categories": "wrong_mispelled_or_unlisted_values", "issue_ids": "[2]", "osm_url": "https://www.openstreetmap.org/way/645877624", "josm_url": "http://127.0.0.1:8111/load_object?new_layer=false&objects=w645877624", "id_url": "https://www.openstreetmap.org/edit?editor=id&way=645877624#map=20/59.9282414/10.8865896"}}, {"type": "Feature", "geometry": {"type": "Point", "coordinates": [10.8820388, 59.9296368]}, "properties": {"id": 647514019, "feat_type": "way", "quality_categories": "wrong_mispelled_or_unlisted_values", "issue_ids": "[2]", "osm_url": "https://www.openstreetmap.org/way/647514019", "josm_url": "http://127.0.0.1:8111/load_object?new_layer=false&objects=w647514019", "id_url": "https://www.openstreetmap.org/edit?editor=id&way=647514019#map=20/59.9296368/10.8820388"}}, {"type": "Feature", "geometry": {"type": "Point", "coordinates": [10.8817515, 59.9294205]}, "properties": {"id": 647514020, "feat_type": "way", "quality_categories": "wrong_mispelled_or_unlisted_values", "issue_ids": "[2]", "osm_url": "https://www.openstreetmap.org/way/647514020", "josm_url": "http://127.0.0.1:8111/load_object?new_layer=false&objects=w647514020", "id_url": "https://www.openstreetmap.org/edit?editor=id&way=647514020#map=20/59.9294205/10.8817515"}}, {"type": "Feature", "geometry": {"type": "Point", "coordinates": [10.8790565, 59.9298668]}, "properties": {"id": 648277807, "feat_type": "way", "quality_categories": "wrong_mispelled_or_unlisted_values", "issue_ids": "[2]", "osm_url": "https://www.openstreetmap.org/way/648277807", "josm_url": "http://127.0.0.1:8111/load_object?new_layer=false&objects=w648277807", "id_url": "https://www.openstreetmap.org/edit?editor=id&way=648277807#map=20/59.9298668/10.8790565"}}, {"type": "Feature", "geometry": {"type": "Point", "coordinates": [10.8812249, 59.9298339]}, "properties": {"id": 648277815, "feat_type": "way", "quality_categories": "wrong_mispelled_or_unlisted_values", "issue_ids": "[2]", "osm_url": "https://www.openstreetmap.org/way/648277815", "josm_url": "http://127.0.0.1:8111/load_object?new_layer=false&objects=w648277815", "id_url": "https://www.openstreetmap.org/edit?editor=id&way=648277815#map=20/59.9298339/10.8812249"}}, {"type": "Feature", "geometry": {"type": "Point", "coordinates": [10.8790297, 59.9298379]}, "properties": {"id": 648277818, "feat_type": "way", "quality_categories": "wrong_mispelled_or_unlisted_values", "issue_ids": "[2]", "osm_url": "https://www.openstreetmap.org/way/648277818", "josm_url": "http://127.0.0.1:8111/load_object?new_layer=false&objects=w648277818", "id_url": "https://www.openstreetmap.org/edit?editor=id&way=648277818#map=20/59.9298379/10.8790297"}}, {"type": "Feature", "geometry": {"type": "Point", "coordinates": [10.8805525, 59.9299381]}, "properties": {"id": 648277820, "feat_type": "way", "quality_categories": "wrong_mispelled_or_unlisted_values", "issue_ids": "[2]", "osm_url": "https://www.openstreetmap.org/way/648277820", "josm_url": "http://127.0.0.1:8111/load_object?new_layer=false&objects=w648277820", "id_url": "https://www.openstreetmap.org/edit?editor=id&way=648277820#map=20/59.9299381/10.8805525"}}, {"type": "Feature", "geometry": {"type": "Point", "coordinates": [10.891508, 59.935472]}, "properties": {"id": 648345454, "feat_type": "way", "quality_categories": "wrong_mispelled_or_unlisted_values", "issue_ids": "[38]", "osm_url": "https://www.openstreetmap.org/way/648345454", "josm_url": "http://127.0.0.1:8111/load_object?new_layer=false&objects=w648345454", "id_url": "https://www.openstreetmap.org/edit?editor=id&way=648345454#map=20/59.935472/10.891508"}}, {"type": "Feature", "geometry": {"type": "Point", "coordinates": [10.8466263, 59.9204779]}, "properties": {"id": 652471058, "feat_type": "way", "quality_categories": "wrong_mispelled_or_unlisted_values", "issue_ids": "[2]", "osm_url": "https://www.openstreetmap.org/way/652471058", "josm_url": "http://127.0.0.1:8111/load_object?new_layer=false&objects=w652471058", "id_url": "https://www.openstreetmap.org/edit?editor=id&way=652471058#map=20/59.9204779/10.8466263"}}, {"type": "Feature", "geometry": {"type": "Point", "coordinates": [10.8467782, 59.9205069]}, "properties": {"id": 652471060, "feat_type": "way", "quality_categories": "wrong_mispelled_or_unlisted_values", "issue_ids": "[2]", "osm_url": "https://www.openstreetmap.org/way/652471060", "josm_url": "http://127.0.0.1:8111/load_object?new_layer=false&objects=w652471060", "id_url": "https://www.openstreetmap.org/edit?editor=id&way=652471060#map=20/59.9205069/10.8467782"}}, {"type": "Feature", "geometry": {"type": "Point", "coordinates": [10.8404605, 59.9162823]}, "properties": {"id": 655157949, "feat_type": "way", "quality_categories": "wrong_mispelled_or_unlisted_values", "issue_ids": "[2]", "osm_url": "https://www.openstreetmap.org/way/655157949", "josm_url": "http://127.0.0.1:8111/load_object?new_layer=false&objects=w655157949", "id_url": "https://www.openstreetmap.org/edit?editor=id&way=655157949#map=20/59.9162823/10.8404605"}}, {"type": "Feature", "geometry": {"type": "Point", "coordinates": [10.8392837, 59.9151818]}, "properties": {"id": 655157950, "feat_type": "way", "quality_categories": "wrong_mispelled_or_unlisted_values", "issue_ids": "[2]", "osm_url": "https://www.openstreetmap.org/way/655157950", "josm_url": "http://127.0.0.1:8111/load_object?new_layer=false&objects=w655157950", "id_url": "https://www.openstreetmap.org/edit?editor=id&way=655157950#map=20/59.9151818/10.8392837"}}, {"type": "Feature", "geometry": {"type": "Point", "coordinates": [10.7426804, 59.9073926]}, "properties": {"id": 655241686, "feat_type": "way", "quality_categories": "wrong_mispelled_or_unlisted_values", "issue_ids": "[2]", "osm_url": "https://www.openstreetmap.org/way/655241686", "josm_url": "http://127.0.0.1:8111/load_object?new_layer=false&objects=w655241686", "id_url": "https://www.openstreetmap.org/edit?editor=id&way=655241686#map=20/59.9073926/10.7426804"}}, {"type": "Feature", "geometry": {"type": "Point", "coordinates": [10.8330208, 59.912818]}, "properties": {"id": 655246922, "feat_type": "way", "quality_categories": "wrong_mispelled_or_unlisted_values", "issue_ids": "[38]", "osm_url": "https://www.openstreetmap.org/way/655246922", "josm_url": "http://127.0.0.1:8111/load_object?new_layer=false&objects=w655246922", "id_url": "https://www.openstreetmap.org/edit?editor=id&way=655246922#map=20/59.912818/10.8330208"}}, {"type": "Feature", "geometry": {"type": "Point", "coordinates": [10.8169489, 59.9084277]}, "properties": {"id": 660873378, "feat_type": "way", "quality_categories": "wrong_mispelled_or_unlisted_values", "issue_ids": "[2]", "osm_url": "https://www.openstreetmap.org/way/660873378", "josm_url": "http://127.0.0.1:8111/load_object?new_layer=false&objects=w660873378", "id_url": "https://www.openstreetmap.org/edit?editor=id&way=660873378#map=20/59.9084277/10.8169489"}}, {"type": "Feature", "geometry": {"type": "Point", "coordinates": [10.8519199, 59.897378]}, "properties": {"id": 664920077, "feat_type": "way", "quality_categories": "older_than_five_years, wrong_mispelled_or_unlisted_values", "issue_ids": "[16, 119]", "osm_url": "https://www.openstreetmap.org/way/664920077", "josm_url": "http://127.0.0.1:8111/load_object?new_layer=false&objects=w664920077", "id_url": "https://www.openstreetmap.org/edit?editor=id&way=664920077#map=20/59.897378/10.8519199"}}, {"type": "Feature", "geometry": {"type": "Point", "coordinates": [10.818258312197734, 59.91682685]}, "properties": {"id": 667861021, "feat_type": "way", "quality_categories": "wrong_mispelled_or_unlisted_values", "issue_ids": "[2]", "osm_url": "https://www.openstreetmap.org/way/667861021", "josm_url": "http://127.0.0.1:8111/load_object?new_layer=false&objects=w667861021", "id_url": "https://www.openstreetmap.org/edit?editor=id&way=667861021#map=20/59.91682685/10.818258312197734"}}, {"type": "Feature", "geometry": {"type": "Point", "coordinates": [10.7660591, 59.9228507]}, "properties": {"id": 670185609, "feat_type": "way", "quality_categories": "wrong_mispelled_or_unlisted_values", "issue_ids": "[2]", "osm_url": "https://www.openstreetmap.org/way/670185609", "josm_url": "http://127.0.0.1:8111/load_object?new_layer=false&objects=w670185609", "id_url": "https://www.openstreetmap.org/edit?editor=id&way=670185609#map=20/59.9228507/10.7660591"}}, {"type": "Feature", "geometry": {"type": "Point", "coordinates": [10.7291016, 59.9188742]}, "properties": {"id": 671907353, "feat_type": "way", "quality_categories": "wrong_mispelled_or_unlisted_values", "issue_ids": "[7]", "osm_url": "https://www.openstreetmap.org/way/671907353", "josm_url": "http://127.0.0.1:8111/load_object?new_layer=false&objects=w671907353", "id_url": "https://www.openstreetmap.org/edit?editor=id&way=671907353#map=20/59.9188742/10.7291016"}}, {"type": "Feature", "geometry": {"type": "Point", "coordinates": [10.7298003, 59.9183936]}, "properties": {"id": 671907354, "feat_type": "way", "quality_categories": "wrong_mispelled_or_unlisted_values", "issue_ids": "[7]", "osm_url": "https://www.openstreetmap.org/way/671907354", "josm_url": "http://127.0.0.1:8111/load_object?new_layer=false&objects=w671907354", "id_url": "https://www.openstreetmap.org/edit?editor=id&way=671907354#map=20/59.9183936/10.7298003"}}, {"type": "Feature", "geometry": {"type": "Point", "coordinates": [10.7289319, 59.9189737]}, "properties": {"id": 671907355, "feat_type": "way", "quality_categories": "wrong_mispelled_or_unlisted_values", "issue_ids": "[7]", "osm_url": "https://www.openstreetmap.org/way/671907355", "josm_url": "http://127.0.0.1:8111/load_object?new_layer=false&objects=w671907355", "id_url": "https://www.openstreetmap.org/edit?editor=id&way=671907355#map=20/59.9189737/10.7289319"}}, {"type": "Feature", "geometry": {"type": "Point", "coordinates": [10.7450299, 59.9209415]}, "properties": {"id": 672476045, "feat_type": "way", "quality_categories": "wrong_mispelled_or_unlisted_values", "issue_ids": "[2]", "osm_url": "https://www.openstreetmap.org/way/672476045", "josm_url": "http://127.0.0.1:8111/load_object?new_layer=false&objects=w672476045", "id_url": "https://www.openstreetmap.org/edit?editor=id&way=672476045#map=20/59.9209415/10.7450299"}}, {"type": "Feature", "geometry": {"type": "Point", "coordinates": [10.7383001, 59.9198712]}, "properties": {"id": 672476054, "feat_type": "way", "quality_categories": "wrong_mispelled_or_unlisted_values", "issue_ids": "[2]", "osm_url": "https://www.openstreetmap.org/way/672476054", "josm_url": "http://127.0.0.1:8111/load_object?new_layer=false&objects=w672476054", "id_url": "https://www.openstreetmap.org/edit?editor=id&way=672476054#map=20/59.9198712/10.7383001"}}, {"type": "Feature", "geometry": {"type": "Point", "coordinates": [10.7005964, 59.9236157]}, "properties": {"id": 673686287, "feat_type": "way", "quality_categories": "wrong_mispelled_or_unlisted_values", "issue_ids": "[2]", "osm_url": "https://www.openstreetmap.org/way/673686287", "josm_url": "http://127.0.0.1:8111/load_object?new_layer=false&objects=w673686287", "id_url": "https://www.openstreetmap.org/edit?editor=id&way=673686287#map=20/59.9236157/10.7005964"}}, {"type": "Feature", "geometry": {"type": "Point", "coordinates": [10.7003048, 59.9257053]}, "properties": {"id": 673686291, "feat_type": "way", "quality_categories": "wrong_mispelled_or_unlisted_values", "issue_ids": "[2]", "osm_url": "https://www.openstreetmap.org/way/673686291", "josm_url": "http://127.0.0.1:8111/load_object?new_layer=false&objects=w673686291", "id_url": "https://www.openstreetmap.org/edit?editor=id&way=673686291#map=20/59.9257053/10.7003048"}}, {"type": "Feature", "geometry": {"type": "Point", "coordinates": [10.7445562, 59.9069463]}, "properties": {"id": 673902802, "feat_type": "way", "quality_categories": "wrong_mispelled_or_unlisted_values", "issue_ids": "[2]", "osm_url": "https://www.openstreetmap.org/way/673902802", "josm_url": "http://127.0.0.1:8111/load_object?new_layer=false&objects=w673902802", "id_url": "https://www.openstreetmap.org/edit?editor=id&way=673902802#map=20/59.9069463/10.7445562"}}, {"type": "Feature", "geometry": {"type": "Point", "coordinates": [10.7448365, 59.9070293]}, "properties": {"id": 673902803, "feat_type": "way", "quality_categories": "wrong_mispelled_or_unlisted_values", "issue_ids": "[2]", "osm_url": "https://www.openstreetmap.org/way/673902803", "josm_url": "http://127.0.0.1:8111/load_object?new_layer=false&objects=w673902803", "id_url": "https://www.openstreetmap.org/edit?editor=id&way=673902803#map=20/59.9070293/10.7448365"}}, {"type": "Feature", "geometry": {"type": "Point", "coordinates": [10.7050445, 59.9301341]}, "properties": {"id": 674027718, "feat_type": "way", "quality_categories": "wrong_mispelled_or_unlisted_values", "issue_ids": "[2]", "osm_url": "https://www.openstreetmap.org/way/674027718", "josm_url": "http://127.0.0.1:8111/load_object?new_layer=false&objects=w674027718", "id_url": "https://www.openstreetmap.org/edit?editor=id&way=674027718#map=20/59.9301341/10.7050445"}}, {"type": "Feature", "geometry": {"type": "Point", "coordinates": [10.7056578, 59.9299303]}, "properties": {"id": 674027722, "feat_type": "way", "quality_categories": "wrong_mispelled_or_unlisted_values", "issue_ids": "[2]", "osm_url": "https://www.openstreetmap.org/way/674027722", "josm_url": "http://127.0.0.1:8111/load_object?new_layer=false&objects=w674027722", "id_url": "https://www.openstreetmap.org/edit?editor=id&way=674027722#map=20/59.9299303/10.7056578"}}, {"type": "Feature", "geometry": {"type": "Point", "coordinates": [10.8177959, 59.9059047]}, "properties": {"id": 674029174, "feat_type": "way", "quality_categories": "older_than_five_years, wrong_mispelled_or_unlisted_values", "issue_ids": "[5, 82]", "osm_url": "https://www.openstreetmap.org/way/674029174", "josm_url": "http://127.0.0.1:8111/load_object?new_layer=false&objects=w674029174", "id_url": "https://www.openstreetmap.org/edit?editor=id&way=674029174#map=20/59.9059047/10.8177959"}}, {"type": "Feature", "geometry": {"type": "Point", "coordinates": [10.7529924, 59.9017348]}, "properties": {"id": 674757469, "feat_type": "way", "quality_categories": "wrong_mispelled_or_unlisted_values", "issue_ids": "[2]", "osm_url": "https://www.openstreetmap.org/way/674757469", "josm_url": "http://127.0.0.1:8111/load_object?new_layer=false&objects=w674757469", "id_url": "https://www.openstreetmap.org/edit?editor=id&way=674757469#map=20/59.9017348/10.7529924"}}, {"type": "Feature", "geometry": {"type": "Point", "coordinates": [10.8311479, 59.8345986]}, "properties": {"id": 676998418, "feat_type": "way", "quality_categories": "older_than_five_years, wrong_mispelled_or_unlisted_values", "issue_ids": "[7, 120]", "osm_url": "https://www.openstreetmap.org/way/676998418", "josm_url": "http://127.0.0.1:8111/load_object?new_layer=false&objects=w676998418", "id_url": "https://www.openstreetmap.org/edit?editor=id&way=676998418#map=20/59.8345986/10.8311479"}}, {"type": "Feature", "geometry": {"type": "Point", "coordinates": [10.8311472, 59.8319214]}, "properties": {"id": 676998431, "feat_type": "way", "quality_categories": "older_than_five_years, wrong_mispelled_or_unlisted_values", "issue_ids": "[7, 120]", "osm_url": "https://www.openstreetmap.org/way/676998431", "josm_url": "http://127.0.0.1:8111/load_object?new_layer=false&objects=w676998431", "id_url": "https://www.openstreetmap.org/edit?editor=id&way=676998431#map=20/59.8319214/10.8311472"}}, {"type": "Feature", "geometry": {"type": "Point", "coordinates": [10.7512087, 59.9225346]}, "properties": {"id": 677234879, "feat_type": "way", "quality_categories": "wrong_mispelled_or_unlisted_values", "issue_ids": "[28]", "osm_url": "https://www.openstreetmap.org/way/677234879", "josm_url": "http://127.0.0.1:8111/load_object?new_layer=false&objects=w677234879", "id_url": "https://www.openstreetmap.org/edit?editor=id&way=677234879#map=20/59.9225346/10.7512087"}}, {"type": "Feature", "geometry": {"type": "Point", "coordinates": [10.80702, 59.8438367]}, "properties": {"id": 677443861, "feat_type": "way", "quality_categories": "wrong_mispelled_or_unlisted_values", "issue_ids": "[2]", "osm_url": "https://www.openstreetmap.org/way/677443861", "josm_url": "http://127.0.0.1:8111/load_object?new_layer=false&objects=w677443861", "id_url": "https://www.openstreetmap.org/edit?editor=id&way=677443861#map=20/59.8438367/10.80702"}}, {"type": "Feature", "geometry": {"type": "Point", "coordinates": [10.806565, 59.8437822]}, "properties": {"id": 678806245, "feat_type": "way", "quality_categories": "wrong_mispelled_or_unlisted_values", "issue_ids": "[16]", "osm_url": "https://www.openstreetmap.org/way/678806245", "josm_url": "http://127.0.0.1:8111/load_object?new_layer=false&objects=w678806245", "id_url": "https://www.openstreetmap.org/edit?editor=id&way=678806245#map=20/59.8437822/10.806565"}}, {"type": "Feature", "geometry": {"type": "Point", "coordinates": [10.8050383, 59.8371608]}, "properties": {"id": 679305479, "feat_type": "way", "quality_categories": "wrong_mispelled_or_unlisted_values", "issue_ids": "[16]", "osm_url": "https://www.openstreetmap.org/way/679305479", "josm_url": "http://127.0.0.1:8111/load_object?new_layer=false&objects=w679305479", "id_url": "https://www.openstreetmap.org/edit?editor=id&way=679305479#map=20/59.8371608/10.8050383"}}, {"type": "Feature", "geometry": {"type": "Point", "coordinates": [10.80643, 59.837254]}, "properties": {"id": 679646328, "feat_type": "way", "quality_categories": "wrong_mispelled_or_unlisted_values", "issue_ids": "[2]", "osm_url": "https://www.openstreetmap.org/way/679646328", "josm_url": "http://127.0.0.1:8111/load_object?new_layer=false&objects=w679646328", "id_url": "https://www.openstreetmap.org/edit?editor=id&way=679646328#map=20/59.837254/10.80643"}}, {"type": "Feature", "geometry": {"type": "Point", "coordinates": [10.7911891, 59.9170247]}, "properties": {"id": 680990939, "feat_type": "way", "quality_categories": "older_than_five_years, wrong_mispelled_or_unlisted_values", "issue_ids": "[5, 121]", "osm_url": "https://www.openstreetmap.org/way/680990939", "josm_url": "http://127.0.0.1:8111/load_object?new_layer=false&objects=w680990939", "id_url": "https://www.openstreetmap.org/edit?editor=id&way=680990939#map=20/59.9170247/10.7911891"}}, {"type": "Feature", "geometry": {"type": "Point", "coordinates": [10.7943547, 59.8319562]}, "properties": {"id": 681740295, "feat_type": "way", "quality_categories": "wrong_mispelled_or_unlisted_values", "issue_ids": "[16]", "osm_url": "https://www.openstreetmap.org/way/681740295", "josm_url": "http://127.0.0.1:8111/load_object?new_layer=false&objects=w681740295", "id_url": "https://www.openstreetmap.org/edit?editor=id&way=681740295#map=20/59.8319562/10.7943547"}}, {"type": "Feature", "geometry": {"type": "Point", "coordinates": [10.7292706, 59.9165934]}, "properties": {"id": 682904337, "feat_type": "way", "quality_categories": "wrong_mispelled_or_unlisted_values", "issue_ids": "[0]", "osm_url": "https://www.openstreetmap.org/way/682904337", "josm_url": "http://127.0.0.1:8111/load_object?new_layer=false&objects=w682904337", "id_url": "https://www.openstreetmap.org/edit?editor=id&way=682904337#map=20/59.9165934/10.7292706"}}, {"type": "Feature", "geometry": {"type": "Point", "coordinates": [10.7295267, 59.9169137]}, "properties": {"id": 682904338, "feat_type": "way", "quality_categories": "wrong_mispelled_or_unlisted_values", "issue_ids": "[0]", "osm_url": "https://www.openstreetmap.org/way/682904338", "josm_url": "http://127.0.0.1:8111/load_object?new_layer=false&objects=w682904338", "id_url": "https://www.openstreetmap.org/edit?editor=id&way=682904338#map=20/59.9169137/10.7295267"}}, {"type": "Feature", "geometry": {"type": "Point", "coordinates": [10.7251735, 59.9176612]}, "properties": {"id": 682910585, "feat_type": "way", "quality_categories": "wrong_mispelled_or_unlisted_values", "issue_ids": "[18]", "osm_url": "https://www.openstreetmap.org/way/682910585", "josm_url": "http://127.0.0.1:8111/load_object?new_layer=false&objects=w682910585", "id_url": "https://www.openstreetmap.org/edit?editor=id&way=682910585#map=20/59.9176612/10.7251735"}}, {"type": "Feature", "geometry": {"type": "Point", "coordinates": [10.8227901, 59.8601494]}, "properties": {"id": 683103481, "feat_type": "way", "quality_categories": "wrong_mispelled_or_unlisted_values", "issue_ids": "[2]", "osm_url": "https://www.openstreetmap.org/way/683103481", "josm_url": "http://127.0.0.1:8111/load_object?new_layer=false&objects=w683103481", "id_url": "https://www.openstreetmap.org/edit?editor=id&way=683103481#map=20/59.8601494/10.8227901"}}, {"type": "Feature", "geometry": {"type": "Point", "coordinates": [10.7336171, 59.9165604]}, "properties": {"id": 683934488, "feat_type": "way", "quality_categories": "wrong_mispelled_or_unlisted_values", "issue_ids": "[2]", "osm_url": "https://www.openstreetmap.org/way/683934488", "josm_url": "http://127.0.0.1:8111/load_object?new_layer=false&objects=w683934488", "id_url": "https://www.openstreetmap.org/edit?editor=id&way=683934488#map=20/59.9165604/10.7336171"}}, {"type": "Feature", "geometry": {"type": "Point", "coordinates": [10.73274, 59.9158307]}, "properties": {"id": 683934489, "feat_type": "way", "quality_categories": "older_than_five_years, wrong_mispelled_or_unlisted_values", "issue_ids": "[2, 19]", "osm_url": "https://www.openstreetmap.org/way/683934489", "josm_url": "http://127.0.0.1:8111/load_object?new_layer=false&objects=w683934489", "id_url": "https://www.openstreetmap.org/edit?editor=id&way=683934489#map=20/59.9158307/10.73274"}}, {"type": "Feature", "geometry": {"type": "Point", "coordinates": [10.7290761, 59.9173654]}, "properties": {"id": 683934499, "feat_type": "way", "quality_categories": "wrong_mispelled_or_unlisted_values", "issue_ids": "[0]", "osm_url": "https://www.openstreetmap.org/way/683934499", "josm_url": "http://127.0.0.1:8111/load_object?new_layer=false&objects=w683934499", "id_url": "https://www.openstreetmap.org/edit?editor=id&way=683934499#map=20/59.9173654/10.7290761"}}, {"type": "Feature", "geometry": {"type": "Point", "coordinates": [10.7275258, 59.9164626]}, "properties": {"id": 683934501, "feat_type": "way", "quality_categories": "wrong_mispelled_or_unlisted_values", "issue_ids": "[0]", "osm_url": "https://www.openstreetmap.org/way/683934501", "josm_url": "http://127.0.0.1:8111/load_object?new_layer=false&objects=w683934501", "id_url": "https://www.openstreetmap.org/edit?editor=id&way=683934501#map=20/59.9164626/10.7275258"}}, {"type": "Feature", "geometry": {"type": "Point", "coordinates": [10.7319996, 59.9154872]}, "properties": {"id": 683937961, "feat_type": "way", "quality_categories": "older_than_five_years, wrong_mispelled_or_unlisted_values", "issue_ids": "[2, 19]", "osm_url": "https://www.openstreetmap.org/way/683937961", "josm_url": "http://127.0.0.1:8111/load_object?new_layer=false&objects=w683937961", "id_url": "https://www.openstreetmap.org/edit?editor=id&way=683937961#map=20/59.9154872/10.7319996"}}, {"type": "Feature", "geometry": {"type": "Point", "coordinates": [10.731872, 59.9154872]}, "properties": {"id": 683937962, "feat_type": "way", "quality_categories": "older_than_five_years, wrong_mispelled_or_unlisted_values", "issue_ids": "[2, 19]", "osm_url": "https://www.openstreetmap.org/way/683937962", "josm_url": "http://127.0.0.1:8111/load_object?new_layer=false&objects=w683937962", "id_url": "https://www.openstreetmap.org/edit?editor=id&way=683937962#map=20/59.9154872/10.731872"}}, {"type": "Feature", "geometry": {"type": "Point", "coordinates": [10.7316996, 59.9154948]}, "properties": {"id": 683937963, "feat_type": "way", "quality_categories": "older_than_five_years, wrong_mispelled_or_unlisted_values", "issue_ids": "[2, 19]", "osm_url": "https://www.openstreetmap.org/way/683937963", "josm_url": "http://127.0.0.1:8111/load_object?new_layer=false&objects=w683937963", "id_url": "https://www.openstreetmap.org/edit?editor=id&way=683937963#map=20/59.9154948/10.7316996"}}, {"type": "Feature", "geometry": {"type": "Point", "coordinates": [10.7312149, 59.915487]}, "properties": {"id": 683937970, "feat_type": "way", "quality_categories": "older_than_five_years, wrong_mispelled_or_unlisted_values", "issue_ids": "[2, 19]", "osm_url": "https://www.openstreetmap.org/way/683937970", "josm_url": "http://127.0.0.1:8111/load_object?new_layer=false&objects=w683937970", "id_url": "https://www.openstreetmap.org/edit?editor=id&way=683937970#map=20/59.915487/10.7312149"}}, {"type": "Feature", "geometry": {"type": "Point", "coordinates": [10.7308551, 59.9154712]}, "properties": {"id": 683937976, "feat_type": "way", "quality_categories": "older_than_five_years, wrong_mispelled_or_unlisted_values", "issue_ids": "[2, 19]", "osm_url": "https://www.openstreetmap.org/way/683937976", "josm_url": "http://127.0.0.1:8111/load_object?new_layer=false&objects=w683937976", "id_url": "https://www.openstreetmap.org/edit?editor=id&way=683937976#map=20/59.9154712/10.7308551"}}, {"type": "Feature", "geometry": {"type": "Point", "coordinates": [10.7290447, 59.916318]}, "properties": {"id": 683937983, "feat_type": "way", "quality_categories": "wrong_mispelled_or_unlisted_values", "issue_ids": "[0]", "osm_url": "https://www.openstreetmap.org/way/683937983", "josm_url": "http://127.0.0.1:8111/load_object?new_layer=false&objects=w683937983", "id_url": "https://www.openstreetmap.org/edit?editor=id&way=683937983#map=20/59.916318/10.7290447"}}, {"type": "Feature", "geometry": {"type": "Point", "coordinates": [10.7293416, 59.9155651]}, "properties": {"id": 683937984, "feat_type": "way", "quality_categories": "older_than_five_years, wrong_mispelled_or_unlisted_values", "issue_ids": "[2, 122]", "osm_url": "https://www.openstreetmap.org/way/683937984", "josm_url": "http://127.0.0.1:8111/load_object?new_layer=false&objects=w683937984", "id_url": "https://www.openstreetmap.org/edit?editor=id&way=683937984#map=20/59.9155651/10.7293416"}}, {"type": "Feature", "geometry": {"type": "Point", "coordinates": [10.8008051, 59.8429391]}, "properties": {"id": 686252318, "feat_type": "way", "quality_categories": "wrong_mispelled_or_unlisted_values", "issue_ids": "[2]", "osm_url": "https://www.openstreetmap.org/way/686252318", "josm_url": "http://127.0.0.1:8111/load_object?new_layer=false&objects=w686252318", "id_url": "https://www.openstreetmap.org/edit?editor=id&way=686252318#map=20/59.8429391/10.8008051"}}, {"type": "Feature", "geometry": {"type": "Point", "coordinates": [10.7939274, 59.8416554]}, "properties": {"id": 686275417, "feat_type": "way", "quality_categories": "older_than_five_years, wrong_mispelled_or_unlisted_values", "issue_ids": "[2, 123]", "osm_url": "https://www.openstreetmap.org/way/686275417", "josm_url": "http://127.0.0.1:8111/load_object?new_layer=false&objects=w686275417", "id_url": "https://www.openstreetmap.org/edit?editor=id&way=686275417#map=20/59.8416554/10.7939274"}}, {"type": "Feature", "geometry": {"type": "Point", "coordinates": [10.7704348, 59.8381429]}, "properties": {"id": 686402598, "feat_type": "way", "quality_categories": "wrong_mispelled_or_unlisted_values", "issue_ids": "[2]", "osm_url": "https://www.openstreetmap.org/way/686402598", "josm_url": "http://127.0.0.1:8111/load_object?new_layer=false&objects=w686402598", "id_url": "https://www.openstreetmap.org/edit?editor=id&way=686402598#map=20/59.8381429/10.7704348"}}, {"type": "Feature", "geometry": {"type": "Point", "coordinates": [10.7696791, 59.83689]}, "properties": {"id": 686402602, "feat_type": "way", "quality_categories": "wrong_mispelled_or_unlisted_values", "issue_ids": "[2]", "osm_url": "https://www.openstreetmap.org/way/686402602", "josm_url": "http://127.0.0.1:8111/load_object?new_layer=false&objects=w686402602", "id_url": "https://www.openstreetmap.org/edit?editor=id&way=686402602#map=20/59.83689/10.7696791"}}, {"type": "Feature", "geometry": {"type": "Point", "coordinates": [10.7697264, 59.8365812]}, "properties": {"id": 686402605, "feat_type": "way", "quality_categories": "wrong_mispelled_or_unlisted_values", "issue_ids": "[2]", "osm_url": "https://www.openstreetmap.org/way/686402605", "josm_url": "http://127.0.0.1:8111/load_object?new_layer=false&objects=w686402605", "id_url": "https://www.openstreetmap.org/edit?editor=id&way=686402605#map=20/59.8365812/10.7697264"}}, {"type": "Feature", "geometry": {"type": "Point", "coordinates": [10.7901554, 59.8264088]}, "properties": {"id": 687439779, "feat_type": "way", "quality_categories": "wrong_mispelled_or_unlisted_values", "issue_ids": "[2]", "osm_url": "https://www.openstreetmap.org/way/687439779", "josm_url": "http://127.0.0.1:8111/load_object?new_layer=false&objects=w687439779", "id_url": "https://www.openstreetmap.org/edit?editor=id&way=687439779#map=20/59.8264088/10.7901554"}}, {"type": "Feature", "geometry": {"type": "Point", "coordinates": [10.7896431, 59.826639]}, "properties": {"id": 687439780, "feat_type": "way", "quality_categories": "wrong_mispelled_or_unlisted_values", "issue_ids": "[2]", "osm_url": "https://www.openstreetmap.org/way/687439780", "josm_url": "http://127.0.0.1:8111/load_object?new_layer=false&objects=w687439780", "id_url": "https://www.openstreetmap.org/edit?editor=id&way=687439780#map=20/59.826639/10.7896431"}}, {"type": "Feature", "geometry": {"type": "Point", "coordinates": [10.7941898, 59.831999]}, "properties": {"id": 688042782, "feat_type": "way", "quality_categories": "wrong_mispelled_or_unlisted_values", "issue_ids": "[16]", "osm_url": "https://www.openstreetmap.org/way/688042782", "josm_url": "http://127.0.0.1:8111/load_object?new_layer=false&objects=w688042782", "id_url": "https://www.openstreetmap.org/edit?editor=id&way=688042782#map=20/59.831999/10.7941898"}}, {"type": "Feature", "geometry": {"type": "Point", "coordinates": [10.787961, 59.8345576]}, "properties": {"id": 689767074, "feat_type": "way", "quality_categories": "wrong_mispelled_or_unlisted_values", "issue_ids": "[124]", "osm_url": "https://www.openstreetmap.org/way/689767074", "josm_url": "http://127.0.0.1:8111/load_object?new_layer=false&objects=w689767074", "id_url": "https://www.openstreetmap.org/edit?editor=id&way=689767074#map=20/59.8345576/10.787961"}}, {"type": "Feature", "geometry": {"type": "Point", "coordinates": [10.7939883, 59.8318053]}, "properties": {"id": 690628891, "feat_type": "way", "quality_categories": "wrong_mispelled_or_unlisted_values", "issue_ids": "[18]", "osm_url": "https://www.openstreetmap.org/way/690628891", "josm_url": "http://127.0.0.1:8111/load_object?new_layer=false&objects=w690628891", "id_url": "https://www.openstreetmap.org/edit?editor=id&way=690628891#map=20/59.8318053/10.7939883"}}, {"type": "Feature", "geometry": {"type": "Point", "coordinates": [10.7924065, 59.837967]}, "properties": {"id": 690801920, "feat_type": "way", "quality_categories": "wrong_mispelled_or_unlisted_values", "issue_ids": "[18]", "osm_url": "https://www.openstreetmap.org/way/690801920", "josm_url": "http://127.0.0.1:8111/load_object?new_layer=false&objects=w690801920", "id_url": "https://www.openstreetmap.org/edit?editor=id&way=690801920#map=20/59.837967/10.7924065"}}, {"type": "Feature", "geometry": {"type": "Point", "coordinates": [10.8483745, 59.8622146]}, "properties": {"id": 691045002, "feat_type": "way", "quality_categories": "wrong_mispelled_or_unlisted_values", "issue_ids": "[18]", "osm_url": "https://www.openstreetmap.org/way/691045002", "josm_url": "http://127.0.0.1:8111/load_object?new_layer=false&objects=w691045002", "id_url": "https://www.openstreetmap.org/edit?editor=id&way=691045002#map=20/59.8622146/10.8483745"}}, {"type": "Feature", "geometry": {"type": "Point", "coordinates": [10.823921, 59.8610069]}, "properties": {"id": 702424656, "feat_type": "way", "quality_categories": "wrong_mispelled_or_unlisted_values", "issue_ids": "[16]", "osm_url": "https://www.openstreetmap.org/way/702424656", "josm_url": "http://127.0.0.1:8111/load_object?new_layer=false&objects=w702424656", "id_url": "https://www.openstreetmap.org/edit?editor=id&way=702424656#map=20/59.8610069/10.823921"}}, {"type": "Feature", "geometry": {"type": "Point", "coordinates": [10.8214569, 59.8604386]}, "properties": {"id": 702425918, "feat_type": "way", "quality_categories": "wrong_mispelled_or_unlisted_values", "issue_ids": "[16]", "osm_url": "https://www.openstreetmap.org/way/702425918", "josm_url": "http://127.0.0.1:8111/load_object?new_layer=false&objects=w702425918", "id_url": "https://www.openstreetmap.org/edit?editor=id&way=702425918#map=20/59.8604386/10.8214569"}}, {"type": "Feature", "geometry": {"type": "Point", "coordinates": [10.8223479, 59.8603484]}, "properties": {"id": 702507689, "feat_type": "way", "quality_categories": "wrong_mispelled_or_unlisted_values", "issue_ids": "[2]", "osm_url": "https://www.openstreetmap.org/way/702507689", "josm_url": "http://127.0.0.1:8111/load_object?new_layer=false&objects=w702507689", "id_url": "https://www.openstreetmap.org/edit?editor=id&way=702507689#map=20/59.8603484/10.8223479"}}, {"type": "Feature", "geometry": {"type": "Point", "coordinates": [10.8277073, 59.8617829]}, "properties": {"id": 702507696, "feat_type": "way", "quality_categories": "wrong_mispelled_or_unlisted_values", "issue_ids": "[2]", "osm_url": "https://www.openstreetmap.org/way/702507696", "josm_url": "http://127.0.0.1:8111/load_object?new_layer=false&objects=w702507696", "id_url": "https://www.openstreetmap.org/edit?editor=id&way=702507696#map=20/59.8617829/10.8277073"}}, {"type": "Feature", "geometry": {"type": "Point", "coordinates": [10.6571265, 60.0449213]}, "properties": {"id": 703435540, "feat_type": "way", "quality_categories": "wrong_mispelled_or_unlisted_values", "issue_ids": "[26]", "osm_url": "https://www.openstreetmap.org/way/703435540", "josm_url": "http://127.0.0.1:8111/load_object?new_layer=false&objects=w703435540", "id_url": "https://www.openstreetmap.org/edit?editor=id&way=703435540#map=20/60.0449213/10.6571265"}}, {"type": "Feature", "geometry": {"type": "Point", "coordinates": [10.6754777, 60.0391315]}, "properties": {"id": 703435546, "feat_type": "way", "quality_categories": "wrong_mispelled_or_unlisted_values", "issue_ids": "[125]", "osm_url": "https://www.openstreetmap.org/way/703435546", "josm_url": "http://127.0.0.1:8111/load_object?new_layer=false&objects=w703435546", "id_url": "https://www.openstreetmap.org/edit?editor=id&way=703435546#map=20/60.0391315/10.6754777"}}, {"type": "Feature", "geometry": {"type": "Point", "coordinates": [10.6628644, 60.0229652]}, "properties": {"id": 703500660, "feat_type": "way", "quality_categories": "older_than_five_years, wrong_mispelled_or_unlisted_values", "issue_ids": "[26, 126]", "osm_url": "https://www.openstreetmap.org/way/703500660", "josm_url": "http://127.0.0.1:8111/load_object?new_layer=false&objects=w703500660", "id_url": "https://www.openstreetmap.org/edit?editor=id&way=703500660#map=20/60.0229652/10.6628644"}}, {"type": "Feature", "geometry": {"type": "Point", "coordinates": [10.7311201, 59.8964736]}, "properties": {"id": 704143293, "feat_type": "way", "quality_categories": "wrong_mispelled_or_unlisted_values", "issue_ids": "[2]", "osm_url": "https://www.openstreetmap.org/way/704143293", "josm_url": "http://127.0.0.1:8111/load_object?new_layer=false&objects=w704143293", "id_url": "https://www.openstreetmap.org/edit?editor=id&way=704143293#map=20/59.8964736/10.7311201"}}, {"type": "Feature", "geometry": {"type": "Point", "coordinates": [10.7276089, 59.8947465]}, "properties": {"id": 704143294, "feat_type": "way", "quality_categories": "wrong_mispelled_or_unlisted_values", "issue_ids": "[2]", "osm_url": "https://www.openstreetmap.org/way/704143294", "josm_url": "http://127.0.0.1:8111/load_object?new_layer=false&objects=w704143294", "id_url": "https://www.openstreetmap.org/edit?editor=id&way=704143294#map=20/59.8947465/10.7276089"}}, {"type": "Feature", "geometry": {"type": "Point", "coordinates": [10.7291088, 59.8953293]}, "properties": {"id": 704143296, "feat_type": "way", "quality_categories": "wrong_mispelled_or_unlisted_values", "issue_ids": "[2]", "osm_url": "https://www.openstreetmap.org/way/704143296", "josm_url": "http://127.0.0.1:8111/load_object?new_layer=false&objects=w704143296", "id_url": "https://www.openstreetmap.org/edit?editor=id&way=704143296#map=20/59.8953293/10.7291088"}}, {"type": "Feature", "geometry": {"type": "Point", "coordinates": [10.8335897, 59.8817047]}, "properties": {"id": 704705742, "feat_type": "way", "quality_categories": "wrong_mispelled_or_unlisted_values", "issue_ids": "[2]", "osm_url": "https://www.openstreetmap.org/way/704705742", "josm_url": "http://127.0.0.1:8111/load_object?new_layer=false&objects=w704705742", "id_url": "https://www.openstreetmap.org/edit?editor=id&way=704705742#map=20/59.8817047/10.8335897"}}, {"type": "Feature", "geometry": {"type": "Point", "coordinates": [10.827223, 59.9477855]}, "properties": {"id": 707268988, "feat_type": "way", "quality_categories": "older_than_five_years, wrong_mispelled_or_unlisted_values", "issue_ids": "[2, 127]", "osm_url": "https://www.openstreetmap.org/way/707268988", "josm_url": "http://127.0.0.1:8111/load_object?new_layer=false&objects=w707268988", "id_url": "https://www.openstreetmap.org/edit?editor=id&way=707268988#map=20/59.9477855/10.827223"}}, {"type": "Feature", "geometry": {"type": "Point", "coordinates": [10.7878528, 59.9049556]}, "properties": {"id": 709823788, "feat_type": "way", "quality_categories": "older_than_five_years, wrong_mispelled_or_unlisted_values", "issue_ids": "[5, 128]", "osm_url": "https://www.openstreetmap.org/way/709823788", "josm_url": "http://127.0.0.1:8111/load_object?new_layer=false&objects=w709823788", "id_url": "https://www.openstreetmap.org/edit?editor=id&way=709823788#map=20/59.9049556/10.7878528"}}, {"type": "Feature", "geometry": {"type": "Point", "coordinates": [10.7878376, 59.9050212]}, "properties": {"id": 709823789, "feat_type": "way", "quality_categories": "wrong_mispelled_or_unlisted_values", "issue_ids": "[5]", "osm_url": "https://www.openstreetmap.org/way/709823789", "josm_url": "http://127.0.0.1:8111/load_object?new_layer=false&objects=w709823789", "id_url": "https://www.openstreetmap.org/edit?editor=id&way=709823789#map=20/59.9050212/10.7878376"}}, {"type": "Feature", "geometry": {"type": "Point", "coordinates": [10.7878528, 59.9049556]}, "properties": {"id": 709823792, "feat_type": "way", "quality_categories": "wrong_mispelled_or_unlisted_values", "issue_ids": "[5]", "osm_url": "https://www.openstreetmap.org/way/709823792", "josm_url": "http://127.0.0.1:8111/load_object?new_layer=false&objects=w709823792", "id_url": "https://www.openstreetmap.org/edit?editor=id&way=709823792#map=20/59.9049556/10.7878528"}}, {"type": "Feature", "geometry": {"type": "Point", "coordinates": [10.8006807, 59.9053485]}, "properties": {"id": 709873575, "feat_type": "way", "quality_categories": "wrong_mispelled_or_unlisted_values", "issue_ids": "[2]", "osm_url": "https://www.openstreetmap.org/way/709873575", "josm_url": "http://127.0.0.1:8111/load_object?new_layer=false&objects=w709873575", "id_url": "https://www.openstreetmap.org/edit?editor=id&way=709873575#map=20/59.9053485/10.8006807"}}, {"type": "Feature", "geometry": {"type": "Point", "coordinates": [10.8956936, 59.9702908]}, "properties": {"id": 711718368, "feat_type": "way", "quality_categories": "wrong_mispelled_or_unlisted_values", "issue_ids": "[18]", "osm_url": "https://www.openstreetmap.org/way/711718368", "josm_url": "http://127.0.0.1:8111/load_object?new_layer=false&objects=w711718368", "id_url": "https://www.openstreetmap.org/edit?editor=id&way=711718368#map=20/59.9702908/10.8956936"}}, {"type": "Feature", "geometry": {"type": "Point", "coordinates": [10.9006423, 59.9704195]}, "properties": {"id": 711832638, "feat_type": "way", "quality_categories": "older_than_five_years, wrong_mispelled_or_unlisted_values", "issue_ids": "[2, 36]", "osm_url": "https://www.openstreetmap.org/way/711832638", "josm_url": "http://127.0.0.1:8111/load_object?new_layer=false&objects=w711832638", "id_url": "https://www.openstreetmap.org/edit?editor=id&way=711832638#map=20/59.9704195/10.9006423"}}, {"type": "Feature", "geometry": {"type": "Point", "coordinates": [10.8992328, 59.9714792]}, "properties": {"id": 711858423, "feat_type": "way", "quality_categories": "older_than_five_years, wrong_mispelled_or_unlisted_values", "issue_ids": "[2, 36]", "osm_url": "https://www.openstreetmap.org/way/711858423", "josm_url": "http://127.0.0.1:8111/load_object?new_layer=false&objects=w711858423", "id_url": "https://www.openstreetmap.org/edit?editor=id&way=711858423#map=20/59.9714792/10.8992328"}}, {"type": "Feature", "geometry": {"type": "Point", "coordinates": [10.8980177, 59.9679656]}, "properties": {"id": 712520679, "feat_type": "way", "quality_categories": "older_than_five_years, wrong_mispelled_or_unlisted_values", "issue_ids": "[2, 129]", "osm_url": "https://www.openstreetmap.org/way/712520679", "josm_url": "http://127.0.0.1:8111/load_object?new_layer=false&objects=w712520679", "id_url": "https://www.openstreetmap.org/edit?editor=id&way=712520679#map=20/59.9679656/10.8980177"}}, {"type": "Feature", "geometry": {"type": "Point", "coordinates": [10.8988508, 59.9689204]}, "properties": {"id": 712520680, "feat_type": "way", "quality_categories": "wrong_mispelled_or_unlisted_values", "issue_ids": "[2]", "osm_url": "https://www.openstreetmap.org/way/712520680", "josm_url": "http://127.0.0.1:8111/load_object?new_layer=false&objects=w712520680", "id_url": "https://www.openstreetmap.org/edit?editor=id&way=712520680#map=20/59.9689204/10.8988508"}}, {"type": "Feature", "geometry": {"type": "Point", "coordinates": [10.8986618, 59.9679267]}, "properties": {"id": 712520682, "feat_type": "way", "quality_categories": "older_than_five_years, wrong_mispelled_or_unlisted_values", "issue_ids": "[2, 51]", "osm_url": "https://www.openstreetmap.org/way/712520682", "josm_url": "http://127.0.0.1:8111/load_object?new_layer=false&objects=w712520682", "id_url": "https://www.openstreetmap.org/edit?editor=id&way=712520682#map=20/59.9679267/10.8986618"}}, {"type": "Feature", "geometry": {"type": "Point", "coordinates": [10.8986055, 59.9679185]}, "properties": {"id": 712520683, "feat_type": "way", "quality_categories": "older_than_five_years, wrong_mispelled_or_unlisted_values", "issue_ids": "[2, 129]", "osm_url": "https://www.openstreetmap.org/way/712520683", "josm_url": "http://127.0.0.1:8111/load_object?new_layer=false&objects=w712520683", "id_url": "https://www.openstreetmap.org/edit?editor=id&way=712520683#map=20/59.9679185/10.8986055"}}, {"type": "Feature", "geometry": {"type": "Point", "coordinates": [10.8992511, 59.9681813]}, "properties": {"id": 712520695, "feat_type": "way", "quality_categories": "older_than_five_years, wrong_mispelled_or_unlisted_values", "issue_ids": "[2, 129]", "osm_url": "https://www.openstreetmap.org/way/712520695", "josm_url": "http://127.0.0.1:8111/load_object?new_layer=false&objects=w712520695", "id_url": "https://www.openstreetmap.org/edit?editor=id&way=712520695#map=20/59.9681813/10.8992511"}}, {"type": "Feature", "geometry": {"type": "Point", "coordinates": [10.7701609, 59.9042181]}, "properties": {"id": 712535760, "feat_type": "way", "quality_categories": "older_than_five_years, wrong_mispelled_or_unlisted_values", "issue_ids": "[2, 130]", "osm_url": "https://www.openstreetmap.org/way/712535760", "josm_url": "http://127.0.0.1:8111/load_object?new_layer=false&objects=w712535760", "id_url": "https://www.openstreetmap.org/edit?editor=id&way=712535760#map=20/59.9042181/10.7701609"}}, {"type": "Feature", "geometry": {"type": "Point", "coordinates": [10.7716201, 59.9035057]}, "properties": {"id": 712535766, "feat_type": "way", "quality_categories": "older_than_five_years, wrong_mispelled_or_unlisted_values", "issue_ids": "[2, 29]", "osm_url": "https://www.openstreetmap.org/way/712535766", "josm_url": "http://127.0.0.1:8111/load_object?new_layer=false&objects=w712535766", "id_url": "https://www.openstreetmap.org/edit?editor=id&way=712535766#map=20/59.9035057/10.7716201"}}, {"type": "Feature", "geometry": {"type": "Point", "coordinates": [10.7702553, 59.9044265]}, "properties": {"id": 712535768, "feat_type": "way", "quality_categories": "older_than_five_years, wrong_mispelled_or_unlisted_values", "issue_ids": "[2, 4]", "osm_url": "https://www.openstreetmap.org/way/712535768", "josm_url": "http://127.0.0.1:8111/load_object?new_layer=false&objects=w712535768", "id_url": "https://www.openstreetmap.org/edit?editor=id&way=712535768#map=20/59.9044265/10.7702553"}}, {"type": "Feature", "geometry": {"type": "Point", "coordinates": [10.8919443, 59.9638365]}, "properties": {"id": 712541039, "feat_type": "way", "quality_categories": "older_than_five_years, wrong_mispelled_or_unlisted_values", "issue_ids": "[5, 129]", "osm_url": "https://www.openstreetmap.org/way/712541039", "josm_url": "http://127.0.0.1:8111/load_object?new_layer=false&objects=w712541039", "id_url": "https://www.openstreetmap.org/edit?editor=id&way=712541039#map=20/59.9638365/10.8919443"}}, {"type": "Feature", "geometry": {"type": "Point", "coordinates": [10.8913887, 59.966553]}, "properties": {"id": 712548649, "feat_type": "way", "quality_categories": "wrong_mispelled_or_unlisted_values", "issue_ids": "[18]", "osm_url": "https://www.openstreetmap.org/way/712548649", "josm_url": "http://127.0.0.1:8111/load_object?new_layer=false&objects=w712548649", "id_url": "https://www.openstreetmap.org/edit?editor=id&way=712548649#map=20/59.966553/10.8913887"}}, {"type": "Feature", "geometry": {"type": "Point", "coordinates": [10.7824624, 59.9002606]}, "properties": {"id": 719030434, "feat_type": "way", "quality_categories": "wrong_mispelled_or_unlisted_values", "issue_ids": "[2]", "osm_url": "https://www.openstreetmap.org/way/719030434", "josm_url": "http://127.0.0.1:8111/load_object?new_layer=false&objects=w719030434", "id_url": "https://www.openstreetmap.org/edit?editor=id&way=719030434#map=20/59.9002606/10.7824624"}}, {"type": "Feature", "geometry": {"type": "Point", "coordinates": [10.7654154, 59.9043484]}, "properties": {"id": 724497804, "feat_type": "way", "quality_categories": "wrong_mispelled_or_unlisted_values", "issue_ids": "[2]", "osm_url": "https://www.openstreetmap.org/way/724497804", "josm_url": "http://127.0.0.1:8111/load_object?new_layer=false&objects=w724497804", "id_url": "https://www.openstreetmap.org/edit?editor=id&way=724497804#map=20/59.9043484/10.7654154"}}, {"type": "Feature", "geometry": {"type": "Point", "coordinates": [10.7607106, 59.9021656]}, "properties": {"id": 724497807, "feat_type": "way", "quality_categories": "older_than_five_years, wrong_mispelled_or_unlisted_values", "issue_ids": "[2, 4]", "osm_url": "https://www.openstreetmap.org/way/724497807", "josm_url": "http://127.0.0.1:8111/load_object?new_layer=false&objects=w724497807", "id_url": "https://www.openstreetmap.org/edit?editor=id&way=724497807#map=20/59.9021656/10.7607106"}}, {"type": "Feature", "geometry": {"type": "Point", "coordinates": [10.7428338, 59.9052299]}, "properties": {"id": 724594503, "feat_type": "way", "quality_categories": "older_than_five_years, wrong_mispelled_or_unlisted_values", "issue_ids": "[59, 131]", "osm_url": "https://www.openstreetmap.org/way/724594503", "josm_url": "http://127.0.0.1:8111/load_object?new_layer=false&objects=w724594503", "id_url": "https://www.openstreetmap.org/edit?editor=id&way=724594503#map=20/59.9052299/10.7428338"}}, {"type": "Feature", "geometry": {"type": "Point", "coordinates": [10.7591068, 59.902896]}, "properties": {"id": 729228853, "feat_type": "way", "quality_categories": "older_than_five_years, wrong_mispelled_or_unlisted_values", "issue_ids": "[2, 6]", "osm_url": "https://www.openstreetmap.org/way/729228853", "josm_url": "http://127.0.0.1:8111/load_object?new_layer=false&objects=w729228853", "id_url": "https://www.openstreetmap.org/edit?editor=id&way=729228853#map=20/59.902896/10.7591068"}}, {"type": "Feature", "geometry": {"type": "Point", "coordinates": [10.7810057, 59.8909098]}, "properties": {"id": 734149679, "feat_type": "way", "quality_categories": "wrong_mispelled_or_unlisted_values", "issue_ids": "[2]", "osm_url": "https://www.openstreetmap.org/way/734149679", "josm_url": "http://127.0.0.1:8111/load_object?new_layer=false&objects=w734149679", "id_url": "https://www.openstreetmap.org/edit?editor=id&way=734149679#map=20/59.8909098/10.7810057"}}, {"type": "Feature", "geometry": {"type": "Point", "coordinates": [10.7669181, 59.8810191]}, "properties": {"id": 737029422, "feat_type": "way", "quality_categories": "older_than_five_years, wrong_mispelled_or_unlisted_values", "issue_ids": "[2, 132]", "osm_url": "https://www.openstreetmap.org/way/737029422", "josm_url": "http://127.0.0.1:8111/load_object?new_layer=false&objects=w737029422", "id_url": "https://www.openstreetmap.org/edit?editor=id&way=737029422#map=20/59.8810191/10.7669181"}}, {"type": "Feature", "geometry": {"type": "Point", "coordinates": [10.7755334, 59.92723]}, "properties": {"id": 742620790, "feat_type": "way", "quality_categories": "wrong_mispelled_or_unlisted_values", "issue_ids": "[2]", "osm_url": "https://www.openstreetmap.org/way/742620790", "josm_url": "http://127.0.0.1:8111/load_object?new_layer=false&objects=w742620790", "id_url": "https://www.openstreetmap.org/edit?editor=id&way=742620790#map=20/59.92723/10.7755334"}}, {"type": "Feature", "geometry": {"type": "Point", "coordinates": [10.8464395, 59.8845524]}, "properties": {"id": 743296166, "feat_type": "way", "quality_categories": "older_than_five_years, wrong_mispelled_or_unlisted_values", "issue_ids": "[5, 111]", "osm_url": "https://www.openstreetmap.org/way/743296166", "josm_url": "http://127.0.0.1:8111/load_object?new_layer=false&objects=w743296166", "id_url": "https://www.openstreetmap.org/edit?editor=id&way=743296166#map=20/59.8845524/10.8464395"}}, {"type": "Feature", "geometry": {"type": "Point", "coordinates": [10.8062433, 59.9562195]}, "properties": {"id": 746749955, "feat_type": "way", "quality_categories": "older_than_five_years, wrong_mispelled_or_unlisted_values", "issue_ids": "[16, 17]", "osm_url": "https://www.openstreetmap.org/way/746749955", "josm_url": "http://127.0.0.1:8111/load_object?new_layer=false&objects=w746749955", "id_url": "https://www.openstreetmap.org/edit?editor=id&way=746749955#map=20/59.9562195/10.8062433"}}, {"type": "Feature", "geometry": {"type": "Point", "coordinates": [10.7684819, 59.9166768]}, "properties": {"id": 749567564, "feat_type": "way", "quality_categories": "wrong_mispelled_or_unlisted_values", "issue_ids": "[2]", "osm_url": "https://www.openstreetmap.org/way/749567564", "josm_url": "http://127.0.0.1:8111/load_object?new_layer=false&objects=w749567564", "id_url": "https://www.openstreetmap.org/edit?editor=id&way=749567564#map=20/59.9166768/10.7684819"}}, {"type": "Feature", "geometry": {"type": "Point", "coordinates": [10.7684819, 59.9166768]}, "properties": {"id": 749567565, "feat_type": "way", "quality_categories": "wrong_mispelled_or_unlisted_values", "issue_ids": "[2]", "osm_url": "https://www.openstreetmap.org/way/749567565", "josm_url": "http://127.0.0.1:8111/load_object?new_layer=false&objects=w749567565", "id_url": "https://www.openstreetmap.org/edit?editor=id&way=749567565#map=20/59.9166768/10.7684819"}}, {"type": "Feature", "geometry": {"type": "Point", "coordinates": [10.7998749, 59.8290226]}, "properties": {"id": 755330132, "feat_type": "way", "quality_categories": "older_than_five_years, wrong_mispelled_or_unlisted_values", "issue_ids": "[5, 115]", "osm_url": "https://www.openstreetmap.org/way/755330132", "josm_url": "http://127.0.0.1:8111/load_object?new_layer=false&objects=w755330132", "id_url": "https://www.openstreetmap.org/edit?editor=id&way=755330132#map=20/59.8290226/10.7998749"}}, {"type": "Feature", "geometry": {"type": "Point", "coordinates": [10.7997965, 59.8290219]}, "properties": {"id": 755330137, "feat_type": "way", "quality_categories": "older_than_five_years, wrong_mispelled_or_unlisted_values", "issue_ids": "[5, 115]", "osm_url": "https://www.openstreetmap.org/way/755330137", "josm_url": "http://127.0.0.1:8111/load_object?new_layer=false&objects=w755330137", "id_url": "https://www.openstreetmap.org/edit?editor=id&way=755330137#map=20/59.8290219/10.7997965"}}, {"type": "Feature", "geometry": {"type": "Point", "coordinates": [10.798419, 59.9355288]}, "properties": {"id": 755905466, "feat_type": "way", "quality_categories": "wrong_mispelled_or_unlisted_values", "issue_ids": "[38]", "osm_url": "https://www.openstreetmap.org/way/755905466", "josm_url": "http://127.0.0.1:8111/load_object?new_layer=false&objects=w755905466", "id_url": "https://www.openstreetmap.org/edit?editor=id&way=755905466#map=20/59.9355288/10.798419"}}, {"type": "Feature", "geometry": {"type": "Point", "coordinates": [10.7682532, 59.9100244]}, "properties": {"id": 761332999, "feat_type": "way", "quality_categories": "wrong_mispelled_or_unlisted_values", "issue_ids": "[2]", "osm_url": "https://www.openstreetmap.org/way/761332999", "josm_url": "http://127.0.0.1:8111/load_object?new_layer=false&objects=w761332999", "id_url": "https://www.openstreetmap.org/edit?editor=id&way=761332999#map=20/59.9100244/10.7682532"}}, {"type": "Feature", "geometry": {"type": "Point", "coordinates": [10.7681132, 59.910411]}, "properties": {"id": 761333009, "feat_type": "way", "quality_categories": "wrong_mispelled_or_unlisted_values", "issue_ids": "[2]", "osm_url": "https://www.openstreetmap.org/way/761333009", "josm_url": "http://127.0.0.1:8111/load_object?new_layer=false&objects=w761333009", "id_url": "https://www.openstreetmap.org/edit?editor=id&way=761333009#map=20/59.910411/10.7681132"}}, {"type": "Feature", "geometry": {"type": "Point", "coordinates": [10.7700541, 59.9156862]}, "properties": {"id": 761333021, "feat_type": "way", "quality_categories": "wrong_mispelled_or_unlisted_values", "issue_ids": "[2]", "osm_url": "https://www.openstreetmap.org/way/761333021", "josm_url": "http://127.0.0.1:8111/load_object?new_layer=false&objects=w761333021", "id_url": "https://www.openstreetmap.org/edit?editor=id&way=761333021#map=20/59.9156862/10.7700541"}}, {"type": "Feature", "geometry": {"type": "Point", "coordinates": [10.7722464, 59.9213295]}, "properties": {"id": 761333025, "feat_type": "way", "quality_categories": "older_than_five_years, wrong_mispelled_or_unlisted_values", "issue_ids": "[2, 133]", "osm_url": "https://www.openstreetmap.org/way/761333025", "josm_url": "http://127.0.0.1:8111/load_object?new_layer=false&objects=w761333025", "id_url": "https://www.openstreetmap.org/edit?editor=id&way=761333025#map=20/59.9213295/10.7722464"}}, {"type": "Feature", "geometry": {"type": "Point", "coordinates": [10.7760307, 59.9081292]}, "properties": {"id": 761438583, "feat_type": "way", "quality_categories": "wrong_mispelled_or_unlisted_values", "issue_ids": "[2]", "osm_url": "https://www.openstreetmap.org/way/761438583", "josm_url": "http://127.0.0.1:8111/load_object?new_layer=false&objects=w761438583", "id_url": "https://www.openstreetmap.org/edit?editor=id&way=761438583#map=20/59.9081292/10.7760307"}}, {"type": "Feature", "geometry": {"type": "Point", "coordinates": [10.7620403, 59.9495794]}, "properties": {"id": 761983605, "feat_type": "way", "quality_categories": "wrong_mispelled_or_unlisted_values", "issue_ids": "[2]", "osm_url": "https://www.openstreetmap.org/way/761983605", "josm_url": "http://127.0.0.1:8111/load_object?new_layer=false&objects=w761983605", "id_url": "https://www.openstreetmap.org/edit?editor=id&way=761983605#map=20/59.9495794/10.7620403"}}, {"type": "Feature", "geometry": {"type": "Point", "coordinates": [10.7621927, 59.9498984]}, "properties": {"id": 761983606, "feat_type": "way", "quality_categories": "wrong_mispelled_or_unlisted_values", "issue_ids": "[16]", "osm_url": "https://www.openstreetmap.org/way/761983606", "josm_url": "http://127.0.0.1:8111/load_object?new_layer=false&objects=w761983606", "id_url": "https://www.openstreetmap.org/edit?editor=id&way=761983606#map=20/59.9498984/10.7621927"}}, {"type": "Feature", "geometry": {"type": "Point", "coordinates": [10.7634801, 59.94924]}, "properties": {"id": 761983607, "feat_type": "way", "quality_categories": "wrong_mispelled_or_unlisted_values", "issue_ids": "[2]", "osm_url": "https://www.openstreetmap.org/way/761983607", "josm_url": "http://127.0.0.1:8111/load_object?new_layer=false&objects=w761983607", "id_url": "https://www.openstreetmap.org/edit?editor=id&way=761983607#map=20/59.94924/10.7634801"}}, {"type": "Feature", "geometry": {"type": "Point", "coordinates": [10.7630246, 59.9492821]}, "properties": {"id": 761983611, "feat_type": "way", "quality_categories": "older_than_five_years, wrong_mispelled_or_unlisted_values", "issue_ids": "[2, 60]", "osm_url": "https://www.openstreetmap.org/way/761983611", "josm_url": "http://127.0.0.1:8111/load_object?new_layer=false&objects=w761983611", "id_url": "https://www.openstreetmap.org/edit?editor=id&way=761983611#map=20/59.9492821/10.7630246"}}, {"type": "Feature", "geometry": {"type": "Point", "coordinates": [10.7631769, 59.9486791]}, "properties": {"id": 761983614, "feat_type": "way", "quality_categories": "older_than_five_years, wrong_mispelled_or_unlisted_values", "issue_ids": "[2, 60]", "osm_url": "https://www.openstreetmap.org/way/761983614", "josm_url": "http://127.0.0.1:8111/load_object?new_layer=false&objects=w761983614", "id_url": "https://www.openstreetmap.org/edit?editor=id&way=761983614#map=20/59.9486791/10.7631769"}}, {"type": "Feature", "geometry": {"type": "Point", "coordinates": [10.7711546, 59.9175457]}, "properties": {"id": 762832688, "feat_type": "way", "quality_categories": "wrong_mispelled_or_unlisted_values", "issue_ids": "[16]", "osm_url": "https://www.openstreetmap.org/way/762832688", "josm_url": "http://127.0.0.1:8111/load_object?new_layer=false&objects=w762832688", "id_url": "https://www.openstreetmap.org/edit?editor=id&way=762832688#map=20/59.9175457/10.7711546"}}, {"type": "Feature", "geometry": {"type": "Point", "coordinates": [10.7872099, 59.9279613]}, "properties": {"id": 764249012, "feat_type": "way", "quality_categories": "older_than_five_years, wrong_mispelled_or_unlisted_values", "issue_ids": "[2, 128]", "osm_url": "https://www.openstreetmap.org/way/764249012", "josm_url": "http://127.0.0.1:8111/load_object?new_layer=false&objects=w764249012", "id_url": "https://www.openstreetmap.org/edit?editor=id&way=764249012#map=20/59.9279613/10.7872099"}}, {"type": "Feature", "geometry": {"type": "Point", "coordinates": [10.7876058, 59.9282386]}, "properties": {"id": 764249020, "feat_type": "way", "quality_categories": "older_than_five_years, wrong_mispelled_or_unlisted_values", "issue_ids": "[2, 134]", "osm_url": "https://www.openstreetmap.org/way/764249020", "josm_url": "http://127.0.0.1:8111/load_object?new_layer=false&objects=w764249020", "id_url": "https://www.openstreetmap.org/edit?editor=id&way=764249020#map=20/59.9282386/10.7876058"}}, {"type": "Feature", "geometry": {"type": "Point", "coordinates": [10.7543306, 59.9248264]}, "properties": {"id": 773783720, "feat_type": "way", "quality_categories": "older_than_five_years, wrong_mispelled_or_unlisted_values", "issue_ids": "[2, 3]", "osm_url": "https://www.openstreetmap.org/way/773783720", "josm_url": "http://127.0.0.1:8111/load_object?new_layer=false&objects=w773783720", "id_url": "https://www.openstreetmap.org/edit?editor=id&way=773783720#map=20/59.9248264/10.7543306"}}, {"type": "Feature", "geometry": {"type": "Point", "coordinates": [10.754075, 59.924847]}, "properties": {"id": 773783721, "feat_type": "way", "quality_categories": "older_than_five_years, wrong_mispelled_or_unlisted_values", "issue_ids": "[2, 3]", "osm_url": "https://www.openstreetmap.org/way/773783721", "josm_url": "http://127.0.0.1:8111/load_object?new_layer=false&objects=w773783721", "id_url": "https://www.openstreetmap.org/edit?editor=id&way=773783721#map=20/59.924847/10.754075"}}, {"type": "Feature", "geometry": {"type": "Point", "coordinates": [10.7576783, 59.9308744]}, "properties": {"id": 773783742, "feat_type": "way", "quality_categories": "wrong_mispelled_or_unlisted_values", "issue_ids": "[2]", "osm_url": "https://www.openstreetmap.org/way/773783742", "josm_url": "http://127.0.0.1:8111/load_object?new_layer=false&objects=w773783742", "id_url": "https://www.openstreetmap.org/edit?editor=id&way=773783742#map=20/59.9308744/10.7576783"}}, {"type": "Feature", "geometry": {"type": "Point", "coordinates": [10.7725066, 59.9211881]}, "properties": {"id": 776256603, "feat_type": "way", "quality_categories": "older_than_five_years, wrong_mispelled_or_unlisted_values", "issue_ids": "[2, 133]", "osm_url": "https://www.openstreetmap.org/way/776256603", "josm_url": "http://127.0.0.1:8111/load_object?new_layer=false&objects=w776256603", "id_url": "https://www.openstreetmap.org/edit?editor=id&way=776256603#map=20/59.9211881/10.7725066"}}, {"type": "Feature", "geometry": {"type": "Point", "coordinates": [10.7373378, 59.9058791]}, "properties": {"id": 776370946, "feat_type": "way", "quality_categories": "wrong_mispelled_or_unlisted_values", "issue_ids": "[2]", "osm_url": "https://www.openstreetmap.org/way/776370946", "josm_url": "http://127.0.0.1:8111/load_object?new_layer=false&objects=w776370946", "id_url": "https://www.openstreetmap.org/edit?editor=id&way=776370946#map=20/59.9058791/10.7373378"}}, {"type": "Feature", "geometry": {"type": "Point", "coordinates": [10.7724043, 59.9187469]}, "properties": {"id": 778405583, "feat_type": "way", "quality_categories": "wrong_mispelled_or_unlisted_values", "issue_ids": "[2]", "osm_url": "https://www.openstreetmap.org/way/778405583", "josm_url": "http://127.0.0.1:8111/load_object?new_layer=false&objects=w778405583", "id_url": "https://www.openstreetmap.org/edit?editor=id&way=778405583#map=20/59.9187469/10.7724043"}}, {"type": "Feature", "geometry": {"type": "Point", "coordinates": [10.7923662, 59.9112195]}, "properties": {"id": 781951384, "feat_type": "way", "quality_categories": "wrong_mispelled_or_unlisted_values", "issue_ids": "[2]", "osm_url": "https://www.openstreetmap.org/way/781951384", "josm_url": "http://127.0.0.1:8111/load_object?new_layer=false&objects=w781951384", "id_url": "https://www.openstreetmap.org/edit?editor=id&way=781951384#map=20/59.9112195/10.7923662"}}, {"type": "Feature", "geometry": {"type": "Point", "coordinates": [10.7601468, 59.9260246]}, "properties": {"id": 783779126, "feat_type": "way", "quality_categories": "wrong_mispelled_or_unlisted_values", "issue_ids": "[2]", "osm_url": "https://www.openstreetmap.org/way/783779126", "josm_url": "http://127.0.0.1:8111/load_object?new_layer=false&objects=w783779126", "id_url": "https://www.openstreetmap.org/edit?editor=id&way=783779126#map=20/59.9260246/10.7601468"}}, {"type": "Feature", "geometry": {"type": "Point", "coordinates": [10.7599742, 59.926167]}, "properties": {"id": 783779127, "feat_type": "way", "quality_categories": "wrong_mispelled_or_unlisted_values", "issue_ids": "[2]", "osm_url": "https://www.openstreetmap.org/way/783779127", "josm_url": "http://127.0.0.1:8111/load_object?new_layer=false&objects=w783779127", "id_url": "https://www.openstreetmap.org/edit?editor=id&way=783779127#map=20/59.926167/10.7599742"}}, {"type": "Feature", "geometry": {"type": "Point", "coordinates": [10.7603226, 59.9261744]}, "properties": {"id": 783779128, "feat_type": "way", "quality_categories": "wrong_mispelled_or_unlisted_values", "issue_ids": "[2]", "osm_url": "https://www.openstreetmap.org/way/783779128", "josm_url": "http://127.0.0.1:8111/load_object?new_layer=false&objects=w783779128", "id_url": "https://www.openstreetmap.org/edit?editor=id&way=783779128#map=20/59.9261744/10.7603226"}}, {"type": "Feature", "geometry": {"type": "Point", "coordinates": [10.760147055882353, 59.9260814]}, "properties": {"id": 783779129, "feat_type": "way", "quality_categories": "wrong_mispelled_or_unlisted_values", "issue_ids": "[2]", "osm_url": "https://www.openstreetmap.org/way/783779129", "josm_url": "http://127.0.0.1:8111/load_object?new_layer=false&objects=w783779129", "id_url": "https://www.openstreetmap.org/edit?editor=id&way=783779129#map=20/59.9260814/10.760147055882353"}}, {"type": "Feature", "geometry": {"type": "Point", "coordinates": [10.760148, 59.925897]}, "properties": {"id": 783779130, "feat_type": "way", "quality_categories": "wrong_mispelled_or_unlisted_values", "issue_ids": "[2]", "osm_url": "https://www.openstreetmap.org/way/783779130", "josm_url": "http://127.0.0.1:8111/load_object?new_layer=false&objects=w783779130", "id_url": "https://www.openstreetmap.org/edit?editor=id&way=783779130#map=20/59.925897/10.760148"}}, {"type": "Feature", "geometry": {"type": "Point", "coordinates": [10.760357528760412, 59.926382700000005]}, "properties": {"id": 783779131, "feat_type": "way", "quality_categories": "wrong_mispelled_or_unlisted_values", "issue_ids": "[2]", "osm_url": "https://www.openstreetmap.org/way/783779131", "josm_url": "http://127.0.0.1:8111/load_object?new_layer=false&objects=w783779131", "id_url": "https://www.openstreetmap.org/edit?editor=id&way=783779131#map=20/59.926382700000005/10.760357528760412"}}, {"type": "Feature", "geometry": {"type": "Point", "coordinates": [10.8327468, 59.8810826]}, "properties": {"id": 783865553, "feat_type": "way", "quality_categories": "wrong_mispelled_or_unlisted_values", "issue_ids": "[2]", "osm_url": "https://www.openstreetmap.org/way/783865553", "josm_url": "http://127.0.0.1:8111/load_object?new_layer=false&objects=w783865553", "id_url": "https://www.openstreetmap.org/edit?editor=id&way=783865553#map=20/59.8810826/10.8327468"}}, {"type": "Feature", "geometry": {"type": "Point", "coordinates": [10.7050664, 59.929817]}, "properties": {"id": 784077010, "feat_type": "way", "quality_categories": "wrong_mispelled_or_unlisted_values", "issue_ids": "[2]", "osm_url": "https://www.openstreetmap.org/way/784077010", "josm_url": "http://127.0.0.1:8111/load_object?new_layer=false&objects=w784077010", "id_url": "https://www.openstreetmap.org/edit?editor=id&way=784077010#map=20/59.929817/10.7050664"}}, {"type": "Feature", "geometry": {"type": "Point", "coordinates": [10.7048703, 59.9296746]}, "properties": {"id": 784077012, "feat_type": "way", "quality_categories": "wrong_mispelled_or_unlisted_values", "issue_ids": "[2]", "osm_url": "https://www.openstreetmap.org/way/784077012", "josm_url": "http://127.0.0.1:8111/load_object?new_layer=false&objects=w784077012", "id_url": "https://www.openstreetmap.org/edit?editor=id&way=784077012#map=20/59.9296746/10.7048703"}}, {"type": "Feature", "geometry": {"type": "Point", "coordinates": [10.7056341, 59.9302363]}, "properties": {"id": 784077013, "feat_type": "way", "quality_categories": "wrong_mispelled_or_unlisted_values", "issue_ids": "[2]", "osm_url": "https://www.openstreetmap.org/way/784077013", "josm_url": "http://127.0.0.1:8111/load_object?new_layer=false&objects=w784077013", "id_url": "https://www.openstreetmap.org/edit?editor=id&way=784077013#map=20/59.9302363/10.7056341"}}, {"type": "Feature", "geometry": {"type": "Point", "coordinates": [10.7089122, 59.9258813]}, "properties": {"id": 784157364, "feat_type": "way", "quality_categories": "wrong_mispelled_or_unlisted_values", "issue_ids": "[2]", "osm_url": "https://www.openstreetmap.org/way/784157364", "josm_url": "http://127.0.0.1:8111/load_object?new_layer=false&objects=w784157364", "id_url": "https://www.openstreetmap.org/edit?editor=id&way=784157364#map=20/59.9258813/10.7089122"}}, {"type": "Feature", "geometry": {"type": "Point", "coordinates": [10.7762054, 59.9368782]}, "properties": {"id": 784647209, "feat_type": "way", "quality_categories": "wrong_mispelled_or_unlisted_values", "issue_ids": "[2]", "osm_url": "https://www.openstreetmap.org/way/784647209", "josm_url": "http://127.0.0.1:8111/load_object?new_layer=false&objects=w784647209", "id_url": "https://www.openstreetmap.org/edit?editor=id&way=784647209#map=20/59.9368782/10.7762054"}}, {"type": "Feature", "geometry": {"type": "Point", "coordinates": [10.7763537, 59.9367261]}, "properties": {"id": 784647210, "feat_type": "way", "quality_categories": "wrong_mispelled_or_unlisted_values", "issue_ids": "[2]", "osm_url": "https://www.openstreetmap.org/way/784647210", "josm_url": "http://127.0.0.1:8111/load_object?new_layer=false&objects=w784647210", "id_url": "https://www.openstreetmap.org/edit?editor=id&way=784647210#map=20/59.9367261/10.7763537"}}, {"type": "Feature", "geometry": {"type": "Point", "coordinates": [10.7711323, 59.9173946]}, "properties": {"id": 784746082, "feat_type": "way", "quality_categories": "wrong_mispelled_or_unlisted_values", "issue_ids": "[15]", "osm_url": "https://www.openstreetmap.org/way/784746082", "josm_url": "http://127.0.0.1:8111/load_object?new_layer=false&objects=w784746082", "id_url": "https://www.openstreetmap.org/edit?editor=id&way=784746082#map=20/59.9173946/10.7711323"}}, {"type": "Feature", "geometry": {"type": "Point", "coordinates": [10.7713799, 59.917468]}, "properties": {"id": 784746099, "feat_type": "way", "quality_categories": "wrong_mispelled_or_unlisted_values", "issue_ids": "[16]", "osm_url": "https://www.openstreetmap.org/way/784746099", "josm_url": "http://127.0.0.1:8111/load_object?new_layer=false&objects=w784746099", "id_url": "https://www.openstreetmap.org/edit?editor=id&way=784746099#map=20/59.917468/10.7713799"}}, {"type": "Feature", "geometry": {"type": "Point", "coordinates": [10.7719299, 59.9189932]}, "properties": {"id": 784746103, "feat_type": "way", "quality_categories": "wrong_mispelled_or_unlisted_values", "issue_ids": "[2]", "osm_url": "https://www.openstreetmap.org/way/784746103", "josm_url": "http://127.0.0.1:8111/load_object?new_layer=false&objects=w784746103", "id_url": "https://www.openstreetmap.org/edit?editor=id&way=784746103#map=20/59.9189932/10.7719299"}}, {"type": "Feature", "geometry": {"type": "Point", "coordinates": [10.7719987, 59.918662]}, "properties": {"id": 784746108, "feat_type": "way", "quality_categories": "wrong_mispelled_or_unlisted_values", "issue_ids": "[7]", "osm_url": "https://www.openstreetmap.org/way/784746108", "josm_url": "http://127.0.0.1:8111/load_object?new_layer=false&objects=w784746108", "id_url": "https://www.openstreetmap.org/edit?editor=id&way=784746108#map=20/59.918662/10.7719987"}}, {"type": "Feature", "geometry": {"type": "Point", "coordinates": [10.7708716, 59.9129218]}, "properties": {"id": 785046185, "feat_type": "way", "quality_categories": "wrong_mispelled_or_unlisted_values", "issue_ids": "[18]", "osm_url": "https://www.openstreetmap.org/way/785046185", "josm_url": "http://127.0.0.1:8111/load_object?new_layer=false&objects=w785046185", "id_url": "https://www.openstreetmap.org/edit?editor=id&way=785046185#map=20/59.9129218/10.7708716"}}, {"type": "Feature", "geometry": {"type": "Point", "coordinates": [10.7721134, 59.9185596]}, "properties": {"id": 785136306, "feat_type": "way", "quality_categories": "wrong_mispelled_or_unlisted_values", "issue_ids": "[2]", "osm_url": "https://www.openstreetmap.org/way/785136306", "josm_url": "http://127.0.0.1:8111/load_object?new_layer=false&objects=w785136306", "id_url": "https://www.openstreetmap.org/edit?editor=id&way=785136306#map=20/59.9185596/10.7721134"}}, {"type": "Feature", "geometry": {"type": "Point", "coordinates": [10.817694287206397, 59.91656985]}, "properties": {"id": 785682943, "feat_type": "way", "quality_categories": "wrong_mispelled_or_unlisted_values", "issue_ids": "[2]", "osm_url": "https://www.openstreetmap.org/way/785682943", "josm_url": "http://127.0.0.1:8111/load_object?new_layer=false&objects=w785682943", "id_url": "https://www.openstreetmap.org/edit?editor=id&way=785682943#map=20/59.91656985/10.817694287206397"}}, {"type": "Feature", "geometry": {"type": "Point", "coordinates": [10.8175402, 59.9165611]}, "properties": {"id": 785682944, "feat_type": "way", "quality_categories": "wrong_mispelled_or_unlisted_values", "issue_ids": "[2]", "osm_url": "https://www.openstreetmap.org/way/785682944", "josm_url": "http://127.0.0.1:8111/load_object?new_layer=false&objects=w785682944", "id_url": "https://www.openstreetmap.org/edit?editor=id&way=785682944#map=20/59.9165611/10.8175402"}}, {"type": "Feature", "geometry": {"type": "Point", "coordinates": [10.7697118, 59.9629858]}, "properties": {"id": 790975131, "feat_type": "way", "quality_categories": "wrong_mispelled_or_unlisted_values", "issue_ids": "[2]", "osm_url": "https://www.openstreetmap.org/way/790975131", "josm_url": "http://127.0.0.1:8111/load_object?new_layer=false&objects=w790975131", "id_url": "https://www.openstreetmap.org/edit?editor=id&way=790975131#map=20/59.9629858/10.7697118"}}, {"type": "Feature", "geometry": {"type": "Point", "coordinates": [10.6348186, 59.9614312]}, "properties": {"id": 796239615, "feat_type": "way", "quality_categories": "wrong_mispelled_or_unlisted_values", "issue_ids": "[2]", "osm_url": "https://www.openstreetmap.org/way/796239615", "josm_url": "http://127.0.0.1:8111/load_object?new_layer=false&objects=w796239615", "id_url": "https://www.openstreetmap.org/edit?editor=id&way=796239615#map=20/59.9614312/10.6348186"}}, {"type": "Feature", "geometry": {"type": "Point", "coordinates": [10.625964, 59.9704873]}, "properties": {"id": 796585634, "feat_type": "way", "quality_categories": "wrong_mispelled_or_unlisted_values", "issue_ids": "[16]", "osm_url": "https://www.openstreetmap.org/way/796585634", "josm_url": "http://127.0.0.1:8111/load_object?new_layer=false&objects=w796585634", "id_url": "https://www.openstreetmap.org/edit?editor=id&way=796585634#map=20/59.9704873/10.625964"}}, {"type": "Feature", "geometry": {"type": "Point", "coordinates": [10.6271059, 59.9704067]}, "properties": {"id": 796585635, "feat_type": "way", "quality_categories": "wrong_mispelled_or_unlisted_values", "issue_ids": "[16]", "osm_url": "https://www.openstreetmap.org/way/796585635", "josm_url": "http://127.0.0.1:8111/load_object?new_layer=false&objects=w796585635", "id_url": "https://www.openstreetmap.org/edit?editor=id&way=796585635#map=20/59.9704067/10.6271059"}}, {"type": "Feature", "geometry": {"type": "Point", "coordinates": [10.6273549, 59.9706414]}, "properties": {"id": 796585638, "feat_type": "way", "quality_categories": "wrong_mispelled_or_unlisted_values", "issue_ids": "[16]", "osm_url": "https://www.openstreetmap.org/way/796585638", "josm_url": "http://127.0.0.1:8111/load_object?new_layer=false&objects=w796585638", "id_url": "https://www.openstreetmap.org/edit?editor=id&way=796585638#map=20/59.9706414/10.6273549"}}, {"type": "Feature", "geometry": {"type": "Point", "coordinates": [10.6287853, 59.9707443]}, "properties": {"id": 796585640, "feat_type": "way", "quality_categories": "wrong_mispelled_or_unlisted_values", "issue_ids": "[16]", "osm_url": "https://www.openstreetmap.org/way/796585640", "josm_url": "http://127.0.0.1:8111/load_object?new_layer=false&objects=w796585640", "id_url": "https://www.openstreetmap.org/edit?editor=id&way=796585640#map=20/59.9707443/10.6287853"}}, {"type": "Feature", "geometry": {"type": "Point", "coordinates": [10.6247509, 59.9763377]}, "properties": {"id": 797037758, "feat_type": "way", "quality_categories": "wrong_mispelled_or_unlisted_values", "issue_ids": "[2]", "osm_url": "https://www.openstreetmap.org/way/797037758", "josm_url": "http://127.0.0.1:8111/load_object?new_layer=false&objects=w797037758", "id_url": "https://www.openstreetmap.org/edit?editor=id&way=797037758#map=20/59.9763377/10.6247509"}}, {"type": "Feature", "geometry": {"type": "Point", "coordinates": [10.6260525, 59.9745575]}, "properties": {"id": 797037761, "feat_type": "way", "quality_categories": "wrong_mispelled_or_unlisted_values", "issue_ids": "[2]", "osm_url": "https://www.openstreetmap.org/way/797037761", "josm_url": "http://127.0.0.1:8111/load_object?new_layer=false&objects=w797037761", "id_url": "https://www.openstreetmap.org/edit?editor=id&way=797037761#map=20/59.9745575/10.6260525"}}, {"type": "Feature", "geometry": {"type": "Point", "coordinates": [10.6243318, 59.9712255]}, "properties": {"id": 797037764, "feat_type": "way", "quality_categories": "wrong_mispelled_or_unlisted_values", "issue_ids": "[16]", "osm_url": "https://www.openstreetmap.org/way/797037764", "josm_url": "http://127.0.0.1:8111/load_object?new_layer=false&objects=w797037764", "id_url": "https://www.openstreetmap.org/edit?editor=id&way=797037764#map=20/59.9712255/10.6243318"}}, {"type": "Feature", "geometry": {"type": "Point", "coordinates": [10.7324648, 59.9683762]}, "properties": {"id": 798878653, "feat_type": "way", "quality_categories": "wrong_mispelled_or_unlisted_values", "issue_ids": "[2]", "osm_url": "https://www.openstreetmap.org/way/798878653", "josm_url": "http://127.0.0.1:8111/load_object?new_layer=false&objects=w798878653", "id_url": "https://www.openstreetmap.org/edit?editor=id&way=798878653#map=20/59.9683762/10.7324648"}}, {"type": "Feature", "geometry": {"type": "Point", "coordinates": [10.7325923, 59.9684222]}, "properties": {"id": 798878654, "feat_type": "way", "quality_categories": "wrong_mispelled_or_unlisted_values", "issue_ids": "[2]", "osm_url": "https://www.openstreetmap.org/way/798878654", "josm_url": "http://127.0.0.1:8111/load_object?new_layer=false&objects=w798878654", "id_url": "https://www.openstreetmap.org/edit?editor=id&way=798878654#map=20/59.9684222/10.7325923"}}, {"type": "Feature", "geometry": {"type": "Point", "coordinates": [10.7274655, 59.9666819]}, "properties": {"id": 799070466, "feat_type": "way", "quality_categories": "wrong_mispelled_or_unlisted_values", "issue_ids": "[2]", "osm_url": "https://www.openstreetmap.org/way/799070466", "josm_url": "http://127.0.0.1:8111/load_object?new_layer=false&objects=w799070466", "id_url": "https://www.openstreetmap.org/edit?editor=id&way=799070466#map=20/59.9666819/10.7274655"}}, {"type": "Feature", "geometry": {"type": "Point", "coordinates": [10.683558, 59.9611236]}, "properties": {"id": 800819244, "feat_type": "way", "quality_categories": "wrong_mispelled_or_unlisted_values", "issue_ids": "[2]", "osm_url": "https://www.openstreetmap.org/way/800819244", "josm_url": "http://127.0.0.1:8111/load_object?new_layer=false&objects=w800819244", "id_url": "https://www.openstreetmap.org/edit?editor=id&way=800819244#map=20/59.9611236/10.683558"}}, {"type": "Feature", "geometry": {"type": "Point", "coordinates": [10.6736579, 59.9643464]}, "properties": {"id": 801865979, "feat_type": "way", "quality_categories": "wrong_mispelled_or_unlisted_values", "issue_ids": "[2]", "osm_url": "https://www.openstreetmap.org/way/801865979", "josm_url": "http://127.0.0.1:8111/load_object?new_layer=false&objects=w801865979", "id_url": "https://www.openstreetmap.org/edit?editor=id&way=801865979#map=20/59.9643464/10.6736579"}}, {"type": "Feature", "geometry": {"type": "Point", "coordinates": [10.743657, 59.969714]}, "properties": {"id": 802254520, "feat_type": "way", "quality_categories": "wrong_mispelled_or_unlisted_values", "issue_ids": "[25]", "osm_url": "https://www.openstreetmap.org/way/802254520", "josm_url": "http://127.0.0.1:8111/load_object?new_layer=false&objects=w802254520", "id_url": "https://www.openstreetmap.org/edit?editor=id&way=802254520#map=20/59.969714/10.743657"}}, {"type": "Feature", "geometry": {"type": "Point", "coordinates": [10.8145959, 59.9461287]}, "properties": {"id": 802706012, "feat_type": "way", "quality_categories": "wrong_mispelled_or_unlisted_values", "issue_ids": "[2]", "osm_url": "https://www.openstreetmap.org/way/802706012", "josm_url": "http://127.0.0.1:8111/load_object?new_layer=false&objects=w802706012", "id_url": "https://www.openstreetmap.org/edit?editor=id&way=802706012#map=20/59.9461287/10.8145959"}}, {"type": "Feature", "geometry": {"type": "Point", "coordinates": [10.756449873879756, 59.941277400000004]}, "properties": {"id": 803343588, "feat_type": "way", "quality_categories": "older_than_five_years, wrong_mispelled_or_unlisted_values", "issue_ids": "[16, 135]", "osm_url": "https://www.openstreetmap.org/way/803343588", "josm_url": "http://127.0.0.1:8111/load_object?new_layer=false&objects=w803343588", "id_url": "https://www.openstreetmap.org/edit?editor=id&way=803343588#map=20/59.941277400000004/10.756449873879756"}}, {"type": "Feature", "geometry": {"type": "Point", "coordinates": [10.8967175, 59.9669239]}, "properties": {"id": 807388118, "feat_type": "way", "quality_categories": "older_than_five_years, wrong_mispelled_or_unlisted_values", "issue_ids": "[2, 129]", "osm_url": "https://www.openstreetmap.org/way/807388118", "josm_url": "http://127.0.0.1:8111/load_object?new_layer=false&objects=w807388118", "id_url": "https://www.openstreetmap.org/edit?editor=id&way=807388118#map=20/59.9669239/10.8967175"}}, {"type": "Feature", "geometry": {"type": "Point", "coordinates": [10.8968661, 59.967031]}, "properties": {"id": 807388119, "feat_type": "way", "quality_categories": "older_than_five_years, wrong_mispelled_or_unlisted_values", "issue_ids": "[2, 129]", "osm_url": "https://www.openstreetmap.org/way/807388119", "josm_url": "http://127.0.0.1:8111/load_object?new_layer=false&objects=w807388119", "id_url": "https://www.openstreetmap.org/edit?editor=id&way=807388119#map=20/59.967031/10.8968661"}}, {"type": "Feature", "geometry": {"type": "Point", "coordinates": [10.7113326, 59.926803]}, "properties": {"id": 807633772, "feat_type": "way", "quality_categories": "older_than_five_years, wrong_mispelled_or_unlisted_values", "issue_ids": "[2, 136]", "osm_url": "https://www.openstreetmap.org/way/807633772", "josm_url": "http://127.0.0.1:8111/load_object?new_layer=false&objects=w807633772", "id_url": "https://www.openstreetmap.org/edit?editor=id&way=807633772#map=20/59.926803/10.7113326"}}, {"type": "Feature", "geometry": {"type": "Point", "coordinates": [10.6477261, 59.9895699]}, "properties": {"id": 809883929, "feat_type": "way", "quality_categories": "wrong_mispelled_or_unlisted_values", "issue_ids": "[12]", "osm_url": "https://www.openstreetmap.org/way/809883929", "josm_url": "http://127.0.0.1:8111/load_object?new_layer=false&objects=w809883929", "id_url": "https://www.openstreetmap.org/edit?editor=id&way=809883929#map=20/59.9895699/10.6477261"}}, {"type": "Feature", "geometry": {"type": "Point", "coordinates": [10.7290279, 59.9188531]}, "properties": {"id": 809900950, "feat_type": "way", "quality_categories": "wrong_mispelled_or_unlisted_values", "issue_ids": "[7]", "osm_url": "https://www.openstreetmap.org/way/809900950", "josm_url": "http://127.0.0.1:8111/load_object?new_layer=false&objects=w809900950", "id_url": "https://www.openstreetmap.org/edit?editor=id&way=809900950#map=20/59.9188531/10.7290279"}}, {"type": "Feature", "geometry": {"type": "Point", "coordinates": [10.7290641, 59.9188873]}, "properties": {"id": 809900951, "feat_type": "way", "quality_categories": "wrong_mispelled_or_unlisted_values", "issue_ids": "[7]", "osm_url": "https://www.openstreetmap.org/way/809900951", "josm_url": "http://127.0.0.1:8111/load_object?new_layer=false&objects=w809900951", "id_url": "https://www.openstreetmap.org/edit?editor=id&way=809900951#map=20/59.9188873/10.7290641"}}, {"type": "Feature", "geometry": {"type": "Point", "coordinates": [10.7296219, 59.9184428]}, "properties": {"id": 809900953, "feat_type": "way", "quality_categories": "wrong_mispelled_or_unlisted_values", "issue_ids": "[7]", "osm_url": "https://www.openstreetmap.org/way/809900953", "josm_url": "http://127.0.0.1:8111/load_object?new_layer=false&objects=w809900953", "id_url": "https://www.openstreetmap.org/edit?editor=id&way=809900953#map=20/59.9184428/10.7296219"}}, {"type": "Feature", "geometry": {"type": "Point", "coordinates": [10.7293588, 59.9187648]}, "properties": {"id": 809900954, "feat_type": "way", "quality_categories": "wrong_mispelled_or_unlisted_values", "issue_ids": "[7]", "osm_url": "https://www.openstreetmap.org/way/809900954", "josm_url": "http://127.0.0.1:8111/load_object?new_layer=false&objects=w809900954", "id_url": "https://www.openstreetmap.org/edit?editor=id&way=809900954#map=20/59.9187648/10.7293588"}}, {"type": "Feature", "geometry": {"type": "Point", "coordinates": [10.6674705, 59.9905318]}, "properties": {"id": 809964155, "feat_type": "way", "quality_categories": "older_than_five_years, wrong_mispelled_or_unlisted_values", "issue_ids": "[15, 137]", "osm_url": "https://www.openstreetmap.org/way/809964155", "josm_url": "http://127.0.0.1:8111/load_object?new_layer=false&objects=w809964155", "id_url": "https://www.openstreetmap.org/edit?editor=id&way=809964155#map=20/59.9905318/10.6674705"}}, {"type": "Feature", "geometry": {"type": "Point", "coordinates": [10.7471556, 59.9128064]}, "properties": {"id": 810225555, "feat_type": "way", "quality_categories": "wrong_mispelled_or_unlisted_values", "issue_ids": "[7]", "osm_url": "https://www.openstreetmap.org/way/810225555", "josm_url": "http://127.0.0.1:8111/load_object?new_layer=false&objects=w810225555", "id_url": "https://www.openstreetmap.org/edit?editor=id&way=810225555#map=20/59.9128064/10.7471556"}}, {"type": "Feature", "geometry": {"type": "Point", "coordinates": [10.7265769, 59.9235763]}, "properties": {"id": 813235517, "feat_type": "way", "quality_categories": "older_than_five_years, wrong_mispelled_or_unlisted_values", "issue_ids": "[2, 60]", "osm_url": "https://www.openstreetmap.org/way/813235517", "josm_url": "http://127.0.0.1:8111/load_object?new_layer=false&objects=w813235517", "id_url": "https://www.openstreetmap.org/edit?editor=id&way=813235517#map=20/59.9235763/10.7265769"}}, {"type": "Feature", "geometry": {"type": "Point", "coordinates": [10.7266295, 59.9233885]}, "properties": {"id": 813235518, "feat_type": "way", "quality_categories": "older_than_five_years, wrong_mispelled_or_unlisted_values", "issue_ids": "[2, 138]", "osm_url": "https://www.openstreetmap.org/way/813235518", "josm_url": "http://127.0.0.1:8111/load_object?new_layer=false&objects=w813235518", "id_url": "https://www.openstreetmap.org/edit?editor=id&way=813235518#map=20/59.9233885/10.7266295"}}, {"type": "Feature", "geometry": {"type": "Point", "coordinates": [10.7808773, 59.9227341]}, "properties": {"id": 814018920, "feat_type": "way", "quality_categories": "older_than_five_years, wrong_mispelled_or_unlisted_values", "issue_ids": "[2, 134]", "osm_url": "https://www.openstreetmap.org/way/814018920", "josm_url": "http://127.0.0.1:8111/load_object?new_layer=false&objects=w814018920", "id_url": "https://www.openstreetmap.org/edit?editor=id&way=814018920#map=20/59.9227341/10.7808773"}}, {"type": "Feature", "geometry": {"type": "Point", "coordinates": [10.7337296, 59.9380663]}, "properties": {"id": 814151371, "feat_type": "way", "quality_categories": "wrong_mispelled_or_unlisted_values", "issue_ids": "[2]", "osm_url": "https://www.openstreetmap.org/way/814151371", "josm_url": "http://127.0.0.1:8111/load_object?new_layer=false&objects=w814151371", "id_url": "https://www.openstreetmap.org/edit?editor=id&way=814151371#map=20/59.9380663/10.7337296"}}, {"type": "Feature", "geometry": {"type": "Point", "coordinates": [10.7627644, 59.9044637]}, "properties": {"id": 815079307, "feat_type": "way", "quality_categories": "wrong_mispelled_or_unlisted_values", "issue_ids": "[2]", "osm_url": "https://www.openstreetmap.org/way/815079307", "josm_url": "http://127.0.0.1:8111/load_object?new_layer=false&objects=w815079307", "id_url": "https://www.openstreetmap.org/edit?editor=id&way=815079307#map=20/59.9044637/10.7627644"}}, {"type": "Feature", "geometry": {"type": "Point", "coordinates": [10.664451, 59.9057617]}, "properties": {"id": 817919651, "feat_type": "way", "quality_categories": "wrong_mispelled_or_unlisted_values", "issue_ids": "[2]", "osm_url": "https://www.openstreetmap.org/way/817919651", "josm_url": "http://127.0.0.1:8111/load_object?new_layer=false&objects=w817919651", "id_url": "https://www.openstreetmap.org/edit?editor=id&way=817919651#map=20/59.9057617/10.664451"}}, {"type": "Feature", "geometry": {"type": "Point", "coordinates": [10.7320808, 59.9178066]}, "properties": {"id": 827506287, "feat_type": "way", "quality_categories": "wrong_mispelled_or_unlisted_values", "issue_ids": "[2]", "osm_url": "https://www.openstreetmap.org/way/827506287", "josm_url": "http://127.0.0.1:8111/load_object?new_layer=false&objects=w827506287", "id_url": "https://www.openstreetmap.org/edit?editor=id&way=827506287#map=20/59.9178066/10.7320808"}}, {"type": "Feature", "geometry": {"type": "Point", "coordinates": [10.680685, 59.9448433]}, "properties": {"id": 829029594, "feat_type": "way", "quality_categories": "wrong_mispelled_or_unlisted_values", "issue_ids": "[2]", "osm_url": "https://www.openstreetmap.org/way/829029594", "josm_url": "http://127.0.0.1:8111/load_object?new_layer=false&objects=w829029594", "id_url": "https://www.openstreetmap.org/edit?editor=id&way=829029594#map=20/59.9448433/10.680685"}}, {"type": "Feature", "geometry": {"type": "Point", "coordinates": [10.6935187, 59.9846188]}, "properties": {"id": 829880410, "feat_type": "way", "quality_categories": "wrong_mispelled_or_unlisted_values", "issue_ids": "[2]", "osm_url": "https://www.openstreetmap.org/way/829880410", "josm_url": "http://127.0.0.1:8111/load_object?new_layer=false&objects=w829880410", "id_url": "https://www.openstreetmap.org/edit?editor=id&way=829880410#map=20/59.9846188/10.6935187"}}, {"type": "Feature", "geometry": {"type": "Point", "coordinates": [10.637362, 59.9667373]}, "properties": {"id": 830136014, "feat_type": "way", "quality_categories": "older_than_five_years, wrong_mispelled_or_unlisted_values", "issue_ids": "[25, 139]", "osm_url": "https://www.openstreetmap.org/way/830136014", "josm_url": "http://127.0.0.1:8111/load_object?new_layer=false&objects=w830136014", "id_url": "https://www.openstreetmap.org/edit?editor=id&way=830136014#map=20/59.9667373/10.637362"}}, {"type": "Feature", "geometry": {"type": "Point", "coordinates": [10.7136588, 59.9238696]}, "properties": {"id": 831018816, "feat_type": "way", "quality_categories": "wrong_mispelled_or_unlisted_values", "issue_ids": "[2]", "osm_url": "https://www.openstreetmap.org/way/831018816", "josm_url": "http://127.0.0.1:8111/load_object?new_layer=false&objects=w831018816", "id_url": "https://www.openstreetmap.org/edit?editor=id&way=831018816#map=20/59.9238696/10.7136588"}}, {"type": "Feature", "geometry": {"type": "Point", "coordinates": [10.71356595901686, 59.924168800000004]}, "properties": {"id": 831018821, "feat_type": "way", "quality_categories": "wrong_mispelled_or_unlisted_values", "issue_ids": "[2]", "osm_url": "https://www.openstreetmap.org/way/831018821", "josm_url": "http://127.0.0.1:8111/load_object?new_layer=false&objects=w831018821", "id_url": "https://www.openstreetmap.org/edit?editor=id&way=831018821#map=20/59.924168800000004/10.71356595901686"}}, {"type": "Feature", "geometry": {"type": "Point", "coordinates": [10.8987006, 59.88009]}, "properties": {"id": 833321495, "feat_type": "way", "quality_categories": "older_than_five_years, wrong_mispelled_or_unlisted_values", "issue_ids": "[26, 41]", "osm_url": "https://www.openstreetmap.org/way/833321495", "josm_url": "http://127.0.0.1:8111/load_object?new_layer=false&objects=w833321495", "id_url": "https://www.openstreetmap.org/edit?editor=id&way=833321495#map=20/59.88009/10.8987006"}}, {"type": "Feature", "geometry": {"type": "Point", "coordinates": [10.839684, 59.8518928]}, "properties": {"id": 835450141, "feat_type": "way", "quality_categories": "wrong_mispelled_or_unlisted_values", "issue_ids": "[2]", "osm_url": "https://www.openstreetmap.org/way/835450141", "josm_url": "http://127.0.0.1:8111/load_object?new_layer=false&objects=w835450141", "id_url": "https://www.openstreetmap.org/edit?editor=id&way=835450141#map=20/59.8518928/10.839684"}}, {"type": "Feature", "geometry": {"type": "Point", "coordinates": [10.8578296, 59.9205224]}, "properties": {"id": 841512490, "feat_type": "way", "quality_categories": "wrong_mispelled_or_unlisted_values", "issue_ids": "[15]", "osm_url": "https://www.openstreetmap.org/way/841512490", "josm_url": "http://127.0.0.1:8111/load_object?new_layer=false&objects=w841512490", "id_url": "https://www.openstreetmap.org/edit?editor=id&way=841512490#map=20/59.9205224/10.8578296"}}, {"type": "Feature", "geometry": {"type": "Point", "coordinates": [10.8576663, 59.9204483]}, "properties": {"id": 841512493, "feat_type": "way", "quality_categories": "wrong_mispelled_or_unlisted_values", "issue_ids": "[15]", "osm_url": "https://www.openstreetmap.org/way/841512493", "josm_url": "http://127.0.0.1:8111/load_object?new_layer=false&objects=w841512493", "id_url": "https://www.openstreetmap.org/edit?editor=id&way=841512493#map=20/59.9204483/10.8576663"}}, {"type": "Feature", "geometry": {"type": "Point", "coordinates": [10.831629, 59.8163431]}, "properties": {"id": 841513300, "feat_type": "way", "quality_categories": "wrong_mispelled_or_unlisted_values", "issue_ids": "[2]", "osm_url": "https://www.openstreetmap.org/way/841513300", "josm_url": "http://127.0.0.1:8111/load_object?new_layer=false&objects=w841513300", "id_url": "https://www.openstreetmap.org/edit?editor=id&way=841513300#map=20/59.8163431/10.831629"}}, {"type": "Feature", "geometry": {"type": "Point", "coordinates": [10.7917919, 59.9606601]}, "properties": {"id": 842859650, "feat_type": "way", "quality_categories": "wrong_mispelled_or_unlisted_values", "issue_ids": "[2]", "osm_url": "https://www.openstreetmap.org/way/842859650", "josm_url": "http://127.0.0.1:8111/load_object?new_layer=false&objects=w842859650", "id_url": "https://www.openstreetmap.org/edit?editor=id&way=842859650#map=20/59.9606601/10.7917919"}}, {"type": "Feature", "geometry": {"type": "Point", "coordinates": [10.7452936, 59.9211579]}, "properties": {"id": 844335953, "feat_type": "way", "quality_categories": "wrong_mispelled_or_unlisted_values", "issue_ids": "[7]", "osm_url": "https://www.openstreetmap.org/way/844335953", "josm_url": "http://127.0.0.1:8111/load_object?new_layer=false&objects=w844335953", "id_url": "https://www.openstreetmap.org/edit?editor=id&way=844335953#map=20/59.9211579/10.7452936"}}, {"type": "Feature", "geometry": {"type": "Point", "coordinates": [10.7453361, 59.9211912]}, "properties": {"id": 844335954, "feat_type": "way", "quality_categories": "wrong_mispelled_or_unlisted_values", "issue_ids": "[2]", "osm_url": "https://www.openstreetmap.org/way/844335954", "josm_url": "http://127.0.0.1:8111/load_object?new_layer=false&objects=w844335954", "id_url": "https://www.openstreetmap.org/edit?editor=id&way=844335954#map=20/59.9211912/10.7453361"}}, {"type": "Feature", "geometry": {"type": "Point", "coordinates": [10.7452109, 59.9209363]}, "properties": {"id": 844335956, "feat_type": "way", "quality_categories": "wrong_mispelled_or_unlisted_values", "issue_ids": "[7]", "osm_url": "https://www.openstreetmap.org/way/844335956", "josm_url": "http://127.0.0.1:8111/load_object?new_layer=false&objects=w844335956", "id_url": "https://www.openstreetmap.org/edit?editor=id&way=844335956#map=20/59.9209363/10.7452109"}}, {"type": "Feature", "geometry": {"type": "Point", "coordinates": [10.7451138, 59.9209389]}, "properties": {"id": 844335958, "feat_type": "way", "quality_categories": "wrong_mispelled_or_unlisted_values", "issue_ids": "[7]", "osm_url": "https://www.openstreetmap.org/way/844335958", "josm_url": "http://127.0.0.1:8111/load_object?new_layer=false&objects=w844335958", "id_url": "https://www.openstreetmap.org/edit?editor=id&way=844335958#map=20/59.9209389/10.7451138"}}, {"type": "Feature", "geometry": {"type": "Point", "coordinates": [10.753703492210283, 59.922576199999995]}, "properties": {"id": 844366744, "feat_type": "way", "quality_categories": "wrong_mispelled_or_unlisted_values", "issue_ids": "[7]", "osm_url": "https://www.openstreetmap.org/way/844366744", "josm_url": "http://127.0.0.1:8111/load_object?new_layer=false&objects=w844366744", "id_url": "https://www.openstreetmap.org/edit?editor=id&way=844366744#map=20/59.922576199999995/10.753703492210283"}}, {"type": "Feature", "geometry": {"type": "Point", "coordinates": [10.7574508, 59.9185644]}, "properties": {"id": 844366753, "feat_type": "way", "quality_categories": "wrong_mispelled_or_unlisted_values", "issue_ids": "[18]", "osm_url": "https://www.openstreetmap.org/way/844366753", "josm_url": "http://127.0.0.1:8111/load_object?new_layer=false&objects=w844366753", "id_url": "https://www.openstreetmap.org/edit?editor=id&way=844366753#map=20/59.9185644/10.7574508"}}, {"type": "Feature", "geometry": {"type": "Point", "coordinates": [10.7804303, 59.9175611]}, "properties": {"id": 845180729, "feat_type": "way", "quality_categories": "wrong_mispelled_or_unlisted_values", "issue_ids": "[18]", "osm_url": "https://www.openstreetmap.org/way/845180729", "josm_url": "http://127.0.0.1:8111/load_object?new_layer=false&objects=w845180729", "id_url": "https://www.openstreetmap.org/edit?editor=id&way=845180729#map=20/59.9175611/10.7804303"}}, {"type": "Feature", "geometry": {"type": "Point", "coordinates": [10.7601468, 59.9260246]}, "properties": {"id": 849598277, "feat_type": "way", "quality_categories": "wrong_mispelled_or_unlisted_values", "issue_ids": "[2]", "osm_url": "https://www.openstreetmap.org/way/849598277", "josm_url": "http://127.0.0.1:8111/load_object?new_layer=false&objects=w849598277", "id_url": "https://www.openstreetmap.org/edit?editor=id&way=849598277#map=20/59.9260246/10.7601468"}}, {"type": "Feature", "geometry": {"type": "Point", "coordinates": [10.7221084, 59.9339981]}, "properties": {"id": 855363054, "feat_type": "way", "quality_categories": "wrong_mispelled_or_unlisted_values", "issue_ids": "[16]", "osm_url": "https://www.openstreetmap.org/way/855363054", "josm_url": "http://127.0.0.1:8111/load_object?new_layer=false&objects=w855363054", "id_url": "https://www.openstreetmap.org/edit?editor=id&way=855363054#map=20/59.9339981/10.7221084"}}, {"type": "Feature", "geometry": {"type": "Point", "coordinates": [10.7309821, 59.930974]}, "properties": {"id": 857650321, "feat_type": "way", "quality_categories": "wrong_mispelled_or_unlisted_values", "issue_ids": "[7]", "osm_url": "https://www.openstreetmap.org/way/857650321", "josm_url": "http://127.0.0.1:8111/load_object?new_layer=false&objects=w857650321", "id_url": "https://www.openstreetmap.org/edit?editor=id&way=857650321#map=20/59.930974/10.7309821"}}, {"type": "Feature", "geometry": {"type": "Point", "coordinates": [10.7956532, 59.914456]}, "properties": {"id": 858987786, "feat_type": "way", "quality_categories": "wrong_mispelled_or_unlisted_values", "issue_ids": "[18]", "osm_url": "https://www.openstreetmap.org/way/858987786", "josm_url": "http://127.0.0.1:8111/load_object?new_layer=false&objects=w858987786", "id_url": "https://www.openstreetmap.org/edit?editor=id&way=858987786#map=20/59.914456/10.7956532"}}, {"type": "Feature", "geometry": {"type": "Point", "coordinates": [10.7503366, 59.9098939]}, "properties": {"id": 860256852, "feat_type": "way", "quality_categories": "wrong_mispelled_or_unlisted_values", "issue_ids": "[2]", "osm_url": "https://www.openstreetmap.org/way/860256852", "josm_url": "http://127.0.0.1:8111/load_object?new_layer=false&objects=w860256852", "id_url": "https://www.openstreetmap.org/edit?editor=id&way=860256852#map=20/59.9098939/10.7503366"}}, {"type": "Feature", "geometry": {"type": "Point", "coordinates": [10.7610782, 59.9020463]}, "properties": {"id": 861076357, "feat_type": "way", "quality_categories": "wrong_mispelled_or_unlisted_values", "issue_ids": "[5]", "osm_url": "https://www.openstreetmap.org/way/861076357", "josm_url": "http://127.0.0.1:8111/load_object?new_layer=false&objects=w861076357", "id_url": "https://www.openstreetmap.org/edit?editor=id&way=861076357#map=20/59.9020463/10.7610782"}}, {"type": "Feature", "geometry": {"type": "Point", "coordinates": [10.7610152, 59.9021292]}, "properties": {"id": 861076358, "feat_type": "way", "quality_categories": "wrong_mispelled_or_unlisted_values", "issue_ids": "[2]", "osm_url": "https://www.openstreetmap.org/way/861076358", "josm_url": "http://127.0.0.1:8111/load_object?new_layer=false&objects=w861076358", "id_url": "https://www.openstreetmap.org/edit?editor=id&way=861076358#map=20/59.9021292/10.7610152"}}, {"type": "Feature", "geometry": {"type": "Point", "coordinates": [10.7890584, 59.9155282]}, "properties": {"id": 861219271, "feat_type": "way", "quality_categories": "older_than_five_years, wrong_mispelled_or_unlisted_values", "issue_ids": "[5, 121]", "osm_url": "https://www.openstreetmap.org/way/861219271", "josm_url": "http://127.0.0.1:8111/load_object?new_layer=false&objects=w861219271", "id_url": "https://www.openstreetmap.org/edit?editor=id&way=861219271#map=20/59.9155282/10.7890584"}}, {"type": "Feature", "geometry": {"type": "Point", "coordinates": [10.795492, 59.9180283]}, "properties": {"id": 865774409, "feat_type": "way", "quality_categories": "older_than_five_years, wrong_mispelled_or_unlisted_values", "issue_ids": "[5, 134]", "osm_url": "https://www.openstreetmap.org/way/865774409", "josm_url": "http://127.0.0.1:8111/load_object?new_layer=false&objects=w865774409", "id_url": "https://www.openstreetmap.org/edit?editor=id&way=865774409#map=20/59.9180283/10.795492"}}, {"type": "Feature", "geometry": {"type": "Point", "coordinates": [10.7292545, 59.9134447]}, "properties": {"id": 867886031, "feat_type": "way", "quality_categories": "wrong_mispelled_or_unlisted_values", "issue_ids": "[28]", "osm_url": "https://www.openstreetmap.org/way/867886031", "josm_url": "http://127.0.0.1:8111/load_object?new_layer=false&objects=w867886031", "id_url": "https://www.openstreetmap.org/edit?editor=id&way=867886031#map=20/59.9134447/10.7292545"}}, {"type": "Feature", "geometry": {"type": "Point", "coordinates": [10.7294567, 59.9135407]}, "properties": {"id": 867886032, "feat_type": "way", "quality_categories": "wrong_mispelled_or_unlisted_values", "issue_ids": "[140]", "osm_url": "https://www.openstreetmap.org/way/867886032", "josm_url": "http://127.0.0.1:8111/load_object?new_layer=false&objects=w867886032", "id_url": "https://www.openstreetmap.org/edit?editor=id&way=867886032#map=20/59.9135407/10.7294567"}}, {"type": "Feature", "geometry": {"type": "Point", "coordinates": [10.876884729391037, 59.958036199999995]}, "properties": {"id": 868172142, "feat_type": "way", "quality_categories": "wrong_mispelled_or_unlisted_values", "issue_ids": "[2]", "osm_url": "https://www.openstreetmap.org/way/868172142", "josm_url": "http://127.0.0.1:8111/load_object?new_layer=false&objects=w868172142", "id_url": "https://www.openstreetmap.org/edit?editor=id&way=868172142#map=20/59.958036199999995/10.876884729391037"}}, {"type": "Feature", "geometry": {"type": "Point", "coordinates": [10.7494319, 59.9176012]}, "properties": {"id": 871511111, "feat_type": "way", "quality_categories": "wrong_mispelled_or_unlisted_values", "issue_ids": "[7]", "osm_url": "https://www.openstreetmap.org/way/871511111", "josm_url": "http://127.0.0.1:8111/load_object?new_layer=false&objects=w871511111", "id_url": "https://www.openstreetmap.org/edit?editor=id&way=871511111#map=20/59.9176012/10.7494319"}}, {"type": "Feature", "geometry": {"type": "Point", "coordinates": [10.7930324, 59.9166737]}, "properties": {"id": 874873615, "feat_type": "way", "quality_categories": "wrong_mispelled_or_unlisted_values", "issue_ids": "[2]", "osm_url": "https://www.openstreetmap.org/way/874873615", "josm_url": "http://127.0.0.1:8111/load_object?new_layer=false&objects=w874873615", "id_url": "https://www.openstreetmap.org/edit?editor=id&way=874873615#map=20/59.9166737/10.7930324"}}, {"type": "Feature", "geometry": {"type": "Point", "coordinates": [10.7721703, 59.9213233]}, "properties": {"id": 875178105, "feat_type": "way", "quality_categories": "wrong_mispelled_or_unlisted_values", "issue_ids": "[2]", "osm_url": "https://www.openstreetmap.org/way/875178105", "josm_url": "http://127.0.0.1:8111/load_object?new_layer=false&objects=w875178105", "id_url": "https://www.openstreetmap.org/edit?editor=id&way=875178105#map=20/59.9213233/10.7721703"}}, {"type": "Feature", "geometry": {"type": "Point", "coordinates": [10.7690415, 59.9082251]}, "properties": {"id": 878740734, "feat_type": "way", "quality_categories": "wrong_mispelled_or_unlisted_values", "issue_ids": "[2]", "osm_url": "https://www.openstreetmap.org/way/878740734", "josm_url": "http://127.0.0.1:8111/load_object?new_layer=false&objects=w878740734", "id_url": "https://www.openstreetmap.org/edit?editor=id&way=878740734#map=20/59.9082251/10.7690415"}}, {"type": "Feature", "geometry": {"type": "Point", "coordinates": [10.769036110460565, 59.90826645]}, "properties": {"id": 878740735, "feat_type": "way", "quality_categories": "wrong_mispelled_or_unlisted_values", "issue_ids": "[2]", "osm_url": "https://www.openstreetmap.org/way/878740735", "josm_url": "http://127.0.0.1:8111/load_object?new_layer=false&objects=w878740735", "id_url": "https://www.openstreetmap.org/edit?editor=id&way=878740735#map=20/59.90826645/10.769036110460565"}}, {"type": "Feature", "geometry": {"type": "Point", "coordinates": [10.7674069, 59.9110657]}, "properties": {"id": 878740738, "feat_type": "way", "quality_categories": "wrong_mispelled_or_unlisted_values", "issue_ids": "[2]", "osm_url": "https://www.openstreetmap.org/way/878740738", "josm_url": "http://127.0.0.1:8111/load_object?new_layer=false&objects=w878740738", "id_url": "https://www.openstreetmap.org/edit?editor=id&way=878740738#map=20/59.9110657/10.7674069"}}, {"type": "Feature", "geometry": {"type": "Point", "coordinates": [10.7930535, 59.8862027]}, "properties": {"id": 878969762, "feat_type": "way", "quality_categories": "wrong_mispelled_or_unlisted_values", "issue_ids": "[15]", "osm_url": "https://www.openstreetmap.org/way/878969762", "josm_url": "http://127.0.0.1:8111/load_object?new_layer=false&objects=w878969762", "id_url": "https://www.openstreetmap.org/edit?editor=id&way=878969762#map=20/59.8862027/10.7930535"}}, {"type": "Feature", "geometry": {"type": "Point", "coordinates": [10.6842174, 59.9269647]}, "properties": {"id": 881282030, "feat_type": "way", "quality_categories": "wrong_mispelled_or_unlisted_values", "issue_ids": "[2]", "osm_url": "https://www.openstreetmap.org/way/881282030", "josm_url": "http://127.0.0.1:8111/load_object?new_layer=false&objects=w881282030", "id_url": "https://www.openstreetmap.org/edit?editor=id&way=881282030#map=20/59.9269647/10.6842174"}}, {"type": "Feature", "geometry": {"type": "Point", "coordinates": [10.8348803, 59.8921723]}, "properties": {"id": 881698602, "feat_type": "way", "quality_categories": "wrong_mispelled_or_unlisted_values", "issue_ids": "[18]", "osm_url": "https://www.openstreetmap.org/way/881698602", "josm_url": "http://127.0.0.1:8111/load_object?new_layer=false&objects=w881698602", "id_url": "https://www.openstreetmap.org/edit?editor=id&way=881698602#map=20/59.8921723/10.8348803"}}, {"type": "Feature", "geometry": {"type": "Point", "coordinates": [10.8354585, 59.8920783]}, "properties": {"id": 881698604, "feat_type": "way", "quality_categories": "wrong_mispelled_or_unlisted_values", "issue_ids": "[18]", "osm_url": "https://www.openstreetmap.org/way/881698604", "josm_url": "http://127.0.0.1:8111/load_object?new_layer=false&objects=w881698604", "id_url": "https://www.openstreetmap.org/edit?editor=id&way=881698604#map=20/59.8920783/10.8354585"}}, {"type": "Feature", "geometry": {"type": "Point", "coordinates": [10.6605714, 59.9544804]}, "properties": {"id": 891240023, "feat_type": "way", "quality_categories": "wrong_mispelled_or_unlisted_values", "issue_ids": "[2]", "osm_url": "https://www.openstreetmap.org/way/891240023", "josm_url": "http://127.0.0.1:8111/load_object?new_layer=false&objects=w891240023", "id_url": "https://www.openstreetmap.org/edit?editor=id&way=891240023#map=20/59.9544804/10.6605714"}}, {"type": "Feature", "geometry": {"type": "Point", "coordinates": [10.8730568, 59.9492886]}, "properties": {"id": 893839261, "feat_type": "way", "quality_categories": "older_than_five_years, wrong_mispelled_or_unlisted_values", "issue_ids": "[2, 45]", "osm_url": "https://www.openstreetmap.org/way/893839261", "josm_url": "http://127.0.0.1:8111/load_object?new_layer=false&objects=w893839261", "id_url": "https://www.openstreetmap.org/edit?editor=id&way=893839261#map=20/59.9492886/10.8730568"}}, {"type": "Feature", "geometry": {"type": "Point", "coordinates": [10.8729089, 59.9492642]}, "properties": {"id": 893839262, "feat_type": "way", "quality_categories": "older_than_five_years, wrong_mispelled_or_unlisted_values", "issue_ids": "[2, 45]", "osm_url": "https://www.openstreetmap.org/way/893839262", "josm_url": "http://127.0.0.1:8111/load_object?new_layer=false&objects=w893839262", "id_url": "https://www.openstreetmap.org/edit?editor=id&way=893839262#map=20/59.9492642/10.8729089"}}, {"type": "Feature", "geometry": {"type": "Point", "coordinates": [10.8743694, 59.9502237]}, "properties": {"id": 894612557, "feat_type": "way", "quality_categories": "older_than_five_years, wrong_mispelled_or_unlisted_values", "issue_ids": "[2, 46]", "osm_url": "https://www.openstreetmap.org/way/894612557", "josm_url": "http://127.0.0.1:8111/load_object?new_layer=false&objects=w894612557", "id_url": "https://www.openstreetmap.org/edit?editor=id&way=894612557#map=20/59.9502237/10.8743694"}}, {"type": "Feature", "geometry": {"type": "Point", "coordinates": [10.811166, 59.9090448]}, "properties": {"id": 902923950, "feat_type": "way", "quality_categories": "wrong_mispelled_or_unlisted_values", "issue_ids": "[18]", "osm_url": "https://www.openstreetmap.org/way/902923950", "josm_url": "http://127.0.0.1:8111/load_object?new_layer=false&objects=w902923950", "id_url": "https://www.openstreetmap.org/edit?editor=id&way=902923950#map=20/59.9090448/10.811166"}}, {"type": "Feature", "geometry": {"type": "Point", "coordinates": [10.8111551, 59.9090047]}, "properties": {"id": 902923953, "feat_type": "way", "quality_categories": "wrong_mispelled_or_unlisted_values", "issue_ids": "[18]", "osm_url": "https://www.openstreetmap.org/way/902923953", "josm_url": "http://127.0.0.1:8111/load_object?new_layer=false&objects=w902923953", "id_url": "https://www.openstreetmap.org/edit?editor=id&way=902923953#map=20/59.9090047/10.8111551"}}, {"type": "Feature", "geometry": {"type": "Point", "coordinates": [10.7331747, 59.9678905]}, "properties": {"id": 903113255, "feat_type": "way", "quality_categories": "wrong_mispelled_or_unlisted_values", "issue_ids": "[2]", "osm_url": "https://www.openstreetmap.org/way/903113255", "josm_url": "http://127.0.0.1:8111/load_object?new_layer=false&objects=w903113255", "id_url": "https://www.openstreetmap.org/edit?editor=id&way=903113255#map=20/59.9678905/10.7331747"}}, {"type": "Feature", "geometry": {"type": "Point", "coordinates": [10.7510615, 59.9643687]}, "properties": {"id": 906589924, "feat_type": "way", "quality_categories": "wrong_mispelled_or_unlisted_values", "issue_ids": "[2]", "osm_url": "https://www.openstreetmap.org/way/906589924", "josm_url": "http://127.0.0.1:8111/load_object?new_layer=false&objects=w906589924", "id_url": "https://www.openstreetmap.org/edit?editor=id&way=906589924#map=20/59.9643687/10.7510615"}}, {"type": "Feature", "geometry": {"type": "Point", "coordinates": [10.7441011, 59.9235881]}, "properties": {"id": 909258906, "feat_type": "way", "quality_categories": "wrong_mispelled_or_unlisted_values", "issue_ids": "[7]", "osm_url": "https://www.openstreetmap.org/way/909258906", "josm_url": "http://127.0.0.1:8111/load_object?new_layer=false&objects=w909258906", "id_url": "https://www.openstreetmap.org/edit?editor=id&way=909258906#map=20/59.9235881/10.7441011"}}, {"type": "Feature", "geometry": {"type": "Point", "coordinates": [10.7457444, 59.9202036]}, "properties": {"id": 909328577, "feat_type": "way", "quality_categories": "wrong_mispelled_or_unlisted_values", "issue_ids": "[2]", "osm_url": "https://www.openstreetmap.org/way/909328577", "josm_url": "http://127.0.0.1:8111/load_object?new_layer=false&objects=w909328577", "id_url": "https://www.openstreetmap.org/edit?editor=id&way=909328577#map=20/59.9202036/10.7457444"}}, {"type": "Feature", "geometry": {"type": "Point", "coordinates": [10.7453865, 59.9207835]}, "properties": {"id": 909328578, "feat_type": "way", "quality_categories": "wrong_mispelled_or_unlisted_values", "issue_ids": "[7]", "osm_url": "https://www.openstreetmap.org/way/909328578", "josm_url": "http://127.0.0.1:8111/load_object?new_layer=false&objects=w909328578", "id_url": "https://www.openstreetmap.org/edit?editor=id&way=909328578#map=20/59.9207835/10.7453865"}}, {"type": "Feature", "geometry": {"type": "Point", "coordinates": [10.8177999, 59.9190521]}, "properties": {"id": 911607672, "feat_type": "way", "quality_categories": "older_than_five_years, wrong_mispelled_or_unlisted_values", "issue_ids": "[5, 141]", "osm_url": "https://www.openstreetmap.org/way/911607672", "josm_url": "http://127.0.0.1:8111/load_object?new_layer=false&objects=w911607672", "id_url": "https://www.openstreetmap.org/edit?editor=id&way=911607672#map=20/59.9190521/10.8177999"}}, {"type": "Feature", "geometry": {"type": "Point", "coordinates": [10.7618963, 59.9505471]}, "properties": {"id": 911764461, "feat_type": "way", "quality_categories": "wrong_mispelled_or_unlisted_values", "issue_ids": "[5]", "osm_url": "https://www.openstreetmap.org/way/911764461", "josm_url": "http://127.0.0.1:8111/load_object?new_layer=false&objects=w911764461", "id_url": "https://www.openstreetmap.org/edit?editor=id&way=911764461#map=20/59.9505471/10.7618963"}}, {"type": "Feature", "geometry": {"type": "Point", "coordinates": [10.7316169, 59.961498]}, "properties": {"id": 911975929, "feat_type": "way", "quality_categories": "older_than_five_years, wrong_mispelled_or_unlisted_values", "issue_ids": "[2, 73]", "osm_url": "https://www.openstreetmap.org/way/911975929", "josm_url": "http://127.0.0.1:8111/load_object?new_layer=false&objects=w911975929", "id_url": "https://www.openstreetmap.org/edit?editor=id&way=911975929#map=20/59.961498/10.7316169"}}, {"type": "Feature", "geometry": {"type": "Point", "coordinates": [10.7147431, 59.9441046]}, "properties": {"id": 912199506, "feat_type": "way", "quality_categories": "wrong_mispelled_or_unlisted_values", "issue_ids": "[2]", "osm_url": "https://www.openstreetmap.org/way/912199506", "josm_url": "http://127.0.0.1:8111/load_object?new_layer=false&objects=w912199506", "id_url": "https://www.openstreetmap.org/edit?editor=id&way=912199506#map=20/59.9441046/10.7147431"}}, {"type": "Feature", "geometry": {"type": "Point", "coordinates": [10.7315903, 59.9306734]}, "properties": {"id": 913767648, "feat_type": "way", "quality_categories": "wrong_mispelled_or_unlisted_values", "issue_ids": "[7]", "osm_url": "https://www.openstreetmap.org/way/913767648", "josm_url": "http://127.0.0.1:8111/load_object?new_layer=false&objects=w913767648", "id_url": "https://www.openstreetmap.org/edit?editor=id&way=913767648#map=20/59.9306734/10.7315903"}}, {"type": "Feature", "geometry": {"type": "Point", "coordinates": [10.730491, 59.9309756]}, "properties": {"id": 913767651, "feat_type": "way", "quality_categories": "wrong_mispelled_or_unlisted_values", "issue_ids": "[7]", "osm_url": "https://www.openstreetmap.org/way/913767651", "josm_url": "http://127.0.0.1:8111/load_object?new_layer=false&objects=w913767651", "id_url": "https://www.openstreetmap.org/edit?editor=id&way=913767651#map=20/59.9309756/10.730491"}}, {"type": "Feature", "geometry": {"type": "Point", "coordinates": [10.7449236, 59.921441]}, "properties": {"id": 913863015, "feat_type": "way", "quality_categories": "wrong_mispelled_or_unlisted_values", "issue_ids": "[7]", "osm_url": "https://www.openstreetmap.org/way/913863015", "josm_url": "http://127.0.0.1:8111/load_object?new_layer=false&objects=w913863015", "id_url": "https://www.openstreetmap.org/edit?editor=id&way=913863015#map=20/59.921441/10.7449236"}}, {"type": "Feature", "geometry": {"type": "Point", "coordinates": [10.745388, 59.9209939]}, "properties": {"id": 913863019, "feat_type": "way", "quality_categories": "wrong_mispelled_or_unlisted_values", "issue_ids": "[2]", "osm_url": "https://www.openstreetmap.org/way/913863019", "josm_url": "http://127.0.0.1:8111/load_object?new_layer=false&objects=w913863019", "id_url": "https://www.openstreetmap.org/edit?editor=id&way=913863019#map=20/59.9209939/10.745388"}}, {"type": "Feature", "geometry": {"type": "Point", "coordinates": [10.7603202, 59.9202795]}, "properties": {"id": 913918260, "feat_type": "way", "quality_categories": "wrong_mispelled_or_unlisted_values", "issue_ids": "[2]", "osm_url": "https://www.openstreetmap.org/way/913918260", "josm_url": "http://127.0.0.1:8111/load_object?new_layer=false&objects=w913918260", "id_url": "https://www.openstreetmap.org/edit?editor=id&way=913918260#map=20/59.9202795/10.7603202"}}, {"type": "Feature", "geometry": {"type": "Point", "coordinates": [10.7729744, 59.9188894]}, "properties": {"id": 914146956, "feat_type": "way", "quality_categories": "wrong_mispelled_or_unlisted_values", "issue_ids": "[2]", "osm_url": "https://www.openstreetmap.org/way/914146956", "josm_url": "http://127.0.0.1:8111/load_object?new_layer=false&objects=w914146956", "id_url": "https://www.openstreetmap.org/edit?editor=id&way=914146956#map=20/59.9188894/10.7729744"}}, {"type": "Feature", "geometry": {"type": "Point", "coordinates": [10.7729469, 59.9185583]}, "properties": {"id": 914146957, "feat_type": "way", "quality_categories": "wrong_mispelled_or_unlisted_values", "issue_ids": "[2]", "osm_url": "https://www.openstreetmap.org/way/914146957", "josm_url": "http://127.0.0.1:8111/load_object?new_layer=false&objects=w914146957", "id_url": "https://www.openstreetmap.org/edit?editor=id&way=914146957#map=20/59.9185583/10.7729469"}}, {"type": "Feature", "geometry": {"type": "Point", "coordinates": [10.7727417, 59.9186815]}, "properties": {"id": 914146958, "feat_type": "way", "quality_categories": "wrong_mispelled_or_unlisted_values", "issue_ids": "[2]", "osm_url": "https://www.openstreetmap.org/way/914146958", "josm_url": "http://127.0.0.1:8111/load_object?new_layer=false&objects=w914146958", "id_url": "https://www.openstreetmap.org/edit?editor=id&way=914146958#map=20/59.9186815/10.7727417"}}, {"type": "Feature", "geometry": {"type": "Point", "coordinates": [10.7526327, 59.9327051]}, "properties": {"id": 914216377, "feat_type": "way", "quality_categories": "wrong_mispelled_or_unlisted_values", "issue_ids": "[2]", "osm_url": "https://www.openstreetmap.org/way/914216377", "josm_url": "http://127.0.0.1:8111/load_object?new_layer=false&objects=w914216377", "id_url": "https://www.openstreetmap.org/edit?editor=id&way=914216377#map=20/59.9327051/10.7526327"}}, {"type": "Feature", "geometry": {"type": "Point", "coordinates": [10.7435381, 59.9283032]}, "properties": {"id": 914590243, "feat_type": "way", "quality_categories": "wrong_mispelled_or_unlisted_values", "issue_ids": "[2]", "osm_url": "https://www.openstreetmap.org/way/914590243", "josm_url": "http://127.0.0.1:8111/load_object?new_layer=false&objects=w914590243", "id_url": "https://www.openstreetmap.org/edit?editor=id&way=914590243#map=20/59.9283032/10.7435381"}}, {"type": "Feature", "geometry": {"type": "Point", "coordinates": [10.7604413, 59.9265033]}, "properties": {"id": 914644962, "feat_type": "way", "quality_categories": "wrong_mispelled_or_unlisted_values", "issue_ids": "[2]", "osm_url": "https://www.openstreetmap.org/way/914644962", "josm_url": "http://127.0.0.1:8111/load_object?new_layer=false&objects=w914644962", "id_url": "https://www.openstreetmap.org/edit?editor=id&way=914644962#map=20/59.9265033/10.7604413"}}, {"type": "Feature", "geometry": {"type": "Point", "coordinates": [10.7726747, 59.9624099]}, "properties": {"id": 914736850, "feat_type": "way", "quality_categories": "wrong_mispelled_or_unlisted_values", "issue_ids": "[2]", "osm_url": "https://www.openstreetmap.org/way/914736850", "josm_url": "http://127.0.0.1:8111/load_object?new_layer=false&objects=w914736850", "id_url": "https://www.openstreetmap.org/edit?editor=id&way=914736850#map=20/59.9624099/10.7726747"}}, {"type": "Feature", "geometry": {"type": "Point", "coordinates": [10.764985, 59.9413172]}, "properties": {"id": 915518109, "feat_type": "way", "quality_categories": "wrong_mispelled_or_unlisted_values", "issue_ids": "[2]", "osm_url": "https://www.openstreetmap.org/way/915518109", "josm_url": "http://127.0.0.1:8111/load_object?new_layer=false&objects=w915518109", "id_url": "https://www.openstreetmap.org/edit?editor=id&way=915518109#map=20/59.9413172/10.764985"}}, {"type": "Feature", "geometry": {"type": "Point", "coordinates": [10.7649929, 59.9409617]}, "properties": {"id": 915518110, "feat_type": "way", "quality_categories": "wrong_mispelled_or_unlisted_values", "issue_ids": "[2]", "osm_url": "https://www.openstreetmap.org/way/915518110", "josm_url": "http://127.0.0.1:8111/load_object?new_layer=false&objects=w915518110", "id_url": "https://www.openstreetmap.org/edit?editor=id&way=915518110#map=20/59.9409617/10.7649929"}}, {"type": "Feature", "geometry": {"type": "Point", "coordinates": [10.7645398, 59.9410677]}, "properties": {"id": 915518111, "feat_type": "way", "quality_categories": "wrong_mispelled_or_unlisted_values", "issue_ids": "[2]", "osm_url": "https://www.openstreetmap.org/way/915518111", "josm_url": "http://127.0.0.1:8111/load_object?new_layer=false&objects=w915518111", "id_url": "https://www.openstreetmap.org/edit?editor=id&way=915518111#map=20/59.9410677/10.7645398"}}, {"type": "Feature", "geometry": {"type": "Point", "coordinates": [10.742041, 59.9051219]}, "properties": {"id": 915817239, "feat_type": "way", "quality_categories": "older_than_five_years, wrong_mispelled_or_unlisted_values", "issue_ids": "[2, 142]", "osm_url": "https://www.openstreetmap.org/way/915817239", "josm_url": "http://127.0.0.1:8111/load_object?new_layer=false&objects=w915817239", "id_url": "https://www.openstreetmap.org/edit?editor=id&way=915817239#map=20/59.9051219/10.742041"}}, {"type": "Feature", "geometry": {"type": "Point", "coordinates": [10.7625528, 59.9482399]}, "properties": {"id": 916236741, "feat_type": "way", "quality_categories": "older_than_five_years, wrong_mispelled_or_unlisted_values", "issue_ids": "[2, 60]", "osm_url": "https://www.openstreetmap.org/way/916236741", "josm_url": "http://127.0.0.1:8111/load_object?new_layer=false&objects=w916236741", "id_url": "https://www.openstreetmap.org/edit?editor=id&way=916236741#map=20/59.9482399/10.7625528"}}, {"type": "Feature", "geometry": {"type": "Point", "coordinates": [10.7627678, 59.9486621]}, "properties": {"id": 916236742, "feat_type": "way", "quality_categories": "wrong_mispelled_or_unlisted_values", "issue_ids": "[2]", "osm_url": "https://www.openstreetmap.org/way/916236742", "josm_url": "http://127.0.0.1:8111/load_object?new_layer=false&objects=w916236742", "id_url": "https://www.openstreetmap.org/edit?editor=id&way=916236742#map=20/59.9486621/10.7627678"}}, {"type": "Feature", "geometry": {"type": "Point", "coordinates": [10.743244, 59.9279017]}, "properties": {"id": 916304313, "feat_type": "way", "quality_categories": "wrong_mispelled_or_unlisted_values", "issue_ids": "[2]", "osm_url": "https://www.openstreetmap.org/way/916304313", "josm_url": "http://127.0.0.1:8111/load_object?new_layer=false&objects=w916304313", "id_url": "https://www.openstreetmap.org/edit?editor=id&way=916304313#map=20/59.9279017/10.743244"}}, {"type": "Feature", "geometry": {"type": "Point", "coordinates": [10.7125781, 59.9430169]}, "properties": {"id": 916705827, "feat_type": "way", "quality_categories": "older_than_five_years, wrong_mispelled_or_unlisted_values", "issue_ids": "[7, 143]", "osm_url": "https://www.openstreetmap.org/way/916705827", "josm_url": "http://127.0.0.1:8111/load_object?new_layer=false&objects=w916705827", "id_url": "https://www.openstreetmap.org/edit?editor=id&way=916705827#map=20/59.9430169/10.7125781"}}, {"type": "Feature", "geometry": {"type": "Point", "coordinates": [10.7126428, 59.9430492]}, "properties": {"id": 916705828, "feat_type": "way", "quality_categories": "older_than_five_years, wrong_mispelled_or_unlisted_values", "issue_ids": "[7, 143]", "osm_url": "https://www.openstreetmap.org/way/916705828", "josm_url": "http://127.0.0.1:8111/load_object?new_layer=false&objects=w916705828", "id_url": "https://www.openstreetmap.org/edit?editor=id&way=916705828#map=20/59.9430492/10.7126428"}}, {"type": "Feature", "geometry": {"type": "Point", "coordinates": [10.7680137, 59.9127691]}, "properties": {"id": 917883386, "feat_type": "way", "quality_categories": "older_than_five_years, wrong_mispelled_or_unlisted_values", "issue_ids": "[59, 144]", "osm_url": "https://www.openstreetmap.org/way/917883386", "josm_url": "http://127.0.0.1:8111/load_object?new_layer=false&objects=w917883386", "id_url": "https://www.openstreetmap.org/edit?editor=id&way=917883386#map=20/59.9127691/10.7680137"}}, {"type": "Feature", "geometry": {"type": "Point", "coordinates": [10.6744431, 59.9291606]}, "properties": {"id": 918595523, "feat_type": "way", "quality_categories": "wrong_mispelled_or_unlisted_values", "issue_ids": "[2]", "osm_url": "https://www.openstreetmap.org/way/918595523", "josm_url": "http://127.0.0.1:8111/load_object?new_layer=false&objects=w918595523", "id_url": "https://www.openstreetmap.org/edit?editor=id&way=918595523#map=20/59.9291606/10.6744431"}}, {"type": "Feature", "geometry": {"type": "Point", "coordinates": [10.7808445, 59.966608]}, "properties": {"id": 919299649, "feat_type": "way", "quality_categories": "wrong_mispelled_or_unlisted_values", "issue_ids": "[2]", "osm_url": "https://www.openstreetmap.org/way/919299649", "josm_url": "http://127.0.0.1:8111/load_object?new_layer=false&objects=w919299649", "id_url": "https://www.openstreetmap.org/edit?editor=id&way=919299649#map=20/59.966608/10.7808445"}}, {"type": "Feature", "geometry": {"type": "Point", "coordinates": [10.7352746, 59.9078731]}, "properties": {"id": 922071069, "feat_type": "way", "quality_categories": "wrong_mispelled_or_unlisted_values", "issue_ids": "[2]", "osm_url": "https://www.openstreetmap.org/way/922071069", "josm_url": "http://127.0.0.1:8111/load_object?new_layer=false&objects=w922071069", "id_url": "https://www.openstreetmap.org/edit?editor=id&way=922071069#map=20/59.9078731/10.7352746"}}, {"type": "Feature", "geometry": {"type": "Point", "coordinates": [10.753432, 59.9026164]}, "properties": {"id": 923476134, "feat_type": "way", "quality_categories": "wrong_mispelled_or_unlisted_values", "issue_ids": "[90]", "osm_url": "https://www.openstreetmap.org/way/923476134", "josm_url": "http://127.0.0.1:8111/load_object?new_layer=false&objects=w923476134", "id_url": "https://www.openstreetmap.org/edit?editor=id&way=923476134#map=20/59.9026164/10.753432"}}, {"type": "Feature", "geometry": {"type": "Point", "coordinates": [10.7534322, 59.9026388]}, "properties": {"id": 923476135, "feat_type": "way", "quality_categories": "wrong_mispelled_or_unlisted_values", "issue_ids": "[90]", "osm_url": "https://www.openstreetmap.org/way/923476135", "josm_url": "http://127.0.0.1:8111/load_object?new_layer=false&objects=w923476135", "id_url": "https://www.openstreetmap.org/edit?editor=id&way=923476135#map=20/59.9026388/10.7534322"}}, {"type": "Feature", "geometry": {"type": "Point", "coordinates": [10.7436467, 59.9074227]}, "properties": {"id": 926752766, "feat_type": "way", "quality_categories": "older_than_five_years, wrong_mispelled_or_unlisted_values", "issue_ids": "[2, 145]", "osm_url": "https://www.openstreetmap.org/way/926752766", "josm_url": "http://127.0.0.1:8111/load_object?new_layer=false&objects=w926752766", "id_url": "https://www.openstreetmap.org/edit?editor=id&way=926752766#map=20/59.9074227/10.7436467"}}, {"type": "Feature", "geometry": {"type": "Point", "coordinates": [10.7436467, 59.9074227]}, "properties": {"id": 926752767, "feat_type": "way", "quality_categories": "older_than_five_years, wrong_mispelled_or_unlisted_values", "issue_ids": "[2, 145]", "osm_url": "https://www.openstreetmap.org/way/926752767", "josm_url": "http://127.0.0.1:8111/load_object?new_layer=false&objects=w926752767", "id_url": "https://www.openstreetmap.org/edit?editor=id&way=926752767#map=20/59.9074227/10.7436467"}}, {"type": "Feature", "geometry": {"type": "Point", "coordinates": [10.915271, 59.9357447]}, "properties": {"id": 931147216, "feat_type": "way", "quality_categories": "older_than_five_years, wrong_mispelled_or_unlisted_values", "issue_ids": "[18, 146]", "osm_url": "https://www.openstreetmap.org/way/931147216", "josm_url": "http://127.0.0.1:8111/load_object?new_layer=false&objects=w931147216", "id_url": "https://www.openstreetmap.org/edit?editor=id&way=931147216#map=20/59.9357447/10.915271"}}, {"type": "Feature", "geometry": {"type": "Point", "coordinates": [10.9152979, 59.9356892]}, "properties": {"id": 931147218, "feat_type": "way", "quality_categories": "older_than_five_years, wrong_mispelled_or_unlisted_values", "issue_ids": "[18, 146]", "osm_url": "https://www.openstreetmap.org/way/931147218", "josm_url": "http://127.0.0.1:8111/load_object?new_layer=false&objects=w931147218", "id_url": "https://www.openstreetmap.org/edit?editor=id&way=931147218#map=20/59.9356892/10.9152979"}}, {"type": "Feature", "geometry": {"type": "Point", "coordinates": [10.7881922, 59.9295713]}, "properties": {"id": 935408448, "feat_type": "way", "quality_categories": "wrong_mispelled_or_unlisted_values", "issue_ids": "[38]", "osm_url": "https://www.openstreetmap.org/way/935408448", "josm_url": "http://127.0.0.1:8111/load_object?new_layer=false&objects=w935408448", "id_url": "https://www.openstreetmap.org/edit?editor=id&way=935408448#map=20/59.9295713/10.7881922"}}, {"type": "Feature", "geometry": {"type": "Point", "coordinates": [10.7885399, 59.9198883]}, "properties": {"id": 936247207, "feat_type": "way", "quality_categories": "wrong_mispelled_or_unlisted_values", "issue_ids": "[2]", "osm_url": "https://www.openstreetmap.org/way/936247207", "josm_url": "http://127.0.0.1:8111/load_object?new_layer=false&objects=w936247207", "id_url": "https://www.openstreetmap.org/edit?editor=id&way=936247207#map=20/59.9198883/10.7885399"}}, {"type": "Feature", "geometry": {"type": "Point", "coordinates": [10.7540011, 59.9035154]}, "properties": {"id": 936514845, "feat_type": "way", "quality_categories": "wrong_mispelled_or_unlisted_values", "issue_ids": "[90]", "osm_url": "https://www.openstreetmap.org/way/936514845", "josm_url": "http://127.0.0.1:8111/load_object?new_layer=false&objects=w936514845", "id_url": "https://www.openstreetmap.org/edit?editor=id&way=936514845#map=20/59.9035154/10.7540011"}}, {"type": "Feature", "geometry": {"type": "Point", "coordinates": [10.7532561, 59.9046377]}, "properties": {"id": 936514846, "feat_type": "way", "quality_categories": "wrong_mispelled_or_unlisted_values", "issue_ids": "[90]", "osm_url": "https://www.openstreetmap.org/way/936514846", "josm_url": "http://127.0.0.1:8111/load_object?new_layer=false&objects=w936514846", "id_url": "https://www.openstreetmap.org/edit?editor=id&way=936514846#map=20/59.9046377/10.7532561"}}, {"type": "Feature", "geometry": {"type": "Point", "coordinates": [10.7552067, 59.9183104]}, "properties": {"id": 939286319, "feat_type": "way", "quality_categories": "wrong_mispelled_or_unlisted_values", "issue_ids": "[2]", "osm_url": "https://www.openstreetmap.org/way/939286319", "josm_url": "http://127.0.0.1:8111/load_object?new_layer=false&objects=w939286319", "id_url": "https://www.openstreetmap.org/edit?editor=id&way=939286319#map=20/59.9183104/10.7552067"}}, {"type": "Feature", "geometry": {"type": "Point", "coordinates": [10.7673104, 59.9018519]}, "properties": {"id": 939721848, "feat_type": "way", "quality_categories": "older_than_five_years, wrong_mispelled_or_unlisted_values", "issue_ids": "[2, 147]", "osm_url": "https://www.openstreetmap.org/way/939721848", "josm_url": "http://127.0.0.1:8111/load_object?new_layer=false&objects=w939721848", "id_url": "https://www.openstreetmap.org/edit?editor=id&way=939721848#map=20/59.9018519/10.7673104"}}, {"type": "Feature", "geometry": {"type": "Point", "coordinates": [10.7908514, 59.9167337]}, "properties": {"id": 940733156, "feat_type": "way", "quality_categories": "older_than_five_years, wrong_mispelled_or_unlisted_values", "issue_ids": "[5, 121]", "osm_url": "https://www.openstreetmap.org/way/940733156", "josm_url": "http://127.0.0.1:8111/load_object?new_layer=false&objects=w940733156", "id_url": "https://www.openstreetmap.org/edit?editor=id&way=940733156#map=20/59.9167337/10.7908514"}}, {"type": "Feature", "geometry": {"type": "Point", "coordinates": [10.7909482, 59.9168647]}, "properties": {"id": 940733159, "feat_type": "way", "quality_categories": "older_than_five_years, wrong_mispelled_or_unlisted_values", "issue_ids": "[5, 121]", "osm_url": "https://www.openstreetmap.org/way/940733159", "josm_url": "http://127.0.0.1:8111/load_object?new_layer=false&objects=w940733159", "id_url": "https://www.openstreetmap.org/edit?editor=id&way=940733159#map=20/59.9168647/10.7909482"}}, {"type": "Feature", "geometry": {"type": "Point", "coordinates": [10.7929482, 59.9194673]}, "properties": {"id": 940973033, "feat_type": "way", "quality_categories": "older_than_five_years, wrong_mispelled_or_unlisted_values", "issue_ids": "[59, 148]", "osm_url": "https://www.openstreetmap.org/way/940973033", "josm_url": "http://127.0.0.1:8111/load_object?new_layer=false&objects=w940973033", "id_url": "https://www.openstreetmap.org/edit?editor=id&way=940973033#map=20/59.9194673/10.7929482"}}, {"type": "Feature", "geometry": {"type": "Point", "coordinates": [10.7955815, 59.9174946]}, "properties": {"id": 940977847, "feat_type": "way", "quality_categories": "wrong_mispelled_or_unlisted_values", "issue_ids": "[2]", "osm_url": "https://www.openstreetmap.org/way/940977847", "josm_url": "http://127.0.0.1:8111/load_object?new_layer=false&objects=w940977847", "id_url": "https://www.openstreetmap.org/edit?editor=id&way=940977847#map=20/59.9174946/10.7955815"}}, {"type": "Feature", "geometry": {"type": "Point", "coordinates": [10.7954409, 59.9178392]}, "properties": {"id": 940977850, "feat_type": "way", "quality_categories": "older_than_five_years, wrong_mispelled_or_unlisted_values", "issue_ids": "[2, 134]", "osm_url": "https://www.openstreetmap.org/way/940977850", "josm_url": "http://127.0.0.1:8111/load_object?new_layer=false&objects=w940977850", "id_url": "https://www.openstreetmap.org/edit?editor=id&way=940977850#map=20/59.9178392/10.7954409"}}, {"type": "Feature", "geometry": {"type": "Point", "coordinates": [10.7513111, 59.9323674]}, "properties": {"id": 941378754, "feat_type": "way", "quality_categories": "wrong_mispelled_or_unlisted_values", "issue_ids": "[2]", "osm_url": "https://www.openstreetmap.org/way/941378754", "josm_url": "http://127.0.0.1:8111/load_object?new_layer=false&objects=w941378754", "id_url": "https://www.openstreetmap.org/edit?editor=id&way=941378754#map=20/59.9323674/10.7513111"}}, {"type": "Feature", "geometry": {"type": "Point", "coordinates": [10.7881928, 59.9282147]}, "properties": {"id": 941576718, "feat_type": "way", "quality_categories": "older_than_five_years, wrong_mispelled_or_unlisted_values", "issue_ids": "[2, 134]", "osm_url": "https://www.openstreetmap.org/way/941576718", "josm_url": "http://127.0.0.1:8111/load_object?new_layer=false&objects=w941576718", "id_url": "https://www.openstreetmap.org/edit?editor=id&way=941576718#map=20/59.9282147/10.7881928"}}, {"type": "Feature", "geometry": {"type": "Point", "coordinates": [10.7884423, 59.9283154]}, "properties": {"id": 941576719, "feat_type": "way", "quality_categories": "older_than_five_years, wrong_mispelled_or_unlisted_values", "issue_ids": "[90, 134]", "osm_url": "https://www.openstreetmap.org/way/941576719", "josm_url": "http://127.0.0.1:8111/load_object?new_layer=false&objects=w941576719", "id_url": "https://www.openstreetmap.org/edit?editor=id&way=941576719#map=20/59.9283154/10.7884423"}}, {"type": "Feature", "geometry": {"type": "Point", "coordinates": [10.7932246, 59.9199376]}, "properties": {"id": 941578856, "feat_type": "way", "quality_categories": "older_than_five_years, wrong_mispelled_or_unlisted_values", "issue_ids": "[2, 134]", "osm_url": "https://www.openstreetmap.org/way/941578856", "josm_url": "http://127.0.0.1:8111/load_object?new_layer=false&objects=w941578856", "id_url": "https://www.openstreetmap.org/edit?editor=id&way=941578856#map=20/59.9199376/10.7932246"}}, {"type": "Feature", "geometry": {"type": "Point", "coordinates": [10.800549, 59.9051745]}, "properties": {"id": 945870544, "feat_type": "way", "quality_categories": "wrong_mispelled_or_unlisted_values", "issue_ids": "[2]", "osm_url": "https://www.openstreetmap.org/way/945870544", "josm_url": "http://127.0.0.1:8111/load_object?new_layer=false&objects=w945870544", "id_url": "https://www.openstreetmap.org/edit?editor=id&way=945870544#map=20/59.9051745/10.800549"}}, {"type": "Feature", "geometry": {"type": "Point", "coordinates": [10.743139, 59.9054307]}, "properties": {"id": 946967137, "feat_type": "way", "quality_categories": "wrong_mispelled_or_unlisted_values", "issue_ids": "[2]", "osm_url": "https://www.openstreetmap.org/way/946967137", "josm_url": "http://127.0.0.1:8111/load_object?new_layer=false&objects=w946967137", "id_url": "https://www.openstreetmap.org/edit?editor=id&way=946967137#map=20/59.9054307/10.743139"}}, {"type": "Feature", "geometry": {"type": "Point", "coordinates": [10.7429648, 59.9055857]}, "properties": {"id": 946967138, "feat_type": "way", "quality_categories": "wrong_mispelled_or_unlisted_values", "issue_ids": "[2]", "osm_url": "https://www.openstreetmap.org/way/946967138", "josm_url": "http://127.0.0.1:8111/load_object?new_layer=false&objects=w946967138", "id_url": "https://www.openstreetmap.org/edit?editor=id&way=946967138#map=20/59.9055857/10.7429648"}}, {"type": "Feature", "geometry": {"type": "Point", "coordinates": [10.7431264, 59.905755]}, "properties": {"id": 946967139, "feat_type": "way", "quality_categories": "wrong_mispelled_or_unlisted_values", "issue_ids": "[2]", "osm_url": "https://www.openstreetmap.org/way/946967139", "josm_url": "http://127.0.0.1:8111/load_object?new_layer=false&objects=w946967139", "id_url": "https://www.openstreetmap.org/edit?editor=id&way=946967139#map=20/59.905755/10.7431264"}}, {"type": "Feature", "geometry": {"type": "Point", "coordinates": [10.743192, 59.9058237]}, "properties": {"id": 946967140, "feat_type": "way", "quality_categories": "wrong_mispelled_or_unlisted_values", "issue_ids": "[2]", "osm_url": "https://www.openstreetmap.org/way/946967140", "josm_url": "http://127.0.0.1:8111/load_object?new_layer=false&objects=w946967140", "id_url": "https://www.openstreetmap.org/edit?editor=id&way=946967140#map=20/59.9058237/10.743192"}}, {"type": "Feature", "geometry": {"type": "Point", "coordinates": [10.7925368, 59.9670875]}, "properties": {"id": 947212125, "feat_type": "way", "quality_categories": "wrong_mispelled_or_unlisted_values", "issue_ids": "[2]", "osm_url": "https://www.openstreetmap.org/way/947212125", "josm_url": "http://127.0.0.1:8111/load_object?new_layer=false&objects=w947212125", "id_url": "https://www.openstreetmap.org/edit?editor=id&way=947212125#map=20/59.9670875/10.7925368"}}, {"type": "Feature", "geometry": {"type": "Point", "coordinates": [10.7238783, 59.9080867]}, "properties": {"id": 947246772, "feat_type": "way", "quality_categories": "older_than_five_years, wrong_mispelled_or_unlisted_values", "issue_ids": "[5, 149]", "osm_url": "https://www.openstreetmap.org/way/947246772", "josm_url": "http://127.0.0.1:8111/load_object?new_layer=false&objects=w947246772", "id_url": "https://www.openstreetmap.org/edit?editor=id&way=947246772#map=20/59.9080867/10.7238783"}}, {"type": "Feature", "geometry": {"type": "Point", "coordinates": [10.7255084, 59.9088137]}, "properties": {"id": 947246787, "feat_type": "way", "quality_categories": "older_than_five_years, wrong_mispelled_or_unlisted_values", "issue_ids": "[5, 149]", "osm_url": "https://www.openstreetmap.org/way/947246787", "josm_url": "http://127.0.0.1:8111/load_object?new_layer=false&objects=w947246787", "id_url": "https://www.openstreetmap.org/edit?editor=id&way=947246787#map=20/59.9088137/10.7255084"}}, {"type": "Feature", "geometry": {"type": "Point", "coordinates": [10.7674773, 59.8814929]}, "properties": {"id": 949844442, "feat_type": "way", "quality_categories": "wrong_mispelled_or_unlisted_values", "issue_ids": "[2]", "osm_url": "https://www.openstreetmap.org/way/949844442", "josm_url": "http://127.0.0.1:8111/load_object?new_layer=false&objects=w949844442", "id_url": "https://www.openstreetmap.org/edit?editor=id&way=949844442#map=20/59.8814929/10.7674773"}}, {"type": "Feature", "geometry": {"type": "Point", "coordinates": [10.797522, 59.9303148]}, "properties": {"id": 950188830, "feat_type": "way", "quality_categories": "wrong_mispelled_or_unlisted_values", "issue_ids": "[150]", "osm_url": "https://www.openstreetmap.org/way/950188830", "josm_url": "http://127.0.0.1:8111/load_object?new_layer=false&objects=w950188830", "id_url": "https://www.openstreetmap.org/edit?editor=id&way=950188830#map=20/59.9303148/10.797522"}}, {"type": "Feature", "geometry": {"type": "Point", "coordinates": [10.7139764, 59.8849824]}, "properties": {"id": 957839880, "feat_type": "way", "quality_categories": "wrong_mispelled_or_unlisted_values", "issue_ids": "[2]", "osm_url": "https://www.openstreetmap.org/way/957839880", "josm_url": "http://127.0.0.1:8111/load_object?new_layer=false&objects=w957839880", "id_url": "https://www.openstreetmap.org/edit?editor=id&way=957839880#map=20/59.8849824/10.7139764"}}, {"type": "Feature", "geometry": {"type": "Point", "coordinates": [10.7194619, 59.8836924]}, "properties": {"id": 957839884, "feat_type": "way", "quality_categories": "wrong_mispelled_or_unlisted_values", "issue_ids": "[2]", "osm_url": "https://www.openstreetmap.org/way/957839884", "josm_url": "http://127.0.0.1:8111/load_object?new_layer=false&objects=w957839884", "id_url": "https://www.openstreetmap.org/edit?editor=id&way=957839884#map=20/59.8836924/10.7194619"}}, {"type": "Feature", "geometry": {"type": "Point", "coordinates": [10.716203, 59.8826784]}, "properties": {"id": 957839886, "feat_type": "way", "quality_categories": "wrong_mispelled_or_unlisted_values", "issue_ids": "[2]", "osm_url": "https://www.openstreetmap.org/way/957839886", "josm_url": "http://127.0.0.1:8111/load_object?new_layer=false&objects=w957839886", "id_url": "https://www.openstreetmap.org/edit?editor=id&way=957839886#map=20/59.8826784/10.716203"}}, {"type": "Feature", "geometry": {"type": "Point", "coordinates": [10.7177329, 59.8841925]}, "properties": {"id": 957839889, "feat_type": "way", "quality_categories": "wrong_mispelled_or_unlisted_values", "issue_ids": "[16]", "osm_url": "https://www.openstreetmap.org/way/957839889", "josm_url": "http://127.0.0.1:8111/load_object?new_layer=false&objects=w957839889", "id_url": "https://www.openstreetmap.org/edit?editor=id&way=957839889#map=20/59.8841925/10.7177329"}}, {"type": "Feature", "geometry": {"type": "Point", "coordinates": [10.7166784, 59.8835713]}, "properties": {"id": 957839891, "feat_type": "way", "quality_categories": "wrong_mispelled_or_unlisted_values", "issue_ids": "[2]", "osm_url": "https://www.openstreetmap.org/way/957839891", "josm_url": "http://127.0.0.1:8111/load_object?new_layer=false&objects=w957839891", "id_url": "https://www.openstreetmap.org/edit?editor=id&way=957839891#map=20/59.8835713/10.7166784"}}, {"type": "Feature", "geometry": {"type": "Point", "coordinates": [10.7189665, 59.8799928]}, "properties": {"id": 957842153, "feat_type": "way", "quality_categories": "wrong_mispelled_or_unlisted_values", "issue_ids": "[18]", "osm_url": "https://www.openstreetmap.org/way/957842153", "josm_url": "http://127.0.0.1:8111/load_object?new_layer=false&objects=w957842153", "id_url": "https://www.openstreetmap.org/edit?editor=id&way=957842153#map=20/59.8799928/10.7189665"}}, {"type": "Feature", "geometry": {"type": "Point", "coordinates": [10.7442598, 59.9325479]}, "properties": {"id": 964232041, "feat_type": "way", "quality_categories": "wrong_mispelled_or_unlisted_values", "issue_ids": "[2]", "osm_url": "https://www.openstreetmap.org/way/964232041", "josm_url": "http://127.0.0.1:8111/load_object?new_layer=false&objects=w964232041", "id_url": "https://www.openstreetmap.org/edit?editor=id&way=964232041#map=20/59.9325479/10.7442598"}}, {"type": "Feature", "geometry": {"type": "Point", "coordinates": [10.696303, 59.9292234]}, "properties": {"id": 970629391, "feat_type": "way", "quality_categories": "wrong_mispelled_or_unlisted_values", "issue_ids": "[2]", "osm_url": "https://www.openstreetmap.org/way/970629391", "josm_url": "http://127.0.0.1:8111/load_object?new_layer=false&objects=w970629391", "id_url": "https://www.openstreetmap.org/edit?editor=id&way=970629391#map=20/59.9292234/10.696303"}}, {"type": "Feature", "geometry": {"type": "Point", "coordinates": [10.9378237, 59.9665836]}, "properties": {"id": 971644686, "feat_type": "way", "quality_categories": "older_than_five_years, wrong_mispelled_or_unlisted_values", "issue_ids": "[7, 151]", "osm_url": "https://www.openstreetmap.org/way/971644686", "josm_url": "http://127.0.0.1:8111/load_object?new_layer=false&objects=w971644686", "id_url": "https://www.openstreetmap.org/edit?editor=id&way=971644686#map=20/59.9665836/10.9378237"}}, {"type": "Feature", "geometry": {"type": "Point", "coordinates": [10.7944868, 59.8233422]}, "properties": {"id": 971658723, "feat_type": "way", "quality_categories": "older_than_five_years, wrong_mispelled_or_unlisted_values", "issue_ids": "[25, 151]", "osm_url": "https://www.openstreetmap.org/way/971658723", "josm_url": "http://127.0.0.1:8111/load_object?new_layer=false&objects=w971658723", "id_url": "https://www.openstreetmap.org/edit?editor=id&way=971658723#map=20/59.8233422/10.7944868"}}, {"type": "Feature", "geometry": {"type": "Point", "coordinates": [10.7503796, 59.9100585]}, "properties": {"id": 972126677, "feat_type": "way", "quality_categories": "wrong_mispelled_or_unlisted_values", "issue_ids": "[2]", "osm_url": "https://www.openstreetmap.org/way/972126677", "josm_url": "http://127.0.0.1:8111/load_object?new_layer=false&objects=w972126677", "id_url": "https://www.openstreetmap.org/edit?editor=id&way=972126677#map=20/59.9100585/10.7503796"}}, {"type": "Feature", "geometry": {"type": "Point", "coordinates": [10.8937316, 59.9627799]}, "properties": {"id": 974847140, "feat_type": "way", "quality_categories": "older_than_five_years, wrong_mispelled_or_unlisted_values", "issue_ids": "[2, 129]", "osm_url": "https://www.openstreetmap.org/way/974847140", "josm_url": "http://127.0.0.1:8111/load_object?new_layer=false&objects=w974847140", "id_url": "https://www.openstreetmap.org/edit?editor=id&way=974847140#map=20/59.9627799/10.8937316"}}, {"type": "Feature", "geometry": {"type": "Point", "coordinates": [10.8994956, 59.9682975]}, "properties": {"id": 974847180, "feat_type": "way", "quality_categories": "older_than_five_years, wrong_mispelled_or_unlisted_values", "issue_ids": "[2, 129]", "osm_url": "https://www.openstreetmap.org/way/974847180", "josm_url": "http://127.0.0.1:8111/load_object?new_layer=false&objects=w974847180", "id_url": "https://www.openstreetmap.org/edit?editor=id&way=974847180#map=20/59.9682975/10.8994956"}}, {"type": "Feature", "geometry": {"type": "Point", "coordinates": [10.890299, 59.9637543]}, "properties": {"id": 974847190, "feat_type": "way", "quality_categories": "older_than_five_years, wrong_mispelled_or_unlisted_values", "issue_ids": "[5, 129]", "osm_url": "https://www.openstreetmap.org/way/974847190", "josm_url": "http://127.0.0.1:8111/load_object?new_layer=false&objects=w974847190", "id_url": "https://www.openstreetmap.org/edit?editor=id&way=974847190#map=20/59.9637543/10.890299"}}, {"type": "Feature", "geometry": {"type": "Point", "coordinates": [10.8917193, 59.963311]}, "properties": {"id": 975092329, "feat_type": "way", "quality_categories": "wrong_mispelled_or_unlisted_values", "issue_ids": "[5]", "osm_url": "https://www.openstreetmap.org/way/975092329", "josm_url": "http://127.0.0.1:8111/load_object?new_layer=false&objects=w975092329", "id_url": "https://www.openstreetmap.org/edit?editor=id&way=975092329#map=20/59.963311/10.8917193"}}, {"type": "Feature", "geometry": {"type": "Point", "coordinates": [10.8916869, 59.9632974]}, "properties": {"id": 975092330, "feat_type": "way", "quality_categories": "wrong_mispelled_or_unlisted_values", "issue_ids": "[5]", "osm_url": "https://www.openstreetmap.org/way/975092330", "josm_url": "http://127.0.0.1:8111/load_object?new_layer=false&objects=w975092330", "id_url": "https://www.openstreetmap.org/edit?editor=id&way=975092330#map=20/59.9632974/10.8916869"}}, {"type": "Feature", "geometry": {"type": "Point", "coordinates": [10.8917193, 59.9633209]}, "properties": {"id": 975092331, "feat_type": "way", "quality_categories": "older_than_five_years, wrong_mispelled_or_unlisted_values", "issue_ids": "[5, 152]", "osm_url": "https://www.openstreetmap.org/way/975092331", "josm_url": "http://127.0.0.1:8111/load_object?new_layer=false&objects=w975092331", "id_url": "https://www.openstreetmap.org/edit?editor=id&way=975092331#map=20/59.9633209/10.8917193"}}, {"type": "Feature", "geometry": {"type": "Point", "coordinates": [10.8917192, 59.963261]}, "properties": {"id": 975092336, "feat_type": "way", "quality_categories": "older_than_five_years, wrong_mispelled_or_unlisted_values", "issue_ids": "[5, 152]", "osm_url": "https://www.openstreetmap.org/way/975092336", "josm_url": "http://127.0.0.1:8111/load_object?new_layer=false&objects=w975092336", "id_url": "https://www.openstreetmap.org/edit?editor=id&way=975092336#map=20/59.963261/10.8917192"}}, {"type": "Feature", "geometry": {"type": "Point", "coordinates": [10.7266313, 60.0040858]}, "properties": {"id": 977760145, "feat_type": "way", "quality_categories": "older_than_five_years, wrong_mispelled_or_unlisted_values", "issue_ids": "[25, 87]", "osm_url": "https://www.openstreetmap.org/way/977760145", "josm_url": "http://127.0.0.1:8111/load_object?new_layer=false&objects=w977760145", "id_url": "https://www.openstreetmap.org/edit?editor=id&way=977760145#map=20/60.0040858/10.7266313"}}, {"type": "Feature", "geometry": {"type": "Point", "coordinates": [10.8051001, 59.9395677]}, "properties": {"id": 982174381, "feat_type": "way", "quality_categories": "wrong_mispelled_or_unlisted_values", "issue_ids": "[2]", "osm_url": "https://www.openstreetmap.org/way/982174381", "josm_url": "http://127.0.0.1:8111/load_object?new_layer=false&objects=w982174381", "id_url": "https://www.openstreetmap.org/edit?editor=id&way=982174381#map=20/59.9395677/10.8051001"}}, {"type": "Feature", "geometry": {"type": "Point", "coordinates": [10.7533685, 59.9433235]}, "properties": {"id": 982176843, "feat_type": "way", "quality_categories": "wrong_mispelled_or_unlisted_values", "issue_ids": "[2]", "osm_url": "https://www.openstreetmap.org/way/982176843", "josm_url": "http://127.0.0.1:8111/load_object?new_layer=false&objects=w982176843", "id_url": "https://www.openstreetmap.org/edit?editor=id&way=982176843#map=20/59.9433235/10.7533685"}}, {"type": "Feature", "geometry": {"type": "Point", "coordinates": [10.6999036, 59.9277711]}, "properties": {"id": 982232916, "feat_type": "way", "quality_categories": "wrong_mispelled_or_unlisted_values", "issue_ids": "[2]", "osm_url": "https://www.openstreetmap.org/way/982232916", "josm_url": "http://127.0.0.1:8111/load_object?new_layer=false&objects=w982232916", "id_url": "https://www.openstreetmap.org/edit?editor=id&way=982232916#map=20/59.9277711/10.6999036"}}, {"type": "Feature", "geometry": {"type": "Point", "coordinates": [10.7003187, 59.92676]}, "properties": {"id": 982237506, "feat_type": "way", "quality_categories": "wrong_mispelled_or_unlisted_values", "issue_ids": "[2]", "osm_url": "https://www.openstreetmap.org/way/982237506", "josm_url": "http://127.0.0.1:8111/load_object?new_layer=false&objects=w982237506", "id_url": "https://www.openstreetmap.org/edit?editor=id&way=982237506#map=20/59.92676/10.7003187"}}, {"type": "Feature", "geometry": {"type": "Point", "coordinates": [10.702934, 59.9266646]}, "properties": {"id": 982245604, "feat_type": "way", "quality_categories": "wrong_mispelled_or_unlisted_values", "issue_ids": "[2]", "osm_url": "https://www.openstreetmap.org/way/982245604", "josm_url": "http://127.0.0.1:8111/load_object?new_layer=false&objects=w982245604", "id_url": "https://www.openstreetmap.org/edit?editor=id&way=982245604#map=20/59.9266646/10.702934"}}, {"type": "Feature", "geometry": {"type": "Point", "coordinates": [10.7027727, 59.9270594]}, "properties": {"id": 982245605, "feat_type": "way", "quality_categories": "wrong_mispelled_or_unlisted_values", "issue_ids": "[2]", "osm_url": "https://www.openstreetmap.org/way/982245605", "josm_url": "http://127.0.0.1:8111/load_object?new_layer=false&objects=w982245605", "id_url": "https://www.openstreetmap.org/edit?editor=id&way=982245605#map=20/59.9270594/10.7027727"}}, {"type": "Feature", "geometry": {"type": "Point", "coordinates": [10.7015347, 59.9261151]}, "properties": {"id": 982245606, "feat_type": "way", "quality_categories": "wrong_mispelled_or_unlisted_values", "issue_ids": "[2]", "osm_url": "https://www.openstreetmap.org/way/982245606", "josm_url": "http://127.0.0.1:8111/load_object?new_layer=false&objects=w982245606", "id_url": "https://www.openstreetmap.org/edit?editor=id&way=982245606#map=20/59.9261151/10.7015347"}}, {"type": "Feature", "geometry": {"type": "Point", "coordinates": [10.7012458, 59.9264232]}, "properties": {"id": 982245609, "feat_type": "way", "quality_categories": "wrong_mispelled_or_unlisted_values", "issue_ids": "[2]", "osm_url": "https://www.openstreetmap.org/way/982245609", "josm_url": "http://127.0.0.1:8111/load_object?new_layer=false&objects=w982245609", "id_url": "https://www.openstreetmap.org/edit?editor=id&way=982245609#map=20/59.9264232/10.7012458"}}, {"type": "Feature", "geometry": {"type": "Point", "coordinates": [10.7016947, 59.9257191]}, "properties": {"id": 982245610, "feat_type": "way", "quality_categories": "wrong_mispelled_or_unlisted_values", "issue_ids": "[2]", "osm_url": "https://www.openstreetmap.org/way/982245610", "josm_url": "http://127.0.0.1:8111/load_object?new_layer=false&objects=w982245610", "id_url": "https://www.openstreetmap.org/edit?editor=id&way=982245610#map=20/59.9257191/10.7016947"}}, {"type": "Feature", "geometry": {"type": "Point", "coordinates": [10.7035646, 59.9271334]}, "properties": {"id": 982245611, "feat_type": "way", "quality_categories": "wrong_mispelled_or_unlisted_values", "issue_ids": "[2]", "osm_url": "https://www.openstreetmap.org/way/982245611", "josm_url": "http://127.0.0.1:8111/load_object?new_layer=false&objects=w982245611", "id_url": "https://www.openstreetmap.org/edit?editor=id&way=982245611#map=20/59.9271334/10.7035646"}}, {"type": "Feature", "geometry": {"type": "Point", "coordinates": [10.7024121, 59.9272959]}, "properties": {"id": 982245613, "feat_type": "way", "quality_categories": "wrong_mispelled_or_unlisted_values", "issue_ids": "[2]", "osm_url": "https://www.openstreetmap.org/way/982245613", "josm_url": "http://127.0.0.1:8111/load_object?new_layer=false&objects=w982245613", "id_url": "https://www.openstreetmap.org/edit?editor=id&way=982245613#map=20/59.9272959/10.7024121"}}, {"type": "Feature", "geometry": {"type": "Point", "coordinates": [10.7025031, 59.9273625]}, "properties": {"id": 982245614, "feat_type": "way", "quality_categories": "wrong_mispelled_or_unlisted_values", "issue_ids": "[2]", "osm_url": "https://www.openstreetmap.org/way/982245614", "josm_url": "http://127.0.0.1:8111/load_object?new_layer=false&objects=w982245614", "id_url": "https://www.openstreetmap.org/edit?editor=id&way=982245614#map=20/59.9273625/10.7025031"}}, {"type": "Feature", "geometry": {"type": "Point", "coordinates": [10.7056236, 59.928683]}, "properties": {"id": 982250961, "feat_type": "way", "quality_categories": "wrong_mispelled_or_unlisted_values", "issue_ids": "[2]", "osm_url": "https://www.openstreetmap.org/way/982250961", "josm_url": "http://127.0.0.1:8111/load_object?new_layer=false&objects=w982250961", "id_url": "https://www.openstreetmap.org/edit?editor=id&way=982250961#map=20/59.928683/10.7056236"}}, {"type": "Feature", "geometry": {"type": "Point", "coordinates": [10.6727924, 59.9247434]}, "properties": {"id": 982875203, "feat_type": "way", "quality_categories": "wrong_mispelled_or_unlisted_values", "issue_ids": "[2]", "osm_url": "https://www.openstreetmap.org/way/982875203", "josm_url": "http://127.0.0.1:8111/load_object?new_layer=false&objects=w982875203", "id_url": "https://www.openstreetmap.org/edit?editor=id&way=982875203#map=20/59.9247434/10.6727924"}}, {"type": "Feature", "geometry": {"type": "Point", "coordinates": [10.7325693, 59.9688005]}, "properties": {"id": 984519476, "feat_type": "way", "quality_categories": "wrong_mispelled_or_unlisted_values", "issue_ids": "[2]", "osm_url": "https://www.openstreetmap.org/way/984519476", "josm_url": "http://127.0.0.1:8111/load_object?new_layer=false&objects=w984519476", "id_url": "https://www.openstreetmap.org/edit?editor=id&way=984519476#map=20/59.9688005/10.7325693"}}, {"type": "Feature", "geometry": {"type": "Point", "coordinates": [10.7329176, 59.9688413]}, "properties": {"id": 984519478, "feat_type": "way", "quality_categories": "wrong_mispelled_or_unlisted_values", "issue_ids": "[2]", "osm_url": "https://www.openstreetmap.org/way/984519478", "josm_url": "http://127.0.0.1:8111/load_object?new_layer=false&objects=w984519478", "id_url": "https://www.openstreetmap.org/edit?editor=id&way=984519478#map=20/59.9688413/10.7329176"}}, {"type": "Feature", "geometry": {"type": "Point", "coordinates": [10.7327106, 59.9683318]}, "properties": {"id": 984519479, "feat_type": "way", "quality_categories": "wrong_mispelled_or_unlisted_values", "issue_ids": "[2]", "osm_url": "https://www.openstreetmap.org/way/984519479", "josm_url": "http://127.0.0.1:8111/load_object?new_layer=false&objects=w984519479", "id_url": "https://www.openstreetmap.org/edit?editor=id&way=984519479#map=20/59.9683318/10.7327106"}}, {"type": "Feature", "geometry": {"type": "Point", "coordinates": [10.6783693, 59.931741]}, "properties": {"id": 988882999, "feat_type": "way", "quality_categories": "wrong_mispelled_or_unlisted_values", "issue_ids": "[2]", "osm_url": "https://www.openstreetmap.org/way/988882999", "josm_url": "http://127.0.0.1:8111/load_object?new_layer=false&objects=w988882999", "id_url": "https://www.openstreetmap.org/edit?editor=id&way=988882999#map=20/59.931741/10.6783693"}}, {"type": "Feature", "geometry": {"type": "Point", "coordinates": [10.7610593, 59.9020089]}, "properties": {"id": 992930234, "feat_type": "way", "quality_categories": "wrong_mispelled_or_unlisted_values", "issue_ids": "[5]", "osm_url": "https://www.openstreetmap.org/way/992930234", "josm_url": "http://127.0.0.1:8111/load_object?new_layer=false&objects=w992930234", "id_url": "https://www.openstreetmap.org/edit?editor=id&way=992930234#map=20/59.9020089/10.7610593"}}, {"type": "Feature", "geometry": {"type": "Point", "coordinates": [10.7610667, 59.902012]}, "properties": {"id": 992930235, "feat_type": "way", "quality_categories": "wrong_mispelled_or_unlisted_values", "issue_ids": "[5]", "osm_url": "https://www.openstreetmap.org/way/992930235", "josm_url": "http://127.0.0.1:8111/load_object?new_layer=false&objects=w992930235", "id_url": "https://www.openstreetmap.org/edit?editor=id&way=992930235#map=20/59.902012/10.7610667"}}, {"type": "Feature", "geometry": {"type": "Point", "coordinates": [10.760955, 59.9019637]}, "properties": {"id": 992930236, "feat_type": "way", "quality_categories": "wrong_mispelled_or_unlisted_values", "issue_ids": "[5]", "osm_url": "https://www.openstreetmap.org/way/992930236", "josm_url": "http://127.0.0.1:8111/load_object?new_layer=false&objects=w992930236", "id_url": "https://www.openstreetmap.org/edit?editor=id&way=992930236#map=20/59.9019637/10.760955"}}, {"type": "Feature", "geometry": {"type": "Point", "coordinates": [10.7609983, 59.9019828]}, "properties": {"id": 992930237, "feat_type": "way", "quality_categories": "wrong_mispelled_or_unlisted_values", "issue_ids": "[5]", "osm_url": "https://www.openstreetmap.org/way/992930237", "josm_url": "http://127.0.0.1:8111/load_object?new_layer=false&objects=w992930237", "id_url": "https://www.openstreetmap.org/edit?editor=id&way=992930237#map=20/59.9019828/10.7609983"}}, {"type": "Feature", "geometry": {"type": "Point", "coordinates": [10.7610809, 59.9020543]}, "properties": {"id": 992930238, "feat_type": "way", "quality_categories": "wrong_mispelled_or_unlisted_values", "issue_ids": "[5]", "osm_url": "https://www.openstreetmap.org/way/992930238", "josm_url": "http://127.0.0.1:8111/load_object?new_layer=false&objects=w992930238", "id_url": "https://www.openstreetmap.org/edit?editor=id&way=992930238#map=20/59.9020543/10.7610809"}}, {"type": "Feature", "geometry": {"type": "Point", "coordinates": [10.7610468, 59.9020796]}, "properties": {"id": 992930239, "feat_type": "way", "quality_categories": "wrong_mispelled_or_unlisted_values", "issue_ids": "[5]", "osm_url": "https://www.openstreetmap.org/way/992930239", "josm_url": "http://127.0.0.1:8111/load_object?new_layer=false&objects=w992930239", "id_url": "https://www.openstreetmap.org/edit?editor=id&way=992930239#map=20/59.9020796/10.7610468"}}, {"type": "Feature", "geometry": {"type": "Point", "coordinates": [10.7610379, 59.9020868]}, "properties": {"id": 992930240, "feat_type": "way", "quality_categories": "wrong_mispelled_or_unlisted_values", "issue_ids": "[5]", "osm_url": "https://www.openstreetmap.org/way/992930240", "josm_url": "http://127.0.0.1:8111/load_object?new_layer=false&objects=w992930240", "id_url": "https://www.openstreetmap.org/edit?editor=id&way=992930240#map=20/59.9020868/10.7610379"}}, {"type": "Feature", "geometry": {"type": "Point", "coordinates": [10.7610348, 59.9020965]}, "properties": {"id": 992930241, "feat_type": "way", "quality_categories": "wrong_mispelled_or_unlisted_values", "issue_ids": "[5]", "osm_url": "https://www.openstreetmap.org/way/992930241", "josm_url": "http://127.0.0.1:8111/load_object?new_layer=false&objects=w992930241", "id_url": "https://www.openstreetmap.org/edit?editor=id&way=992930241#map=20/59.9020965/10.7610348"}}, {"type": "Feature", "geometry": {"type": "Point", "coordinates": [10.6788863, 59.9207159]}, "properties": {"id": 993297325, "feat_type": "way", "quality_categories": "wrong_mispelled_or_unlisted_values", "issue_ids": "[2]", "osm_url": "https://www.openstreetmap.org/way/993297325", "josm_url": "http://127.0.0.1:8111/load_object?new_layer=false&objects=w993297325", "id_url": "https://www.openstreetmap.org/edit?editor=id&way=993297325#map=20/59.9207159/10.6788863"}}, {"type": "Feature", "geometry": {"type": "Point", "coordinates": [10.6799912, 59.9208898]}, "properties": {"id": 993297386, "feat_type": "way", "quality_categories": "wrong_mispelled_or_unlisted_values", "issue_ids": "[59]", "osm_url": "https://www.openstreetmap.org/way/993297386", "josm_url": "http://127.0.0.1:8111/load_object?new_layer=false&objects=w993297386", "id_url": "https://www.openstreetmap.org/edit?editor=id&way=993297386#map=20/59.9208898/10.6799912"}}, {"type": "Feature", "geometry": {"type": "Point", "coordinates": [10.6788958, 59.9207145]}, "properties": {"id": 993359206, "feat_type": "way", "quality_categories": "wrong_mispelled_or_unlisted_values", "issue_ids": "[2]", "osm_url": "https://www.openstreetmap.org/way/993359206", "josm_url": "http://127.0.0.1:8111/load_object?new_layer=false&objects=w993359206", "id_url": "https://www.openstreetmap.org/edit?editor=id&way=993359206#map=20/59.9207145/10.6788958"}}, {"type": "Feature", "geometry": {"type": "Point", "coordinates": [10.7053348, 59.9234418]}, "properties": {"id": 996596013, "feat_type": "way", "quality_categories": "wrong_mispelled_or_unlisted_values", "issue_ids": "[2]", "osm_url": "https://www.openstreetmap.org/way/996596013", "josm_url": "http://127.0.0.1:8111/load_object?new_layer=false&objects=w996596013", "id_url": "https://www.openstreetmap.org/edit?editor=id&way=996596013#map=20/59.9234418/10.7053348"}}, {"type": "Feature", "geometry": {"type": "Point", "coordinates": [10.6503161, 59.9388457]}, "properties": {"id": 1000054888, "feat_type": "way", "quality_categories": "wrong_mispelled_or_unlisted_values", "issue_ids": "[2]", "osm_url": "https://www.openstreetmap.org/way/1000054888", "josm_url": "http://127.0.0.1:8111/load_object?new_layer=false&objects=w1000054888", "id_url": "https://www.openstreetmap.org/edit?editor=id&way=1000054888#map=20/59.9388457/10.6503161"}}, {"type": "Feature", "geometry": {"type": "Point", "coordinates": [10.8051684, 60.0191052]}, "properties": {"id": 1002105029, "feat_type": "way", "quality_categories": "wrong_mispelled_or_unlisted_values", "issue_ids": "[25]", "osm_url": "https://www.openstreetmap.org/way/1002105029", "josm_url": "http://127.0.0.1:8111/load_object?new_layer=false&objects=w1002105029", "id_url": "https://www.openstreetmap.org/edit?editor=id&way=1002105029#map=20/60.0191052/10.8051684"}}, {"type": "Feature", "geometry": {"type": "Point", "coordinates": [10.6430065, 59.9685071]}, "properties": {"id": 1003713612, "feat_type": "way", "quality_categories": "wrong_mispelled_or_unlisted_values", "issue_ids": "[18]", "osm_url": "https://www.openstreetmap.org/way/1003713612", "josm_url": "http://127.0.0.1:8111/load_object?new_layer=false&objects=w1003713612", "id_url": "https://www.openstreetmap.org/edit?editor=id&way=1003713612#map=20/59.9685071/10.6430065"}}, {"type": "Feature", "geometry": {"type": "Point", "coordinates": [10.6459936, 59.966533]}, "properties": {"id": 1003931275, "feat_type": "way", "quality_categories": "wrong_mispelled_or_unlisted_values", "issue_ids": "[7]", "osm_url": "https://www.openstreetmap.org/way/1003931275", "josm_url": "http://127.0.0.1:8111/load_object?new_layer=false&objects=w1003931275", "id_url": "https://www.openstreetmap.org/edit?editor=id&way=1003931275#map=20/59.966533/10.6459936"}}, {"type": "Feature", "geometry": {"type": "Point", "coordinates": [10.813960632067506, 59.907705449999995]}, "properties": {"id": 1005399691, "feat_type": "way", "quality_categories": "wrong_mispelled_or_unlisted_values", "issue_ids": "[2]", "osm_url": "https://www.openstreetmap.org/way/1005399691", "josm_url": "http://127.0.0.1:8111/load_object?new_layer=false&objects=w1005399691", "id_url": "https://www.openstreetmap.org/edit?editor=id&way=1005399691#map=20/59.907705449999995/10.813960632067506"}}, {"type": "Feature", "geometry": {"type": "Point", "coordinates": [10.7504057, 59.9097439]}, "properties": {"id": 1007358776, "feat_type": "way", "quality_categories": "wrong_mispelled_or_unlisted_values", "issue_ids": "[2]", "osm_url": "https://www.openstreetmap.org/way/1007358776", "josm_url": "http://127.0.0.1:8111/load_object?new_layer=false&objects=w1007358776", "id_url": "https://www.openstreetmap.org/edit?editor=id&way=1007358776#map=20/59.9097439/10.7504057"}}, {"type": "Feature", "geometry": {"type": "Point", "coordinates": [10.770351, 59.9299375]}, "properties": {"id": 1015884057, "feat_type": "way", "quality_categories": "wrong_mispelled_or_unlisted_values", "issue_ids": "[2]", "osm_url": "https://www.openstreetmap.org/way/1015884057", "josm_url": "http://127.0.0.1:8111/load_object?new_layer=false&objects=w1015884057", "id_url": "https://www.openstreetmap.org/edit?editor=id&way=1015884057#map=20/59.9299375/10.770351"}}, {"type": "Feature", "geometry": {"type": "Point", "coordinates": [10.7995093, 59.9359693]}, "properties": {"id": 1020971136, "feat_type": "way", "quality_categories": "wrong_mispelled_or_unlisted_values", "issue_ids": "[38]", "osm_url": "https://www.openstreetmap.org/way/1020971136", "josm_url": "http://127.0.0.1:8111/load_object?new_layer=false&objects=w1020971136", "id_url": "https://www.openstreetmap.org/edit?editor=id&way=1020971136#map=20/59.9359693/10.7995093"}}, {"type": "Feature", "geometry": {"type": "Point", "coordinates": [10.7911329, 59.9249711]}, "properties": {"id": 1021642657, "feat_type": "way", "quality_categories": "wrong_mispelled_or_unlisted_values", "issue_ids": "[2]", "osm_url": "https://www.openstreetmap.org/way/1021642657", "josm_url": "http://127.0.0.1:8111/load_object?new_layer=false&objects=w1021642657", "id_url": "https://www.openstreetmap.org/edit?editor=id&way=1021642657#map=20/59.9249711/10.7911329"}}, {"type": "Feature", "geometry": {"type": "Point", "coordinates": [10.6476496, 59.9289694]}, "properties": {"id": 1040391538, "feat_type": "way", "quality_categories": "wrong_mispelled_or_unlisted_values", "issue_ids": "[2]", "osm_url": "https://www.openstreetmap.org/way/1040391538", "josm_url": "http://127.0.0.1:8111/load_object?new_layer=false&objects=w1040391538", "id_url": "https://www.openstreetmap.org/edit?editor=id&way=1040391538#map=20/59.9289694/10.6476496"}}, {"type": "Feature", "geometry": {"type": "Point", "coordinates": [10.6563048, 59.9314627]}, "properties": {"id": 1043520108, "feat_type": "way", "quality_categories": "wrong_mispelled_or_unlisted_values", "issue_ids": "[5]", "osm_url": "https://www.openstreetmap.org/way/1043520108", "josm_url": "http://127.0.0.1:8111/load_object?new_layer=false&objects=w1043520108", "id_url": "https://www.openstreetmap.org/edit?editor=id&way=1043520108#map=20/59.9314627/10.6563048"}}, {"type": "Feature", "geometry": {"type": "Point", "coordinates": [10.6563666, 59.931507]}, "properties": {"id": 1043520109, "feat_type": "way", "quality_categories": "wrong_mispelled_or_unlisted_values", "issue_ids": "[5]", "osm_url": "https://www.openstreetmap.org/way/1043520109", "josm_url": "http://127.0.0.1:8111/load_object?new_layer=false&objects=w1043520109", "id_url": "https://www.openstreetmap.org/edit?editor=id&way=1043520109#map=20/59.931507/10.6563666"}}, {"type": "Feature", "geometry": {"type": "Point", "coordinates": [10.6564644, 59.9315079]}, "properties": {"id": 1043520110, "feat_type": "way", "quality_categories": "wrong_mispelled_or_unlisted_values", "issue_ids": "[5]", "osm_url": "https://www.openstreetmap.org/way/1043520110", "josm_url": "http://127.0.0.1:8111/load_object?new_layer=false&objects=w1043520110", "id_url": "https://www.openstreetmap.org/edit?editor=id&way=1043520110#map=20/59.9315079/10.6564644"}}, {"type": "Feature", "geometry": {"type": "Point", "coordinates": [10.656399, 59.9315301]}, "properties": {"id": 1043520113, "feat_type": "way", "quality_categories": "wrong_mispelled_or_unlisted_values", "issue_ids": "[5]", "osm_url": "https://www.openstreetmap.org/way/1043520113", "josm_url": "http://127.0.0.1:8111/load_object?new_layer=false&objects=w1043520113", "id_url": "https://www.openstreetmap.org/edit?editor=id&way=1043520113#map=20/59.9315301/10.656399"}}, {"type": "Feature", "geometry": {"type": "Point", "coordinates": [10.7075339, 59.9287371]}, "properties": {"id": 1055632709, "feat_type": "way", "quality_categories": "wrong_mispelled_or_unlisted_values", "issue_ids": "[38]", "osm_url": "https://www.openstreetmap.org/way/1055632709", "josm_url": "http://127.0.0.1:8111/load_object?new_layer=false&objects=w1055632709", "id_url": "https://www.openstreetmap.org/edit?editor=id&way=1055632709#map=20/59.9287371/10.7075339"}}, {"type": "Feature", "geometry": {"type": "Point", "coordinates": [10.7379502, 59.9171679]}, "properties": {"id": 1058323618, "feat_type": "way", "quality_categories": "wrong_mispelled_or_unlisted_values", "issue_ids": "[140]", "osm_url": "https://www.openstreetmap.org/way/1058323618", "josm_url": "http://127.0.0.1:8111/load_object?new_layer=false&objects=w1058323618", "id_url": "https://www.openstreetmap.org/edit?editor=id&way=1058323618#map=20/59.9171679/10.7379502"}}, {"type": "Feature", "geometry": {"type": "Point", "coordinates": [10.730762, 59.9161636]}, "properties": {"id": 1061720324, "feat_type": "way", "quality_categories": "wrong_mispelled_or_unlisted_values", "issue_ids": "[0]", "osm_url": "https://www.openstreetmap.org/way/1061720324", "josm_url": "http://127.0.0.1:8111/load_object?new_layer=false&objects=w1061720324", "id_url": "https://www.openstreetmap.org/edit?editor=id&way=1061720324#map=20/59.9161636/10.730762"}}, {"type": "Feature", "geometry": {"type": "Point", "coordinates": [10.7230434, 59.9156265]}, "properties": {"id": 1061796853, "feat_type": "way", "quality_categories": "wrong_mispelled_or_unlisted_values", "issue_ids": "[2]", "osm_url": "https://www.openstreetmap.org/way/1061796853", "josm_url": "http://127.0.0.1:8111/load_object?new_layer=false&objects=w1061796853", "id_url": "https://www.openstreetmap.org/edit?editor=id&way=1061796853#map=20/59.9156265/10.7230434"}}, {"type": "Feature", "geometry": {"type": "Point", "coordinates": [10.6791723, 59.9270232]}, "properties": {"id": 1064904472, "feat_type": "way", "quality_categories": "wrong_mispelled_or_unlisted_values", "issue_ids": "[16]", "osm_url": "https://www.openstreetmap.org/way/1064904472", "josm_url": "http://127.0.0.1:8111/load_object?new_layer=false&objects=w1064904472", "id_url": "https://www.openstreetmap.org/edit?editor=id&way=1064904472#map=20/59.9270232/10.6791723"}}, {"type": "Feature", "geometry": {"type": "Point", "coordinates": [10.6792031, 59.9270736]}, "properties": {"id": 1064904473, "feat_type": "way", "quality_categories": "wrong_mispelled_or_unlisted_values", "issue_ids": "[16]", "osm_url": "https://www.openstreetmap.org/way/1064904473", "josm_url": "http://127.0.0.1:8111/load_object?new_layer=false&objects=w1064904473", "id_url": "https://www.openstreetmap.org/edit?editor=id&way=1064904473#map=20/59.9270736/10.6792031"}}, {"type": "Feature", "geometry": {"type": "Point", "coordinates": [10.7897841, 59.9322806]}, "properties": {"id": 1070387157, "feat_type": "way", "quality_categories": "wrong_mispelled_or_unlisted_values", "issue_ids": "[38]", "osm_url": "https://www.openstreetmap.org/way/1070387157", "josm_url": "http://127.0.0.1:8111/load_object?new_layer=false&objects=w1070387157", "id_url": "https://www.openstreetmap.org/edit?editor=id&way=1070387157#map=20/59.9322806/10.7897841"}}, {"type": "Feature", "geometry": {"type": "Point", "coordinates": [10.7541477, 59.9603465]}, "properties": {"id": 1071685515, "feat_type": "way", "quality_categories": "wrong_mispelled_or_unlisted_values", "issue_ids": "[2]", "osm_url": "https://www.openstreetmap.org/way/1071685515", "josm_url": "http://127.0.0.1:8111/load_object?new_layer=false&objects=w1071685515", "id_url": "https://www.openstreetmap.org/edit?editor=id&way=1071685515#map=20/59.9603465/10.7541477"}}, {"type": "Feature", "geometry": {"type": "Point", "coordinates": [10.7820753, 59.9558903]}, "properties": {"id": 1071700065, "feat_type": "way", "quality_categories": "wrong_mispelled_or_unlisted_values", "issue_ids": "[2]", "osm_url": "https://www.openstreetmap.org/way/1071700065", "josm_url": "http://127.0.0.1:8111/load_object?new_layer=false&objects=w1071700065", "id_url": "https://www.openstreetmap.org/edit?editor=id&way=1071700065#map=20/59.9558903/10.7820753"}}, {"type": "Feature", "geometry": {"type": "Point", "coordinates": [10.7809071, 59.9560515]}, "properties": {"id": 1071700066, "feat_type": "way", "quality_categories": "wrong_mispelled_or_unlisted_values", "issue_ids": "[2]", "osm_url": "https://www.openstreetmap.org/way/1071700066", "josm_url": "http://127.0.0.1:8111/load_object?new_layer=false&objects=w1071700066", "id_url": "https://www.openstreetmap.org/edit?editor=id&way=1071700066#map=20/59.9560515/10.7809071"}}, {"type": "Feature", "geometry": {"type": "Point", "coordinates": [10.7814857, 59.9560339]}, "properties": {"id": 1071700067, "feat_type": "way", "quality_categories": "wrong_mispelled_or_unlisted_values", "issue_ids": "[2]", "osm_url": "https://www.openstreetmap.org/way/1071700067", "josm_url": "http://127.0.0.1:8111/load_object?new_layer=false&objects=w1071700067", "id_url": "https://www.openstreetmap.org/edit?editor=id&way=1071700067#map=20/59.9560339/10.7814857"}}, {"type": "Feature", "geometry": {"type": "Point", "coordinates": [10.7810167, 59.9561569]}, "properties": {"id": 1071700069, "feat_type": "way", "quality_categories": "wrong_mispelled_or_unlisted_values", "issue_ids": "[2]", "osm_url": "https://www.openstreetmap.org/way/1071700069", "josm_url": "http://127.0.0.1:8111/load_object?new_layer=false&objects=w1071700069", "id_url": "https://www.openstreetmap.org/edit?editor=id&way=1071700069#map=20/59.9561569/10.7810167"}}, {"type": "Feature", "geometry": {"type": "Point", "coordinates": [10.7810148, 59.9561383]}, "properties": {"id": 1071700070, "feat_type": "way", "quality_categories": "wrong_mispelled_or_unlisted_values", "issue_ids": "[2]", "osm_url": "https://www.openstreetmap.org/way/1071700070", "josm_url": "http://127.0.0.1:8111/load_object?new_layer=false&objects=w1071700070", "id_url": "https://www.openstreetmap.org/edit?editor=id&way=1071700070#map=20/59.9561383/10.7810148"}}, {"type": "Feature", "geometry": {"type": "Point", "coordinates": [10.7433684, 59.9693478]}, "properties": {"id": 1072689359, "feat_type": "way", "quality_categories": "wrong_mispelled_or_unlisted_values", "issue_ids": "[25]", "osm_url": "https://www.openstreetmap.org/way/1072689359", "josm_url": "http://127.0.0.1:8111/load_object?new_layer=false&objects=w1072689359", "id_url": "https://www.openstreetmap.org/edit?editor=id&way=1072689359#map=20/59.9693478/10.7433684"}}, {"type": "Feature", "geometry": {"type": "Point", "coordinates": [10.8896673, 59.9472772]}, "properties": {"id": 1074759135, "feat_type": "way", "quality_categories": "wrong_mispelled_or_unlisted_values", "issue_ids": "[2]", "osm_url": "https://www.openstreetmap.org/way/1074759135", "josm_url": "http://127.0.0.1:8111/load_object?new_layer=false&objects=w1074759135", "id_url": "https://www.openstreetmap.org/edit?editor=id&way=1074759135#map=20/59.9472772/10.8896673"}}, {"type": "Feature", "geometry": {"type": "Point", "coordinates": [10.6852019, 59.9075124]}, "properties": {"id": 1074778586, "feat_type": "way", "quality_categories": "wrong_mispelled_or_unlisted_values", "issue_ids": "[2]", "osm_url": "https://www.openstreetmap.org/way/1074778586", "josm_url": "http://127.0.0.1:8111/load_object?new_layer=false&objects=w1074778586", "id_url": "https://www.openstreetmap.org/edit?editor=id&way=1074778586#map=20/59.9075124/10.6852019"}}, {"type": "Feature", "geometry": {"type": "Point", "coordinates": [10.684934, 59.907484]}, "properties": {"id": 1074778857, "feat_type": "way", "quality_categories": "wrong_mispelled_or_unlisted_values", "issue_ids": "[2]", "osm_url": "https://www.openstreetmap.org/way/1074778857", "josm_url": "http://127.0.0.1:8111/load_object?new_layer=false&objects=w1074778857", "id_url": "https://www.openstreetmap.org/edit?editor=id&way=1074778857#map=20/59.907484/10.684934"}}, {"type": "Feature", "geometry": {"type": "Point", "coordinates": [10.684425, 59.907635]}, "properties": {"id": 1074778896, "feat_type": "way", "quality_categories": "wrong_mispelled_or_unlisted_values", "issue_ids": "[2]", "osm_url": "https://www.openstreetmap.org/way/1074778896", "josm_url": "http://127.0.0.1:8111/load_object?new_layer=false&objects=w1074778896", "id_url": "https://www.openstreetmap.org/edit?editor=id&way=1074778896#map=20/59.907635/10.684425"}}, {"type": "Feature", "geometry": {"type": "Point", "coordinates": [10.7875644, 59.8750341]}, "properties": {"id": 1075492306, "feat_type": "way", "quality_categories": "wrong_mispelled_or_unlisted_values", "issue_ids": "[16]", "osm_url": "https://www.openstreetmap.org/way/1075492306", "josm_url": "http://127.0.0.1:8111/load_object?new_layer=false&objects=w1075492306", "id_url": "https://www.openstreetmap.org/edit?editor=id&way=1075492306#map=20/59.8750341/10.7875644"}}, {"type": "Feature", "geometry": {"type": "Point", "coordinates": [10.7830509, 59.9664818]}, "properties": {"id": 1075525973, "feat_type": "way", "quality_categories": "wrong_mispelled_or_unlisted_values", "issue_ids": "[5]", "osm_url": "https://www.openstreetmap.org/way/1075525973", "josm_url": "http://127.0.0.1:8111/load_object?new_layer=false&objects=w1075525973", "id_url": "https://www.openstreetmap.org/edit?editor=id&way=1075525973#map=20/59.9664818/10.7830509"}}, {"type": "Feature", "geometry": {"type": "Point", "coordinates": [10.7830232, 59.9664738]}, "properties": {"id": 1075525974, "feat_type": "way", "quality_categories": "wrong_mispelled_or_unlisted_values", "issue_ids": "[5]", "osm_url": "https://www.openstreetmap.org/way/1075525974", "josm_url": "http://127.0.0.1:8111/load_object?new_layer=false&objects=w1075525974", "id_url": "https://www.openstreetmap.org/edit?editor=id&way=1075525974#map=20/59.9664738/10.7830232"}}, {"type": "Feature", "geometry": {"type": "Point", "coordinates": [10.783061, 59.9664847]}, "properties": {"id": 1075525975, "feat_type": "way", "quality_categories": "wrong_mispelled_or_unlisted_values", "issue_ids": "[5]", "osm_url": "https://www.openstreetmap.org/way/1075525975", "josm_url": "http://127.0.0.1:8111/load_object?new_layer=false&objects=w1075525975", "id_url": "https://www.openstreetmap.org/edit?editor=id&way=1075525975#map=20/59.9664847/10.783061"}}, {"type": "Feature", "geometry": {"type": "Point", "coordinates": [10.7830509, 59.9664818]}, "properties": {"id": 1075525976, "feat_type": "way", "quality_categories": "wrong_mispelled_or_unlisted_values", "issue_ids": "[5]", "osm_url": "https://www.openstreetmap.org/way/1075525976", "josm_url": "http://127.0.0.1:8111/load_object?new_layer=false&objects=w1075525976", "id_url": "https://www.openstreetmap.org/edit?editor=id&way=1075525976#map=20/59.9664818/10.7830509"}}, {"type": "Feature", "geometry": {"type": "Point", "coordinates": [10.7830509, 59.9664818]}, "properties": {"id": 1075525977, "feat_type": "way", "quality_categories": "wrong_mispelled_or_unlisted_values", "issue_ids": "[5]", "osm_url": "https://www.openstreetmap.org/way/1075525977", "josm_url": "http://127.0.0.1:8111/load_object?new_layer=false&objects=w1075525977", "id_url": "https://www.openstreetmap.org/edit?editor=id&way=1075525977#map=20/59.9664818/10.7830509"}}, {"type": "Feature", "geometry": {"type": "Point", "coordinates": [10.7881686, 59.9692635]}, "properties": {"id": 1076838569, "feat_type": "way", "quality_categories": "wrong_mispelled_or_unlisted_values", "issue_ids": "[2]", "osm_url": "https://www.openstreetmap.org/way/1076838569", "josm_url": "http://127.0.0.1:8111/load_object?new_layer=false&objects=w1076838569", "id_url": "https://www.openstreetmap.org/edit?editor=id&way=1076838569#map=20/59.9692635/10.7881686"}}, {"type": "Feature", "geometry": {"type": "Point", "coordinates": [10.6513162, 59.9250764]}, "properties": {"id": 1080271770, "feat_type": "way", "quality_categories": "wrong_mispelled_or_unlisted_values", "issue_ids": "[2]", "osm_url": "https://www.openstreetmap.org/way/1080271770", "josm_url": "http://127.0.0.1:8111/load_object?new_layer=false&objects=w1080271770", "id_url": "https://www.openstreetmap.org/edit?editor=id&way=1080271770#map=20/59.9250764/10.6513162"}}, {"type": "Feature", "geometry": {"type": "Point", "coordinates": [10.6837173, 59.9076604]}, "properties": {"id": 1083167633, "feat_type": "way", "quality_categories": "wrong_mispelled_or_unlisted_values", "issue_ids": "[2]", "osm_url": "https://www.openstreetmap.org/way/1083167633", "josm_url": "http://127.0.0.1:8111/load_object?new_layer=false&objects=w1083167633", "id_url": "https://www.openstreetmap.org/edit?editor=id&way=1083167633#map=20/59.9076604/10.6837173"}}, {"type": "Feature", "geometry": {"type": "Point", "coordinates": [10.7308602, 59.9161348]}, "properties": {"id": 1083481861, "feat_type": "way", "quality_categories": "wrong_mispelled_or_unlisted_values", "issue_ids": "[0]", "osm_url": "https://www.openstreetmap.org/way/1083481861", "josm_url": "http://127.0.0.1:8111/load_object?new_layer=false&objects=w1083481861", "id_url": "https://www.openstreetmap.org/edit?editor=id&way=1083481861#map=20/59.9161348/10.7308602"}}, {"type": "Feature", "geometry": {"type": "Point", "coordinates": [10.7413175, 59.9877621]}, "properties": {"id": 1085451039, "feat_type": "way", "quality_categories": "wrong_mispelled_or_unlisted_values", "issue_ids": "[114]", "osm_url": "https://www.openstreetmap.org/way/1085451039", "josm_url": "http://127.0.0.1:8111/load_object?new_layer=false&objects=w1085451039", "id_url": "https://www.openstreetmap.org/edit?editor=id&way=1085451039#map=20/59.9877621/10.7413175"}}, {"type": "Feature", "geometry": {"type": "Point", "coordinates": [10.6876368, 59.9169477]}, "properties": {"id": 1088737428, "feat_type": "way", "quality_categories": "wrong_mispelled_or_unlisted_values", "issue_ids": "[16]", "osm_url": "https://www.openstreetmap.org/way/1088737428", "josm_url": "http://127.0.0.1:8111/load_object?new_layer=false&objects=w1088737428", "id_url": "https://www.openstreetmap.org/edit?editor=id&way=1088737428#map=20/59.9169477/10.6876368"}}, {"type": "Feature", "geometry": {"type": "Point", "coordinates": [10.7287628, 59.9189722]}, "properties": {"id": 1091550577, "feat_type": "way", "quality_categories": "wrong_mispelled_or_unlisted_values", "issue_ids": "[7]", "osm_url": "https://www.openstreetmap.org/way/1091550577", "josm_url": "http://127.0.0.1:8111/load_object?new_layer=false&objects=w1091550577", "id_url": "https://www.openstreetmap.org/edit?editor=id&way=1091550577#map=20/59.9189722/10.7287628"}}, {"type": "Feature", "geometry": {"type": "Point", "coordinates": [10.7700643, 59.9628052]}, "properties": {"id": 1097480552, "feat_type": "way", "quality_categories": "wrong_mispelled_or_unlisted_values", "issue_ids": "[2]", "osm_url": "https://www.openstreetmap.org/way/1097480552", "josm_url": "http://127.0.0.1:8111/load_object?new_layer=false&objects=w1097480552", "id_url": "https://www.openstreetmap.org/edit?editor=id&way=1097480552#map=20/59.9628052/10.7700643"}}, {"type": "Feature", "geometry": {"type": "Point", "coordinates": [10.7438116, 59.9796121]}, "properties": {"id": 1104908524, "feat_type": "way", "quality_categories": "wrong_mispelled_or_unlisted_values", "issue_ids": "[26]", "osm_url": "https://www.openstreetmap.org/way/1104908524", "josm_url": "http://127.0.0.1:8111/load_object?new_layer=false&objects=w1104908524", "id_url": "https://www.openstreetmap.org/edit?editor=id&way=1104908524#map=20/59.9796121/10.7438116"}}, {"type": "Feature", "geometry": {"type": "Point", "coordinates": [10.6960811, 59.9592392]}, "properties": {"id": 1105016773, "feat_type": "way", "quality_categories": "wrong_mispelled_or_unlisted_values", "issue_ids": "[16]", "osm_url": "https://www.openstreetmap.org/way/1105016773", "josm_url": "http://127.0.0.1:8111/load_object?new_layer=false&objects=w1105016773", "id_url": "https://www.openstreetmap.org/edit?editor=id&way=1105016773#map=20/59.9592392/10.6960811"}}, {"type": "Feature", "geometry": {"type": "Point", "coordinates": [10.7119613, 59.9453681]}, "properties": {"id": 1106426580, "feat_type": "way", "quality_categories": "wrong_mispelled_or_unlisted_values", "issue_ids": "[5]", "osm_url": "https://www.openstreetmap.org/way/1106426580", "josm_url": "http://127.0.0.1:8111/load_object?new_layer=false&objects=w1106426580", "id_url": "https://www.openstreetmap.org/edit?editor=id&way=1106426580#map=20/59.9453681/10.7119613"}}, {"type": "Feature", "geometry": {"type": "Point", "coordinates": [10.7666971, 59.9198371]}, "properties": {"id": 1107668714, "feat_type": "way", "quality_categories": "wrong_mispelled_or_unlisted_values", "issue_ids": "[2]", "osm_url": "https://www.openstreetmap.org/way/1107668714", "josm_url": "http://127.0.0.1:8111/load_object?new_layer=false&objects=w1107668714", "id_url": "https://www.openstreetmap.org/edit?editor=id&way=1107668714#map=20/59.9198371/10.7666971"}}, {"type": "Feature", "geometry": {"type": "Point", "coordinates": [10.8365402, 59.8635565]}, "properties": {"id": 1137558446, "feat_type": "way", "quality_categories": "wrong_mispelled_or_unlisted_values", "issue_ids": "[2]", "osm_url": "https://www.openstreetmap.org/way/1137558446", "josm_url": "http://127.0.0.1:8111/load_object?new_layer=false&objects=w1137558446", "id_url": "https://www.openstreetmap.org/edit?editor=id&way=1137558446#map=20/59.8635565/10.8365402"}}, {"type": "Feature", "geometry": {"type": "Point", "coordinates": [10.8364599, 59.8635445]}, "properties": {"id": 1137558447, "feat_type": "way", "quality_categories": "wrong_mispelled_or_unlisted_values", "issue_ids": "[2]", "osm_url": "https://www.openstreetmap.org/way/1137558447", "josm_url": "http://127.0.0.1:8111/load_object?new_layer=false&objects=w1137558447", "id_url": "https://www.openstreetmap.org/edit?editor=id&way=1137558447#map=20/59.8635445/10.8364599"}}, {"type": "Feature", "geometry": {"type": "Point", "coordinates": [10.8360657, 59.863337]}, "properties": {"id": 1137603871, "feat_type": "way", "quality_categories": "wrong_mispelled_or_unlisted_values", "issue_ids": "[2]", "osm_url": "https://www.openstreetmap.org/way/1137603871", "josm_url": "http://127.0.0.1:8111/load_object?new_layer=false&objects=w1137603871", "id_url": "https://www.openstreetmap.org/edit?editor=id&way=1137603871#map=20/59.863337/10.8360657"}}, {"type": "Feature", "geometry": {"type": "Point", "coordinates": [10.8185739, 59.9445553]}, "properties": {"id": 1137950180, "feat_type": "way", "quality_categories": "wrong_mispelled_or_unlisted_values", "issue_ids": "[18]", "osm_url": "https://www.openstreetmap.org/way/1137950180", "josm_url": "http://127.0.0.1:8111/load_object?new_layer=false&objects=w1137950180", "id_url": "https://www.openstreetmap.org/edit?editor=id&way=1137950180#map=20/59.9445553/10.8185739"}}, {"type": "Feature", "geometry": {"type": "Point", "coordinates": [10.7295553, 59.9170182]}, "properties": {"id": 1150161339, "feat_type": "way", "quality_categories": "wrong_mispelled_or_unlisted_values", "issue_ids": "[0]", "osm_url": "https://www.openstreetmap.org/way/1150161339", "josm_url": "http://127.0.0.1:8111/load_object?new_layer=false&objects=w1150161339", "id_url": "https://www.openstreetmap.org/edit?editor=id&way=1150161339#map=20/59.9170182/10.7295553"}}, {"type": "Feature", "geometry": {"type": "Point", "coordinates": [10.7279269, 59.9164177]}, "properties": {"id": 1150161340, "feat_type": "way", "quality_categories": "wrong_mispelled_or_unlisted_values", "issue_ids": "[0]", "osm_url": "https://www.openstreetmap.org/way/1150161340", "josm_url": "http://127.0.0.1:8111/load_object?new_layer=false&objects=w1150161340", "id_url": "https://www.openstreetmap.org/edit?editor=id&way=1150161340#map=20/59.9164177/10.7279269"}}, {"type": "Feature", "geometry": {"type": "Point", "coordinates": [10.759413, 59.9643446]}, "properties": {"id": 1160040025, "feat_type": "way", "quality_categories": "wrong_mispelled_or_unlisted_values", "issue_ids": "[2]", "osm_url": "https://www.openstreetmap.org/way/1160040025", "josm_url": "http://127.0.0.1:8111/load_object?new_layer=false&objects=w1160040025", "id_url": "https://www.openstreetmap.org/edit?editor=id&way=1160040025#map=20/59.9643446/10.759413"}}, {"type": "Feature", "geometry": {"type": "Point", "coordinates": [10.76052, 59.9640222]}, "properties": {"id": 1160040027, "feat_type": "way", "quality_categories": "wrong_mispelled_or_unlisted_values", "issue_ids": "[2]", "osm_url": "https://www.openstreetmap.org/way/1160040027", "josm_url": "http://127.0.0.1:8111/load_object?new_layer=false&objects=w1160040027", "id_url": "https://www.openstreetmap.org/edit?editor=id&way=1160040027#map=20/59.9640222/10.76052"}}, {"type": "Feature", "geometry": {"type": "Point", "coordinates": [10.7334311, 59.9217586]}, "properties": {"id": 1160425858, "feat_type": "way", "quality_categories": "wrong_mispelled_or_unlisted_values", "issue_ids": "[28]", "osm_url": "https://www.openstreetmap.org/way/1160425858", "josm_url": "http://127.0.0.1:8111/load_object?new_layer=false&objects=w1160425858", "id_url": "https://www.openstreetmap.org/edit?editor=id&way=1160425858#map=20/59.9217586/10.7334311"}}, {"type": "Feature", "geometry": {"type": "Point", "coordinates": [10.7336367, 59.9213007]}, "properties": {"id": 1160425863, "feat_type": "way", "quality_categories": "wrong_mispelled_or_unlisted_values", "issue_ids": "[28]", "osm_url": "https://www.openstreetmap.org/way/1160425863", "josm_url": "http://127.0.0.1:8111/load_object?new_layer=false&objects=w1160425863", "id_url": "https://www.openstreetmap.org/edit?editor=id&way=1160425863#map=20/59.9213007/10.7336367"}}, {"type": "Feature", "geometry": {"type": "Point", "coordinates": [10.73336, 59.9219626]}, "properties": {"id": 1160425870, "feat_type": "way", "quality_categories": "wrong_mispelled_or_unlisted_values", "issue_ids": "[28]", "osm_url": "https://www.openstreetmap.org/way/1160425870", "josm_url": "http://127.0.0.1:8111/load_object?new_layer=false&objects=w1160425870", "id_url": "https://www.openstreetmap.org/edit?editor=id&way=1160425870#map=20/59.9219626/10.73336"}}, {"type": "Feature", "geometry": {"type": "Point", "coordinates": [10.7999056, 59.9796439]}, "properties": {"id": 1176945294, "feat_type": "way", "quality_categories": "wrong_mispelled_or_unlisted_values", "issue_ids": "[26]", "osm_url": "https://www.openstreetmap.org/way/1176945294", "josm_url": "http://127.0.0.1:8111/load_object?new_layer=false&objects=w1176945294", "id_url": "https://www.openstreetmap.org/edit?editor=id&way=1176945294#map=20/59.9796439/10.7999056"}}, {"type": "Feature", "geometry": {"type": "Point", "coordinates": [10.775874, 59.9079125]}, "properties": {"id": 1181031291, "feat_type": "way", "quality_categories": "wrong_mispelled_or_unlisted_values", "issue_ids": "[2]", "osm_url": "https://www.openstreetmap.org/way/1181031291", "josm_url": "http://127.0.0.1:8111/load_object?new_layer=false&objects=w1181031291", "id_url": "https://www.openstreetmap.org/edit?editor=id&way=1181031291#map=20/59.9079125/10.775874"}}, {"type": "Feature", "geometry": {"type": "Point", "coordinates": [10.7624902, 59.9522211]}, "properties": {"id": 1181484257, "feat_type": "way", "quality_categories": "wrong_mispelled_or_unlisted_values", "issue_ids": "[5]", "osm_url": "https://www.openstreetmap.org/way/1181484257", "josm_url": "http://127.0.0.1:8111/load_object?new_layer=false&objects=w1181484257", "id_url": "https://www.openstreetmap.org/edit?editor=id&way=1181484257#map=20/59.9522211/10.7624902"}}, {"type": "Feature", "geometry": {"type": "Point", "coordinates": [10.7220513, 59.9094435]}, "properties": {"id": 1181870090, "feat_type": "way", "quality_categories": "wrong_mispelled_or_unlisted_values", "issue_ids": "[5]", "osm_url": "https://www.openstreetmap.org/way/1181870090", "josm_url": "http://127.0.0.1:8111/load_object?new_layer=false&objects=w1181870090", "id_url": "https://www.openstreetmap.org/edit?editor=id&way=1181870090#map=20/59.9094435/10.7220513"}}, {"type": "Feature", "geometry": {"type": "Point", "coordinates": [10.6463625, 59.9130366]}, "properties": {"id": 1185284809, "feat_type": "way", "quality_categories": "wrong_mispelled_or_unlisted_values", "issue_ids": "[2]", "osm_url": "https://www.openstreetmap.org/way/1185284809", "josm_url": "http://127.0.0.1:8111/load_object?new_layer=false&objects=w1185284809", "id_url": "https://www.openstreetmap.org/edit?editor=id&way=1185284809#map=20/59.9130366/10.6463625"}}, {"type": "Feature", "geometry": {"type": "Point", "coordinates": [10.8868611, 59.865534]}, "properties": {"id": 1188156900, "feat_type": "way", "quality_categories": "wrong_mispelled_or_unlisted_values", "issue_ids": "[26]", "osm_url": "https://www.openstreetmap.org/way/1188156900", "josm_url": "http://127.0.0.1:8111/load_object?new_layer=false&objects=w1188156900", "id_url": "https://www.openstreetmap.org/edit?editor=id&way=1188156900#map=20/59.865534/10.8868611"}}, {"type": "Feature", "geometry": {"type": "Point", "coordinates": [10.717383, 59.9127108]}, "properties": {"id": 1190032027, "feat_type": "way", "quality_categories": "wrong_mispelled_or_unlisted_values", "issue_ids": "[2]", "osm_url": "https://www.openstreetmap.org/way/1190032027", "josm_url": "http://127.0.0.1:8111/load_object?new_layer=false&objects=w1190032027", "id_url": "https://www.openstreetmap.org/edit?editor=id&way=1190032027#map=20/59.9127108/10.717383"}}, {"type": "Feature", "geometry": {"type": "Point", "coordinates": [10.7173716, 59.9129143]}, "properties": {"id": 1190032031, "feat_type": "way", "quality_categories": "wrong_mispelled_or_unlisted_values", "issue_ids": "[2]", "osm_url": "https://www.openstreetmap.org/way/1190032031", "josm_url": "http://127.0.0.1:8111/load_object?new_layer=false&objects=w1190032031", "id_url": "https://www.openstreetmap.org/edit?editor=id&way=1190032031#map=20/59.9129143/10.7173716"}}, {"type": "Feature", "geometry": {"type": "Point", "coordinates": [10.8006832, 59.9799811]}, "properties": {"id": 1192611805, "feat_type": "way", "quality_categories": "wrong_mispelled_or_unlisted_values", "issue_ids": "[26]", "osm_url": "https://www.openstreetmap.org/way/1192611805", "josm_url": "http://127.0.0.1:8111/load_object?new_layer=false&objects=w1192611805", "id_url": "https://www.openstreetmap.org/edit?editor=id&way=1192611805#map=20/59.9799811/10.8006832"}}, {"type": "Feature", "geometry": {"type": "Point", "coordinates": [10.8010221, 59.9800609]}, "properties": {"id": 1192611806, "feat_type": "way", "quality_categories": "wrong_mispelled_or_unlisted_values", "issue_ids": "[26]", "osm_url": "https://www.openstreetmap.org/way/1192611806", "josm_url": "http://127.0.0.1:8111/load_object?new_layer=false&objects=w1192611806", "id_url": "https://www.openstreetmap.org/edit?editor=id&way=1192611806#map=20/59.9800609/10.8010221"}}, {"type": "Feature", "geometry": {"type": "Point", "coordinates": [10.7960626, 59.9617929]}, "properties": {"id": 1192611813, "feat_type": "way", "quality_categories": "wrong_mispelled_or_unlisted_values", "issue_ids": "[5]", "osm_url": "https://www.openstreetmap.org/way/1192611813", "josm_url": "http://127.0.0.1:8111/load_object?new_layer=false&objects=w1192611813", "id_url": "https://www.openstreetmap.org/edit?editor=id&way=1192611813#map=20/59.9617929/10.7960626"}}, {"type": "Feature", "geometry": {"type": "Point", "coordinates": [10.7562483, 59.9654767]}, "properties": {"id": 1201501049, "feat_type": "way", "quality_categories": "wrong_mispelled_or_unlisted_values", "issue_ids": "[2]", "osm_url": "https://www.openstreetmap.org/way/1201501049", "josm_url": "http://127.0.0.1:8111/load_object?new_layer=false&objects=w1201501049", "id_url": "https://www.openstreetmap.org/edit?editor=id&way=1201501049#map=20/59.9654767/10.7562483"}}, {"type": "Feature", "geometry": {"type": "Point", "coordinates": [10.7880879, 59.9642394]}, "properties": {"id": 1201527191, "feat_type": "way", "quality_categories": "wrong_mispelled_or_unlisted_values", "issue_ids": "[153]", "osm_url": "https://www.openstreetmap.org/way/1201527191", "josm_url": "http://127.0.0.1:8111/load_object?new_layer=false&objects=w1201527191", "id_url": "https://www.openstreetmap.org/edit?editor=id&way=1201527191#map=20/59.9642394/10.7880879"}}, {"type": "Feature", "geometry": {"type": "Point", "coordinates": [10.8224914, 59.9087211]}, "properties": {"id": 1206427554, "feat_type": "way", "quality_categories": "wrong_mispelled_or_unlisted_values", "issue_ids": "[2]", "osm_url": "https://www.openstreetmap.org/way/1206427554", "josm_url": "http://127.0.0.1:8111/load_object?new_layer=false&objects=w1206427554", "id_url": "https://www.openstreetmap.org/edit?editor=id&way=1206427554#map=20/59.9087211/10.8224914"}}, {"type": "Feature", "geometry": {"type": "Point", "coordinates": [10.8354244, 59.8920404]}, "properties": {"id": 1206493751, "feat_type": "way", "quality_categories": "wrong_mispelled_or_unlisted_values", "issue_ids": "[2]", "osm_url": "https://www.openstreetmap.org/way/1206493751", "josm_url": "http://127.0.0.1:8111/load_object?new_layer=false&objects=w1206493751", "id_url": "https://www.openstreetmap.org/edit?editor=id&way=1206493751#map=20/59.8920404/10.8354244"}}, {"type": "Feature", "geometry": {"type": "Point", "coordinates": [10.6770449, 59.8955224]}, "properties": {"id": 1206681921, "feat_type": "way", "quality_categories": "wrong_mispelled_or_unlisted_values", "issue_ids": "[2]", "osm_url": "https://www.openstreetmap.org/way/1206681921", "josm_url": "http://127.0.0.1:8111/load_object?new_layer=false&objects=w1206681921", "id_url": "https://www.openstreetmap.org/edit?editor=id&way=1206681921#map=20/59.8955224/10.6770449"}}, {"type": "Feature", "geometry": {"type": "Point", "coordinates": [10.7608508, 59.9639123]}, "properties": {"id": 1214048855, "feat_type": "way", "quality_categories": "wrong_mispelled_or_unlisted_values", "issue_ids": "[2]", "osm_url": "https://www.openstreetmap.org/way/1214048855", "josm_url": "http://127.0.0.1:8111/load_object?new_layer=false&objects=w1214048855", "id_url": "https://www.openstreetmap.org/edit?editor=id&way=1214048855#map=20/59.9639123/10.7608508"}}, {"type": "Feature", "geometry": {"type": "Point", "coordinates": [10.7713366, 59.951256]}, "properties": {"id": 1216237860, "feat_type": "way", "quality_categories": "wrong_mispelled_or_unlisted_values", "issue_ids": "[5]", "osm_url": "https://www.openstreetmap.org/way/1216237860", "josm_url": "http://127.0.0.1:8111/load_object?new_layer=false&objects=w1216237860", "id_url": "https://www.openstreetmap.org/edit?editor=id&way=1216237860#map=20/59.951256/10.7713366"}}, {"type": "Feature", "geometry": {"type": "Point", "coordinates": [10.7674588, 59.9522327]}, "properties": {"id": 1216237863, "feat_type": "way", "quality_categories": "wrong_mispelled_or_unlisted_values", "issue_ids": "[2]", "osm_url": "https://www.openstreetmap.org/way/1216237863", "josm_url": "http://127.0.0.1:8111/load_object?new_layer=false&objects=w1216237863", "id_url": "https://www.openstreetmap.org/edit?editor=id&way=1216237863#map=20/59.9522327/10.7674588"}}, {"type": "Feature", "geometry": {"type": "Point", "coordinates": [10.8389591, 59.8277674]}, "properties": {"id": 1220466902, "feat_type": "way", "quality_categories": "wrong_mispelled_or_unlisted_values", "issue_ids": "[2]", "osm_url": "https://www.openstreetmap.org/way/1220466902", "josm_url": "http://127.0.0.1:8111/load_object?new_layer=false&objects=w1220466902", "id_url": "https://www.openstreetmap.org/edit?editor=id&way=1220466902#map=20/59.8277674/10.8389591"}}, {"type": "Feature", "geometry": {"type": "Point", "coordinates": [10.6532718, 59.9419857]}, "properties": {"id": 1223467514, "feat_type": "way", "quality_categories": "wrong_mispelled_or_unlisted_values", "issue_ids": "[154]", "osm_url": "https://www.openstreetmap.org/way/1223467514", "josm_url": "http://127.0.0.1:8111/load_object?new_layer=false&objects=w1223467514", "id_url": "https://www.openstreetmap.org/edit?editor=id&way=1223467514#map=20/59.9419857/10.6532718"}}, {"type": "Feature", "geometry": {"type": "Point", "coordinates": [10.7137429, 59.9239152]}, "properties": {"id": 1227239748, "feat_type": "way", "quality_categories": "wrong_mispelled_or_unlisted_values", "issue_ids": "[2]", "osm_url": "https://www.openstreetmap.org/way/1227239748", "josm_url": "http://127.0.0.1:8111/load_object?new_layer=false&objects=w1227239748", "id_url": "https://www.openstreetmap.org/edit?editor=id&way=1227239748#map=20/59.9239152/10.7137429"}}, {"type": "Feature", "geometry": {"type": "Point", "coordinates": [10.773468, 59.9686987]}, "properties": {"id": 1227979824, "feat_type": "way", "quality_categories": "wrong_mispelled_or_unlisted_values", "issue_ids": "[2]", "osm_url": "https://www.openstreetmap.org/way/1227979824", "josm_url": "http://127.0.0.1:8111/load_object?new_layer=false&objects=w1227979824", "id_url": "https://www.openstreetmap.org/edit?editor=id&way=1227979824#map=20/59.9686987/10.773468"}}, {"type": "Feature", "geometry": {"type": "Point", "coordinates": [10.6858571, 59.9078451]}, "properties": {"id": 1235257895, "feat_type": "way", "quality_categories": "wrong_mispelled_or_unlisted_values", "issue_ids": "[2]", "osm_url": "https://www.openstreetmap.org/way/1235257895", "josm_url": "http://127.0.0.1:8111/load_object?new_layer=false&objects=w1235257895", "id_url": "https://www.openstreetmap.org/edit?editor=id&way=1235257895#map=20/59.9078451/10.6858571"}}, {"type": "Feature", "geometry": {"type": "Point", "coordinates": [10.6857968, 59.9075997]}, "properties": {"id": 1235257896, "feat_type": "way", "quality_categories": "wrong_mispelled_or_unlisted_values", "issue_ids": "[2]", "osm_url": "https://www.openstreetmap.org/way/1235257896", "josm_url": "http://127.0.0.1:8111/load_object?new_layer=false&objects=w1235257896", "id_url": "https://www.openstreetmap.org/edit?editor=id&way=1235257896#map=20/59.9075997/10.6857968"}}, {"type": "Feature", "geometry": {"type": "Point", "coordinates": [10.6858209, 59.9077557]}, "properties": {"id": 1235257897, "feat_type": "way", "quality_categories": "wrong_mispelled_or_unlisted_values", "issue_ids": "[2]", "osm_url": "https://www.openstreetmap.org/way/1235257897", "josm_url": "http://127.0.0.1:8111/load_object?new_layer=false&objects=w1235257897", "id_url": "https://www.openstreetmap.org/edit?editor=id&way=1235257897#map=20/59.9077557/10.6858209"}}, {"type": "Feature", "geometry": {"type": "Point", "coordinates": [10.6857726, 59.9078041]}, "properties": {"id": 1235257898, "feat_type": "way", "quality_categories": "wrong_mispelled_or_unlisted_values", "issue_ids": "[2]", "osm_url": "https://www.openstreetmap.org/way/1235257898", "josm_url": "http://127.0.0.1:8111/load_object?new_layer=false&objects=w1235257898", "id_url": "https://www.openstreetmap.org/edit?editor=id&way=1235257898#map=20/59.9078041/10.6857726"}}, {"type": "Feature", "geometry": {"type": "Point", "coordinates": [10.6856593, 59.9078314]}, "properties": {"id": 1235257899, "feat_type": "way", "quality_categories": "wrong_mispelled_or_unlisted_values", "issue_ids": "[16]", "osm_url": "https://www.openstreetmap.org/way/1235257899", "josm_url": "http://127.0.0.1:8111/load_object?new_layer=false&objects=w1235257899", "id_url": "https://www.openstreetmap.org/edit?editor=id&way=1235257899#map=20/59.9078314/10.6856593"}}, {"type": "Feature", "geometry": {"type": "Point", "coordinates": [10.6852941, 59.9074672]}, "properties": {"id": 1235257900, "feat_type": "way", "quality_categories": "wrong_mispelled_or_unlisted_values", "issue_ids": "[16]", "osm_url": "https://www.openstreetmap.org/way/1235257900", "josm_url": "http://127.0.0.1:8111/load_object?new_layer=false&objects=w1235257900", "id_url": "https://www.openstreetmap.org/edit?editor=id&way=1235257900#map=20/59.9074672/10.6852941"}}, {"type": "Feature", "geometry": {"type": "Point", "coordinates": [10.7327776, 59.8978692]}, "properties": {"id": 1236333692, "feat_type": "way", "quality_categories": "wrong_mispelled_or_unlisted_values", "issue_ids": "[2]", "osm_url": "https://www.openstreetmap.org/way/1236333692", "josm_url": "http://127.0.0.1:8111/load_object?new_layer=false&objects=w1236333692", "id_url": "https://www.openstreetmap.org/edit?editor=id&way=1236333692#map=20/59.8978692/10.7327776"}}, {"type": "Feature", "geometry": {"type": "Point", "coordinates": [10.70557, 59.9583387]}, "properties": {"id": 1239729822, "feat_type": "way", "quality_categories": "wrong_mispelled_or_unlisted_values", "issue_ids": "[16]", "osm_url": "https://www.openstreetmap.org/way/1239729822", "josm_url": "http://127.0.0.1:8111/load_object?new_layer=false&objects=w1239729822", "id_url": "https://www.openstreetmap.org/edit?editor=id&way=1239729822#map=20/59.9583387/10.70557"}}, {"type": "Feature", "geometry": {"type": "Point", "coordinates": [10.8975292, 59.9676897]}, "properties": {"id": 1245682433, "feat_type": "way", "quality_categories": "wrong_mispelled_or_unlisted_values", "issue_ids": "[2]", "osm_url": "https://www.openstreetmap.org/way/1245682433", "josm_url": "http://127.0.0.1:8111/load_object?new_layer=false&objects=w1245682433", "id_url": "https://www.openstreetmap.org/edit?editor=id&way=1245682433#map=20/59.9676897/10.8975292"}}, {"type": "Feature", "geometry": {"type": "Point", "coordinates": [10.897403, 59.9676767]}, "properties": {"id": 1245682434, "feat_type": "way", "quality_categories": "wrong_mispelled_or_unlisted_values", "issue_ids": "[2]", "osm_url": "https://www.openstreetmap.org/way/1245682434", "josm_url": "http://127.0.0.1:8111/load_object?new_layer=false&objects=w1245682434", "id_url": "https://www.openstreetmap.org/edit?editor=id&way=1245682434#map=20/59.9676767/10.897403"}}, {"type": "Feature", "geometry": {"type": "Point", "coordinates": [10.8974091, 59.9677445]}, "properties": {"id": 1245682435, "feat_type": "way", "quality_categories": "wrong_mispelled_or_unlisted_values", "issue_ids": "[2]", "osm_url": "https://www.openstreetmap.org/way/1245682435", "josm_url": "http://127.0.0.1:8111/load_object?new_layer=false&objects=w1245682435", "id_url": "https://www.openstreetmap.org/edit?editor=id&way=1245682435#map=20/59.9677445/10.8974091"}}, {"type": "Feature", "geometry": {"type": "Point", "coordinates": [10.7037288, 59.9293167]}, "properties": {"id": 1251978329, "feat_type": "way", "quality_categories": "wrong_mispelled_or_unlisted_values", "issue_ids": "[2]", "osm_url": "https://www.openstreetmap.org/way/1251978329", "josm_url": "http://127.0.0.1:8111/load_object?new_layer=false&objects=w1251978329", "id_url": "https://www.openstreetmap.org/edit?editor=id&way=1251978329#map=20/59.9293167/10.7037288"}}, {"type": "Feature", "geometry": {"type": "Point", "coordinates": [10.767067, 59.9652541]}, "properties": {"id": 1271771909, "feat_type": "way", "quality_categories": "wrong_mispelled_or_unlisted_values", "issue_ids": "[18]", "osm_url": "https://www.openstreetmap.org/way/1271771909", "josm_url": "http://127.0.0.1:8111/load_object?new_layer=false&objects=w1271771909", "id_url": "https://www.openstreetmap.org/edit?editor=id&way=1271771909#map=20/59.9652541/10.767067"}}, {"type": "Feature", "geometry": {"type": "Point", "coordinates": [10.9130811, 59.8328719]}, "properties": {"id": 1273580827, "feat_type": "way", "quality_categories": "wrong_mispelled_or_unlisted_values", "issue_ids": "[34]", "osm_url": "https://www.openstreetmap.org/way/1273580827", "josm_url": "http://127.0.0.1:8111/load_object?new_layer=false&objects=w1273580827", "id_url": "https://www.openstreetmap.org/edit?editor=id&way=1273580827#map=20/59.8328719/10.9130811"}}, {"type": "Feature", "geometry": {"type": "Point", "coordinates": [10.7653047, 59.9219338]}, "properties": {"id": 1279887078, "feat_type": "way", "quality_categories": "wrong_mispelled_or_unlisted_values", "issue_ids": "[2]", "osm_url": "https://www.openstreetmap.org/way/1279887078", "josm_url": "http://127.0.0.1:8111/load_object?new_layer=false&objects=w1279887078", "id_url": "https://www.openstreetmap.org/edit?editor=id&way=1279887078#map=20/59.9219338/10.7653047"}}, {"type": "Feature", "geometry": {"type": "Point", "coordinates": [10.754852, 59.9696521]}, "properties": {"id": 1279951242, "feat_type": "way", "quality_categories": "wrong_mispelled_or_unlisted_values", "issue_ids": "[25]", "osm_url": "https://www.openstreetmap.org/way/1279951242", "josm_url": "http://127.0.0.1:8111/load_object?new_layer=false&objects=w1279951242", "id_url": "https://www.openstreetmap.org/edit?editor=id&way=1279951242#map=20/59.9696521/10.754852"}}, {"type": "Feature", "geometry": {"type": "Point", "coordinates": [10.7725714, 59.9650091]}, "properties": {"id": 1280155904, "feat_type": "way", "quality_categories": "wrong_mispelled_or_unlisted_values", "issue_ids": "[5]", "osm_url": "https://www.openstreetmap.org/way/1280155904", "josm_url": "http://127.0.0.1:8111/load_object?new_layer=false&objects=w1280155904", "id_url": "https://www.openstreetmap.org/edit?editor=id&way=1280155904#map=20/59.9650091/10.7725714"}}, {"type": "Feature", "geometry": {"type": "Point", "coordinates": [10.7731141, 59.9649047]}, "properties": {"id": 1280229064, "feat_type": "way", "quality_categories": "wrong_mispelled_or_unlisted_values", "issue_ids": "[5]", "osm_url": "https://www.openstreetmap.org/way/1280229064", "josm_url": "http://127.0.0.1:8111/load_object?new_layer=false&objects=w1280229064", "id_url": "https://www.openstreetmap.org/edit?editor=id&way=1280229064#map=20/59.9649047/10.7731141"}}, {"type": "Feature", "geometry": {"type": "Point", "coordinates": [10.7727424, 59.9644193]}, "properties": {"id": 1280703929, "feat_type": "way", "quality_categories": "wrong_mispelled_or_unlisted_values", "issue_ids": "[5]", "osm_url": "https://www.openstreetmap.org/way/1280703929", "josm_url": "http://127.0.0.1:8111/load_object?new_layer=false&objects=w1280703929", "id_url": "https://www.openstreetmap.org/edit?editor=id&way=1280703929#map=20/59.9644193/10.7727424"}}, {"type": "Feature", "geometry": {"type": "Point", "coordinates": [10.772748, 59.9644256]}, "properties": {"id": 1280703930, "feat_type": "way", "quality_categories": "wrong_mispelled_or_unlisted_values", "issue_ids": "[2]", "osm_url": "https://www.openstreetmap.org/way/1280703930", "josm_url": "http://127.0.0.1:8111/load_object?new_layer=false&objects=w1280703930", "id_url": "https://www.openstreetmap.org/edit?editor=id&way=1280703930#map=20/59.9644256/10.772748"}}, {"type": "Feature", "geometry": {"type": "Point", "coordinates": [10.7205256, 59.9554989]}, "properties": {"id": 1282419236, "feat_type": "way", "quality_categories": "wrong_mispelled_or_unlisted_values", "issue_ids": "[2]", "osm_url": "https://www.openstreetmap.org/way/1282419236", "josm_url": "http://127.0.0.1:8111/load_object?new_layer=false&objects=w1282419236", "id_url": "https://www.openstreetmap.org/edit?editor=id&way=1282419236#map=20/59.9554989/10.7205256"}}, {"type": "Feature", "geometry": {"type": "Point", "coordinates": [10.682566, 60.0059914]}, "properties": {"id": 1284453042, "feat_type": "way", "quality_categories": "wrong_mispelled_or_unlisted_values", "issue_ids": "[25]", "osm_url": "https://www.openstreetmap.org/way/1284453042", "josm_url": "http://127.0.0.1:8111/load_object?new_layer=false&objects=w1284453042", "id_url": "https://www.openstreetmap.org/edit?editor=id&way=1284453042#map=20/60.0059914/10.682566"}}, {"type": "Feature", "geometry": {"type": "Point", "coordinates": [10.6777313, 60.0082648]}, "properties": {"id": 1284453043, "feat_type": "way", "quality_categories": "wrong_mispelled_or_unlisted_values", "issue_ids": "[25]", "osm_url": "https://www.openstreetmap.org/way/1284453043", "josm_url": "http://127.0.0.1:8111/load_object?new_layer=false&objects=w1284453043", "id_url": "https://www.openstreetmap.org/edit?editor=id&way=1284453043#map=20/60.0082648/10.6777313"}}, {"type": "Feature", "geometry": {"type": "Point", "coordinates": [10.6994472, 59.9930295]}, "properties": {"id": 1284453046, "feat_type": "way", "quality_categories": "wrong_mispelled_or_unlisted_values", "issue_ids": "[25]", "osm_url": "https://www.openstreetmap.org/way/1284453046", "josm_url": "http://127.0.0.1:8111/load_object?new_layer=false&objects=w1284453046", "id_url": "https://www.openstreetmap.org/edit?editor=id&way=1284453046#map=20/59.9930295/10.6994472"}}, {"type": "Feature", "geometry": {"type": "Point", "coordinates": [10.6735604, 60.0119316]}, "properties": {"id": 1284456729, "feat_type": "way", "quality_categories": "wrong_mispelled_or_unlisted_values", "issue_ids": "[155]", "osm_url": "https://www.openstreetmap.org/way/1284456729", "josm_url": "http://127.0.0.1:8111/load_object?new_layer=false&objects=w1284456729", "id_url": "https://www.openstreetmap.org/edit?editor=id&way=1284456729#map=20/60.0119316/10.6735604"}}, {"type": "Feature", "geometry": {"type": "Point", "coordinates": [10.7658595, 59.8948336]}, "properties": {"id": 1285363630, "feat_type": "way", "quality_categories": "wrong_mispelled_or_unlisted_values", "issue_ids": "[7]", "osm_url": "https://www.openstreetmap.org/way/1285363630", "josm_url": "http://127.0.0.1:8111/load_object?new_layer=false&objects=w1285363630", "id_url": "https://www.openstreetmap.org/edit?editor=id&way=1285363630#map=20/59.8948336/10.7658595"}}, {"type": "Feature", "geometry": {"type": "Point", "coordinates": [10.7658894, 59.8948457]}, "properties": {"id": 1285363631, "feat_type": "way", "quality_categories": "wrong_mispelled_or_unlisted_values", "issue_ids": "[7]", "osm_url": "https://www.openstreetmap.org/way/1285363631", "josm_url": "http://127.0.0.1:8111/load_object?new_layer=false&objects=w1285363631", "id_url": "https://www.openstreetmap.org/edit?editor=id&way=1285363631#map=20/59.8948457/10.7658894"}}, {"type": "Feature", "geometry": {"type": "Point", "coordinates": [10.7659861, 59.8948848]}, "properties": {"id": 1285363632, "feat_type": "way", "quality_categories": "wrong_mispelled_or_unlisted_values", "issue_ids": "[7]", "osm_url": "https://www.openstreetmap.org/way/1285363632", "josm_url": "http://127.0.0.1:8111/load_object?new_layer=false&objects=w1285363632", "id_url": "https://www.openstreetmap.org/edit?editor=id&way=1285363632#map=20/59.8948848/10.7659861"}}, {"type": "Feature", "geometry": {"type": "Point", "coordinates": [10.7660009, 59.8948908]}, "properties": {"id": 1285363633, "feat_type": "way", "quality_categories": "wrong_mispelled_or_unlisted_values", "issue_ids": "[7]", "osm_url": "https://www.openstreetmap.org/way/1285363633", "josm_url": "http://127.0.0.1:8111/load_object?new_layer=false&objects=w1285363633", "id_url": "https://www.openstreetmap.org/edit?editor=id&way=1285363633#map=20/59.8948908/10.7660009"}}, {"type": "Feature", "geometry": {"type": "Point", "coordinates": [10.7660165, 59.8948971]}, "properties": {"id": 1285363634, "feat_type": "way", "quality_categories": "wrong_mispelled_or_unlisted_values", "issue_ids": "[7]", "osm_url": "https://www.openstreetmap.org/way/1285363634", "josm_url": "http://127.0.0.1:8111/load_object?new_layer=false&objects=w1285363634", "id_url": "https://www.openstreetmap.org/edit?editor=id&way=1285363634#map=20/59.8948971/10.7660165"}}, {"type": "Feature", "geometry": {"type": "Point", "coordinates": [10.766052, 59.8949114]}, "properties": {"id": 1285363635, "feat_type": "way", "quality_categories": "wrong_mispelled_or_unlisted_values", "issue_ids": "[7]", "osm_url": "https://www.openstreetmap.org/way/1285363635", "josm_url": "http://127.0.0.1:8111/load_object?new_layer=false&objects=w1285363635", "id_url": "https://www.openstreetmap.org/edit?editor=id&way=1285363635#map=20/59.8949114/10.766052"}}, {"type": "Feature", "geometry": {"type": "Point", "coordinates": [10.766059, 59.8949143]}, "properties": {"id": 1285363636, "feat_type": "way", "quality_categories": "wrong_mispelled_or_unlisted_values", "issue_ids": "[7]", "osm_url": "https://www.openstreetmap.org/way/1285363636", "josm_url": "http://127.0.0.1:8111/load_object?new_layer=false&objects=w1285363636", "id_url": "https://www.openstreetmap.org/edit?editor=id&way=1285363636#map=20/59.8949143/10.766059"}}, {"type": "Feature", "geometry": {"type": "Point", "coordinates": [10.7660997, 59.8949307]}, "properties": {"id": 1285363637, "feat_type": "way", "quality_categories": "wrong_mispelled_or_unlisted_values", "issue_ids": "[7]", "osm_url": "https://www.openstreetmap.org/way/1285363637", "josm_url": "http://127.0.0.1:8111/load_object?new_layer=false&objects=w1285363637", "id_url": "https://www.openstreetmap.org/edit?editor=id&way=1285363637#map=20/59.8949307/10.7660997"}}, {"type": "Feature", "geometry": {"type": "Point", "coordinates": [10.766131, 59.8949434]}, "properties": {"id": 1285363638, "feat_type": "way", "quality_categories": "wrong_mispelled_or_unlisted_values", "issue_ids": "[7]", "osm_url": "https://www.openstreetmap.org/way/1285363638", "josm_url": "http://127.0.0.1:8111/load_object?new_layer=false&objects=w1285363638", "id_url": "https://www.openstreetmap.org/edit?editor=id&way=1285363638#map=20/59.8949434/10.766131"}}, {"type": "Feature", "geometry": {"type": "Point", "coordinates": [10.7661436, 59.8949484]}, "properties": {"id": 1285363639, "feat_type": "way", "quality_categories": "wrong_mispelled_or_unlisted_values", "issue_ids": "[7]", "osm_url": "https://www.openstreetmap.org/way/1285363639", "josm_url": "http://127.0.0.1:8111/load_object?new_layer=false&objects=w1285363639", "id_url": "https://www.openstreetmap.org/edit?editor=id&way=1285363639#map=20/59.8949484/10.7661436"}}, {"type": "Feature", "geometry": {"type": "Point", "coordinates": [10.7662124, 59.8949758]}, "properties": {"id": 1285363640, "feat_type": "way", "quality_categories": "wrong_mispelled_or_unlisted_values", "issue_ids": "[7]", "osm_url": "https://www.openstreetmap.org/way/1285363640", "josm_url": "http://127.0.0.1:8111/load_object?new_layer=false&objects=w1285363640", "id_url": "https://www.openstreetmap.org/edit?editor=id&way=1285363640#map=20/59.8949758/10.7662124"}}, {"type": "Feature", "geometry": {"type": "Point", "coordinates": [10.7662124, 59.8949758]}, "properties": {"id": 1285363641, "feat_type": "way", "quality_categories": "wrong_mispelled_or_unlisted_values", "issue_ids": "[7]", "osm_url": "https://www.openstreetmap.org/way/1285363641", "josm_url": "http://127.0.0.1:8111/load_object?new_layer=false&objects=w1285363641", "id_url": "https://www.openstreetmap.org/edit?editor=id&way=1285363641#map=20/59.8949758/10.7662124"}}, {"type": "Feature", "geometry": {"type": "Point", "coordinates": [10.7662527, 59.8949919]}, "properties": {"id": 1285363642, "feat_type": "way", "quality_categories": "wrong_mispelled_or_unlisted_values", "issue_ids": "[7]", "osm_url": "https://www.openstreetmap.org/way/1285363642", "josm_url": "http://127.0.0.1:8111/load_object?new_layer=false&objects=w1285363642", "id_url": "https://www.openstreetmap.org/edit?editor=id&way=1285363642#map=20/59.8949919/10.7662527"}}, {"type": "Feature", "geometry": {"type": "Point", "coordinates": [10.7662527, 59.8949919]}, "properties": {"id": 1285363643, "feat_type": "way", "quality_categories": "wrong_mispelled_or_unlisted_values", "issue_ids": "[7]", "osm_url": "https://www.openstreetmap.org/way/1285363643", "josm_url": "http://127.0.0.1:8111/load_object?new_layer=false&objects=w1285363643", "id_url": "https://www.openstreetmap.org/edit?editor=id&way=1285363643#map=20/59.8949919/10.7662527"}}, {"type": "Feature", "geometry": {"type": "Point", "coordinates": [10.76626, 59.8949948]}, "properties": {"id": 1285363644, "feat_type": "way", "quality_categories": "wrong_mispelled_or_unlisted_values", "issue_ids": "[7]", "osm_url": "https://www.openstreetmap.org/way/1285363644", "josm_url": "http://127.0.0.1:8111/load_object?new_layer=false&objects=w1285363644", "id_url": "https://www.openstreetmap.org/edit?editor=id&way=1285363644#map=20/59.8949948/10.76626"}}, {"type": "Feature", "geometry": {"type": "Point", "coordinates": [10.7667203, 59.8953178]}, "properties": {"id": 1285363645, "feat_type": "way", "quality_categories": "wrong_mispelled_or_unlisted_values", "issue_ids": "[7]", "osm_url": "https://www.openstreetmap.org/way/1285363645", "josm_url": "http://127.0.0.1:8111/load_object?new_layer=false&objects=w1285363645", "id_url": "https://www.openstreetmap.org/edit?editor=id&way=1285363645#map=20/59.8953178/10.7667203"}}, {"type": "Feature", "geometry": {"type": "Point", "coordinates": [10.7663586, 59.8951718]}, "properties": {"id": 1285363646, "feat_type": "way", "quality_categories": "wrong_mispelled_or_unlisted_values", "issue_ids": "[7]", "osm_url": "https://www.openstreetmap.org/way/1285363646", "josm_url": "http://127.0.0.1:8111/load_object?new_layer=false&objects=w1285363646", "id_url": "https://www.openstreetmap.org/edit?editor=id&way=1285363646#map=20/59.8951718/10.7663586"}}, {"type": "Feature", "geometry": {"type": "Point", "coordinates": [10.7664533, 59.89521]}, "properties": {"id": 1285363647, "feat_type": "way", "quality_categories": "wrong_mispelled_or_unlisted_values", "issue_ids": "[7]", "osm_url": "https://www.openstreetmap.org/way/1285363647", "josm_url": "http://127.0.0.1:8111/load_object?new_layer=false&objects=w1285363647", "id_url": "https://www.openstreetmap.org/edit?editor=id&way=1285363647#map=20/59.89521/10.7664533"}}, {"type": "Feature", "geometry": {"type": "Point", "coordinates": [10.7664533, 59.89521]}, "properties": {"id": 1285363648, "feat_type": "way", "quality_categories": "wrong_mispelled_or_unlisted_values", "issue_ids": "[7]", "osm_url": "https://www.openstreetmap.org/way/1285363648", "josm_url": "http://127.0.0.1:8111/load_object?new_layer=false&objects=w1285363648", "id_url": "https://www.openstreetmap.org/edit?editor=id&way=1285363648#map=20/59.89521/10.7664533"}}, {"type": "Feature", "geometry": {"type": "Point", "coordinates": [10.7664639, 59.8952143]}, "properties": {"id": 1285363649, "feat_type": "way", "quality_categories": "wrong_mispelled_or_unlisted_values", "issue_ids": "[7]", "osm_url": "https://www.openstreetmap.org/way/1285363649", "josm_url": "http://127.0.0.1:8111/load_object?new_layer=false&objects=w1285363649", "id_url": "https://www.openstreetmap.org/edit?editor=id&way=1285363649#map=20/59.8952143/10.7664639"}}, {"type": "Feature", "geometry": {"type": "Point", "coordinates": [10.7665076, 59.8952319]}, "properties": {"id": 1285363650, "feat_type": "way", "quality_categories": "wrong_mispelled_or_unlisted_values", "issue_ids": "[7]", "osm_url": "https://www.openstreetmap.org/way/1285363650", "josm_url": "http://127.0.0.1:8111/load_object?new_layer=false&objects=w1285363650", "id_url": "https://www.openstreetmap.org/edit?editor=id&way=1285363650#map=20/59.8952319/10.7665076"}}, {"type": "Feature", "geometry": {"type": "Point", "coordinates": [10.7665292, 59.8952406]}, "properties": {"id": 1285363651, "feat_type": "way", "quality_categories": "wrong_mispelled_or_unlisted_values", "issue_ids": "[7]", "osm_url": "https://www.openstreetmap.org/way/1285363651", "josm_url": "http://127.0.0.1:8111/load_object?new_layer=false&objects=w1285363651", "id_url": "https://www.openstreetmap.org/edit?editor=id&way=1285363651#map=20/59.8952406/10.7665292"}}, {"type": "Feature", "geometry": {"type": "Point", "coordinates": [10.7666085, 59.8952727]}, "properties": {"id": 1285363652, "feat_type": "way", "quality_categories": "wrong_mispelled_or_unlisted_values", "issue_ids": "[7]", "osm_url": "https://www.openstreetmap.org/way/1285363652", "josm_url": "http://127.0.0.1:8111/load_object?new_layer=false&objects=w1285363652", "id_url": "https://www.openstreetmap.org/edit?editor=id&way=1285363652#map=20/59.8952727/10.7666085"}}, {"type": "Feature", "geometry": {"type": "Point", "coordinates": [10.7667273, 59.8953206]}, "properties": {"id": 1285363653, "feat_type": "way", "quality_categories": "wrong_mispelled_or_unlisted_values", "issue_ids": "[7]", "osm_url": "https://www.openstreetmap.org/way/1285363653", "josm_url": "http://127.0.0.1:8111/load_object?new_layer=false&objects=w1285363653", "id_url": "https://www.openstreetmap.org/edit?editor=id&way=1285363653#map=20/59.8953206/10.7667273"}}, {"type": "Feature", "geometry": {"type": "Point", "coordinates": [10.7667273, 59.8953206]}, "properties": {"id": 1285363654, "feat_type": "way", "quality_categories": "wrong_mispelled_or_unlisted_values", "issue_ids": "[7]", "osm_url": "https://www.openstreetmap.org/way/1285363654", "josm_url": "http://127.0.0.1:8111/load_object?new_layer=false&objects=w1285363654", "id_url": "https://www.openstreetmap.org/edit?editor=id&way=1285363654#map=20/59.8953206/10.7667273"}}, {"type": "Feature", "geometry": {"type": "Point", "coordinates": [10.7662639, 59.8951336]}, "properties": {"id": 1285363655, "feat_type": "way", "quality_categories": "wrong_mispelled_or_unlisted_values", "issue_ids": "[7]", "osm_url": "https://www.openstreetmap.org/way/1285363655", "josm_url": "http://127.0.0.1:8111/load_object?new_layer=false&objects=w1285363655", "id_url": "https://www.openstreetmap.org/edit?editor=id&way=1285363655#map=20/59.8951336/10.7662639"}}, {"type": "Feature", "geometry": {"type": "Point", "coordinates": [10.7662201, 59.8951558]}, "properties": {"id": 1285363656, "feat_type": "way", "quality_categories": "wrong_mispelled_or_unlisted_values", "issue_ids": "[7]", "osm_url": "https://www.openstreetmap.org/way/1285363656", "josm_url": "http://127.0.0.1:8111/load_object?new_layer=false&objects=w1285363656", "id_url": "https://www.openstreetmap.org/edit?editor=id&way=1285363656#map=20/59.8951558/10.7662201"}}, {"type": "Feature", "geometry": {"type": "Point", "coordinates": [10.7661215, 59.8951953]}, "properties": {"id": 1285363657, "feat_type": "way", "quality_categories": "wrong_mispelled_or_unlisted_values", "issue_ids": "[7]", "osm_url": "https://www.openstreetmap.org/way/1285363657", "josm_url": "http://127.0.0.1:8111/load_object?new_layer=false&objects=w1285363657", "id_url": "https://www.openstreetmap.org/edit?editor=id&way=1285363657#map=20/59.8951953/10.7661215"}}, {"type": "Feature", "geometry": {"type": "Point", "coordinates": [10.7660495, 59.8951744]}, "properties": {"id": 1285363658, "feat_type": "way", "quality_categories": "wrong_mispelled_or_unlisted_values", "issue_ids": "[7]", "osm_url": "https://www.openstreetmap.org/way/1285363658", "josm_url": "http://127.0.0.1:8111/load_object?new_layer=false&objects=w1285363658", "id_url": "https://www.openstreetmap.org/edit?editor=id&way=1285363658#map=20/59.8951744/10.7660495"}}, {"type": "Feature", "geometry": {"type": "Point", "coordinates": [10.7660495, 59.8951744]}, "properties": {"id": 1285363659, "feat_type": "way", "quality_categories": "wrong_mispelled_or_unlisted_values", "issue_ids": "[7]", "osm_url": "https://www.openstreetmap.org/way/1285363659", "josm_url": "http://127.0.0.1:8111/load_object?new_layer=false&objects=w1285363659", "id_url": "https://www.openstreetmap.org/edit?editor=id&way=1285363659#map=20/59.8951744/10.7660495"}}, {"type": "Feature", "geometry": {"type": "Point", "coordinates": [10.7659879, 59.8951504]}, "properties": {"id": 1285363660, "feat_type": "way", "quality_categories": "wrong_mispelled_or_unlisted_values", "issue_ids": "[7]", "osm_url": "https://www.openstreetmap.org/way/1285363660", "josm_url": "http://127.0.0.1:8111/load_object?new_layer=false&objects=w1285363660", "id_url": "https://www.openstreetmap.org/edit?editor=id&way=1285363660#map=20/59.8951504/10.7659879"}}, {"type": "Feature", "geometry": {"type": "Point", "coordinates": [10.7659156, 59.8951222]}, "properties": {"id": 1285363661, "feat_type": "way", "quality_categories": "wrong_mispelled_or_unlisted_values", "issue_ids": "[7]", "osm_url": "https://www.openstreetmap.org/way/1285363661", "josm_url": "http://127.0.0.1:8111/load_object?new_layer=false&objects=w1285363661", "id_url": "https://www.openstreetmap.org/edit?editor=id&way=1285363661#map=20/59.8951222/10.7659156"}}, {"type": "Feature", "geometry": {"type": "Point", "coordinates": [10.7659156, 59.8951222]}, "properties": {"id": 1285363662, "feat_type": "way", "quality_categories": "wrong_mispelled_or_unlisted_values", "issue_ids": "[7]", "osm_url": "https://www.openstreetmap.org/way/1285363662", "josm_url": "http://127.0.0.1:8111/load_object?new_layer=false&objects=w1285363662", "id_url": "https://www.openstreetmap.org/edit?editor=id&way=1285363662#map=20/59.8951222/10.7659156"}}, {"type": "Feature", "geometry": {"type": "Point", "coordinates": [10.7658722, 59.8951053]}, "properties": {"id": 1285363663, "feat_type": "way", "quality_categories": "wrong_mispelled_or_unlisted_values", "issue_ids": "[7]", "osm_url": "https://www.openstreetmap.org/way/1285363663", "josm_url": "http://127.0.0.1:8111/load_object?new_layer=false&objects=w1285363663", "id_url": "https://www.openstreetmap.org/edit?editor=id&way=1285363663#map=20/59.8951053/10.7658722"}}, {"type": "Feature", "geometry": {"type": "Point", "coordinates": [10.7658067, 59.8950786]}, "properties": {"id": 1285363664, "feat_type": "way", "quality_categories": "wrong_mispelled_or_unlisted_values", "issue_ids": "[7]", "osm_url": "https://www.openstreetmap.org/way/1285363664", "josm_url": "http://127.0.0.1:8111/load_object?new_layer=false&objects=w1285363664", "id_url": "https://www.openstreetmap.org/edit?editor=id&way=1285363664#map=20/59.8950786/10.7658067"}}, {"type": "Feature", "geometry": {"type": "Point", "coordinates": [10.7658067, 59.8950786]}, "properties": {"id": 1285363665, "feat_type": "way", "quality_categories": "wrong_mispelled_or_unlisted_values", "issue_ids": "[7]", "osm_url": "https://www.openstreetmap.org/way/1285363665", "josm_url": "http://127.0.0.1:8111/load_object?new_layer=false&objects=w1285363665", "id_url": "https://www.openstreetmap.org/edit?editor=id&way=1285363665#map=20/59.8950786/10.7658067"}}, {"type": "Feature", "geometry": {"type": "Point", "coordinates": [10.7657597, 59.8950594]}, "properties": {"id": 1285363666, "feat_type": "way", "quality_categories": "wrong_mispelled_or_unlisted_values", "issue_ids": "[7]", "osm_url": "https://www.openstreetmap.org/way/1285363666", "josm_url": "http://127.0.0.1:8111/load_object?new_layer=false&objects=w1285363666", "id_url": "https://www.openstreetmap.org/edit?editor=id&way=1285363666#map=20/59.8950594/10.7657597"}}, {"type": "Feature", "geometry": {"type": "Point", "coordinates": [10.7657322, 59.8950482]}, "properties": {"id": 1285363667, "feat_type": "way", "quality_categories": "wrong_mispelled_or_unlisted_values", "issue_ids": "[7]", "osm_url": "https://www.openstreetmap.org/way/1285363667", "josm_url": "http://127.0.0.1:8111/load_object?new_layer=false&objects=w1285363667", "id_url": "https://www.openstreetmap.org/edit?editor=id&way=1285363667#map=20/59.8950482/10.7657322"}}, {"type": "Feature", "geometry": {"type": "Point", "coordinates": [10.7655993, 59.8949959]}, "properties": {"id": 1285363668, "feat_type": "way", "quality_categories": "wrong_mispelled_or_unlisted_values", "issue_ids": "[7]", "osm_url": "https://www.openstreetmap.org/way/1285363668", "josm_url": "http://127.0.0.1:8111/load_object?new_layer=false&objects=w1285363668", "id_url": "https://www.openstreetmap.org/edit?editor=id&way=1285363668#map=20/59.8949959/10.7655993"}}, {"type": "Feature", "geometry": {"type": "Point", "coordinates": [10.7638143, 59.8996003]}, "properties": {"id": 1285854244, "feat_type": "way", "quality_categories": "wrong_mispelled_or_unlisted_values", "issue_ids": "[2]", "osm_url": "https://www.openstreetmap.org/way/1285854244", "josm_url": "http://127.0.0.1:8111/load_object?new_layer=false&objects=w1285854244", "id_url": "https://www.openstreetmap.org/edit?editor=id&way=1285854244#map=20/59.8996003/10.7638143"}}, {"type": "Feature", "geometry": {"type": "Point", "coordinates": [10.7675678, 59.9658197]}, "properties": {"id": 1286215433, "feat_type": "way", "quality_categories": "wrong_mispelled_or_unlisted_values", "issue_ids": "[2]", "osm_url": "https://www.openstreetmap.org/way/1286215433", "josm_url": "http://127.0.0.1:8111/load_object?new_layer=false&objects=w1286215433", "id_url": "https://www.openstreetmap.org/edit?editor=id&way=1286215433#map=20/59.9658197/10.7675678"}}, {"type": "Feature", "geometry": {"type": "Point", "coordinates": [10.7452583, 59.9747888]}, "properties": {"id": 1291299977, "feat_type": "way", "quality_categories": "wrong_mispelled_or_unlisted_values", "issue_ids": "[26]", "osm_url": "https://www.openstreetmap.org/way/1291299977", "josm_url": "http://127.0.0.1:8111/load_object?new_layer=false&objects=w1291299977", "id_url": "https://www.openstreetmap.org/edit?editor=id&way=1291299977#map=20/59.9747888/10.7452583"}}, {"type": "Feature", "geometry": {"type": "Point", "coordinates": [10.7453016, 59.9751347]}, "properties": {"id": 1291299984, "feat_type": "way", "quality_categories": "wrong_mispelled_or_unlisted_values", "issue_ids": "[26]", "osm_url": "https://www.openstreetmap.org/way/1291299984", "josm_url": "http://127.0.0.1:8111/load_object?new_layer=false&objects=w1291299984", "id_url": "https://www.openstreetmap.org/edit?editor=id&way=1291299984#map=20/59.9751347/10.7453016"}}, {"type": "Feature", "geometry": {"type": "Point", "coordinates": [10.7473024, 59.9725208]}, "properties": {"id": 1292161221, "feat_type": "way", "quality_categories": "wrong_mispelled_or_unlisted_values", "issue_ids": "[26]", "osm_url": "https://www.openstreetmap.org/way/1292161221", "josm_url": "http://127.0.0.1:8111/load_object?new_layer=false&objects=w1292161221", "id_url": "https://www.openstreetmap.org/edit?editor=id&way=1292161221#map=20/59.9725208/10.7473024"}}, {"type": "Feature", "geometry": {"type": "Point", "coordinates": [10.745579, 59.975437]}, "properties": {"id": 1292161224, "feat_type": "way", "quality_categories": "wrong_mispelled_or_unlisted_values", "issue_ids": "[26]", "osm_url": "https://www.openstreetmap.org/way/1292161224", "josm_url": "http://127.0.0.1:8111/load_object?new_layer=false&objects=w1292161224", "id_url": "https://www.openstreetmap.org/edit?editor=id&way=1292161224#map=20/59.975437/10.745579"}}, {"type": "Feature", "geometry": {"type": "Point", "coordinates": [10.7464419, 59.974565]}, "properties": {"id": 1292161232, "feat_type": "way", "quality_categories": "wrong_mispelled_or_unlisted_values", "issue_ids": "[26]", "osm_url": "https://www.openstreetmap.org/way/1292161232", "josm_url": "http://127.0.0.1:8111/load_object?new_layer=false&objects=w1292161232", "id_url": "https://www.openstreetmap.org/edit?editor=id&way=1292161232#map=20/59.974565/10.7464419"}}, {"type": "Feature", "geometry": {"type": "Point", "coordinates": [10.744619, 59.9744299]}, "properties": {"id": 1292161234, "feat_type": "way", "quality_categories": "wrong_mispelled_or_unlisted_values", "issue_ids": "[26]", "osm_url": "https://www.openstreetmap.org/way/1292161234", "josm_url": "http://127.0.0.1:8111/load_object?new_layer=false&objects=w1292161234", "id_url": "https://www.openstreetmap.org/edit?editor=id&way=1292161234#map=20/59.9744299/10.744619"}}, {"type": "Feature", "geometry": {"type": "Point", "coordinates": [10.6878489, 59.9283788]}, "properties": {"id": 1293273706, "feat_type": "way", "quality_categories": "wrong_mispelled_or_unlisted_values", "issue_ids": "[2]", "osm_url": "https://www.openstreetmap.org/way/1293273706", "josm_url": "http://127.0.0.1:8111/load_object?new_layer=false&objects=w1293273706", "id_url": "https://www.openstreetmap.org/edit?editor=id&way=1293273706#map=20/59.9283788/10.6878489"}}, {"type": "Feature", "geometry": {"type": "Point", "coordinates": [10.753029, 59.9046779]}, "properties": {"id": 1293484311, "feat_type": "way", "quality_categories": "wrong_mispelled_or_unlisted_values", "issue_ids": "[5]", "osm_url": "https://www.openstreetmap.org/way/1293484311", "josm_url": "http://127.0.0.1:8111/load_object?new_layer=false&objects=w1293484311", "id_url": "https://www.openstreetmap.org/edit?editor=id&way=1293484311#map=20/59.9046779/10.753029"}}, {"type": "Feature", "geometry": {"type": "Point", "coordinates": [10.7508603, 59.9643258]}, "properties": {"id": 1295717518, "feat_type": "way", "quality_categories": "wrong_mispelled_or_unlisted_values", "issue_ids": "[2]", "osm_url": "https://www.openstreetmap.org/way/1295717518", "josm_url": "http://127.0.0.1:8111/load_object?new_layer=false&objects=w1295717518", "id_url": "https://www.openstreetmap.org/edit?editor=id&way=1295717518#map=20/59.9643258/10.7508603"}}, {"type": "Feature", "geometry": {"type": "Point", "coordinates": [10.8203431, 59.8703922]}, "properties": {"id": 1296164336, "feat_type": "way", "quality_categories": "wrong_mispelled_or_unlisted_values", "issue_ids": "[7]", "osm_url": "https://www.openstreetmap.org/way/1296164336", "josm_url": "http://127.0.0.1:8111/load_object?new_layer=false&objects=w1296164336", "id_url": "https://www.openstreetmap.org/edit?editor=id&way=1296164336#map=20/59.8703922/10.8203431"}}, {"type": "Feature", "geometry": {"type": "Point", "coordinates": [10.7926538, 59.9127288]}, "properties": {"id": 1296953096, "feat_type": "way", "quality_categories": "wrong_mispelled_or_unlisted_values", "issue_ids": "[2]", "osm_url": "https://www.openstreetmap.org/way/1296953096", "josm_url": "http://127.0.0.1:8111/load_object?new_layer=false&objects=w1296953096", "id_url": "https://www.openstreetmap.org/edit?editor=id&way=1296953096#map=20/59.9127288/10.7926538"}}, {"type": "Feature", "geometry": {"type": "Point", "coordinates": [10.8009465, 59.8589902]}, "properties": {"id": 1297183989, "feat_type": "way", "quality_categories": "wrong_mispelled_or_unlisted_values", "issue_ids": "[2]", "osm_url": "https://www.openstreetmap.org/way/1297183989", "josm_url": "http://127.0.0.1:8111/load_object?new_layer=false&objects=w1297183989", "id_url": "https://www.openstreetmap.org/edit?editor=id&way=1297183989#map=20/59.8589902/10.8009465"}}, {"type": "Feature", "geometry": {"type": "Point", "coordinates": [10.7732952, 59.9083711]}, "properties": {"id": 1297710951, "feat_type": "way", "quality_categories": "wrong_mispelled_or_unlisted_values", "issue_ids": "[2]", "osm_url": "https://www.openstreetmap.org/way/1297710951", "josm_url": "http://127.0.0.1:8111/load_object?new_layer=false&objects=w1297710951", "id_url": "https://www.openstreetmap.org/edit?editor=id&way=1297710951#map=20/59.9083711/10.7732952"}}, {"type": "Feature", "geometry": {"type": "Point", "coordinates": [10.7993849, 59.826515]}, "properties": {"id": 1299944981, "feat_type": "way", "quality_categories": "wrong_mispelled_or_unlisted_values", "issue_ids": "[2]", "osm_url": "https://www.openstreetmap.org/way/1299944981", "josm_url": "http://127.0.0.1:8111/load_object?new_layer=false&objects=w1299944981", "id_url": "https://www.openstreetmap.org/edit?editor=id&way=1299944981#map=20/59.826515/10.7993849"}}, {"type": "Feature", "geometry": {"type": "Point", "coordinates": [10.7917918, 59.9606034]}, "properties": {"id": 1303225718, "feat_type": "way", "quality_categories": "wrong_mispelled_or_unlisted_values", "issue_ids": "[2]", "osm_url": "https://www.openstreetmap.org/way/1303225718", "josm_url": "http://127.0.0.1:8111/load_object?new_layer=false&objects=w1303225718", "id_url": "https://www.openstreetmap.org/edit?editor=id&way=1303225718#map=20/59.9606034/10.7917918"}}, {"type": "Feature", "geometry": {"type": "Point", "coordinates": [10.7921685, 59.9606291]}, "properties": {"id": 1303225719, "feat_type": "way", "quality_categories": "wrong_mispelled_or_unlisted_values", "issue_ids": "[2]", "osm_url": "https://www.openstreetmap.org/way/1303225719", "josm_url": "http://127.0.0.1:8111/load_object?new_layer=false&objects=w1303225719", "id_url": "https://www.openstreetmap.org/edit?editor=id&way=1303225719#map=20/59.9606291/10.7921685"}}, {"type": "Feature", "geometry": {"type": "Point", "coordinates": [10.7294679, 59.940449]}, "properties": {"id": 1305652649, "feat_type": "way", "quality_categories": "wrong_mispelled_or_unlisted_values", "issue_ids": "[2]", "osm_url": "https://www.openstreetmap.org/way/1305652649", "josm_url": "http://127.0.0.1:8111/load_object?new_layer=false&objects=w1305652649", "id_url": "https://www.openstreetmap.org/edit?editor=id&way=1305652649#map=20/59.940449/10.7294679"}}, {"type": "Feature", "geometry": {"type": "Point", "coordinates": [10.7292561, 59.9405312]}, "properties": {"id": 1305652657, "feat_type": "way", "quality_categories": "wrong_mispelled_or_unlisted_values", "issue_ids": "[2]", "osm_url": "https://www.openstreetmap.org/way/1305652657", "josm_url": "http://127.0.0.1:8111/load_object?new_layer=false&objects=w1305652657", "id_url": "https://www.openstreetmap.org/edit?editor=id&way=1305652657#map=20/59.9405312/10.7292561"}}, {"type": "Feature", "geometry": {"type": "Point", "coordinates": [10.729316, 59.9404223]}, "properties": {"id": 1305652658, "feat_type": "way", "quality_categories": "wrong_mispelled_or_unlisted_values", "issue_ids": "[2]", "osm_url": "https://www.openstreetmap.org/way/1305652658", "josm_url": "http://127.0.0.1:8111/load_object?new_layer=false&objects=w1305652658", "id_url": "https://www.openstreetmap.org/edit?editor=id&way=1305652658#map=20/59.9404223/10.729316"}}, {"type": "Feature", "geometry": {"type": "Point", "coordinates": [10.7292917, 59.940464]}, "properties": {"id": 1305652659, "feat_type": "way", "quality_categories": "wrong_mispelled_or_unlisted_values", "issue_ids": "[2]", "osm_url": "https://www.openstreetmap.org/way/1305652659", "josm_url": "http://127.0.0.1:8111/load_object?new_layer=false&objects=w1305652659", "id_url": "https://www.openstreetmap.org/edit?editor=id&way=1305652659#map=20/59.940464/10.7292917"}}, {"type": "Feature", "geometry": {"type": "Point", "coordinates": [10.7770674, 59.9076563]}, "properties": {"id": 1308479804, "feat_type": "way", "quality_categories": "wrong_mispelled_or_unlisted_values", "issue_ids": "[2]", "osm_url": "https://www.openstreetmap.org/way/1308479804", "josm_url": "http://127.0.0.1:8111/load_object?new_layer=false&objects=w1308479804", "id_url": "https://www.openstreetmap.org/edit?editor=id&way=1308479804#map=20/59.9076563/10.7770674"}}, {"type": "Feature", "geometry": {"type": "Point", "coordinates": [10.7768546, 59.9077405]}, "properties": {"id": 1308479812, "feat_type": "way", "quality_categories": "wrong_mispelled_or_unlisted_values", "issue_ids": "[2]", "osm_url": "https://www.openstreetmap.org/way/1308479812", "josm_url": "http://127.0.0.1:8111/load_object?new_layer=false&objects=w1308479812", "id_url": "https://www.openstreetmap.org/edit?editor=id&way=1308479812#map=20/59.9077405/10.7768546"}}, {"type": "Feature", "geometry": {"type": "Point", "coordinates": [10.800674, 59.898977]}, "properties": {"id": 1311642904, "feat_type": "way", "quality_categories": "wrong_mispelled_or_unlisted_values", "issue_ids": "[2]", "osm_url": "https://www.openstreetmap.org/way/1311642904", "josm_url": "http://127.0.0.1:8111/load_object?new_layer=false&objects=w1311642904", "id_url": "https://www.openstreetmap.org/edit?editor=id&way=1311642904#map=20/59.898977/10.800674"}}, {"type": "Feature", "geometry": {"type": "Point", "coordinates": [10.7717749, 59.917737]}, "properties": {"id": 1312843111, "feat_type": "way", "quality_categories": "wrong_mispelled_or_unlisted_values", "issue_ids": "[16]", "osm_url": "https://www.openstreetmap.org/way/1312843111", "josm_url": "http://127.0.0.1:8111/load_object?new_layer=false&objects=w1312843111", "id_url": "https://www.openstreetmap.org/edit?editor=id&way=1312843111#map=20/59.917737/10.7717749"}}, {"type": "Feature", "geometry": {"type": "Point", "coordinates": [10.7259038, 59.9080623]}, "properties": {"id": 1314145715, "feat_type": "way", "quality_categories": "wrong_mispelled_or_unlisted_values", "issue_ids": "[90]", "osm_url": "https://www.openstreetmap.org/way/1314145715", "josm_url": "http://127.0.0.1:8111/load_object?new_layer=false&objects=w1314145715", "id_url": "https://www.openstreetmap.org/edit?editor=id&way=1314145715#map=20/59.9080623/10.7259038"}}, {"type": "Feature", "geometry": {"type": "Point", "coordinates": [10.764106239732554, 59.9043523]}, "properties": {"id": 1317984782, "feat_type": "way", "quality_categories": "wrong_mispelled_or_unlisted_values", "issue_ids": "[2]", "osm_url": "https://www.openstreetmap.org/way/1317984782", "josm_url": "http://127.0.0.1:8111/load_object?new_layer=false&objects=w1317984782", "id_url": "https://www.openstreetmap.org/edit?editor=id&way=1317984782#map=20/59.9043523/10.764106239732554"}}, {"type": "Feature", "geometry": {"type": "Point", "coordinates": [10.8779303, 59.9572015]}, "properties": {"id": 1318451516, "feat_type": "way", "quality_categories": "wrong_mispelled_or_unlisted_values", "issue_ids": "[2]", "osm_url": "https://www.openstreetmap.org/way/1318451516", "josm_url": "http://127.0.0.1:8111/load_object?new_layer=false&objects=w1318451516", "id_url": "https://www.openstreetmap.org/edit?editor=id&way=1318451516#map=20/59.9572015/10.8779303"}}, {"type": "Feature", "geometry": {"type": "Point", "coordinates": [10.7481811, 59.9432015]}, "properties": {"id": 1318517982, "feat_type": "way", "quality_categories": "wrong_mispelled_or_unlisted_values", "issue_ids": "[2]", "osm_url": "https://www.openstreetmap.org/way/1318517982", "josm_url": "http://127.0.0.1:8111/load_object?new_layer=false&objects=w1318517982", "id_url": "https://www.openstreetmap.org/edit?editor=id&way=1318517982#map=20/59.9432015/10.7481811"}}, {"type": "Feature", "geometry": {"type": "Point", "coordinates": [10.747878, 59.9431209]}, "properties": {"id": 1318517983, "feat_type": "way", "quality_categories": "wrong_mispelled_or_unlisted_values", "issue_ids": "[2]", "osm_url": "https://www.openstreetmap.org/way/1318517983", "josm_url": "http://127.0.0.1:8111/load_object?new_layer=false&objects=w1318517983", "id_url": "https://www.openstreetmap.org/edit?editor=id&way=1318517983#map=20/59.9431209/10.747878"}}, {"type": "Feature", "geometry": {"type": "Point", "coordinates": [10.7924708, 59.9215424]}, "properties": {"id": 1331390718, "feat_type": "way", "quality_categories": "wrong_mispelled_or_unlisted_values", "issue_ids": "[2]", "osm_url": "https://www.openstreetmap.org/way/1331390718", "josm_url": "http://127.0.0.1:8111/load_object?new_layer=false&objects=w1331390718", "id_url": "https://www.openstreetmap.org/edit?editor=id&way=1331390718#map=20/59.9215424/10.7924708"}}, {"type": "Feature", "geometry": {"type": "Point", "coordinates": [10.9284005, 59.9659112]}, "properties": {"id": 1344070843, "feat_type": "way", "quality_categories": "wrong_mispelled_or_unlisted_values", "issue_ids": "[18]", "osm_url": "https://www.openstreetmap.org/way/1344070843", "josm_url": "http://127.0.0.1:8111/load_object?new_layer=false&objects=w1344070843", "id_url": "https://www.openstreetmap.org/edit?editor=id&way=1344070843#map=20/59.9659112/10.9284005"}}, {"type": "Feature", "geometry": {"type": "Point", "coordinates": [10.8387602, 59.8274354]}, "properties": {"id": 1350492984, "feat_type": "way", "quality_categories": "wrong_mispelled_or_unlisted_values", "issue_ids": "[2]", "osm_url": "https://www.openstreetmap.org/way/1350492984", "josm_url": "http://127.0.0.1:8111/load_object?new_layer=false&objects=w1350492984", "id_url": "https://www.openstreetmap.org/edit?editor=id&way=1350492984#map=20/59.8274354/10.8387602"}}, {"type": "Feature", "geometry": {"type": "Point", "coordinates": [10.7954448, 59.8710484]}, "properties": {"id": 1362558612, "feat_type": "way", "quality_categories": "wrong_mispelled_or_unlisted_values", "issue_ids": "[150]", "osm_url": "https://www.openstreetmap.org/way/1362558612", "josm_url": "http://127.0.0.1:8111/load_object?new_layer=false&objects=w1362558612", "id_url": "https://www.openstreetmap.org/edit?editor=id&way=1362558612#map=20/59.8710484/10.7954448"}}, {"type": "Feature", "geometry": {"type": "Point", "coordinates": [10.7435307, 59.9058976]}, "properties": {"id": 1368452657, "feat_type": "way", "quality_categories": "wrong_mispelled_or_unlisted_values", "issue_ids": "[2]", "osm_url": "https://www.openstreetmap.org/way/1368452657", "josm_url": "http://127.0.0.1:8111/load_object?new_layer=false&objects=w1368452657", "id_url": "https://www.openstreetmap.org/edit?editor=id&way=1368452657#map=20/59.9058976/10.7435307"}}, {"type": "Feature", "geometry": {"type": "Point", "coordinates": [10.7642524, 59.8977724]}, "properties": {"id": 1375182526, "feat_type": "way", "quality_categories": "wrong_mispelled_or_unlisted_values", "issue_ids": "[15]", "osm_url": "https://www.openstreetmap.org/way/1375182526", "josm_url": "http://127.0.0.1:8111/load_object?new_layer=false&objects=w1375182526", "id_url": "https://www.openstreetmap.org/edit?editor=id&way=1375182526#map=20/59.8977724/10.7642524"}}, {"type": "Feature", "geometry": {"type": "Point", "coordinates": [10.7163703, 59.8832635]}, "properties": {"id": 1384926831, "feat_type": "way", "quality_categories": "wrong_mispelled_or_unlisted_values", "issue_ids": "[2]", "osm_url": "https://www.openstreetmap.org/way/1384926831", "josm_url": "http://127.0.0.1:8111/load_object?new_layer=false&objects=w1384926831", "id_url": "https://www.openstreetmap.org/edit?editor=id&way=1384926831#map=20/59.8832635/10.7163703"}}, {"type": "Feature", "geometry": {"type": "Point", "coordinates": [10.72251, 59.9365393]}, "properties": {"id": 1387173733, "feat_type": "way", "quality_categories": "wrong_mispelled_or_unlisted_values", "issue_ids": "[2]", "osm_url": "https://www.openstreetmap.org/way/1387173733", "josm_url": "http://127.0.0.1:8111/load_object?new_layer=false&objects=w1387173733", "id_url": "https://www.openstreetmap.org/edit?editor=id&way=1387173733#map=20/59.9365393/10.72251"}}, {"type": "Feature", "geometry": {"type": "Point", "coordinates": [10.68562, 59.9077748]}, "properties": {"id": 1393872382, "feat_type": "way", "quality_categories": "wrong_mispelled_or_unlisted_values", "issue_ids": "[2]", "osm_url": "https://www.openstreetmap.org/way/1393872382", "josm_url": "http://127.0.0.1:8111/load_object?new_layer=false&objects=w1393872382", "id_url": "https://www.openstreetmap.org/edit?editor=id&way=1393872382#map=20/59.9077748/10.68562"}}, {"type": "Feature", "geometry": {"type": "Point", "coordinates": [10.6857083, 59.9078196]}, "properties": {"id": 1393872397, "feat_type": "way", "quality_categories": "wrong_mispelled_or_unlisted_values", "issue_ids": "[2]", "osm_url": "https://www.openstreetmap.org/way/1393872397", "josm_url": "http://127.0.0.1:8111/load_object?new_layer=false&objects=w1393872397", "id_url": "https://www.openstreetmap.org/edit?editor=id&way=1393872397#map=20/59.9078196/10.6857083"}}, {"type": "Feature", "geometry": {"type": "Point", "coordinates": [10.6856157, 59.9074402]}, "properties": {"id": 1393872664, "feat_type": "way", "quality_categories": "wrong_mispelled_or_unlisted_values", "issue_ids": "[16]", "osm_url": "https://www.openstreetmap.org/way/1393872664", "josm_url": "http://127.0.0.1:8111/load_object?new_layer=false&objects=w1393872664", "id_url": "https://www.openstreetmap.org/edit?editor=id&way=1393872664#map=20/59.9074402/10.6856157"}}, {"type": "Feature", "geometry": {"type": "Point", "coordinates": [10.6853569, 59.9073634]}, "properties": {"id": 1393872667, "feat_type": "way", "quality_categories": "wrong_mispelled_or_unlisted_values", "issue_ids": "[2]", "osm_url": "https://www.openstreetmap.org/way/1393872667", "josm_url": "http://127.0.0.1:8111/load_object?new_layer=false&objects=w1393872667", "id_url": "https://www.openstreetmap.org/edit?editor=id&way=1393872667#map=20/59.9073634/10.6853569"}}, {"type": "Feature", "geometry": {"type": "Point", "coordinates": [10.7305527, 59.9378665]}, "properties": {"id": 1409597820, "feat_type": "way", "quality_categories": "wrong_mispelled_or_unlisted_values", "issue_ids": "[2]", "osm_url": "https://www.openstreetmap.org/way/1409597820", "josm_url": "http://127.0.0.1:8111/load_object?new_layer=false&objects=w1409597820", "id_url": "https://www.openstreetmap.org/edit?editor=id&way=1409597820#map=20/59.9378665/10.7305527"}}, {"type": "Feature", "geometry": {"type": "Point", "coordinates": [10.7011131, 59.9030281]}, "properties": {"id": 1412315495, "feat_type": "way", "quality_categories": "wrong_mispelled_or_unlisted_values", "issue_ids": "[2]", "osm_url": "https://www.openstreetmap.org/way/1412315495", "josm_url": "http://127.0.0.1:8111/load_object?new_layer=false&objects=w1412315495", "id_url": "https://www.openstreetmap.org/edit?editor=id&way=1412315495#map=20/59.9030281/10.7011131"}}, {"type": "Feature", "geometry": {"type": "Point", "coordinates": [10.6763539, 59.8953839]}, "properties": {"id": 1412345815, "feat_type": "way", "quality_categories": "wrong_mispelled_or_unlisted_values", "issue_ids": "[2]", "osm_url": "https://www.openstreetmap.org/way/1412345815", "josm_url": "http://127.0.0.1:8111/load_object?new_layer=false&objects=w1412345815", "id_url": "https://www.openstreetmap.org/edit?editor=id&way=1412345815#map=20/59.8953839/10.6763539"}}, {"type": "Feature", "geometry": {"type": "Point", "coordinates": [10.7596553, 59.8986845]}, "properties": {"id": 1413153189, "feat_type": "way", "quality_categories": "wrong_mispelled_or_unlisted_values", "issue_ids": "[16]", "osm_url": "https://www.openstreetmap.org/way/1413153189", "josm_url": "http://127.0.0.1:8111/load_object?new_layer=false&objects=w1413153189", "id_url": "https://www.openstreetmap.org/edit?editor=id&way=1413153189#map=20/59.8986845/10.7596553"}}, {"type": "Feature", "geometry": {"type": "Point", "coordinates": [10.7497667, 59.9175367]}, "properties": {"id": 1413212336, "feat_type": "way", "quality_categories": "wrong_mispelled_or_unlisted_values", "issue_ids": "[2]", "osm_url": "https://www.openstreetmap.org/way/1413212336", "josm_url": "http://127.0.0.1:8111/load_object?new_layer=false&objects=w1413212336", "id_url": "https://www.openstreetmap.org/edit?editor=id&way=1413212336#map=20/59.9175367/10.7497667"}}, {"type": "Feature", "geometry": {"type": "Point", "coordinates": [10.682914, 59.9071918]}, "properties": {"id": 1415380946, "feat_type": "way", "quality_categories": "wrong_mispelled_or_unlisted_values", "issue_ids": "[2]", "osm_url": "https://www.openstreetmap.org/way/1415380946", "josm_url": "http://127.0.0.1:8111/load_object?new_layer=false&objects=w1415380946", "id_url": "https://www.openstreetmap.org/edit?editor=id&way=1415380946#map=20/59.9071918/10.682914"}}, {"type": "Feature", "geometry": {"type": "Point", "coordinates": [10.9080275, 59.9550894]}, "properties": {"id": 1416155158, "feat_type": "way", "quality_categories": "wrong_mispelled_or_unlisted_values", "issue_ids": "[2]", "osm_url": "https://www.openstreetmap.org/way/1416155158", "josm_url": "http://127.0.0.1:8111/load_object?new_layer=false&objects=w1416155158", "id_url": "https://www.openstreetmap.org/edit?editor=id&way=1416155158#map=20/59.9550894/10.9080275"}}, {"type": "Feature", "geometry": {"type": "Point", "coordinates": [10.7675604, 59.9228356]}, "properties": {"id": 1422264319, "feat_type": "way", "quality_categories": "wrong_mispelled_or_unlisted_values", "issue_ids": "[2]", "osm_url": "https://www.openstreetmap.org/way/1422264319", "josm_url": "http://127.0.0.1:8111/load_object?new_layer=false&objects=w1422264319", "id_url": "https://www.openstreetmap.org/edit?editor=id&way=1422264319#map=20/59.9228356/10.7675604"}}, {"type": "Feature", "geometry": {"type": "Point", "coordinates": [10.6464466, 59.9641165]}, "properties": {"id": 1453667527, "feat_type": "way", "quality_categories": "wrong_mispelled_or_unlisted_values", "issue_ids": "[18]", "osm_url": "https://www.openstreetmap.org/way/1453667527", "josm_url": "http://127.0.0.1:8111/load_object?new_layer=false&objects=w1453667527", "id_url": "https://www.openstreetmap.org/edit?editor=id&way=1453667527#map=20/59.9641165/10.6464466"}}, {"type": "Feature", "geometry": {"type": "Point", "coordinates": [10.8277244, 59.9344076]}, "properties": {"id": 1456838506, "feat_type": "way", "quality_categories": "wrong_mispelled_or_unlisted_values", "issue_ids": "[150]", "osm_url": "https://www.openstreetmap.org/way/1456838506", "josm_url": "http://127.0.0.1:8111/load_object?new_layer=false&objects=w1456838506", "id_url": "https://www.openstreetmap.org/edit?editor=id&way=1456838506#map=20/59.9344076/10.8277244"}}, {"type": "Feature", "geometry": {"type": "Point", "coordinates": [10.8278337, 59.9344838]}, "properties": {"id": 1456838511, "feat_type": "way", "quality_categories": "wrong_mispelled_or_unlisted_values", "issue_ids": "[150]", "osm_url": "https://www.openstreetmap.org/way/1456838511", "josm_url": "http://127.0.0.1:8111/load_object?new_layer=false&objects=w1456838511", "id_url": "https://www.openstreetmap.org/edit?editor=id&way=1456838511#map=20/59.9344838/10.8278337"}}, {"type": "Feature", "geometry": {"type": "Point", "coordinates": [10.8276935, 59.9343636]}, "properties": {"id": 1456838512, "feat_type": "way", "quality_categories": "wrong_mispelled_or_unlisted_values", "issue_ids": "[150]", "osm_url": "https://www.openstreetmap.org/way/1456838512", "josm_url": "http://127.0.0.1:8111/load_object?new_layer=false&objects=w1456838512", "id_url": "https://www.openstreetmap.org/edit?editor=id&way=1456838512#map=20/59.9343636/10.8276935"}}, {"type": "Feature", "geometry": {"type": "Point", "coordinates": [10.7905046, 59.9330398]}, "properties": {"id": 1457263635, "feat_type": "way", "quality_categories": "wrong_mispelled_or_unlisted_values", "issue_ids": "[2]", "osm_url": "https://www.openstreetmap.org/way/1457263635", "josm_url": "http://127.0.0.1:8111/load_object?new_layer=false&objects=w1457263635", "id_url": "https://www.openstreetmap.org/edit?editor=id&way=1457263635#map=20/59.9330398/10.7905046"}}, {"type": "Feature", "geometry": {"type": "Point", "coordinates": [10.790474, 59.9330126]}, "properties": {"id": 1457263636, "feat_type": "way", "quality_categories": "wrong_mispelled_or_unlisted_values", "issue_ids": "[2]", "osm_url": "https://www.openstreetmap.org/way/1457263636", "josm_url": "http://127.0.0.1:8111/load_object?new_layer=false&objects=w1457263636", "id_url": "https://www.openstreetmap.org/edit?editor=id&way=1457263636#map=20/59.9330126/10.790474"}}, {"type": "Feature", "geometry": {"type": "Point", "coordinates": [10.7904423, 59.9330987]}, "properties": {"id": 1457263637, "feat_type": "way", "quality_categories": "wrong_mispelled_or_unlisted_values", "issue_ids": "[2]", "osm_url": "https://www.openstreetmap.org/way/1457263637", "josm_url": "http://127.0.0.1:8111/load_object?new_layer=false&objects=w1457263637", "id_url": "https://www.openstreetmap.org/edit?editor=id&way=1457263637#map=20/59.9330987/10.7904423"}}, {"type": "Feature", "geometry": {"type": "Point", "coordinates": [10.644277, 59.9897213]}, "properties": {"id": 1498385293, "feat_type": "way", "quality_categories": "wrong_mispelled_or_unlisted_values", "issue_ids": "[12]", "osm_url": "https://www.openstreetmap.org/way/1498385293", "josm_url": "http://127.0.0.1:8111/load_object?new_layer=false&objects=w1498385293", "id_url": "https://www.openstreetmap.org/edit?editor=id&way=1498385293#map=20/59.9897213/10.644277"}}, {"type": "Feature", "geometry": {"type": "Point", "coordinates": [10.6520377, 59.925236]}, "properties": {"id": 1500753678, "feat_type": "way", "quality_categories": "wrong_mispelled_or_unlisted_values", "issue_ids": "[2]", "osm_url": "https://www.openstreetmap.org/way/1500753678", "josm_url": "http://127.0.0.1:8111/load_object?new_layer=false&objects=w1500753678", "id_url": "https://www.openstreetmap.org/edit?editor=id&way=1500753678#map=20/59.925236/10.6520377"}}, {"type": "Feature", "geometry": {"type": "Point", "coordinates": [10.6527156, 59.9261111]}, "properties": {"id": 1500754787, "feat_type": "way", "quality_categories": "wrong_mispelled_or_unlisted_values", "issue_ids": "[2]", "osm_url": "https://www.openstreetmap.org/way/1500754787", "josm_url": "http://127.0.0.1:8111/load_object?new_layer=false&objects=w1500754787", "id_url": "https://www.openstreetmap.org/edit?editor=id&way=1500754787#map=20/59.9261111/10.6527156"}}, {"type": "Feature", "geometry": {"type": "Point", "coordinates": [10.779347, 59.9232847]}, "properties": {"id": 1521356220, "feat_type": "way", "quality_categories": "wrong_mispelled_or_unlisted_values", "issue_ids": "[125]", "osm_url": "https://www.openstreetmap.org/way/1521356220", "josm_url": "http://127.0.0.1:8111/load_object?new_layer=false&objects=w1521356220", "id_url": "https://www.openstreetmap.org/edit?editor=id&way=1521356220#map=20/59.9232847/10.779347"}}, {"type": "Feature", "geometry": {"type": "Point", "coordinates": [10.730714, 59.8988248]}, "properties": {"id": 1522894695, "feat_type": "way", "quality_categories": "wrong_mispelled_or_unlisted_values", "issue_ids": "[2]", "osm_url": "https://www.openstreetmap.org/way/1522894695", "josm_url": "http://127.0.0.1:8111/load_object?new_layer=false&objects=w1522894695", "id_url": "https://www.openstreetmap.org/edit?editor=id&way=1522894695#map=20/59.8988248/10.730714"}}, {"type": "Feature", "geometry": {"type": "Point", "coordinates": [10.7258049, 59.8965369]}, "properties": {"id": 1522894708, "feat_type": "way", "quality_categories": "wrong_mispelled_or_unlisted_values", "issue_ids": "[18]", "osm_url": "https://www.openstreetmap.org/way/1522894708", "josm_url": "http://127.0.0.1:8111/load_object?new_layer=false&objects=w1522894708", "id_url": "https://www.openstreetmap.org/edit?editor=id&way=1522894708#map=20/59.8965369/10.7258049"}}, {"type": "Feature", "geometry": {"type": "Point", "coordinates": [10.7328804, 59.8984897]}, "properties": {"id": 1523107222, "feat_type": "way", "quality_categories": "wrong_mispelled_or_unlisted_values", "issue_ids": "[2]", "osm_url": "https://www.openstreetmap.org/way/1523107222", "josm_url": "http://127.0.0.1:8111/load_object?new_layer=false&objects=w1523107222", "id_url": "https://www.openstreetmap.org/edit?editor=id&way=1523107222#map=20/59.8984897/10.7328804"}}, {"type": "Feature", "geometry": {"type": "Point", "coordinates": [10.773818, 59.8725993]}, "properties": {"id": 1526411108, "feat_type": "way", "quality_categories": "wrong_mispelled_or_unlisted_values", "issue_ids": "[18]", "osm_url": "https://www.openstreetmap.org/way/1526411108", "josm_url": "http://127.0.0.1:8111/load_object?new_layer=false&objects=w1526411108", "id_url": "https://www.openstreetmap.org/edit?editor=id&way=1526411108#map=20/59.8725993/10.773818"}}, {"type": "Feature", "geometry": {"type": "Point", "coordinates": [10.780177, 59.9025761]}, "properties": {"id": 1528274237, "feat_type": "way", "quality_categories": "wrong_mispelled_or_unlisted_values", "issue_ids": "[2]", "osm_url": "https://www.openstreetmap.org/way/1528274237", "josm_url": "http://127.0.0.1:8111/load_object?new_layer=false&objects=w1528274237", "id_url": "https://www.openstreetmap.org/edit?editor=id&way=1528274237#map=20/59.9025761/10.780177"}}, {"type": "Feature", "geometry": {"type": "Point", "coordinates": [10.7804024, 59.9025235]}, "properties": {"id": 1528274238, "feat_type": "way", "quality_categories": "wrong_mispelled_or_unlisted_values", "issue_ids": "[2]", "osm_url": "https://www.openstreetmap.org/way/1528274238", "josm_url": "http://127.0.0.1:8111/load_object?new_layer=false&objects=w1528274238", "id_url": "https://www.openstreetmap.org/edit?editor=id&way=1528274238#map=20/59.9025235/10.7804024"}}, {"type": "Feature", "geometry": {"type": "Point", "coordinates": [10.6702887, 60.0282283]}, "properties": {"id": 1533527857, "feat_type": "way", "quality_categories": "wrong_mispelled_or_unlisted_values", "issue_ids": "[156]", "osm_url": "https://www.openstreetmap.org/way/1533527857", "josm_url": "http://127.0.0.1:8111/load_object?new_layer=false&objects=w1533527857", "id_url": "https://www.openstreetmap.org/edit?editor=id&way=1533527857#map=20/60.0282283/10.6702887"}}, {"type": "Feature", "geometry": {"type": "Point", "coordinates": [10.760142, 59.9261394]}, "properties": {"id": 1552051734, "feat_type": "way", "quality_categories": "wrong_mispelled_or_unlisted_values", "issue_ids": "[2]", "osm_url": "https://www.openstreetmap.org/way/1552051734", "josm_url": "http://127.0.0.1:8111/load_object?new_layer=false&objects=w1552051734", "id_url": "https://www.openstreetmap.org/edit?editor=id&way=1552051734#map=20/59.9261394/10.760142"}}, {"type": "Feature", "geometry": {"type": "Point", "coordinates": [10.760141, 59.9261569]}, "properties": {"id": 1552051735, "feat_type": "way", "quality_categories": "wrong_mispelled_or_unlisted_values", "issue_ids": "[2]", "osm_url": "https://www.openstreetmap.org/way/1552051735", "josm_url": "http://127.0.0.1:8111/load_object?new_layer=false&objects=w1552051735", "id_url": "https://www.openstreetmap.org/edit?editor=id&way=1552051735#map=20/59.9261569/10.760141"}}, {"type": "Feature", "geometry": {"type": "Point", "coordinates": [10.7279612, 59.9169842]}, "properties": {"id": 1553284112, "feat_type": "way", "quality_categories": "wrong_mispelled_or_unlisted_values", "issue_ids": "[0]", "osm_url": "https://www.openstreetmap.org/way/1553284112", "josm_url": "http://127.0.0.1:8111/load_object?new_layer=false&objects=w1553284112", "id_url": "https://www.openstreetmap.org/edit?editor=id&way=1553284112#map=20/59.9169842/10.7279612"}}]}