osm_id,feat_type,key,value,commentary
107958988,node,not appliable,not appliable,"kerbs are mostly points, but in few places people map also the whole 'kerb line' "
113067727,node,not appliable,not appliable,"kerbs are mostly points, but in few places people map also the whole 'kerb line' "
116409769,node,not appliable,not appliable,"kerbs are mostly points, but in few places people map also the whole 'kerb line' "
118185089,node,not appliable,not appliable,"kerbs are mostly points, but in few places people map also the whole 'kerb line' "
118185160,node,not appliable,not appliable,"kerbs are mostly points, but in few places people map also the whole 'kerb line' "
118881266,node,not appliable,not appliable,"kerbs are mostly points, but in few places people map also the whole 'kerb line' "
118881282,node,not appliable,not appliable,"kerbs are mostly points, but in few places people map also the whole 'kerb line' "
118881284,node,not appliable,not appliable,"kerbs are mostly points, but in few places people map also the whole 'kerb line' "
120083034,node,not appliable,not appliable,"kerbs are mostly points, but in few places people map also the whole 'kerb line' "
172522980,node,not appliable,not appliable,"kerbs are mostly points, but in few places people map also the whole 'kerb line' "
242870853,node,not appliable,not appliable,"kerbs are mostly points, but in few places people map also the whole 'kerb line' "
242870854,node,not appliable,not appliable,"kerbs are mostly points, but in few places people map also the whole 'kerb line' "
242870856,node,not appliable,not appliable,"kerbs are mostly points, but in few places people map also the whole 'kerb line' "
242870857,node,not appliable,not appliable,"kerbs are mostly points, but in few places people map also the whole 'kerb line' "
242870859,node,not appliable,not appliable,"kerbs are mostly points, but in few places people map also the whole 'kerb line' "
242870860,node,not appliable,not appliable,"kerbs are mostly points, but in few places people map also the whole 'kerb line' "
242870861,node,not appliable,not appliable,"kerbs are mostly points, but in few places people map also the whole 'kerb line' "
242870863,node,not appliable,not appliable,"kerbs are mostly points, but in few places people map also the whole 'kerb line' "
242870865,node,not appliable,not appliable,"kerbs are mostly points, but in few places people map also the whole 'kerb line' "
242870866,node,not appliable,not appliable,"kerbs are mostly points, but in few places people map also the whole 'kerb line' "
242870867,node,not appliable,not appliable,"kerbs are mostly points, but in few places people map also the whole 'kerb line' "
242870868,node,not appliable,not appliable,"kerbs are mostly points, but in few places people map also the whole 'kerb line' "
242870869,node,not appliable,not appliable,"kerbs are mostly points, but in few places people map also the whole 'kerb line' "
242870870,node,not appliable,not appliable,"kerbs are mostly points, but in few places people map also the whole 'kerb line' "
242870871,node,not appliable,not appliable,"kerbs are mostly points, but in few places people map also the whole 'kerb line' "
242870872,node,not appliable,not appliable,"kerbs are mostly points, but in few places people map also the whole 'kerb line' "
242870874,node,not appliable,not appliable,"kerbs are mostly points, but in few places people map also the whole 'kerb line' "
242870879,node,not appliable,not appliable,"kerbs are mostly points, but in few places people map also the whole 'kerb line' "
242870881,node,not appliable,not appliable,"kerbs are mostly points, but in few places people map also the whole 'kerb line' "
242870885,node,not appliable,not appliable,"kerbs are mostly points, but in few places people map also the whole 'kerb line' "
242870886,node,not appliable,not appliable,"kerbs are mostly points, but in few places people map also the whole 'kerb line' "
242870889,node,not appliable,not appliable,"kerbs are mostly points, but in few places people map also the whole 'kerb line' "
252085005,node,not appliable,not appliable,"kerbs are mostly points, but in few places people map also the whole 'kerb line' "
264635474,node,not appliable,not appliable,"kerbs are mostly points, but in few places people map also the whole 'kerb line' "
264635475,node,not appliable,not appliable,"kerbs are mostly points, but in few places people map also the whole 'kerb line' "
264635476,node,not appliable,not appliable,"kerbs are mostly points, but in few places people map also the whole 'kerb line' "
264635477,node,not appliable,not appliable,"kerbs are mostly points, but in few places people map also the whole 'kerb line' "
265866617,node,not appliable,not appliable,"kerbs are mostly points, but in few places people map also the whole 'kerb line' "
265866621,node,not appliable,not appliable,"kerbs are mostly points, but in few places people map also the whole 'kerb line' "
265866625,node,not appliable,not appliable,"kerbs are mostly points, but in few places people map also the whole 'kerb line' "
265866626,node,not appliable,not appliable,"kerbs are mostly points, but in few places people map also the whole 'kerb line' "
265866627,node,not appliable,not appliable,"kerbs are mostly points, but in few places people map also the whole 'kerb line' "
265866628,node,not appliable,not appliable,"kerbs are mostly points, but in few places people map also the whole 'kerb line' "
265866629,node,not appliable,not appliable,"kerbs are mostly points, but in few places people map also the whole 'kerb line' "
265866631,node,not appliable,not appliable,"kerbs are mostly points, but in few places people map also the whole 'kerb line' "
265866632,node,not appliable,not appliable,"kerbs are mostly points, but in few places people map also the whole 'kerb line' "
265866633,node,not appliable,not appliable,"kerbs are mostly points, but in few places people map also the whole 'kerb line' "
265866636,node,not appliable,not appliable,"kerbs are mostly points, but in few places people map also the whole 'kerb line' "
265866637,node,not appliable,not appliable,"kerbs are mostly points, but in few places people map also the whole 'kerb line' "
265866641,node,not appliable,not appliable,"kerbs are mostly points, but in few places people map also the whole 'kerb line' "
265866643,node,not appliable,not appliable,"kerbs are mostly points, but in few places people map also the whole 'kerb line' "
265866644,node,not appliable,not appliable,"kerbs are mostly points, but in few places people map also the whole 'kerb line' "
265866646,node,not appliable,not appliable,"kerbs are mostly points, but in few places people map also the whole 'kerb line' "
265866648,node,not appliable,not appliable,"kerbs are mostly points, but in few places people map also the whole 'kerb line' "
265866649,node,not appliable,not appliable,"kerbs are mostly points, but in few places people map also the whole 'kerb line' "
266171434,node,not appliable,not appliable,"kerbs are mostly points, but in few places people map also the whole 'kerb line' "
266171437,node,not appliable,not appliable,"kerbs are mostly points, but in few places people map also the whole 'kerb line' "
266171438,node,not appliable,not appliable,"kerbs are mostly points, but in few places people map also the whole 'kerb line' "
266171440,node,not appliable,not appliable,"kerbs are mostly points, but in few places people map also the whole 'kerb line' "
266171442,node,not appliable,not appliable,"kerbs are mostly points, but in few places people map also the whole 'kerb line' "
266171443,node,not appliable,not appliable,"kerbs are mostly points, but in few places people map also the whole 'kerb line' "
266171444,node,not appliable,not appliable,"kerbs are mostly points, but in few places people map also the whole 'kerb line' "
266176956,node,not appliable,not appliable,"kerbs are mostly points, but in few places people map also the whole 'kerb line' "
266176957,node,not appliable,not appliable,"kerbs are mostly points, but in few places people map also the whole 'kerb line' "
266176958,node,not appliable,not appliable,"kerbs are mostly points, but in few places people map also the whole 'kerb line' "
266176960,node,not appliable,not appliable,"kerbs are mostly points, but in few places people map also the whole 'kerb line' "
267226175,node,not appliable,not appliable,"kerbs are mostly points, but in few places people map also the whole 'kerb line' "
267226178,node,not appliable,not appliable,"kerbs are mostly points, but in few places people map also the whole 'kerb line' "
267226179,node,not appliable,not appliable,"kerbs are mostly points, but in few places people map also the whole 'kerb line' "
267226181,node,not appliable,not appliable,"kerbs are mostly points, but in few places people map also the whole 'kerb line' "
267226183,node,not appliable,not appliable,"kerbs are mostly points, but in few places people map also the whole 'kerb line' "
267226184,node,not appliable,not appliable,"kerbs are mostly points, but in few places people map also the whole 'kerb line' "
267237052,node,not appliable,not appliable,"kerbs are mostly points, but in few places people map also the whole 'kerb line' "
267237053,node,not appliable,not appliable,"kerbs are mostly points, but in few places people map also the whole 'kerb line' "
267237054,node,not appliable,not appliable,"kerbs are mostly points, but in few places people map also the whole 'kerb line' "
267237055,node,not appliable,not appliable,"kerbs are mostly points, but in few places people map also the whole 'kerb line' "
267237056,node,not appliable,not appliable,"kerbs are mostly points, but in few places people map also the whole 'kerb line' "
267256098,node,not appliable,not appliable,"kerbs are mostly points, but in few places people map also the whole 'kerb line' "
267256099,node,not appliable,not appliable,"kerbs are mostly points, but in few places people map also the whole 'kerb line' "
267256108,node,not appliable,not appliable,"kerbs are mostly points, but in few places people map also the whole 'kerb line' "
267256112,node,not appliable,not appliable,"kerbs are mostly points, but in few places people map also the whole 'kerb line' "
267529351,node,not appliable,not appliable,"kerbs are mostly points, but in few places people map also the whole 'kerb line' "
267529352,node,not appliable,not appliable,"kerbs are mostly points, but in few places people map also the whole 'kerb line' "
267529353,node,not appliable,not appliable,"kerbs are mostly points, but in few places people map also the whole 'kerb line' "
267529354,node,not appliable,not appliable,"kerbs are mostly points, but in few places people map also the whole 'kerb line' "
267529355,node,not appliable,not appliable,"kerbs are mostly points, but in few places people map also the whole 'kerb line' "
267529356,node,not appliable,not appliable,"kerbs are mostly points, but in few places people map also the whole 'kerb line' "
267529357,node,not appliable,not appliable,"kerbs are mostly points, but in few places people map also the whole 'kerb line' "
267529358,node,not appliable,not appliable,"kerbs are mostly points, but in few places people map also the whole 'kerb line' "
267529359,node,not appliable,not appliable,"kerbs are mostly points, but in few places people map also the whole 'kerb line' "
267529360,node,not appliable,not appliable,"kerbs are mostly points, but in few places people map also the whole 'kerb line' "
267529362,node,not appliable,not appliable,"kerbs are mostly points, but in few places people map also the whole 'kerb line' "
267529363,node,not appliable,not appliable,"kerbs are mostly points, but in few places people map also the whole 'kerb line' "
267529365,node,not appliable,not appliable,"kerbs are mostly points, but in few places people map also the whole 'kerb line' "
267529366,node,not appliable,not appliable,"kerbs are mostly points, but in few places people map also the whole 'kerb line' "
267529367,node,not appliable,not appliable,"kerbs are mostly points, but in few places people map also the whole 'kerb line' "
267529368,node,not appliable,not appliable,"kerbs are mostly points, but in few places people map also the whole 'kerb line' "
267529369,node,not appliable,not appliable,"kerbs are mostly points, but in few places people map also the whole 'kerb line' "
267529370,node,not appliable,not appliable,"kerbs are mostly points, but in few places people map also the whole 'kerb line' "
267529371,node,not appliable,not appliable,"kerbs are mostly points, but in few places people map also the whole 'kerb line' "
267529372,node,not appliable,not appliable,"kerbs are mostly points, but in few places people map also the whole 'kerb line' "
267529373,node,not appliable,not appliable,"kerbs are mostly points, but in few places people map also the whole 'kerb line' "
267529374,node,not appliable,not appliable,"kerbs are mostly points, but in few places people map also the whole 'kerb line' "
267529376,node,not appliable,not appliable,"kerbs are mostly points, but in few places people map also the whole 'kerb line' "
267529377,node,not appliable,not appliable,"kerbs are mostly points, but in few places people map also the whole 'kerb line' "
267529378,node,not appliable,not appliable,"kerbs are mostly points, but in few places people map also the whole 'kerb line' "
267529379,node,not appliable,not appliable,"kerbs are mostly points, but in few places people map also the whole 'kerb line' "
267529380,node,not appliable,not appliable,"kerbs are mostly points, but in few places people map also the whole 'kerb line' "
267529381,node,not appliable,not appliable,"kerbs are mostly points, but in few places people map also the whole 'kerb line' "
267821613,node,not appliable,not appliable,"kerbs are mostly points, but in few places people map also the whole 'kerb line' "
267821614,node,not appliable,not appliable,"kerbs are mostly points, but in few places people map also the whole 'kerb line' "
267821615,node,not appliable,not appliable,"kerbs are mostly points, but in few places people map also the whole 'kerb line' "
267821616,node,not appliable,not appliable,"kerbs are mostly points, but in few places people map also the whole 'kerb line' "
267821617,node,not appliable,not appliable,"kerbs are mostly points, but in few places people map also the whole 'kerb line' "
267821618,node,not appliable,not appliable,"kerbs are mostly points, but in few places people map also the whole 'kerb line' "
267821619,node,not appliable,not appliable,"kerbs are mostly points, but in few places people map also the whole 'kerb line' "
267821620,node,not appliable,not appliable,"kerbs are mostly points, but in few places people map also the whole 'kerb line' "
267821621,node,not appliable,not appliable,"kerbs are mostly points, but in few places people map also the whole 'kerb line' "
267821624,node,not appliable,not appliable,"kerbs are mostly points, but in few places people map also the whole 'kerb line' "
267821626,node,not appliable,not appliable,"kerbs are mostly points, but in few places people map also the whole 'kerb line' "
267821628,node,not appliable,not appliable,"kerbs are mostly points, but in few places people map also the whole 'kerb line' "
267821630,node,not appliable,not appliable,"kerbs are mostly points, but in few places people map also the whole 'kerb line' "
267821632,node,not appliable,not appliable,"kerbs are mostly points, but in few places people map also the whole 'kerb line' "
267821633,node,not appliable,not appliable,"kerbs are mostly points, but in few places people map also the whole 'kerb line' "
267821634,node,not appliable,not appliable,"kerbs are mostly points, but in few places people map also the whole 'kerb line' "
267821636,node,not appliable,not appliable,"kerbs are mostly points, but in few places people map also the whole 'kerb line' "
267821637,node,not appliable,not appliable,"kerbs are mostly points, but in few places people map also the whole 'kerb line' "
267821639,node,not appliable,not appliable,"kerbs are mostly points, but in few places people map also the whole 'kerb line' "
267821641,node,not appliable,not appliable,"kerbs are mostly points, but in few places people map also the whole 'kerb line' "
267821643,node,not appliable,not appliable,"kerbs are mostly points, but in few places people map also the whole 'kerb line' "
267821644,node,not appliable,not appliable,"kerbs are mostly points, but in few places people map also the whole 'kerb line' "
267821646,node,not appliable,not appliable,"kerbs are mostly points, but in few places people map also the whole 'kerb line' "
267821648,node,not appliable,not appliable,"kerbs are mostly points, but in few places people map also the whole 'kerb line' "
267821650,node,not appliable,not appliable,"kerbs are mostly points, but in few places people map also the whole 'kerb line' "
267821651,node,not appliable,not appliable,"kerbs are mostly points, but in few places people map also the whole 'kerb line' "
267821654,node,not appliable,not appliable,"kerbs are mostly points, but in few places people map also the whole 'kerb line' "
267821656,node,not appliable,not appliable,"kerbs are mostly points, but in few places people map also the whole 'kerb line' "
267821659,node,not appliable,not appliable,"kerbs are mostly points, but in few places people map also the whole 'kerb line' "
267821661,node,not appliable,not appliable,"kerbs are mostly points, but in few places people map also the whole 'kerb line' "
267821662,node,not appliable,not appliable,"kerbs are mostly points, but in few places people map also the whole 'kerb line' "
267821664,node,not appliable,not appliable,"kerbs are mostly points, but in few places people map also the whole 'kerb line' "
267821665,node,not appliable,not appliable,"kerbs are mostly points, but in few places people map also the whole 'kerb line' "
267821666,node,not appliable,not appliable,"kerbs are mostly points, but in few places people map also the whole 'kerb line' "
267821667,node,not appliable,not appliable,"kerbs are mostly points, but in few places people map also the whole 'kerb line' "
267821668,node,not appliable,not appliable,"kerbs are mostly points, but in few places people map also the whole 'kerb line' "
268054263,node,not appliable,not appliable,"kerbs are mostly points, but in few places people map also the whole 'kerb line' "
268054267,node,not appliable,not appliable,"kerbs are mostly points, but in few places people map also the whole 'kerb line' "
268054273,node,not appliable,not appliable,"kerbs are mostly points, but in few places people map also the whole 'kerb line' "
268054277,node,not appliable,not appliable,"kerbs are mostly points, but in few places people map also the whole 'kerb line' "
268054280,node,not appliable,not appliable,"kerbs are mostly points, but in few places people map also the whole 'kerb line' "
268054283,node,not appliable,not appliable,"kerbs are mostly points, but in few places people map also the whole 'kerb line' "
305170115,node,not appliable,not appliable,"kerbs are mostly points, but in few places people map also the whole 'kerb line' "
305170116,node,not appliable,not appliable,"kerbs are mostly points, but in few places people map also the whole 'kerb line' "
305170117,node,not appliable,not appliable,"kerbs are mostly points, but in few places people map also the whole 'kerb line' "
305170118,node,not appliable,not appliable,"kerbs are mostly points, but in few places people map also the whole 'kerb line' "
305170119,node,not appliable,not appliable,"kerbs are mostly points, but in few places people map also the whole 'kerb line' "
305170120,node,not appliable,not appliable,"kerbs are mostly points, but in few places people map also the whole 'kerb line' "
305170123,node,not appliable,not appliable,"kerbs are mostly points, but in few places people map also the whole 'kerb line' "
305170125,node,not appliable,not appliable,"kerbs are mostly points, but in few places people map also the whole 'kerb line' "
305170127,node,not appliable,not appliable,"kerbs are mostly points, but in few places people map also the whole 'kerb line' "
306719753,node,not appliable,not appliable,"kerbs are mostly points, but in few places people map also the whole 'kerb line' "
306719754,node,not appliable,not appliable,"kerbs are mostly points, but in few places people map also the whole 'kerb line' "
306719755,node,not appliable,not appliable,"kerbs are mostly points, but in few places people map also the whole 'kerb line' "
306719759,node,not appliable,not appliable,"kerbs are mostly points, but in few places people map also the whole 'kerb line' "
306743683,node,not appliable,not appliable,"kerbs are mostly points, but in few places people map also the whole 'kerb line' "
306752593,node,not appliable,not appliable,"kerbs are mostly points, but in few places people map also the whole 'kerb line' "
312812386,node,not appliable,not appliable,"kerbs are mostly points, but in few places people map also the whole 'kerb line' "
312812387,node,not appliable,not appliable,"kerbs are mostly points, but in few places people map also the whole 'kerb line' "
312944494,node,not appliable,not appliable,"kerbs are mostly points, but in few places people map also the whole 'kerb line' "
312944495,node,not appliable,not appliable,"kerbs are mostly points, but in few places people map also the whole 'kerb line' "
312944496,node,not appliable,not appliable,"kerbs are mostly points, but in few places people map also the whole 'kerb line' "
312944498,node,not appliable,not appliable,"kerbs are mostly points, but in few places people map also the whole 'kerb line' "
315066282,node,not appliable,not appliable,"kerbs are mostly points, but in few places people map also the whole 'kerb line' "
315066283,node,not appliable,not appliable,"kerbs are mostly points, but in few places people map also the whole 'kerb line' "
315066284,node,not appliable,not appliable,"kerbs are mostly points, but in few places people map also the whole 'kerb line' "
315066285,node,not appliable,not appliable,"kerbs are mostly points, but in few places people map also the whole 'kerb line' "
315066286,node,not appliable,not appliable,"kerbs are mostly points, but in few places people map also the whole 'kerb line' "
315066287,node,not appliable,not appliable,"kerbs are mostly points, but in few places people map also the whole 'kerb line' "
315066288,node,not appliable,not appliable,"kerbs are mostly points, but in few places people map also the whole 'kerb line' "
315066290,node,not appliable,not appliable,"kerbs are mostly points, but in few places people map also the whole 'kerb line' "
315066291,node,not appliable,not appliable,"kerbs are mostly points, but in few places people map also the whole 'kerb line' "
315066292,node,not appliable,not appliable,"kerbs are mostly points, but in few places people map also the whole 'kerb line' "
315066293,node,not appliable,not appliable,"kerbs are mostly points, but in few places people map also the whole 'kerb line' "
315066294,node,not appliable,not appliable,"kerbs are mostly points, but in few places people map also the whole 'kerb line' "
315066296,node,not appliable,not appliable,"kerbs are mostly points, but in few places people map also the whole 'kerb line' "
315066297,node,not appliable,not appliable,"kerbs are mostly points, but in few places people map also the whole 'kerb line' "
315066298,node,not appliable,not appliable,"kerbs are mostly points, but in few places people map also the whole 'kerb line' "
315066304,node,not appliable,not appliable,"kerbs are mostly points, but in few places people map also the whole 'kerb line' "
315066305,node,not appliable,not appliable,"kerbs are mostly points, but in few places people map also the whole 'kerb line' "
315066306,node,not appliable,not appliable,"kerbs are mostly points, but in few places people map also the whole 'kerb line' "
315066307,node,not appliable,not appliable,"kerbs are mostly points, but in few places people map also the whole 'kerb line' "
315066308,node,not appliable,not appliable,"kerbs are mostly points, but in few places people map also the whole 'kerb line' "
315066309,node,not appliable,not appliable,"kerbs are mostly points, but in few places people map also the whole 'kerb line' "
315066310,node,not appliable,not appliable,"kerbs are mostly points, but in few places people map also the whole 'kerb line' "
315066311,node,not appliable,not appliable,"kerbs are mostly points, but in few places people map also the whole 'kerb line' "
315066312,node,not appliable,not appliable,"kerbs are mostly points, but in few places people map also the whole 'kerb line' "
315066313,node,not appliable,not appliable,"kerbs are mostly points, but in few places people map also the whole 'kerb line' "
315066314,node,not appliable,not appliable,"kerbs are mostly points, but in few places people map also the whole 'kerb line' "
315066315,node,not appliable,not appliable,"kerbs are mostly points, but in few places people map also the whole 'kerb line' "
315066316,node,not appliable,not appliable,"kerbs are mostly points, but in few places people map also the whole 'kerb line' "
315066317,node,not appliable,not appliable,"kerbs are mostly points, but in few places people map also the whole 'kerb line' "
315066318,node,not appliable,not appliable,"kerbs are mostly points, but in few places people map also the whole 'kerb line' "
315066319,node,not appliable,not appliable,"kerbs are mostly points, but in few places people map also the whole 'kerb line' "
315066320,node,not appliable,not appliable,"kerbs are mostly points, but in few places people map also the whole 'kerb line' "
315066321,node,not appliable,not appliable,"kerbs are mostly points, but in few places people map also the whole 'kerb line' "
315066322,node,not appliable,not appliable,"kerbs are mostly points, but in few places people map also the whole 'kerb line' "
315066323,node,not appliable,not appliable,"kerbs are mostly points, but in few places people map also the whole 'kerb line' "
315066324,node,not appliable,not appliable,"kerbs are mostly points, but in few places people map also the whole 'kerb line' "
315066326,node,not appliable,not appliable,"kerbs are mostly points, but in few places people map also the whole 'kerb line' "
315066327,node,not appliable,not appliable,"kerbs are mostly points, but in few places people map also the whole 'kerb line' "
315066328,node,not appliable,not appliable,"kerbs are mostly points, but in few places people map also the whole 'kerb line' "
315066329,node,not appliable,not appliable,"kerbs are mostly points, but in few places people map also the whole 'kerb line' "
315066330,node,not appliable,not appliable,"kerbs are mostly points, but in few places people map also the whole 'kerb line' "
315066332,node,not appliable,not appliable,"kerbs are mostly points, but in few places people map also the whole 'kerb line' "
315066333,node,not appliable,not appliable,"kerbs are mostly points, but in few places people map also the whole 'kerb line' "
315066334,node,not appliable,not appliable,"kerbs are mostly points, but in few places people map also the whole 'kerb line' "
315066335,node,not appliable,not appliable,"kerbs are mostly points, but in few places people map also the whole 'kerb line' "
315066336,node,not appliable,not appliable,"kerbs are mostly points, but in few places people map also the whole 'kerb line' "
317701745,node,not appliable,not appliable,"kerbs are mostly points, but in few places people map also the whole 'kerb line' "
317701746,node,not appliable,not appliable,"kerbs are mostly points, but in few places people map also the whole 'kerb line' "
317701747,node,not appliable,not appliable,"kerbs are mostly points, but in few places people map also the whole 'kerb line' "
317701748,node,not appliable,not appliable,"kerbs are mostly points, but in few places people map also the whole 'kerb line' "
317701749,node,not appliable,not appliable,"kerbs are mostly points, but in few places people map also the whole 'kerb line' "
317701750,node,not appliable,not appliable,"kerbs are mostly points, but in few places people map also the whole 'kerb line' "
317701751,node,not appliable,not appliable,"kerbs are mostly points, but in few places people map also the whole 'kerb line' "
317701752,node,not appliable,not appliable,"kerbs are mostly points, but in few places people map also the whole 'kerb line' "
317701753,node,not appliable,not appliable,"kerbs are mostly points, but in few places people map also the whole 'kerb line' "
317701754,node,not appliable,not appliable,"kerbs are mostly points, but in few places people map also the whole 'kerb line' "
317701755,node,not appliable,not appliable,"kerbs are mostly points, but in few places people map also the whole 'kerb line' "
317701756,node,not appliable,not appliable,"kerbs are mostly points, but in few places people map also the whole 'kerb line' "
317701757,node,not appliable,not appliable,"kerbs are mostly points, but in few places people map also the whole 'kerb line' "
317701758,node,not appliable,not appliable,"kerbs are mostly points, but in few places people map also the whole 'kerb line' "
317701759,node,not appliable,not appliable,"kerbs are mostly points, but in few places people map also the whole 'kerb line' "
317701760,node,not appliable,not appliable,"kerbs are mostly points, but in few places people map also the whole 'kerb line' "
317701761,node,not appliable,not appliable,"kerbs are mostly points, but in few places people map also the whole 'kerb line' "
317701762,node,not appliable,not appliable,"kerbs are mostly points, but in few places people map also the whole 'kerb line' "
317701763,node,not appliable,not appliable,"kerbs are mostly points, but in few places people map also the whole 'kerb line' "
317701764,node,not appliable,not appliable,"kerbs are mostly points, but in few places people map also the whole 'kerb line' "
317701765,node,not appliable,not appliable,"kerbs are mostly points, but in few places people map also the whole 'kerb line' "
317701766,node,not appliable,not appliable,"kerbs are mostly points, but in few places people map also the whole 'kerb line' "
317701767,node,not appliable,not appliable,"kerbs are mostly points, but in few places people map also the whole 'kerb line' "
317701768,node,not appliable,not appliable,"kerbs are mostly points, but in few places people map also the whole 'kerb line' "
317701769,node,not appliable,not appliable,"kerbs are mostly points, but in few places people map also the whole 'kerb line' "
317701770,node,not appliable,not appliable,"kerbs are mostly points, but in few places people map also the whole 'kerb line' "
317701771,node,not appliable,not appliable,"kerbs are mostly points, but in few places people map also the whole 'kerb line' "
317701772,node,not appliable,not appliable,"kerbs are mostly points, but in few places people map also the whole 'kerb line' "
317701773,node,not appliable,not appliable,"kerbs are mostly points, but in few places people map also the whole 'kerb line' "
317701774,node,not appliable,not appliable,"kerbs are mostly points, but in few places people map also the whole 'kerb line' "
317701775,node,not appliable,not appliable,"kerbs are mostly points, but in few places people map also the whole 'kerb line' "
317701776,node,not appliable,not appliable,"kerbs are mostly points, but in few places people map also the whole 'kerb line' "
317701777,node,not appliable,not appliable,"kerbs are mostly points, but in few places people map also the whole 'kerb line' "
317701779,node,not appliable,not appliable,"kerbs are mostly points, but in few places people map also the whole 'kerb line' "
317701783,node,not appliable,not appliable,"kerbs are mostly points, but in few places people map also the whole 'kerb line' "
317701784,node,not appliable,not appliable,"kerbs are mostly points, but in few places people map also the whole 'kerb line' "
317701785,node,not appliable,not appliable,"kerbs are mostly points, but in few places people map also the whole 'kerb line' "
317701786,node,not appliable,not appliable,"kerbs are mostly points, but in few places people map also the whole 'kerb line' "
317701788,node,not appliable,not appliable,"kerbs are mostly points, but in few places people map also the whole 'kerb line' "
317701789,node,not appliable,not appliable,"kerbs are mostly points, but in few places people map also the whole 'kerb line' "
317701790,node,not appliable,not appliable,"kerbs are mostly points, but in few places people map also the whole 'kerb line' "
317701791,node,not appliable,not appliable,"kerbs are mostly points, but in few places people map also the whole 'kerb line' "
317701792,node,not appliable,not appliable,"kerbs are mostly points, but in few places people map also the whole 'kerb line' "
317701794,node,not appliable,not appliable,"kerbs are mostly points, but in few places people map also the whole 'kerb line' "
317701795,node,not appliable,not appliable,"kerbs are mostly points, but in few places people map also the whole 'kerb line' "
317844812,node,not appliable,not appliable,"kerbs are mostly points, but in few places people map also the whole 'kerb line' "
317844815,node,not appliable,not appliable,"kerbs are mostly points, but in few places people map also the whole 'kerb line' "
317844816,node,not appliable,not appliable,"kerbs are mostly points, but in few places people map also the whole 'kerb line' "
317844818,node,not appliable,not appliable,"kerbs are mostly points, but in few places people map also the whole 'kerb line' "
317844820,node,not appliable,not appliable,"kerbs are mostly points, but in few places people map also the whole 'kerb line' "
317844821,node,not appliable,not appliable,"kerbs are mostly points, but in few places people map also the whole 'kerb line' "
317844822,node,not appliable,not appliable,"kerbs are mostly points, but in few places people map also the whole 'kerb line' "
317844823,node,not appliable,not appliable,"kerbs are mostly points, but in few places people map also the whole 'kerb line' "
317844824,node,not appliable,not appliable,"kerbs are mostly points, but in few places people map also the whole 'kerb line' "
317844827,node,not appliable,not appliable,"kerbs are mostly points, but in few places people map also the whole 'kerb line' "
317844828,node,not appliable,not appliable,"kerbs are mostly points, but in few places people map also the whole 'kerb line' "
317844829,node,not appliable,not appliable,"kerbs are mostly points, but in few places people map also the whole 'kerb line' "
317844830,node,not appliable,not appliable,"kerbs are mostly points, but in few places people map also the whole 'kerb line' "
317844831,node,not appliable,not appliable,"kerbs are mostly points, but in few places people map also the whole 'kerb line' "
317844833,node,not appliable,not appliable,"kerbs are mostly points, but in few places people map also the whole 'kerb line' "
317844834,node,not appliable,not appliable,"kerbs are mostly points, but in few places people map also the whole 'kerb line' "
317844836,node,not appliable,not appliable,"kerbs are mostly points, but in few places people map also the whole 'kerb line' "
317844837,node,not appliable,not appliable,"kerbs are mostly points, but in few places people map also the whole 'kerb line' "
317844838,node,not appliable,not appliable,"kerbs are mostly points, but in few places people map also the whole 'kerb line' "
317844840,node,not appliable,not appliable,"kerbs are mostly points, but in few places people map also the whole 'kerb line' "
317844842,node,not appliable,not appliable,"kerbs are mostly points, but in few places people map also the whole 'kerb line' "
317844843,node,not appliable,not appliable,"kerbs are mostly points, but in few places people map also the whole 'kerb line' "
317844845,node,not appliable,not appliable,"kerbs are mostly points, but in few places people map also the whole 'kerb line' "
317844847,node,not appliable,not appliable,"kerbs are mostly points, but in few places people map also the whole 'kerb line' "
317943546,node,not appliable,not appliable,"kerbs are mostly points, but in few places people map also the whole 'kerb line' "
317943547,node,not appliable,not appliable,"kerbs are mostly points, but in few places people map also the whole 'kerb line' "
318612081,node,not appliable,not appliable,"kerbs are mostly points, but in few places people map also the whole 'kerb line' "
318612084,node,not appliable,not appliable,"kerbs are mostly points, but in few places people map also the whole 'kerb line' "
318612085,node,not appliable,not appliable,"kerbs are mostly points, but in few places people map also the whole 'kerb line' "
318612086,node,not appliable,not appliable,"kerbs are mostly points, but in few places people map also the whole 'kerb line' "
318612088,node,not appliable,not appliable,"kerbs are mostly points, but in few places people map also the whole 'kerb line' "
318612090,node,not appliable,not appliable,"kerbs are mostly points, but in few places people map also the whole 'kerb line' "
318612091,node,not appliable,not appliable,"kerbs are mostly points, but in few places people map also the whole 'kerb line' "
318612092,node,not appliable,not appliable,"kerbs are mostly points, but in few places people map also the whole 'kerb line' "
318612093,node,not appliable,not appliable,"kerbs are mostly points, but in few places people map also the whole 'kerb line' "
318612094,node,not appliable,not appliable,"kerbs are mostly points, but in few places people map also the whole 'kerb line' "
318612096,node,not appliable,not appliable,"kerbs are mostly points, but in few places people map also the whole 'kerb line' "
318612097,node,not appliable,not appliable,"kerbs are mostly points, but in few places people map also the whole 'kerb line' "
318612099,node,not appliable,not appliable,"kerbs are mostly points, but in few places people map also the whole 'kerb line' "
318612102,node,not appliable,not appliable,"kerbs are mostly points, but in few places people map also the whole 'kerb line' "
318612104,node,not appliable,not appliable,"kerbs are mostly points, but in few places people map also the whole 'kerb line' "
320052083,node,not appliable,not appliable,"kerbs are mostly points, but in few places people map also the whole 'kerb line' "
320052085,node,not appliable,not appliable,"kerbs are mostly points, but in few places people map also the whole 'kerb line' "
320796798,node,not appliable,not appliable,"kerbs are mostly points, but in few places people map also the whole 'kerb line' "
333449754,node,not appliable,not appliable,"kerbs are mostly points, but in few places people map also the whole 'kerb line' "
333449755,node,not appliable,not appliable,"kerbs are mostly points, but in few places people map also the whole 'kerb line' "
333449757,node,not appliable,not appliable,"kerbs are mostly points, but in few places people map also the whole 'kerb line' "
333449758,node,not appliable,not appliable,"kerbs are mostly points, but in few places people map also the whole 'kerb line' "
333449760,node,not appliable,not appliable,"kerbs are mostly points, but in few places people map also the whole 'kerb line' "
333449761,node,not appliable,not appliable,"kerbs are mostly points, but in few places people map also the whole 'kerb line' "
333449762,node,not appliable,not appliable,"kerbs are mostly points, but in few places people map also the whole 'kerb line' "
333449763,node,not appliable,not appliable,"kerbs are mostly points, but in few places people map also the whole 'kerb line' "
333449765,node,not appliable,not appliable,"kerbs are mostly points, but in few places people map also the whole 'kerb line' "
333449767,node,not appliable,not appliable,"kerbs are mostly points, but in few places people map also the whole 'kerb line' "
333449768,node,not appliable,not appliable,"kerbs are mostly points, but in few places people map also the whole 'kerb line' "
333449770,node,not appliable,not appliable,"kerbs are mostly points, but in few places people map also the whole 'kerb line' "
333449772,node,not appliable,not appliable,"kerbs are mostly points, but in few places people map also the whole 'kerb line' "
333449773,node,not appliable,not appliable,"kerbs are mostly points, but in few places people map also the whole 'kerb line' "
333449775,node,not appliable,not appliable,"kerbs are mostly points, but in few places people map also the whole 'kerb line' "
333858610,node,not appliable,not appliable,"kerbs are mostly points, but in few places people map also the whole 'kerb line' "
333858611,node,not appliable,not appliable,"kerbs are mostly points, but in few places people map also the whole 'kerb line' "
333858612,node,not appliable,not appliable,"kerbs are mostly points, but in few places people map also the whole 'kerb line' "
333858613,node,not appliable,not appliable,"kerbs are mostly points, but in few places people map also the whole 'kerb line' "
333858614,node,not appliable,not appliable,"kerbs are mostly points, but in few places people map also the whole 'kerb line' "
333858615,node,not appliable,not appliable,"kerbs are mostly points, but in few places people map also the whole 'kerb line' "
333858616,node,not appliable,not appliable,"kerbs are mostly points, but in few places people map also the whole 'kerb line' "
333858617,node,not appliable,not appliable,"kerbs are mostly points, but in few places people map also the whole 'kerb line' "
333858618,node,not appliable,not appliable,"kerbs are mostly points, but in few places people map also the whole 'kerb line' "
333858619,node,not appliable,not appliable,"kerbs are mostly points, but in few places people map also the whole 'kerb line' "
333858620,node,not appliable,not appliable,"kerbs are mostly points, but in few places people map also the whole 'kerb line' "
333858624,node,not appliable,not appliable,"kerbs are mostly points, but in few places people map also the whole 'kerb line' "
333858627,node,not appliable,not appliable,"kerbs are mostly points, but in few places people map also the whole 'kerb line' "
333858630,node,not appliable,not appliable,"kerbs are mostly points, but in few places people map also the whole 'kerb line' "
333858633,node,not appliable,not appliable,"kerbs are mostly points, but in few places people map also the whole 'kerb line' "
333882431,node,not appliable,not appliable,"kerbs are mostly points, but in few places people map also the whole 'kerb line' "
333882432,node,not appliable,not appliable,"kerbs are mostly points, but in few places people map also the whole 'kerb line' "
333882433,node,not appliable,not appliable,"kerbs are mostly points, but in few places people map also the whole 'kerb line' "
333882434,node,not appliable,not appliable,"kerbs are mostly points, but in few places people map also the whole 'kerb line' "
333882435,node,not appliable,not appliable,"kerbs are mostly points, but in few places people map also the whole 'kerb line' "
333882436,node,not appliable,not appliable,"kerbs are mostly points, but in few places people map also the whole 'kerb line' "
333882437,node,not appliable,not appliable,"kerbs are mostly points, but in few places people map also the whole 'kerb line' "
333882438,node,not appliable,not appliable,"kerbs are mostly points, but in few places people map also the whole 'kerb line' "
333882440,node,not appliable,not appliable,"kerbs are mostly points, but in few places people map also the whole 'kerb line' "
333882443,node,not appliable,not appliable,"kerbs are mostly points, but in few places people map also the whole 'kerb line' "
333882445,node,not appliable,not appliable,"kerbs are mostly points, but in few places people map also the whole 'kerb line' "
333882447,node,not appliable,not appliable,"kerbs are mostly points, but in few places people map also the whole 'kerb line' "
333882449,node,not appliable,not appliable,"kerbs are mostly points, but in few places people map also the whole 'kerb line' "
333882450,node,not appliable,not appliable,"kerbs are mostly points, but in few places people map also the whole 'kerb line' "
333882451,node,not appliable,not appliable,"kerbs are mostly points, but in few places people map also the whole 'kerb line' "
333882453,node,not appliable,not appliable,"kerbs are mostly points, but in few places people map also the whole 'kerb line' "
334100442,node,not appliable,not appliable,"kerbs are mostly points, but in few places people map also the whole 'kerb line' "
334100443,node,not appliable,not appliable,"kerbs are mostly points, but in few places people map also the whole 'kerb line' "
334100444,node,not appliable,not appliable,"kerbs are mostly points, but in few places people map also the whole 'kerb line' "
334100445,node,not appliable,not appliable,"kerbs are mostly points, but in few places people map also the whole 'kerb line' "
334100446,node,not appliable,not appliable,"kerbs are mostly points, but in few places people map also the whole 'kerb line' "
334100447,node,not appliable,not appliable,"kerbs are mostly points, but in few places people map also the whole 'kerb line' "
334100448,node,not appliable,not appliable,"kerbs are mostly points, but in few places people map also the whole 'kerb line' "
334100449,node,not appliable,not appliable,"kerbs are mostly points, but in few places people map also the whole 'kerb line' "
334100450,node,not appliable,not appliable,"kerbs are mostly points, but in few places people map also the whole 'kerb line' "
334100451,node,not appliable,not appliable,"kerbs are mostly points, but in few places people map also the whole 'kerb line' "
334100452,node,not appliable,not appliable,"kerbs are mostly points, but in few places people map also the whole 'kerb line' "
334100453,node,not appliable,not appliable,"kerbs are mostly points, but in few places people map also the whole 'kerb line' "
334100454,node,not appliable,not appliable,"kerbs are mostly points, but in few places people map also the whole 'kerb line' "
334100455,node,not appliable,not appliable,"kerbs are mostly points, but in few places people map also the whole 'kerb line' "
334100456,node,not appliable,not appliable,"kerbs are mostly points, but in few places people map also the whole 'kerb line' "
334100457,node,not appliable,not appliable,"kerbs are mostly points, but in few places people map also the whole 'kerb line' "
334100458,node,not appliable,not appliable,"kerbs are mostly points, but in few places people map also the whole 'kerb line' "
334100459,node,not appliable,not appliable,"kerbs are mostly points, but in few places people map also the whole 'kerb line' "
334100460,node,not appliable,not appliable,"kerbs are mostly points, but in few places people map also the whole 'kerb line' "
334100461,node,not appliable,not appliable,"kerbs are mostly points, but in few places people map also the whole 'kerb line' "
334100462,node,not appliable,not appliable,"kerbs are mostly points, but in few places people map also the whole 'kerb line' "
334100463,node,not appliable,not appliable,"kerbs are mostly points, but in few places people map also the whole 'kerb line' "
334100464,node,not appliable,not appliable,"kerbs are mostly points, but in few places people map also the whole 'kerb line' "
334100465,node,not appliable,not appliable,"kerbs are mostly points, but in few places people map also the whole 'kerb line' "
334100466,node,not appliable,not appliable,"kerbs are mostly points, but in few places people map also the whole 'kerb line' "
334100467,node,not appliable,not appliable,"kerbs are mostly points, but in few places people map also the whole 'kerb line' "
334100468,node,not appliable,not appliable,"kerbs are mostly points, but in few places people map also the whole 'kerb line' "
334100469,node,not appliable,not appliable,"kerbs are mostly points, but in few places people map also the whole 'kerb line' "
334100470,node,not appliable,not appliable,"kerbs are mostly points, but in few places people map also the whole 'kerb line' "
334100471,node,not appliable,not appliable,"kerbs are mostly points, but in few places people map also the whole 'kerb line' "
334100472,node,not appliable,not appliable,"kerbs are mostly points, but in few places people map also the whole 'kerb line' "
334100473,node,not appliable,not appliable,"kerbs are mostly points, but in few places people map also the whole 'kerb line' "
334100474,node,not appliable,not appliable,"kerbs are mostly points, but in few places people map also the whole 'kerb line' "
334166947,node,not appliable,not appliable,"kerbs are mostly points, but in few places people map also the whole 'kerb line' "
334170299,node,not appliable,not appliable,"kerbs are mostly points, but in few places people map also the whole 'kerb line' "
334170300,node,not appliable,not appliable,"kerbs are mostly points, but in few places people map also the whole 'kerb line' "
334170301,node,not appliable,not appliable,"kerbs are mostly points, but in few places people map also the whole 'kerb line' "
334171569,node,not appliable,not appliable,"kerbs are mostly points, but in few places people map also the whole 'kerb line' "
334216021,node,not appliable,not appliable,"kerbs are mostly points, but in few places people map also the whole 'kerb line' "
334216022,node,not appliable,not appliable,"kerbs are mostly points, but in few places people map also the whole 'kerb line' "
334216023,node,not appliable,not appliable,"kerbs are mostly points, but in few places people map also the whole 'kerb line' "
334216024,node,not appliable,not appliable,"kerbs are mostly points, but in few places people map also the whole 'kerb line' "
334372951,node,not appliable,not appliable,"kerbs are mostly points, but in few places people map also the whole 'kerb line' "
334372955,node,not appliable,not appliable,"kerbs are mostly points, but in few places people map also the whole 'kerb line' "
334372958,node,not appliable,not appliable,"kerbs are mostly points, but in few places people map also the whole 'kerb line' "
334372960,node,not appliable,not appliable,"kerbs are mostly points, but in few places people map also the whole 'kerb line' "
334372961,node,not appliable,not appliable,"kerbs are mostly points, but in few places people map also the whole 'kerb line' "
334372964,node,not appliable,not appliable,"kerbs are mostly points, but in few places people map also the whole 'kerb line' "
334372967,node,not appliable,not appliable,"kerbs are mostly points, but in few places people map also the whole 'kerb line' "
334372969,node,not appliable,not appliable,"kerbs are mostly points, but in few places people map also the whole 'kerb line' "
334372971,node,not appliable,not appliable,"kerbs are mostly points, but in few places people map also the whole 'kerb line' "
334372973,node,not appliable,not appliable,"kerbs are mostly points, but in few places people map also the whole 'kerb line' "
334372975,node,not appliable,not appliable,"kerbs are mostly points, but in few places people map also the whole 'kerb line' "
334372983,node,not appliable,not appliable,"kerbs are mostly points, but in few places people map also the whole 'kerb line' "
334372985,node,not appliable,not appliable,"kerbs are mostly points, but in few places people map also the whole 'kerb line' "
334372986,node,not appliable,not appliable,"kerbs are mostly points, but in few places people map also the whole 'kerb line' "
334372988,node,not appliable,not appliable,"kerbs are mostly points, but in few places people map also the whole 'kerb line' "
334372991,node,not appliable,not appliable,"kerbs are mostly points, but in few places people map also the whole 'kerb line' "
334372995,node,not appliable,not appliable,"kerbs are mostly points, but in few places people map also the whole 'kerb line' "
334382244,node,not appliable,not appliable,"kerbs are mostly points, but in few places people map also the whole 'kerb line' "
334382245,node,not appliable,not appliable,"kerbs are mostly points, but in few places people map also the whole 'kerb line' "
334382246,node,not appliable,not appliable,"kerbs are mostly points, but in few places people map also the whole 'kerb line' "
334382247,node,not appliable,not appliable,"kerbs are mostly points, but in few places people map also the whole 'kerb line' "
334382248,node,not appliable,not appliable,"kerbs are mostly points, but in few places people map also the whole 'kerb line' "
334382250,node,not appliable,not appliable,"kerbs are mostly points, but in few places people map also the whole 'kerb line' "
334382251,node,not appliable,not appliable,"kerbs are mostly points, but in few places people map also the whole 'kerb line' "
334382252,node,not appliable,not appliable,"kerbs are mostly points, but in few places people map also the whole 'kerb line' "
334382255,node,not appliable,not appliable,"kerbs are mostly points, but in few places people map also the whole 'kerb line' "
334382259,node,not appliable,not appliable,"kerbs are mostly points, but in few places people map also the whole 'kerb line' "
334382263,node,not appliable,not appliable,"kerbs are mostly points, but in few places people map also the whole 'kerb line' "
334382265,node,not appliable,not appliable,"kerbs are mostly points, but in few places people map also the whole 'kerb line' "
334382268,node,not appliable,not appliable,"kerbs are mostly points, but in few places people map also the whole 'kerb line' "
334382273,node,not appliable,not appliable,"kerbs are mostly points, but in few places people map also the whole 'kerb line' "
335019048,node,not appliable,not appliable,"kerbs are mostly points, but in few places people map also the whole 'kerb line' "
335019050,node,not appliable,not appliable,"kerbs are mostly points, but in few places people map also the whole 'kerb line' "
335019052,node,not appliable,not appliable,"kerbs are mostly points, but in few places people map also the whole 'kerb line' "
337816175,node,not appliable,not appliable,"kerbs are mostly points, but in few places people map also the whole 'kerb line' "
337816176,node,not appliable,not appliable,"kerbs are mostly points, but in few places people map also the whole 'kerb line' "
337816177,node,not appliable,not appliable,"kerbs are mostly points, but in few places people map also the whole 'kerb line' "
337816178,node,not appliable,not appliable,"kerbs are mostly points, but in few places people map also the whole 'kerb line' "
337816179,node,not appliable,not appliable,"kerbs are mostly points, but in few places people map also the whole 'kerb line' "
337816180,node,not appliable,not appliable,"kerbs are mostly points, but in few places people map also the whole 'kerb line' "
337816181,node,not appliable,not appliable,"kerbs are mostly points, but in few places people map also the whole 'kerb line' "
340424114,node,not appliable,not appliable,"kerbs are mostly points, but in few places people map also the whole 'kerb line' "
340424115,node,not appliable,not appliable,"kerbs are mostly points, but in few places people map also the whole 'kerb line' "
340424116,node,not appliable,not appliable,"kerbs are mostly points, but in few places people map also the whole 'kerb line' "
340424117,node,not appliable,not appliable,"kerbs are mostly points, but in few places people map also the whole 'kerb line' "
340424118,node,not appliable,not appliable,"kerbs are mostly points, but in few places people map also the whole 'kerb line' "
340424119,node,not appliable,not appliable,"kerbs are mostly points, but in few places people map also the whole 'kerb line' "
340424120,node,not appliable,not appliable,"kerbs are mostly points, but in few places people map also the whole 'kerb line' "
340424121,node,not appliable,not appliable,"kerbs are mostly points, but in few places people map also the whole 'kerb line' "
340424122,node,not appliable,not appliable,"kerbs are mostly points, but in few places people map also the whole 'kerb line' "
340424123,node,not appliable,not appliable,"kerbs are mostly points, but in few places people map also the whole 'kerb line' "
340424124,node,not appliable,not appliable,"kerbs are mostly points, but in few places people map also the whole 'kerb line' "
340457226,node,not appliable,not appliable,"kerbs are mostly points, but in few places people map also the whole 'kerb line' "
340457228,node,not appliable,not appliable,"kerbs are mostly points, but in few places people map also the whole 'kerb line' "
340457229,node,not appliable,not appliable,"kerbs are mostly points, but in few places people map also the whole 'kerb line' "
340457230,node,not appliable,not appliable,"kerbs are mostly points, but in few places people map also the whole 'kerb line' "
340457231,node,not appliable,not appliable,"kerbs are mostly points, but in few places people map also the whole 'kerb line' "
340457232,node,not appliable,not appliable,"kerbs are mostly points, but in few places people map also the whole 'kerb line' "
340457233,node,not appliable,not appliable,"kerbs are mostly points, but in few places people map also the whole 'kerb line' "
340457244,node,not appliable,not appliable,"kerbs are mostly points, but in few places people map also the whole 'kerb line' "
343722829,node,not appliable,not appliable,"kerbs are mostly points, but in few places people map also the whole 'kerb line' "
349306454,node,not appliable,not appliable,"kerbs are mostly points, but in few places people map also the whole 'kerb line' "
367428058,node,not appliable,not appliable,"kerbs are mostly points, but in few places people map also the whole 'kerb line' "
367428059,node,not appliable,not appliable,"kerbs are mostly points, but in few places people map also the whole 'kerb line' "
367428060,node,not appliable,not appliable,"kerbs are mostly points, but in few places people map also the whole 'kerb line' "
367428061,node,not appliable,not appliable,"kerbs are mostly points, but in few places people map also the whole 'kerb line' "
367428062,node,not appliable,not appliable,"kerbs are mostly points, but in few places people map also the whole 'kerb line' "
367428063,node,not appliable,not appliable,"kerbs are mostly points, but in few places people map also the whole 'kerb line' "
367428064,node,not appliable,not appliable,"kerbs are mostly points, but in few places people map also the whole 'kerb line' "
367428065,node,not appliable,not appliable,"kerbs are mostly points, but in few places people map also the whole 'kerb line' "
367428066,node,not appliable,not appliable,"kerbs are mostly points, but in few places people map also the whole 'kerb line' "
367428067,node,not appliable,not appliable,"kerbs are mostly points, but in few places people map also the whole 'kerb line' "
367428070,node,not appliable,not appliable,"kerbs are mostly points, but in few places people map also the whole 'kerb line' "
367428071,node,not appliable,not appliable,"kerbs are mostly points, but in few places people map also the whole 'kerb line' "
367428072,node,not appliable,not appliable,"kerbs are mostly points, but in few places people map also the whole 'kerb line' "
367428076,node,not appliable,not appliable,"kerbs are mostly points, but in few places people map also the whole 'kerb line' "
367428077,node,not appliable,not appliable,"kerbs are mostly points, but in few places people map also the whole 'kerb line' "
367428078,node,not appliable,not appliable,"kerbs are mostly points, but in few places people map also the whole 'kerb line' "
367428079,node,not appliable,not appliable,"kerbs are mostly points, but in few places people map also the whole 'kerb line' "
367428081,node,not appliable,not appliable,"kerbs are mostly points, but in few places people map also the whole 'kerb line' "
367428082,node,not appliable,not appliable,"kerbs are mostly points, but in few places people map also the whole 'kerb line' "
367450271,node,not appliable,not appliable,"kerbs are mostly points, but in few places people map also the whole 'kerb line' "
367450275,node,not appliable,not appliable,"kerbs are mostly points, but in few places people map also the whole 'kerb line' "
367450279,node,not appliable,not appliable,"kerbs are mostly points, but in few places people map also the whole 'kerb line' "
367450280,node,not appliable,not appliable,"kerbs are mostly points, but in few places people map also the whole 'kerb line' "
367450282,node,not appliable,not appliable,"kerbs are mostly points, but in few places people map also the whole 'kerb line' "
367450286,node,not appliable,not appliable,"kerbs are mostly points, but in few places people map also the whole 'kerb line' "
477342683,node,not appliable,not appliable,"kerbs are mostly points, but in few places people map also the whole 'kerb line' "
477342688,node,not appliable,not appliable,"kerbs are mostly points, but in few places people map also the whole 'kerb line' "
477342691,node,not appliable,not appliable,"kerbs are mostly points, but in few places people map also the whole 'kerb line' "
477342694,node,not appliable,not appliable,"kerbs are mostly points, but in few places people map also the whole 'kerb line' "
477342696,node,not appliable,not appliable,"kerbs are mostly points, but in few places people map also the whole 'kerb line' "
477342702,node,not appliable,not appliable,"kerbs are mostly points, but in few places people map also the whole 'kerb line' "
477342704,node,not appliable,not appliable,"kerbs are mostly points, but in few places people map also the whole 'kerb line' "
477342705,node,not appliable,not appliable,"kerbs are mostly points, but in few places people map also the whole 'kerb line' "
477342706,node,not appliable,not appliable,"kerbs are mostly points, but in few places people map also the whole 'kerb line' "
477342707,node,not appliable,not appliable,"kerbs are mostly points, but in few places people map also the whole 'kerb line' "
477342708,node,not appliable,not appliable,"kerbs are mostly points, but in few places people map also the whole 'kerb line' "
477342709,node,not appliable,not appliable,"kerbs are mostly points, but in few places people map also the whole 'kerb line' "
477342710,node,not appliable,not appliable,"kerbs are mostly points, but in few places people map also the whole 'kerb line' "
477342711,node,not appliable,not appliable,"kerbs are mostly points, but in few places people map also the whole 'kerb line' "
477342712,node,not appliable,not appliable,"kerbs are mostly points, but in few places people map also the whole 'kerb line' "
477342713,node,not appliable,not appliable,"kerbs are mostly points, but in few places people map also the whole 'kerb line' "
477342714,node,not appliable,not appliable,"kerbs are mostly points, but in few places people map also the whole 'kerb line' "
477342715,node,not appliable,not appliable,"kerbs are mostly points, but in few places people map also the whole 'kerb line' "
477342716,node,not appliable,not appliable,"kerbs are mostly points, but in few places people map also the whole 'kerb line' "
477342717,node,not appliable,not appliable,"kerbs are mostly points, but in few places people map also the whole 'kerb line' "
477342718,node,not appliable,not appliable,"kerbs are mostly points, but in few places people map also the whole 'kerb line' "
478730033,node,not appliable,not appliable,"kerbs are mostly points, but in few places people map also the whole 'kerb line' "
478730034,node,not appliable,not appliable,"kerbs are mostly points, but in few places people map also the whole 'kerb line' "
478730035,node,not appliable,not appliable,"kerbs are mostly points, but in few places people map also the whole 'kerb line' "
478730036,node,not appliable,not appliable,"kerbs are mostly points, but in few places people map also the whole 'kerb line' "
478730039,node,not appliable,not appliable,"kerbs are mostly points, but in few places people map also the whole 'kerb line' "
478730044,node,not appliable,not appliable,"kerbs are mostly points, but in few places people map also the whole 'kerb line' "
478730045,node,not appliable,not appliable,"kerbs are mostly points, but in few places people map also the whole 'kerb line' "
478730046,node,not appliable,not appliable,"kerbs are mostly points, but in few places people map also the whole 'kerb line' "
478730049,node,not appliable,not appliable,"kerbs are mostly points, but in few places people map also the whole 'kerb line' "
478730052,node,not appliable,not appliable,"kerbs are mostly points, but in few places people map also the whole 'kerb line' "
478730053,node,not appliable,not appliable,"kerbs are mostly points, but in few places people map also the whole 'kerb line' "
478730058,node,not appliable,not appliable,"kerbs are mostly points, but in few places people map also the whole 'kerb line' "
478730059,node,not appliable,not appliable,"kerbs are mostly points, but in few places people map also the whole 'kerb line' "
480873729,node,not appliable,not appliable,"kerbs are mostly points, but in few places people map also the whole 'kerb line' "
480873731,node,not appliable,not appliable,"kerbs are mostly points, but in few places people map also the whole 'kerb line' "
505897409,node,not appliable,not appliable,"kerbs are mostly points, but in few places people map also the whole 'kerb line' "
507032340,node,not appliable,not appliable,"kerbs are mostly points, but in few places people map also the whole 'kerb line' "
516184343,node,not appliable,not appliable,"kerbs are mostly points, but in few places people map also the whole 'kerb line' "
526425097,node,not appliable,not appliable,"kerbs are mostly points, but in few places people map also the whole 'kerb line' "
526425098,node,not appliable,not appliable,"kerbs are mostly points, but in few places people map also the whole 'kerb line' "
526425101,node,not appliable,not appliable,"kerbs are mostly points, but in few places people map also the whole 'kerb line' "
526425103,node,not appliable,not appliable,"kerbs are mostly points, but in few places people map also the whole 'kerb line' "
526425106,node,not appliable,not appliable,"kerbs are mostly points, but in few places people map also the whole 'kerb line' "
526425110,node,not appliable,not appliable,"kerbs are mostly points, but in few places people map also the whole 'kerb line' "
526425112,node,not appliable,not appliable,"kerbs are mostly points, but in few places people map also the whole 'kerb line' "
620402895,node,not appliable,not appliable,"kerbs are mostly points, but in few places people map also the whole 'kerb line' "
620402899,node,not appliable,not appliable,"kerbs are mostly points, but in few places people map also the whole 'kerb line' "
620402900,node,not appliable,not appliable,"kerbs are mostly points, but in few places people map also the whole 'kerb line' "
620402905,node,not appliable,not appliable,"kerbs are mostly points, but in few places people map also the whole 'kerb line' "
620402909,node,not appliable,not appliable,"kerbs are mostly points, but in few places people map also the whole 'kerb line' "
620402910,node,not appliable,not appliable,"kerbs are mostly points, but in few places people map also the whole 'kerb line' "
661274569,node,not appliable,not appliable,"kerbs are mostly points, but in few places people map also the whole 'kerb line' "
661274570,node,not appliable,not appliable,"kerbs are mostly points, but in few places people map also the whole 'kerb line' "
663292057,node,not appliable,not appliable,"kerbs are mostly points, but in few places people map also the whole 'kerb line' "
663292058,node,not appliable,not appliable,"kerbs are mostly points, but in few places people map also the whole 'kerb line' "
663292107,node,not appliable,not appliable,"kerbs are mostly points, but in few places people map also the whole 'kerb line' "
663292113,node,not appliable,not appliable,"kerbs are mostly points, but in few places people map also the whole 'kerb line' "
663292114,node,not appliable,not appliable,"kerbs are mostly points, but in few places people map also the whole 'kerb line' "
663292116,node,not appliable,not appliable,"kerbs are mostly points, but in few places people map also the whole 'kerb line' "
663292117,node,not appliable,not appliable,"kerbs are mostly points, but in few places people map also the whole 'kerb line' "
663292118,node,not appliable,not appliable,"kerbs are mostly points, but in few places people map also the whole 'kerb line' "
663292121,node,not appliable,not appliable,"kerbs are mostly points, but in few places people map also the whole 'kerb line' "
663292122,node,not appliable,not appliable,"kerbs are mostly points, but in few places people map also the whole 'kerb line' "
663292123,node,not appliable,not appliable,"kerbs are mostly points, but in few places people map also the whole 'kerb line' "
663292132,node,not appliable,not appliable,"kerbs are mostly points, but in few places people map also the whole 'kerb line' "
663292133,node,not appliable,not appliable,"kerbs are mostly points, but in few places people map also the whole 'kerb line' "
663292134,node,not appliable,not appliable,"kerbs are mostly points, but in few places people map also the whole 'kerb line' "
663292135,node,not appliable,not appliable,"kerbs are mostly points, but in few places people map also the whole 'kerb line' "
663292136,node,not appliable,not appliable,"kerbs are mostly points, but in few places people map also the whole 'kerb line' "
663315961,node,not appliable,not appliable,"kerbs are mostly points, but in few places people map also the whole 'kerb line' "
663315962,node,not appliable,not appliable,"kerbs are mostly points, but in few places people map also the whole 'kerb line' "
663315963,node,not appliable,not appliable,"kerbs are mostly points, but in few places people map also the whole 'kerb line' "
663315969,node,not appliable,not appliable,"kerbs are mostly points, but in few places people map also the whole 'kerb line' "
664221807,node,not appliable,not appliable,"kerbs are mostly points, but in few places people map also the whole 'kerb line' "
664221808,node,not appliable,not appliable,"kerbs are mostly points, but in few places people map also the whole 'kerb line' "
664221809,node,not appliable,not appliable,"kerbs are mostly points, but in few places people map also the whole 'kerb line' "
664221810,node,not appliable,not appliable,"kerbs are mostly points, but in few places people map also the whole 'kerb line' "
664221811,node,not appliable,not appliable,"kerbs are mostly points, but in few places people map also the whole 'kerb line' "
664221812,node,not appliable,not appliable,"kerbs are mostly points, but in few places people map also the whole 'kerb line' "
664221814,node,not appliable,not appliable,"kerbs are mostly points, but in few places people map also the whole 'kerb line' "
664221816,node,not appliable,not appliable,"kerbs are mostly points, but in few places people map also the whole 'kerb line' "
664221817,node,not appliable,not appliable,"kerbs are mostly points, but in few places people map also the whole 'kerb line' "
664221818,node,not appliable,not appliable,"kerbs are mostly points, but in few places people map also the whole 'kerb line' "
664221820,node,not appliable,not appliable,"kerbs are mostly points, but in few places people map also the whole 'kerb line' "
664221821,node,not appliable,not appliable,"kerbs are mostly points, but in few places people map also the whole 'kerb line' "
664221822,node,not appliable,not appliable,"kerbs are mostly points, but in few places people map also the whole 'kerb line' "
664221824,node,not appliable,not appliable,"kerbs are mostly points, but in few places people map also the whole 'kerb line' "
664221825,node,not appliable,not appliable,"kerbs are mostly points, but in few places people map also the whole 'kerb line' "
664221827,node,not appliable,not appliable,"kerbs are mostly points, but in few places people map also the whole 'kerb line' "
664221828,node,not appliable,not appliable,"kerbs are mostly points, but in few places people map also the whole 'kerb line' "
664221829,node,not appliable,not appliable,"kerbs are mostly points, but in few places people map also the whole 'kerb line' "
664221831,node,not appliable,not appliable,"kerbs are mostly points, but in few places people map also the whole 'kerb line' "
664221832,node,not appliable,not appliable,"kerbs are mostly points, but in few places people map also the whole 'kerb line' "
664221833,node,not appliable,not appliable,"kerbs are mostly points, but in few places people map also the whole 'kerb line' "
664221834,node,not appliable,not appliable,"kerbs are mostly points, but in few places people map also the whole 'kerb line' "
664221835,node,not appliable,not appliable,"kerbs are mostly points, but in few places people map also the whole 'kerb line' "
664221836,node,not appliable,not appliable,"kerbs are mostly points, but in few places people map also the whole 'kerb line' "
664221839,node,not appliable,not appliable,"kerbs are mostly points, but in few places people map also the whole 'kerb line' "
664221840,node,not appliable,not appliable,"kerbs are mostly points, but in few places people map also the whole 'kerb line' "
664221841,node,not appliable,not appliable,"kerbs are mostly points, but in few places people map also the whole 'kerb line' "
664221842,node,not appliable,not appliable,"kerbs are mostly points, but in few places people map also the whole 'kerb line' "
664221843,node,not appliable,not appliable,"kerbs are mostly points, but in few places people map also the whole 'kerb line' "
664221844,node,not appliable,not appliable,"kerbs are mostly points, but in few places people map also the whole 'kerb line' "
664221845,node,not appliable,not appliable,"kerbs are mostly points, but in few places people map also the whole 'kerb line' "
664221846,node,not appliable,not appliable,"kerbs are mostly points, but in few places people map also the whole 'kerb line' "
664221847,node,not appliable,not appliable,"kerbs are mostly points, but in few places people map also the whole 'kerb line' "
664221848,node,not appliable,not appliable,"kerbs are mostly points, but in few places people map also the whole 'kerb line' "
664221849,node,not appliable,not appliable,"kerbs are mostly points, but in few places people map also the whole 'kerb line' "
664221850,node,not appliable,not appliable,"kerbs are mostly points, but in few places people map also the whole 'kerb line' "
664221851,node,not appliable,not appliable,"kerbs are mostly points, but in few places people map also the whole 'kerb line' "
664221852,node,not appliable,not appliable,"kerbs are mostly points, but in few places people map also the whole 'kerb line' "
664221853,node,not appliable,not appliable,"kerbs are mostly points, but in few places people map also the whole 'kerb line' "
664221854,node,not appliable,not appliable,"kerbs are mostly points, but in few places people map also the whole 'kerb line' "
664221855,node,not appliable,not appliable,"kerbs are mostly points, but in few places people map also the whole 'kerb line' "
664221857,node,not appliable,not appliable,"kerbs are mostly points, but in few places people map also the whole 'kerb line' "
664221858,node,not appliable,not appliable,"kerbs are mostly points, but in few places people map also the whole 'kerb line' "
664221859,node,not appliable,not appliable,"kerbs are mostly points, but in few places people map also the whole 'kerb line' "
664221860,node,not appliable,not appliable,"kerbs are mostly points, but in few places people map also the whole 'kerb line' "
664221861,node,not appliable,not appliable,"kerbs are mostly points, but in few places people map also the whole 'kerb line' "
664221864,node,not appliable,not appliable,"kerbs are mostly points, but in few places people map also the whole 'kerb line' "
664221866,node,not appliable,not appliable,"kerbs are mostly points, but in few places people map also the whole 'kerb line' "
664221868,node,not appliable,not appliable,"kerbs are mostly points, but in few places people map also the whole 'kerb line' "
664221870,node,not appliable,not appliable,"kerbs are mostly points, but in few places people map also the whole 'kerb line' "
664221871,node,not appliable,not appliable,"kerbs are mostly points, but in few places people map also the whole 'kerb line' "
664221872,node,not appliable,not appliable,"kerbs are mostly points, but in few places people map also the whole 'kerb line' "
664221877,node,not appliable,not appliable,"kerbs are mostly points, but in few places people map also the whole 'kerb line' "
664221878,node,not appliable,not appliable,"kerbs are mostly points, but in few places people map also the whole 'kerb line' "
664221879,node,not appliable,not appliable,"kerbs are mostly points, but in few places people map also the whole 'kerb line' "
664221880,node,not appliable,not appliable,"kerbs are mostly points, but in few places people map also the whole 'kerb line' "
664221881,node,not appliable,not appliable,"kerbs are mostly points, but in few places people map also the whole 'kerb line' "
664221882,node,not appliable,not appliable,"kerbs are mostly points, but in few places people map also the whole 'kerb line' "
664221883,node,not appliable,not appliable,"kerbs are mostly points, but in few places people map also the whole 'kerb line' "
664221884,node,not appliable,not appliable,"kerbs are mostly points, but in few places people map also the whole 'kerb line' "
664221885,node,not appliable,not appliable,"kerbs are mostly points, but in few places people map also the whole 'kerb line' "
664221886,node,not appliable,not appliable,"kerbs are mostly points, but in few places people map also the whole 'kerb line' "
664221888,node,not appliable,not appliable,"kerbs are mostly points, but in few places people map also the whole 'kerb line' "
664221889,node,not appliable,not appliable,"kerbs are mostly points, but in few places people map also the whole 'kerb line' "
664221890,node,not appliable,not appliable,"kerbs are mostly points, but in few places people map also the whole 'kerb line' "
664221891,node,not appliable,not appliable,"kerbs are mostly points, but in few places people map also the whole 'kerb line' "
664221893,node,not appliable,not appliable,"kerbs are mostly points, but in few places people map also the whole 'kerb line' "
664221894,node,not appliable,not appliable,"kerbs are mostly points, but in few places people map also the whole 'kerb line' "
664221895,node,not appliable,not appliable,"kerbs are mostly points, but in few places people map also the whole 'kerb line' "
664221896,node,not appliable,not appliable,"kerbs are mostly points, but in few places people map also the whole 'kerb line' "
664221897,node,not appliable,not appliable,"kerbs are mostly points, but in few places people map also the whole 'kerb line' "
664221898,node,not appliable,not appliable,"kerbs are mostly points, but in few places people map also the whole 'kerb line' "
664221899,node,not appliable,not appliable,"kerbs are mostly points, but in few places people map also the whole 'kerb line' "
664221900,node,not appliable,not appliable,"kerbs are mostly points, but in few places people map also the whole 'kerb line' "
664221902,node,not appliable,not appliable,"kerbs are mostly points, but in few places people map also the whole 'kerb line' "
664221903,node,not appliable,not appliable,"kerbs are mostly points, but in few places people map also the whole 'kerb line' "
664221904,node,not appliable,not appliable,"kerbs are mostly points, but in few places people map also the whole 'kerb line' "
664221905,node,not appliable,not appliable,"kerbs are mostly points, but in few places people map also the whole 'kerb line' "
664221906,node,not appliable,not appliable,"kerbs are mostly points, but in few places people map also the whole 'kerb line' "
664221907,node,not appliable,not appliable,"kerbs are mostly points, but in few places people map also the whole 'kerb line' "
664221908,node,not appliable,not appliable,"kerbs are mostly points, but in few places people map also the whole 'kerb line' "
664221909,node,not appliable,not appliable,"kerbs are mostly points, but in few places people map also the whole 'kerb line' "
664221911,node,not appliable,not appliable,"kerbs are mostly points, but in few places people map also the whole 'kerb line' "
664221912,node,not appliable,not appliable,"kerbs are mostly points, but in few places people map also the whole 'kerb line' "
664221913,node,not appliable,not appliable,"kerbs are mostly points, but in few places people map also the whole 'kerb line' "
664221914,node,not appliable,not appliable,"kerbs are mostly points, but in few places people map also the whole 'kerb line' "
664221915,node,not appliable,not appliable,"kerbs are mostly points, but in few places people map also the whole 'kerb line' "
664221916,node,not appliable,not appliable,"kerbs are mostly points, but in few places people map also the whole 'kerb line' "
664221918,node,not appliable,not appliable,"kerbs are mostly points, but in few places people map also the whole 'kerb line' "
664221919,node,not appliable,not appliable,"kerbs are mostly points, but in few places people map also the whole 'kerb line' "
664221920,node,not appliable,not appliable,"kerbs are mostly points, but in few places people map also the whole 'kerb line' "
664221921,node,not appliable,not appliable,"kerbs are mostly points, but in few places people map also the whole 'kerb line' "
664221922,node,not appliable,not appliable,"kerbs are mostly points, but in few places people map also the whole 'kerb line' "
664221923,node,not appliable,not appliable,"kerbs are mostly points, but in few places people map also the whole 'kerb line' "
664221924,node,not appliable,not appliable,"kerbs are mostly points, but in few places people map also the whole 'kerb line' "
664221925,node,not appliable,not appliable,"kerbs are mostly points, but in few places people map also the whole 'kerb line' "
664221926,node,not appliable,not appliable,"kerbs are mostly points, but in few places people map also the whole 'kerb line' "
664221928,node,not appliable,not appliable,"kerbs are mostly points, but in few places people map also the whole 'kerb line' "
664221929,node,not appliable,not appliable,"kerbs are mostly points, but in few places people map also the whole 'kerb line' "
664221930,node,not appliable,not appliable,"kerbs are mostly points, but in few places people map also the whole 'kerb line' "
664221933,node,not appliable,not appliable,"kerbs are mostly points, but in few places people map also the whole 'kerb line' "
664221934,node,not appliable,not appliable,"kerbs are mostly points, but in few places people map also the whole 'kerb line' "
664221936,node,not appliable,not appliable,"kerbs are mostly points, but in few places people map also the whole 'kerb line' "
664221937,node,not appliable,not appliable,"kerbs are mostly points, but in few places people map also the whole 'kerb line' "
664221938,node,not appliable,not appliable,"kerbs are mostly points, but in few places people map also the whole 'kerb line' "
664221940,node,not appliable,not appliable,"kerbs are mostly points, but in few places people map also the whole 'kerb line' "
664221941,node,not appliable,not appliable,"kerbs are mostly points, but in few places people map also the whole 'kerb line' "
664221942,node,not appliable,not appliable,"kerbs are mostly points, but in few places people map also the whole 'kerb line' "
664221943,node,not appliable,not appliable,"kerbs are mostly points, but in few places people map also the whole 'kerb line' "
664221944,node,not appliable,not appliable,"kerbs are mostly points, but in few places people map also the whole 'kerb line' "
664221945,node,not appliable,not appliable,"kerbs are mostly points, but in few places people map also the whole 'kerb line' "
664221946,node,not appliable,not appliable,"kerbs are mostly points, but in few places people map also the whole 'kerb line' "
664221948,node,not appliable,not appliable,"kerbs are mostly points, but in few places people map also the whole 'kerb line' "
664221949,node,not appliable,not appliable,"kerbs are mostly points, but in few places people map also the whole 'kerb line' "
664221950,node,not appliable,not appliable,"kerbs are mostly points, but in few places people map also the whole 'kerb line' "
664221951,node,not appliable,not appliable,"kerbs are mostly points, but in few places people map also the whole 'kerb line' "
664221952,node,not appliable,not appliable,"kerbs are mostly points, but in few places people map also the whole 'kerb line' "
664221953,node,not appliable,not appliable,"kerbs are mostly points, but in few places people map also the whole 'kerb line' "
664221954,node,not appliable,not appliable,"kerbs are mostly points, but in few places people map also the whole 'kerb line' "
664222361,node,not appliable,not appliable,"kerbs are mostly points, but in few places people map also the whole 'kerb line' "
664222362,node,not appliable,not appliable,"kerbs are mostly points, but in few places people map also the whole 'kerb line' "
664222363,node,not appliable,not appliable,"kerbs are mostly points, but in few places people map also the whole 'kerb line' "
664222364,node,not appliable,not appliable,"kerbs are mostly points, but in few places people map also the whole 'kerb line' "
664222365,node,not appliable,not appliable,"kerbs are mostly points, but in few places people map also the whole 'kerb line' "
664222366,node,not appliable,not appliable,"kerbs are mostly points, but in few places people map also the whole 'kerb line' "
664222367,node,not appliable,not appliable,"kerbs are mostly points, but in few places people map also the whole 'kerb line' "
664222368,node,not appliable,not appliable,"kerbs are mostly points, but in few places people map also the whole 'kerb line' "
664222369,node,not appliable,not appliable,"kerbs are mostly points, but in few places people map also the whole 'kerb line' "
664222370,node,not appliable,not appliable,"kerbs are mostly points, but in few places people map also the whole 'kerb line' "
664222371,node,not appliable,not appliable,"kerbs are mostly points, but in few places people map also the whole 'kerb line' "
666375344,node,not appliable,not appliable,"kerbs are mostly points, but in few places people map also the whole 'kerb line' "
666375345,node,not appliable,not appliable,"kerbs are mostly points, but in few places people map also the whole 'kerb line' "
666375347,node,not appliable,not appliable,"kerbs are mostly points, but in few places people map also the whole 'kerb line' "
666375348,node,not appliable,not appliable,"kerbs are mostly points, but in few places people map also the whole 'kerb line' "
666375351,node,not appliable,not appliable,"kerbs are mostly points, but in few places people map also the whole 'kerb line' "
666375352,node,not appliable,not appliable,"kerbs are mostly points, but in few places people map also the whole 'kerb line' "
666375353,node,not appliable,not appliable,"kerbs are mostly points, but in few places people map also the whole 'kerb line' "
666375354,node,not appliable,not appliable,"kerbs are mostly points, but in few places people map also the whole 'kerb line' "
666375355,node,not appliable,not appliable,"kerbs are mostly points, but in few places people map also the whole 'kerb line' "
666375356,node,not appliable,not appliable,"kerbs are mostly points, but in few places people map also the whole 'kerb line' "
666375357,node,not appliable,not appliable,"kerbs are mostly points, but in few places people map also the whole 'kerb line' "
666375358,node,not appliable,not appliable,"kerbs are mostly points, but in few places people map also the whole 'kerb line' "
666375359,node,not appliable,not appliable,"kerbs are mostly points, but in few places people map also the whole 'kerb line' "
666375360,node,not appliable,not appliable,"kerbs are mostly points, but in few places people map also the whole 'kerb line' "
666375361,node,not appliable,not appliable,"kerbs are mostly points, but in few places people map also the whole 'kerb line' "
666375362,node,not appliable,not appliable,"kerbs are mostly points, but in few places people map also the whole 'kerb line' "
666375363,node,not appliable,not appliable,"kerbs are mostly points, but in few places people map also the whole 'kerb line' "
666375364,node,not appliable,not appliable,"kerbs are mostly points, but in few places people map also the whole 'kerb line' "
666375365,node,not appliable,not appliable,"kerbs are mostly points, but in few places people map also the whole 'kerb line' "
666375366,node,not appliable,not appliable,"kerbs are mostly points, but in few places people map also the whole 'kerb line' "
666375367,node,not appliable,not appliable,"kerbs are mostly points, but in few places people map also the whole 'kerb line' "
666375368,node,not appliable,not appliable,"kerbs are mostly points, but in few places people map also the whole 'kerb line' "
666375369,node,not appliable,not appliable,"kerbs are mostly points, but in few places people map also the whole 'kerb line' "
666375370,node,not appliable,not appliable,"kerbs are mostly points, but in few places people map also the whole 'kerb line' "
666375371,node,not appliable,not appliable,"kerbs are mostly points, but in few places people map also the whole 'kerb line' "
666375372,node,not appliable,not appliable,"kerbs are mostly points, but in few places people map also the whole 'kerb line' "
666375373,node,not appliable,not appliable,"kerbs are mostly points, but in few places people map also the whole 'kerb line' "
666375374,node,not appliable,not appliable,"kerbs are mostly points, but in few places people map also the whole 'kerb line' "
666375375,node,not appliable,not appliable,"kerbs are mostly points, but in few places people map also the whole 'kerb line' "
666375376,node,not appliable,not appliable,"kerbs are mostly points, but in few places people map also the whole 'kerb line' "
666375377,node,not appliable,not appliable,"kerbs are mostly points, but in few places people map also the whole 'kerb line' "
666375378,node,not appliable,not appliable,"kerbs are mostly points, but in few places people map also the whole 'kerb line' "
666375379,node,not appliable,not appliable,"kerbs are mostly points, but in few places people map also the whole 'kerb line' "
666375380,node,not appliable,not appliable,"kerbs are mostly points, but in few places people map also the whole 'kerb line' "
666375381,node,not appliable,not appliable,"kerbs are mostly points, but in few places people map also the whole 'kerb line' "
666375382,node,not appliable,not appliable,"kerbs are mostly points, but in few places people map also the whole 'kerb line' "
666375383,node,not appliable,not appliable,"kerbs are mostly points, but in few places people map also the whole 'kerb line' "
666375384,node,not appliable,not appliable,"kerbs are mostly points, but in few places people map also the whole 'kerb line' "
666375385,node,not appliable,not appliable,"kerbs are mostly points, but in few places people map also the whole 'kerb line' "
666375386,node,not appliable,not appliable,"kerbs are mostly points, but in few places people map also the whole 'kerb line' "
666375387,node,not appliable,not appliable,"kerbs are mostly points, but in few places people map also the whole 'kerb line' "
666375388,node,not appliable,not appliable,"kerbs are mostly points, but in few places people map also the whole 'kerb line' "
666375389,node,not appliable,not appliable,"kerbs are mostly points, but in few places people map also the whole 'kerb line' "
666375390,node,not appliable,not appliable,"kerbs are mostly points, but in few places people map also the whole 'kerb line' "
666375391,node,not appliable,not appliable,"kerbs are mostly points, but in few places people map also the whole 'kerb line' "
666375392,node,not appliable,not appliable,"kerbs are mostly points, but in few places people map also the whole 'kerb line' "
666375393,node,not appliable,not appliable,"kerbs are mostly points, but in few places people map also the whole 'kerb line' "
666375394,node,not appliable,not appliable,"kerbs are mostly points, but in few places people map also the whole 'kerb line' "
666375395,node,not appliable,not appliable,"kerbs are mostly points, but in few places people map also the whole 'kerb line' "
666375396,node,not appliable,not appliable,"kerbs are mostly points, but in few places people map also the whole 'kerb line' "
666375402,node,not appliable,not appliable,"kerbs are mostly points, but in few places people map also the whole 'kerb line' "
666375403,node,not appliable,not appliable,"kerbs are mostly points, but in few places people map also the whole 'kerb line' "
666375404,node,not appliable,not appliable,"kerbs are mostly points, but in few places people map also the whole 'kerb line' "
666375406,node,not appliable,not appliable,"kerbs are mostly points, but in few places people map also the whole 'kerb line' "
666375411,node,not appliable,not appliable,"kerbs are mostly points, but in few places people map also the whole 'kerb line' "
666375412,node,not appliable,not appliable,"kerbs are mostly points, but in few places people map also the whole 'kerb line' "
666375413,node,not appliable,not appliable,"kerbs are mostly points, but in few places people map also the whole 'kerb line' "
666375414,node,not appliable,not appliable,"kerbs are mostly points, but in few places people map also the whole 'kerb line' "
666375415,node,not appliable,not appliable,"kerbs are mostly points, but in few places people map also the whole 'kerb line' "
666375416,node,not appliable,not appliable,"kerbs are mostly points, but in few places people map also the whole 'kerb line' "
666375417,node,not appliable,not appliable,"kerbs are mostly points, but in few places people map also the whole 'kerb line' "
666375418,node,not appliable,not appliable,"kerbs are mostly points, but in few places people map also the whole 'kerb line' "
666375419,node,not appliable,not appliable,"kerbs are mostly points, but in few places people map also the whole 'kerb line' "
666375421,node,not appliable,not appliable,"kerbs are mostly points, but in few places people map also the whole 'kerb line' "
666375422,node,not appliable,not appliable,"kerbs are mostly points, but in few places people map also the whole 'kerb line' "
666375423,node,not appliable,not appliable,"kerbs are mostly points, but in few places people map also the whole 'kerb line' "
666375425,node,not appliable,not appliable,"kerbs are mostly points, but in few places people map also the whole 'kerb line' "
666375444,node,not appliable,not appliable,"kerbs are mostly points, but in few places people map also the whole 'kerb line' "
666375452,node,not appliable,not appliable,"kerbs are mostly points, but in few places people map also the whole 'kerb line' "
669423930,node,not appliable,not appliable,"kerbs are mostly points, but in few places people map also the whole 'kerb line' "
671979365,node,not appliable,not appliable,"kerbs are mostly points, but in few places people map also the whole 'kerb line' "
682896297,node,not appliable,not appliable,"kerbs are mostly points, but in few places people map also the whole 'kerb line' "
682896312,node,not appliable,not appliable,"kerbs are mostly points, but in few places people map also the whole 'kerb line' "
682896314,node,not appliable,not appliable,"kerbs are mostly points, but in few places people map also the whole 'kerb line' "
682896318,node,not appliable,not appliable,"kerbs are mostly points, but in few places people map also the whole 'kerb line' "
682896319,node,not appliable,not appliable,"kerbs are mostly points, but in few places people map also the whole 'kerb line' "
682896320,node,not appliable,not appliable,"kerbs are mostly points, but in few places people map also the whole 'kerb line' "
682896321,node,not appliable,not appliable,"kerbs are mostly points, but in few places people map also the whole 'kerb line' "
682896322,node,not appliable,not appliable,"kerbs are mostly points, but in few places people map also the whole 'kerb line' "
711851489,node,not appliable,not appliable,"kerbs are mostly points, but in few places people map also the whole 'kerb line' "
711858417,node,not appliable,not appliable,"kerbs are mostly points, but in few places people map also the whole 'kerb line' "
711858420,node,not appliable,not appliable,"kerbs are mostly points, but in few places people map also the whole 'kerb line' "
712153035,node,not appliable,not appliable,"kerbs are mostly points, but in few places people map also the whole 'kerb line' "
712153037,node,not appliable,not appliable,"kerbs are mostly points, but in few places people map also the whole 'kerb line' "
712153038,node,not appliable,not appliable,"kerbs are mostly points, but in few places people map also the whole 'kerb line' "
712153039,node,not appliable,not appliable,"kerbs are mostly points, but in few places people map also the whole 'kerb line' "
712153041,node,not appliable,not appliable,"kerbs are mostly points, but in few places people map also the whole 'kerb line' "
712153044,node,not appliable,not appliable,"kerbs are mostly points, but in few places people map also the whole 'kerb line' "
712153045,node,not appliable,not appliable,"kerbs are mostly points, but in few places people map also the whole 'kerb line' "
712153047,node,not appliable,not appliable,"kerbs are mostly points, but in few places people map also the whole 'kerb line' "
712153048,node,not appliable,not appliable,"kerbs are mostly points, but in few places people map also the whole 'kerb line' "
712153049,node,not appliable,not appliable,"kerbs are mostly points, but in few places people map also the whole 'kerb line' "
712153051,node,not appliable,not appliable,"kerbs are mostly points, but in few places people map also the whole 'kerb line' "
712153052,node,not appliable,not appliable,"kerbs are mostly points, but in few places people map also the whole 'kerb line' "
712153053,node,not appliable,not appliable,"kerbs are mostly points, but in few places people map also the whole 'kerb line' "
712153055,node,not appliable,not appliable,"kerbs are mostly points, but in few places people map also the whole 'kerb line' "
712153056,node,not appliable,not appliable,"kerbs are mostly points, but in few places people map also the whole 'kerb line' "
712153060,node,not appliable,not appliable,"kerbs are mostly points, but in few places people map also the whole 'kerb line' "
712153061,node,not appliable,not appliable,"kerbs are mostly points, but in few places people map also the whole 'kerb line' "
712153062,node,not appliable,not appliable,"kerbs are mostly points, but in few places people map also the whole 'kerb line' "
712153064,node,not appliable,not appliable,"kerbs are mostly points, but in few places people map also the whole 'kerb line' "
712153065,node,not appliable,not appliable,"kerbs are mostly points, but in few places people map also the whole 'kerb line' "
712153066,node,not appliable,not appliable,"kerbs are mostly points, but in few places people map also the whole 'kerb line' "
712153067,node,not appliable,not appliable,"kerbs are mostly points, but in few places people map also the whole 'kerb line' "
712153068,node,not appliable,not appliable,"kerbs are mostly points, but in few places people map also the whole 'kerb line' "
712159130,node,not appliable,not appliable,"kerbs are mostly points, but in few places people map also the whole 'kerb line' "
712159133,node,not appliable,not appliable,"kerbs are mostly points, but in few places people map also the whole 'kerb line' "
712163799,node,not appliable,not appliable,"kerbs are mostly points, but in few places people map also the whole 'kerb line' "
712163800,node,not appliable,not appliable,"kerbs are mostly points, but in few places people map also the whole 'kerb line' "
712163801,node,not appliable,not appliable,"kerbs are mostly points, but in few places people map also the whole 'kerb line' "
721726877,node,not appliable,not appliable,"kerbs are mostly points, but in few places people map also the whole 'kerb line' "
721726878,node,not appliable,not appliable,"kerbs are mostly points, but in few places people map also the whole 'kerb line' "
721726879,node,not appliable,not appliable,"kerbs are mostly points, but in few places people map also the whole 'kerb line' "
721726880,node,not appliable,not appliable,"kerbs are mostly points, but in few places people map also the whole 'kerb line' "
721726881,node,not appliable,not appliable,"kerbs are mostly points, but in few places people map also the whole 'kerb line' "
721726882,node,not appliable,not appliable,"kerbs are mostly points, but in few places people map also the whole 'kerb line' "
721726883,node,not appliable,not appliable,"kerbs are mostly points, but in few places people map also the whole 'kerb line' "
721726884,node,not appliable,not appliable,"kerbs are mostly points, but in few places people map also the whole 'kerb line' "
721726885,node,not appliable,not appliable,"kerbs are mostly points, but in few places people map also the whole 'kerb line' "
721726886,node,not appliable,not appliable,"kerbs are mostly points, but in few places people map also the whole 'kerb line' "
721726887,node,not appliable,not appliable,"kerbs are mostly points, but in few places people map also the whole 'kerb line' "
721726888,node,not appliable,not appliable,"kerbs are mostly points, but in few places people map also the whole 'kerb line' "
721726889,node,not appliable,not appliable,"kerbs are mostly points, but in few places people map also the whole 'kerb line' "
721726894,node,not appliable,not appliable,"kerbs are mostly points, but in few places people map also the whole 'kerb line' "
721726895,node,not appliable,not appliable,"kerbs are mostly points, but in few places people map also the whole 'kerb line' "
721726896,node,not appliable,not appliable,"kerbs are mostly points, but in few places people map also the whole 'kerb line' "
721726898,node,not appliable,not appliable,"kerbs are mostly points, but in few places people map also the whole 'kerb line' "
721762808,node,not appliable,not appliable,"kerbs are mostly points, but in few places people map also the whole 'kerb line' "
721762809,node,not appliable,not appliable,"kerbs are mostly points, but in few places people map also the whole 'kerb line' "
721762810,node,not appliable,not appliable,"kerbs are mostly points, but in few places people map also the whole 'kerb line' "
721762811,node,not appliable,not appliable,"kerbs are mostly points, but in few places people map also the whole 'kerb line' "
721762812,node,not appliable,not appliable,"kerbs are mostly points, but in few places people map also the whole 'kerb line' "
721762817,node,not appliable,not appliable,"kerbs are mostly points, but in few places people map also the whole 'kerb line' "
721766074,node,not appliable,not appliable,"kerbs are mostly points, but in few places people map also the whole 'kerb line' "
721766075,node,not appliable,not appliable,"kerbs are mostly points, but in few places people map also the whole 'kerb line' "
721766076,node,not appliable,not appliable,"kerbs are mostly points, but in few places people map also the whole 'kerb line' "
721766077,node,not appliable,not appliable,"kerbs are mostly points, but in few places people map also the whole 'kerb line' "
721766078,node,not appliable,not appliable,"kerbs are mostly points, but in few places people map also the whole 'kerb line' "
721766079,node,not appliable,not appliable,"kerbs are mostly points, but in few places people map also the whole 'kerb line' "
721766080,node,not appliable,not appliable,"kerbs are mostly points, but in few places people map also the whole 'kerb line' "
721767749,node,not appliable,not appliable,"kerbs are mostly points, but in few places people map also the whole 'kerb line' "
721767750,node,not appliable,not appliable,"kerbs are mostly points, but in few places people map also the whole 'kerb line' "
721767751,node,not appliable,not appliable,"kerbs are mostly points, but in few places people map also the whole 'kerb line' "
721767752,node,not appliable,not appliable,"kerbs are mostly points, but in few places people map also the whole 'kerb line' "
721767753,node,not appliable,not appliable,"kerbs are mostly points, but in few places people map also the whole 'kerb line' "
721767754,node,not appliable,not appliable,"kerbs are mostly points, but in few places people map also the whole 'kerb line' "
721767755,node,not appliable,not appliable,"kerbs are mostly points, but in few places people map also the whole 'kerb line' "
721767756,node,not appliable,not appliable,"kerbs are mostly points, but in few places people map also the whole 'kerb line' "
721894693,node,not appliable,not appliable,"kerbs are mostly points, but in few places people map also the whole 'kerb line' "
721894694,node,not appliable,not appliable,"kerbs are mostly points, but in few places people map also the whole 'kerb line' "
721894695,node,not appliable,not appliable,"kerbs are mostly points, but in few places people map also the whole 'kerb line' "
721894697,node,not appliable,not appliable,"kerbs are mostly points, but in few places people map also the whole 'kerb line' "
721894698,node,not appliable,not appliable,"kerbs are mostly points, but in few places people map also the whole 'kerb line' "
721894699,node,not appliable,not appliable,"kerbs are mostly points, but in few places people map also the whole 'kerb line' "
721894700,node,not appliable,not appliable,"kerbs are mostly points, but in few places people map also the whole 'kerb line' "
727153807,node,not appliable,not appliable,"kerbs are mostly points, but in few places people map also the whole 'kerb line' "
727153808,node,not appliable,not appliable,"kerbs are mostly points, but in few places people map also the whole 'kerb line' "
727153809,node,not appliable,not appliable,"kerbs are mostly points, but in few places people map also the whole 'kerb line' "
727163030,node,not appliable,not appliable,"kerbs are mostly points, but in few places people map also the whole 'kerb line' "
727163031,node,not appliable,not appliable,"kerbs are mostly points, but in few places people map also the whole 'kerb line' "
729228858,node,not appliable,not appliable,"kerbs are mostly points, but in few places people map also the whole 'kerb line' "
729228859,node,not appliable,not appliable,"kerbs are mostly points, but in few places people map also the whole 'kerb line' "
729228860,node,not appliable,not appliable,"kerbs are mostly points, but in few places people map also the whole 'kerb line' "
729362027,node,not appliable,not appliable,"kerbs are mostly points, but in few places people map also the whole 'kerb line' "
729362028,node,not appliable,not appliable,"kerbs are mostly points, but in few places people map also the whole 'kerb line' "
729362029,node,not appliable,not appliable,"kerbs are mostly points, but in few places people map also the whole 'kerb line' "
729362030,node,not appliable,not appliable,"kerbs are mostly points, but in few places people map also the whole 'kerb line' "
729362031,node,not appliable,not appliable,"kerbs are mostly points, but in few places people map also the whole 'kerb line' "
729362032,node,not appliable,not appliable,"kerbs are mostly points, but in few places people map also the whole 'kerb line' "
729485261,node,not appliable,not appliable,"kerbs are mostly points, but in few places people map also the whole 'kerb line' "
729485262,node,not appliable,not appliable,"kerbs are mostly points, but in few places people map also the whole 'kerb line' "
729485263,node,not appliable,not appliable,"kerbs are mostly points, but in few places people map also the whole 'kerb line' "
729485264,node,not appliable,not appliable,"kerbs are mostly points, but in few places people map also the whole 'kerb line' "
729485265,node,not appliable,not appliable,"kerbs are mostly points, but in few places people map also the whole 'kerb line' "
729485266,node,not appliable,not appliable,"kerbs are mostly points, but in few places people map also the whole 'kerb line' "
729799548,node,not appliable,not appliable,"kerbs are mostly points, but in few places people map also the whole 'kerb line' "
729802828,node,not appliable,not appliable,"kerbs are mostly points, but in few places people map also the whole 'kerb line' "
729802829,node,not appliable,not appliable,"kerbs are mostly points, but in few places people map also the whole 'kerb line' "
729802830,node,not appliable,not appliable,"kerbs are mostly points, but in few places people map also the whole 'kerb line' "
730013762,node,not appliable,not appliable,"kerbs are mostly points, but in few places people map also the whole 'kerb line' "
730093525,node,not appliable,not appliable,"kerbs are mostly points, but in few places people map also the whole 'kerb line' "
730093526,node,not appliable,not appliable,"kerbs are mostly points, but in few places people map also the whole 'kerb line' "
733939592,node,not appliable,not appliable,"kerbs are mostly points, but in few places people map also the whole 'kerb line' "
733939593,node,not appliable,not appliable,"kerbs are mostly points, but in few places people map also the whole 'kerb line' "
733939594,node,not appliable,not appliable,"kerbs are mostly points, but in few places people map also the whole 'kerb line' "
736320432,node,not appliable,not appliable,"kerbs are mostly points, but in few places people map also the whole 'kerb line' "
737029435,node,not appliable,not appliable,"kerbs are mostly points, but in few places people map also the whole 'kerb line' "
738573153,node,not appliable,not appliable,"kerbs are mostly points, but in few places people map also the whole 'kerb line' "
738609264,node,not appliable,not appliable,"kerbs are mostly points, but in few places people map also the whole 'kerb line' "
738630149,node,not appliable,not appliable,"kerbs are mostly points, but in few places people map also the whole 'kerb line' "
738630165,node,not appliable,not appliable,"kerbs are mostly points, but in few places people map also the whole 'kerb line' "
738658276,node,not appliable,not appliable,"kerbs are mostly points, but in few places people map also the whole 'kerb line' "
738670151,node,not appliable,not appliable,"kerbs are mostly points, but in few places people map also the whole 'kerb line' "
738884763,node,not appliable,not appliable,"kerbs are mostly points, but in few places people map also the whole 'kerb line' "
739667029,node,not appliable,not appliable,"kerbs are mostly points, but in few places people map also the whole 'kerb line' "
739667038,node,not appliable,not appliable,"kerbs are mostly points, but in few places people map also the whole 'kerb line' "
739667042,node,not appliable,not appliable,"kerbs are mostly points, but in few places people map also the whole 'kerb line' "
740776809,node,not appliable,not appliable,"kerbs are mostly points, but in few places people map also the whole 'kerb line' "
740776810,node,not appliable,not appliable,"kerbs are mostly points, but in few places people map also the whole 'kerb line' "
740776811,node,not appliable,not appliable,"kerbs are mostly points, but in few places people map also the whole 'kerb line' "
740785570,node,not appliable,not appliable,"kerbs are mostly points, but in few places people map also the whole 'kerb line' "
740785574,node,not appliable,not appliable,"kerbs are mostly points, but in few places people map also the whole 'kerb line' "
743585645,node,not appliable,not appliable,"kerbs are mostly points, but in few places people map also the whole 'kerb line' "
776749082,node,not appliable,not appliable,"kerbs are mostly points, but in few places people map also the whole 'kerb line' "
781379888,node,not appliable,not appliable,"kerbs are mostly points, but in few places people map also the whole 'kerb line' "
785046179,node,not appliable,not appliable,"kerbs are mostly points, but in few places people map also the whole 'kerb line' "
785046181,node,not appliable,not appliable,"kerbs are mostly points, but in few places people map also the whole 'kerb line' "
794448408,node,not appliable,not appliable,"kerbs are mostly points, but in few places people map also the whole 'kerb line' "
798022046,node,not appliable,not appliable,"kerbs are mostly points, but in few places people map also the whole 'kerb line' "
801422495,node,not appliable,not appliable,"kerbs are mostly points, but in few places people map also the whole 'kerb line' "
801422496,node,not appliable,not appliable,"kerbs are mostly points, but in few places people map also the whole 'kerb line' "
801422497,node,not appliable,not appliable,"kerbs are mostly points, but in few places people map also the whole 'kerb line' "
802105645,node,not appliable,not appliable,"kerbs are mostly points, but in few places people map also the whole 'kerb line' "
810225567,node,not appliable,not appliable,"kerbs are mostly points, but in few places people map also the whole 'kerb line' "
818863777,node,not appliable,not appliable,"kerbs are mostly points, but in few places people map also the whole 'kerb line' "
818863778,node,not appliable,not appliable,"kerbs are mostly points, but in few places people map also the whole 'kerb line' "
818863779,node,not appliable,not appliable,"kerbs are mostly points, but in few places people map also the whole 'kerb line' "
818863780,node,not appliable,not appliable,"kerbs are mostly points, but in few places people map also the whole 'kerb line' "
818863781,node,not appliable,not appliable,"kerbs are mostly points, but in few places people map also the whole 'kerb line' "
818863782,node,not appliable,not appliable,"kerbs are mostly points, but in few places people map also the whole 'kerb line' "
818863784,node,not appliable,not appliable,"kerbs are mostly points, but in few places people map also the whole 'kerb line' "
818863785,node,not appliable,not appliable,"kerbs are mostly points, but in few places people map also the whole 'kerb line' "
818863786,node,not appliable,not appliable,"kerbs are mostly points, but in few places people map also the whole 'kerb line' "
840361098,node,not appliable,not appliable,"kerbs are mostly points, but in few places people map also the whole 'kerb line' "
844335650,node,not appliable,not appliable,"kerbs are mostly points, but in few places people map also the whole 'kerb line' "
855657212,node,not appliable,not appliable,"kerbs are mostly points, but in few places people map also the whole 'kerb line' "
855657213,node,not appliable,not appliable,"kerbs are mostly points, but in few places people map also the whole 'kerb line' "
855657219,node,not appliable,not appliable,"kerbs are mostly points, but in few places people map also the whole 'kerb line' "
855657220,node,not appliable,not appliable,"kerbs are mostly points, but in few places people map also the whole 'kerb line' "
855657221,node,not appliable,not appliable,"kerbs are mostly points, but in few places people map also the whole 'kerb line' "
855657222,node,not appliable,not appliable,"kerbs are mostly points, but in few places people map also the whole 'kerb line' "
855657223,node,not appliable,not appliable,"kerbs are mostly points, but in few places people map also the whole 'kerb line' "
855657226,node,not appliable,not appliable,"kerbs are mostly points, but in few places people map also the whole 'kerb line' "
855657227,node,not appliable,not appliable,"kerbs are mostly points, but in few places people map also the whole 'kerb line' "
855657228,node,not appliable,not appliable,"kerbs are mostly points, but in few places people map also the whole 'kerb line' "
855657230,node,not appliable,not appliable,"kerbs are mostly points, but in few places people map also the whole 'kerb line' "
855657231,node,not appliable,not appliable,"kerbs are mostly points, but in few places people map also the whole 'kerb line' "
863548770,node,not appliable,not appliable,"kerbs are mostly points, but in few places people map also the whole 'kerb line' "
863548771,node,not appliable,not appliable,"kerbs are mostly points, but in few places people map also the whole 'kerb line' "
863548773,node,not appliable,not appliable,"kerbs are mostly points, but in few places people map also the whole 'kerb line' "
863548776,node,not appliable,not appliable,"kerbs are mostly points, but in few places people map also the whole 'kerb line' "
863615479,node,not appliable,not appliable,"kerbs are mostly points, but in few places people map also the whole 'kerb line' "
863615480,node,not appliable,not appliable,"kerbs are mostly points, but in few places people map also the whole 'kerb line' "
863615481,node,not appliable,not appliable,"kerbs are mostly points, but in few places people map also the whole 'kerb line' "
864598029,node,not appliable,not appliable,"kerbs are mostly points, but in few places people map also the whole 'kerb line' "
864927486,node,not appliable,not appliable,"kerbs are mostly points, but in few places people map also the whole 'kerb line' "
864968242,node,not appliable,not appliable,"kerbs are mostly points, but in few places people map also the whole 'kerb line' "
864968244,node,not appliable,not appliable,"kerbs are mostly points, but in few places people map also the whole 'kerb line' "
864968254,node,not appliable,not appliable,"kerbs are mostly points, but in few places people map also the whole 'kerb line' "
865155089,node,not appliable,not appliable,"kerbs are mostly points, but in few places people map also the whole 'kerb line' "
865155090,node,not appliable,not appliable,"kerbs are mostly points, but in few places people map also the whole 'kerb line' "
865155091,node,not appliable,not appliable,"kerbs are mostly points, but in few places people map also the whole 'kerb line' "
865155092,node,not appliable,not appliable,"kerbs are mostly points, but in few places people map also the whole 'kerb line' "
865155093,node,not appliable,not appliable,"kerbs are mostly points, but in few places people map also the whole 'kerb line' "
865155094,node,not appliable,not appliable,"kerbs are mostly points, but in few places people map also the whole 'kerb line' "
865155095,node,not appliable,not appliable,"kerbs are mostly points, but in few places people map also the whole 'kerb line' "
865155096,node,not appliable,not appliable,"kerbs are mostly points, but in few places people map also the whole 'kerb line' "
865155097,node,not appliable,not appliable,"kerbs are mostly points, but in few places people map also the whole 'kerb line' "
865155098,node,not appliable,not appliable,"kerbs are mostly points, but in few places people map also the whole 'kerb line' "
865155099,node,not appliable,not appliable,"kerbs are mostly points, but in few places people map also the whole 'kerb line' "
865155100,node,not appliable,not appliable,"kerbs are mostly points, but in few places people map also the whole 'kerb line' "
865155101,node,not appliable,not appliable,"kerbs are mostly points, but in few places people map also the whole 'kerb line' "
865155102,node,not appliable,not appliable,"kerbs are mostly points, but in few places people map also the whole 'kerb line' "
865155103,node,not appliable,not appliable,"kerbs are mostly points, but in few places people map also the whole 'kerb line' "
865155104,node,not appliable,not appliable,"kerbs are mostly points, but in few places people map also the whole 'kerb line' "
865155105,node,not appliable,not appliable,"kerbs are mostly points, but in few places people map also the whole 'kerb line' "
865155106,node,not appliable,not appliable,"kerbs are mostly points, but in few places people map also the whole 'kerb line' "
865155107,node,not appliable,not appliable,"kerbs are mostly points, but in few places people map also the whole 'kerb line' "
865155108,node,not appliable,not appliable,"kerbs are mostly points, but in few places people map also the whole 'kerb line' "
865155109,node,not appliable,not appliable,"kerbs are mostly points, but in few places people map also the whole 'kerb line' "
865155110,node,not appliable,not appliable,"kerbs are mostly points, but in few places people map also the whole 'kerb line' "
865155111,node,not appliable,not appliable,"kerbs are mostly points, but in few places people map also the whole 'kerb line' "
865155112,node,not appliable,not appliable,"kerbs are mostly points, but in few places people map also the whole 'kerb line' "
865155113,node,not appliable,not appliable,"kerbs are mostly points, but in few places people map also the whole 'kerb line' "
865155114,node,not appliable,not appliable,"kerbs are mostly points, but in few places people map also the whole 'kerb line' "
865155115,node,not appliable,not appliable,"kerbs are mostly points, but in few places people map also the whole 'kerb line' "
865155116,node,not appliable,not appliable,"kerbs are mostly points, but in few places people map also the whole 'kerb line' "
865155117,node,not appliable,not appliable,"kerbs are mostly points, but in few places people map also the whole 'kerb line' "
865155118,node,not appliable,not appliable,"kerbs are mostly points, but in few places people map also the whole 'kerb line' "
865155119,node,not appliable,not appliable,"kerbs are mostly points, but in few places people map also the whole 'kerb line' "
865155120,node,not appliable,not appliable,"kerbs are mostly points, but in few places people map also the whole 'kerb line' "
865155121,node,not appliable,not appliable,"kerbs are mostly points, but in few places people map also the whole 'kerb line' "
865155122,node,not appliable,not appliable,"kerbs are mostly points, but in few places people map also the whole 'kerb line' "
865155123,node,not appliable,not appliable,"kerbs are mostly points, but in few places people map also the whole 'kerb line' "
865155124,node,not appliable,not appliable,"kerbs are mostly points, but in few places people map also the whole 'kerb line' "
865155125,node,not appliable,not appliable,"kerbs are mostly points, but in few places people map also the whole 'kerb line' "
865155126,node,not appliable,not appliable,"kerbs are mostly points, but in few places people map also the whole 'kerb line' "
865155127,node,not appliable,not appliable,"kerbs are mostly points, but in few places people map also the whole 'kerb line' "
865155128,node,not appliable,not appliable,"kerbs are mostly points, but in few places people map also the whole 'kerb line' "
865155130,node,not appliable,not appliable,"kerbs are mostly points, but in few places people map also the whole 'kerb line' "
865155131,node,not appliable,not appliable,"kerbs are mostly points, but in few places people map also the whole 'kerb line' "
865155132,node,not appliable,not appliable,"kerbs are mostly points, but in few places people map also the whole 'kerb line' "
865155133,node,not appliable,not appliable,"kerbs are mostly points, but in few places people map also the whole 'kerb line' "
865155134,node,not appliable,not appliable,"kerbs are mostly points, but in few places people map also the whole 'kerb line' "
865155135,node,not appliable,not appliable,"kerbs are mostly points, but in few places people map also the whole 'kerb line' "
865155136,node,not appliable,not appliable,"kerbs are mostly points, but in few places people map also the whole 'kerb line' "
865155137,node,not appliable,not appliable,"kerbs are mostly points, but in few places people map also the whole 'kerb line' "
865155138,node,not appliable,not appliable,"kerbs are mostly points, but in few places people map also the whole 'kerb line' "
865155139,node,not appliable,not appliable,"kerbs are mostly points, but in few places people map also the whole 'kerb line' "
865155140,node,not appliable,not appliable,"kerbs are mostly points, but in few places people map also the whole 'kerb line' "
865155141,node,not appliable,not appliable,"kerbs are mostly points, but in few places people map also the whole 'kerb line' "
865155142,node,not appliable,not appliable,"kerbs are mostly points, but in few places people map also the whole 'kerb line' "
865155143,node,not appliable,not appliable,"kerbs are mostly points, but in few places people map also the whole 'kerb line' "
865155144,node,not appliable,not appliable,"kerbs are mostly points, but in few places people map also the whole 'kerb line' "
865155145,node,not appliable,not appliable,"kerbs are mostly points, but in few places people map also the whole 'kerb line' "
865155146,node,not appliable,not appliable,"kerbs are mostly points, but in few places people map also the whole 'kerb line' "
865155147,node,not appliable,not appliable,"kerbs are mostly points, but in few places people map also the whole 'kerb line' "
865155148,node,not appliable,not appliable,"kerbs are mostly points, but in few places people map also the whole 'kerb line' "
865155149,node,not appliable,not appliable,"kerbs are mostly points, but in few places people map also the whole 'kerb line' "
865155150,node,not appliable,not appliable,"kerbs are mostly points, but in few places people map also the whole 'kerb line' "
865155151,node,not appliable,not appliable,"kerbs are mostly points, but in few places people map also the whole 'kerb line' "
865155152,node,not appliable,not appliable,"kerbs are mostly points, but in few places people map also the whole 'kerb line' "
865155153,node,not appliable,not appliable,"kerbs are mostly points, but in few places people map also the whole 'kerb line' "
865155154,node,not appliable,not appliable,"kerbs are mostly points, but in few places people map also the whole 'kerb line' "
865155155,node,not appliable,not appliable,"kerbs are mostly points, but in few places people map also the whole 'kerb line' "
865155156,node,not appliable,not appliable,"kerbs are mostly points, but in few places people map also the whole 'kerb line' "
865155157,node,not appliable,not appliable,"kerbs are mostly points, but in few places people map also the whole 'kerb line' "
865155158,node,not appliable,not appliable,"kerbs are mostly points, but in few places people map also the whole 'kerb line' "
865155159,node,not appliable,not appliable,"kerbs are mostly points, but in few places people map also the whole 'kerb line' "
865184903,node,not appliable,not appliable,"kerbs are mostly points, but in few places people map also the whole 'kerb line' "
865184904,node,not appliable,not appliable,"kerbs are mostly points, but in few places people map also the whole 'kerb line' "
865184905,node,not appliable,not appliable,"kerbs are mostly points, but in few places people map also the whole 'kerb line' "
865184906,node,not appliable,not appliable,"kerbs are mostly points, but in few places people map also the whole 'kerb line' "
865184907,node,not appliable,not appliable,"kerbs are mostly points, but in few places people map also the whole 'kerb line' "
865184908,node,not appliable,not appliable,"kerbs are mostly points, but in few places people map also the whole 'kerb line' "
865184909,node,not appliable,not appliable,"kerbs are mostly points, but in few places people map also the whole 'kerb line' "
865184910,node,not appliable,not appliable,"kerbs are mostly points, but in few places people map also the whole 'kerb line' "
865184914,node,not appliable,not appliable,"kerbs are mostly points, but in few places people map also the whole 'kerb line' "
865184915,node,not appliable,not appliable,"kerbs are mostly points, but in few places people map also the whole 'kerb line' "
865184916,node,not appliable,not appliable,"kerbs are mostly points, but in few places people map also the whole 'kerb line' "
865184917,node,not appliable,not appliable,"kerbs are mostly points, but in few places people map also the whole 'kerb line' "
865184918,node,not appliable,not appliable,"kerbs are mostly points, but in few places people map also the whole 'kerb line' "
865184919,node,not appliable,not appliable,"kerbs are mostly points, but in few places people map also the whole 'kerb line' "
865184920,node,not appliable,not appliable,"kerbs are mostly points, but in few places people map also the whole 'kerb line' "
865184921,node,not appliable,not appliable,"kerbs are mostly points, but in few places people map also the whole 'kerb line' "
865184922,node,not appliable,not appliable,"kerbs are mostly points, but in few places people map also the whole 'kerb line' "
865184923,node,not appliable,not appliable,"kerbs are mostly points, but in few places people map also the whole 'kerb line' "
865184924,node,not appliable,not appliable,"kerbs are mostly points, but in few places people map also the whole 'kerb line' "
865184925,node,not appliable,not appliable,"kerbs are mostly points, but in few places people map also the whole 'kerb line' "
865184926,node,not appliable,not appliable,"kerbs are mostly points, but in few places people map also the whole 'kerb line' "
865184927,node,not appliable,not appliable,"kerbs are mostly points, but in few places people map also the whole 'kerb line' "
865184928,node,not appliable,not appliable,"kerbs are mostly points, but in few places people map also the whole 'kerb line' "
865184929,node,not appliable,not appliable,"kerbs are mostly points, but in few places people map also the whole 'kerb line' "
865184930,node,not appliable,not appliable,"kerbs are mostly points, but in few places people map also the whole 'kerb line' "
865184931,node,not appliable,not appliable,"kerbs are mostly points, but in few places people map also the whole 'kerb line' "
865184932,node,not appliable,not appliable,"kerbs are mostly points, but in few places people map also the whole 'kerb line' "
865184933,node,not appliable,not appliable,"kerbs are mostly points, but in few places people map also the whole 'kerb line' "
865184937,node,not appliable,not appliable,"kerbs are mostly points, but in few places people map also the whole 'kerb line' "
865184938,node,not appliable,not appliable,"kerbs are mostly points, but in few places people map also the whole 'kerb line' "
865184939,node,not appliable,not appliable,"kerbs are mostly points, but in few places people map also the whole 'kerb line' "
865184940,node,not appliable,not appliable,"kerbs are mostly points, but in few places people map also the whole 'kerb line' "
865184941,node,not appliable,not appliable,"kerbs are mostly points, but in few places people map also the whole 'kerb line' "
865184942,node,not appliable,not appliable,"kerbs are mostly points, but in few places people map also the whole 'kerb line' "
865184943,node,not appliable,not appliable,"kerbs are mostly points, but in few places people map also the whole 'kerb line' "
865184944,node,not appliable,not appliable,"kerbs are mostly points, but in few places people map also the whole 'kerb line' "
865632585,node,not appliable,not appliable,"kerbs are mostly points, but in few places people map also the whole 'kerb line' "
865632586,node,not appliable,not appliable,"kerbs are mostly points, but in few places people map also the whole 'kerb line' "
865632587,node,not appliable,not appliable,"kerbs are mostly points, but in few places people map also the whole 'kerb line' "
865632588,node,not appliable,not appliable,"kerbs are mostly points, but in few places people map also the whole 'kerb line' "
865632590,node,not appliable,not appliable,"kerbs are mostly points, but in few places people map also the whole 'kerb line' "
865632598,node,not appliable,not appliable,"kerbs are mostly points, but in few places people map also the whole 'kerb line' "
865632613,node,not appliable,not appliable,"kerbs are mostly points, but in few places people map also the whole 'kerb line' "
865719387,node,not appliable,not appliable,"kerbs are mostly points, but in few places people map also the whole 'kerb line' "
865719390,node,not appliable,not appliable,"kerbs are mostly points, but in few places people map also the whole 'kerb line' "
865719391,node,not appliable,not appliable,"kerbs are mostly points, but in few places people map also the whole 'kerb line' "
865719392,node,not appliable,not appliable,"kerbs are mostly points, but in few places people map also the whole 'kerb line' "
867043429,node,not appliable,not appliable,"kerbs are mostly points, but in few places people map also the whole 'kerb line' "
867043430,node,not appliable,not appliable,"kerbs are mostly points, but in few places people map also the whole 'kerb line' "
868476673,node,not appliable,not appliable,"kerbs are mostly points, but in few places people map also the whole 'kerb line' "
868476674,node,not appliable,not appliable,"kerbs are mostly points, but in few places people map also the whole 'kerb line' "
868476678,node,not appliable,not appliable,"kerbs are mostly points, but in few places people map also the whole 'kerb line' "
868476679,node,not appliable,not appliable,"kerbs are mostly points, but in few places people map also the whole 'kerb line' "
868476683,node,not appliable,not appliable,"kerbs are mostly points, but in few places people map also the whole 'kerb line' "
868883265,node,not appliable,not appliable,"kerbs are mostly points, but in few places people map also the whole 'kerb line' "
868883266,node,not appliable,not appliable,"kerbs are mostly points, but in few places people map also the whole 'kerb line' "
868883267,node,not appliable,not appliable,"kerbs are mostly points, but in few places people map also the whole 'kerb line' "
868883268,node,not appliable,not appliable,"kerbs are mostly points, but in few places people map also the whole 'kerb line' "
877601295,node,not appliable,not appliable,"kerbs are mostly points, but in few places people map also the whole 'kerb line' "
877601296,node,not appliable,not appliable,"kerbs are mostly points, but in few places people map also the whole 'kerb line' "
877601299,node,not appliable,not appliable,"kerbs are mostly points, but in few places people map also the whole 'kerb line' "
877601300,node,not appliable,not appliable,"kerbs are mostly points, but in few places people map also the whole 'kerb line' "
877601303,node,not appliable,not appliable,"kerbs are mostly points, but in few places people map also the whole 'kerb line' "
877601307,node,not appliable,not appliable,"kerbs are mostly points, but in few places people map also the whole 'kerb line' "
880532995,node,not appliable,not appliable,"kerbs are mostly points, but in few places people map also the whole 'kerb line' "
880532996,node,not appliable,not appliable,"kerbs are mostly points, but in few places people map also the whole 'kerb line' "
880544359,node,not appliable,not appliable,"kerbs are mostly points, but in few places people map also the whole 'kerb line' "
880547900,node,not appliable,not appliable,"kerbs are mostly points, but in few places people map also the whole 'kerb line' "
882463937,node,not appliable,not appliable,"kerbs are mostly points, but in few places people map also the whole 'kerb line' "
882463970,node,not appliable,not appliable,"kerbs are mostly points, but in few places people map also the whole 'kerb line' "
882463971,node,not appliable,not appliable,"kerbs are mostly points, but in few places people map also the whole 'kerb line' "
882463972,node,not appliable,not appliable,"kerbs are mostly points, but in few places people map also the whole 'kerb line' "
882463973,node,not appliable,not appliable,"kerbs are mostly points, but in few places people map also the whole 'kerb line' "
882463977,node,not appliable,not appliable,"kerbs are mostly points, but in few places people map also the whole 'kerb line' "
882463978,node,not appliable,not appliable,"kerbs are mostly points, but in few places people map also the whole 'kerb line' "
882463979,node,not appliable,not appliable,"kerbs are mostly points, but in few places people map also the whole 'kerb line' "
882463980,node,not appliable,not appliable,"kerbs are mostly points, but in few places people map also the whole 'kerb line' "
882463981,node,not appliable,not appliable,"kerbs are mostly points, but in few places people map also the whole 'kerb line' "
882463982,node,not appliable,not appliable,"kerbs are mostly points, but in few places people map also the whole 'kerb line' "
882463983,node,not appliable,not appliable,"kerbs are mostly points, but in few places people map also the whole 'kerb line' "
882463985,node,not appliable,not appliable,"kerbs are mostly points, but in few places people map also the whole 'kerb line' "
882463986,node,not appliable,not appliable,"kerbs are mostly points, but in few places people map also the whole 'kerb line' "
888468564,node,not appliable,not appliable,"kerbs are mostly points, but in few places people map also the whole 'kerb line' "
888468570,node,not appliable,not appliable,"kerbs are mostly points, but in few places people map also the whole 'kerb line' "
888468571,node,not appliable,not appliable,"kerbs are mostly points, but in few places people map also the whole 'kerb line' "
888468572,node,not appliable,not appliable,"kerbs are mostly points, but in few places people map also the whole 'kerb line' "
888468573,node,not appliable,not appliable,"kerbs are mostly points, but in few places people map also the whole 'kerb line' "
888468574,node,not appliable,not appliable,"kerbs are mostly points, but in few places people map also the whole 'kerb line' "
888472470,node,not appliable,not appliable,"kerbs are mostly points, but in few places people map also the whole 'kerb line' "
888472471,node,not appliable,not appliable,"kerbs are mostly points, but in few places people map also the whole 'kerb line' "
888472472,node,not appliable,not appliable,"kerbs are mostly points, but in few places people map also the whole 'kerb line' "
888472473,node,not appliable,not appliable,"kerbs are mostly points, but in few places people map also the whole 'kerb line' "
888472474,node,not appliable,not appliable,"kerbs are mostly points, but in few places people map also the whole 'kerb line' "
888472475,node,not appliable,not appliable,"kerbs are mostly points, but in few places people map also the whole 'kerb line' "
888472476,node,not appliable,not appliable,"kerbs are mostly points, but in few places people map also the whole 'kerb line' "
888472477,node,not appliable,not appliable,"kerbs are mostly points, but in few places people map also the whole 'kerb line' "
888472478,node,not appliable,not appliable,"kerbs are mostly points, but in few places people map also the whole 'kerb line' "
888472479,node,not appliable,not appliable,"kerbs are mostly points, but in few places people map also the whole 'kerb line' "
888472480,node,not appliable,not appliable,"kerbs are mostly points, but in few places people map also the whole 'kerb line' "
888472481,node,not appliable,not appliable,"kerbs are mostly points, but in few places people map also the whole 'kerb line' "
888472482,node,not appliable,not appliable,"kerbs are mostly points, but in few places people map also the whole 'kerb line' "
888472485,node,not appliable,not appliable,"kerbs are mostly points, but in few places people map also the whole 'kerb line' "
888472486,node,not appliable,not appliable,"kerbs are mostly points, but in few places people map also the whole 'kerb line' "
888472487,node,not appliable,not appliable,"kerbs are mostly points, but in few places people map also the whole 'kerb line' "
888472489,node,not appliable,not appliable,"kerbs are mostly points, but in few places people map also the whole 'kerb line' "
888472490,node,not appliable,not appliable,"kerbs are mostly points, but in few places people map also the whole 'kerb line' "
888472491,node,not appliable,not appliable,"kerbs are mostly points, but in few places people map also the whole 'kerb line' "
888472492,node,not appliable,not appliable,"kerbs are mostly points, but in few places people map also the whole 'kerb line' "
888472493,node,not appliable,not appliable,"kerbs are mostly points, but in few places people map also the whole 'kerb line' "
888472494,node,not appliable,not appliable,"kerbs are mostly points, but in few places people map also the whole 'kerb line' "
888472497,node,not appliable,not appliable,"kerbs are mostly points, but in few places people map also the whole 'kerb line' "
888472499,node,not appliable,not appliable,"kerbs are mostly points, but in few places people map also the whole 'kerb line' "
888472500,node,not appliable,not appliable,"kerbs are mostly points, but in few places people map also the whole 'kerb line' "
888472501,node,not appliable,not appliable,"kerbs are mostly points, but in few places people map also the whole 'kerb line' "
888472502,node,not appliable,not appliable,"kerbs are mostly points, but in few places people map also the whole 'kerb line' "
888474560,node,not appliable,not appliable,"kerbs are mostly points, but in few places people map also the whole 'kerb line' "
888474561,node,not appliable,not appliable,"kerbs are mostly points, but in few places people map also the whole 'kerb line' "
888474562,node,not appliable,not appliable,"kerbs are mostly points, but in few places people map also the whole 'kerb line' "
888474563,node,not appliable,not appliable,"kerbs are mostly points, but in few places people map also the whole 'kerb line' "
888474564,node,not appliable,not appliable,"kerbs are mostly points, but in few places people map also the whole 'kerb line' "
888474565,node,not appliable,not appliable,"kerbs are mostly points, but in few places people map also the whole 'kerb line' "
888474566,node,not appliable,not appliable,"kerbs are mostly points, but in few places people map also the whole 'kerb line' "
888474567,node,not appliable,not appliable,"kerbs are mostly points, but in few places people map also the whole 'kerb line' "
888474568,node,not appliable,not appliable,"kerbs are mostly points, but in few places people map also the whole 'kerb line' "
888479278,node,not appliable,not appliable,"kerbs are mostly points, but in few places people map also the whole 'kerb line' "
888590165,node,not appliable,not appliable,"kerbs are mostly points, but in few places people map also the whole 'kerb line' "
888590168,node,not appliable,not appliable,"kerbs are mostly points, but in few places people map also the whole 'kerb line' "
888590169,node,not appliable,not appliable,"kerbs are mostly points, but in few places people map also the whole 'kerb line' "
888590170,node,not appliable,not appliable,"kerbs are mostly points, but in few places people map also the whole 'kerb line' "
888590171,node,not appliable,not appliable,"kerbs are mostly points, but in few places people map also the whole 'kerb line' "
888590172,node,not appliable,not appliable,"kerbs are mostly points, but in few places people map also the whole 'kerb line' "
888590173,node,not appliable,not appliable,"kerbs are mostly points, but in few places people map also the whole 'kerb line' "
888590175,node,not appliable,not appliable,"kerbs are mostly points, but in few places people map also the whole 'kerb line' "
888590176,node,not appliable,not appliable,"kerbs are mostly points, but in few places people map also the whole 'kerb line' "
888590177,node,not appliable,not appliable,"kerbs are mostly points, but in few places people map also the whole 'kerb line' "
888590178,node,not appliable,not appliable,"kerbs are mostly points, but in few places people map also the whole 'kerb line' "
888590191,node,not appliable,not appliable,"kerbs are mostly points, but in few places people map also the whole 'kerb line' "
888590192,node,not appliable,not appliable,"kerbs are mostly points, but in few places people map also the whole 'kerb line' "
888590193,node,not appliable,not appliable,"kerbs are mostly points, but in few places people map also the whole 'kerb line' "
888590195,node,not appliable,not appliable,"kerbs are mostly points, but in few places people map also the whole 'kerb line' "
888590199,node,not appliable,not appliable,"kerbs are mostly points, but in few places people map also the whole 'kerb line' "
888590203,node,not appliable,not appliable,"kerbs are mostly points, but in few places people map also the whole 'kerb line' "
888590204,node,not appliable,not appliable,"kerbs are mostly points, but in few places people map also the whole 'kerb line' "
888590205,node,not appliable,not appliable,"kerbs are mostly points, but in few places people map also the whole 'kerb line' "
888590206,node,not appliable,not appliable,"kerbs are mostly points, but in few places people map also the whole 'kerb line' "
888894380,node,not appliable,not appliable,"kerbs are mostly points, but in few places people map also the whole 'kerb line' "
888894381,node,not appliable,not appliable,"kerbs are mostly points, but in few places people map also the whole 'kerb line' "
888894382,node,not appliable,not appliable,"kerbs are mostly points, but in few places people map also the whole 'kerb line' "
888894383,node,not appliable,not appliable,"kerbs are mostly points, but in few places people map also the whole 'kerb line' "
888894385,node,not appliable,not appliable,"kerbs are mostly points, but in few places people map also the whole 'kerb line' "
888894386,node,not appliable,not appliable,"kerbs are mostly points, but in few places people map also the whole 'kerb line' "
888894392,node,not appliable,not appliable,"kerbs are mostly points, but in few places people map also the whole 'kerb line' "
888894393,node,not appliable,not appliable,"kerbs are mostly points, but in few places people map also the whole 'kerb line' "
888894394,node,not appliable,not appliable,"kerbs are mostly points, but in few places people map also the whole 'kerb line' "
888894395,node,not appliable,not appliable,"kerbs are mostly points, but in few places people map also the whole 'kerb line' "
888894396,node,not appliable,not appliable,"kerbs are mostly points, but in few places people map also the whole 'kerb line' "
888894397,node,not appliable,not appliable,"kerbs are mostly points, but in few places people map also the whole 'kerb line' "
888894399,node,not appliable,not appliable,"kerbs are mostly points, but in few places people map also the whole 'kerb line' "
888894400,node,not appliable,not appliable,"kerbs are mostly points, but in few places people map also the whole 'kerb line' "
888894401,node,not appliable,not appliable,"kerbs are mostly points, but in few places people map also the whole 'kerb line' "
888894403,node,not appliable,not appliable,"kerbs are mostly points, but in few places people map also the whole 'kerb line' "
892436159,node,not appliable,not appliable,"kerbs are mostly points, but in few places people map also the whole 'kerb line' "
892436160,node,not appliable,not appliable,"kerbs are mostly points, but in few places people map also the whole 'kerb line' "
892436161,node,not appliable,not appliable,"kerbs are mostly points, but in few places people map also the whole 'kerb line' "
892436162,node,not appliable,not appliable,"kerbs are mostly points, but in few places people map also the whole 'kerb line' "
892436164,node,not appliable,not appliable,"kerbs are mostly points, but in few places people map also the whole 'kerb line' "
892436167,node,not appliable,not appliable,"kerbs are mostly points, but in few places people map also the whole 'kerb line' "
892436168,node,not appliable,not appliable,"kerbs are mostly points, but in few places people map also the whole 'kerb line' "
900623737,node,not appliable,not appliable,"kerbs are mostly points, but in few places people map also the whole 'kerb line' "
901041303,node,not appliable,not appliable,"kerbs are mostly points, but in few places people map also the whole 'kerb line' "
908079271,node,not appliable,not appliable,"kerbs are mostly points, but in few places people map also the whole 'kerb line' "
908079274,node,not appliable,not appliable,"kerbs are mostly points, but in few places people map also the whole 'kerb line' "
908079278,node,not appliable,not appliable,"kerbs are mostly points, but in few places people map also the whole 'kerb line' "
908463031,node,not appliable,not appliable,"kerbs are mostly points, but in few places people map also the whole 'kerb line' "
912976607,node,not appliable,not appliable,"kerbs are mostly points, but in few places people map also the whole 'kerb line' "
913568925,node,not appliable,not appliable,"kerbs are mostly points, but in few places people map also the whole 'kerb line' "
938568675,node,not appliable,not appliable,"kerbs are mostly points, but in few places people map also the whole 'kerb line' "
938568676,node,not appliable,not appliable,"kerbs are mostly points, but in few places people map also the whole 'kerb line' "
938568677,node,not appliable,not appliable,"kerbs are mostly points, but in few places people map also the whole 'kerb line' "
938568678,node,not appliable,not appliable,"kerbs are mostly points, but in few places people map also the whole 'kerb line' "
938568679,node,not appliable,not appliable,"kerbs are mostly points, but in few places people map also the whole 'kerb line' "
938568688,node,not appliable,not appliable,"kerbs are mostly points, but in few places people map also the whole 'kerb line' "
938568689,node,not appliable,not appliable,"kerbs are mostly points, but in few places people map also the whole 'kerb line' "
938568690,node,not appliable,not appliable,"kerbs are mostly points, but in few places people map also the whole 'kerb line' "
938568691,node,not appliable,not appliable,"kerbs are mostly points, but in few places people map also the whole 'kerb line' "
938568692,node,not appliable,not appliable,"kerbs are mostly points, but in few places people map also the whole 'kerb line' "
938568693,node,not appliable,not appliable,"kerbs are mostly points, but in few places people map also the whole 'kerb line' "
938568694,node,not appliable,not appliable,"kerbs are mostly points, but in few places people map also the whole 'kerb line' "
938568695,node,not appliable,not appliable,"kerbs are mostly points, but in few places people map also the whole 'kerb line' "
938568696,node,not appliable,not appliable,"kerbs are mostly points, but in few places people map also the whole 'kerb line' "
938568709,node,not appliable,not appliable,"kerbs are mostly points, but in few places people map also the whole 'kerb line' "
938568711,node,not appliable,not appliable,"kerbs are mostly points, but in few places people map also the whole 'kerb line' "
938568716,node,not appliable,not appliable,"kerbs are mostly points, but in few places people map also the whole 'kerb line' "
938568724,node,not appliable,not appliable,"kerbs are mostly points, but in few places people map also the whole 'kerb line' "
938568725,node,not appliable,not appliable,"kerbs are mostly points, but in few places people map also the whole 'kerb line' "
938568729,node,not appliable,not appliable,"kerbs are mostly points, but in few places people map also the whole 'kerb line' "
939950224,node,not appliable,not appliable,"kerbs are mostly points, but in few places people map also the whole 'kerb line' "
939950225,node,not appliable,not appliable,"kerbs are mostly points, but in few places people map also the whole 'kerb line' "
939950226,node,not appliable,not appliable,"kerbs are mostly points, but in few places people map also the whole 'kerb line' "
939950227,node,not appliable,not appliable,"kerbs are mostly points, but in few places people map also the whole 'kerb line' "
939950228,node,not appliable,not appliable,"kerbs are mostly points, but in few places people map also the whole 'kerb line' "
939950229,node,not appliable,not appliable,"kerbs are mostly points, but in few places people map also the whole 'kerb line' "
939950244,node,not appliable,not appliable,"kerbs are mostly points, but in few places people map also the whole 'kerb line' "
941089834,node,not appliable,not appliable,"kerbs are mostly points, but in few places people map also the whole 'kerb line' "
956495869,node,not appliable,not appliable,"kerbs are mostly points, but in few places people map also the whole 'kerb line' "
956495870,node,not appliable,not appliable,"kerbs are mostly points, but in few places people map also the whole 'kerb line' "
956495875,node,not appliable,not appliable,"kerbs are mostly points, but in few places people map also the whole 'kerb line' "
956495876,node,not appliable,not appliable,"kerbs are mostly points, but in few places people map also the whole 'kerb line' "
956495877,node,not appliable,not appliable,"kerbs are mostly points, but in few places people map also the whole 'kerb line' "
956495878,node,not appliable,not appliable,"kerbs are mostly points, but in few places people map also the whole 'kerb line' "
956495879,node,not appliable,not appliable,"kerbs are mostly points, but in few places people map also the whole 'kerb line' "
957684776,node,not appliable,not appliable,"kerbs are mostly points, but in few places people map also the whole 'kerb line' "
963759437,node,not appliable,not appliable,"kerbs are mostly points, but in few places people map also the whole 'kerb line' "
963759438,node,not appliable,not appliable,"kerbs are mostly points, but in few places people map also the whole 'kerb line' "
971139538,node,not appliable,not appliable,"kerbs are mostly points, but in few places people map also the whole 'kerb line' "
971139539,node,not appliable,not appliable,"kerbs are mostly points, but in few places people map also the whole 'kerb line' "
978920651,node,not appliable,not appliable,"kerbs are mostly points, but in few places people map also the whole 'kerb line' "
978920653,node,not appliable,not appliable,"kerbs are mostly points, but in few places people map also the whole 'kerb line' "
978920658,node,not appliable,not appliable,"kerbs are mostly points, but in few places people map also the whole 'kerb line' "
978920659,node,not appliable,not appliable,"kerbs are mostly points, but in few places people map also the whole 'kerb line' "
978920660,node,not appliable,not appliable,"kerbs are mostly points, but in few places people map also the whole 'kerb line' "
978920661,node,not appliable,not appliable,"kerbs are mostly points, but in few places people map also the whole 'kerb line' "
978920662,node,not appliable,not appliable,"kerbs are mostly points, but in few places people map also the whole 'kerb line' "
978920663,node,not appliable,not appliable,"kerbs are mostly points, but in few places people map also the whole 'kerb line' "
978920664,node,not appliable,not appliable,"kerbs are mostly points, but in few places people map also the whole 'kerb line' "
978920665,node,not appliable,not appliable,"kerbs are mostly points, but in few places people map also the whole 'kerb line' "
978920666,node,not appliable,not appliable,"kerbs are mostly points, but in few places people map also the whole 'kerb line' "
978920667,node,not appliable,not appliable,"kerbs are mostly points, but in few places people map also the whole 'kerb line' "
978920668,node,not appliable,not appliable,"kerbs are mostly points, but in few places people map also the whole 'kerb line' "
978920669,node,not appliable,not appliable,"kerbs are mostly points, but in few places people map also the whole 'kerb line' "
978920672,node,not appliable,not appliable,"kerbs are mostly points, but in few places people map also the whole 'kerb line' "
978920673,node,not appliable,not appliable,"kerbs are mostly points, but in few places people map also the whole 'kerb line' "
978920674,node,not appliable,not appliable,"kerbs are mostly points, but in few places people map also the whole 'kerb line' "
978920675,node,not appliable,not appliable,"kerbs are mostly points, but in few places people map also the whole 'kerb line' "
978920680,node,not appliable,not appliable,"kerbs are mostly points, but in few places people map also the whole 'kerb line' "
978920681,node,not appliable,not appliable,"kerbs are mostly points, but in few places people map also the whole 'kerb line' "
978920682,node,not appliable,not appliable,"kerbs are mostly points, but in few places people map also the whole 'kerb line' "
978920683,node,not appliable,not appliable,"kerbs are mostly points, but in few places people map also the whole 'kerb line' "
978920684,node,not appliable,not appliable,"kerbs are mostly points, but in few places people map also the whole 'kerb line' "
978920685,node,not appliable,not appliable,"kerbs are mostly points, but in few places people map also the whole 'kerb line' "
978920686,node,not appliable,not appliable,"kerbs are mostly points, but in few places people map also the whole 'kerb line' "
978920687,node,not appliable,not appliable,"kerbs are mostly points, but in few places people map also the whole 'kerb line' "
987231961,node,not appliable,not appliable,"kerbs are mostly points, but in few places people map also the whole 'kerb line' "
995339286,node,not appliable,not appliable,"kerbs are mostly points, but in few places people map also the whole 'kerb line' "
995339287,node,not appliable,not appliable,"kerbs are mostly points, but in few places people map also the whole 'kerb line' "
995344353,node,not appliable,not appliable,"kerbs are mostly points, but in few places people map also the whole 'kerb line' "
995344355,node,not appliable,not appliable,"kerbs are mostly points, but in few places people map also the whole 'kerb line' "
995422774,node,not appliable,not appliable,"kerbs are mostly points, but in few places people map also the whole 'kerb line' "
995422775,node,not appliable,not appliable,"kerbs are mostly points, but in few places people map also the whole 'kerb line' "
995422776,node,not appliable,not appliable,"kerbs are mostly points, but in few places people map also the whole 'kerb line' "
996136519,node,not appliable,not appliable,"kerbs are mostly points, but in few places people map also the whole 'kerb line' "
996136520,node,not appliable,not appliable,"kerbs are mostly points, but in few places people map also the whole 'kerb line' "
996675116,node,not appliable,not appliable,"kerbs are mostly points, but in few places people map also the whole 'kerb line' "
996675117,node,not appliable,not appliable,"kerbs are mostly points, but in few places people map also the whole 'kerb line' "
996675118,node,not appliable,not appliable,"kerbs are mostly points, but in few places people map also the whole 'kerb line' "
996675119,node,not appliable,not appliable,"kerbs are mostly points, but in few places people map also the whole 'kerb line' "
996675120,node,not appliable,not appliable,"kerbs are mostly points, but in few places people map also the whole 'kerb line' "
996675121,node,not appliable,not appliable,"kerbs are mostly points, but in few places people map also the whole 'kerb line' "
996675122,node,not appliable,not appliable,"kerbs are mostly points, but in few places people map also the whole 'kerb line' "
996675123,node,not appliable,not appliable,"kerbs are mostly points, but in few places people map also the whole 'kerb line' "
996675124,node,not appliable,not appliable,"kerbs are mostly points, but in few places people map also the whole 'kerb line' "
996675125,node,not appliable,not appliable,"kerbs are mostly points, but in few places people map also the whole 'kerb line' "
996675126,node,not appliable,not appliable,"kerbs are mostly points, but in few places people map also the whole 'kerb line' "
996675138,node,not appliable,not appliable,"kerbs are mostly points, but in few places people map also the whole 'kerb line' "
996675139,node,not appliable,not appliable,"kerbs are mostly points, but in few places people map also the whole 'kerb line' "
998013804,node,not appliable,not appliable,"kerbs are mostly points, but in few places people map also the whole 'kerb line' "
998013805,node,not appliable,not appliable,"kerbs are mostly points, but in few places people map also the whole 'kerb line' "
998013806,node,not appliable,not appliable,"kerbs are mostly points, but in few places people map also the whole 'kerb line' "
998013807,node,not appliable,not appliable,"kerbs are mostly points, but in few places people map also the whole 'kerb line' "
998013808,node,not appliable,not appliable,"kerbs are mostly points, but in few places people map also the whole 'kerb line' "
998013809,node,not appliable,not appliable,"kerbs are mostly points, but in few places people map also the whole 'kerb line' "
998013810,node,not appliable,not appliable,"kerbs are mostly points, but in few places people map also the whole 'kerb line' "
998013821,node,not appliable,not appliable,"kerbs are mostly points, but in few places people map also the whole 'kerb line' "
1000067209,node,not appliable,not appliable,"kerbs are mostly points, but in few places people map also the whole 'kerb line' "
1000067211,node,not appliable,not appliable,"kerbs are mostly points, but in few places people map also the whole 'kerb line' "
1000307769,node,not appliable,not appliable,"kerbs are mostly points, but in few places people map also the whole 'kerb line' "
1000307770,node,not appliable,not appliable,"kerbs are mostly points, but in few places people map also the whole 'kerb line' "
1000307771,node,not appliable,not appliable,"kerbs are mostly points, but in few places people map also the whole 'kerb line' "
1000307772,node,not appliable,not appliable,"kerbs are mostly points, but in few places people map also the whole 'kerb line' "
1000307775,node,not appliable,not appliable,"kerbs are mostly points, but in few places people map also the whole 'kerb line' "
1000307776,node,not appliable,not appliable,"kerbs are mostly points, but in few places people map also the whole 'kerb line' "
1000307777,node,not appliable,not appliable,"kerbs are mostly points, but in few places people map also the whole 'kerb line' "
1000307778,node,not appliable,not appliable,"kerbs are mostly points, but in few places people map also the whole 'kerb line' "
1001566929,node,not appliable,not appliable,"kerbs are mostly points, but in few places people map also the whole 'kerb line' "
1001566930,node,not appliable,not appliable,"kerbs are mostly points, but in few places people map also the whole 'kerb line' "
1001566931,node,not appliable,not appliable,"kerbs are mostly points, but in few places people map also the whole 'kerb line' "
1001566937,node,not appliable,not appliable,"kerbs are mostly points, but in few places people map also the whole 'kerb line' "
1001566938,node,not appliable,not appliable,"kerbs are mostly points, but in few places people map also the whole 'kerb line' "
1001566939,node,not appliable,not appliable,"kerbs are mostly points, but in few places people map also the whole 'kerb line' "
1001566940,node,not appliable,not appliable,"kerbs are mostly points, but in few places people map also the whole 'kerb line' "
1001566942,node,not appliable,not appliable,"kerbs are mostly points, but in few places people map also the whole 'kerb line' "
1001566943,node,not appliable,not appliable,"kerbs are mostly points, but in few places people map also the whole 'kerb line' "
1001566944,node,not appliable,not appliable,"kerbs are mostly points, but in few places people map also the whole 'kerb line' "
1001566945,node,not appliable,not appliable,"kerbs are mostly points, but in few places people map also the whole 'kerb line' "
1001566952,node,not appliable,not appliable,"kerbs are mostly points, but in few places people map also the whole 'kerb line' "
1001566953,node,not appliable,not appliable,"kerbs are mostly points, but in few places people map also the whole 'kerb line' "
1001566954,node,not appliable,not appliable,"kerbs are mostly points, but in few places people map also the whole 'kerb line' "
1001566955,node,not appliable,not appliable,"kerbs are mostly points, but in few places people map also the whole 'kerb line' "
1001566963,node,not appliable,not appliable,"kerbs are mostly points, but in few places people map also the whole 'kerb line' "
1001566964,node,not appliable,not appliable,"kerbs are mostly points, but in few places people map also the whole 'kerb line' "
1001566965,node,not appliable,not appliable,"kerbs are mostly points, but in few places people map also the whole 'kerb line' "
1001566966,node,not appliable,not appliable,"kerbs are mostly points, but in few places people map also the whole 'kerb line' "
1001566967,node,not appliable,not appliable,"kerbs are mostly points, but in few places people map also the whole 'kerb line' "
1001566974,node,not appliable,not appliable,"kerbs are mostly points, but in few places people map also the whole 'kerb line' "
1001566976,node,not appliable,not appliable,"kerbs are mostly points, but in few places people map also the whole 'kerb line' "
1001566977,node,not appliable,not appliable,"kerbs are mostly points, but in few places people map also the whole 'kerb line' "
1001566978,node,not appliable,not appliable,"kerbs are mostly points, but in few places people map also the whole 'kerb line' "
1001566979,node,not appliable,not appliable,"kerbs are mostly points, but in few places people map also the whole 'kerb line' "
1001566980,node,not appliable,not appliable,"kerbs are mostly points, but in few places people map also the whole 'kerb line' "
1007096367,node,not appliable,not appliable,"kerbs are mostly points, but in few places people map also the whole 'kerb line' "
1007112401,node,not appliable,not appliable,"kerbs are mostly points, but in few places people map also the whole 'kerb line' "
1007112402,node,not appliable,not appliable,"kerbs are mostly points, but in few places people map also the whole 'kerb line' "
1007112403,node,not appliable,not appliable,"kerbs are mostly points, but in few places people map also the whole 'kerb line' "
1007112404,node,not appliable,not appliable,"kerbs are mostly points, but in few places people map also the whole 'kerb line' "
1007112405,node,not appliable,not appliable,"kerbs are mostly points, but in few places people map also the whole 'kerb line' "
1007112406,node,not appliable,not appliable,"kerbs are mostly points, but in few places people map also the whole 'kerb line' "
1007112409,node,not appliable,not appliable,"kerbs are mostly points, but in few places people map also the whole 'kerb line' "
1007112410,node,not appliable,not appliable,"kerbs are mostly points, but in few places people map also the whole 'kerb line' "
1007112411,node,not appliable,not appliable,"kerbs are mostly points, but in few places people map also the whole 'kerb line' "
1007112412,node,not appliable,not appliable,"kerbs are mostly points, but in few places people map also the whole 'kerb line' "
1007112413,node,not appliable,not appliable,"kerbs are mostly points, but in few places people map also the whole 'kerb line' "
1007112414,node,not appliable,not appliable,"kerbs are mostly points, but in few places people map also the whole 'kerb line' "
1017458057,node,not appliable,not appliable,"kerbs are mostly points, but in few places people map also the whole 'kerb line' "
1020883658,node,not appliable,not appliable,"kerbs are mostly points, but in few places people map also the whole 'kerb line' "
1020971124,node,not appliable,not appliable,"kerbs are mostly points, but in few places people map also the whole 'kerb line' "
1020971125,node,not appliable,not appliable,"kerbs are mostly points, but in few places people map also the whole 'kerb line' "
1020971126,node,not appliable,not appliable,"kerbs are mostly points, but in few places people map also the whole 'kerb line' "
1020971127,node,not appliable,not appliable,"kerbs are mostly points, but in few places people map also the whole 'kerb line' "
1020971128,node,not appliable,not appliable,"kerbs are mostly points, but in few places people map also the whole 'kerb line' "
1020971129,node,not appliable,not appliable,"kerbs are mostly points, but in few places people map also the whole 'kerb line' "
1020971130,node,not appliable,not appliable,"kerbs are mostly points, but in few places people map also the whole 'kerb line' "
1020971137,node,not appliable,not appliable,"kerbs are mostly points, but in few places people map also the whole 'kerb line' "
1020971151,node,not appliable,not appliable,"kerbs are mostly points, but in few places people map also the whole 'kerb line' "
1020971152,node,not appliable,not appliable,"kerbs are mostly points, but in few places people map also the whole 'kerb line' "
1020971153,node,not appliable,not appliable,"kerbs are mostly points, but in few places people map also the whole 'kerb line' "
1020971155,node,not appliable,not appliable,"kerbs are mostly points, but in few places people map also the whole 'kerb line' "
1020971156,node,not appliable,not appliable,"kerbs are mostly points, but in few places people map also the whole 'kerb line' "
1020971165,node,not appliable,not appliable,"kerbs are mostly points, but in few places people map also the whole 'kerb line' "
1020971169,node,not appliable,not appliable,"kerbs are mostly points, but in few places people map also the whole 'kerb line' "
1021110780,node,not appliable,not appliable,"kerbs are mostly points, but in few places people map also the whole 'kerb line' "
1021110781,node,not appliable,not appliable,"kerbs are mostly points, but in few places people map also the whole 'kerb line' "
1021110783,node,not appliable,not appliable,"kerbs are mostly points, but in few places people map also the whole 'kerb line' "
1021542877,node,not appliable,not appliable,"kerbs are mostly points, but in few places people map also the whole 'kerb line' "
1021878440,node,not appliable,not appliable,"kerbs are mostly points, but in few places people map also the whole 'kerb line' "
1021878457,node,not appliable,not appliable,"kerbs are mostly points, but in few places people map also the whole 'kerb line' "
1021878458,node,not appliable,not appliable,"kerbs are mostly points, but in few places people map also the whole 'kerb line' "
1021878459,node,not appliable,not appliable,"kerbs are mostly points, but in few places people map also the whole 'kerb line' "
1022396947,node,not appliable,not appliable,"kerbs are mostly points, but in few places people map also the whole 'kerb line' "
1024969983,node,not appliable,not appliable,"kerbs are mostly points, but in few places people map also the whole 'kerb line' "
1034545840,node,not appliable,not appliable,"kerbs are mostly points, but in few places people map also the whole 'kerb line' "
1034545841,node,not appliable,not appliable,"kerbs are mostly points, but in few places people map also the whole 'kerb line' "
1034545842,node,not appliable,not appliable,"kerbs are mostly points, but in few places people map also the whole 'kerb line' "
1034545843,node,not appliable,not appliable,"kerbs are mostly points, but in few places people map also the whole 'kerb line' "
1035218808,node,not appliable,not appliable,"kerbs are mostly points, but in few places people map also the whole 'kerb line' "
1035218809,node,not appliable,not appliable,"kerbs are mostly points, but in few places people map also the whole 'kerb line' "
1035218810,node,not appliable,not appliable,"kerbs are mostly points, but in few places people map also the whole 'kerb line' "
1035218811,node,not appliable,not appliable,"kerbs are mostly points, but in few places people map also the whole 'kerb line' "
1035218812,node,not appliable,not appliable,"kerbs are mostly points, but in few places people map also the whole 'kerb line' "
1035218813,node,not appliable,not appliable,"kerbs are mostly points, but in few places people map also the whole 'kerb line' "
1035218814,node,not appliable,not appliable,"kerbs are mostly points, but in few places people map also the whole 'kerb line' "
1056179558,node,not appliable,not appliable,"kerbs are mostly points, but in few places people map also the whole 'kerb line' "
1058324170,node,not appliable,not appliable,"kerbs are mostly points, but in few places people map also the whole 'kerb line' "
1061715300,node,not appliable,not appliable,"kerbs are mostly points, but in few places people map also the whole 'kerb line' "
1062013028,node,not appliable,not appliable,"kerbs are mostly points, but in few places people map also the whole 'kerb line' "
1062304488,node,not appliable,not appliable,"kerbs are mostly points, but in few places people map also the whole 'kerb line' "
1062352500,node,not appliable,not appliable,"kerbs are mostly points, but in few places people map also the whole 'kerb line' "
1062352501,node,not appliable,not appliable,"kerbs are mostly points, but in few places people map also the whole 'kerb line' "
1062360192,node,not appliable,not appliable,"kerbs are mostly points, but in few places people map also the whole 'kerb line' "
1062360194,node,not appliable,not appliable,"kerbs are mostly points, but in few places people map also the whole 'kerb line' "
1062360197,node,not appliable,not appliable,"kerbs are mostly points, but in few places people map also the whole 'kerb line' "
1062360199,node,not appliable,not appliable,"kerbs are mostly points, but in few places people map also the whole 'kerb line' "
1063326505,node,not appliable,not appliable,"kerbs are mostly points, but in few places people map also the whole 'kerb line' "
1063326507,node,not appliable,not appliable,"kerbs are mostly points, but in few places people map also the whole 'kerb line' "
1063535708,node,not appliable,not appliable,"kerbs are mostly points, but in few places people map also the whole 'kerb line' "
1063610484,node,not appliable,not appliable,"kerbs are mostly points, but in few places people map also the whole 'kerb line' "
1063610486,node,not appliable,not appliable,"kerbs are mostly points, but in few places people map also the whole 'kerb line' "
1068984963,node,not appliable,not appliable,"kerbs are mostly points, but in few places people map also the whole 'kerb line' "
1068984964,node,not appliable,not appliable,"kerbs are mostly points, but in few places people map also the whole 'kerb line' "
1082712305,node,not appliable,not appliable,"kerbs are mostly points, but in few places people map also the whole 'kerb line' "
1082712307,node,not appliable,not appliable,"kerbs are mostly points, but in few places people map also the whole 'kerb line' "
1082712309,node,not appliable,not appliable,"kerbs are mostly points, but in few places people map also the whole 'kerb line' "
1086315745,node,not appliable,not appliable,"kerbs are mostly points, but in few places people map also the whole 'kerb line' "
1086315845,node,not appliable,not appliable,"kerbs are mostly points, but in few places people map also the whole 'kerb line' "
1086315846,node,not appliable,not appliable,"kerbs are mostly points, but in few places people map also the whole 'kerb line' "
1086315847,node,not appliable,not appliable,"kerbs are mostly points, but in few places people map also the whole 'kerb line' "
1086315848,node,not appliable,not appliable,"kerbs are mostly points, but in few places people map also the whole 'kerb line' "
1106669585,node,not appliable,not appliable,"kerbs are mostly points, but in few places people map also the whole 'kerb line' "
1106669586,node,not appliable,not appliable,"kerbs are mostly points, but in few places people map also the whole 'kerb line' "
1106669587,node,not appliable,not appliable,"kerbs are mostly points, but in few places people map also the whole 'kerb line' "
1125808587,node,not appliable,not appliable,"kerbs are mostly points, but in few places people map also the whole 'kerb line' "
1149892688,node,not appliable,not appliable,"kerbs are mostly points, but in few places people map also the whole 'kerb line' "
1149892689,node,not appliable,not appliable,"kerbs are mostly points, but in few places people map also the whole 'kerb line' "
1149892704,node,not appliable,not appliable,"kerbs are mostly points, but in few places people map also the whole 'kerb line' "
1149892705,node,not appliable,not appliable,"kerbs are mostly points, but in few places people map also the whole 'kerb line' "
1149923483,node,not appliable,not appliable,"kerbs are mostly points, but in few places people map also the whole 'kerb line' "
1149948886,node,not appliable,not appliable,"kerbs are mostly points, but in few places people map also the whole 'kerb line' "
1149953587,node,not appliable,not appliable,"kerbs are mostly points, but in few places people map also the whole 'kerb line' "
1150436562,node,not appliable,not appliable,"kerbs are mostly points, but in few places people map also the whole 'kerb line' "
1150436563,node,not appliable,not appliable,"kerbs are mostly points, but in few places people map also the whole 'kerb line' "
1150436564,node,not appliable,not appliable,"kerbs are mostly points, but in few places people map also the whole 'kerb line' "
1150436565,node,not appliable,not appliable,"kerbs are mostly points, but in few places people map also the whole 'kerb line' "
1150436566,node,not appliable,not appliable,"kerbs are mostly points, but in few places people map also the whole 'kerb line' "
1150436567,node,not appliable,not appliable,"kerbs are mostly points, but in few places people map also the whole 'kerb line' "
1150436568,node,not appliable,not appliable,"kerbs are mostly points, but in few places people map also the whole 'kerb line' "
1163421241,node,not appliable,not appliable,"kerbs are mostly points, but in few places people map also the whole 'kerb line' "
1169455865,node,not appliable,not appliable,"kerbs are mostly points, but in few places people map also the whole 'kerb line' "
1181770410,node,not appliable,not appliable,"kerbs are mostly points, but in few places people map also the whole 'kerb line' "
1185785052,node,not appliable,not appliable,"kerbs are mostly points, but in few places people map also the whole 'kerb line' "
1217369837,node,not appliable,not appliable,"kerbs are mostly points, but in few places people map also the whole 'kerb line' "
1226042272,node,not appliable,not appliable,"kerbs are mostly points, but in few places people map also the whole 'kerb line' "
1226042273,node,not appliable,not appliable,"kerbs are mostly points, but in few places people map also the whole 'kerb line' "
1226043434,node,not appliable,not appliable,"kerbs are mostly points, but in few places people map also the whole 'kerb line' "
1226530081,node,not appliable,not appliable,"kerbs are mostly points, but in few places people map also the whole 'kerb line' "
1226530082,node,not appliable,not appliable,"kerbs are mostly points, but in few places people map also the whole 'kerb line' "
1226530083,node,not appliable,not appliable,"kerbs are mostly points, but in few places people map also the whole 'kerb line' "
1226530084,node,not appliable,not appliable,"kerbs are mostly points, but in few places people map also the whole 'kerb line' "
1226530085,node,not appliable,not appliable,"kerbs are mostly points, but in few places people map also the whole 'kerb line' "
1227111669,node,not appliable,not appliable,"kerbs are mostly points, but in few places people map also the whole 'kerb line' "
1227111682,node,not appliable,not appliable,"kerbs are mostly points, but in few places people map also the whole 'kerb line' "
1227232360,node,not appliable,not appliable,"kerbs are mostly points, but in few places people map also the whole 'kerb line' "
1227232361,node,not appliable,not appliable,"kerbs are mostly points, but in few places people map also the whole 'kerb line' "
1227232362,node,not appliable,not appliable,"kerbs are mostly points, but in few places people map also the whole 'kerb line' "
1227405298,node,not appliable,not appliable,"kerbs are mostly points, but in few places people map also the whole 'kerb line' "
1227405301,node,not appliable,not appliable,"kerbs are mostly points, but in few places people map also the whole 'kerb line' "
1228691217,node,not appliable,not appliable,"kerbs are mostly points, but in few places people map also the whole 'kerb line' "
1241021446,node,not appliable,not appliable,"kerbs are mostly points, but in few places people map also the whole 'kerb line' "
1241021447,node,not appliable,not appliable,"kerbs are mostly points, but in few places people map also the whole 'kerb line' "
1241021448,node,not appliable,not appliable,"kerbs are mostly points, but in few places people map also the whole 'kerb line' "
1241021449,node,not appliable,not appliable,"kerbs are mostly points, but in few places people map also the whole 'kerb line' "
1241021450,node,not appliable,not appliable,"kerbs are mostly points, but in few places people map also the whole 'kerb line' "
1241021451,node,not appliable,not appliable,"kerbs are mostly points, but in few places people map also the whole 'kerb line' "
1241021452,node,not appliable,not appliable,"kerbs are mostly points, but in few places people map also the whole 'kerb line' "
1241021453,node,not appliable,not appliable,"kerbs are mostly points, but in few places people map also the whole 'kerb line' "
1241021454,node,not appliable,not appliable,"kerbs are mostly points, but in few places people map also the whole 'kerb line' "
1241021455,node,not appliable,not appliable,"kerbs are mostly points, but in few places people map also the whole 'kerb line' "
1241021462,node,not appliable,not appliable,"kerbs are mostly points, but in few places people map also the whole 'kerb line' "
1241021463,node,not appliable,not appliable,"kerbs are mostly points, but in few places people map also the whole 'kerb line' "
1241021464,node,not appliable,not appliable,"kerbs are mostly points, but in few places people map also the whole 'kerb line' "
1241021465,node,not appliable,not appliable,"kerbs are mostly points, but in few places people map also the whole 'kerb line' "
1241021466,node,not appliable,not appliable,"kerbs are mostly points, but in few places people map also the whole 'kerb line' "
1241021467,node,not appliable,not appliable,"kerbs are mostly points, but in few places people map also the whole 'kerb line' "
1241021468,node,not appliable,not appliable,"kerbs are mostly points, but in few places people map also the whole 'kerb line' "
1241021469,node,not appliable,not appliable,"kerbs are mostly points, but in few places people map also the whole 'kerb line' "
1241021470,node,not appliable,not appliable,"kerbs are mostly points, but in few places people map also the whole 'kerb line' "
1241021481,node,not appliable,not appliable,"kerbs are mostly points, but in few places people map also the whole 'kerb line' "
1241021482,node,not appliable,not appliable,"kerbs are mostly points, but in few places people map also the whole 'kerb line' "
1241021483,node,not appliable,not appliable,"kerbs are mostly points, but in few places people map also the whole 'kerb line' "
1241021484,node,not appliable,not appliable,"kerbs are mostly points, but in few places people map also the whole 'kerb line' "
1241031555,node,not appliable,not appliable,"kerbs are mostly points, but in few places people map also the whole 'kerb line' "
1241039832,node,not appliable,not appliable,"kerbs are mostly points, but in few places people map also the whole 'kerb line' "
1241039833,node,not appliable,not appliable,"kerbs are mostly points, but in few places people map also the whole 'kerb line' "
1241039834,node,not appliable,not appliable,"kerbs are mostly points, but in few places people map also the whole 'kerb line' "
1241039835,node,not appliable,not appliable,"kerbs are mostly points, but in few places people map also the whole 'kerb line' "
1241348506,node,not appliable,not appliable,"kerbs are mostly points, but in few places people map also the whole 'kerb line' "
1241348507,node,not appliable,not appliable,"kerbs are mostly points, but in few places people map also the whole 'kerb line' "
1241637135,node,not appliable,not appliable,"kerbs are mostly points, but in few places people map also the whole 'kerb line' "
1241730745,node,not appliable,not appliable,"kerbs are mostly points, but in few places people map also the whole 'kerb line' "
1241730746,node,not appliable,not appliable,"kerbs are mostly points, but in few places people map also the whole 'kerb line' "
1241730747,node,not appliable,not appliable,"kerbs are mostly points, but in few places people map also the whole 'kerb line' "
1241730761,node,not appliable,not appliable,"kerbs are mostly points, but in few places people map also the whole 'kerb line' "
1243454362,node,not appliable,not appliable,"kerbs are mostly points, but in few places people map also the whole 'kerb line' "
1262169059,node,not appliable,not appliable,"kerbs are mostly points, but in few places people map also the whole 'kerb line' "
1262170769,node,not appliable,not appliable,"kerbs are mostly points, but in few places people map also the whole 'kerb line' "
1262170770,node,not appliable,not appliable,"kerbs are mostly points, but in few places people map also the whole 'kerb line' "
1262176922,node,not appliable,not appliable,"kerbs are mostly points, but in few places people map also the whole 'kerb line' "
1263590704,node,not appliable,not appliable,"kerbs are mostly points, but in few places people map also the whole 'kerb line' "
1263590705,node,not appliable,not appliable,"kerbs are mostly points, but in few places people map also the whole 'kerb line' "
1263590706,node,not appliable,not appliable,"kerbs are mostly points, but in few places people map also the whole 'kerb line' "
1263590707,node,not appliable,not appliable,"kerbs are mostly points, but in few places people map also the whole 'kerb line' "
1263590708,node,not appliable,not appliable,"kerbs are mostly points, but in few places people map also the whole 'kerb line' "
1263590709,node,not appliable,not appliable,"kerbs are mostly points, but in few places people map also the whole 'kerb line' "
1263590710,node,not appliable,not appliable,"kerbs are mostly points, but in few places people map also the whole 'kerb line' "
1263590711,node,not appliable,not appliable,"kerbs are mostly points, but in few places people map also the whole 'kerb line' "
1263590712,node,not appliable,not appliable,"kerbs are mostly points, but in few places people map also the whole 'kerb line' "
1263590713,node,not appliable,not appliable,"kerbs are mostly points, but in few places people map also the whole 'kerb line' "
1263590714,node,not appliable,not appliable,"kerbs are mostly points, but in few places people map also the whole 'kerb line' "
1263590715,node,not appliable,not appliable,"kerbs are mostly points, but in few places people map also the whole 'kerb line' "
1263590717,node,not appliable,not appliable,"kerbs are mostly points, but in few places people map also the whole 'kerb line' "
1263590721,node,not appliable,not appliable,"kerbs are mostly points, but in few places people map also the whole 'kerb line' "
1263590722,node,not appliable,not appliable,"kerbs are mostly points, but in few places people map also the whole 'kerb line' "
1263590723,node,not appliable,not appliable,"kerbs are mostly points, but in few places people map also the whole 'kerb line' "
1263593392,node,not appliable,not appliable,"kerbs are mostly points, but in few places people map also the whole 'kerb line' "
1263593393,node,not appliable,not appliable,"kerbs are mostly points, but in few places people map also the whole 'kerb line' "
1263593395,node,not appliable,not appliable,"kerbs are mostly points, but in few places people map also the whole 'kerb line' "
1263593396,node,not appliable,not appliable,"kerbs are mostly points, but in few places people map also the whole 'kerb line' "
1263593397,node,not appliable,not appliable,"kerbs are mostly points, but in few places people map also the whole 'kerb line' "
1263593398,node,not appliable,not appliable,"kerbs are mostly points, but in few places people map also the whole 'kerb line' "
1263593399,node,not appliable,not appliable,"kerbs are mostly points, but in few places people map also the whole 'kerb line' "
1263593400,node,not appliable,not appliable,"kerbs are mostly points, but in few places people map also the whole 'kerb line' "
1263593402,node,not appliable,not appliable,"kerbs are mostly points, but in few places people map also the whole 'kerb line' "
1263593404,node,not appliable,not appliable,"kerbs are mostly points, but in few places people map also the whole 'kerb line' "
1263593405,node,not appliable,not appliable,"kerbs are mostly points, but in few places people map also the whole 'kerb line' "
1263597392,node,not appliable,not appliable,"kerbs are mostly points, but in few places people map also the whole 'kerb line' "
1263597396,node,not appliable,not appliable,"kerbs are mostly points, but in few places people map also the whole 'kerb line' "
1263735019,node,not appliable,not appliable,"kerbs are mostly points, but in few places people map also the whole 'kerb line' "
1263735020,node,not appliable,not appliable,"kerbs are mostly points, but in few places people map also the whole 'kerb line' "
1263744722,node,not appliable,not appliable,"kerbs are mostly points, but in few places people map also the whole 'kerb line' "
1263744723,node,not appliable,not appliable,"kerbs are mostly points, but in few places people map also the whole 'kerb line' "
1263744724,node,not appliable,not appliable,"kerbs are mostly points, but in few places people map also the whole 'kerb line' "
1263744725,node,not appliable,not appliable,"kerbs are mostly points, but in few places people map also the whole 'kerb line' "
1263744726,node,not appliable,not appliable,"kerbs are mostly points, but in few places people map also the whole 'kerb line' "
1263744727,node,not appliable,not appliable,"kerbs are mostly points, but in few places people map also the whole 'kerb line' "
1263744728,node,not appliable,not appliable,"kerbs are mostly points, but in few places people map also the whole 'kerb line' "
1263744730,node,not appliable,not appliable,"kerbs are mostly points, but in few places people map also the whole 'kerb line' "
1263744733,node,not appliable,not appliable,"kerbs are mostly points, but in few places people map also the whole 'kerb line' "
1263744734,node,not appliable,not appliable,"kerbs are mostly points, but in few places people map also the whole 'kerb line' "
1263749141,node,not appliable,not appliable,"kerbs are mostly points, but in few places people map also the whole 'kerb line' "
1263749142,node,not appliable,not appliable,"kerbs are mostly points, but in few places people map also the whole 'kerb line' "
1263749170,node,not appliable,not appliable,"kerbs are mostly points, but in few places people map also the whole 'kerb line' "
1263749173,node,not appliable,not appliable,"kerbs are mostly points, but in few places people map also the whole 'kerb line' "
1263749174,node,not appliable,not appliable,"kerbs are mostly points, but in few places people map also the whole 'kerb line' "
1263753634,node,not appliable,not appliable,"kerbs are mostly points, but in few places people map also the whole 'kerb line' "
1263753635,node,not appliable,not appliable,"kerbs are mostly points, but in few places people map also the whole 'kerb line' "
1263753640,node,not appliable,not appliable,"kerbs are mostly points, but in few places people map also the whole 'kerb line' "
1263851959,node,not appliable,not appliable,"kerbs are mostly points, but in few places people map also the whole 'kerb line' "
1263880211,node,not appliable,not appliable,"kerbs are mostly points, but in few places people map also the whole 'kerb line' "
1263880224,node,not appliable,not appliable,"kerbs are mostly points, but in few places people map also the whole 'kerb line' "
1263880231,node,not appliable,not appliable,"kerbs are mostly points, but in few places people map also the whole 'kerb line' "
1263880237,node,not appliable,not appliable,"kerbs are mostly points, but in few places people map also the whole 'kerb line' "
1263880238,node,not appliable,not appliable,"kerbs are mostly points, but in few places people map also the whole 'kerb line' "
1263880244,node,not appliable,not appliable,"kerbs are mostly points, but in few places people map also the whole 'kerb line' "
1263880251,node,not appliable,not appliable,"kerbs are mostly points, but in few places people map also the whole 'kerb line' "
1263880253,node,not appliable,not appliable,"kerbs are mostly points, but in few places people map also the whole 'kerb line' "
1263880256,node,not appliable,not appliable,"kerbs are mostly points, but in few places people map also the whole 'kerb line' "
1263885763,node,not appliable,not appliable,"kerbs are mostly points, but in few places people map also the whole 'kerb line' "
1263885774,node,not appliable,not appliable,"kerbs are mostly points, but in few places people map also the whole 'kerb line' "
1263885775,node,not appliable,not appliable,"kerbs are mostly points, but in few places people map also the whole 'kerb line' "
1263885776,node,not appliable,not appliable,"kerbs are mostly points, but in few places people map also the whole 'kerb line' "
1264495612,node,not appliable,not appliable,"kerbs are mostly points, but in few places people map also the whole 'kerb line' "
1264495613,node,not appliable,not appliable,"kerbs are mostly points, but in few places people map also the whole 'kerb line' "
1264495614,node,not appliable,not appliable,"kerbs are mostly points, but in few places people map also the whole 'kerb line' "
1264495616,node,not appliable,not appliable,"kerbs are mostly points, but in few places people map also the whole 'kerb line' "
1264495617,node,not appliable,not appliable,"kerbs are mostly points, but in few places people map also the whole 'kerb line' "
1264495631,node,not appliable,not appliable,"kerbs are mostly points, but in few places people map also the whole 'kerb line' "
1264495632,node,not appliable,not appliable,"kerbs are mostly points, but in few places people map also the whole 'kerb line' "
1264495633,node,not appliable,not appliable,"kerbs are mostly points, but in few places people map also the whole 'kerb line' "
1264495635,node,not appliable,not appliable,"kerbs are mostly points, but in few places people map also the whole 'kerb line' "
1264495636,node,not appliable,not appliable,"kerbs are mostly points, but in few places people map also the whole 'kerb line' "
1279076415,node,not appliable,not appliable,"kerbs are mostly points, but in few places people map also the whole 'kerb line' "
1279076416,node,not appliable,not appliable,"kerbs are mostly points, but in few places people map also the whole 'kerb line' "
1279076417,node,not appliable,not appliable,"kerbs are mostly points, but in few places people map also the whole 'kerb line' "
1295851050,node,not appliable,not appliable,"kerbs are mostly points, but in few places people map also the whole 'kerb line' "
1305652669,node,not appliable,not appliable,"kerbs are mostly points, but in few places people map also the whole 'kerb line' "
1308016584,node,not appliable,not appliable,"kerbs are mostly points, but in few places people map also the whole 'kerb line' "
1308016585,node,not appliable,not appliable,"kerbs are mostly points, but in few places people map also the whole 'kerb line' "
1308016586,node,not appliable,not appliable,"kerbs are mostly points, but in few places people map also the whole 'kerb line' "
1308016587,node,not appliable,not appliable,"kerbs are mostly points, but in few places people map also the whole 'kerb line' "
1314862862,node,not appliable,not appliable,"kerbs are mostly points, but in few places people map also the whole 'kerb line' "
1314862863,node,not appliable,not appliable,"kerbs are mostly points, but in few places people map also the whole 'kerb line' "
1314862864,node,not appliable,not appliable,"kerbs are mostly points, but in few places people map also the whole 'kerb line' "
1447357881,node,not appliable,not appliable,"kerbs are mostly points, but in few places people map also the whole 'kerb line' "
1447357882,node,not appliable,not appliable,"kerbs are mostly points, but in few places people map also the whole 'kerb line' "
1447357883,node,not appliable,not appliable,"kerbs are mostly points, but in few places people map also the whole 'kerb line' "
1527909764,node,not appliable,not appliable,"kerbs are mostly points, but in few places people map also the whole 'kerb line' "
1527909765,node,not appliable,not appliable,"kerbs are mostly points, but in few places people map also the whole 'kerb line' "
1528686005,node,not appliable,not appliable,"kerbs are mostly points, but in few places people map also the whole 'kerb line' "
1543828299,node,not appliable,not appliable,"kerbs are mostly points, but in few places people map also the whole 'kerb line' "
1553284144,node,not appliable,not appliable,"kerbs are mostly points, but in few places people map also the whole 'kerb line' "
