osm_id,feat_type,key,value,commentary
4605974,way,not appliable,not appliable,this crossing intersects fewer than 2 kerbs. Generally each crossing should connect to at least 2 kerbs.
4628327,way,not appliable,not appliable,this crossing intersects fewer than 2 kerbs. Generally each crossing should connect to at least 2 kerbs.
24438457,way,not appliable,not appliable,this crossing intersects fewer than 2 kerbs. Generally each crossing should connect to at least 2 kerbs.
48800451,way,not appliable,not appliable,this crossing intersects fewer than 2 kerbs. Generally each crossing should connect to at least 2 kerbs.
69916186,way,not appliable,not appliable,this crossing intersects fewer than 2 kerbs. Generally each crossing should connect to at least 2 kerbs.
102296661,way,not appliable,not appliable,this crossing intersects fewer than 2 kerbs. Generally each crossing should connect to at least 2 kerbs.
108165779,way,not appliable,not appliable,this crossing intersects fewer than 2 kerbs. Generally each crossing should connect to at least 2 kerbs.
109816180,way,not appliable,not appliable,this crossing intersects fewer than 2 kerbs. Generally each crossing should connect to at least 2 kerbs.
111488702,way,not appliable,not appliable,this crossing intersects fewer than 2 kerbs. Generally each crossing should connect to at least 2 kerbs.
111695468,way,not appliable,not appliable,this crossing intersects fewer than 2 kerbs. Generally each crossing should connect to at least 2 kerbs.
111695482,way,not appliable,not appliable,this crossing intersects fewer than 2 kerbs. Generally each crossing should connect to at least 2 kerbs.
113695719,way,not appliable,not appliable,this crossing intersects fewer than 2 kerbs. Generally each crossing should connect to at least 2 kerbs.
118251661,way,not appliable,not appliable,this crossing intersects fewer than 2 kerbs. Generally each crossing should connect to at least 2 kerbs.
118664747,way,not appliable,not appliable,this crossing intersects fewer than 2 kerbs. Generally each crossing should connect to at least 2 kerbs.
118664749,way,not appliable,not appliable,this crossing intersects fewer than 2 kerbs. Generally each crossing should connect to at least 2 kerbs.
118749681,way,not appliable,not appliable,this crossing intersects fewer than 2 kerbs. Generally each crossing should connect to at least 2 kerbs.
118749705,way,not appliable,not appliable,this crossing intersects fewer than 2 kerbs. Generally each crossing should connect to at least 2 kerbs.
118881268,way,not appliable,not appliable,this crossing intersects fewer than 2 kerbs. Generally each crossing should connect to at least 2 kerbs.
118881293,way,not appliable,not appliable,this crossing intersects fewer than 2 kerbs. Generally each crossing should connect to at least 2 kerbs.
119305478,way,not appliable,not appliable,this crossing intersects fewer than 2 kerbs. Generally each crossing should connect to at least 2 kerbs.
120101939,way,not appliable,not appliable,this crossing intersects fewer than 2 kerbs. Generally each crossing should connect to at least 2 kerbs.
120101961,way,not appliable,not appliable,this crossing intersects fewer than 2 kerbs. Generally each crossing should connect to at least 2 kerbs.
120235991,way,not appliable,not appliable,this crossing intersects fewer than 2 kerbs. Generally each crossing should connect to at least 2 kerbs.
120320831,way,not appliable,not appliable,this crossing intersects fewer than 2 kerbs. Generally each crossing should connect to at least 2 kerbs.
120320840,way,not appliable,not appliable,this crossing intersects fewer than 2 kerbs. Generally each crossing should connect to at least 2 kerbs.
122589060,way,not appliable,not appliable,this crossing intersects fewer than 2 kerbs. Generally each crossing should connect to at least 2 kerbs.
122589066,way,not appliable,not appliable,this crossing intersects fewer than 2 kerbs. Generally each crossing should connect to at least 2 kerbs.
122589075,way,not appliable,not appliable,this crossing intersects fewer than 2 kerbs. Generally each crossing should connect to at least 2 kerbs.
124064677,way,not appliable,not appliable,this crossing intersects fewer than 2 kerbs. Generally each crossing should connect to at least 2 kerbs.
124612644,way,not appliable,not appliable,this crossing intersects fewer than 2 kerbs. Generally each crossing should connect to at least 2 kerbs.
124612655,way,not appliable,not appliable,this crossing intersects fewer than 2 kerbs. Generally each crossing should connect to at least 2 kerbs.
124612668,way,not appliable,not appliable,this crossing intersects fewer than 2 kerbs. Generally each crossing should connect to at least 2 kerbs.
124634114,way,not appliable,not appliable,this crossing intersects fewer than 2 kerbs. Generally each crossing should connect to at least 2 kerbs.
124634130,way,not appliable,not appliable,this crossing intersects fewer than 2 kerbs. Generally each crossing should connect to at least 2 kerbs.
124659992,way,not appliable,not appliable,this crossing intersects fewer than 2 kerbs. Generally each crossing should connect to at least 2 kerbs.
124738098,way,not appliable,not appliable,this crossing intersects fewer than 2 kerbs. Generally each crossing should connect to at least 2 kerbs.
124798347,way,not appliable,not appliable,this crossing intersects fewer than 2 kerbs. Generally each crossing should connect to at least 2 kerbs.
124798365,way,not appliable,not appliable,this crossing intersects fewer than 2 kerbs. Generally each crossing should connect to at least 2 kerbs.
124804407,way,not appliable,not appliable,this crossing intersects fewer than 2 kerbs. Generally each crossing should connect to at least 2 kerbs.
128829172,way,not appliable,not appliable,this crossing intersects fewer than 2 kerbs. Generally each crossing should connect to at least 2 kerbs.
128829181,way,not appliable,not appliable,this crossing intersects fewer than 2 kerbs. Generally each crossing should connect to at least 2 kerbs.
128909013,way,not appliable,not appliable,this crossing intersects fewer than 2 kerbs. Generally each crossing should connect to at least 2 kerbs.
128943031,way,not appliable,not appliable,this crossing intersects fewer than 2 kerbs. Generally each crossing should connect to at least 2 kerbs.
128980476,way,not appliable,not appliable,this crossing intersects fewer than 2 kerbs. Generally each crossing should connect to at least 2 kerbs.
131597542,way,not appliable,not appliable,this crossing intersects fewer than 2 kerbs. Generally each crossing should connect to at least 2 kerbs.
133355774,way,not appliable,not appliable,this crossing intersects fewer than 2 kerbs. Generally each crossing should connect to at least 2 kerbs.
133915191,way,not appliable,not appliable,this crossing intersects fewer than 2 kerbs. Generally each crossing should connect to at least 2 kerbs.
133915923,way,not appliable,not appliable,this crossing intersects fewer than 2 kerbs. Generally each crossing should connect to at least 2 kerbs.
135175588,way,not appliable,not appliable,this crossing intersects fewer than 2 kerbs. Generally each crossing should connect to at least 2 kerbs.
135311787,way,not appliable,not appliable,this crossing intersects fewer than 2 kerbs. Generally each crossing should connect to at least 2 kerbs.
135311801,way,not appliable,not appliable,this crossing intersects fewer than 2 kerbs. Generally each crossing should connect to at least 2 kerbs.
135311822,way,not appliable,not appliable,this crossing intersects fewer than 2 kerbs. Generally each crossing should connect to at least 2 kerbs.
135344064,way,not appliable,not appliable,this crossing intersects fewer than 2 kerbs. Generally each crossing should connect to at least 2 kerbs.
135344070,way,not appliable,not appliable,this crossing intersects fewer than 2 kerbs. Generally each crossing should connect to at least 2 kerbs.
135344074,way,not appliable,not appliable,this crossing intersects fewer than 2 kerbs. Generally each crossing should connect to at least 2 kerbs.
135344076,way,not appliable,not appliable,this crossing intersects fewer than 2 kerbs. Generally each crossing should connect to at least 2 kerbs.
135344086,way,not appliable,not appliable,this crossing intersects fewer than 2 kerbs. Generally each crossing should connect to at least 2 kerbs.
135344088,way,not appliable,not appliable,this crossing intersects fewer than 2 kerbs. Generally each crossing should connect to at least 2 kerbs.
135344089,way,not appliable,not appliable,this crossing intersects fewer than 2 kerbs. Generally each crossing should connect to at least 2 kerbs.
135344090,way,not appliable,not appliable,this crossing intersects fewer than 2 kerbs. Generally each crossing should connect to at least 2 kerbs.
135344092,way,not appliable,not appliable,this crossing intersects fewer than 2 kerbs. Generally each crossing should connect to at least 2 kerbs.
136540524,way,not appliable,not appliable,this crossing intersects fewer than 2 kerbs. Generally each crossing should connect to at least 2 kerbs.
137465285,way,not appliable,not appliable,this crossing intersects fewer than 2 kerbs. Generally each crossing should connect to at least 2 kerbs.
137465293,way,not appliable,not appliable,this crossing intersects fewer than 2 kerbs. Generally each crossing should connect to at least 2 kerbs.
158984201,way,not appliable,not appliable,this crossing intersects fewer than 2 kerbs. Generally each crossing should connect to at least 2 kerbs.
161366539,way,not appliable,not appliable,this crossing intersects fewer than 2 kerbs. Generally each crossing should connect to at least 2 kerbs.
170773877,way,not appliable,not appliable,this crossing intersects fewer than 2 kerbs. Generally each crossing should connect to at least 2 kerbs.
170773879,way,not appliable,not appliable,this crossing intersects fewer than 2 kerbs. Generally each crossing should connect to at least 2 kerbs.
177180574,way,not appliable,not appliable,this crossing intersects fewer than 2 kerbs. Generally each crossing should connect to at least 2 kerbs.
177180575,way,not appliable,not appliable,this crossing intersects fewer than 2 kerbs. Generally each crossing should connect to at least 2 kerbs.
178078932,way,not appliable,not appliable,this crossing intersects fewer than 2 kerbs. Generally each crossing should connect to at least 2 kerbs.
183072081,way,not appliable,not appliable,this crossing intersects fewer than 2 kerbs. Generally each crossing should connect to at least 2 kerbs.
184090109,way,not appliable,not appliable,this crossing intersects fewer than 2 kerbs. Generally each crossing should connect to at least 2 kerbs.
189529752,way,not appliable,not appliable,this crossing intersects fewer than 2 kerbs. Generally each crossing should connect to at least 2 kerbs.
189529754,way,not appliable,not appliable,this crossing intersects fewer than 2 kerbs. Generally each crossing should connect to at least 2 kerbs.
189529759,way,not appliable,not appliable,this crossing intersects fewer than 2 kerbs. Generally each crossing should connect to at least 2 kerbs.
195364512,way,not appliable,not appliable,this crossing intersects fewer than 2 kerbs. Generally each crossing should connect to at least 2 kerbs.
195364526,way,not appliable,not appliable,this crossing intersects fewer than 2 kerbs. Generally each crossing should connect to at least 2 kerbs.
224446820,way,not appliable,not appliable,this crossing intersects fewer than 2 kerbs. Generally each crossing should connect to at least 2 kerbs.
224742791,way,not appliable,not appliable,this crossing intersects fewer than 2 kerbs. Generally each crossing should connect to at least 2 kerbs.
224742796,way,not appliable,not appliable,this crossing intersects fewer than 2 kerbs. Generally each crossing should connect to at least 2 kerbs.
225300395,way,not appliable,not appliable,this crossing intersects fewer than 2 kerbs. Generally each crossing should connect to at least 2 kerbs.
225977934,way,not appliable,not appliable,this crossing intersects fewer than 2 kerbs. Generally each crossing should connect to at least 2 kerbs.
227099540,way,not appliable,not appliable,this crossing intersects fewer than 2 kerbs. Generally each crossing should connect to at least 2 kerbs.
227099543,way,not appliable,not appliable,this crossing intersects fewer than 2 kerbs. Generally each crossing should connect to at least 2 kerbs.
228288277,way,not appliable,not appliable,this crossing intersects fewer than 2 kerbs. Generally each crossing should connect to at least 2 kerbs.
237581781,way,not appliable,not appliable,this crossing intersects fewer than 2 kerbs. Generally each crossing should connect to at least 2 kerbs.
237581782,way,not appliable,not appliable,this crossing intersects fewer than 2 kerbs. Generally each crossing should connect to at least 2 kerbs.
237581786,way,not appliable,not appliable,this crossing intersects fewer than 2 kerbs. Generally each crossing should connect to at least 2 kerbs.
237750183,way,not appliable,not appliable,this crossing intersects fewer than 2 kerbs. Generally each crossing should connect to at least 2 kerbs.
238862029,way,not appliable,not appliable,this crossing intersects fewer than 2 kerbs. Generally each crossing should connect to at least 2 kerbs.
238862039,way,not appliable,not appliable,this crossing intersects fewer than 2 kerbs. Generally each crossing should connect to at least 2 kerbs.
241264282,way,not appliable,not appliable,this crossing intersects fewer than 2 kerbs. Generally each crossing should connect to at least 2 kerbs.
253029453,way,not appliable,not appliable,this crossing intersects fewer than 2 kerbs. Generally each crossing should connect to at least 2 kerbs.
254701919,way,not appliable,not appliable,this crossing intersects fewer than 2 kerbs. Generally each crossing should connect to at least 2 kerbs.
254701923,way,not appliable,not appliable,this crossing intersects fewer than 2 kerbs. Generally each crossing should connect to at least 2 kerbs.
254701925,way,not appliable,not appliable,this crossing intersects fewer than 2 kerbs. Generally each crossing should connect to at least 2 kerbs.
254701926,way,not appliable,not appliable,this crossing intersects fewer than 2 kerbs. Generally each crossing should connect to at least 2 kerbs.
254701928,way,not appliable,not appliable,this crossing intersects fewer than 2 kerbs. Generally each crossing should connect to at least 2 kerbs.
254701930,way,not appliable,not appliable,this crossing intersects fewer than 2 kerbs. Generally each crossing should connect to at least 2 kerbs.
254701932,way,not appliable,not appliable,this crossing intersects fewer than 2 kerbs. Generally each crossing should connect to at least 2 kerbs.
254701934,way,not appliable,not appliable,this crossing intersects fewer than 2 kerbs. Generally each crossing should connect to at least 2 kerbs.
254701937,way,not appliable,not appliable,this crossing intersects fewer than 2 kerbs. Generally each crossing should connect to at least 2 kerbs.
254701938,way,not appliable,not appliable,this crossing intersects fewer than 2 kerbs. Generally each crossing should connect to at least 2 kerbs.
254701939,way,not appliable,not appliable,this crossing intersects fewer than 2 kerbs. Generally each crossing should connect to at least 2 kerbs.
258545380,way,not appliable,not appliable,this crossing intersects fewer than 2 kerbs. Generally each crossing should connect to at least 2 kerbs.
259273990,way,not appliable,not appliable,this crossing intersects fewer than 2 kerbs. Generally each crossing should connect to at least 2 kerbs.
264635425,way,not appliable,not appliable,this crossing intersects fewer than 2 kerbs. Generally each crossing should connect to at least 2 kerbs.
264635428,way,not appliable,not appliable,this crossing intersects fewer than 2 kerbs. Generally each crossing should connect to at least 2 kerbs.
264648686,way,not appliable,not appliable,this crossing intersects fewer than 2 kerbs. Generally each crossing should connect to at least 2 kerbs.
267226142,way,not appliable,not appliable,this crossing intersects fewer than 2 kerbs. Generally each crossing should connect to at least 2 kerbs.
273182763,way,not appliable,not appliable,this crossing intersects fewer than 2 kerbs. Generally each crossing should connect to at least 2 kerbs.
273182765,way,not appliable,not appliable,this crossing intersects fewer than 2 kerbs. Generally each crossing should connect to at least 2 kerbs.
273182770,way,not appliable,not appliable,this crossing intersects fewer than 2 kerbs. Generally each crossing should connect to at least 2 kerbs.
278087480,way,not appliable,not appliable,this crossing intersects fewer than 2 kerbs. Generally each crossing should connect to at least 2 kerbs.
280287616,way,not appliable,not appliable,this crossing intersects fewer than 2 kerbs. Generally each crossing should connect to at least 2 kerbs.
280290307,way,not appliable,not appliable,this crossing intersects fewer than 2 kerbs. Generally each crossing should connect to at least 2 kerbs.
284013482,way,not appliable,not appliable,this crossing intersects fewer than 2 kerbs. Generally each crossing should connect to at least 2 kerbs.
302616964,way,not appliable,not appliable,this crossing intersects fewer than 2 kerbs. Generally each crossing should connect to at least 2 kerbs.
305170135,way,not appliable,not appliable,this crossing intersects fewer than 2 kerbs. Generally each crossing should connect to at least 2 kerbs.
305170150,way,not appliable,not appliable,this crossing intersects fewer than 2 kerbs. Generally each crossing should connect to at least 2 kerbs.
310669612,way,not appliable,not appliable,this crossing intersects fewer than 2 kerbs. Generally each crossing should connect to at least 2 kerbs.
311296995,way,not appliable,not appliable,this crossing intersects fewer than 2 kerbs. Generally each crossing should connect to at least 2 kerbs.
311297005,way,not appliable,not appliable,this crossing intersects fewer than 2 kerbs. Generally each crossing should connect to at least 2 kerbs.
312668136,way,not appliable,not appliable,this crossing intersects fewer than 2 kerbs. Generally each crossing should connect to at least 2 kerbs.
312668139,way,not appliable,not appliable,this crossing intersects fewer than 2 kerbs. Generally each crossing should connect to at least 2 kerbs.
312668151,way,not appliable,not appliable,this crossing intersects fewer than 2 kerbs. Generally each crossing should connect to at least 2 kerbs.
312996834,way,not appliable,not appliable,this crossing intersects fewer than 2 kerbs. Generally each crossing should connect to at least 2 kerbs.
312996843,way,not appliable,not appliable,this crossing intersects fewer than 2 kerbs. Generally each crossing should connect to at least 2 kerbs.
312996844,way,not appliable,not appliable,this crossing intersects fewer than 2 kerbs. Generally each crossing should connect to at least 2 kerbs.
312996858,way,not appliable,not appliable,this crossing intersects fewer than 2 kerbs. Generally each crossing should connect to at least 2 kerbs.
313133647,way,not appliable,not appliable,this crossing intersects fewer than 2 kerbs. Generally each crossing should connect to at least 2 kerbs.
313133649,way,not appliable,not appliable,this crossing intersects fewer than 2 kerbs. Generally each crossing should connect to at least 2 kerbs.
313133656,way,not appliable,not appliable,this crossing intersects fewer than 2 kerbs. Generally each crossing should connect to at least 2 kerbs.
313307865,way,not appliable,not appliable,this crossing intersects fewer than 2 kerbs. Generally each crossing should connect to at least 2 kerbs.
313307877,way,not appliable,not appliable,this crossing intersects fewer than 2 kerbs. Generally each crossing should connect to at least 2 kerbs.
313453879,way,not appliable,not appliable,this crossing intersects fewer than 2 kerbs. Generally each crossing should connect to at least 2 kerbs.
313453882,way,not appliable,not appliable,this crossing intersects fewer than 2 kerbs. Generally each crossing should connect to at least 2 kerbs.
313458174,way,not appliable,not appliable,this crossing intersects fewer than 2 kerbs. Generally each crossing should connect to at least 2 kerbs.
313726937,way,not appliable,not appliable,this crossing intersects fewer than 2 kerbs. Generally each crossing should connect to at least 2 kerbs.
313726946,way,not appliable,not appliable,this crossing intersects fewer than 2 kerbs. Generally each crossing should connect to at least 2 kerbs.
313726949,way,not appliable,not appliable,this crossing intersects fewer than 2 kerbs. Generally each crossing should connect to at least 2 kerbs.
313726952,way,not appliable,not appliable,this crossing intersects fewer than 2 kerbs. Generally each crossing should connect to at least 2 kerbs.
313726953,way,not appliable,not appliable,this crossing intersects fewer than 2 kerbs. Generally each crossing should connect to at least 2 kerbs.
313726956,way,not appliable,not appliable,this crossing intersects fewer than 2 kerbs. Generally each crossing should connect to at least 2 kerbs.
313726958,way,not appliable,not appliable,this crossing intersects fewer than 2 kerbs. Generally each crossing should connect to at least 2 kerbs.
313735111,way,not appliable,not appliable,this crossing intersects fewer than 2 kerbs. Generally each crossing should connect to at least 2 kerbs.
315066376,way,not appliable,not appliable,this crossing intersects fewer than 2 kerbs. Generally each crossing should connect to at least 2 kerbs.
315066379,way,not appliable,not appliable,this crossing intersects fewer than 2 kerbs. Generally each crossing should connect to at least 2 kerbs.
315066380,way,not appliable,not appliable,this crossing intersects fewer than 2 kerbs. Generally each crossing should connect to at least 2 kerbs.
315066390,way,not appliable,not appliable,this crossing intersects fewer than 2 kerbs. Generally each crossing should connect to at least 2 kerbs.
315369852,way,not appliable,not appliable,this crossing intersects fewer than 2 kerbs. Generally each crossing should connect to at least 2 kerbs.
315369901,way,not appliable,not appliable,this crossing intersects fewer than 2 kerbs. Generally each crossing should connect to at least 2 kerbs.
315369909,way,not appliable,not appliable,this crossing intersects fewer than 2 kerbs. Generally each crossing should connect to at least 2 kerbs.
317943594,way,not appliable,not appliable,this crossing intersects fewer than 2 kerbs. Generally each crossing should connect to at least 2 kerbs.
318995453,way,not appliable,not appliable,this crossing intersects fewer than 2 kerbs. Generally each crossing should connect to at least 2 kerbs.
319038291,way,not appliable,not appliable,this crossing intersects fewer than 2 kerbs. Generally each crossing should connect to at least 2 kerbs.
319142177,way,not appliable,not appliable,this crossing intersects fewer than 2 kerbs. Generally each crossing should connect to at least 2 kerbs.
319142189,way,not appliable,not appliable,this crossing intersects fewer than 2 kerbs. Generally each crossing should connect to at least 2 kerbs.
320091850,way,not appliable,not appliable,this crossing intersects fewer than 2 kerbs. Generally each crossing should connect to at least 2 kerbs.
320512871,way,not appliable,not appliable,this crossing intersects fewer than 2 kerbs. Generally each crossing should connect to at least 2 kerbs.
334205490,way,not appliable,not appliable,this crossing intersects fewer than 2 kerbs. Generally each crossing should connect to at least 2 kerbs.
334205495,way,not appliable,not appliable,this crossing intersects fewer than 2 kerbs. Generally each crossing should connect to at least 2 kerbs.
334205510,way,not appliable,not appliable,this crossing intersects fewer than 2 kerbs. Generally each crossing should connect to at least 2 kerbs.
335805350,way,not appliable,not appliable,this crossing intersects fewer than 2 kerbs. Generally each crossing should connect to at least 2 kerbs.
335805352,way,not appliable,not appliable,this crossing intersects fewer than 2 kerbs. Generally each crossing should connect to at least 2 kerbs.
337470975,way,not appliable,not appliable,this crossing intersects fewer than 2 kerbs. Generally each crossing should connect to at least 2 kerbs.
337816209,way,not appliable,not appliable,this crossing intersects fewer than 2 kerbs. Generally each crossing should connect to at least 2 kerbs.
337836361,way,not appliable,not appliable,this crossing intersects fewer than 2 kerbs. Generally each crossing should connect to at least 2 kerbs.
338350805,way,not appliable,not appliable,this crossing intersects fewer than 2 kerbs. Generally each crossing should connect to at least 2 kerbs.
338350806,way,not appliable,not appliable,this crossing intersects fewer than 2 kerbs. Generally each crossing should connect to at least 2 kerbs.
339554106,way,not appliable,not appliable,this crossing intersects fewer than 2 kerbs. Generally each crossing should connect to at least 2 kerbs.
340000705,way,not appliable,not appliable,this crossing intersects fewer than 2 kerbs. Generally each crossing should connect to at least 2 kerbs.
340202365,way,not appliable,not appliable,this crossing intersects fewer than 2 kerbs. Generally each crossing should connect to at least 2 kerbs.
340277731,way,not appliable,not appliable,this crossing intersects fewer than 2 kerbs. Generally each crossing should connect to at least 2 kerbs.
340695330,way,not appliable,not appliable,this crossing intersects fewer than 2 kerbs. Generally each crossing should connect to at least 2 kerbs.
340695333,way,not appliable,not appliable,this crossing intersects fewer than 2 kerbs. Generally each crossing should connect to at least 2 kerbs.
340695337,way,not appliable,not appliable,this crossing intersects fewer than 2 kerbs. Generally each crossing should connect to at least 2 kerbs.
340695342,way,not appliable,not appliable,this crossing intersects fewer than 2 kerbs. Generally each crossing should connect to at least 2 kerbs.
340948144,way,not appliable,not appliable,this crossing intersects fewer than 2 kerbs. Generally each crossing should connect to at least 2 kerbs.
340970984,way,not appliable,not appliable,this crossing intersects fewer than 2 kerbs. Generally each crossing should connect to at least 2 kerbs.
343722840,way,not appliable,not appliable,this crossing intersects fewer than 2 kerbs. Generally each crossing should connect to at least 2 kerbs.
343722849,way,not appliable,not appliable,this crossing intersects fewer than 2 kerbs. Generally each crossing should connect to at least 2 kerbs.
343722854,way,not appliable,not appliable,this crossing intersects fewer than 2 kerbs. Generally each crossing should connect to at least 2 kerbs.
343722855,way,not appliable,not appliable,this crossing intersects fewer than 2 kerbs. Generally each crossing should connect to at least 2 kerbs.
344282874,way,not appliable,not appliable,this crossing intersects fewer than 2 kerbs. Generally each crossing should connect to at least 2 kerbs.
344325572,way,not appliable,not appliable,this crossing intersects fewer than 2 kerbs. Generally each crossing should connect to at least 2 kerbs.
344344136,way,not appliable,not appliable,this crossing intersects fewer than 2 kerbs. Generally each crossing should connect to at least 2 kerbs.
344590977,way,not appliable,not appliable,this crossing intersects fewer than 2 kerbs. Generally each crossing should connect to at least 2 kerbs.
344590987,way,not appliable,not appliable,this crossing intersects fewer than 2 kerbs. Generally each crossing should connect to at least 2 kerbs.
344889203,way,not appliable,not appliable,this crossing intersects fewer than 2 kerbs. Generally each crossing should connect to at least 2 kerbs.
345559227,way,not appliable,not appliable,this crossing intersects fewer than 2 kerbs. Generally each crossing should connect to at least 2 kerbs.
345559232,way,not appliable,not appliable,this crossing intersects fewer than 2 kerbs. Generally each crossing should connect to at least 2 kerbs.
345617037,way,not appliable,not appliable,this crossing intersects fewer than 2 kerbs. Generally each crossing should connect to at least 2 kerbs.
345711473,way,not appliable,not appliable,this crossing intersects fewer than 2 kerbs. Generally each crossing should connect to at least 2 kerbs.
347272019,way,not appliable,not appliable,this crossing intersects fewer than 2 kerbs. Generally each crossing should connect to at least 2 kerbs.
347308404,way,not appliable,not appliable,this crossing intersects fewer than 2 kerbs. Generally each crossing should connect to at least 2 kerbs.
347630164,way,not appliable,not appliable,this crossing intersects fewer than 2 kerbs. Generally each crossing should connect to at least 2 kerbs.
347636565,way,not appliable,not appliable,this crossing intersects fewer than 2 kerbs. Generally each crossing should connect to at least 2 kerbs.
347646438,way,not appliable,not appliable,this crossing intersects fewer than 2 kerbs. Generally each crossing should connect to at least 2 kerbs.
347971488,way,not appliable,not appliable,this crossing intersects fewer than 2 kerbs. Generally each crossing should connect to at least 2 kerbs.
347971492,way,not appliable,not appliable,this crossing intersects fewer than 2 kerbs. Generally each crossing should connect to at least 2 kerbs.
349267998,way,not appliable,not appliable,this crossing intersects fewer than 2 kerbs. Generally each crossing should connect to at least 2 kerbs.
351937479,way,not appliable,not appliable,this crossing intersects fewer than 2 kerbs. Generally each crossing should connect to at least 2 kerbs.
352864129,way,not appliable,not appliable,this crossing intersects fewer than 2 kerbs. Generally each crossing should connect to at least 2 kerbs.
354118863,way,not appliable,not appliable,this crossing intersects fewer than 2 kerbs. Generally each crossing should connect to at least 2 kerbs.
354907939,way,not appliable,not appliable,this crossing intersects fewer than 2 kerbs. Generally each crossing should connect to at least 2 kerbs.
354907945,way,not appliable,not appliable,this crossing intersects fewer than 2 kerbs. Generally each crossing should connect to at least 2 kerbs.
355173233,way,not appliable,not appliable,this crossing intersects fewer than 2 kerbs. Generally each crossing should connect to at least 2 kerbs.
355295072,way,not appliable,not appliable,this crossing intersects fewer than 2 kerbs. Generally each crossing should connect to at least 2 kerbs.
355525312,way,not appliable,not appliable,this crossing intersects fewer than 2 kerbs. Generally each crossing should connect to at least 2 kerbs.
355525315,way,not appliable,not appliable,this crossing intersects fewer than 2 kerbs. Generally each crossing should connect to at least 2 kerbs.
355525318,way,not appliable,not appliable,this crossing intersects fewer than 2 kerbs. Generally each crossing should connect to at least 2 kerbs.
355525320,way,not appliable,not appliable,this crossing intersects fewer than 2 kerbs. Generally each crossing should connect to at least 2 kerbs.
355525380,way,not appliable,not appliable,this crossing intersects fewer than 2 kerbs. Generally each crossing should connect to at least 2 kerbs.
356070381,way,not appliable,not appliable,this crossing intersects fewer than 2 kerbs. Generally each crossing should connect to at least 2 kerbs.
356070382,way,not appliable,not appliable,this crossing intersects fewer than 2 kerbs. Generally each crossing should connect to at least 2 kerbs.
356070383,way,not appliable,not appliable,this crossing intersects fewer than 2 kerbs. Generally each crossing should connect to at least 2 kerbs.
356070384,way,not appliable,not appliable,this crossing intersects fewer than 2 kerbs. Generally each crossing should connect to at least 2 kerbs.
356070385,way,not appliable,not appliable,this crossing intersects fewer than 2 kerbs. Generally each crossing should connect to at least 2 kerbs.
356070386,way,not appliable,not appliable,this crossing intersects fewer than 2 kerbs. Generally each crossing should connect to at least 2 kerbs.
357001982,way,not appliable,not appliable,this crossing intersects fewer than 2 kerbs. Generally each crossing should connect to at least 2 kerbs.
357001985,way,not appliable,not appliable,this crossing intersects fewer than 2 kerbs. Generally each crossing should connect to at least 2 kerbs.
357001990,way,not appliable,not appliable,this crossing intersects fewer than 2 kerbs. Generally each crossing should connect to at least 2 kerbs.
357001991,way,not appliable,not appliable,this crossing intersects fewer than 2 kerbs. Generally each crossing should connect to at least 2 kerbs.
357494838,way,not appliable,not appliable,this crossing intersects fewer than 2 kerbs. Generally each crossing should connect to at least 2 kerbs.
357501472,way,not appliable,not appliable,this crossing intersects fewer than 2 kerbs. Generally each crossing should connect to at least 2 kerbs.
357526876,way,not appliable,not appliable,this crossing intersects fewer than 2 kerbs. Generally each crossing should connect to at least 2 kerbs.
357805474,way,not appliable,not appliable,this crossing intersects fewer than 2 kerbs. Generally each crossing should connect to at least 2 kerbs.
358399688,way,not appliable,not appliable,this crossing intersects fewer than 2 kerbs. Generally each crossing should connect to at least 2 kerbs.
358399689,way,not appliable,not appliable,this crossing intersects fewer than 2 kerbs. Generally each crossing should connect to at least 2 kerbs.
358399690,way,not appliable,not appliable,this crossing intersects fewer than 2 kerbs. Generally each crossing should connect to at least 2 kerbs.
358399693,way,not appliable,not appliable,this crossing intersects fewer than 2 kerbs. Generally each crossing should connect to at least 2 kerbs.
358399698,way,not appliable,not appliable,this crossing intersects fewer than 2 kerbs. Generally each crossing should connect to at least 2 kerbs.
364420504,way,not appliable,not appliable,this crossing intersects fewer than 2 kerbs. Generally each crossing should connect to at least 2 kerbs.
366211330,way,not appliable,not appliable,this crossing intersects fewer than 2 kerbs. Generally each crossing should connect to at least 2 kerbs.
366545660,way,not appliable,not appliable,this crossing intersects fewer than 2 kerbs. Generally each crossing should connect to at least 2 kerbs.
367297307,way,not appliable,not appliable,this crossing intersects fewer than 2 kerbs. Generally each crossing should connect to at least 2 kerbs.
372588358,way,not appliable,not appliable,this crossing intersects fewer than 2 kerbs. Generally each crossing should connect to at least 2 kerbs.
372873278,way,not appliable,not appliable,this crossing intersects fewer than 2 kerbs. Generally each crossing should connect to at least 2 kerbs.
372966245,way,not appliable,not appliable,this crossing intersects fewer than 2 kerbs. Generally each crossing should connect to at least 2 kerbs.
374352111,way,not appliable,not appliable,this crossing intersects fewer than 2 kerbs. Generally each crossing should connect to at least 2 kerbs.
374352112,way,not appliable,not appliable,this crossing intersects fewer than 2 kerbs. Generally each crossing should connect to at least 2 kerbs.
374582312,way,not appliable,not appliable,this crossing intersects fewer than 2 kerbs. Generally each crossing should connect to at least 2 kerbs.
374590756,way,not appliable,not appliable,this crossing intersects fewer than 2 kerbs. Generally each crossing should connect to at least 2 kerbs.
374861891,way,not appliable,not appliable,this crossing intersects fewer than 2 kerbs. Generally each crossing should connect to at least 2 kerbs.
374980729,way,not appliable,not appliable,this crossing intersects fewer than 2 kerbs. Generally each crossing should connect to at least 2 kerbs.
374980731,way,not appliable,not appliable,this crossing intersects fewer than 2 kerbs. Generally each crossing should connect to at least 2 kerbs.
374980732,way,not appliable,not appliable,this crossing intersects fewer than 2 kerbs. Generally each crossing should connect to at least 2 kerbs.
374980733,way,not appliable,not appliable,this crossing intersects fewer than 2 kerbs. Generally each crossing should connect to at least 2 kerbs.
374980734,way,not appliable,not appliable,this crossing intersects fewer than 2 kerbs. Generally each crossing should connect to at least 2 kerbs.
375122258,way,not appliable,not appliable,this crossing intersects fewer than 2 kerbs. Generally each crossing should connect to at least 2 kerbs.
375206335,way,not appliable,not appliable,this crossing intersects fewer than 2 kerbs. Generally each crossing should connect to at least 2 kerbs.
377776507,way,not appliable,not appliable,this crossing intersects fewer than 2 kerbs. Generally each crossing should connect to at least 2 kerbs.
377874479,way,not appliable,not appliable,this crossing intersects fewer than 2 kerbs. Generally each crossing should connect to at least 2 kerbs.
377877480,way,not appliable,not appliable,this crossing intersects fewer than 2 kerbs. Generally each crossing should connect to at least 2 kerbs.
377886143,way,not appliable,not appliable,this crossing intersects fewer than 2 kerbs. Generally each crossing should connect to at least 2 kerbs.
377895178,way,not appliable,not appliable,this crossing intersects fewer than 2 kerbs. Generally each crossing should connect to at least 2 kerbs.
377895179,way,not appliable,not appliable,this crossing intersects fewer than 2 kerbs. Generally each crossing should connect to at least 2 kerbs.
377895182,way,not appliable,not appliable,this crossing intersects fewer than 2 kerbs. Generally each crossing should connect to at least 2 kerbs.
377899754,way,not appliable,not appliable,this crossing intersects fewer than 2 kerbs. Generally each crossing should connect to at least 2 kerbs.
377899755,way,not appliable,not appliable,this crossing intersects fewer than 2 kerbs. Generally each crossing should connect to at least 2 kerbs.
377899756,way,not appliable,not appliable,this crossing intersects fewer than 2 kerbs. Generally each crossing should connect to at least 2 kerbs.
377899763,way,not appliable,not appliable,this crossing intersects fewer than 2 kerbs. Generally each crossing should connect to at least 2 kerbs.
381743867,way,not appliable,not appliable,this crossing intersects fewer than 2 kerbs. Generally each crossing should connect to at least 2 kerbs.
381743871,way,not appliable,not appliable,this crossing intersects fewer than 2 kerbs. Generally each crossing should connect to at least 2 kerbs.
381749956,way,not appliable,not appliable,this crossing intersects fewer than 2 kerbs. Generally each crossing should connect to at least 2 kerbs.
413346711,way,not appliable,not appliable,this crossing intersects fewer than 2 kerbs. Generally each crossing should connect to at least 2 kerbs.
414703483,way,not appliable,not appliable,this crossing intersects fewer than 2 kerbs. Generally each crossing should connect to at least 2 kerbs.
435946061,way,not appliable,not appliable,this crossing intersects fewer than 2 kerbs. Generally each crossing should connect to at least 2 kerbs.
438259654,way,not appliable,not appliable,this crossing intersects fewer than 2 kerbs. Generally each crossing should connect to at least 2 kerbs.
439454541,way,not appliable,not appliable,this crossing intersects fewer than 2 kerbs. Generally each crossing should connect to at least 2 kerbs.
439765659,way,not appliable,not appliable,this crossing intersects fewer than 2 kerbs. Generally each crossing should connect to at least 2 kerbs.
440149394,way,not appliable,not appliable,this crossing intersects fewer than 2 kerbs. Generally each crossing should connect to at least 2 kerbs.
440149395,way,not appliable,not appliable,this crossing intersects fewer than 2 kerbs. Generally each crossing should connect to at least 2 kerbs.
440149402,way,not appliable,not appliable,this crossing intersects fewer than 2 kerbs. Generally each crossing should connect to at least 2 kerbs.
440149403,way,not appliable,not appliable,this crossing intersects fewer than 2 kerbs. Generally each crossing should connect to at least 2 kerbs.
440149404,way,not appliable,not appliable,this crossing intersects fewer than 2 kerbs. Generally each crossing should connect to at least 2 kerbs.
440491037,way,not appliable,not appliable,this crossing intersects fewer than 2 kerbs. Generally each crossing should connect to at least 2 kerbs.
445175523,way,not appliable,not appliable,this crossing intersects fewer than 2 kerbs. Generally each crossing should connect to at least 2 kerbs.
447771124,way,not appliable,not appliable,this crossing intersects fewer than 2 kerbs. Generally each crossing should connect to at least 2 kerbs.
452777944,way,not appliable,not appliable,this crossing intersects fewer than 2 kerbs. Generally each crossing should connect to at least 2 kerbs.
453102552,way,not appliable,not appliable,this crossing intersects fewer than 2 kerbs. Generally each crossing should connect to at least 2 kerbs.
461219400,way,not appliable,not appliable,this crossing intersects fewer than 2 kerbs. Generally each crossing should connect to at least 2 kerbs.
461219402,way,not appliable,not appliable,this crossing intersects fewer than 2 kerbs. Generally each crossing should connect to at least 2 kerbs.
478730031,way,not appliable,not appliable,this crossing intersects fewer than 2 kerbs. Generally each crossing should connect to at least 2 kerbs.
478730047,way,not appliable,not appliable,this crossing intersects fewer than 2 kerbs. Generally each crossing should connect to at least 2 kerbs.
478730050,way,not appliable,not appliable,this crossing intersects fewer than 2 kerbs. Generally each crossing should connect to at least 2 kerbs.
478730055,way,not appliable,not appliable,this crossing intersects fewer than 2 kerbs. Generally each crossing should connect to at least 2 kerbs.
478730056,way,not appliable,not appliable,this crossing intersects fewer than 2 kerbs. Generally each crossing should connect to at least 2 kerbs.
481636087,way,not appliable,not appliable,this crossing intersects fewer than 2 kerbs. Generally each crossing should connect to at least 2 kerbs.
483738868,way,not appliable,not appliable,this crossing intersects fewer than 2 kerbs. Generally each crossing should connect to at least 2 kerbs.
493633298,way,not appliable,not appliable,this crossing intersects fewer than 2 kerbs. Generally each crossing should connect to at least 2 kerbs.
495826128,way,not appliable,not appliable,this crossing intersects fewer than 2 kerbs. Generally each crossing should connect to at least 2 kerbs.
497778659,way,not appliable,not appliable,this crossing intersects fewer than 2 kerbs. Generally each crossing should connect to at least 2 kerbs.
502428900,way,not appliable,not appliable,this crossing intersects fewer than 2 kerbs. Generally each crossing should connect to at least 2 kerbs.
502428912,way,not appliable,not appliable,this crossing intersects fewer than 2 kerbs. Generally each crossing should connect to at least 2 kerbs.
503156659,way,not appliable,not appliable,this crossing intersects fewer than 2 kerbs. Generally each crossing should connect to at least 2 kerbs.
514516163,way,not appliable,not appliable,this crossing intersects fewer than 2 kerbs. Generally each crossing should connect to at least 2 kerbs.
532711336,way,not appliable,not appliable,this crossing intersects fewer than 2 kerbs. Generally each crossing should connect to at least 2 kerbs.
543869951,way,not appliable,not appliable,this crossing intersects fewer than 2 kerbs. Generally each crossing should connect to at least 2 kerbs.
545603029,way,not appliable,not appliable,this crossing intersects fewer than 2 kerbs. Generally each crossing should connect to at least 2 kerbs.
552913084,way,not appliable,not appliable,this crossing intersects fewer than 2 kerbs. Generally each crossing should connect to at least 2 kerbs.
552914962,way,not appliable,not appliable,this crossing intersects fewer than 2 kerbs. Generally each crossing should connect to at least 2 kerbs.
554206323,way,not appliable,not appliable,this crossing intersects fewer than 2 kerbs. Generally each crossing should connect to at least 2 kerbs.
554206324,way,not appliable,not appliable,this crossing intersects fewer than 2 kerbs. Generally each crossing should connect to at least 2 kerbs.
554724037,way,not appliable,not appliable,this crossing intersects fewer than 2 kerbs. Generally each crossing should connect to at least 2 kerbs.
554961735,way,not appliable,not appliable,this crossing intersects fewer than 2 kerbs. Generally each crossing should connect to at least 2 kerbs.
554961736,way,not appliable,not appliable,this crossing intersects fewer than 2 kerbs. Generally each crossing should connect to at least 2 kerbs.
554961738,way,not appliable,not appliable,this crossing intersects fewer than 2 kerbs. Generally each crossing should connect to at least 2 kerbs.
573219688,way,not appliable,not appliable,this crossing intersects fewer than 2 kerbs. Generally each crossing should connect to at least 2 kerbs.
573247439,way,not appliable,not appliable,this crossing intersects fewer than 2 kerbs. Generally each crossing should connect to at least 2 kerbs.
573247441,way,not appliable,not appliable,this crossing intersects fewer than 2 kerbs. Generally each crossing should connect to at least 2 kerbs.
585941460,way,not appliable,not appliable,this crossing intersects fewer than 2 kerbs. Generally each crossing should connect to at least 2 kerbs.
586010831,way,not appliable,not appliable,this crossing intersects fewer than 2 kerbs. Generally each crossing should connect to at least 2 kerbs.
587513827,way,not appliable,not appliable,this crossing intersects fewer than 2 kerbs. Generally each crossing should connect to at least 2 kerbs.
589842937,way,not appliable,not appliable,this crossing intersects fewer than 2 kerbs. Generally each crossing should connect to at least 2 kerbs.
596478379,way,not appliable,not appliable,this crossing intersects fewer than 2 kerbs. Generally each crossing should connect to at least 2 kerbs.
612597813,way,not appliable,not appliable,this crossing intersects fewer than 2 kerbs. Generally each crossing should connect to at least 2 kerbs.
612597816,way,not appliable,not appliable,this crossing intersects fewer than 2 kerbs. Generally each crossing should connect to at least 2 kerbs.
621958697,way,not appliable,not appliable,this crossing intersects fewer than 2 kerbs. Generally each crossing should connect to at least 2 kerbs.
622480530,way,not appliable,not appliable,this crossing intersects fewer than 2 kerbs. Generally each crossing should connect to at least 2 kerbs.
625846900,way,not appliable,not appliable,this crossing intersects fewer than 2 kerbs. Generally each crossing should connect to at least 2 kerbs.
640945226,way,not appliable,not appliable,this crossing intersects fewer than 2 kerbs. Generally each crossing should connect to at least 2 kerbs.
640945228,way,not appliable,not appliable,this crossing intersects fewer than 2 kerbs. Generally each crossing should connect to at least 2 kerbs.
640945234,way,not appliable,not appliable,this crossing intersects fewer than 2 kerbs. Generally each crossing should connect to at least 2 kerbs.
642870996,way,not appliable,not appliable,this crossing intersects fewer than 2 kerbs. Generally each crossing should connect to at least 2 kerbs.
651480973,way,not appliable,not appliable,this crossing intersects fewer than 2 kerbs. Generally each crossing should connect to at least 2 kerbs.
651494755,way,not appliable,not appliable,this crossing intersects fewer than 2 kerbs. Generally each crossing should connect to at least 2 kerbs.
651494758,way,not appliable,not appliable,this crossing intersects fewer than 2 kerbs. Generally each crossing should connect to at least 2 kerbs.
651560800,way,not appliable,not appliable,this crossing intersects fewer than 2 kerbs. Generally each crossing should connect to at least 2 kerbs.
651560805,way,not appliable,not appliable,this crossing intersects fewer than 2 kerbs. Generally each crossing should connect to at least 2 kerbs.
651881163,way,not appliable,not appliable,this crossing intersects fewer than 2 kerbs. Generally each crossing should connect to at least 2 kerbs.
651881165,way,not appliable,not appliable,this crossing intersects fewer than 2 kerbs. Generally each crossing should connect to at least 2 kerbs.
655066431,way,not appliable,not appliable,this crossing intersects fewer than 2 kerbs. Generally each crossing should connect to at least 2 kerbs.
655732068,way,not appliable,not appliable,this crossing intersects fewer than 2 kerbs. Generally each crossing should connect to at least 2 kerbs.
660915970,way,not appliable,not appliable,this crossing intersects fewer than 2 kerbs. Generally each crossing should connect to at least 2 kerbs.
661274562,way,not appliable,not appliable,this crossing intersects fewer than 2 kerbs. Generally each crossing should connect to at least 2 kerbs.
664221819,way,not appliable,not appliable,this crossing intersects fewer than 2 kerbs. Generally each crossing should connect to at least 2 kerbs.
674076689,way,not appliable,not appliable,this crossing intersects fewer than 2 kerbs. Generally each crossing should connect to at least 2 kerbs.
674076691,way,not appliable,not appliable,this crossing intersects fewer than 2 kerbs. Generally each crossing should connect to at least 2 kerbs.
674076719,way,not appliable,not appliable,this crossing intersects fewer than 2 kerbs. Generally each crossing should connect to at least 2 kerbs.
674139041,way,not appliable,not appliable,this crossing intersects fewer than 2 kerbs. Generally each crossing should connect to at least 2 kerbs.
674147554,way,not appliable,not appliable,this crossing intersects fewer than 2 kerbs. Generally each crossing should connect to at least 2 kerbs.
674912717,way,not appliable,not appliable,this crossing intersects fewer than 2 kerbs. Generally each crossing should connect to at least 2 kerbs.
674912718,way,not appliable,not appliable,this crossing intersects fewer than 2 kerbs. Generally each crossing should connect to at least 2 kerbs.
676370521,way,not appliable,not appliable,this crossing intersects fewer than 2 kerbs. Generally each crossing should connect to at least 2 kerbs.
682048212,way,not appliable,not appliable,this crossing intersects fewer than 2 kerbs. Generally each crossing should connect to at least 2 kerbs.
682251249,way,not appliable,not appliable,this crossing intersects fewer than 2 kerbs. Generally each crossing should connect to at least 2 kerbs.
683421226,way,not appliable,not appliable,this crossing intersects fewer than 2 kerbs. Generally each crossing should connect to at least 2 kerbs.
686874696,way,not appliable,not appliable,this crossing intersects fewer than 2 kerbs. Generally each crossing should connect to at least 2 kerbs.
691674982,way,not appliable,not appliable,this crossing intersects fewer than 2 kerbs. Generally each crossing should connect to at least 2 kerbs.
693681359,way,not appliable,not appliable,this crossing intersects fewer than 2 kerbs. Generally each crossing should connect to at least 2 kerbs.
695831749,way,not appliable,not appliable,this crossing intersects fewer than 2 kerbs. Generally each crossing should connect to at least 2 kerbs.
695831761,way,not appliable,not appliable,this crossing intersects fewer than 2 kerbs. Generally each crossing should connect to at least 2 kerbs.
696464476,way,not appliable,not appliable,this crossing intersects fewer than 2 kerbs. Generally each crossing should connect to at least 2 kerbs.
696754515,way,not appliable,not appliable,this crossing intersects fewer than 2 kerbs. Generally each crossing should connect to at least 2 kerbs.
697517181,way,not appliable,not appliable,this crossing intersects fewer than 2 kerbs. Generally each crossing should connect to at least 2 kerbs.
698326779,way,not appliable,not appliable,this crossing intersects fewer than 2 kerbs. Generally each crossing should connect to at least 2 kerbs.
698326781,way,not appliable,not appliable,this crossing intersects fewer than 2 kerbs. Generally each crossing should connect to at least 2 kerbs.
699085702,way,not appliable,not appliable,this crossing intersects fewer than 2 kerbs. Generally each crossing should connect to at least 2 kerbs.
704117170,way,not appliable,not appliable,this crossing intersects fewer than 2 kerbs. Generally each crossing should connect to at least 2 kerbs.
704117172,way,not appliable,not appliable,this crossing intersects fewer than 2 kerbs. Generally each crossing should connect to at least 2 kerbs.
708713868,way,not appliable,not appliable,this crossing intersects fewer than 2 kerbs. Generally each crossing should connect to at least 2 kerbs.
709823780,way,not appliable,not appliable,this crossing intersects fewer than 2 kerbs. Generally each crossing should connect to at least 2 kerbs.
709924037,way,not appliable,not appliable,this crossing intersects fewer than 2 kerbs. Generally each crossing should connect to at least 2 kerbs.
710669831,way,not appliable,not appliable,this crossing intersects fewer than 2 kerbs. Generally each crossing should connect to at least 2 kerbs.
713156573,way,not appliable,not appliable,this crossing intersects fewer than 2 kerbs. Generally each crossing should connect to at least 2 kerbs.
714496143,way,not appliable,not appliable,this crossing intersects fewer than 2 kerbs. Generally each crossing should connect to at least 2 kerbs.
714955600,way,not appliable,not appliable,this crossing intersects fewer than 2 kerbs. Generally each crossing should connect to at least 2 kerbs.
715007021,way,not appliable,not appliable,this crossing intersects fewer than 2 kerbs. Generally each crossing should connect to at least 2 kerbs.
719431515,way,not appliable,not appliable,this crossing intersects fewer than 2 kerbs. Generally each crossing should connect to at least 2 kerbs.
721762813,way,not appliable,not appliable,this crossing intersects fewer than 2 kerbs. Generally each crossing should connect to at least 2 kerbs.
721762815,way,not appliable,not appliable,this crossing intersects fewer than 2 kerbs. Generally each crossing should connect to at least 2 kerbs.
722428548,way,not appliable,not appliable,this crossing intersects fewer than 2 kerbs. Generally each crossing should connect to at least 2 kerbs.
722970925,way,not appliable,not appliable,this crossing intersects fewer than 2 kerbs. Generally each crossing should connect to at least 2 kerbs.
724574574,way,not appliable,not appliable,this crossing intersects fewer than 2 kerbs. Generally each crossing should connect to at least 2 kerbs.
726609478,way,not appliable,not appliable,this crossing intersects fewer than 2 kerbs. Generally each crossing should connect to at least 2 kerbs.
728404315,way,not appliable,not appliable,this crossing intersects fewer than 2 kerbs. Generally each crossing should connect to at least 2 kerbs.
729267313,way,not appliable,not appliable,this crossing intersects fewer than 2 kerbs. Generally each crossing should connect to at least 2 kerbs.
730031655,way,not appliable,not appliable,this crossing intersects fewer than 2 kerbs. Generally each crossing should connect to at least 2 kerbs.
736842878,way,not appliable,not appliable,this crossing intersects fewer than 2 kerbs. Generally each crossing should connect to at least 2 kerbs.
736998832,way,not appliable,not appliable,this crossing intersects fewer than 2 kerbs. Generally each crossing should connect to at least 2 kerbs.
737029432,way,not appliable,not appliable,this crossing intersects fewer than 2 kerbs. Generally each crossing should connect to at least 2 kerbs.
738573141,way,not appliable,not appliable,this crossing intersects fewer than 2 kerbs. Generally each crossing should connect to at least 2 kerbs.
741581736,way,not appliable,not appliable,this crossing intersects fewer than 2 kerbs. Generally each crossing should connect to at least 2 kerbs.
741581758,way,not appliable,not appliable,this crossing intersects fewer than 2 kerbs. Generally each crossing should connect to at least 2 kerbs.
741590627,way,not appliable,not appliable,this crossing intersects fewer than 2 kerbs. Generally each crossing should connect to at least 2 kerbs.
741631757,way,not appliable,not appliable,this crossing intersects fewer than 2 kerbs. Generally each crossing should connect to at least 2 kerbs.
741714704,way,not appliable,not appliable,this crossing intersects fewer than 2 kerbs. Generally each crossing should connect to at least 2 kerbs.
741935483,way,not appliable,not appliable,this crossing intersects fewer than 2 kerbs. Generally each crossing should connect to at least 2 kerbs.
741935484,way,not appliable,not appliable,this crossing intersects fewer than 2 kerbs. Generally each crossing should connect to at least 2 kerbs.
741998856,way,not appliable,not appliable,this crossing intersects fewer than 2 kerbs. Generally each crossing should connect to at least 2 kerbs.
743585639,way,not appliable,not appliable,this crossing intersects fewer than 2 kerbs. Generally each crossing should connect to at least 2 kerbs.
743645607,way,not appliable,not appliable,this crossing intersects fewer than 2 kerbs. Generally each crossing should connect to at least 2 kerbs.
743685994,way,not appliable,not appliable,this crossing intersects fewer than 2 kerbs. Generally each crossing should connect to at least 2 kerbs.
743685995,way,not appliable,not appliable,this crossing intersects fewer than 2 kerbs. Generally each crossing should connect to at least 2 kerbs.
751362803,way,not appliable,not appliable,this crossing intersects fewer than 2 kerbs. Generally each crossing should connect to at least 2 kerbs.
751362806,way,not appliable,not appliable,this crossing intersects fewer than 2 kerbs. Generally each crossing should connect to at least 2 kerbs.
763873712,way,not appliable,not appliable,this crossing intersects fewer than 2 kerbs. Generally each crossing should connect to at least 2 kerbs.
787075149,way,not appliable,not appliable,this crossing intersects fewer than 2 kerbs. Generally each crossing should connect to at least 2 kerbs.
787075150,way,not appliable,not appliable,this crossing intersects fewer than 2 kerbs. Generally each crossing should connect to at least 2 kerbs.
789811729,way,not appliable,not appliable,this crossing intersects fewer than 2 kerbs. Generally each crossing should connect to at least 2 kerbs.
804157388,way,not appliable,not appliable,this crossing intersects fewer than 2 kerbs. Generally each crossing should connect to at least 2 kerbs.
807738702,way,not appliable,not appliable,this crossing intersects fewer than 2 kerbs. Generally each crossing should connect to at least 2 kerbs.
807822109,way,not appliable,not appliable,this crossing intersects fewer than 2 kerbs. Generally each crossing should connect to at least 2 kerbs.
807822113,way,not appliable,not appliable,this crossing intersects fewer than 2 kerbs. Generally each crossing should connect to at least 2 kerbs.
807845954,way,not appliable,not appliable,this crossing intersects fewer than 2 kerbs. Generally each crossing should connect to at least 2 kerbs.
807845955,way,not appliable,not appliable,this crossing intersects fewer than 2 kerbs. Generally each crossing should connect to at least 2 kerbs.
813191256,way,not appliable,not appliable,this crossing intersects fewer than 2 kerbs. Generally each crossing should connect to at least 2 kerbs.
813191257,way,not appliable,not appliable,this crossing intersects fewer than 2 kerbs. Generally each crossing should connect to at least 2 kerbs.
817919617,way,not appliable,not appliable,this crossing intersects fewer than 2 kerbs. Generally each crossing should connect to at least 2 kerbs.
817919632,way,not appliable,not appliable,this crossing intersects fewer than 2 kerbs. Generally each crossing should connect to at least 2 kerbs.
818537224,way,not appliable,not appliable,this crossing intersects fewer than 2 kerbs. Generally each crossing should connect to at least 2 kerbs.
818537230,way,not appliable,not appliable,this crossing intersects fewer than 2 kerbs. Generally each crossing should connect to at least 2 kerbs.
818537232,way,not appliable,not appliable,this crossing intersects fewer than 2 kerbs. Generally each crossing should connect to at least 2 kerbs.
818791109,way,not appliable,not appliable,this crossing intersects fewer than 2 kerbs. Generally each crossing should connect to at least 2 kerbs.
819259407,way,not appliable,not appliable,this crossing intersects fewer than 2 kerbs. Generally each crossing should connect to at least 2 kerbs.
819946275,way,not appliable,not appliable,this crossing intersects fewer than 2 kerbs. Generally each crossing should connect to at least 2 kerbs.
819946276,way,not appliable,not appliable,this crossing intersects fewer than 2 kerbs. Generally each crossing should connect to at least 2 kerbs.
835467045,way,not appliable,not appliable,this crossing intersects fewer than 2 kerbs. Generally each crossing should connect to at least 2 kerbs.
840527483,way,not appliable,not appliable,this crossing intersects fewer than 2 kerbs. Generally each crossing should connect to at least 2 kerbs.
844432359,way,not appliable,not appliable,this crossing intersects fewer than 2 kerbs. Generally each crossing should connect to at least 2 kerbs.
844432360,way,not appliable,not appliable,this crossing intersects fewer than 2 kerbs. Generally each crossing should connect to at least 2 kerbs.
864644119,way,not appliable,not appliable,this crossing intersects fewer than 2 kerbs. Generally each crossing should connect to at least 2 kerbs.
867886037,way,not appliable,not appliable,this crossing intersects fewer than 2 kerbs. Generally each crossing should connect to at least 2 kerbs.
871156108,way,not appliable,not appliable,this crossing intersects fewer than 2 kerbs. Generally each crossing should connect to at least 2 kerbs.
875178103,way,not appliable,not appliable,this crossing intersects fewer than 2 kerbs. Generally each crossing should connect to at least 2 kerbs.
880396079,way,not appliable,not appliable,this crossing intersects fewer than 2 kerbs. Generally each crossing should connect to at least 2 kerbs.
880532937,way,not appliable,not appliable,this crossing intersects fewer than 2 kerbs. Generally each crossing should connect to at least 2 kerbs.
880532942,way,not appliable,not appliable,this crossing intersects fewer than 2 kerbs. Generally each crossing should connect to at least 2 kerbs.
880532951,way,not appliable,not appliable,this crossing intersects fewer than 2 kerbs. Generally each crossing should connect to at least 2 kerbs.
880532952,way,not appliable,not appliable,this crossing intersects fewer than 2 kerbs. Generally each crossing should connect to at least 2 kerbs.
880532954,way,not appliable,not appliable,this crossing intersects fewer than 2 kerbs. Generally each crossing should connect to at least 2 kerbs.
880532955,way,not appliable,not appliable,this crossing intersects fewer than 2 kerbs. Generally each crossing should connect to at least 2 kerbs.
880532968,way,not appliable,not appliable,this crossing intersects fewer than 2 kerbs. Generally each crossing should connect to at least 2 kerbs.
880532973,way,not appliable,not appliable,this crossing intersects fewer than 2 kerbs. Generally each crossing should connect to at least 2 kerbs.
880532998,way,not appliable,not appliable,this crossing intersects fewer than 2 kerbs. Generally each crossing should connect to at least 2 kerbs.
880533005,way,not appliable,not appliable,this crossing intersects fewer than 2 kerbs. Generally each crossing should connect to at least 2 kerbs.
880533006,way,not appliable,not appliable,this crossing intersects fewer than 2 kerbs. Generally each crossing should connect to at least 2 kerbs.
882777277,way,not appliable,not appliable,this crossing intersects fewer than 2 kerbs. Generally each crossing should connect to at least 2 kerbs.
887496090,way,not appliable,not appliable,this crossing intersects fewer than 2 kerbs. Generally each crossing should connect to at least 2 kerbs.
888374674,way,not appliable,not appliable,this crossing intersects fewer than 2 kerbs. Generally each crossing should connect to at least 2 kerbs.
889257280,way,not appliable,not appliable,this crossing intersects fewer than 2 kerbs. Generally each crossing should connect to at least 2 kerbs.
891240025,way,not appliable,not appliable,this crossing intersects fewer than 2 kerbs. Generally each crossing should connect to at least 2 kerbs.
893088347,way,not appliable,not appliable,this crossing intersects fewer than 2 kerbs. Generally each crossing should connect to at least 2 kerbs.
893686736,way,not appliable,not appliable,this crossing intersects fewer than 2 kerbs. Generally each crossing should connect to at least 2 kerbs.
894034857,way,not appliable,not appliable,this crossing intersects fewer than 2 kerbs. Generally each crossing should connect to at least 2 kerbs.
895191797,way,not appliable,not appliable,this crossing intersects fewer than 2 kerbs. Generally each crossing should connect to at least 2 kerbs.
897143825,way,not appliable,not appliable,this crossing intersects fewer than 2 kerbs. Generally each crossing should connect to at least 2 kerbs.
897143827,way,not appliable,not appliable,this crossing intersects fewer than 2 kerbs. Generally each crossing should connect to at least 2 kerbs.
897143828,way,not appliable,not appliable,this crossing intersects fewer than 2 kerbs. Generally each crossing should connect to at least 2 kerbs.
909023851,way,not appliable,not appliable,this crossing intersects fewer than 2 kerbs. Generally each crossing should connect to at least 2 kerbs.
909087056,way,not appliable,not appliable,this crossing intersects fewer than 2 kerbs. Generally each crossing should connect to at least 2 kerbs.
909087057,way,not appliable,not appliable,this crossing intersects fewer than 2 kerbs. Generally each crossing should connect to at least 2 kerbs.
909139847,way,not appliable,not appliable,this crossing intersects fewer than 2 kerbs. Generally each crossing should connect to at least 2 kerbs.
909139848,way,not appliable,not appliable,this crossing intersects fewer than 2 kerbs. Generally each crossing should connect to at least 2 kerbs.
909139862,way,not appliable,not appliable,this crossing intersects fewer than 2 kerbs. Generally each crossing should connect to at least 2 kerbs.
909266299,way,not appliable,not appliable,this crossing intersects fewer than 2 kerbs. Generally each crossing should connect to at least 2 kerbs.
910476317,way,not appliable,not appliable,this crossing intersects fewer than 2 kerbs. Generally each crossing should connect to at least 2 kerbs.
911536371,way,not appliable,not appliable,this crossing intersects fewer than 2 kerbs. Generally each crossing should connect to at least 2 kerbs.
911755614,way,not appliable,not appliable,this crossing intersects fewer than 2 kerbs. Generally each crossing should connect to at least 2 kerbs.
911764469,way,not appliable,not appliable,this crossing intersects fewer than 2 kerbs. Generally each crossing should connect to at least 2 kerbs.
911791740,way,not appliable,not appliable,this crossing intersects fewer than 2 kerbs. Generally each crossing should connect to at least 2 kerbs.
911816911,way,not appliable,not appliable,this crossing intersects fewer than 2 kerbs. Generally each crossing should connect to at least 2 kerbs.
911882981,way,not appliable,not appliable,this crossing intersects fewer than 2 kerbs. Generally each crossing should connect to at least 2 kerbs.
911969938,way,not appliable,not appliable,this crossing intersects fewer than 2 kerbs. Generally each crossing should connect to at least 2 kerbs.
912704928,way,not appliable,not appliable,this crossing intersects fewer than 2 kerbs. Generally each crossing should connect to at least 2 kerbs.
912704936,way,not appliable,not appliable,this crossing intersects fewer than 2 kerbs. Generally each crossing should connect to at least 2 kerbs.
912704940,way,not appliable,not appliable,this crossing intersects fewer than 2 kerbs. Generally each crossing should connect to at least 2 kerbs.
912704942,way,not appliable,not appliable,this crossing intersects fewer than 2 kerbs. Generally each crossing should connect to at least 2 kerbs.
912704943,way,not appliable,not appliable,this crossing intersects fewer than 2 kerbs. Generally each crossing should connect to at least 2 kerbs.
912736285,way,not appliable,not appliable,this crossing intersects fewer than 2 kerbs. Generally each crossing should connect to at least 2 kerbs.
912736286,way,not appliable,not appliable,this crossing intersects fewer than 2 kerbs. Generally each crossing should connect to at least 2 kerbs.
912810193,way,not appliable,not appliable,this crossing intersects fewer than 2 kerbs. Generally each crossing should connect to at least 2 kerbs.
912810194,way,not appliable,not appliable,this crossing intersects fewer than 2 kerbs. Generally each crossing should connect to at least 2 kerbs.
912824127,way,not appliable,not appliable,this crossing intersects fewer than 2 kerbs. Generally each crossing should connect to at least 2 kerbs.
913759709,way,not appliable,not appliable,this crossing intersects fewer than 2 kerbs. Generally each crossing should connect to at least 2 kerbs.
914505861,way,not appliable,not appliable,this crossing intersects fewer than 2 kerbs. Generally each crossing should connect to at least 2 kerbs.
914505866,way,not appliable,not appliable,this crossing intersects fewer than 2 kerbs. Generally each crossing should connect to at least 2 kerbs.
914642909,way,not appliable,not appliable,this crossing intersects fewer than 2 kerbs. Generally each crossing should connect to at least 2 kerbs.
914684216,way,not appliable,not appliable,this crossing intersects fewer than 2 kerbs. Generally each crossing should connect to at least 2 kerbs.
914935779,way,not appliable,not appliable,this crossing intersects fewer than 2 kerbs. Generally each crossing should connect to at least 2 kerbs.
914988806,way,not appliable,not appliable,this crossing intersects fewer than 2 kerbs. Generally each crossing should connect to at least 2 kerbs.
915891914,way,not appliable,not appliable,this crossing intersects fewer than 2 kerbs. Generally each crossing should connect to at least 2 kerbs.
915891923,way,not appliable,not appliable,this crossing intersects fewer than 2 kerbs. Generally each crossing should connect to at least 2 kerbs.
916598118,way,not appliable,not appliable,this crossing intersects fewer than 2 kerbs. Generally each crossing should connect to at least 2 kerbs.
917352909,way,not appliable,not appliable,this crossing intersects fewer than 2 kerbs. Generally each crossing should connect to at least 2 kerbs.
923136233,way,not appliable,not appliable,this crossing intersects fewer than 2 kerbs. Generally each crossing should connect to at least 2 kerbs.
931491803,way,not appliable,not appliable,this crossing intersects fewer than 2 kerbs. Generally each crossing should connect to at least 2 kerbs.
931731243,way,not appliable,not appliable,this crossing intersects fewer than 2 kerbs. Generally each crossing should connect to at least 2 kerbs.
932105359,way,not appliable,not appliable,this crossing intersects fewer than 2 kerbs. Generally each crossing should connect to at least 2 kerbs.
934249225,way,not appliable,not appliable,this crossing intersects fewer than 2 kerbs. Generally each crossing should connect to at least 2 kerbs.
935289444,way,not appliable,not appliable,this crossing intersects fewer than 2 kerbs. Generally each crossing should connect to at least 2 kerbs.
935316408,way,not appliable,not appliable,this crossing intersects fewer than 2 kerbs. Generally each crossing should connect to at least 2 kerbs.
935700154,way,not appliable,not appliable,this crossing intersects fewer than 2 kerbs. Generally each crossing should connect to at least 2 kerbs.
935737628,way,not appliable,not appliable,this crossing intersects fewer than 2 kerbs. Generally each crossing should connect to at least 2 kerbs.
935758346,way,not appliable,not appliable,this crossing intersects fewer than 2 kerbs. Generally each crossing should connect to at least 2 kerbs.
935758348,way,not appliable,not appliable,this crossing intersects fewer than 2 kerbs. Generally each crossing should connect to at least 2 kerbs.
935758350,way,not appliable,not appliable,this crossing intersects fewer than 2 kerbs. Generally each crossing should connect to at least 2 kerbs.
935758352,way,not appliable,not appliable,this crossing intersects fewer than 2 kerbs. Generally each crossing should connect to at least 2 kerbs.
935758353,way,not appliable,not appliable,this crossing intersects fewer than 2 kerbs. Generally each crossing should connect to at least 2 kerbs.
935758362,way,not appliable,not appliable,this crossing intersects fewer than 2 kerbs. Generally each crossing should connect to at least 2 kerbs.
935761491,way,not appliable,not appliable,this crossing intersects fewer than 2 kerbs. Generally each crossing should connect to at least 2 kerbs.
935761492,way,not appliable,not appliable,this crossing intersects fewer than 2 kerbs. Generally each crossing should connect to at least 2 kerbs.
936214780,way,not appliable,not appliable,this crossing intersects fewer than 2 kerbs. Generally each crossing should connect to at least 2 kerbs.
936759088,way,not appliable,not appliable,this crossing intersects fewer than 2 kerbs. Generally each crossing should connect to at least 2 kerbs.
936763789,way,not appliable,not appliable,this crossing intersects fewer than 2 kerbs. Generally each crossing should connect to at least 2 kerbs.
936763796,way,not appliable,not appliable,this crossing intersects fewer than 2 kerbs. Generally each crossing should connect to at least 2 kerbs.
936764035,way,not appliable,not appliable,this crossing intersects fewer than 2 kerbs. Generally each crossing should connect to at least 2 kerbs.
939276343,way,not appliable,not appliable,this crossing intersects fewer than 2 kerbs. Generally each crossing should connect to at least 2 kerbs.
939279276,way,not appliable,not appliable,this crossing intersects fewer than 2 kerbs. Generally each crossing should connect to at least 2 kerbs.
939288460,way,not appliable,not appliable,this crossing intersects fewer than 2 kerbs. Generally each crossing should connect to at least 2 kerbs.
939293242,way,not appliable,not appliable,this crossing intersects fewer than 2 kerbs. Generally each crossing should connect to at least 2 kerbs.
939298717,way,not appliable,not appliable,this crossing intersects fewer than 2 kerbs. Generally each crossing should connect to at least 2 kerbs.
939298718,way,not appliable,not appliable,this crossing intersects fewer than 2 kerbs. Generally each crossing should connect to at least 2 kerbs.
939784129,way,not appliable,not appliable,this crossing intersects fewer than 2 kerbs. Generally each crossing should connect to at least 2 kerbs.
939994009,way,not appliable,not appliable,this crossing intersects fewer than 2 kerbs. Generally each crossing should connect to at least 2 kerbs.
939994013,way,not appliable,not appliable,this crossing intersects fewer than 2 kerbs. Generally each crossing should connect to at least 2 kerbs.
940374395,way,not appliable,not appliable,this crossing intersects fewer than 2 kerbs. Generally each crossing should connect to at least 2 kerbs.
940733166,way,not appliable,not appliable,this crossing intersects fewer than 2 kerbs. Generally each crossing should connect to at least 2 kerbs.
940734888,way,not appliable,not appliable,this crossing intersects fewer than 2 kerbs. Generally each crossing should connect to at least 2 kerbs.
940741296,way,not appliable,not appliable,this crossing intersects fewer than 2 kerbs. Generally each crossing should connect to at least 2 kerbs.
940741298,way,not appliable,not appliable,this crossing intersects fewer than 2 kerbs. Generally each crossing should connect to at least 2 kerbs.
940754166,way,not appliable,not appliable,this crossing intersects fewer than 2 kerbs. Generally each crossing should connect to at least 2 kerbs.
941378751,way,not appliable,not appliable,this crossing intersects fewer than 2 kerbs. Generally each crossing should connect to at least 2 kerbs.
941378756,way,not appliable,not appliable,this crossing intersects fewer than 2 kerbs. Generally each crossing should connect to at least 2 kerbs.
941392202,way,not appliable,not appliable,this crossing intersects fewer than 2 kerbs. Generally each crossing should connect to at least 2 kerbs.
941392203,way,not appliable,not appliable,this crossing intersects fewer than 2 kerbs. Generally each crossing should connect to at least 2 kerbs.
941403095,way,not appliable,not appliable,this crossing intersects fewer than 2 kerbs. Generally each crossing should connect to at least 2 kerbs.
941403101,way,not appliable,not appliable,this crossing intersects fewer than 2 kerbs. Generally each crossing should connect to at least 2 kerbs.
941403102,way,not appliable,not appliable,this crossing intersects fewer than 2 kerbs. Generally each crossing should connect to at least 2 kerbs.
941403103,way,not appliable,not appliable,this crossing intersects fewer than 2 kerbs. Generally each crossing should connect to at least 2 kerbs.
941423036,way,not appliable,not appliable,this crossing intersects fewer than 2 kerbs. Generally each crossing should connect to at least 2 kerbs.
941423050,way,not appliable,not appliable,this crossing intersects fewer than 2 kerbs. Generally each crossing should connect to at least 2 kerbs.
941423057,way,not appliable,not appliable,this crossing intersects fewer than 2 kerbs. Generally each crossing should connect to at least 2 kerbs.
941426995,way,not appliable,not appliable,this crossing intersects fewer than 2 kerbs. Generally each crossing should connect to at least 2 kerbs.
941427275,way,not appliable,not appliable,this crossing intersects fewer than 2 kerbs. Generally each crossing should connect to at least 2 kerbs.
941435824,way,not appliable,not appliable,this crossing intersects fewer than 2 kerbs. Generally each crossing should connect to at least 2 kerbs.
941435826,way,not appliable,not appliable,this crossing intersects fewer than 2 kerbs. Generally each crossing should connect to at least 2 kerbs.
941435827,way,not appliable,not appliable,this crossing intersects fewer than 2 kerbs. Generally each crossing should connect to at least 2 kerbs.
941435831,way,not appliable,not appliable,this crossing intersects fewer than 2 kerbs. Generally each crossing should connect to at least 2 kerbs.
941441950,way,not appliable,not appliable,this crossing intersects fewer than 2 kerbs. Generally each crossing should connect to at least 2 kerbs.
941452469,way,not appliable,not appliable,this crossing intersects fewer than 2 kerbs. Generally each crossing should connect to at least 2 kerbs.
941809270,way,not appliable,not appliable,this crossing intersects fewer than 2 kerbs. Generally each crossing should connect to at least 2 kerbs.
945534022,way,not appliable,not appliable,this crossing intersects fewer than 2 kerbs. Generally each crossing should connect to at least 2 kerbs.
945534026,way,not appliable,not appliable,this crossing intersects fewer than 2 kerbs. Generally each crossing should connect to at least 2 kerbs.
947212141,way,not appliable,not appliable,this crossing intersects fewer than 2 kerbs. Generally each crossing should connect to at least 2 kerbs.
947386102,way,not appliable,not appliable,this crossing intersects fewer than 2 kerbs. Generally each crossing should connect to at least 2 kerbs.
964234684,way,not appliable,not appliable,this crossing intersects fewer than 2 kerbs. Generally each crossing should connect to at least 2 kerbs.
968937409,way,not appliable,not appliable,this crossing intersects fewer than 2 kerbs. Generally each crossing should connect to at least 2 kerbs.
970500249,way,not appliable,not appliable,this crossing intersects fewer than 2 kerbs. Generally each crossing should connect to at least 2 kerbs.
970500264,way,not appliable,not appliable,this crossing intersects fewer than 2 kerbs. Generally each crossing should connect to at least 2 kerbs.
970500266,way,not appliable,not appliable,this crossing intersects fewer than 2 kerbs. Generally each crossing should connect to at least 2 kerbs.
970500286,way,not appliable,not appliable,this crossing intersects fewer than 2 kerbs. Generally each crossing should connect to at least 2 kerbs.
972069082,way,not appliable,not appliable,this crossing intersects fewer than 2 kerbs. Generally each crossing should connect to at least 2 kerbs.
972069085,way,not appliable,not appliable,this crossing intersects fewer than 2 kerbs. Generally each crossing should connect to at least 2 kerbs.
972173735,way,not appliable,not appliable,this crossing intersects fewer than 2 kerbs. Generally each crossing should connect to at least 2 kerbs.
972173737,way,not appliable,not appliable,this crossing intersects fewer than 2 kerbs. Generally each crossing should connect to at least 2 kerbs.
972173739,way,not appliable,not appliable,this crossing intersects fewer than 2 kerbs. Generally each crossing should connect to at least 2 kerbs.
973084066,way,not appliable,not appliable,this crossing intersects fewer than 2 kerbs. Generally each crossing should connect to at least 2 kerbs.
973439330,way,not appliable,not appliable,this crossing intersects fewer than 2 kerbs. Generally each crossing should connect to at least 2 kerbs.
973439333,way,not appliable,not appliable,this crossing intersects fewer than 2 kerbs. Generally each crossing should connect to at least 2 kerbs.
974039853,way,not appliable,not appliable,this crossing intersects fewer than 2 kerbs. Generally each crossing should connect to at least 2 kerbs.
974378300,way,not appliable,not appliable,this crossing intersects fewer than 2 kerbs. Generally each crossing should connect to at least 2 kerbs.
975896944,way,not appliable,not appliable,this crossing intersects fewer than 2 kerbs. Generally each crossing should connect to at least 2 kerbs.
981847186,way,not appliable,not appliable,this crossing intersects fewer than 2 kerbs. Generally each crossing should connect to at least 2 kerbs.
981854033,way,not appliable,not appliable,this crossing intersects fewer than 2 kerbs. Generally each crossing should connect to at least 2 kerbs.
981854035,way,not appliable,not appliable,this crossing intersects fewer than 2 kerbs. Generally each crossing should connect to at least 2 kerbs.
982053661,way,not appliable,not appliable,this crossing intersects fewer than 2 kerbs. Generally each crossing should connect to at least 2 kerbs.
986062346,way,not appliable,not appliable,this crossing intersects fewer than 2 kerbs. Generally each crossing should connect to at least 2 kerbs.
986062348,way,not appliable,not appliable,this crossing intersects fewer than 2 kerbs. Generally each crossing should connect to at least 2 kerbs.
986062350,way,not appliable,not appliable,this crossing intersects fewer than 2 kerbs. Generally each crossing should connect to at least 2 kerbs.
987231956,way,not appliable,not appliable,this crossing intersects fewer than 2 kerbs. Generally each crossing should connect to at least 2 kerbs.
995344351,way,not appliable,not appliable,this crossing intersects fewer than 2 kerbs. Generally each crossing should connect to at least 2 kerbs.
995344352,way,not appliable,not appliable,this crossing intersects fewer than 2 kerbs. Generally each crossing should connect to at least 2 kerbs.
996057859,way,not appliable,not appliable,this crossing intersects fewer than 2 kerbs. Generally each crossing should connect to at least 2 kerbs.
996675127,way,not appliable,not appliable,this crossing intersects fewer than 2 kerbs. Generally each crossing should connect to at least 2 kerbs.
996675128,way,not appliable,not appliable,this crossing intersects fewer than 2 kerbs. Generally each crossing should connect to at least 2 kerbs.
996675130,way,not appliable,not appliable,this crossing intersects fewer than 2 kerbs. Generally each crossing should connect to at least 2 kerbs.
996675131,way,not appliable,not appliable,this crossing intersects fewer than 2 kerbs. Generally each crossing should connect to at least 2 kerbs.
996675133,way,not appliable,not appliable,this crossing intersects fewer than 2 kerbs. Generally each crossing should connect to at least 2 kerbs.
996675134,way,not appliable,not appliable,this crossing intersects fewer than 2 kerbs. Generally each crossing should connect to at least 2 kerbs.
1000054856,way,not appliable,not appliable,this crossing intersects fewer than 2 kerbs. Generally each crossing should connect to at least 2 kerbs.
1000054867,way,not appliable,not appliable,this crossing intersects fewer than 2 kerbs. Generally each crossing should connect to at least 2 kerbs.
1005806005,way,not appliable,not appliable,this crossing intersects fewer than 2 kerbs. Generally each crossing should connect to at least 2 kerbs.
1008637100,way,not appliable,not appliable,this crossing intersects fewer than 2 kerbs. Generally each crossing should connect to at least 2 kerbs.
1011910367,way,not appliable,not appliable,this crossing intersects fewer than 2 kerbs. Generally each crossing should connect to at least 2 kerbs.
1022396990,way,not appliable,not appliable,this crossing intersects fewer than 2 kerbs. Generally each crossing should connect to at least 2 kerbs.
1024379771,way,not appliable,not appliable,this crossing intersects fewer than 2 kerbs. Generally each crossing should connect to at least 2 kerbs.
1033959949,way,not appliable,not appliable,this crossing intersects fewer than 2 kerbs. Generally each crossing should connect to at least 2 kerbs.
1050662487,way,not appliable,not appliable,this crossing intersects fewer than 2 kerbs. Generally each crossing should connect to at least 2 kerbs.
1056618565,way,not appliable,not appliable,this crossing intersects fewer than 2 kerbs. Generally each crossing should connect to at least 2 kerbs.
1056914028,way,not appliable,not appliable,this crossing intersects fewer than 2 kerbs. Generally each crossing should connect to at least 2 kerbs.
1062365624,way,not appliable,not appliable,this crossing intersects fewer than 2 kerbs. Generally each crossing should connect to at least 2 kerbs.
1063611405,way,not appliable,not appliable,this crossing intersects fewer than 2 kerbs. Generally each crossing should connect to at least 2 kerbs.
1065108841,way,not appliable,not appliable,this crossing intersects fewer than 2 kerbs. Generally each crossing should connect to at least 2 kerbs.
1071321550,way,not appliable,not appliable,this crossing intersects fewer than 2 kerbs. Generally each crossing should connect to at least 2 kerbs.
1071362238,way,not appliable,not appliable,this crossing intersects fewer than 2 kerbs. Generally each crossing should connect to at least 2 kerbs.
1071586005,way,not appliable,not appliable,this crossing intersects fewer than 2 kerbs. Generally each crossing should connect to at least 2 kerbs.
1071586019,way,not appliable,not appliable,this crossing intersects fewer than 2 kerbs. Generally each crossing should connect to at least 2 kerbs.
1071678697,way,not appliable,not appliable,this crossing intersects fewer than 2 kerbs. Generally each crossing should connect to at least 2 kerbs.
1071685517,way,not appliable,not appliable,this crossing intersects fewer than 2 kerbs. Generally each crossing should connect to at least 2 kerbs.
1071685522,way,not appliable,not appliable,this crossing intersects fewer than 2 kerbs. Generally each crossing should connect to at least 2 kerbs.
1071685528,way,not appliable,not appliable,this crossing intersects fewer than 2 kerbs. Generally each crossing should connect to at least 2 kerbs.
1071691026,way,not appliable,not appliable,this crossing intersects fewer than 2 kerbs. Generally each crossing should connect to at least 2 kerbs.
1071691027,way,not appliable,not appliable,this crossing intersects fewer than 2 kerbs. Generally each crossing should connect to at least 2 kerbs.
1071692179,way,not appliable,not appliable,this crossing intersects fewer than 2 kerbs. Generally each crossing should connect to at least 2 kerbs.
1071700056,way,not appliable,not appliable,this crossing intersects fewer than 2 kerbs. Generally each crossing should connect to at least 2 kerbs.
1071721338,way,not appliable,not appliable,this crossing intersects fewer than 2 kerbs. Generally each crossing should connect to at least 2 kerbs.
1075542138,way,not appliable,not appliable,this crossing intersects fewer than 2 kerbs. Generally each crossing should connect to at least 2 kerbs.
1076838541,way,not appliable,not appliable,this crossing intersects fewer than 2 kerbs. Generally each crossing should connect to at least 2 kerbs.
1076912822,way,not appliable,not appliable,this crossing intersects fewer than 2 kerbs. Generally each crossing should connect to at least 2 kerbs.
1078867918,way,not appliable,not appliable,this crossing intersects fewer than 2 kerbs. Generally each crossing should connect to at least 2 kerbs.
1084070968,way,not appliable,not appliable,this crossing intersects fewer than 2 kerbs. Generally each crossing should connect to at least 2 kerbs.
1086315751,way,not appliable,not appliable,this crossing intersects fewer than 2 kerbs. Generally each crossing should connect to at least 2 kerbs.
1088938054,way,not appliable,not appliable,this crossing intersects fewer than 2 kerbs. Generally each crossing should connect to at least 2 kerbs.
1090917864,way,not appliable,not appliable,this crossing intersects fewer than 2 kerbs. Generally each crossing should connect to at least 2 kerbs.
1092235190,way,not appliable,not appliable,this crossing intersects fewer than 2 kerbs. Generally each crossing should connect to at least 2 kerbs.
1092235191,way,not appliable,not appliable,this crossing intersects fewer than 2 kerbs. Generally each crossing should connect to at least 2 kerbs.
1095256890,way,not appliable,not appliable,this crossing intersects fewer than 2 kerbs. Generally each crossing should connect to at least 2 kerbs.
1096144819,way,not appliable,not appliable,this crossing intersects fewer than 2 kerbs. Generally each crossing should connect to at least 2 kerbs.
1096406867,way,not appliable,not appliable,this crossing intersects fewer than 2 kerbs. Generally each crossing should connect to at least 2 kerbs.
1104033322,way,not appliable,not appliable,this crossing intersects fewer than 2 kerbs. Generally each crossing should connect to at least 2 kerbs.
1104921782,way,not appliable,not appliable,this crossing intersects fewer than 2 kerbs. Generally each crossing should connect to at least 2 kerbs.
1105016713,way,not appliable,not appliable,this crossing intersects fewer than 2 kerbs. Generally each crossing should connect to at least 2 kerbs.
1105093616,way,not appliable,not appliable,this crossing intersects fewer than 2 kerbs. Generally each crossing should connect to at least 2 kerbs.
1105674708,way,not appliable,not appliable,this crossing intersects fewer than 2 kerbs. Generally each crossing should connect to at least 2 kerbs.
1120931346,way,not appliable,not appliable,this crossing intersects fewer than 2 kerbs. Generally each crossing should connect to at least 2 kerbs.
1149892697,way,not appliable,not appliable,this crossing intersects fewer than 2 kerbs. Generally each crossing should connect to at least 2 kerbs.
1149892699,way,not appliable,not appliable,this crossing intersects fewer than 2 kerbs. Generally each crossing should connect to at least 2 kerbs.
1150486065,way,not appliable,not appliable,this crossing intersects fewer than 2 kerbs. Generally each crossing should connect to at least 2 kerbs.
1150486068,way,not appliable,not appliable,this crossing intersects fewer than 2 kerbs. Generally each crossing should connect to at least 2 kerbs.
1150486069,way,not appliable,not appliable,this crossing intersects fewer than 2 kerbs. Generally each crossing should connect to at least 2 kerbs.
1166132869,way,not appliable,not appliable,this crossing intersects fewer than 2 kerbs. Generally each crossing should connect to at least 2 kerbs.
1182211399,way,not appliable,not appliable,this crossing intersects fewer than 2 kerbs. Generally each crossing should connect to at least 2 kerbs.
1200607532,way,not appliable,not appliable,this crossing intersects fewer than 2 kerbs. Generally each crossing should connect to at least 2 kerbs.
1200615189,way,not appliable,not appliable,this crossing intersects fewer than 2 kerbs. Generally each crossing should connect to at least 2 kerbs.
1200616255,way,not appliable,not appliable,this crossing intersects fewer than 2 kerbs. Generally each crossing should connect to at least 2 kerbs.
1200623909,way,not appliable,not appliable,this crossing intersects fewer than 2 kerbs. Generally each crossing should connect to at least 2 kerbs.
1202962271,way,not appliable,not appliable,this crossing intersects fewer than 2 kerbs. Generally each crossing should connect to at least 2 kerbs.
1204848978,way,not appliable,not appliable,this crossing intersects fewer than 2 kerbs. Generally each crossing should connect to at least 2 kerbs.
1204848986,way,not appliable,not appliable,this crossing intersects fewer than 2 kerbs. Generally each crossing should connect to at least 2 kerbs.
1204848988,way,not appliable,not appliable,this crossing intersects fewer than 2 kerbs. Generally each crossing should connect to at least 2 kerbs.
1204977419,way,not appliable,not appliable,this crossing intersects fewer than 2 kerbs. Generally each crossing should connect to at least 2 kerbs.
1204977420,way,not appliable,not appliable,this crossing intersects fewer than 2 kerbs. Generally each crossing should connect to at least 2 kerbs.
1205417998,way,not appliable,not appliable,this crossing intersects fewer than 2 kerbs. Generally each crossing should connect to at least 2 kerbs.
1205418002,way,not appliable,not appliable,this crossing intersects fewer than 2 kerbs. Generally each crossing should connect to at least 2 kerbs.
1205418003,way,not appliable,not appliable,this crossing intersects fewer than 2 kerbs. Generally each crossing should connect to at least 2 kerbs.
1212118807,way,not appliable,not appliable,this crossing intersects fewer than 2 kerbs. Generally each crossing should connect to at least 2 kerbs.
1212118811,way,not appliable,not appliable,this crossing intersects fewer than 2 kerbs. Generally each crossing should connect to at least 2 kerbs.
1214829282,way,not appliable,not appliable,this crossing intersects fewer than 2 kerbs. Generally each crossing should connect to at least 2 kerbs.
1214831682,way,not appliable,not appliable,this crossing intersects fewer than 2 kerbs. Generally each crossing should connect to at least 2 kerbs.
1215371113,way,not appliable,not appliable,this crossing intersects fewer than 2 kerbs. Generally each crossing should connect to at least 2 kerbs.
1215371118,way,not appliable,not appliable,this crossing intersects fewer than 2 kerbs. Generally each crossing should connect to at least 2 kerbs.
1215641797,way,not appliable,not appliable,this crossing intersects fewer than 2 kerbs. Generally each crossing should connect to at least 2 kerbs.
1215647678,way,not appliable,not appliable,this crossing intersects fewer than 2 kerbs. Generally each crossing should connect to at least 2 kerbs.
1215869716,way,not appliable,not appliable,this crossing intersects fewer than 2 kerbs. Generally each crossing should connect to at least 2 kerbs.
1215869717,way,not appliable,not appliable,this crossing intersects fewer than 2 kerbs. Generally each crossing should connect to at least 2 kerbs.
1215869731,way,not appliable,not appliable,this crossing intersects fewer than 2 kerbs. Generally each crossing should connect to at least 2 kerbs.
1215872824,way,not appliable,not appliable,this crossing intersects fewer than 2 kerbs. Generally each crossing should connect to at least 2 kerbs.
1215872827,way,not appliable,not appliable,this crossing intersects fewer than 2 kerbs. Generally each crossing should connect to at least 2 kerbs.
1215980976,way,not appliable,not appliable,this crossing intersects fewer than 2 kerbs. Generally each crossing should connect to at least 2 kerbs.
1216308665,way,not appliable,not appliable,this crossing intersects fewer than 2 kerbs. Generally each crossing should connect to at least 2 kerbs.
1217192513,way,not appliable,not appliable,this crossing intersects fewer than 2 kerbs. Generally each crossing should connect to at least 2 kerbs.
1217302096,way,not appliable,not appliable,this crossing intersects fewer than 2 kerbs. Generally each crossing should connect to at least 2 kerbs.
1217525873,way,not appliable,not appliable,this crossing intersects fewer than 2 kerbs. Generally each crossing should connect to at least 2 kerbs.
1217525875,way,not appliable,not appliable,this crossing intersects fewer than 2 kerbs. Generally each crossing should connect to at least 2 kerbs.
1217872692,way,not appliable,not appliable,this crossing intersects fewer than 2 kerbs. Generally each crossing should connect to at least 2 kerbs.
1218568712,way,not appliable,not appliable,this crossing intersects fewer than 2 kerbs. Generally each crossing should connect to at least 2 kerbs.
1218568714,way,not appliable,not appliable,this crossing intersects fewer than 2 kerbs. Generally each crossing should connect to at least 2 kerbs.
1218568717,way,not appliable,not appliable,this crossing intersects fewer than 2 kerbs. Generally each crossing should connect to at least 2 kerbs.
1219083946,way,not appliable,not appliable,this crossing intersects fewer than 2 kerbs. Generally each crossing should connect to at least 2 kerbs.
1225271489,way,not appliable,not appliable,this crossing intersects fewer than 2 kerbs. Generally each crossing should connect to at least 2 kerbs.
1225298198,way,not appliable,not appliable,this crossing intersects fewer than 2 kerbs. Generally each crossing should connect to at least 2 kerbs.
1226536434,way,not appliable,not appliable,this crossing intersects fewer than 2 kerbs. Generally each crossing should connect to at least 2 kerbs.
1226745522,way,not appliable,not appliable,this crossing intersects fewer than 2 kerbs. Generally each crossing should connect to at least 2 kerbs.
1226756702,way,not appliable,not appliable,this crossing intersects fewer than 2 kerbs. Generally each crossing should connect to at least 2 kerbs.
1226756707,way,not appliable,not appliable,this crossing intersects fewer than 2 kerbs. Generally each crossing should connect to at least 2 kerbs.
1226771965,way,not appliable,not appliable,this crossing intersects fewer than 2 kerbs. Generally each crossing should connect to at least 2 kerbs.
1226774284,way,not appliable,not appliable,this crossing intersects fewer than 2 kerbs. Generally each crossing should connect to at least 2 kerbs.
1226774285,way,not appliable,not appliable,this crossing intersects fewer than 2 kerbs. Generally each crossing should connect to at least 2 kerbs.
1226774286,way,not appliable,not appliable,this crossing intersects fewer than 2 kerbs. Generally each crossing should connect to at least 2 kerbs.
1226774287,way,not appliable,not appliable,this crossing intersects fewer than 2 kerbs. Generally each crossing should connect to at least 2 kerbs.
1226774294,way,not appliable,not appliable,this crossing intersects fewer than 2 kerbs. Generally each crossing should connect to at least 2 kerbs.
1226774298,way,not appliable,not appliable,this crossing intersects fewer than 2 kerbs. Generally each crossing should connect to at least 2 kerbs.
1226955163,way,not appliable,not appliable,this crossing intersects fewer than 2 kerbs. Generally each crossing should connect to at least 2 kerbs.
1227032277,way,not appliable,not appliable,this crossing intersects fewer than 2 kerbs. Generally each crossing should connect to at least 2 kerbs.
1227032278,way,not appliable,not appliable,this crossing intersects fewer than 2 kerbs. Generally each crossing should connect to at least 2 kerbs.
1227051477,way,not appliable,not appliable,this crossing intersects fewer than 2 kerbs. Generally each crossing should connect to at least 2 kerbs.
1227232336,way,not appliable,not appliable,this crossing intersects fewer than 2 kerbs. Generally each crossing should connect to at least 2 kerbs.
1227232345,way,not appliable,not appliable,this crossing intersects fewer than 2 kerbs. Generally each crossing should connect to at least 2 kerbs.
1227232355,way,not appliable,not appliable,this crossing intersects fewer than 2 kerbs. Generally each crossing should connect to at least 2 kerbs.
1227239731,way,not appliable,not appliable,this crossing intersects fewer than 2 kerbs. Generally each crossing should connect to at least 2 kerbs.
1227239735,way,not appliable,not appliable,this crossing intersects fewer than 2 kerbs. Generally each crossing should connect to at least 2 kerbs.
1227405289,way,not appliable,not appliable,this crossing intersects fewer than 2 kerbs. Generally each crossing should connect to at least 2 kerbs.
1227405294,way,not appliable,not appliable,this crossing intersects fewer than 2 kerbs. Generally each crossing should connect to at least 2 kerbs.
1227405295,way,not appliable,not appliable,this crossing intersects fewer than 2 kerbs. Generally each crossing should connect to at least 2 kerbs.
1228641915,way,not appliable,not appliable,this crossing intersects fewer than 2 kerbs. Generally each crossing should connect to at least 2 kerbs.
1228647864,way,not appliable,not appliable,this crossing intersects fewer than 2 kerbs. Generally each crossing should connect to at least 2 kerbs.
1228721540,way,not appliable,not appliable,this crossing intersects fewer than 2 kerbs. Generally each crossing should connect to at least 2 kerbs.
1228722885,way,not appliable,not appliable,this crossing intersects fewer than 2 kerbs. Generally each crossing should connect to at least 2 kerbs.
1228725111,way,not appliable,not appliable,this crossing intersects fewer than 2 kerbs. Generally each crossing should connect to at least 2 kerbs.
1228727922,way,not appliable,not appliable,this crossing intersects fewer than 2 kerbs. Generally each crossing should connect to at least 2 kerbs.
1228727923,way,not appliable,not appliable,this crossing intersects fewer than 2 kerbs. Generally each crossing should connect to at least 2 kerbs.
1228751601,way,not appliable,not appliable,this crossing intersects fewer than 2 kerbs. Generally each crossing should connect to at least 2 kerbs.
1228801489,way,not appliable,not appliable,this crossing intersects fewer than 2 kerbs. Generally each crossing should connect to at least 2 kerbs.
1228801490,way,not appliable,not appliable,this crossing intersects fewer than 2 kerbs. Generally each crossing should connect to at least 2 kerbs.
1228801491,way,not appliable,not appliable,this crossing intersects fewer than 2 kerbs. Generally each crossing should connect to at least 2 kerbs.
1228801492,way,not appliable,not appliable,this crossing intersects fewer than 2 kerbs. Generally each crossing should connect to at least 2 kerbs.
1228801494,way,not appliable,not appliable,this crossing intersects fewer than 2 kerbs. Generally each crossing should connect to at least 2 kerbs.
1228801495,way,not appliable,not appliable,this crossing intersects fewer than 2 kerbs. Generally each crossing should connect to at least 2 kerbs.
1228801496,way,not appliable,not appliable,this crossing intersects fewer than 2 kerbs. Generally each crossing should connect to at least 2 kerbs.
1228801497,way,not appliable,not appliable,this crossing intersects fewer than 2 kerbs. Generally each crossing should connect to at least 2 kerbs.
1228801498,way,not appliable,not appliable,this crossing intersects fewer than 2 kerbs. Generally each crossing should connect to at least 2 kerbs.
1228801499,way,not appliable,not appliable,this crossing intersects fewer than 2 kerbs. Generally each crossing should connect to at least 2 kerbs.
1228801500,way,not appliable,not appliable,this crossing intersects fewer than 2 kerbs. Generally each crossing should connect to at least 2 kerbs.
1229159317,way,not appliable,not appliable,this crossing intersects fewer than 2 kerbs. Generally each crossing should connect to at least 2 kerbs.
1229159318,way,not appliable,not appliable,this crossing intersects fewer than 2 kerbs. Generally each crossing should connect to at least 2 kerbs.
1229159326,way,not appliable,not appliable,this crossing intersects fewer than 2 kerbs. Generally each crossing should connect to at least 2 kerbs.
1231361806,way,not appliable,not appliable,this crossing intersects fewer than 2 kerbs. Generally each crossing should connect to at least 2 kerbs.
1231555322,way,not appliable,not appliable,this crossing intersects fewer than 2 kerbs. Generally each crossing should connect to at least 2 kerbs.
1231555323,way,not appliable,not appliable,this crossing intersects fewer than 2 kerbs. Generally each crossing should connect to at least 2 kerbs.
1231555324,way,not appliable,not appliable,this crossing intersects fewer than 2 kerbs. Generally each crossing should connect to at least 2 kerbs.
1231555325,way,not appliable,not appliable,this crossing intersects fewer than 2 kerbs. Generally each crossing should connect to at least 2 kerbs.
1231555339,way,not appliable,not appliable,this crossing intersects fewer than 2 kerbs. Generally each crossing should connect to at least 2 kerbs.
1232000917,way,not appliable,not appliable,this crossing intersects fewer than 2 kerbs. Generally each crossing should connect to at least 2 kerbs.
1237211134,way,not appliable,not appliable,this crossing intersects fewer than 2 kerbs. Generally each crossing should connect to at least 2 kerbs.
1240859780,way,not appliable,not appliable,this crossing intersects fewer than 2 kerbs. Generally each crossing should connect to at least 2 kerbs.
1241348511,way,not appliable,not appliable,this crossing intersects fewer than 2 kerbs. Generally each crossing should connect to at least 2 kerbs.
1244939354,way,not appliable,not appliable,this crossing intersects fewer than 2 kerbs. Generally each crossing should connect to at least 2 kerbs.
1244939355,way,not appliable,not appliable,this crossing intersects fewer than 2 kerbs. Generally each crossing should connect to at least 2 kerbs.
1245946474,way,not appliable,not appliable,this crossing intersects fewer than 2 kerbs. Generally each crossing should connect to at least 2 kerbs.
1253777063,way,not appliable,not appliable,this crossing intersects fewer than 2 kerbs. Generally each crossing should connect to at least 2 kerbs.
1259387398,way,not appliable,not appliable,this crossing intersects fewer than 2 kerbs. Generally each crossing should connect to at least 2 kerbs.
1259513079,way,not appliable,not appliable,this crossing intersects fewer than 2 kerbs. Generally each crossing should connect to at least 2 kerbs.
1259513080,way,not appliable,not appliable,this crossing intersects fewer than 2 kerbs. Generally each crossing should connect to at least 2 kerbs.
1263749160,way,not appliable,not appliable,this crossing intersects fewer than 2 kerbs. Generally each crossing should connect to at least 2 kerbs.
1263749165,way,not appliable,not appliable,this crossing intersects fewer than 2 kerbs. Generally each crossing should connect to at least 2 kerbs.
1263749172,way,not appliable,not appliable,this crossing intersects fewer than 2 kerbs. Generally each crossing should connect to at least 2 kerbs.
1268672159,way,not appliable,not appliable,this crossing intersects fewer than 2 kerbs. Generally each crossing should connect to at least 2 kerbs.
1270422257,way,not appliable,not appliable,this crossing intersects fewer than 2 kerbs. Generally each crossing should connect to at least 2 kerbs.
1272123399,way,not appliable,not appliable,this crossing intersects fewer than 2 kerbs. Generally each crossing should connect to at least 2 kerbs.
1272207045,way,not appliable,not appliable,this crossing intersects fewer than 2 kerbs. Generally each crossing should connect to at least 2 kerbs.
1274413873,way,not appliable,not appliable,this crossing intersects fewer than 2 kerbs. Generally each crossing should connect to at least 2 kerbs.
1274413874,way,not appliable,not appliable,this crossing intersects fewer than 2 kerbs. Generally each crossing should connect to at least 2 kerbs.
1276043193,way,not appliable,not appliable,this crossing intersects fewer than 2 kerbs. Generally each crossing should connect to at least 2 kerbs.
1276058844,way,not appliable,not appliable,this crossing intersects fewer than 2 kerbs. Generally each crossing should connect to at least 2 kerbs.
1276058848,way,not appliable,not appliable,this crossing intersects fewer than 2 kerbs. Generally each crossing should connect to at least 2 kerbs.
1276058852,way,not appliable,not appliable,this crossing intersects fewer than 2 kerbs. Generally each crossing should connect to at least 2 kerbs.
1279738298,way,not appliable,not appliable,this crossing intersects fewer than 2 kerbs. Generally each crossing should connect to at least 2 kerbs.
1279779457,way,not appliable,not appliable,this crossing intersects fewer than 2 kerbs. Generally each crossing should connect to at least 2 kerbs.
1280237417,way,not appliable,not appliable,this crossing intersects fewer than 2 kerbs. Generally each crossing should connect to at least 2 kerbs.
1280621728,way,not appliable,not appliable,this crossing intersects fewer than 2 kerbs. Generally each crossing should connect to at least 2 kerbs.
1280621730,way,not appliable,not appliable,this crossing intersects fewer than 2 kerbs. Generally each crossing should connect to at least 2 kerbs.
1281984485,way,not appliable,not appliable,this crossing intersects fewer than 2 kerbs. Generally each crossing should connect to at least 2 kerbs.
1282769784,way,not appliable,not appliable,this crossing intersects fewer than 2 kerbs. Generally each crossing should connect to at least 2 kerbs.
1282769786,way,not appliable,not appliable,this crossing intersects fewer than 2 kerbs. Generally each crossing should connect to at least 2 kerbs.
1282769787,way,not appliable,not appliable,this crossing intersects fewer than 2 kerbs. Generally each crossing should connect to at least 2 kerbs.
1286411309,way,not appliable,not appliable,this crossing intersects fewer than 2 kerbs. Generally each crossing should connect to at least 2 kerbs.
1286411310,way,not appliable,not appliable,this crossing intersects fewer than 2 kerbs. Generally each crossing should connect to at least 2 kerbs.
1286411311,way,not appliable,not appliable,this crossing intersects fewer than 2 kerbs. Generally each crossing should connect to at least 2 kerbs.
1286411312,way,not appliable,not appliable,this crossing intersects fewer than 2 kerbs. Generally each crossing should connect to at least 2 kerbs.
1286411313,way,not appliable,not appliable,this crossing intersects fewer than 2 kerbs. Generally each crossing should connect to at least 2 kerbs.
1286411314,way,not appliable,not appliable,this crossing intersects fewer than 2 kerbs. Generally each crossing should connect to at least 2 kerbs.
1286411315,way,not appliable,not appliable,this crossing intersects fewer than 2 kerbs. Generally each crossing should connect to at least 2 kerbs.
1286411316,way,not appliable,not appliable,this crossing intersects fewer than 2 kerbs. Generally each crossing should connect to at least 2 kerbs.
1286411317,way,not appliable,not appliable,this crossing intersects fewer than 2 kerbs. Generally each crossing should connect to at least 2 kerbs.
1286411318,way,not appliable,not appliable,this crossing intersects fewer than 2 kerbs. Generally each crossing should connect to at least 2 kerbs.
1286411320,way,not appliable,not appliable,this crossing intersects fewer than 2 kerbs. Generally each crossing should connect to at least 2 kerbs.
1286411321,way,not appliable,not appliable,this crossing intersects fewer than 2 kerbs. Generally each crossing should connect to at least 2 kerbs.
1286411322,way,not appliable,not appliable,this crossing intersects fewer than 2 kerbs. Generally each crossing should connect to at least 2 kerbs.
1286411324,way,not appliable,not appliable,this crossing intersects fewer than 2 kerbs. Generally each crossing should connect to at least 2 kerbs.
1286411325,way,not appliable,not appliable,this crossing intersects fewer than 2 kerbs. Generally each crossing should connect to at least 2 kerbs.
1286411326,way,not appliable,not appliable,this crossing intersects fewer than 2 kerbs. Generally each crossing should connect to at least 2 kerbs.
1286411327,way,not appliable,not appliable,this crossing intersects fewer than 2 kerbs. Generally each crossing should connect to at least 2 kerbs.
1286411328,way,not appliable,not appliable,this crossing intersects fewer than 2 kerbs. Generally each crossing should connect to at least 2 kerbs.
1286411329,way,not appliable,not appliable,this crossing intersects fewer than 2 kerbs. Generally each crossing should connect to at least 2 kerbs.
1286411330,way,not appliable,not appliable,this crossing intersects fewer than 2 kerbs. Generally each crossing should connect to at least 2 kerbs.
1286411333,way,not appliable,not appliable,this crossing intersects fewer than 2 kerbs. Generally each crossing should connect to at least 2 kerbs.
1286411344,way,not appliable,not appliable,this crossing intersects fewer than 2 kerbs. Generally each crossing should connect to at least 2 kerbs.
1286447480,way,not appliable,not appliable,this crossing intersects fewer than 2 kerbs. Generally each crossing should connect to at least 2 kerbs.
1286447481,way,not appliable,not appliable,this crossing intersects fewer than 2 kerbs. Generally each crossing should connect to at least 2 kerbs.
1286447482,way,not appliable,not appliable,this crossing intersects fewer than 2 kerbs. Generally each crossing should connect to at least 2 kerbs.
1286447484,way,not appliable,not appliable,this crossing intersects fewer than 2 kerbs. Generally each crossing should connect to at least 2 kerbs.
1286447485,way,not appliable,not appliable,this crossing intersects fewer than 2 kerbs. Generally each crossing should connect to at least 2 kerbs.
1286447486,way,not appliable,not appliable,this crossing intersects fewer than 2 kerbs. Generally each crossing should connect to at least 2 kerbs.
1286447487,way,not appliable,not appliable,this crossing intersects fewer than 2 kerbs. Generally each crossing should connect to at least 2 kerbs.
1286447504,way,not appliable,not appliable,this crossing intersects fewer than 2 kerbs. Generally each crossing should connect to at least 2 kerbs.
1286447505,way,not appliable,not appliable,this crossing intersects fewer than 2 kerbs. Generally each crossing should connect to at least 2 kerbs.
1286447508,way,not appliable,not appliable,this crossing intersects fewer than 2 kerbs. Generally each crossing should connect to at least 2 kerbs.
1286447509,way,not appliable,not appliable,this crossing intersects fewer than 2 kerbs. Generally each crossing should connect to at least 2 kerbs.
1286447511,way,not appliable,not appliable,this crossing intersects fewer than 2 kerbs. Generally each crossing should connect to at least 2 kerbs.
1286447512,way,not appliable,not appliable,this crossing intersects fewer than 2 kerbs. Generally each crossing should connect to at least 2 kerbs.
1286447513,way,not appliable,not appliable,this crossing intersects fewer than 2 kerbs. Generally each crossing should connect to at least 2 kerbs.
1286447516,way,not appliable,not appliable,this crossing intersects fewer than 2 kerbs. Generally each crossing should connect to at least 2 kerbs.
1286447517,way,not appliable,not appliable,this crossing intersects fewer than 2 kerbs. Generally each crossing should connect to at least 2 kerbs.
1286447518,way,not appliable,not appliable,this crossing intersects fewer than 2 kerbs. Generally each crossing should connect to at least 2 kerbs.
1286447519,way,not appliable,not appliable,this crossing intersects fewer than 2 kerbs. Generally each crossing should connect to at least 2 kerbs.
1286447520,way,not appliable,not appliable,this crossing intersects fewer than 2 kerbs. Generally each crossing should connect to at least 2 kerbs.
1286447521,way,not appliable,not appliable,this crossing intersects fewer than 2 kerbs. Generally each crossing should connect to at least 2 kerbs.
1286447522,way,not appliable,not appliable,this crossing intersects fewer than 2 kerbs. Generally each crossing should connect to at least 2 kerbs.
1286447523,way,not appliable,not appliable,this crossing intersects fewer than 2 kerbs. Generally each crossing should connect to at least 2 kerbs.
1286447524,way,not appliable,not appliable,this crossing intersects fewer than 2 kerbs. Generally each crossing should connect to at least 2 kerbs.
1286447525,way,not appliable,not appliable,this crossing intersects fewer than 2 kerbs. Generally each crossing should connect to at least 2 kerbs.
1286447532,way,not appliable,not appliable,this crossing intersects fewer than 2 kerbs. Generally each crossing should connect to at least 2 kerbs.
1286447533,way,not appliable,not appliable,this crossing intersects fewer than 2 kerbs. Generally each crossing should connect to at least 2 kerbs.
1286447534,way,not appliable,not appliable,this crossing intersects fewer than 2 kerbs. Generally each crossing should connect to at least 2 kerbs.
1286447535,way,not appliable,not appliable,this crossing intersects fewer than 2 kerbs. Generally each crossing should connect to at least 2 kerbs.
1286447536,way,not appliable,not appliable,this crossing intersects fewer than 2 kerbs. Generally each crossing should connect to at least 2 kerbs.
1286447537,way,not appliable,not appliable,this crossing intersects fewer than 2 kerbs. Generally each crossing should connect to at least 2 kerbs.
1286447538,way,not appliable,not appliable,this crossing intersects fewer than 2 kerbs. Generally each crossing should connect to at least 2 kerbs.
1286447541,way,not appliable,not appliable,this crossing intersects fewer than 2 kerbs. Generally each crossing should connect to at least 2 kerbs.
1286447542,way,not appliable,not appliable,this crossing intersects fewer than 2 kerbs. Generally each crossing should connect to at least 2 kerbs.
1286447546,way,not appliable,not appliable,this crossing intersects fewer than 2 kerbs. Generally each crossing should connect to at least 2 kerbs.
1286447547,way,not appliable,not appliable,this crossing intersects fewer than 2 kerbs. Generally each crossing should connect to at least 2 kerbs.
1286447553,way,not appliable,not appliable,this crossing intersects fewer than 2 kerbs. Generally each crossing should connect to at least 2 kerbs.
1286447554,way,not appliable,not appliable,this crossing intersects fewer than 2 kerbs. Generally each crossing should connect to at least 2 kerbs.
1286447555,way,not appliable,not appliable,this crossing intersects fewer than 2 kerbs. Generally each crossing should connect to at least 2 kerbs.
1286447559,way,not appliable,not appliable,this crossing intersects fewer than 2 kerbs. Generally each crossing should connect to at least 2 kerbs.
1286447563,way,not appliable,not appliable,this crossing intersects fewer than 2 kerbs. Generally each crossing should connect to at least 2 kerbs.
1286447564,way,not appliable,not appliable,this crossing intersects fewer than 2 kerbs. Generally each crossing should connect to at least 2 kerbs.
1286447565,way,not appliable,not appliable,this crossing intersects fewer than 2 kerbs. Generally each crossing should connect to at least 2 kerbs.
1286447571,way,not appliable,not appliable,this crossing intersects fewer than 2 kerbs. Generally each crossing should connect to at least 2 kerbs.
1286447572,way,not appliable,not appliable,this crossing intersects fewer than 2 kerbs. Generally each crossing should connect to at least 2 kerbs.
1286447573,way,not appliable,not appliable,this crossing intersects fewer than 2 kerbs. Generally each crossing should connect to at least 2 kerbs.
1286447575,way,not appliable,not appliable,this crossing intersects fewer than 2 kerbs. Generally each crossing should connect to at least 2 kerbs.
1286447576,way,not appliable,not appliable,this crossing intersects fewer than 2 kerbs. Generally each crossing should connect to at least 2 kerbs.
1286447577,way,not appliable,not appliable,this crossing intersects fewer than 2 kerbs. Generally each crossing should connect to at least 2 kerbs.
1286447583,way,not appliable,not appliable,this crossing intersects fewer than 2 kerbs. Generally each crossing should connect to at least 2 kerbs.
1286447585,way,not appliable,not appliable,this crossing intersects fewer than 2 kerbs. Generally each crossing should connect to at least 2 kerbs.
1286447586,way,not appliable,not appliable,this crossing intersects fewer than 2 kerbs. Generally each crossing should connect to at least 2 kerbs.
1286447588,way,not appliable,not appliable,this crossing intersects fewer than 2 kerbs. Generally each crossing should connect to at least 2 kerbs.
1286447594,way,not appliable,not appliable,this crossing intersects fewer than 2 kerbs. Generally each crossing should connect to at least 2 kerbs.
1286447595,way,not appliable,not appliable,this crossing intersects fewer than 2 kerbs. Generally each crossing should connect to at least 2 kerbs.
1286447596,way,not appliable,not appliable,this crossing intersects fewer than 2 kerbs. Generally each crossing should connect to at least 2 kerbs.
1286447597,way,not appliable,not appliable,this crossing intersects fewer than 2 kerbs. Generally each crossing should connect to at least 2 kerbs.
1286447598,way,not appliable,not appliable,this crossing intersects fewer than 2 kerbs. Generally each crossing should connect to at least 2 kerbs.
1290852067,way,not appliable,not appliable,this crossing intersects fewer than 2 kerbs. Generally each crossing should connect to at least 2 kerbs.
1290852070,way,not appliable,not appliable,this crossing intersects fewer than 2 kerbs. Generally each crossing should connect to at least 2 kerbs.
1290852075,way,not appliable,not appliable,this crossing intersects fewer than 2 kerbs. Generally each crossing should connect to at least 2 kerbs.
1290852078,way,not appliable,not appliable,this crossing intersects fewer than 2 kerbs. Generally each crossing should connect to at least 2 kerbs.
1290852079,way,not appliable,not appliable,this crossing intersects fewer than 2 kerbs. Generally each crossing should connect to at least 2 kerbs.
1290852080,way,not appliable,not appliable,this crossing intersects fewer than 2 kerbs. Generally each crossing should connect to at least 2 kerbs.
1290852085,way,not appliable,not appliable,this crossing intersects fewer than 2 kerbs. Generally each crossing should connect to at least 2 kerbs.
1290852091,way,not appliable,not appliable,this crossing intersects fewer than 2 kerbs. Generally each crossing should connect to at least 2 kerbs.
1298171467,way,not appliable,not appliable,this crossing intersects fewer than 2 kerbs. Generally each crossing should connect to at least 2 kerbs.
1298332732,way,not appliable,not appliable,this crossing intersects fewer than 2 kerbs. Generally each crossing should connect to at least 2 kerbs.
1298785007,way,not appliable,not appliable,this crossing intersects fewer than 2 kerbs. Generally each crossing should connect to at least 2 kerbs.
1300260494,way,not appliable,not appliable,this crossing intersects fewer than 2 kerbs. Generally each crossing should connect to at least 2 kerbs.
1301671987,way,not appliable,not appliable,this crossing intersects fewer than 2 kerbs. Generally each crossing should connect to at least 2 kerbs.
1301674022,way,not appliable,not appliable,this crossing intersects fewer than 2 kerbs. Generally each crossing should connect to at least 2 kerbs.
1301674024,way,not appliable,not appliable,this crossing intersects fewer than 2 kerbs. Generally each crossing should connect to at least 2 kerbs.
1301674027,way,not appliable,not appliable,this crossing intersects fewer than 2 kerbs. Generally each crossing should connect to at least 2 kerbs.
1301674029,way,not appliable,not appliable,this crossing intersects fewer than 2 kerbs. Generally each crossing should connect to at least 2 kerbs.
1301674032,way,not appliable,not appliable,this crossing intersects fewer than 2 kerbs. Generally each crossing should connect to at least 2 kerbs.
1301674034,way,not appliable,not appliable,this crossing intersects fewer than 2 kerbs. Generally each crossing should connect to at least 2 kerbs.
1301674036,way,not appliable,not appliable,this crossing intersects fewer than 2 kerbs. Generally each crossing should connect to at least 2 kerbs.
1302320100,way,not appliable,not appliable,this crossing intersects fewer than 2 kerbs. Generally each crossing should connect to at least 2 kerbs.
1302320101,way,not appliable,not appliable,this crossing intersects fewer than 2 kerbs. Generally each crossing should connect to at least 2 kerbs.
1302320102,way,not appliable,not appliable,this crossing intersects fewer than 2 kerbs. Generally each crossing should connect to at least 2 kerbs.
1302320108,way,not appliable,not appliable,this crossing intersects fewer than 2 kerbs. Generally each crossing should connect to at least 2 kerbs.
1302320110,way,not appliable,not appliable,this crossing intersects fewer than 2 kerbs. Generally each crossing should connect to at least 2 kerbs.
1302364227,way,not appliable,not appliable,this crossing intersects fewer than 2 kerbs. Generally each crossing should connect to at least 2 kerbs.
1302367062,way,not appliable,not appliable,this crossing intersects fewer than 2 kerbs. Generally each crossing should connect to at least 2 kerbs.
1302367063,way,not appliable,not appliable,this crossing intersects fewer than 2 kerbs. Generally each crossing should connect to at least 2 kerbs.
1302367069,way,not appliable,not appliable,this crossing intersects fewer than 2 kerbs. Generally each crossing should connect to at least 2 kerbs.
1302456449,way,not appliable,not appliable,this crossing intersects fewer than 2 kerbs. Generally each crossing should connect to at least 2 kerbs.
1302456450,way,not appliable,not appliable,this crossing intersects fewer than 2 kerbs. Generally each crossing should connect to at least 2 kerbs.
1302456451,way,not appliable,not appliable,this crossing intersects fewer than 2 kerbs. Generally each crossing should connect to at least 2 kerbs.
1302456452,way,not appliable,not appliable,this crossing intersects fewer than 2 kerbs. Generally each crossing should connect to at least 2 kerbs.
1302692016,way,not appliable,not appliable,this crossing intersects fewer than 2 kerbs. Generally each crossing should connect to at least 2 kerbs.
1302692018,way,not appliable,not appliable,this crossing intersects fewer than 2 kerbs. Generally each crossing should connect to at least 2 kerbs.
1302692019,way,not appliable,not appliable,this crossing intersects fewer than 2 kerbs. Generally each crossing should connect to at least 2 kerbs.
1302692021,way,not appliable,not appliable,this crossing intersects fewer than 2 kerbs. Generally each crossing should connect to at least 2 kerbs.
1302797302,way,not appliable,not appliable,this crossing intersects fewer than 2 kerbs. Generally each crossing should connect to at least 2 kerbs.
1302797304,way,not appliable,not appliable,this crossing intersects fewer than 2 kerbs. Generally each crossing should connect to at least 2 kerbs.
1302797308,way,not appliable,not appliable,this crossing intersects fewer than 2 kerbs. Generally each crossing should connect to at least 2 kerbs.
1302798575,way,not appliable,not appliable,this crossing intersects fewer than 2 kerbs. Generally each crossing should connect to at least 2 kerbs.
1303475827,way,not appliable,not appliable,this crossing intersects fewer than 2 kerbs. Generally each crossing should connect to at least 2 kerbs.
1303475828,way,not appliable,not appliable,this crossing intersects fewer than 2 kerbs. Generally each crossing should connect to at least 2 kerbs.
1304709543,way,not appliable,not appliable,this crossing intersects fewer than 2 kerbs. Generally each crossing should connect to at least 2 kerbs.
1311646516,way,not appliable,not appliable,this crossing intersects fewer than 2 kerbs. Generally each crossing should connect to at least 2 kerbs.
1311646530,way,not appliable,not appliable,this crossing intersects fewer than 2 kerbs. Generally each crossing should connect to at least 2 kerbs.
1313810313,way,not appliable,not appliable,this crossing intersects fewer than 2 kerbs. Generally each crossing should connect to at least 2 kerbs.
1315332501,way,not appliable,not appliable,this crossing intersects fewer than 2 kerbs. Generally each crossing should connect to at least 2 kerbs.
1315974767,way,not appliable,not appliable,this crossing intersects fewer than 2 kerbs. Generally each crossing should connect to at least 2 kerbs.
1315974769,way,not appliable,not appliable,this crossing intersects fewer than 2 kerbs. Generally each crossing should connect to at least 2 kerbs.
1315974770,way,not appliable,not appliable,this crossing intersects fewer than 2 kerbs. Generally each crossing should connect to at least 2 kerbs.
1318612000,way,not appliable,not appliable,this crossing intersects fewer than 2 kerbs. Generally each crossing should connect to at least 2 kerbs.
1323516023,way,not appliable,not appliable,this crossing intersects fewer than 2 kerbs. Generally each crossing should connect to at least 2 kerbs.
1331906051,way,not appliable,not appliable,this crossing intersects fewer than 2 kerbs. Generally each crossing should connect to at least 2 kerbs.
1331906053,way,not appliable,not appliable,this crossing intersects fewer than 2 kerbs. Generally each crossing should connect to at least 2 kerbs.
1331906055,way,not appliable,not appliable,this crossing intersects fewer than 2 kerbs. Generally each crossing should connect to at least 2 kerbs.
1331906057,way,not appliable,not appliable,this crossing intersects fewer than 2 kerbs. Generally each crossing should connect to at least 2 kerbs.
1331906059,way,not appliable,not appliable,this crossing intersects fewer than 2 kerbs. Generally each crossing should connect to at least 2 kerbs.
1331906061,way,not appliable,not appliable,this crossing intersects fewer than 2 kerbs. Generally each crossing should connect to at least 2 kerbs.
1338599955,way,not appliable,not appliable,this crossing intersects fewer than 2 kerbs. Generally each crossing should connect to at least 2 kerbs.
1343163296,way,not appliable,not appliable,this crossing intersects fewer than 2 kerbs. Generally each crossing should connect to at least 2 kerbs.
1343163299,way,not appliable,not appliable,this crossing intersects fewer than 2 kerbs. Generally each crossing should connect to at least 2 kerbs.
1352064456,way,not appliable,not appliable,this crossing intersects fewer than 2 kerbs. Generally each crossing should connect to at least 2 kerbs.
1352064457,way,not appliable,not appliable,this crossing intersects fewer than 2 kerbs. Generally each crossing should connect to at least 2 kerbs.
1355151620,way,not appliable,not appliable,this crossing intersects fewer than 2 kerbs. Generally each crossing should connect to at least 2 kerbs.
1374130892,way,not appliable,not appliable,this crossing intersects fewer than 2 kerbs. Generally each crossing should connect to at least 2 kerbs.
1383951312,way,not appliable,not appliable,this crossing intersects fewer than 2 kerbs. Generally each crossing should connect to at least 2 kerbs.
1383951314,way,not appliable,not appliable,this crossing intersects fewer than 2 kerbs. Generally each crossing should connect to at least 2 kerbs.
1391417570,way,not appliable,not appliable,this crossing intersects fewer than 2 kerbs. Generally each crossing should connect to at least 2 kerbs.
1392189462,way,not appliable,not appliable,this crossing intersects fewer than 2 kerbs. Generally each crossing should connect to at least 2 kerbs.
1393662067,way,not appliable,not appliable,this crossing intersects fewer than 2 kerbs. Generally each crossing should connect to at least 2 kerbs.
1393662096,way,not appliable,not appliable,this crossing intersects fewer than 2 kerbs. Generally each crossing should connect to at least 2 kerbs.
1394861911,way,not appliable,not appliable,this crossing intersects fewer than 2 kerbs. Generally each crossing should connect to at least 2 kerbs.
1410873043,way,not appliable,not appliable,this crossing intersects fewer than 2 kerbs. Generally each crossing should connect to at least 2 kerbs.
1410873054,way,not appliable,not appliable,this crossing intersects fewer than 2 kerbs. Generally each crossing should connect to at least 2 kerbs.
1411377170,way,not appliable,not appliable,this crossing intersects fewer than 2 kerbs. Generally each crossing should connect to at least 2 kerbs.
1411377171,way,not appliable,not appliable,this crossing intersects fewer than 2 kerbs. Generally each crossing should connect to at least 2 kerbs.
1412259788,way,not appliable,not appliable,this crossing intersects fewer than 2 kerbs. Generally each crossing should connect to at least 2 kerbs.
1412259789,way,not appliable,not appliable,this crossing intersects fewer than 2 kerbs. Generally each crossing should connect to at least 2 kerbs.
1412259790,way,not appliable,not appliable,this crossing intersects fewer than 2 kerbs. Generally each crossing should connect to at least 2 kerbs.
1412259791,way,not appliable,not appliable,this crossing intersects fewer than 2 kerbs. Generally each crossing should connect to at least 2 kerbs.
1418764411,way,not appliable,not appliable,this crossing intersects fewer than 2 kerbs. Generally each crossing should connect to at least 2 kerbs.
1424249625,way,not appliable,not appliable,this crossing intersects fewer than 2 kerbs. Generally each crossing should connect to at least 2 kerbs.
1424249626,way,not appliable,not appliable,this crossing intersects fewer than 2 kerbs. Generally each crossing should connect to at least 2 kerbs.
1424249627,way,not appliable,not appliable,this crossing intersects fewer than 2 kerbs. Generally each crossing should connect to at least 2 kerbs.
1424249628,way,not appliable,not appliable,this crossing intersects fewer than 2 kerbs. Generally each crossing should connect to at least 2 kerbs.
1424249629,way,not appliable,not appliable,this crossing intersects fewer than 2 kerbs. Generally each crossing should connect to at least 2 kerbs.
1424249630,way,not appliable,not appliable,this crossing intersects fewer than 2 kerbs. Generally each crossing should connect to at least 2 kerbs.
1424249631,way,not appliable,not appliable,this crossing intersects fewer than 2 kerbs. Generally each crossing should connect to at least 2 kerbs.
1424249632,way,not appliable,not appliable,this crossing intersects fewer than 2 kerbs. Generally each crossing should connect to at least 2 kerbs.
1426436928,way,not appliable,not appliable,this crossing intersects fewer than 2 kerbs. Generally each crossing should connect to at least 2 kerbs.
1426436931,way,not appliable,not appliable,this crossing intersects fewer than 2 kerbs. Generally each crossing should connect to at least 2 kerbs.
1426436935,way,not appliable,not appliable,this crossing intersects fewer than 2 kerbs. Generally each crossing should connect to at least 2 kerbs.
1426436939,way,not appliable,not appliable,this crossing intersects fewer than 2 kerbs. Generally each crossing should connect to at least 2 kerbs.
1426772888,way,not appliable,not appliable,this crossing intersects fewer than 2 kerbs. Generally each crossing should connect to at least 2 kerbs.
1429981769,way,not appliable,not appliable,this crossing intersects fewer than 2 kerbs. Generally each crossing should connect to at least 2 kerbs.
1429981771,way,not appliable,not appliable,this crossing intersects fewer than 2 kerbs. Generally each crossing should connect to at least 2 kerbs.
1431390216,way,not appliable,not appliable,this crossing intersects fewer than 2 kerbs. Generally each crossing should connect to at least 2 kerbs.
1431390217,way,not appliable,not appliable,this crossing intersects fewer than 2 kerbs. Generally each crossing should connect to at least 2 kerbs.
1431390218,way,not appliable,not appliable,this crossing intersects fewer than 2 kerbs. Generally each crossing should connect to at least 2 kerbs.
1444273992,way,not appliable,not appliable,this crossing intersects fewer than 2 kerbs. Generally each crossing should connect to at least 2 kerbs.
1444274790,way,not appliable,not appliable,this crossing intersects fewer than 2 kerbs. Generally each crossing should connect to at least 2 kerbs.
1447074250,way,not appliable,not appliable,this crossing intersects fewer than 2 kerbs. Generally each crossing should connect to at least 2 kerbs.
1447357880,way,not appliable,not appliable,this crossing intersects fewer than 2 kerbs. Generally each crossing should connect to at least 2 kerbs.
1453541158,way,not appliable,not appliable,this crossing intersects fewer than 2 kerbs. Generally each crossing should connect to at least 2 kerbs.
1453541159,way,not appliable,not appliable,this crossing intersects fewer than 2 kerbs. Generally each crossing should connect to at least 2 kerbs.
1457205138,way,not appliable,not appliable,this crossing intersects fewer than 2 kerbs. Generally each crossing should connect to at least 2 kerbs.
1458021498,way,not appliable,not appliable,this crossing intersects fewer than 2 kerbs. Generally each crossing should connect to at least 2 kerbs.
1458021552,way,not appliable,not appliable,this crossing intersects fewer than 2 kerbs. Generally each crossing should connect to at least 2 kerbs.
1465801655,way,not appliable,not appliable,this crossing intersects fewer than 2 kerbs. Generally each crossing should connect to at least 2 kerbs.
1465801656,way,not appliable,not appliable,this crossing intersects fewer than 2 kerbs. Generally each crossing should connect to at least 2 kerbs.
1465801657,way,not appliable,not appliable,this crossing intersects fewer than 2 kerbs. Generally each crossing should connect to at least 2 kerbs.
1465801660,way,not appliable,not appliable,this crossing intersects fewer than 2 kerbs. Generally each crossing should connect to at least 2 kerbs.
1473804664,way,not appliable,not appliable,this crossing intersects fewer than 2 kerbs. Generally each crossing should connect to at least 2 kerbs.
1481757620,way,not appliable,not appliable,this crossing intersects fewer than 2 kerbs. Generally each crossing should connect to at least 2 kerbs.
1484355945,way,not appliable,not appliable,this crossing intersects fewer than 2 kerbs. Generally each crossing should connect to at least 2 kerbs.
1485288367,way,not appliable,not appliable,this crossing intersects fewer than 2 kerbs. Generally each crossing should connect to at least 2 kerbs.
1487650259,way,not appliable,not appliable,this crossing intersects fewer than 2 kerbs. Generally each crossing should connect to at least 2 kerbs.
1498125733,way,not appliable,not appliable,this crossing intersects fewer than 2 kerbs. Generally each crossing should connect to at least 2 kerbs.
1498125735,way,not appliable,not appliable,this crossing intersects fewer than 2 kerbs. Generally each crossing should connect to at least 2 kerbs.
1498302647,way,not appliable,not appliable,this crossing intersects fewer than 2 kerbs. Generally each crossing should connect to at least 2 kerbs.
1498302648,way,not appliable,not appliable,this crossing intersects fewer than 2 kerbs. Generally each crossing should connect to at least 2 kerbs.
1500049654,way,not appliable,not appliable,this crossing intersects fewer than 2 kerbs. Generally each crossing should connect to at least 2 kerbs.
1500228107,way,not appliable,not appliable,this crossing intersects fewer than 2 kerbs. Generally each crossing should connect to at least 2 kerbs.
1504443442,way,not appliable,not appliable,this crossing intersects fewer than 2 kerbs. Generally each crossing should connect to at least 2 kerbs.
1510450821,way,not appliable,not appliable,this crossing intersects fewer than 2 kerbs. Generally each crossing should connect to at least 2 kerbs.
1512056801,way,not appliable,not appliable,this crossing intersects fewer than 2 kerbs. Generally each crossing should connect to at least 2 kerbs.
1523788876,way,not appliable,not appliable,this crossing intersects fewer than 2 kerbs. Generally each crossing should connect to at least 2 kerbs.
1528708943,way,not appliable,not appliable,this crossing intersects fewer than 2 kerbs. Generally each crossing should connect to at least 2 kerbs.
1528708955,way,not appliable,not appliable,this crossing intersects fewer than 2 kerbs. Generally each crossing should connect to at least 2 kerbs.
1529024013,way,not appliable,not appliable,this crossing intersects fewer than 2 kerbs. Generally each crossing should connect to at least 2 kerbs.
1529024028,way,not appliable,not appliable,this crossing intersects fewer than 2 kerbs. Generally each crossing should connect to at least 2 kerbs.
1529024029,way,not appliable,not appliable,this crossing intersects fewer than 2 kerbs. Generally each crossing should connect to at least 2 kerbs.
1532772228,way,not appliable,not appliable,this crossing intersects fewer than 2 kerbs. Generally each crossing should connect to at least 2 kerbs.
1532826110,way,not appliable,not appliable,this crossing intersects fewer than 2 kerbs. Generally each crossing should connect to at least 2 kerbs.
1532835243,way,not appliable,not appliable,this crossing intersects fewer than 2 kerbs. Generally each crossing should connect to at least 2 kerbs.
1532835244,way,not appliable,not appliable,this crossing intersects fewer than 2 kerbs. Generally each crossing should connect to at least 2 kerbs.
1533324673,way,not appliable,not appliable,this crossing intersects fewer than 2 kerbs. Generally each crossing should connect to at least 2 kerbs.
1533324674,way,not appliable,not appliable,this crossing intersects fewer than 2 kerbs. Generally each crossing should connect to at least 2 kerbs.
1533324692,way,not appliable,not appliable,this crossing intersects fewer than 2 kerbs. Generally each crossing should connect to at least 2 kerbs.
1534285986,way,not appliable,not appliable,this crossing intersects fewer than 2 kerbs. Generally each crossing should connect to at least 2 kerbs.
1534285998,way,not appliable,not appliable,this crossing intersects fewer than 2 kerbs. Generally each crossing should connect to at least 2 kerbs.
1534286000,way,not appliable,not appliable,this crossing intersects fewer than 2 kerbs. Generally each crossing should connect to at least 2 kerbs.
1534973769,way,not appliable,not appliable,this crossing intersects fewer than 2 kerbs. Generally each crossing should connect to at least 2 kerbs.
1534973770,way,not appliable,not appliable,this crossing intersects fewer than 2 kerbs. Generally each crossing should connect to at least 2 kerbs.
1534973772,way,not appliable,not appliable,this crossing intersects fewer than 2 kerbs. Generally each crossing should connect to at least 2 kerbs.
1534973773,way,not appliable,not appliable,this crossing intersects fewer than 2 kerbs. Generally each crossing should connect to at least 2 kerbs.
1534973776,way,not appliable,not appliable,this crossing intersects fewer than 2 kerbs. Generally each crossing should connect to at least 2 kerbs.
1534973777,way,not appliable,not appliable,this crossing intersects fewer than 2 kerbs. Generally each crossing should connect to at least 2 kerbs.
1535013518,way,not appliable,not appliable,this crossing intersects fewer than 2 kerbs. Generally each crossing should connect to at least 2 kerbs.
1546880169,way,not appliable,not appliable,this crossing intersects fewer than 2 kerbs. Generally each crossing should connect to at least 2 kerbs.
1547851531,way,not appliable,not appliable,this crossing intersects fewer than 2 kerbs. Generally each crossing should connect to at least 2 kerbs.
1547851536,way,not appliable,not appliable,this crossing intersects fewer than 2 kerbs. Generally each crossing should connect to at least 2 kerbs.
1547851539,way,not appliable,not appliable,this crossing intersects fewer than 2 kerbs. Generally each crossing should connect to at least 2 kerbs.
1548199229,way,not appliable,not appliable,this crossing intersects fewer than 2 kerbs. Generally each crossing should connect to at least 2 kerbs.
1548199230,way,not appliable,not appliable,this crossing intersects fewer than 2 kerbs. Generally each crossing should connect to at least 2 kerbs.
1548199233,way,not appliable,not appliable,this crossing intersects fewer than 2 kerbs. Generally each crossing should connect to at least 2 kerbs.
1548199236,way,not appliable,not appliable,this crossing intersects fewer than 2 kerbs. Generally each crossing should connect to at least 2 kerbs.
1548199237,way,not appliable,not appliable,this crossing intersects fewer than 2 kerbs. Generally each crossing should connect to at least 2 kerbs.
1548199241,way,not appliable,not appliable,this crossing intersects fewer than 2 kerbs. Generally each crossing should connect to at least 2 kerbs.
1548199250,way,not appliable,not appliable,this crossing intersects fewer than 2 kerbs. Generally each crossing should connect to at least 2 kerbs.
1548199251,way,not appliable,not appliable,this crossing intersects fewer than 2 kerbs. Generally each crossing should connect to at least 2 kerbs.
1548199252,way,not appliable,not appliable,this crossing intersects fewer than 2 kerbs. Generally each crossing should connect to at least 2 kerbs.
1548199253,way,not appliable,not appliable,this crossing intersects fewer than 2 kerbs. Generally each crossing should connect to at least 2 kerbs.
1548199254,way,not appliable,not appliable,this crossing intersects fewer than 2 kerbs. Generally each crossing should connect to at least 2 kerbs.
1548199255,way,not appliable,not appliable,this crossing intersects fewer than 2 kerbs. Generally each crossing should connect to at least 2 kerbs.
1548199288,way,not appliable,not appliable,this crossing intersects fewer than 2 kerbs. Generally each crossing should connect to at least 2 kerbs.
1548199304,way,not appliable,not appliable,this crossing intersects fewer than 2 kerbs. Generally each crossing should connect to at least 2 kerbs.
1548199305,way,not appliable,not appliable,this crossing intersects fewer than 2 kerbs. Generally each crossing should connect to at least 2 kerbs.
1548199308,way,not appliable,not appliable,this crossing intersects fewer than 2 kerbs. Generally each crossing should connect to at least 2 kerbs.
1549071944,way,not appliable,not appliable,this crossing intersects fewer than 2 kerbs. Generally each crossing should connect to at least 2 kerbs.
1549071945,way,not appliable,not appliable,this crossing intersects fewer than 2 kerbs. Generally each crossing should connect to at least 2 kerbs.
1549071947,way,not appliable,not appliable,this crossing intersects fewer than 2 kerbs. Generally each crossing should connect to at least 2 kerbs.
1549259914,way,not appliable,not appliable,this crossing intersects fewer than 2 kerbs. Generally each crossing should connect to at least 2 kerbs.
1549259915,way,not appliable,not appliable,this crossing intersects fewer than 2 kerbs. Generally each crossing should connect to at least 2 kerbs.
1549259924,way,not appliable,not appliable,this crossing intersects fewer than 2 kerbs. Generally each crossing should connect to at least 2 kerbs.
1549259927,way,not appliable,not appliable,this crossing intersects fewer than 2 kerbs. Generally each crossing should connect to at least 2 kerbs.
1549259931,way,not appliable,not appliable,this crossing intersects fewer than 2 kerbs. Generally each crossing should connect to at least 2 kerbs.
1549259933,way,not appliable,not appliable,this crossing intersects fewer than 2 kerbs. Generally each crossing should connect to at least 2 kerbs.
1549259950,way,not appliable,not appliable,this crossing intersects fewer than 2 kerbs. Generally each crossing should connect to at least 2 kerbs.
1549259958,way,not appliable,not appliable,this crossing intersects fewer than 2 kerbs. Generally each crossing should connect to at least 2 kerbs.
1549259960,way,not appliable,not appliable,this crossing intersects fewer than 2 kerbs. Generally each crossing should connect to at least 2 kerbs.
1549774060,way,not appliable,not appliable,this crossing intersects fewer than 2 kerbs. Generally each crossing should connect to at least 2 kerbs.
1549774071,way,not appliable,not appliable,this crossing intersects fewer than 2 kerbs. Generally each crossing should connect to at least 2 kerbs.
1549774075,way,not appliable,not appliable,this crossing intersects fewer than 2 kerbs. Generally each crossing should connect to at least 2 kerbs.
1551296078,way,not appliable,not appliable,this crossing intersects fewer than 2 kerbs. Generally each crossing should connect to at least 2 kerbs.
1551296083,way,not appliable,not appliable,this crossing intersects fewer than 2 kerbs. Generally each crossing should connect to at least 2 kerbs.
1551296090,way,not appliable,not appliable,this crossing intersects fewer than 2 kerbs. Generally each crossing should connect to at least 2 kerbs.
1551296103,way,not appliable,not appliable,this crossing intersects fewer than 2 kerbs. Generally each crossing should connect to at least 2 kerbs.
1551296104,way,not appliable,not appliable,this crossing intersects fewer than 2 kerbs. Generally each crossing should connect to at least 2 kerbs.
1551296138,way,not appliable,not appliable,this crossing intersects fewer than 2 kerbs. Generally each crossing should connect to at least 2 kerbs.
1551808145,way,not appliable,not appliable,this crossing intersects fewer than 2 kerbs. Generally each crossing should connect to at least 2 kerbs.
1552279831,way,not appliable,not appliable,this crossing intersects fewer than 2 kerbs. Generally each crossing should connect to at least 2 kerbs.
1552292141,way,not appliable,not appliable,this crossing intersects fewer than 2 kerbs. Generally each crossing should connect to at least 2 kerbs.
1552501367,way,not appliable,not appliable,this crossing intersects fewer than 2 kerbs. Generally each crossing should connect to at least 2 kerbs.
1553284117,way,not appliable,not appliable,this crossing intersects fewer than 2 kerbs. Generally each crossing should connect to at least 2 kerbs.
1553284131,way,not appliable,not appliable,this crossing intersects fewer than 2 kerbs. Generally each crossing should connect to at least 2 kerbs.
1553284133,way,not appliable,not appliable,this crossing intersects fewer than 2 kerbs. Generally each crossing should connect to at least 2 kerbs.
1553284147,way,not appliable,not appliable,this crossing intersects fewer than 2 kerbs. Generally each crossing should connect to at least 2 kerbs.
1553284148,way,not appliable,not appliable,this crossing intersects fewer than 2 kerbs. Generally each crossing should connect to at least 2 kerbs.
1553284149,way,not appliable,not appliable,this crossing intersects fewer than 2 kerbs. Generally each crossing should connect to at least 2 kerbs.
1553284178,way,not appliable,not appliable,this crossing intersects fewer than 2 kerbs. Generally each crossing should connect to at least 2 kerbs.
