osm_id,feat_type,key,value,commentary
3302533,way,crossing,marked,should use the tag 'crossing=uncontrolled' 
4550075,way,crossing,marked,should use the tag 'crossing=uncontrolled' 
4550290,way,crossing,marked,should use the tag 'crossing=uncontrolled' 
4628327,way,crossing,marked,should use the tag 'crossing=uncontrolled' 
4708753,way,crossing,marked,should use the tag 'crossing=uncontrolled' 
4857198,way,crossing,marked,should use the tag 'crossing=uncontrolled' 
8127585,way,crossing,marked,should use the tag 'crossing=uncontrolled' 
24365397,way,crossing,marked,should use the tag 'crossing=uncontrolled' 
43122899,way,crossing,zebra,should use the tag 'crossing=uncontrolled' 
48800451,way,crossing,zebra,should use the tag 'crossing=uncontrolled' 
62137787,way,crossing,zebra,should use the tag 'crossing=uncontrolled' 
63461446,way,crossing,zebra,should use the tag 'crossing=uncontrolled' 
69916186,way,crossing,marked,should use the tag 'crossing=uncontrolled' 
79382434,way,crossing,marked,should use the tag 'crossing=uncontrolled' 
85436049,way,crossing,marked,should use the tag 'crossing=uncontrolled' 
102296661,way,crossing,zebra,should use the tag 'crossing=uncontrolled' 
104780436,way,crossing,marked,should use the tag 'crossing=uncontrolled' 
108037356,way,crossing,zebra,should use the tag 'crossing=uncontrolled' 
108037357,way,crossing,zebra,should use the tag 'crossing=uncontrolled' 
108037367,way,crossing,zebra,should use the tag 'crossing=uncontrolled' 
108047305,way,crossing,marked,should use the tag 'crossing=uncontrolled' 
108047307,way,crossing,zebra,should use the tag 'crossing=uncontrolled' 
108165758,way,crossing,marked,should use the tag 'crossing=uncontrolled' 
108165768,way,crossing,marked,should use the tag 'crossing=uncontrolled' 
108209942,way,crossing,zebra,should use the tag 'crossing=uncontrolled' 
109810732,way,crossing,marked,should use the tag 'crossing=uncontrolled' 
109810798,way,crossing,zebra,should use the tag 'crossing=uncontrolled' 
109816180,way,crossing,marked,should use the tag 'crossing=uncontrolled' 
109816182,way,crossing,zebra,should use the tag 'crossing=uncontrolled' 
109816192,way,crossing,zebra,should use the tag 'crossing=uncontrolled' 
109816202,way,crossing,zebra,should use the tag 'crossing=uncontrolled' 
109816203,way,crossing,zebra,should use the tag 'crossing=uncontrolled' 
109816204,way,crossing,zebra,should use the tag 'crossing=uncontrolled' 
109816210,way,crossing,zebra,should use the tag 'crossing=uncontrolled' 
109816222,way,crossing,zebra,should use the tag 'crossing=uncontrolled' 
109816231,way,crossing,marked,should use the tag 'crossing=uncontrolled' 
109816232,way,crossing,zebra,should use the tag 'crossing=uncontrolled' 
109827093,way,crossing,zebra,should use the tag 'crossing=uncontrolled' 
111695468,way,crossing,zebra,should use the tag 'crossing=uncontrolled' 
111695471,way,crossing,zebra,should use the tag 'crossing=uncontrolled' 
111695479,way,crossing,zebra,should use the tag 'crossing=uncontrolled' 
111695481,way,crossing,zebra,should use the tag 'crossing=uncontrolled' 
111695482,way,crossing,zebra,should use the tag 'crossing=uncontrolled' 
111695486,way,crossing,zebra,should use the tag 'crossing=uncontrolled' 
113695719,way,crossing,zebra,should use the tag 'crossing=uncontrolled' 
114977140,way,crossing,zebra,should use the tag 'crossing=uncontrolled' 
116417358,way,crossing,zebra,should use the tag 'crossing=uncontrolled' 
116417359,way,crossing,zebra,should use the tag 'crossing=uncontrolled' 
118250425,way,crossing,zebra,should use the tag 'crossing=uncontrolled' 
118251643,way,crossing,zebra,should use the tag 'crossing=uncontrolled' 
118255166,way,crossing,zebra,should use the tag 'crossing=uncontrolled' 
118664747,way,crossing,marked,should use the tag 'crossing=uncontrolled' 
118664753,way,crossing,zebra,should use the tag 'crossing=uncontrolled' 
118665542,way,crossing,zebra,should use the tag 'crossing=uncontrolled' 
118665543,way,crossing,zebra,should use the tag 'crossing=uncontrolled' 
118665545,way,crossing,zebra,should use the tag 'crossing=uncontrolled' 
118665546,way,crossing,zebra,should use the tag 'crossing=uncontrolled' 
118665548,way,crossing,zebra,should use the tag 'crossing=uncontrolled' 
118665550,way,crossing,zebra,should use the tag 'crossing=uncontrolled' 
118665551,way,crossing,zebra,should use the tag 'crossing=uncontrolled' 
118665555,way,crossing,zebra,should use the tag 'crossing=uncontrolled' 
118665556,way,crossing,zebra,should use the tag 'crossing=uncontrolled' 
118665558,way,crossing,zebra,should use the tag 'crossing=uncontrolled' 
118665559,way,crossing,zebra,should use the tag 'crossing=uncontrolled' 
118665561,way,crossing,zebra,should use the tag 'crossing=uncontrolled' 
118665564,way,crossing,zebra,should use the tag 'crossing=uncontrolled' 
118749681,way,crossing,zebra,should use the tag 'crossing=uncontrolled' 
118749689,way,crossing,zebra,should use the tag 'crossing=uncontrolled' 
118749695,way,crossing,zebra,should use the tag 'crossing=uncontrolled' 
118749705,way,crossing,zebra,should use the tag 'crossing=uncontrolled' 
118881250,way,crossing,zebra,should use the tag 'crossing=uncontrolled' 
118881253,way,crossing,zebra,should use the tag 'crossing=uncontrolled' 
118881254,way,crossing,zebra,should use the tag 'crossing=uncontrolled' 
118881257,way,crossing,zebra,should use the tag 'crossing=uncontrolled' 
118881258,way,crossing,zebra,should use the tag 'crossing=uncontrolled' 
118881259,way,crossing,zebra,should use the tag 'crossing=uncontrolled' 
118881265,way,crossing,marked,should use the tag 'crossing=uncontrolled' 
118881269,way,crossing,zebra,should use the tag 'crossing=uncontrolled' 
118881271,way,crossing,marked,should use the tag 'crossing=uncontrolled' 
118881273,way,crossing,zebra,should use the tag 'crossing=uncontrolled' 
118881274,way,crossing,marked,should use the tag 'crossing=uncontrolled' 
118881278,way,crossing,zebra,should use the tag 'crossing=uncontrolled' 
118881281,way,crossing,zebra,should use the tag 'crossing=uncontrolled' 
118881285,way,crossing,zebra,should use the tag 'crossing=uncontrolled' 
118881290,way,crossing,zebra,should use the tag 'crossing=uncontrolled' 
118881291,way,crossing,marked,should use the tag 'crossing=uncontrolled' 
118881298,way,crossing,marked,should use the tag 'crossing=uncontrolled' 
119968840,way,crossing,marked,should use the tag 'crossing=uncontrolled' 
120059960,way,crossing,zebra,should use the tag 'crossing=uncontrolled' 
120059986,way,crossing,zebra,should use the tag 'crossing=uncontrolled' 
120082979,way,crossing,zebra,should use the tag 'crossing=uncontrolled' 
120082980,way,crossing,zebra,should use the tag 'crossing=uncontrolled' 
120082982,way,crossing,zebra,should use the tag 'crossing=uncontrolled' 
120082983,way,crossing,zebra,should use the tag 'crossing=uncontrolled' 
120082989,way,crossing,zebra,should use the tag 'crossing=uncontrolled' 
120082993,way,crossing,zebra,should use the tag 'crossing=uncontrolled' 
120082995,way,crossing,zebra,should use the tag 'crossing=uncontrolled' 
120083000,way,crossing,zebra,should use the tag 'crossing=uncontrolled' 
120083001,way,crossing,zebra,should use the tag 'crossing=uncontrolled' 
120083005,way,crossing,zebra,should use the tag 'crossing=uncontrolled' 
120083010,way,crossing,zebra,should use the tag 'crossing=uncontrolled' 
120083011,way,crossing,zebra,should use the tag 'crossing=uncontrolled' 
120083026,way,crossing,zebra,should use the tag 'crossing=uncontrolled' 
120083037,way,crossing,zebra,should use the tag 'crossing=uncontrolled' 
120083040,way,crossing,zebra,should use the tag 'crossing=uncontrolled' 
120083042,way,crossing,zebra,should use the tag 'crossing=uncontrolled' 
120083049,way,crossing,zebra,should use the tag 'crossing=uncontrolled' 
120083050,way,crossing,zebra,should use the tag 'crossing=uncontrolled' 
120083056,way,crossing,zebra,should use the tag 'crossing=uncontrolled' 
120083063,way,crossing,zebra,should use the tag 'crossing=uncontrolled' 
120083065,way,crossing,zebra,should use the tag 'crossing=uncontrolled' 
120083067,way,crossing,zebra,should use the tag 'crossing=uncontrolled' 
120083069,way,crossing,zebra,should use the tag 'crossing=uncontrolled' 
120101906,way,crossing,zebra,should use the tag 'crossing=uncontrolled' 
120101939,way,crossing,zebra,should use the tag 'crossing=uncontrolled' 
120101947,way,crossing,zebra,should use the tag 'crossing=uncontrolled' 
120101998,way,crossing,zebra,should use the tag 'crossing=uncontrolled' 
120166509,way,crossing,zebra,should use the tag 'crossing=uncontrolled' 
120166518,way,crossing,zebra,should use the tag 'crossing=uncontrolled' 
120166527,way,crossing,zebra,should use the tag 'crossing=uncontrolled' 
120166540,way,crossing,zebra,should use the tag 'crossing=uncontrolled' 
120166550,way,crossing,zebra,should use the tag 'crossing=uncontrolled' 
120233895,way,crossing,zebra,should use the tag 'crossing=uncontrolled' 
120233906,way,crossing,zebra,should use the tag 'crossing=uncontrolled' 
120320831,way,crossing,marked,should use the tag 'crossing=uncontrolled' 
121717371,way,crossing,zebra,should use the tag 'crossing=uncontrolled' 
122159371,way,crossing,zebra,should use the tag 'crossing=uncontrolled' 
122159372,way,crossing,zebra,should use the tag 'crossing=uncontrolled' 
122159374,way,crossing,zebra,should use the tag 'crossing=uncontrolled' 
122159376,way,crossing,zebra,should use the tag 'crossing=uncontrolled' 
122159383,way,crossing,zebra,should use the tag 'crossing=uncontrolled' 
122159386,way,crossing,zebra,should use the tag 'crossing=uncontrolled' 
122159389,way,crossing,zebra,should use the tag 'crossing=uncontrolled' 
122159395,way,crossing,zebra,should use the tag 'crossing=uncontrolled' 
122589049,way,crossing,zebra,should use the tag 'crossing=uncontrolled' 
122589051,way,crossing,zebra,should use the tag 'crossing=uncontrolled' 
122589060,way,crossing,zebra,should use the tag 'crossing=uncontrolled' 
122589064,way,crossing,zebra,should use the tag 'crossing=uncontrolled' 
122589068,way,crossing,zebra,should use the tag 'crossing=uncontrolled' 
122589072,way,crossing,zebra,should use the tag 'crossing=uncontrolled' 
122589075,way,crossing,marked,should use the tag 'crossing=uncontrolled' 
122589076,way,crossing,zebra,should use the tag 'crossing=uncontrolled' 
123099750,way,crossing,marked,should use the tag 'crossing=uncontrolled' 
123099752,way,crossing,marked,should use the tag 'crossing=uncontrolled' 
123099754,way,crossing,marked,should use the tag 'crossing=uncontrolled' 
123110555,way,crossing,zebra,should use the tag 'crossing=uncontrolled' 
123110565,way,crossing,zebra,should use the tag 'crossing=uncontrolled' 
123154637,way,crossing,zebra,should use the tag 'crossing=uncontrolled' 
123974201,way,crossing,zebra,should use the tag 'crossing=uncontrolled' 
124064669,way,crossing,marked,should use the tag 'crossing=uncontrolled' 
124456378,way,crossing,zebra,should use the tag 'crossing=uncontrolled' 
124456379,way,crossing,zebra,should use the tag 'crossing=uncontrolled' 
124456400,way,crossing,zebra,should use the tag 'crossing=uncontrolled' 
124456401,way,crossing,zebra,should use the tag 'crossing=uncontrolled' 
124456408,way,crossing,zebra,should use the tag 'crossing=uncontrolled' 
124456411,way,crossing,zebra,should use the tag 'crossing=uncontrolled' 
124456422,way,crossing,zebra,should use the tag 'crossing=uncontrolled' 
124456427,way,crossing,zebra,should use the tag 'crossing=uncontrolled' 
124456433,way,crossing,zebra,should use the tag 'crossing=uncontrolled' 
124456437,way,crossing,zebra,should use the tag 'crossing=uncontrolled' 
124456449,way,crossing,zebra,should use the tag 'crossing=uncontrolled' 
124456457,way,crossing,zebra,should use the tag 'crossing=uncontrolled' 
124456460,way,crossing,zebra,should use the tag 'crossing=uncontrolled' 
124456466,way,crossing,zebra,should use the tag 'crossing=uncontrolled' 
124456471,way,crossing,zebra,should use the tag 'crossing=uncontrolled' 
124456480,way,crossing,zebra,should use the tag 'crossing=uncontrolled' 
124456483,way,crossing,zebra,should use the tag 'crossing=uncontrolled' 
124456493,way,crossing,zebra,should use the tag 'crossing=uncontrolled' 
124456499,way,crossing,zebra,should use the tag 'crossing=uncontrolled' 
124456500,way,crossing,zebra,should use the tag 'crossing=uncontrolled' 
124456506,way,crossing,zebra,should use the tag 'crossing=uncontrolled' 
124612637,way,crossing,marked,should use the tag 'crossing=uncontrolled' 
124612649,way,crossing,marked,should use the tag 'crossing=uncontrolled' 
124634086,way,crossing,zebra,should use the tag 'crossing=uncontrolled' 
124634105,way,crossing,zebra,should use the tag 'crossing=uncontrolled' 
124634109,way,crossing,zebra,should use the tag 'crossing=uncontrolled' 
124634114,way,crossing,zebra,should use the tag 'crossing=uncontrolled' 
124634115,way,crossing,zebra,should use the tag 'crossing=uncontrolled' 
124634119,way,crossing,zebra,should use the tag 'crossing=uncontrolled' 
124634121,way,crossing,zebra,should use the tag 'crossing=uncontrolled' 
124634123,way,crossing,zebra,should use the tag 'crossing=uncontrolled' 
124634125,way,crossing,zebra,should use the tag 'crossing=uncontrolled' 
124634130,way,crossing,zebra,should use the tag 'crossing=uncontrolled' 
124634131,way,crossing,zebra,should use the tag 'crossing=uncontrolled' 
124634138,way,crossing,zebra,should use the tag 'crossing=uncontrolled' 
124659904,way,crossing,zebra,should use the tag 'crossing=uncontrolled' 
124659912,way,crossing,marked,should use the tag 'crossing=uncontrolled' 
124659913,way,crossing,zebra,should use the tag 'crossing=uncontrolled' 
124659916,way,crossing,zebra,should use the tag 'crossing=uncontrolled' 
124659919,way,crossing,zebra,should use the tag 'crossing=uncontrolled' 
124659921,way,crossing,zebra,should use the tag 'crossing=uncontrolled' 
124659922,way,crossing,zebra,should use the tag 'crossing=uncontrolled' 
124659924,way,crossing,zebra,should use the tag 'crossing=uncontrolled' 
124659925,way,crossing,zebra,should use the tag 'crossing=uncontrolled' 
124659926,way,crossing,zebra,should use the tag 'crossing=uncontrolled' 
124659929,way,crossing,zebra,should use the tag 'crossing=uncontrolled' 
124659930,way,crossing,zebra,should use the tag 'crossing=uncontrolled' 
124659932,way,crossing,zebra,should use the tag 'crossing=uncontrolled' 
124659935,way,crossing,zebra,should use the tag 'crossing=uncontrolled' 
124659938,way,crossing,zebra,should use the tag 'crossing=uncontrolled' 
124659939,way,crossing,zebra,should use the tag 'crossing=uncontrolled' 
124659941,way,crossing,zebra,should use the tag 'crossing=uncontrolled' 
124659942,way,crossing,zebra,should use the tag 'crossing=uncontrolled' 
124659948,way,crossing,zebra,should use the tag 'crossing=uncontrolled' 
124659949,way,crossing,zebra,should use the tag 'crossing=uncontrolled' 
124659950,way,crossing,zebra,should use the tag 'crossing=uncontrolled' 
124659951,way,crossing,zebra,should use the tag 'crossing=uncontrolled' 
124659958,way,crossing,zebra,should use the tag 'crossing=uncontrolled' 
124738095,way,crossing,zebra,should use the tag 'crossing=uncontrolled' 
124738097,way,crossing,zebra,should use the tag 'crossing=uncontrolled' 
124738098,way,crossing,zebra,should use the tag 'crossing=uncontrolled' 
124738099,way,crossing,marked,should use the tag 'crossing=uncontrolled' 
124738101,way,crossing,zebra,should use the tag 'crossing=uncontrolled' 
124738110,way,crossing,zebra,should use the tag 'crossing=uncontrolled' 
124738117,way,crossing,marked,should use the tag 'crossing=uncontrolled' 
124738118,way,crossing,marked,should use the tag 'crossing=uncontrolled' 
124798350,way,crossing,marked,should use the tag 'crossing=uncontrolled' 
124798353,way,crossing,zebra,should use the tag 'crossing=uncontrolled' 
124798355,way,crossing,zebra,should use the tag 'crossing=uncontrolled' 
124798357,way,crossing,zebra,should use the tag 'crossing=uncontrolled' 
124798360,way,crossing,zebra,should use the tag 'crossing=uncontrolled' 
124798361,way,crossing,zebra,should use the tag 'crossing=uncontrolled' 
124798363,way,crossing,marked,should use the tag 'crossing=uncontrolled' 
124798365,way,crossing,zebra,should use the tag 'crossing=uncontrolled' 
124798368,way,crossing,zebra,should use the tag 'crossing=uncontrolled' 
124798371,way,crossing,zebra,should use the tag 'crossing=uncontrolled' 
124798375,way,crossing,zebra,should use the tag 'crossing=uncontrolled' 
124798378,way,crossing,zebra,should use the tag 'crossing=uncontrolled' 
124798379,way,crossing,zebra,should use the tag 'crossing=uncontrolled' 
124798380,way,crossing,zebra,should use the tag 'crossing=uncontrolled' 
124798381,way,crossing,zebra,should use the tag 'crossing=uncontrolled' 
124798382,way,crossing,zebra,should use the tag 'crossing=uncontrolled' 
124798391,way,crossing,zebra,should use the tag 'crossing=uncontrolled' 
124798399,way,crossing,marked,should use the tag 'crossing=uncontrolled' 
124798401,way,crossing,zebra,should use the tag 'crossing=uncontrolled' 
128829172,way,crossing,marked,should use the tag 'crossing=uncontrolled' 
128829177,way,crossing,marked,should use the tag 'crossing=uncontrolled' 
128829179,way,crossing,marked,should use the tag 'crossing=uncontrolled' 
128896800,way,crossing,zebra,should use the tag 'crossing=uncontrolled' 
128896802,way,crossing,zebra,should use the tag 'crossing=uncontrolled' 
128896804,way,crossing,zebra,should use the tag 'crossing=uncontrolled' 
128896807,way,crossing,zebra,should use the tag 'crossing=uncontrolled' 
128896809,way,crossing,marked,should use the tag 'crossing=uncontrolled' 
128896810,way,crossing,zebra,should use the tag 'crossing=uncontrolled' 
128896811,way,crossing,marked,should use the tag 'crossing=uncontrolled' 
128896820,way,crossing,marked,should use the tag 'crossing=uncontrolled' 
128896821,way,crossing,zebra,should use the tag 'crossing=uncontrolled' 
128896824,way,crossing,marked,should use the tag 'crossing=uncontrolled' 
128896826,way,crossing,zebra,should use the tag 'crossing=uncontrolled' 
128896834,way,crossing,marked,should use the tag 'crossing=uncontrolled' 
128896835,way,crossing,zebra,should use the tag 'crossing=uncontrolled' 
128896836,way,crossing,zebra,should use the tag 'crossing=uncontrolled' 
128896839,way,crossing,zebra,should use the tag 'crossing=uncontrolled' 
128896842,way,crossing,zebra,should use the tag 'crossing=uncontrolled' 
128896863,way,crossing,zebra,should use the tag 'crossing=uncontrolled' 
128896867,way,crossing,zebra,should use the tag 'crossing=uncontrolled' 
128909007,way,crossing,zebra,should use the tag 'crossing=uncontrolled' 
128909008,way,crossing,zebra,should use the tag 'crossing=uncontrolled' 
128909010,way,crossing,zebra,should use the tag 'crossing=uncontrolled' 
128909011,way,crossing,zebra,should use the tag 'crossing=uncontrolled' 
128909012,way,crossing,zebra,should use the tag 'crossing=uncontrolled' 
128909013,way,crossing,zebra,should use the tag 'crossing=uncontrolled' 
128909014,way,crossing,zebra,should use the tag 'crossing=uncontrolled' 
128909015,way,crossing,zebra,should use the tag 'crossing=uncontrolled' 
128909016,way,crossing,zebra,should use the tag 'crossing=uncontrolled' 
128909018,way,crossing,zebra,should use the tag 'crossing=uncontrolled' 
128943017,way,crossing,zebra,should use the tag 'crossing=uncontrolled' 
128943018,way,crossing,zebra,should use the tag 'crossing=uncontrolled' 
128943019,way,crossing,zebra,should use the tag 'crossing=uncontrolled' 
128943020,way,crossing,zebra,should use the tag 'crossing=uncontrolled' 
128943021,way,crossing,zebra,should use the tag 'crossing=uncontrolled' 
128943022,way,crossing,zebra,should use the tag 'crossing=uncontrolled' 
128943023,way,crossing,zebra,should use the tag 'crossing=uncontrolled' 
128943024,way,crossing,zebra,should use the tag 'crossing=uncontrolled' 
128943025,way,crossing,zebra,should use the tag 'crossing=uncontrolled' 
128943027,way,crossing,zebra,should use the tag 'crossing=uncontrolled' 
128943028,way,crossing,zebra,should use the tag 'crossing=uncontrolled' 
128943029,way,crossing,zebra,should use the tag 'crossing=uncontrolled' 
128943030,way,crossing,zebra,should use the tag 'crossing=uncontrolled' 
128943031,way,crossing,zebra,should use the tag 'crossing=uncontrolled' 
128943032,way,crossing,zebra,should use the tag 'crossing=uncontrolled' 
128943033,way,crossing,zebra,should use the tag 'crossing=uncontrolled' 
128943034,way,crossing,zebra,should use the tag 'crossing=uncontrolled' 
128943038,way,crossing,zebra,should use the tag 'crossing=uncontrolled' 
128943039,way,crossing,zebra,should use the tag 'crossing=uncontrolled' 
128943318,way,crossing,zebra,should use the tag 'crossing=uncontrolled' 
128980476,way,crossing,zebra,should use the tag 'crossing=uncontrolled' 
129061372,way,crossing,zebra,should use the tag 'crossing=uncontrolled' 
129061374,way,crossing,zebra,should use the tag 'crossing=uncontrolled' 
129061379,way,crossing,zebra,should use the tag 'crossing=uncontrolled' 
129061382,way,crossing,marked,should use the tag 'crossing=uncontrolled' 
129061384,way,crossing,marked,should use the tag 'crossing=uncontrolled' 
129061385,way,crossing,marked,should use the tag 'crossing=uncontrolled' 
129061386,way,crossing,zebra,should use the tag 'crossing=uncontrolled' 
129061388,way,crossing,zebra,should use the tag 'crossing=uncontrolled' 
129061391,way,crossing,zebra,should use the tag 'crossing=uncontrolled' 
129061393,way,crossing,zebra,should use the tag 'crossing=uncontrolled' 
129061395,way,crossing,marked,should use the tag 'crossing=uncontrolled' 
129061396,way,crossing,marked,should use the tag 'crossing=uncontrolled' 
129061399,way,crossing,zebra,should use the tag 'crossing=uncontrolled' 
129061402,way,crossing,zebra,should use the tag 'crossing=uncontrolled' 
129061406,way,crossing,zebra,should use the tag 'crossing=uncontrolled' 
129061407,way,crossing,zebra,should use the tag 'crossing=uncontrolled' 
129061410,way,crossing,zebra,should use the tag 'crossing=uncontrolled' 
129061412,way,crossing,zebra,should use the tag 'crossing=uncontrolled' 
129061413,way,crossing,zebra,should use the tag 'crossing=uncontrolled' 
129061419,way,crossing,marked,should use the tag 'crossing=uncontrolled' 
129061420,way,crossing,zebra,should use the tag 'crossing=uncontrolled' 
129061422,way,crossing,zebra,should use the tag 'crossing=uncontrolled' 
129061423,way,crossing,zebra,should use the tag 'crossing=uncontrolled' 
129061426,way,crossing,zebra,should use the tag 'crossing=uncontrolled' 
129061428,way,crossing,zebra,should use the tag 'crossing=uncontrolled' 
129061429,way,crossing,marked,should use the tag 'crossing=uncontrolled' 
129061431,way,crossing,zebra,should use the tag 'crossing=uncontrolled' 
129061439,way,crossing,zebra,should use the tag 'crossing=uncontrolled' 
130994341,way,crossing,marked,should use the tag 'crossing=uncontrolled' 
131583068,way,crossing,marked,should use the tag 'crossing=uncontrolled' 
133800853,way,crossing,marked,should use the tag 'crossing=uncontrolled' 
133800857,way,crossing,zebra,should use the tag 'crossing=uncontrolled' 
133800861,way,crossing,marked,should use the tag 'crossing=uncontrolled' 
133800863,way,crossing,marked,should use the tag 'crossing=uncontrolled' 
133800865,way,crossing,zebra,should use the tag 'crossing=uncontrolled' 
133800870,way,crossing,marked,should use the tag 'crossing=uncontrolled' 
133800871,way,crossing,marked,should use the tag 'crossing=uncontrolled' 
133800873,way,crossing,marked,should use the tag 'crossing=uncontrolled' 
133800876,way,crossing,marked,should use the tag 'crossing=uncontrolled' 
133800879,way,crossing,marked,should use the tag 'crossing=uncontrolled' 
133800880,way,crossing,marked,should use the tag 'crossing=uncontrolled' 
133800884,way,crossing,marked,should use the tag 'crossing=uncontrolled' 
133800885,way,crossing,marked,should use the tag 'crossing=uncontrolled' 
133800887,way,crossing,marked,should use the tag 'crossing=uncontrolled' 
133800890,way,crossing,zebra,should use the tag 'crossing=uncontrolled' 
133800903,way,crossing,zebra,should use the tag 'crossing=uncontrolled' 
133915186,way,crossing,marked,should use the tag 'crossing=uncontrolled' 
133915187,way,crossing,marked,should use the tag 'crossing=uncontrolled' 
133915189,way,crossing,marked,should use the tag 'crossing=uncontrolled' 
133915190,way,crossing,marked,should use the tag 'crossing=uncontrolled' 
133915192,way,crossing,marked,should use the tag 'crossing=uncontrolled' 
133915193,way,crossing,marked,should use the tag 'crossing=uncontrolled' 
133915199,way,crossing,zebra,should use the tag 'crossing=uncontrolled' 
135234973,way,crossing,zebra,should use the tag 'crossing=uncontrolled' 
135234985,way,crossing,zebra,should use the tag 'crossing=uncontrolled' 
135234989,way,crossing,zebra,should use the tag 'crossing=uncontrolled' 
135234991,way,crossing,zebra,should use the tag 'crossing=uncontrolled' 
135234992,way,crossing,marked,should use the tag 'crossing=uncontrolled' 
135234993,way,crossing,zebra,should use the tag 'crossing=uncontrolled' 
135234994,way,crossing,marked,should use the tag 'crossing=uncontrolled' 
135234995,way,crossing,marked,should use the tag 'crossing=uncontrolled' 
135234997,way,crossing,zebra,should use the tag 'crossing=uncontrolled' 
135234999,way,crossing,marked,should use the tag 'crossing=uncontrolled' 
135235000,way,crossing,zebra,should use the tag 'crossing=uncontrolled' 
135235002,way,crossing,zebra,should use the tag 'crossing=uncontrolled' 
135235004,way,crossing,zebra,should use the tag 'crossing=uncontrolled' 
135235006,way,crossing,zebra,should use the tag 'crossing=uncontrolled' 
135235008,way,crossing,marked,should use the tag 'crossing=uncontrolled' 
135235010,way,crossing,zebra,should use the tag 'crossing=uncontrolled' 
135235011,way,crossing,marked,should use the tag 'crossing=uncontrolled' 
135235012,way,crossing,marked,should use the tag 'crossing=uncontrolled' 
135235013,way,crossing,zebra,should use the tag 'crossing=uncontrolled' 
135235014,way,crossing,marked,should use the tag 'crossing=uncontrolled' 
135235016,way,crossing,zebra,should use the tag 'crossing=uncontrolled' 
135235020,way,crossing,marked,should use the tag 'crossing=uncontrolled' 
135235021,way,crossing,marked,should use the tag 'crossing=uncontrolled' 
135235024,way,crossing,zebra,should use the tag 'crossing=uncontrolled' 
135300025,way,crossing,marked,should use the tag 'crossing=uncontrolled' 
135300027,way,crossing,marked,should use the tag 'crossing=uncontrolled' 
135311793,way,crossing,zebra,should use the tag 'crossing=uncontrolled' 
135311794,way,crossing,zebra,should use the tag 'crossing=uncontrolled' 
135311805,way,crossing,marked,should use the tag 'crossing=uncontrolled' 
135311807,way,crossing,marked,should use the tag 'crossing=uncontrolled' 
135311823,way,crossing,zebra,should use the tag 'crossing=uncontrolled' 
135344041,way,crossing,zebra,should use the tag 'crossing=uncontrolled' 
135344049,way,crossing,zebra,should use the tag 'crossing=uncontrolled' 
135344064,way,crossing,zebra,should use the tag 'crossing=uncontrolled' 
135344065,way,crossing,marked,should use the tag 'crossing=uncontrolled' 
135344074,way,crossing,zebra,should use the tag 'crossing=uncontrolled' 
135344076,way,crossing,zebra,should use the tag 'crossing=uncontrolled' 
135344080,way,crossing,zebra,should use the tag 'crossing=uncontrolled' 
135344083,way,crossing,marked,should use the tag 'crossing=uncontrolled' 
135344084,way,crossing,zebra,should use the tag 'crossing=uncontrolled' 
135344087,way,crossing,zebra,should use the tag 'crossing=uncontrolled' 
135344088,way,crossing,zebra,should use the tag 'crossing=uncontrolled' 
135344089,way,crossing,zebra,should use the tag 'crossing=uncontrolled' 
135344090,way,crossing,zebra,should use the tag 'crossing=uncontrolled' 
135344092,way,crossing,zebra,should use the tag 'crossing=uncontrolled' 
135344096,way,crossing,zebra,should use the tag 'crossing=uncontrolled' 
135349783,way,crossing,zebra,should use the tag 'crossing=uncontrolled' 
135349791,way,crossing,zebra,should use the tag 'crossing=uncontrolled' 
135349796,way,crossing,zebra,should use the tag 'crossing=uncontrolled' 
135349798,way,crossing,zebra,should use the tag 'crossing=uncontrolled' 
135349802,way,crossing,zebra,should use the tag 'crossing=uncontrolled' 
135475016,way,crossing,zebra,should use the tag 'crossing=uncontrolled' 
135475029,way,crossing,zebra,should use the tag 'crossing=uncontrolled' 
135475035,way,crossing,zebra,should use the tag 'crossing=uncontrolled' 
135475041,way,crossing,zebra,should use the tag 'crossing=uncontrolled' 
135593876,way,crossing,zebra,should use the tag 'crossing=uncontrolled' 
135593877,way,crossing,zebra,should use the tag 'crossing=uncontrolled' 
135593878,way,crossing,zebra,should use the tag 'crossing=uncontrolled' 
135593879,way,crossing,zebra,should use the tag 'crossing=uncontrolled' 
135593882,way,crossing,zebra,should use the tag 'crossing=uncontrolled' 
135593883,way,crossing,zebra,should use the tag 'crossing=uncontrolled' 
135593884,way,crossing,zebra,should use the tag 'crossing=uncontrolled' 
135593887,way,crossing,zebra,should use the tag 'crossing=uncontrolled' 
135593892,way,crossing,zebra,should use the tag 'crossing=uncontrolled' 
135593893,way,crossing,zebra,should use the tag 'crossing=uncontrolled' 
136475163,way,crossing,marked,should use the tag 'crossing=uncontrolled' 
136540514,way,crossing,zebra,should use the tag 'crossing=uncontrolled' 
136540516,way,crossing,zebra,should use the tag 'crossing=uncontrolled' 
136540517,way,crossing,zebra,should use the tag 'crossing=uncontrolled' 
136540519,way,crossing,zebra,should use the tag 'crossing=uncontrolled' 
136540520,way,crossing,zebra,should use the tag 'crossing=uncontrolled' 
136540521,way,crossing,zebra,should use the tag 'crossing=uncontrolled' 
136540523,way,crossing,zebra,should use the tag 'crossing=uncontrolled' 
136540526,way,crossing,zebra,should use the tag 'crossing=uncontrolled' 
136540528,way,crossing,zebra,should use the tag 'crossing=uncontrolled' 
136540535,way,crossing,zebra,should use the tag 'crossing=uncontrolled' 
136540543,way,crossing,zebra,should use the tag 'crossing=uncontrolled' 
138551022,way,crossing,zebra,should use the tag 'crossing=uncontrolled' 
151983186,way,crossing,zebra,should use the tag 'crossing=uncontrolled' 
158248404,way,crossing,marked,should use the tag 'crossing=uncontrolled' 
183072086,way,crossing,zebra,should use the tag 'crossing=uncontrolled' 
198386878,way,crossing,zebra,should use the tag 'crossing=uncontrolled' 
224446820,way,crossing,zebra,should use the tag 'crossing=uncontrolled' 
229137226,way,crossing,marked,should use the tag 'crossing=uncontrolled' 
237581794,way,crossing,zebra,should use the tag 'crossing=uncontrolled' 
238862029,way,crossing,zebra,should use the tag 'crossing=uncontrolled' 
238862032,way,crossing,zebra,should use the tag 'crossing=uncontrolled' 
238862035,way,crossing,zebra,should use the tag 'crossing=uncontrolled' 
238862037,way,crossing,zebra,should use the tag 'crossing=uncontrolled' 
238862039,way,crossing,zebra,should use the tag 'crossing=uncontrolled' 
238862041,way,crossing,zebra,should use the tag 'crossing=uncontrolled' 
238862054,way,crossing,zebra,should use the tag 'crossing=uncontrolled' 
238862056,way,crossing,zebra,should use the tag 'crossing=uncontrolled' 
253029453,way,crossing,marked,should use the tag 'crossing=uncontrolled' 
253029456,way,crossing,marked,should use the tag 'crossing=uncontrolled' 
253029459,way,crossing,marked,should use the tag 'crossing=uncontrolled' 
253029460,way,crossing,marked,should use the tag 'crossing=uncontrolled' 
253029464,way,crossing,marked,should use the tag 'crossing=uncontrolled' 
254701919,way,crossing,zebra,should use the tag 'crossing=uncontrolled' 
254701923,way,crossing,zebra,should use the tag 'crossing=uncontrolled' 
254701924,way,crossing,zebra,should use the tag 'crossing=uncontrolled' 
254701925,way,crossing,zebra,should use the tag 'crossing=uncontrolled' 
254701926,way,crossing,zebra,should use the tag 'crossing=uncontrolled' 
254701928,way,crossing,zebra,should use the tag 'crossing=uncontrolled' 
254701930,way,crossing,zebra,should use the tag 'crossing=uncontrolled' 
254701934,way,crossing,zebra,should use the tag 'crossing=uncontrolled' 
254701937,way,crossing,zebra,should use the tag 'crossing=uncontrolled' 
254701938,way,crossing,zebra,should use the tag 'crossing=uncontrolled' 
254701939,way,crossing,zebra,should use the tag 'crossing=uncontrolled' 
263354866,way,crossing,zebra,should use the tag 'crossing=uncontrolled' 
264635425,way,crossing,zebra,should use the tag 'crossing=uncontrolled' 
264635428,way,crossing,zebra,should use the tag 'crossing=uncontrolled' 
264635430,way,crossing,zebra,should use the tag 'crossing=uncontrolled' 
264635432,way,crossing,zebra,should use the tag 'crossing=uncontrolled' 
264635456,way,crossing,zebra,should use the tag 'crossing=uncontrolled' 
264635460,way,crossing,zebra,should use the tag 'crossing=uncontrolled' 
264635463,way,crossing,zebra,should use the tag 'crossing=uncontrolled' 
264648683,way,crossing,zebra,should use the tag 'crossing=uncontrolled' 
264648684,way,crossing,zebra,should use the tag 'crossing=uncontrolled' 
264648687,way,crossing,zebra,should use the tag 'crossing=uncontrolled' 
264648689,way,crossing,zebra,should use the tag 'crossing=uncontrolled' 
264648690,way,crossing,marked,should use the tag 'crossing=uncontrolled' 
264648692,way,crossing,marked,should use the tag 'crossing=uncontrolled' 
264648693,way,crossing,marked,should use the tag 'crossing=uncontrolled' 
273182763,way,crossing,zebra,should use the tag 'crossing=uncontrolled' 
284853600,way,crossing,zebra,should use the tag 'crossing=uncontrolled' 
284853602,way,crossing,zebra,should use the tag 'crossing=uncontrolled' 
292899560,way,crossing,zebra,should use the tag 'crossing=uncontrolled' 
293054620,way,crossing,zebra,should use the tag 'crossing=uncontrolled' 
297697085,way,crossing,marked,should use the tag 'crossing=uncontrolled' 
306320032,way,crossing,zebra,should use the tag 'crossing=uncontrolled' 
306743696,way,crossing,marked,should use the tag 'crossing=uncontrolled' 
306743698,way,crossing,marked,should use the tag 'crossing=uncontrolled' 
306743701,way,crossing,marked,should use the tag 'crossing=uncontrolled' 
306752602,way,crossing,marked,should use the tag 'crossing=uncontrolled' 
306752603,way,crossing,marked,should use the tag 'crossing=uncontrolled' 
306752609,way,crossing,marked,should use the tag 'crossing=uncontrolled' 
306752611,way,crossing,marked,should use the tag 'crossing=uncontrolled' 
310669624,way,crossing,marked,should use the tag 'crossing=uncontrolled' 
310669633,way,crossing,marked,should use the tag 'crossing=uncontrolled' 
310669637,way,crossing,marked,should use the tag 'crossing=uncontrolled' 
311012266,way,crossing,zebra,should use the tag 'crossing=uncontrolled' 
311012268,way,crossing,zebra,should use the tag 'crossing=uncontrolled' 
311012275,way,crossing,marked,should use the tag 'crossing=uncontrolled' 
311439549,way,crossing,marked,should use the tag 'crossing=uncontrolled' 
311648240,way,crossing,marked,should use the tag 'crossing=uncontrolled' 
311648246,way,crossing,marked,should use the tag 'crossing=uncontrolled' 
312996832,way,crossing,zebra,should use the tag 'crossing=uncontrolled' 
312996841,way,crossing,marked,should use the tag 'crossing=uncontrolled' 
312996848,way,crossing,zebra,should use the tag 'crossing=uncontrolled' 
313133641,way,crossing,zebra,should use the tag 'crossing=uncontrolled' 
313133645,way,crossing,zebra,should use the tag 'crossing=uncontrolled' 
313133647,way,crossing,zebra,should use the tag 'crossing=uncontrolled' 
313453883,way,crossing,zebra,should use the tag 'crossing=uncontrolled' 
313458174,way,crossing,marked,should use the tag 'crossing=uncontrolled' 
315066368,way,crossing,zebra,should use the tag 'crossing=uncontrolled' 
315066389,way,crossing,zebra,should use the tag 'crossing=uncontrolled' 
317701802,way,crossing,zebra,should use the tag 'crossing=uncontrolled' 
317701820,way,crossing,zebra,should use the tag 'crossing=uncontrolled' 
317943606,way,crossing,zebra,should use the tag 'crossing=uncontrolled' 
318612153,way,crossing,zebra,should use the tag 'crossing=uncontrolled' 
318612154,way,crossing,zebra,should use the tag 'crossing=uncontrolled' 
318612157,way,crossing,zebra,should use the tag 'crossing=uncontrolled' 
318612159,way,crossing,zebra,should use the tag 'crossing=uncontrolled' 
318612161,way,crossing,zebra,should use the tag 'crossing=uncontrolled' 
318612162,way,crossing,zebra,should use the tag 'crossing=uncontrolled' 
318612163,way,crossing,zebra,should use the tag 'crossing=uncontrolled' 
318612171,way,crossing,zebra,should use the tag 'crossing=uncontrolled' 
318995453,way,crossing,marked,should use the tag 'crossing=uncontrolled' 
318995466,way,crossing,marked,should use the tag 'crossing=uncontrolled' 
319038296,way,crossing,marked,should use the tag 'crossing=uncontrolled' 
319038299,way,crossing,marked,should use the tag 'crossing=uncontrolled' 
319038301,way,crossing,marked,should use the tag 'crossing=uncontrolled' 
319038304,way,crossing,marked,should use the tag 'crossing=uncontrolled' 
319038305,way,crossing,marked,should use the tag 'crossing=uncontrolled' 
319142187,way,crossing,marked,should use the tag 'crossing=uncontrolled' 
319426257,way,crossing,marked,should use the tag 'crossing=uncontrolled' 
319426258,way,crossing,marked,should use the tag 'crossing=uncontrolled' 
320091854,way,crossing,marked,should use the tag 'crossing=uncontrolled' 
320834503,way,crossing,zebra,should use the tag 'crossing=uncontrolled' 
320834506,way,crossing,zebra,should use the tag 'crossing=uncontrolled' 
320834507,way,crossing,zebra,should use the tag 'crossing=uncontrolled' 
320834508,way,crossing,zebra,should use the tag 'crossing=uncontrolled' 
320834509,way,crossing,zebra,should use the tag 'crossing=uncontrolled' 
320834513,way,crossing,zebra,should use the tag 'crossing=uncontrolled' 
320834514,way,crossing,zebra,should use the tag 'crossing=uncontrolled' 
320841830,way,crossing,zebra,should use the tag 'crossing=uncontrolled' 
333480884,way,crossing,zebra,should use the tag 'crossing=uncontrolled' 
333480885,way,crossing,zebra,should use the tag 'crossing=uncontrolled' 
333480886,way,crossing,zebra,should use the tag 'crossing=uncontrolled' 
333480887,way,crossing,zebra,should use the tag 'crossing=uncontrolled' 
333480889,way,crossing,zebra,should use the tag 'crossing=uncontrolled' 
333480890,way,crossing,zebra,should use the tag 'crossing=uncontrolled' 
333480891,way,crossing,zebra,should use the tag 'crossing=uncontrolled' 
333480892,way,crossing,zebra,should use the tag 'crossing=uncontrolled' 
333480893,way,crossing,zebra,should use the tag 'crossing=uncontrolled' 
333480894,way,crossing,zebra,should use the tag 'crossing=uncontrolled' 
333480895,way,crossing,zebra,should use the tag 'crossing=uncontrolled' 
333480896,way,crossing,zebra,should use the tag 'crossing=uncontrolled' 
333480897,way,crossing,zebra,should use the tag 'crossing=uncontrolled' 
333480900,way,crossing,zebra,should use the tag 'crossing=uncontrolled' 
333480901,way,crossing,zebra,should use the tag 'crossing=uncontrolled' 
333480902,way,crossing,zebra,should use the tag 'crossing=uncontrolled' 
333480903,way,crossing,zebra,should use the tag 'crossing=uncontrolled' 
333480904,way,crossing,zebra,should use the tag 'crossing=uncontrolled' 
333666953,way,crossing,zebra,should use the tag 'crossing=uncontrolled' 
333666956,way,crossing,zebra,should use the tag 'crossing=uncontrolled' 
333858673,way,crossing,zebra,should use the tag 'crossing=uncontrolled' 
333858675,way,crossing,zebra,should use the tag 'crossing=uncontrolled' 
333858677,way,crossing,zebra,should use the tag 'crossing=uncontrolled' 
333858678,way,crossing,zebra,should use the tag 'crossing=uncontrolled' 
333858679,way,crossing,zebra,should use the tag 'crossing=uncontrolled' 
333858681,way,crossing,zebra,should use the tag 'crossing=uncontrolled' 
333858682,way,crossing,zebra,should use the tag 'crossing=uncontrolled' 
333858684,way,crossing,zebra,should use the tag 'crossing=uncontrolled' 
333858685,way,crossing,zebra,should use the tag 'crossing=uncontrolled' 
333861114,way,crossing,zebra,should use the tag 'crossing=uncontrolled' 
333882461,way,crossing,zebra,should use the tag 'crossing=uncontrolled' 
334100481,way,crossing,zebra,should use the tag 'crossing=uncontrolled' 
334100486,way,crossing,zebra,should use the tag 'crossing=uncontrolled' 
334170302,way,crossing,zebra,should use the tag 'crossing=uncontrolled' 
334205493,way,crossing,marked,should use the tag 'crossing=uncontrolled' 
334205494,way,crossing,marked,should use the tag 'crossing=uncontrolled' 
334205496,way,crossing,marked,should use the tag 'crossing=uncontrolled' 
334373021,way,crossing,zebra,should use the tag 'crossing=uncontrolled' 
335063799,way,crossing,zebra,should use the tag 'crossing=uncontrolled' 
335805374,way,crossing,zebra,should use the tag 'crossing=uncontrolled' 
337052913,way,crossing,zebra,should use the tag 'crossing=uncontrolled' 
337052914,way,crossing,zebra,should use the tag 'crossing=uncontrolled' 
337052915,way,crossing,zebra,should use the tag 'crossing=uncontrolled' 
337052916,way,crossing,zebra,should use the tag 'crossing=uncontrolled' 
337052917,way,crossing,zebra,should use the tag 'crossing=uncontrolled' 
337052918,way,crossing,zebra,should use the tag 'crossing=uncontrolled' 
337052919,way,crossing,marked,should use the tag 'crossing=uncontrolled' 
337052920,way,crossing,zebra,should use the tag 'crossing=uncontrolled' 
337052922,way,crossing,zebra,should use the tag 'crossing=uncontrolled' 
337052924,way,crossing,zebra,should use the tag 'crossing=uncontrolled' 
337052925,way,crossing,zebra,should use the tag 'crossing=uncontrolled' 
337052926,way,crossing,zebra,should use the tag 'crossing=uncontrolled' 
337052927,way,crossing,marked,should use the tag 'crossing=uncontrolled' 
337052928,way,crossing,marked,should use the tag 'crossing=uncontrolled' 
337052929,way,crossing,zebra,should use the tag 'crossing=uncontrolled' 
337052930,way,crossing,zebra,should use the tag 'crossing=uncontrolled' 
337052931,way,crossing,zebra,should use the tag 'crossing=uncontrolled' 
337052933,way,crossing,zebra,should use the tag 'crossing=uncontrolled' 
337052934,way,crossing,marked,should use the tag 'crossing=uncontrolled' 
337052936,way,crossing,zebra,should use the tag 'crossing=uncontrolled' 
337052937,way,crossing,marked,should use the tag 'crossing=uncontrolled' 
337073169,way,crossing,zebra,should use the tag 'crossing=uncontrolled' 
337073171,way,crossing,zebra,should use the tag 'crossing=uncontrolled' 
337073175,way,crossing,zebra,should use the tag 'crossing=uncontrolled' 
337073181,way,crossing,zebra,should use the tag 'crossing=uncontrolled' 
337470975,way,crossing,zebra,should use the tag 'crossing=uncontrolled' 
337470976,way,crossing,zebra,should use the tag 'crossing=uncontrolled' 
337470977,way,crossing,zebra,should use the tag 'crossing=uncontrolled' 
337470979,way,crossing,zebra,should use the tag 'crossing=uncontrolled' 
337470980,way,crossing,zebra,should use the tag 'crossing=uncontrolled' 
337470981,way,crossing,zebra,should use the tag 'crossing=uncontrolled' 
337470982,way,crossing,zebra,should use the tag 'crossing=uncontrolled' 
337470983,way,crossing,zebra,should use the tag 'crossing=uncontrolled' 
337470984,way,crossing,zebra,should use the tag 'crossing=uncontrolled' 
337470985,way,crossing,zebra,should use the tag 'crossing=uncontrolled' 
337470986,way,crossing,zebra,should use the tag 'crossing=uncontrolled' 
337470987,way,crossing,zebra,should use the tag 'crossing=uncontrolled' 
337816196,way,crossing,zebra,should use the tag 'crossing=uncontrolled' 
337816197,way,crossing,zebra,should use the tag 'crossing=uncontrolled' 
337816198,way,crossing,zebra,should use the tag 'crossing=uncontrolled' 
337816199,way,crossing,zebra,should use the tag 'crossing=uncontrolled' 
337816200,way,crossing,zebra,should use the tag 'crossing=uncontrolled' 
337816201,way,crossing,zebra,should use the tag 'crossing=uncontrolled' 
337816202,way,crossing,zebra,should use the tag 'crossing=uncontrolled' 
337816203,way,crossing,zebra,should use the tag 'crossing=uncontrolled' 
337816205,way,crossing,zebra,should use the tag 'crossing=uncontrolled' 
337816207,way,crossing,zebra,should use the tag 'crossing=uncontrolled' 
337816209,way,crossing,zebra,should use the tag 'crossing=uncontrolled' 
337816210,way,crossing,zebra,should use the tag 'crossing=uncontrolled' 
337816211,way,crossing,zebra,should use the tag 'crossing=uncontrolled' 
337836331,way,crossing,zebra,should use the tag 'crossing=uncontrolled' 
337836337,way,crossing,zebra,should use the tag 'crossing=uncontrolled' 
337836345,way,crossing,zebra,should use the tag 'crossing=uncontrolled' 
337836346,way,crossing,zebra,should use the tag 'crossing=uncontrolled' 
337836348,way,crossing,zebra,should use the tag 'crossing=uncontrolled' 
337836352,way,crossing,zebra,should use the tag 'crossing=uncontrolled' 
337972467,way,crossing,zebra,should use the tag 'crossing=uncontrolled' 
338360661,way,crossing,zebra,should use the tag 'crossing=uncontrolled' 
338680343,way,crossing,marked,should use the tag 'crossing=uncontrolled' 
338693977,way,crossing,zebra,should use the tag 'crossing=uncontrolled' 
339911299,way,crossing,marked,should use the tag 'crossing=uncontrolled' 
339911300,way,crossing,marked,should use the tag 'crossing=uncontrolled' 
339911307,way,crossing,marked,should use the tag 'crossing=uncontrolled' 
339911312,way,crossing,marked,should use the tag 'crossing=uncontrolled' 
339911315,way,crossing,marked,should use the tag 'crossing=uncontrolled' 
339911318,way,crossing,zebra,should use the tag 'crossing=uncontrolled' 
339911321,way,crossing,marked,should use the tag 'crossing=uncontrolled' 
340000703,way,crossing,zebra,should use the tag 'crossing=uncontrolled' 
340180961,way,crossing,zebra,should use the tag 'crossing=uncontrolled' 
340180966,way,crossing,zebra,should use the tag 'crossing=uncontrolled' 
340180971,way,crossing,zebra,should use the tag 'crossing=uncontrolled' 
340202361,way,crossing,marked,should use the tag 'crossing=uncontrolled' 
340202362,way,crossing,marked,should use the tag 'crossing=uncontrolled' 
340202366,way,crossing,marked,should use the tag 'crossing=uncontrolled' 
340202370,way,crossing,marked,should use the tag 'crossing=uncontrolled' 
340202372,way,crossing,marked,should use the tag 'crossing=uncontrolled' 
340202374,way,crossing,marked,should use the tag 'crossing=uncontrolled' 
340277725,way,crossing,marked,should use the tag 'crossing=uncontrolled' 
340277733,way,crossing,marked,should use the tag 'crossing=uncontrolled' 
340277735,way,crossing,marked,should use the tag 'crossing=uncontrolled' 
340320319,way,crossing,zebra,should use the tag 'crossing=uncontrolled' 
340320327,way,crossing,zebra,should use the tag 'crossing=uncontrolled' 
340948144,way,crossing,marked,should use the tag 'crossing=uncontrolled' 
342796379,way,crossing,marked,should use the tag 'crossing=uncontrolled' 
342796380,way,crossing,marked,should use the tag 'crossing=uncontrolled' 
342796382,way,crossing,marked,should use the tag 'crossing=uncontrolled' 
342796384,way,crossing,marked,should use the tag 'crossing=uncontrolled' 
343224191,way,crossing,marked,should use the tag 'crossing=uncontrolled' 
343224193,way,crossing,marked,should use the tag 'crossing=uncontrolled' 
343275299,way,crossing,marked,should use the tag 'crossing=uncontrolled' 
343275301,way,crossing,marked,should use the tag 'crossing=uncontrolled' 
343275302,way,crossing,marked,should use the tag 'crossing=uncontrolled' 
343275303,way,crossing,marked,should use the tag 'crossing=uncontrolled' 
343722859,way,crossing,marked,should use the tag 'crossing=uncontrolled' 
343742038,way,crossing,marked,should use the tag 'crossing=uncontrolled' 
343742041,way,crossing,marked,should use the tag 'crossing=uncontrolled' 
343742042,way,crossing,marked,should use the tag 'crossing=uncontrolled' 
344136433,way,crossing,marked,should use the tag 'crossing=uncontrolled' 
344136435,way,crossing,marked,should use the tag 'crossing=uncontrolled' 
344136440,way,crossing,marked,should use the tag 'crossing=uncontrolled' 
344554869,way,crossing,marked,should use the tag 'crossing=uncontrolled' 
345559237,way,crossing,marked,should use the tag 'crossing=uncontrolled' 
345559239,way,crossing,marked,should use the tag 'crossing=uncontrolled' 
345559242,way,crossing,marked,should use the tag 'crossing=uncontrolled' 
347272007,way,crossing,zebra,should use the tag 'crossing=uncontrolled' 
347301774,way,crossing,marked,should use the tag 'crossing=uncontrolled' 
347630163,way,crossing,marked,should use the tag 'crossing=uncontrolled' 
347971497,way,crossing,marked,should use the tag 'crossing=uncontrolled' 
349306471,way,crossing,zebra,should use the tag 'crossing=uncontrolled' 
349306477,way,crossing,zebra,should use the tag 'crossing=uncontrolled' 
353523173,way,crossing,zebra,should use the tag 'crossing=uncontrolled' 
355173235,way,crossing,marked,should use the tag 'crossing=uncontrolled' 
355173239,way,crossing,marked,should use the tag 'crossing=uncontrolled' 
355173254,way,crossing,zebra,should use the tag 'crossing=uncontrolled' 
355173260,way,crossing,marked,should use the tag 'crossing=uncontrolled' 
355173262,way,crossing,marked,should use the tag 'crossing=uncontrolled' 
355182884,way,crossing,marked,should use the tag 'crossing=uncontrolled' 
355281631,way,crossing,marked,should use the tag 'crossing=uncontrolled' 
363988656,way,crossing,marked,should use the tag 'crossing=uncontrolled' 
365537413,way,crossing,marked,should use the tag 'crossing=uncontrolled' 
367428086,way,crossing,zebra,should use the tag 'crossing=uncontrolled' 
372705064,way,crossing,zebra,should use the tag 'crossing=uncontrolled' 
372863145,way,crossing,marked,should use the tag 'crossing=uncontrolled' 
373704135,way,crossing,marked,should use the tag 'crossing=uncontrolled' 
373704140,way,crossing,marked,should use the tag 'crossing=uncontrolled' 
373899303,way,crossing,zebra,should use the tag 'crossing=uncontrolled' 
374352115,way,crossing,marked,should use the tag 'crossing=uncontrolled' 
374582322,way,crossing,zebra,should use the tag 'crossing=uncontrolled' 
374590771,way,crossing,marked,should use the tag 'crossing=uncontrolled' 
374861919,way,crossing,marked,should use the tag 'crossing=uncontrolled' 
374861920,way,crossing,marked,should use the tag 'crossing=uncontrolled' 
374861927,way,crossing,marked,should use the tag 'crossing=uncontrolled' 
375206338,way,crossing,zebra,should use the tag 'crossing=uncontrolled' 
377895178,way,crossing,marked,should use the tag 'crossing=uncontrolled' 
377895179,way,crossing,marked,should use the tag 'crossing=uncontrolled' 
377899756,way,crossing,zebra,should use the tag 'crossing=uncontrolled' 
381581274,way,crossing,marked,should use the tag 'crossing=uncontrolled' 
381581275,way,crossing,marked,should use the tag 'crossing=uncontrolled' 
423324728,way,crossing,marked,should use the tag 'crossing=uncontrolled' 
427966250,way,crossing,marked,should use the tag 'crossing=uncontrolled' 
435121104,way,crossing,zebra,should use the tag 'crossing=uncontrolled' 
435946061,way,crossing,zebra,should use the tag 'crossing=uncontrolled' 
440149394,way,crossing,zebra,should use the tag 'crossing=uncontrolled' 
440149395,way,crossing,zebra,should use the tag 'crossing=uncontrolled' 
440149402,way,crossing,zebra,should use the tag 'crossing=uncontrolled' 
440149403,way,crossing,zebra,should use the tag 'crossing=uncontrolled' 
440149404,way,crossing,zebra,should use the tag 'crossing=uncontrolled' 
447771147,way,crossing,zebra,should use the tag 'crossing=uncontrolled' 
447771148,way,crossing,zebra,should use the tag 'crossing=uncontrolled' 
447771150,way,crossing,zebra,should use the tag 'crossing=uncontrolled' 
447771151,way,crossing,zebra,should use the tag 'crossing=uncontrolled' 
453683982,way,crossing,marked,should use the tag 'crossing=uncontrolled' 
461350655,way,crossing,marked,should use the tag 'crossing=uncontrolled' 
461350656,way,crossing,marked,should use the tag 'crossing=uncontrolled' 
461350658,way,crossing,marked,should use the tag 'crossing=uncontrolled' 
461350659,way,crossing,marked,should use the tag 'crossing=uncontrolled' 
461350660,way,crossing,marked,should use the tag 'crossing=uncontrolled' 
461350674,way,crossing,zebra,should use the tag 'crossing=uncontrolled' 
461359433,way,crossing,zebra,should use the tag 'crossing=uncontrolled' 
461359434,way,crossing,zebra,should use the tag 'crossing=uncontrolled' 
461379381,way,crossing,zebra,should use the tag 'crossing=uncontrolled' 
461379387,way,crossing,zebra,should use the tag 'crossing=uncontrolled' 
466352733,way,crossing,zebra,should use the tag 'crossing=uncontrolled' 
466352736,way,crossing,zebra,should use the tag 'crossing=uncontrolled' 
466352737,way,crossing,zebra,should use the tag 'crossing=uncontrolled' 
468406009,way,crossing,marked,should use the tag 'crossing=uncontrolled' 
474819603,way,crossing,zebra,should use the tag 'crossing=uncontrolled' 
477204387,way,crossing,marked,should use the tag 'crossing=uncontrolled' 
478730047,way,crossing,zebra,should use the tag 'crossing=uncontrolled' 
478730048,way,crossing,zebra,should use the tag 'crossing=uncontrolled' 
478730050,way,crossing,zebra,should use the tag 'crossing=uncontrolled' 
478730057,way,crossing,zebra,should use the tag 'crossing=uncontrolled' 
492270032,way,crossing,zebra,should use the tag 'crossing=uncontrolled' 
492270033,way,crossing,zebra,should use the tag 'crossing=uncontrolled' 
492801976,way,crossing,zebra,should use the tag 'crossing=uncontrolled' 
492801978,way,crossing,zebra,should use the tag 'crossing=uncontrolled' 
492801981,way,crossing,zebra,should use the tag 'crossing=uncontrolled' 
492801984,way,crossing,zebra,should use the tag 'crossing=uncontrolled' 
492801985,way,crossing,zebra,should use the tag 'crossing=uncontrolled' 
492801986,way,crossing,zebra,should use the tag 'crossing=uncontrolled' 
493633298,way,crossing,zebra,should use the tag 'crossing=uncontrolled' 
497778657,way,crossing,zebra,should use the tag 'crossing=uncontrolled' 
497778659,way,crossing,zebra,should use the tag 'crossing=uncontrolled' 
502428915,way,crossing,zebra,should use the tag 'crossing=uncontrolled' 
506089969,way,crossing,marked,should use the tag 'crossing=uncontrolled' 
517733323,way,crossing,marked,should use the tag 'crossing=uncontrolled' 
517733324,way,crossing,marked,should use the tag 'crossing=uncontrolled' 
517733326,way,crossing,marked,should use the tag 'crossing=uncontrolled' 
554206323,way,crossing,zebra,should use the tag 'crossing=uncontrolled' 
554206324,way,crossing,zebra,should use the tag 'crossing=uncontrolled' 
573219688,way,crossing,zebra,should use the tag 'crossing=uncontrolled' 
575504576,way,crossing,marked,should use the tag 'crossing=uncontrolled' 
575504586,way,crossing,marked,should use the tag 'crossing=uncontrolled' 
575504612,way,crossing,marked,should use the tag 'crossing=uncontrolled' 
575504620,way,crossing,marked,should use the tag 'crossing=uncontrolled' 
597048682,way,crossing,marked,should use the tag 'crossing=uncontrolled' 
616904182,way,crossing,marked,should use the tag 'crossing=uncontrolled' 
616904183,way,crossing,marked,should use the tag 'crossing=uncontrolled' 
619272302,way,crossing,marked,should use the tag 'crossing=uncontrolled' 
619367643,way,crossing,zebra,should use the tag 'crossing=uncontrolled' 
622480509,way,crossing,marked,should use the tag 'crossing=uncontrolled' 
622480510,way,crossing,marked,should use the tag 'crossing=uncontrolled' 
622480515,way,crossing,marked,should use the tag 'crossing=uncontrolled' 
622480519,way,crossing,marked,should use the tag 'crossing=uncontrolled' 
622480520,way,crossing,marked,should use the tag 'crossing=uncontrolled' 
622480521,way,crossing,marked,should use the tag 'crossing=uncontrolled' 
622480523,way,crossing,marked,should use the tag 'crossing=uncontrolled' 
622480524,way,crossing,marked,should use the tag 'crossing=uncontrolled' 
622480529,way,crossing,marked,should use the tag 'crossing=uncontrolled' 
623435292,way,crossing,marked,should use the tag 'crossing=uncontrolled' 
671926469,way,crossing,zebra,should use the tag 'crossing=uncontrolled' 
674076719,way,crossing,marked,should use the tag 'crossing=uncontrolled' 
674139042,way,crossing,marked,should use the tag 'crossing=uncontrolled' 
682357527,way,crossing,zebra,should use the tag 'crossing=uncontrolled' 
682539021,way,crossing,marked,should use the tag 'crossing=uncontrolled' 
682539024,way,crossing,marked,should use the tag 'crossing=uncontrolled' 
682539026,way,crossing,marked,should use the tag 'crossing=uncontrolled' 
682539215,way,crossing,marked,should use the tag 'crossing=uncontrolled' 
688568774,way,crossing,marked,should use the tag 'crossing=uncontrolled' 
713495165,way,crossing,marked,should use the tag 'crossing=uncontrolled' 
713495166,way,crossing,marked,should use the tag 'crossing=uncontrolled' 
714496143,way,crossing,marked,should use the tag 'crossing=uncontrolled' 
719030423,way,crossing,marked,should use the tag 'crossing=uncontrolled' 
738573141,way,crossing,zebra,should use the tag 'crossing=uncontrolled' 
741995575,way,crossing,marked,should use the tag 'crossing=uncontrolled' 
742703477,way,crossing,zebra,should use the tag 'crossing=uncontrolled' 
742703478,way,crossing,zebra,should use the tag 'crossing=uncontrolled' 
746900108,way,crossing,marked,should use the tag 'crossing=uncontrolled' 
746900109,way,crossing,marked,should use the tag 'crossing=uncontrolled' 
751362803,way,crossing,marked,should use the tag 'crossing=uncontrolled' 
751362806,way,crossing,marked,should use the tag 'crossing=uncontrolled' 
751362808,way,crossing,marked,should use the tag 'crossing=uncontrolled' 
751362809,way,crossing,marked,should use the tag 'crossing=uncontrolled' 
751362811,way,crossing,marked,should use the tag 'crossing=uncontrolled' 
751362812,way,crossing,marked,should use the tag 'crossing=uncontrolled' 
751362828,way,crossing,marked,should use the tag 'crossing=uncontrolled' 
760129552,way,crossing,marked,should use the tag 'crossing=uncontrolled' 
760129553,way,crossing,marked,should use the tag 'crossing=uncontrolled' 
760129555,way,crossing,marked,should use the tag 'crossing=uncontrolled' 
761333004,way,crossing,marked,should use the tag 'crossing=uncontrolled' 
761333005,way,crossing,marked,should use the tag 'crossing=uncontrolled' 
761333006,way,crossing,marked,should use the tag 'crossing=uncontrolled' 
761333033,way,crossing,marked,should use the tag 'crossing=uncontrolled' 
761333042,way,crossing,marked,should use the tag 'crossing=uncontrolled' 
761438589,way,crossing,zebra,should use the tag 'crossing=uncontrolled' 
761438590,way,crossing,zebra,should use the tag 'crossing=uncontrolled' 
764248997,way,crossing,marked,should use the tag 'crossing=uncontrolled' 
764248998,way,crossing,marked,should use the tag 'crossing=uncontrolled' 
764249003,way,crossing,marked,should use the tag 'crossing=uncontrolled' 
773783715,way,crossing,marked,should use the tag 'crossing=uncontrolled' 
773783716,way,crossing,marked,should use the tag 'crossing=uncontrolled' 
773783717,way,crossing,marked,should use the tag 'crossing=uncontrolled' 
776542385,way,crossing,marked,should use the tag 'crossing=uncontrolled' 
776748996,way,crossing,marked,should use the tag 'crossing=uncontrolled' 
776760118,way,crossing,marked,should use the tag 'crossing=uncontrolled' 
778209163,way,crossing,marked,should use the tag 'crossing=uncontrolled' 
778209164,way,crossing,marked,should use the tag 'crossing=uncontrolled' 
778209165,way,crossing,marked,should use the tag 'crossing=uncontrolled' 
778209167,way,crossing,marked,should use the tag 'crossing=uncontrolled' 
781379895,way,crossing,marked,should use the tag 'crossing=uncontrolled' 
781379899,way,crossing,marked,should use the tag 'crossing=uncontrolled' 
781379903,way,crossing,marked,should use the tag 'crossing=uncontrolled' 
783511873,way,crossing,marked,should use the tag 'crossing=uncontrolled' 
783779137,way,crossing,zebra,should use the tag 'crossing=uncontrolled' 
783932017,way,crossing,zebra,should use the tag 'crossing=uncontrolled' 
783932018,way,crossing,zebra,should use the tag 'crossing=uncontrolled' 
784157373,way,crossing,marked,should use the tag 'crossing=uncontrolled' 
784157374,way,crossing,marked,should use the tag 'crossing=uncontrolled' 
784157379,way,crossing,marked,should use the tag 'crossing=uncontrolled' 
784157381,way,crossing,marked,should use the tag 'crossing=uncontrolled' 
784524229,way,crossing,marked,should use the tag 'crossing=uncontrolled' 
784524230,way,crossing,marked,should use the tag 'crossing=uncontrolled' 
807633755,way,crossing,marked,should use the tag 'crossing=uncontrolled' 
807633756,way,crossing,marked,should use the tag 'crossing=uncontrolled' 
807633758,way,crossing,marked,should use the tag 'crossing=uncontrolled' 
807633761,way,crossing,marked,should use the tag 'crossing=uncontrolled' 
807633769,way,crossing,marked,should use the tag 'crossing=uncontrolled' 
807633770,way,crossing,marked,should use the tag 'crossing=uncontrolled' 
807724325,way,crossing,marked,should use the tag 'crossing=uncontrolled' 
807724326,way,crossing,marked,should use the tag 'crossing=uncontrolled' 
807724331,way,crossing,marked,should use the tag 'crossing=uncontrolled' 
807724334,way,crossing,marked,should use the tag 'crossing=uncontrolled' 
807724336,way,crossing,marked,should use the tag 'crossing=uncontrolled' 
807738689,way,crossing,marked,should use the tag 'crossing=uncontrolled' 
807738691,way,crossing,marked,should use the tag 'crossing=uncontrolled' 
807738694,way,crossing,marked,should use the tag 'crossing=uncontrolled' 
807738697,way,crossing,marked,should use the tag 'crossing=uncontrolled' 
807738699,way,crossing,marked,should use the tag 'crossing=uncontrolled' 
807738702,way,crossing,marked,should use the tag 'crossing=uncontrolled' 
807822109,way,crossing,zebra,should use the tag 'crossing=uncontrolled' 
807822110,way,crossing,zebra,should use the tag 'crossing=uncontrolled' 
807822113,way,crossing,marked,should use the tag 'crossing=uncontrolled' 
807845954,way,crossing,marked,should use the tag 'crossing=uncontrolled' 
807845955,way,crossing,marked,should use the tag 'crossing=uncontrolled' 
807857570,way,crossing,marked,should use the tag 'crossing=uncontrolled' 
807857574,way,crossing,marked,should use the tag 'crossing=uncontrolled' 
807857577,way,crossing,marked,should use the tag 'crossing=uncontrolled' 
807857580,way,crossing,marked,should use the tag 'crossing=uncontrolled' 
807857581,way,crossing,marked,should use the tag 'crossing=uncontrolled' 
807857584,way,crossing,marked,should use the tag 'crossing=uncontrolled' 
807857586,way,crossing,marked,should use the tag 'crossing=uncontrolled' 
807857588,way,crossing,marked,should use the tag 'crossing=uncontrolled' 
807857589,way,crossing,marked,should use the tag 'crossing=uncontrolled' 
807857592,way,crossing,marked,should use the tag 'crossing=uncontrolled' 
807857593,way,crossing,marked,should use the tag 'crossing=uncontrolled' 
807857596,way,crossing,marked,should use the tag 'crossing=uncontrolled' 
807857598,way,crossing,marked,should use the tag 'crossing=uncontrolled' 
807857599,way,crossing,marked,should use the tag 'crossing=uncontrolled' 
807857602,way,crossing,marked,should use the tag 'crossing=uncontrolled' 
807857604,way,crossing,marked,should use the tag 'crossing=uncontrolled' 
807857606,way,crossing,marked,should use the tag 'crossing=uncontrolled' 
807857608,way,crossing,marked,should use the tag 'crossing=uncontrolled' 
807857610,way,crossing,marked,should use the tag 'crossing=uncontrolled' 
807857611,way,crossing,marked,should use the tag 'crossing=uncontrolled' 
807857614,way,crossing,marked,should use the tag 'crossing=uncontrolled' 
807857615,way,crossing,marked,should use the tag 'crossing=uncontrolled' 
807857618,way,crossing,marked,should use the tag 'crossing=uncontrolled' 
807857619,way,crossing,marked,should use the tag 'crossing=uncontrolled' 
807857621,way,crossing,marked,should use the tag 'crossing=uncontrolled' 
807857624,way,crossing,marked,should use the tag 'crossing=uncontrolled' 
807861674,way,crossing,marked,should use the tag 'crossing=uncontrolled' 
807861676,way,crossing,marked,should use the tag 'crossing=uncontrolled' 
807861677,way,crossing,marked,should use the tag 'crossing=uncontrolled' 
807861680,way,crossing,marked,should use the tag 'crossing=uncontrolled' 
807861682,way,crossing,marked,should use the tag 'crossing=uncontrolled' 
809900938,way,crossing,marked,should use the tag 'crossing=uncontrolled' 
809900940,way,crossing,marked,should use the tag 'crossing=uncontrolled' 
809900942,way,crossing,marked,should use the tag 'crossing=uncontrolled' 
809900945,way,crossing,marked,should use the tag 'crossing=uncontrolled' 
810069955,way,crossing,marked,should use the tag 'crossing=uncontrolled' 
813191245,way,crossing,marked,should use the tag 'crossing=uncontrolled' 
813191253,way,crossing,zebra,should use the tag 'crossing=uncontrolled' 
813191255,way,crossing,marked,should use the tag 'crossing=uncontrolled' 
813191256,way,crossing,marked,should use the tag 'crossing=uncontrolled' 
813191257,way,crossing,marked,should use the tag 'crossing=uncontrolled' 
813191266,way,crossing,marked,should use the tag 'crossing=uncontrolled' 
813191267,way,crossing,marked,should use the tag 'crossing=uncontrolled' 
813191272,way,crossing,marked,should use the tag 'crossing=uncontrolled' 
817919632,way,crossing,zebra,should use the tag 'crossing=uncontrolled' 
818443480,way,crossing,marked,should use the tag 'crossing=uncontrolled' 
818537230,way,crossing,marked,should use the tag 'crossing=uncontrolled' 
818537232,way,crossing,marked,should use the tag 'crossing=uncontrolled' 
819946272,way,crossing,marked,should use the tag 'crossing=uncontrolled' 
819946273,way,crossing,marked,should use the tag 'crossing=uncontrolled' 
819946275,way,crossing,marked,should use the tag 'crossing=uncontrolled' 
819946278,way,crossing,marked,should use the tag 'crossing=uncontrolled' 
819946279,way,crossing,marked,should use the tag 'crossing=uncontrolled' 
819946280,way,crossing,marked,should use the tag 'crossing=uncontrolled' 
819946281,way,crossing,marked,should use the tag 'crossing=uncontrolled' 
819946282,way,crossing,marked,should use the tag 'crossing=uncontrolled' 
819946283,way,crossing,marked,should use the tag 'crossing=uncontrolled' 
819946286,way,crossing,marked,should use the tag 'crossing=uncontrolled' 
819946287,way,crossing,marked,should use the tag 'crossing=uncontrolled' 
819946288,way,crossing,marked,should use the tag 'crossing=uncontrolled' 
819946289,way,crossing,marked,should use the tag 'crossing=uncontrolled' 
819946290,way,crossing,marked,should use the tag 'crossing=uncontrolled' 
828533789,way,crossing,marked,should use the tag 'crossing=uncontrolled' 
828533790,way,crossing,marked,should use the tag 'crossing=uncontrolled' 
829782941,way,crossing,zebra,should use the tag 'crossing=uncontrolled' 
831018817,way,crossing,marked,should use the tag 'crossing=uncontrolled' 
831018823,way,crossing,marked,should use the tag 'crossing=uncontrolled' 
835450144,way,crossing,marked,should use the tag 'crossing=uncontrolled' 
836241640,way,crossing,marked,should use the tag 'crossing=uncontrolled' 
839628757,way,crossing,marked,should use the tag 'crossing=uncontrolled' 
846361520,way,crossing,marked,should use the tag 'crossing=uncontrolled' 
846361522,way,crossing,marked,should use the tag 'crossing=uncontrolled' 
848206487,way,crossing,marked,should use the tag 'crossing=uncontrolled' 
848206488,way,crossing,marked,should use the tag 'crossing=uncontrolled' 
857379241,way,crossing,marked,should use the tag 'crossing=uncontrolled' 
863548767,way,crossing,marked,should use the tag 'crossing=uncontrolled' 
863548788,way,crossing,marked,should use the tag 'crossing=uncontrolled' 
863548789,way,crossing,marked,should use the tag 'crossing=uncontrolled' 
863553911,way,crossing,marked,should use the tag 'crossing=uncontrolled' 
864575036,way,crossing,marked,should use the tag 'crossing=uncontrolled' 
864575041,way,crossing,marked,should use the tag 'crossing=uncontrolled' 
864968245,way,crossing,marked,should use the tag 'crossing=uncontrolled' 
865719385,way,crossing,marked,should use the tag 'crossing=uncontrolled' 
865719386,way,crossing,marked,should use the tag 'crossing=uncontrolled' 
865719393,way,crossing,marked,should use the tag 'crossing=uncontrolled' 
865719394,way,crossing,marked,should use the tag 'crossing=uncontrolled' 
870465507,way,crossing,zebra,should use the tag 'crossing=uncontrolled' 
870465508,way,crossing,zebra,should use the tag 'crossing=uncontrolled' 
870465509,way,crossing,zebra,should use the tag 'crossing=uncontrolled' 
870465510,way,crossing,zebra,should use the tag 'crossing=uncontrolled' 
870465511,way,crossing,zebra,should use the tag 'crossing=uncontrolled' 
870465512,way,crossing,zebra,should use the tag 'crossing=uncontrolled' 
871149542,way,crossing,marked,should use the tag 'crossing=uncontrolled' 
871149546,way,crossing,marked,should use the tag 'crossing=uncontrolled' 
871156108,way,crossing,marked,should use the tag 'crossing=uncontrolled' 
871427772,way,crossing,marked,should use the tag 'crossing=uncontrolled' 
871511117,way,crossing,marked,should use the tag 'crossing=uncontrolled' 
871511119,way,crossing,marked,should use the tag 'crossing=uncontrolled' 
871750079,way,crossing,marked,should use the tag 'crossing=uncontrolled' 
877601287,way,crossing,marked,should use the tag 'crossing=uncontrolled' 
877601288,way,crossing,marked,should use the tag 'crossing=uncontrolled' 
877601297,way,crossing,marked,should use the tag 'crossing=uncontrolled' 
880363075,way,crossing,marked,should use the tag 'crossing=uncontrolled' 
880363081,way,crossing,marked,should use the tag 'crossing=uncontrolled' 
880363085,way,crossing,marked,should use the tag 'crossing=uncontrolled' 
880363089,way,crossing,marked,should use the tag 'crossing=uncontrolled' 
880363095,way,crossing,marked,should use the tag 'crossing=uncontrolled' 
880532937,way,crossing,zebra,should use the tag 'crossing=uncontrolled' 
880532942,way,crossing,marked,should use the tag 'crossing=uncontrolled' 
880532951,way,crossing,marked,should use the tag 'crossing=uncontrolled' 
880532952,way,crossing,marked,should use the tag 'crossing=uncontrolled' 
880532954,way,crossing,marked,should use the tag 'crossing=uncontrolled' 
880532968,way,crossing,marked,should use the tag 'crossing=uncontrolled' 
880532973,way,crossing,marked,should use the tag 'crossing=uncontrolled' 
880532985,way,crossing,marked,should use the tag 'crossing=uncontrolled' 
880532987,way,crossing,marked,should use the tag 'crossing=uncontrolled' 
880532998,way,crossing,marked,should use the tag 'crossing=uncontrolled' 
880533005,way,crossing,marked,should use the tag 'crossing=uncontrolled' 
880533006,way,crossing,marked,should use the tag 'crossing=uncontrolled' 
880542100,way,crossing,marked,should use the tag 'crossing=uncontrolled' 
880546520,way,crossing,marked,should use the tag 'crossing=uncontrolled' 
882463974,way,crossing,marked,should use the tag 'crossing=uncontrolled' 
882962486,way,crossing,marked,should use the tag 'crossing=uncontrolled' 
882962487,way,crossing,marked,should use the tag 'crossing=uncontrolled' 
885939275,way,crossing,zebra,should use the tag 'crossing=uncontrolled' 
885939276,way,crossing,marked,should use the tag 'crossing=uncontrolled' 
887496090,way,crossing,marked,should use the tag 'crossing=uncontrolled' 
887496094,way,crossing,marked,should use the tag 'crossing=uncontrolled' 
887496096,way,crossing,marked,should use the tag 'crossing=uncontrolled' 
887496101,way,crossing,marked,should use the tag 'crossing=uncontrolled' 
887550164,way,crossing,marked,should use the tag 'crossing=uncontrolled' 
888374663,way,crossing,marked,should use the tag 'crossing=uncontrolled' 
888374665,way,crossing,marked,should use the tag 'crossing=uncontrolled' 
888374666,way,crossing,marked,should use the tag 'crossing=uncontrolled' 
888374667,way,crossing,marked,should use the tag 'crossing=uncontrolled' 
888374669,way,crossing,marked,should use the tag 'crossing=uncontrolled' 
888374671,way,crossing,marked,should use the tag 'crossing=uncontrolled' 
888374674,way,crossing,marked,should use the tag 'crossing=uncontrolled' 
888374677,way,crossing,marked,should use the tag 'crossing=uncontrolled' 
888374678,way,crossing,marked,should use the tag 'crossing=uncontrolled' 
888889435,way,crossing,marked,should use the tag 'crossing=uncontrolled' 
889257281,way,crossing,marked,should use the tag 'crossing=uncontrolled' 
891240021,way,crossing,marked,should use the tag 'crossing=uncontrolled' 
891240022,way,crossing,marked,should use the tag 'crossing=uncontrolled' 
891522140,way,crossing,marked,should use the tag 'crossing=uncontrolled' 
892427716,way,crossing,marked,should use the tag 'crossing=uncontrolled' 
892427718,way,crossing,marked,should use the tag 'crossing=uncontrolled' 
892694418,way,crossing,marked,should use the tag 'crossing=uncontrolled' 
892694485,way,crossing,marked,should use the tag 'crossing=uncontrolled' 
892705470,way,crossing,marked,should use the tag 'crossing=uncontrolled' 
892705471,way,crossing,marked,should use the tag 'crossing=uncontrolled' 
892706301,way,crossing,marked,should use the tag 'crossing=uncontrolled' 
892706445,way,crossing,marked,should use the tag 'crossing=uncontrolled' 
892706946,way,crossing,marked,should use the tag 'crossing=uncontrolled' 
892707135,way,crossing,marked,should use the tag 'crossing=uncontrolled' 
893079968,way,crossing,marked,should use the tag 'crossing=uncontrolled' 
893088347,way,crossing,marked,should use the tag 'crossing=uncontrolled' 
893088354,way,crossing,marked,should use the tag 'crossing=uncontrolled' 
895029620,way,crossing,marked,should use the tag 'crossing=uncontrolled' 
906838962,way,crossing,zebra,should use the tag 'crossing=uncontrolled' 
906838963,way,crossing,zebra,should use the tag 'crossing=uncontrolled' 
906838964,way,crossing,zebra,should use the tag 'crossing=uncontrolled' 
907056873,way,crossing,zebra,should use the tag 'crossing=uncontrolled' 
907056874,way,crossing,zebra,should use the tag 'crossing=uncontrolled' 
908554305,way,crossing,marked,should use the tag 'crossing=uncontrolled' 
908554307,way,crossing,marked,should use the tag 'crossing=uncontrolled' 
908554308,way,crossing,marked,should use the tag 'crossing=uncontrolled' 
908554309,way,crossing,marked,should use the tag 'crossing=uncontrolled' 
908554310,way,crossing,marked,should use the tag 'crossing=uncontrolled' 
908554311,way,crossing,marked,should use the tag 'crossing=uncontrolled' 
908554312,way,crossing,marked,should use the tag 'crossing=uncontrolled' 
908554313,way,crossing,marked,should use the tag 'crossing=uncontrolled' 
908554315,way,crossing,marked,should use the tag 'crossing=uncontrolled' 
908554317,way,crossing,marked,should use the tag 'crossing=uncontrolled' 
909023819,way,crossing,marked,should use the tag 'crossing=uncontrolled' 
909023851,way,crossing,marked,should use the tag 'crossing=uncontrolled' 
909139848,way,crossing,marked,should use the tag 'crossing=uncontrolled' 
909264306,way,crossing,marked,should use the tag 'crossing=uncontrolled' 
910476323,way,crossing,marked,should use the tag 'crossing=uncontrolled' 
911448773,way,crossing,marked,should use the tag 'crossing=uncontrolled' 
911448777,way,crossing,marked,should use the tag 'crossing=uncontrolled' 
911448781,way,crossing,marked,should use the tag 'crossing=uncontrolled' 
911488710,way,crossing,marked,should use the tag 'crossing=uncontrolled' 
911536357,way,crossing,marked,should use the tag 'crossing=uncontrolled' 
911536368,way,crossing,marked,should use the tag 'crossing=uncontrolled' 
911536371,way,crossing,marked,should use the tag 'crossing=uncontrolled' 
911607668,way,crossing,marked,should use the tag 'crossing=uncontrolled' 
911746437,way,crossing,marked,should use the tag 'crossing=uncontrolled' 
911746441,way,crossing,marked,should use the tag 'crossing=uncontrolled' 
911746446,way,crossing,marked,should use the tag 'crossing=uncontrolled' 
911755617,way,crossing,zebra,should use the tag 'crossing=uncontrolled' 
911764460,way,crossing,marked,should use the tag 'crossing=uncontrolled' 
911764465,way,crossing,marked,should use the tag 'crossing=uncontrolled' 
911764469,way,crossing,marked,should use the tag 'crossing=uncontrolled' 
911764471,way,crossing,marked,should use the tag 'crossing=uncontrolled' 
911791740,way,crossing,marked,should use the tag 'crossing=uncontrolled' 
911802004,way,crossing,marked,should use the tag 'crossing=uncontrolled' 
911802006,way,crossing,marked,should use the tag 'crossing=uncontrolled' 
911816905,way,crossing,marked,should use the tag 'crossing=uncontrolled' 
911816907,way,crossing,marked,should use the tag 'crossing=uncontrolled' 
911816909,way,crossing,marked,should use the tag 'crossing=uncontrolled' 
911816910,way,crossing,marked,should use the tag 'crossing=uncontrolled' 
911816911,way,crossing,marked,should use the tag 'crossing=uncontrolled' 
911882958,way,crossing,marked,should use the tag 'crossing=uncontrolled' 
911882981,way,crossing,marked,should use the tag 'crossing=uncontrolled' 
911882987,way,crossing,marked,should use the tag 'crossing=uncontrolled' 
911883014,way,crossing,marked,should use the tag 'crossing=uncontrolled' 
911969938,way,crossing,marked,should use the tag 'crossing=uncontrolled' 
911969942,way,crossing,marked,should use the tag 'crossing=uncontrolled' 
911996793,way,crossing,marked,should use the tag 'crossing=uncontrolled' 
912126318,way,crossing,marked,should use the tag 'crossing=uncontrolled' 
912736285,way,crossing,marked,should use the tag 'crossing=uncontrolled' 
912736286,way,crossing,marked,should use the tag 'crossing=uncontrolled' 
912736287,way,crossing,marked,should use the tag 'crossing=uncontrolled' 
912736288,way,crossing,marked,should use the tag 'crossing=uncontrolled' 
912781374,way,crossing,marked,should use the tag 'crossing=uncontrolled' 
912781375,way,crossing,marked,should use the tag 'crossing=uncontrolled' 
912781376,way,crossing,marked,should use the tag 'crossing=uncontrolled' 
912781377,way,crossing,marked,should use the tag 'crossing=uncontrolled' 
912781378,way,crossing,marked,should use the tag 'crossing=uncontrolled' 
912781379,way,crossing,marked,should use the tag 'crossing=uncontrolled' 
912781381,way,crossing,marked,should use the tag 'crossing=uncontrolled' 
912781382,way,crossing,marked,should use the tag 'crossing=uncontrolled' 
912781383,way,crossing,marked,should use the tag 'crossing=uncontrolled' 
912781384,way,crossing,marked,should use the tag 'crossing=uncontrolled' 
912810188,way,crossing,marked,should use the tag 'crossing=uncontrolled' 
912810189,way,crossing,marked,should use the tag 'crossing=uncontrolled' 
912810190,way,crossing,marked,should use the tag 'crossing=uncontrolled' 
912810191,way,crossing,marked,should use the tag 'crossing=uncontrolled' 
912810193,way,crossing,marked,should use the tag 'crossing=uncontrolled' 
912810194,way,crossing,marked,should use the tag 'crossing=uncontrolled' 
912820836,way,crossing,marked,should use the tag 'crossing=uncontrolled' 
912820837,way,crossing,marked,should use the tag 'crossing=uncontrolled' 
912820838,way,crossing,marked,should use the tag 'crossing=uncontrolled' 
912820839,way,crossing,marked,should use the tag 'crossing=uncontrolled' 
912820840,way,crossing,marked,should use the tag 'crossing=uncontrolled' 
912820841,way,crossing,marked,should use the tag 'crossing=uncontrolled' 
912820842,way,crossing,marked,should use the tag 'crossing=uncontrolled' 
912820843,way,crossing,marked,should use the tag 'crossing=uncontrolled' 
912820844,way,crossing,marked,should use the tag 'crossing=uncontrolled' 
912820846,way,crossing,marked,should use the tag 'crossing=uncontrolled' 
912820847,way,crossing,marked,should use the tag 'crossing=uncontrolled' 
912820848,way,crossing,marked,should use the tag 'crossing=uncontrolled' 
912820850,way,crossing,marked,should use the tag 'crossing=uncontrolled' 
913230870,way,crossing,marked,should use the tag 'crossing=uncontrolled' 
913230871,way,crossing,marked,should use the tag 'crossing=uncontrolled' 
913230874,way,crossing,marked,should use the tag 'crossing=uncontrolled' 
913767652,way,crossing,marked,should use the tag 'crossing=uncontrolled' 
913767653,way,crossing,marked,should use the tag 'crossing=uncontrolled' 
913767654,way,crossing,marked,should use the tag 'crossing=uncontrolled' 
913767655,way,crossing,marked,should use the tag 'crossing=uncontrolled' 
913767656,way,crossing,marked,should use the tag 'crossing=uncontrolled' 
913767657,way,crossing,marked,should use the tag 'crossing=uncontrolled' 
913774928,way,crossing,marked,should use the tag 'crossing=uncontrolled' 
913774929,way,crossing,marked,should use the tag 'crossing=uncontrolled' 
913774930,way,crossing,marked,should use the tag 'crossing=uncontrolled' 
913888134,way,crossing,marked,should use the tag 'crossing=uncontrolled' 
913888137,way,crossing,marked,should use the tag 'crossing=uncontrolled' 
913888139,way,crossing,marked,should use the tag 'crossing=uncontrolled' 
913888140,way,crossing,marked,should use the tag 'crossing=uncontrolled' 
914216375,way,crossing,marked,should use the tag 'crossing=uncontrolled' 
914463358,way,crossing,marked,should use the tag 'crossing=uncontrolled' 
914463359,way,crossing,marked,should use the tag 'crossing=uncontrolled' 
914463360,way,crossing,marked,should use the tag 'crossing=uncontrolled' 
914504636,way,crossing,marked,should use the tag 'crossing=uncontrolled' 
914505861,way,crossing,marked,should use the tag 'crossing=uncontrolled' 
914505866,way,crossing,marked,should use the tag 'crossing=uncontrolled' 
914642905,way,crossing,marked,should use the tag 'crossing=uncontrolled' 
914642906,way,crossing,marked,should use the tag 'crossing=uncontrolled' 
914642907,way,crossing,marked,should use the tag 'crossing=uncontrolled' 
914642908,way,crossing,marked,should use the tag 'crossing=uncontrolled' 
914642909,way,crossing,marked,should use the tag 'crossing=uncontrolled' 
914643587,way,crossing,marked,should use the tag 'crossing=uncontrolled' 
914643588,way,crossing,marked,should use the tag 'crossing=uncontrolled' 
914643589,way,crossing,marked,should use the tag 'crossing=uncontrolled' 
914643590,way,crossing,marked,should use the tag 'crossing=uncontrolled' 
914646957,way,crossing,marked,should use the tag 'crossing=uncontrolled' 
914646958,way,crossing,marked,should use the tag 'crossing=uncontrolled' 
914670604,way,crossing,marked,should use the tag 'crossing=uncontrolled' 
914670605,way,crossing,marked,should use the tag 'crossing=uncontrolled' 
914684216,way,crossing,marked,should use the tag 'crossing=uncontrolled' 
914692705,way,crossing,marked,should use the tag 'crossing=uncontrolled' 
914712958,way,crossing,marked,should use the tag 'crossing=uncontrolled' 
914712960,way,crossing,marked,should use the tag 'crossing=uncontrolled' 
914788442,way,crossing,marked,should use the tag 'crossing=uncontrolled' 
914788443,way,crossing,marked,should use the tag 'crossing=uncontrolled' 
914788444,way,crossing,marked,should use the tag 'crossing=uncontrolled' 
914788445,way,crossing,marked,should use the tag 'crossing=uncontrolled' 
914789521,way,crossing,marked,should use the tag 'crossing=uncontrolled' 
914789522,way,crossing,marked,should use the tag 'crossing=uncontrolled' 
914793869,way,crossing,marked,should use the tag 'crossing=uncontrolled' 
914793870,way,crossing,marked,should use the tag 'crossing=uncontrolled' 
914935769,way,crossing,marked,should use the tag 'crossing=uncontrolled' 
914935770,way,crossing,marked,should use the tag 'crossing=uncontrolled' 
914935771,way,crossing,marked,should use the tag 'crossing=uncontrolled' 
914935772,way,crossing,marked,should use the tag 'crossing=uncontrolled' 
914935773,way,crossing,marked,should use the tag 'crossing=uncontrolled' 
914935774,way,crossing,marked,should use the tag 'crossing=uncontrolled' 
914935775,way,crossing,marked,should use the tag 'crossing=uncontrolled' 
914935776,way,crossing,marked,should use the tag 'crossing=uncontrolled' 
914935777,way,crossing,marked,should use the tag 'crossing=uncontrolled' 
914935778,way,crossing,marked,should use the tag 'crossing=uncontrolled' 
914935782,way,crossing,marked,should use the tag 'crossing=uncontrolled' 
914935783,way,crossing,marked,should use the tag 'crossing=uncontrolled' 
914935784,way,crossing,marked,should use the tag 'crossing=uncontrolled' 
914935785,way,crossing,marked,should use the tag 'crossing=uncontrolled' 
914935786,way,crossing,marked,should use the tag 'crossing=uncontrolled' 
914936805,way,crossing,marked,should use the tag 'crossing=uncontrolled' 
914936806,way,crossing,marked,should use the tag 'crossing=uncontrolled' 
914947297,way,crossing,marked,should use the tag 'crossing=uncontrolled' 
914949027,way,crossing,marked,should use the tag 'crossing=uncontrolled' 
914949028,way,crossing,marked,should use the tag 'crossing=uncontrolled' 
914996812,way,crossing,marked,should use the tag 'crossing=uncontrolled' 
915022939,way,crossing,marked,should use the tag 'crossing=uncontrolled' 
915106146,way,crossing,marked,should use the tag 'crossing=uncontrolled' 
915106147,way,crossing,marked,should use the tag 'crossing=uncontrolled' 
915106148,way,crossing,marked,should use the tag 'crossing=uncontrolled' 
915112589,way,crossing,marked,should use the tag 'crossing=uncontrolled' 
915112590,way,crossing,marked,should use the tag 'crossing=uncontrolled' 
915112599,way,crossing,marked,should use the tag 'crossing=uncontrolled' 
915112600,way,crossing,marked,should use the tag 'crossing=uncontrolled' 
915448372,way,crossing,marked,should use the tag 'crossing=uncontrolled' 
915514585,way,crossing,marked,should use the tag 'crossing=uncontrolled' 
915514586,way,crossing,marked,should use the tag 'crossing=uncontrolled' 
915830958,way,crossing,marked,should use the tag 'crossing=uncontrolled' 
915857782,way,crossing,marked,should use the tag 'crossing=uncontrolled' 
915857783,way,crossing,marked,should use the tag 'crossing=uncontrolled' 
915857788,way,crossing,marked,should use the tag 'crossing=uncontrolled' 
915857790,way,crossing,marked,should use the tag 'crossing=uncontrolled' 
915857791,way,crossing,marked,should use the tag 'crossing=uncontrolled' 
915857792,way,crossing,marked,should use the tag 'crossing=uncontrolled' 
915857793,way,crossing,marked,should use the tag 'crossing=uncontrolled' 
915864497,way,crossing,marked,should use the tag 'crossing=uncontrolled' 
915891918,way,crossing,marked,should use the tag 'crossing=uncontrolled' 
915891919,way,crossing,marked,should use the tag 'crossing=uncontrolled' 
915891920,way,crossing,marked,should use the tag 'crossing=uncontrolled' 
915891923,way,crossing,marked,should use the tag 'crossing=uncontrolled' 
915891927,way,crossing,marked,should use the tag 'crossing=uncontrolled' 
915906300,way,crossing,marked,should use the tag 'crossing=uncontrolled' 
916307324,way,crossing,marked,should use the tag 'crossing=uncontrolled' 
916589676,way,crossing,marked,should use the tag 'crossing=uncontrolled' 
916589677,way,crossing,marked,should use the tag 'crossing=uncontrolled' 
916596519,way,crossing,marked,should use the tag 'crossing=uncontrolled' 
916596524,way,crossing,marked,should use the tag 'crossing=uncontrolled' 
916598110,way,crossing,marked,should use the tag 'crossing=uncontrolled' 
916598111,way,crossing,marked,should use the tag 'crossing=uncontrolled' 
916598112,way,crossing,marked,should use the tag 'crossing=uncontrolled' 
916598113,way,crossing,marked,should use the tag 'crossing=uncontrolled' 
916598117,way,crossing,marked,should use the tag 'crossing=uncontrolled' 
916598118,way,crossing,marked,should use the tag 'crossing=uncontrolled' 
921249217,way,crossing,marked,should use the tag 'crossing=uncontrolled' 
921249218,way,crossing,marked,should use the tag 'crossing=uncontrolled' 
921249219,way,crossing,marked,should use the tag 'crossing=uncontrolled' 
921249220,way,crossing,marked,should use the tag 'crossing=uncontrolled' 
921249221,way,crossing,marked,should use the tag 'crossing=uncontrolled' 
921987985,way,crossing,marked,should use the tag 'crossing=uncontrolled' 
921987986,way,crossing,marked,should use the tag 'crossing=uncontrolled' 
925614630,way,crossing,marked,should use the tag 'crossing=uncontrolled' 
925614631,way,crossing,marked,should use the tag 'crossing=uncontrolled' 
925614633,way,crossing,marked,should use the tag 'crossing=uncontrolled' 
925614634,way,crossing,marked,should use the tag 'crossing=uncontrolled' 
926303839,way,crossing,marked,should use the tag 'crossing=uncontrolled' 
926303841,way,crossing,marked,should use the tag 'crossing=uncontrolled' 
926752761,way,crossing,marked,should use the tag 'crossing=uncontrolled' 
926752762,way,crossing,marked,should use the tag 'crossing=uncontrolled' 
926754451,way,crossing,marked,should use the tag 'crossing=uncontrolled' 
926770238,way,crossing,marked,should use the tag 'crossing=uncontrolled' 
926848655,way,crossing,marked,should use the tag 'crossing=uncontrolled' 
926848657,way,crossing,marked,should use the tag 'crossing=uncontrolled' 
926848658,way,crossing,marked,should use the tag 'crossing=uncontrolled' 
926848665,way,crossing,marked,should use the tag 'crossing=uncontrolled' 
926848667,way,crossing,marked,should use the tag 'crossing=uncontrolled' 
926848669,way,crossing,marked,should use the tag 'crossing=uncontrolled' 
926848671,way,crossing,marked,should use the tag 'crossing=uncontrolled' 
931491803,way,crossing,marked,should use the tag 'crossing=uncontrolled' 
931491805,way,crossing,marked,should use the tag 'crossing=uncontrolled' 
931491810,way,crossing,marked,should use the tag 'crossing=uncontrolled' 
931493541,way,crossing,marked,should use the tag 'crossing=uncontrolled' 
931493543,way,crossing,marked,should use the tag 'crossing=uncontrolled' 
931493544,way,crossing,marked,should use the tag 'crossing=uncontrolled' 
931493546,way,crossing,marked,should use the tag 'crossing=uncontrolled' 
931493548,way,crossing,marked,should use the tag 'crossing=uncontrolled' 
931493549,way,crossing,marked,should use the tag 'crossing=uncontrolled' 
931731243,way,crossing,zebra,should use the tag 'crossing=uncontrolled' 
931731244,way,crossing,zebra,should use the tag 'crossing=uncontrolled' 
932105359,way,crossing,marked,should use the tag 'crossing=uncontrolled' 
932748773,way,crossing,marked,should use the tag 'crossing=uncontrolled' 
932748774,way,crossing,marked,should use the tag 'crossing=uncontrolled' 
935289440,way,crossing,marked,should use the tag 'crossing=uncontrolled' 
935289444,way,crossing,marked,should use the tag 'crossing=uncontrolled' 
935315779,way,crossing,marked,should use the tag 'crossing=uncontrolled' 
935315780,way,crossing,marked,should use the tag 'crossing=uncontrolled' 
935403394,way,crossing,marked,should use the tag 'crossing=uncontrolled' 
935737628,way,crossing,marked,should use the tag 'crossing=uncontrolled' 
935758320,way,crossing,marked,should use the tag 'crossing=uncontrolled' 
935758322,way,crossing,marked,should use the tag 'crossing=uncontrolled' 
935758323,way,crossing,marked,should use the tag 'crossing=uncontrolled' 
935758325,way,crossing,marked,should use the tag 'crossing=uncontrolled' 
935758328,way,crossing,marked,should use the tag 'crossing=uncontrolled' 
935758331,way,crossing,marked,should use the tag 'crossing=uncontrolled' 
935758332,way,crossing,marked,should use the tag 'crossing=uncontrolled' 
935758334,way,crossing,marked,should use the tag 'crossing=uncontrolled' 
935758335,way,crossing,marked,should use the tag 'crossing=uncontrolled' 
935758336,way,crossing,marked,should use the tag 'crossing=uncontrolled' 
935758337,way,crossing,marked,should use the tag 'crossing=uncontrolled' 
935758338,way,crossing,marked,should use the tag 'crossing=uncontrolled' 
935758340,way,crossing,marked,should use the tag 'crossing=uncontrolled' 
935758341,way,crossing,marked,should use the tag 'crossing=uncontrolled' 
935758343,way,crossing,marked,should use the tag 'crossing=uncontrolled' 
935758345,way,crossing,marked,should use the tag 'crossing=uncontrolled' 
935758346,way,crossing,marked,should use the tag 'crossing=uncontrolled' 
935758348,way,crossing,marked,should use the tag 'crossing=uncontrolled' 
935758350,way,crossing,marked,should use the tag 'crossing=uncontrolled' 
935758352,way,crossing,marked,should use the tag 'crossing=uncontrolled' 
935758353,way,crossing,marked,should use the tag 'crossing=uncontrolled' 
935758355,way,crossing,marked,should use the tag 'crossing=uncontrolled' 
935758357,way,crossing,marked,should use the tag 'crossing=uncontrolled' 
935758359,way,crossing,marked,should use the tag 'crossing=uncontrolled' 
935758360,way,crossing,marked,should use the tag 'crossing=uncontrolled' 
935758362,way,crossing,marked,should use the tag 'crossing=uncontrolled' 
935758363,way,crossing,marked,should use the tag 'crossing=uncontrolled' 
935758365,way,crossing,marked,should use the tag 'crossing=uncontrolled' 
935758369,way,crossing,marked,should use the tag 'crossing=uncontrolled' 
935758371,way,crossing,marked,should use the tag 'crossing=uncontrolled' 
935758372,way,crossing,marked,should use the tag 'crossing=uncontrolled' 
935761487,way,crossing,marked,should use the tag 'crossing=uncontrolled' 
935761488,way,crossing,marked,should use the tag 'crossing=uncontrolled' 
935761491,way,crossing,marked,should use the tag 'crossing=uncontrolled' 
935761492,way,crossing,marked,should use the tag 'crossing=uncontrolled' 
935761493,way,crossing,marked,should use the tag 'crossing=uncontrolled' 
935764904,way,crossing,marked,should use the tag 'crossing=uncontrolled' 
935764906,way,crossing,marked,should use the tag 'crossing=uncontrolled' 
936286266,way,crossing,marked,should use the tag 'crossing=uncontrolled' 
936286267,way,crossing,marked,should use the tag 'crossing=uncontrolled' 
936613349,way,crossing,marked,should use the tag 'crossing=uncontrolled' 
936759070,way,crossing,marked,should use the tag 'crossing=uncontrolled' 
936759071,way,crossing,marked,should use the tag 'crossing=uncontrolled' 
936759072,way,crossing,marked,should use the tag 'crossing=uncontrolled' 
936759073,way,crossing,marked,should use the tag 'crossing=uncontrolled' 
936759074,way,crossing,marked,should use the tag 'crossing=uncontrolled' 
936759075,way,crossing,marked,should use the tag 'crossing=uncontrolled' 
936759076,way,crossing,marked,should use the tag 'crossing=uncontrolled' 
936759077,way,crossing,marked,should use the tag 'crossing=uncontrolled' 
936759078,way,crossing,marked,should use the tag 'crossing=uncontrolled' 
936759079,way,crossing,marked,should use the tag 'crossing=uncontrolled' 
936759080,way,crossing,marked,should use the tag 'crossing=uncontrolled' 
936759081,way,crossing,marked,should use the tag 'crossing=uncontrolled' 
936759089,way,crossing,marked,should use the tag 'crossing=uncontrolled' 
936759092,way,crossing,marked,should use the tag 'crossing=uncontrolled' 
936759093,way,crossing,marked,should use the tag 'crossing=uncontrolled' 
936759094,way,crossing,marked,should use the tag 'crossing=uncontrolled' 
936759095,way,crossing,marked,should use the tag 'crossing=uncontrolled' 
936759096,way,crossing,marked,should use the tag 'crossing=uncontrolled' 
936759097,way,crossing,marked,should use the tag 'crossing=uncontrolled' 
936759098,way,crossing,marked,should use the tag 'crossing=uncontrolled' 
936759099,way,crossing,marked,should use the tag 'crossing=uncontrolled' 
936759100,way,crossing,marked,should use the tag 'crossing=uncontrolled' 
936759101,way,crossing,marked,should use the tag 'crossing=uncontrolled' 
936763769,way,crossing,marked,should use the tag 'crossing=uncontrolled' 
936763770,way,crossing,marked,should use the tag 'crossing=uncontrolled' 
936763772,way,crossing,marked,should use the tag 'crossing=uncontrolled' 
936763773,way,crossing,marked,should use the tag 'crossing=uncontrolled' 
936763775,way,crossing,marked,should use the tag 'crossing=uncontrolled' 
936763776,way,crossing,marked,should use the tag 'crossing=uncontrolled' 
936763777,way,crossing,marked,should use the tag 'crossing=uncontrolled' 
936763778,way,crossing,marked,should use the tag 'crossing=uncontrolled' 
936763780,way,crossing,marked,should use the tag 'crossing=uncontrolled' 
936763781,way,crossing,marked,should use the tag 'crossing=uncontrolled' 
936763782,way,crossing,marked,should use the tag 'crossing=uncontrolled' 
936763783,way,crossing,marked,should use the tag 'crossing=uncontrolled' 
936763784,way,crossing,marked,should use the tag 'crossing=uncontrolled' 
936763785,way,crossing,marked,should use the tag 'crossing=uncontrolled' 
936763786,way,crossing,marked,should use the tag 'crossing=uncontrolled' 
936763787,way,crossing,marked,should use the tag 'crossing=uncontrolled' 
936763788,way,crossing,marked,should use the tag 'crossing=uncontrolled' 
936763789,way,crossing,marked,should use the tag 'crossing=uncontrolled' 
936763790,way,crossing,marked,should use the tag 'crossing=uncontrolled' 
936763791,way,crossing,marked,should use the tag 'crossing=uncontrolled' 
936763792,way,crossing,marked,should use the tag 'crossing=uncontrolled' 
936763793,way,crossing,marked,should use the tag 'crossing=uncontrolled' 
936763794,way,crossing,marked,should use the tag 'crossing=uncontrolled' 
936763795,way,crossing,marked,should use the tag 'crossing=uncontrolled' 
936763796,way,crossing,marked,should use the tag 'crossing=uncontrolled' 
936763797,way,crossing,marked,should use the tag 'crossing=uncontrolled' 
936763803,way,crossing,marked,should use the tag 'crossing=uncontrolled' 
936763804,way,crossing,marked,should use the tag 'crossing=uncontrolled' 
936763806,way,crossing,marked,should use the tag 'crossing=uncontrolled' 
936763807,way,crossing,marked,should use the tag 'crossing=uncontrolled' 
936763808,way,crossing,marked,should use the tag 'crossing=uncontrolled' 
936763809,way,crossing,marked,should use the tag 'crossing=uncontrolled' 
936764035,way,crossing,marked,should use the tag 'crossing=uncontrolled' 
939268572,way,crossing,marked,should use the tag 'crossing=uncontrolled' 
939268573,way,crossing,marked,should use the tag 'crossing=uncontrolled' 
939268574,way,crossing,marked,should use the tag 'crossing=uncontrolled' 
939268579,way,crossing,marked,should use the tag 'crossing=uncontrolled' 
939268580,way,crossing,marked,should use the tag 'crossing=uncontrolled' 
939268581,way,crossing,marked,should use the tag 'crossing=uncontrolled' 
939268585,way,crossing,marked,should use the tag 'crossing=uncontrolled' 
939268586,way,crossing,marked,should use the tag 'crossing=uncontrolled' 
939268593,way,crossing,marked,should use the tag 'crossing=uncontrolled' 
939268595,way,crossing,marked,should use the tag 'crossing=uncontrolled' 
939268596,way,crossing,marked,should use the tag 'crossing=uncontrolled' 
939268597,way,crossing,marked,should use the tag 'crossing=uncontrolled' 
939268598,way,crossing,marked,should use the tag 'crossing=uncontrolled' 
939268599,way,crossing,marked,should use the tag 'crossing=uncontrolled' 
939268601,way,crossing,marked,should use the tag 'crossing=uncontrolled' 
939268602,way,crossing,marked,should use the tag 'crossing=uncontrolled' 
939268604,way,crossing,marked,should use the tag 'crossing=uncontrolled' 
939268607,way,crossing,marked,should use the tag 'crossing=uncontrolled' 
939270907,way,crossing,marked,should use the tag 'crossing=uncontrolled' 
939276336,way,crossing,marked,should use the tag 'crossing=uncontrolled' 
939276337,way,crossing,marked,should use the tag 'crossing=uncontrolled' 
939276338,way,crossing,marked,should use the tag 'crossing=uncontrolled' 
939276341,way,crossing,marked,should use the tag 'crossing=uncontrolled' 
939276342,way,crossing,marked,should use the tag 'crossing=uncontrolled' 
939276343,way,crossing,marked,should use the tag 'crossing=uncontrolled' 
939276344,way,crossing,marked,should use the tag 'crossing=uncontrolled' 
939276345,way,crossing,marked,should use the tag 'crossing=uncontrolled' 
939279271,way,crossing,marked,should use the tag 'crossing=uncontrolled' 
939279272,way,crossing,marked,should use the tag 'crossing=uncontrolled' 
939279273,way,crossing,marked,should use the tag 'crossing=uncontrolled' 
939282081,way,crossing,marked,should use the tag 'crossing=uncontrolled' 
939282082,way,crossing,marked,should use the tag 'crossing=uncontrolled' 
939293246,way,crossing,marked,should use the tag 'crossing=uncontrolled' 
939298713,way,crossing,marked,should use the tag 'crossing=uncontrolled' 
939298714,way,crossing,marked,should use the tag 'crossing=uncontrolled' 
939298715,way,crossing,marked,should use the tag 'crossing=uncontrolled' 
939298716,way,crossing,marked,should use the tag 'crossing=uncontrolled' 
939298718,way,crossing,marked,should use the tag 'crossing=uncontrolled' 
939784129,way,crossing,zebra,should use the tag 'crossing=uncontrolled' 
939993992,way,crossing,marked,should use the tag 'crossing=uncontrolled' 
939993995,way,crossing,marked,should use the tag 'crossing=uncontrolled' 
939993996,way,crossing,marked,should use the tag 'crossing=uncontrolled' 
939993998,way,crossing,marked,should use the tag 'crossing=uncontrolled' 
939993999,way,crossing,marked,should use the tag 'crossing=uncontrolled' 
939994001,way,crossing,marked,should use the tag 'crossing=uncontrolled' 
939994002,way,crossing,marked,should use the tag 'crossing=uncontrolled' 
939994004,way,crossing,marked,should use the tag 'crossing=uncontrolled' 
939994005,way,crossing,marked,should use the tag 'crossing=uncontrolled' 
939994006,way,crossing,marked,should use the tag 'crossing=uncontrolled' 
939994007,way,crossing,marked,should use the tag 'crossing=uncontrolled' 
939994009,way,crossing,marked,should use the tag 'crossing=uncontrolled' 
939994010,way,crossing,marked,should use the tag 'crossing=uncontrolled' 
940360884,way,crossing,marked,should use the tag 'crossing=uncontrolled' 
940374392,way,crossing,marked,should use the tag 'crossing=uncontrolled' 
940383187,way,crossing,marked,should use the tag 'crossing=uncontrolled' 
940383192,way,crossing,marked,should use the tag 'crossing=uncontrolled' 
940383194,way,crossing,marked,should use the tag 'crossing=uncontrolled' 
940383196,way,crossing,marked,should use the tag 'crossing=uncontrolled' 
940733163,way,crossing,marked,should use the tag 'crossing=uncontrolled' 
940733166,way,crossing,marked,should use the tag 'crossing=uncontrolled' 
940741286,way,crossing,marked,should use the tag 'crossing=uncontrolled' 
940741288,way,crossing,marked,should use the tag 'crossing=uncontrolled' 
940741289,way,crossing,marked,should use the tag 'crossing=uncontrolled' 
940741290,way,crossing,marked,should use the tag 'crossing=uncontrolled' 
940741291,way,crossing,marked,should use the tag 'crossing=uncontrolled' 
940741292,way,crossing,marked,should use the tag 'crossing=uncontrolled' 
940741293,way,crossing,marked,should use the tag 'crossing=uncontrolled' 
940741294,way,crossing,marked,should use the tag 'crossing=uncontrolled' 
940741296,way,crossing,marked,should use the tag 'crossing=uncontrolled' 
940741297,way,crossing,marked,should use the tag 'crossing=uncontrolled' 
940741298,way,crossing,marked,should use the tag 'crossing=uncontrolled' 
940741299,way,crossing,marked,should use the tag 'crossing=uncontrolled' 
940741301,way,crossing,marked,should use the tag 'crossing=uncontrolled' 
940741302,way,crossing,marked,should use the tag 'crossing=uncontrolled' 
940741303,way,crossing,marked,should use the tag 'crossing=uncontrolled' 
940741306,way,crossing,marked,should use the tag 'crossing=uncontrolled' 
940741307,way,crossing,marked,should use the tag 'crossing=uncontrolled' 
940741309,way,crossing,marked,should use the tag 'crossing=uncontrolled' 
940741311,way,crossing,marked,should use the tag 'crossing=uncontrolled' 
940741312,way,crossing,marked,should use the tag 'crossing=uncontrolled' 
940741314,way,crossing,marked,should use the tag 'crossing=uncontrolled' 
940741315,way,crossing,marked,should use the tag 'crossing=uncontrolled' 
940741316,way,crossing,marked,should use the tag 'crossing=uncontrolled' 
940741317,way,crossing,marked,should use the tag 'crossing=uncontrolled' 
940752925,way,crossing,marked,should use the tag 'crossing=uncontrolled' 
940752926,way,crossing,marked,should use the tag 'crossing=uncontrolled' 
940752927,way,crossing,marked,should use the tag 'crossing=uncontrolled' 
940752928,way,crossing,marked,should use the tag 'crossing=uncontrolled' 
940752929,way,crossing,marked,should use the tag 'crossing=uncontrolled' 
940752931,way,crossing,marked,should use the tag 'crossing=uncontrolled' 
940752932,way,crossing,marked,should use the tag 'crossing=uncontrolled' 
940752933,way,crossing,marked,should use the tag 'crossing=uncontrolled' 
940752934,way,crossing,marked,should use the tag 'crossing=uncontrolled' 
940752935,way,crossing,marked,should use the tag 'crossing=uncontrolled' 
940752936,way,crossing,marked,should use the tag 'crossing=uncontrolled' 
940752944,way,crossing,marked,should use the tag 'crossing=uncontrolled' 
940752946,way,crossing,marked,should use the tag 'crossing=uncontrolled' 
940752949,way,crossing,marked,should use the tag 'crossing=uncontrolled' 
940752950,way,crossing,marked,should use the tag 'crossing=uncontrolled' 
940752951,way,crossing,marked,should use the tag 'crossing=uncontrolled' 
940752952,way,crossing,marked,should use the tag 'crossing=uncontrolled' 
940754166,way,crossing,marked,should use the tag 'crossing=uncontrolled' 
940754169,way,crossing,marked,should use the tag 'crossing=uncontrolled' 
940754171,way,crossing,marked,should use the tag 'crossing=uncontrolled' 
940754172,way,crossing,marked,should use the tag 'crossing=uncontrolled' 
940755226,way,crossing,marked,should use the tag 'crossing=uncontrolled' 
940755227,way,crossing,marked,should use the tag 'crossing=uncontrolled' 
940755228,way,crossing,marked,should use the tag 'crossing=uncontrolled' 
940755229,way,crossing,marked,should use the tag 'crossing=uncontrolled' 
940950140,way,crossing,marked,should use the tag 'crossing=uncontrolled' 
940950142,way,crossing,marked,should use the tag 'crossing=uncontrolled' 
940954538,way,crossing,marked,should use the tag 'crossing=uncontrolled' 
941350516,way,crossing,marked,should use the tag 'crossing=uncontrolled' 
941378744,way,crossing,zebra,should use the tag 'crossing=uncontrolled' 
941378749,way,crossing,marked,should use the tag 'crossing=uncontrolled' 
941378750,way,crossing,marked,should use the tag 'crossing=uncontrolled' 
941378756,way,crossing,marked,should use the tag 'crossing=uncontrolled' 
941378758,way,crossing,marked,should use the tag 'crossing=uncontrolled' 
941378760,way,crossing,marked,should use the tag 'crossing=uncontrolled' 
941378762,way,crossing,marked,should use the tag 'crossing=uncontrolled' 
941378763,way,crossing,marked,should use the tag 'crossing=uncontrolled' 
941378764,way,crossing,marked,should use the tag 'crossing=uncontrolled' 
941378765,way,crossing,marked,should use the tag 'crossing=uncontrolled' 
941378766,way,crossing,marked,should use the tag 'crossing=uncontrolled' 
941378767,way,crossing,marked,should use the tag 'crossing=uncontrolled' 
941390305,way,crossing,marked,should use the tag 'crossing=uncontrolled' 
941390311,way,crossing,marked,should use the tag 'crossing=uncontrolled' 
941390312,way,crossing,marked,should use the tag 'crossing=uncontrolled' 
941403107,way,crossing,marked,should use the tag 'crossing=uncontrolled' 
941403108,way,crossing,marked,should use the tag 'crossing=uncontrolled' 
941410973,way,crossing,marked,should use the tag 'crossing=uncontrolled' 
941410979,way,crossing,marked,should use the tag 'crossing=uncontrolled' 
941411002,way,crossing,marked,should use the tag 'crossing=uncontrolled' 
941411003,way,crossing,marked,should use the tag 'crossing=uncontrolled' 
941411004,way,crossing,marked,should use the tag 'crossing=uncontrolled' 
941423011,way,crossing,marked,should use the tag 'crossing=uncontrolled' 
941423045,way,crossing,marked,should use the tag 'crossing=uncontrolled' 
941423047,way,crossing,marked,should use the tag 'crossing=uncontrolled' 
941423056,way,crossing,marked,should use the tag 'crossing=uncontrolled' 
941423057,way,crossing,marked,should use the tag 'crossing=uncontrolled' 
941423058,way,crossing,marked,should use the tag 'crossing=uncontrolled' 
941423059,way,crossing,marked,should use the tag 'crossing=uncontrolled' 
941435773,way,crossing,marked,should use the tag 'crossing=uncontrolled' 
941435774,way,crossing,marked,should use the tag 'crossing=uncontrolled' 
941435775,way,crossing,marked,should use the tag 'crossing=uncontrolled' 
941435776,way,crossing,marked,should use the tag 'crossing=uncontrolled' 
941435781,way,crossing,marked,should use the tag 'crossing=uncontrolled' 
941435783,way,crossing,marked,should use the tag 'crossing=uncontrolled' 
941435784,way,crossing,marked,should use the tag 'crossing=uncontrolled' 
941435785,way,crossing,marked,should use the tag 'crossing=uncontrolled' 
941435786,way,crossing,marked,should use the tag 'crossing=uncontrolled' 
941435789,way,crossing,marked,should use the tag 'crossing=uncontrolled' 
941435790,way,crossing,marked,should use the tag 'crossing=uncontrolled' 
941435791,way,crossing,marked,should use the tag 'crossing=uncontrolled' 
941435792,way,crossing,marked,should use the tag 'crossing=uncontrolled' 
941435793,way,crossing,marked,should use the tag 'crossing=uncontrolled' 
941435795,way,crossing,marked,should use the tag 'crossing=uncontrolled' 
941435797,way,crossing,marked,should use the tag 'crossing=uncontrolled' 
941435798,way,crossing,marked,should use the tag 'crossing=uncontrolled' 
941435799,way,crossing,marked,should use the tag 'crossing=uncontrolled' 
941435804,way,crossing,marked,should use the tag 'crossing=uncontrolled' 
941435805,way,crossing,marked,should use the tag 'crossing=uncontrolled' 
941435806,way,crossing,marked,should use the tag 'crossing=uncontrolled' 
941435807,way,crossing,marked,should use the tag 'crossing=uncontrolled' 
941435808,way,crossing,marked,should use the tag 'crossing=uncontrolled' 
941435810,way,crossing,marked,should use the tag 'crossing=uncontrolled' 
941435811,way,crossing,marked,should use the tag 'crossing=uncontrolled' 
941435814,way,crossing,marked,should use the tag 'crossing=uncontrolled' 
941435815,way,crossing,marked,should use the tag 'crossing=uncontrolled' 
941435816,way,crossing,marked,should use the tag 'crossing=uncontrolled' 
941441965,way,crossing,marked,should use the tag 'crossing=uncontrolled' 
941441966,way,crossing,marked,should use the tag 'crossing=uncontrolled' 
941441972,way,crossing,marked,should use the tag 'crossing=uncontrolled' 
941441973,way,crossing,marked,should use the tag 'crossing=uncontrolled' 
941441974,way,crossing,marked,should use the tag 'crossing=uncontrolled' 
941441982,way,crossing,marked,should use the tag 'crossing=uncontrolled' 
941450772,way,crossing,marked,should use the tag 'crossing=uncontrolled' 
941450775,way,crossing,zebra,should use the tag 'crossing=uncontrolled' 
941450776,way,crossing,marked,should use the tag 'crossing=uncontrolled' 
941450777,way,crossing,marked,should use the tag 'crossing=uncontrolled' 
941450778,way,crossing,marked,should use the tag 'crossing=uncontrolled' 
941450786,way,crossing,zebra,should use the tag 'crossing=uncontrolled' 
941450788,way,crossing,marked,should use the tag 'crossing=uncontrolled' 
941809270,way,crossing,marked,should use the tag 'crossing=uncontrolled' 
941942115,way,crossing,marked,should use the tag 'crossing=uncontrolled' 
945534015,way,crossing,marked,should use the tag 'crossing=uncontrolled' 
945534016,way,crossing,marked,should use the tag 'crossing=uncontrolled' 
945534017,way,crossing,marked,should use the tag 'crossing=uncontrolled' 
945534020,way,crossing,marked,should use the tag 'crossing=uncontrolled' 
945534026,way,crossing,marked,should use the tag 'crossing=uncontrolled' 
947372576,way,crossing,marked,should use the tag 'crossing=uncontrolled' 
947372578,way,crossing,marked,should use the tag 'crossing=uncontrolled' 
947372580,way,crossing,marked,should use the tag 'crossing=uncontrolled' 
947460258,way,crossing,marked,should use the tag 'crossing=uncontrolled' 
947460259,way,crossing,marked,should use the tag 'crossing=uncontrolled' 
947630639,way,crossing,marked,should use the tag 'crossing=uncontrolled' 
948197511,way,crossing,marked,should use the tag 'crossing=uncontrolled' 
948647135,way,crossing,marked,should use the tag 'crossing=uncontrolled' 
957839215,way,crossing,marked,should use the tag 'crossing=uncontrolled' 
963759441,way,crossing,marked,should use the tag 'crossing=uncontrolled' 
970500243,way,crossing,marked,should use the tag 'crossing=uncontrolled' 
970500245,way,crossing,marked,should use the tag 'crossing=uncontrolled' 
970500253,way,crossing,marked,should use the tag 'crossing=uncontrolled' 
970500254,way,crossing,marked,should use the tag 'crossing=uncontrolled' 
970500256,way,crossing,marked,should use the tag 'crossing=uncontrolled' 
970500257,way,crossing,marked,should use the tag 'crossing=uncontrolled' 
970500258,way,crossing,marked,should use the tag 'crossing=uncontrolled' 
970500260,way,crossing,marked,should use the tag 'crossing=uncontrolled' 
970500262,way,crossing,marked,should use the tag 'crossing=uncontrolled' 
970500263,way,crossing,marked,should use the tag 'crossing=uncontrolled' 
970500268,way,crossing,marked,should use the tag 'crossing=uncontrolled' 
970500277,way,crossing,marked,should use the tag 'crossing=uncontrolled' 
970500279,way,crossing,marked,should use the tag 'crossing=uncontrolled' 
970500281,way,crossing,marked,should use the tag 'crossing=uncontrolled' 
970500282,way,crossing,marked,should use the tag 'crossing=uncontrolled' 
970500283,way,crossing,zebra,should use the tag 'crossing=uncontrolled' 
970500286,way,crossing,marked,should use the tag 'crossing=uncontrolled' 
973084066,way,crossing,marked,should use the tag 'crossing=uncontrolled' 
973225860,way,crossing,marked,should use the tag 'crossing=uncontrolled' 
973439334,way,crossing,marked,should use the tag 'crossing=uncontrolled' 
973439335,way,crossing,marked,should use the tag 'crossing=uncontrolled' 
973512133,way,crossing,zebra,should use the tag 'crossing=uncontrolled' 
974039853,way,crossing,marked,should use the tag 'crossing=uncontrolled' 
978920691,way,crossing,marked,should use the tag 'crossing=uncontrolled' 
978920693,way,crossing,marked,should use the tag 'crossing=uncontrolled' 
978920697,way,crossing,marked,should use the tag 'crossing=uncontrolled' 
981847186,way,crossing,marked,should use the tag 'crossing=uncontrolled' 
982053650,way,crossing,marked,should use the tag 'crossing=uncontrolled' 
982053651,way,crossing,marked,should use the tag 'crossing=uncontrolled' 
982053652,way,crossing,marked,should use the tag 'crossing=uncontrolled' 
982053653,way,crossing,marked,should use the tag 'crossing=uncontrolled' 
982053654,way,crossing,marked,should use the tag 'crossing=uncontrolled' 
982053655,way,crossing,marked,should use the tag 'crossing=uncontrolled' 
982053656,way,crossing,marked,should use the tag 'crossing=uncontrolled' 
982053657,way,crossing,marked,should use the tag 'crossing=uncontrolled' 
982053659,way,crossing,marked,should use the tag 'crossing=uncontrolled' 
982053661,way,crossing,marked,should use the tag 'crossing=uncontrolled' 
982217640,way,crossing,marked,should use the tag 'crossing=uncontrolled' 
984053445,way,crossing,marked,should use the tag 'crossing=uncontrolled' 
986062348,way,crossing,marked,should use the tag 'crossing=uncontrolled' 
987231956,way,crossing,marked,should use the tag 'crossing=uncontrolled' 
995968409,way,crossing,zebra,should use the tag 'crossing=uncontrolled' 
996352932,way,crossing,marked,should use the tag 'crossing=uncontrolled' 
999882805,way,crossing,marked,should use the tag 'crossing=uncontrolled' 
999882807,way,crossing,marked,should use the tag 'crossing=uncontrolled' 
1000054856,way,crossing,marked,should use the tag 'crossing=uncontrolled' 
1000054867,way,crossing,marked,should use the tag 'crossing=uncontrolled' 
1000067210,way,crossing,marked,should use the tag 'crossing=uncontrolled' 
1005805992,way,crossing,marked,should use the tag 'crossing=uncontrolled' 
1005805996,way,crossing,marked,should use the tag 'crossing=uncontrolled' 
1005806001,way,crossing,marked,should use the tag 'crossing=uncontrolled' 
1005806005,way,crossing,marked,should use the tag 'crossing=uncontrolled' 
1007112400,way,crossing,marked,should use the tag 'crossing=uncontrolled' 
1007112417,way,crossing,marked,should use the tag 'crossing=uncontrolled' 
1011910390,way,crossing,zebra,should use the tag 'crossing=uncontrolled' 
1020971172,way,crossing,marked,should use the tag 'crossing=uncontrolled' 
1021878462,way,crossing,marked,should use the tag 'crossing=uncontrolled' 
1021878527,way,crossing,zebra,should use the tag 'crossing=uncontrolled' 
1021920212,way,crossing,marked,should use the tag 'crossing=uncontrolled' 
1022396966,way,crossing,marked,should use the tag 'crossing=uncontrolled' 
1022396981,way,crossing,marked,should use the tag 'crossing=uncontrolled' 
1022396982,way,crossing,marked,should use the tag 'crossing=uncontrolled' 
1022396985,way,crossing,marked,should use the tag 'crossing=uncontrolled' 
1022396986,way,crossing,marked,should use the tag 'crossing=uncontrolled' 
1022396988,way,crossing,marked,should use the tag 'crossing=uncontrolled' 
1022396989,way,crossing,marked,should use the tag 'crossing=uncontrolled' 
1022396990,way,crossing,marked,should use the tag 'crossing=uncontrolled' 
1022716712,way,crossing,marked,should use the tag 'crossing=uncontrolled' 
1034834948,way,crossing,marked,should use the tag 'crossing=uncontrolled' 
1050659516,way,crossing,marked,should use the tag 'crossing=uncontrolled' 
1050662487,way,crossing,marked,should use the tag 'crossing=uncontrolled' 
1063611405,way,crossing,marked,should use the tag 'crossing=uncontrolled' 
1064007307,way,crossing,marked,should use the tag 'crossing=uncontrolled' 
1071585997,way,crossing,marked,should use the tag 'crossing=uncontrolled' 
1071586003,way,crossing,marked,should use the tag 'crossing=uncontrolled' 
1071586004,way,crossing,marked,should use the tag 'crossing=uncontrolled' 
1071692178,way,crossing,marked,should use the tag 'crossing=uncontrolled' 
1071692179,way,crossing,marked,should use the tag 'crossing=uncontrolled' 
1071692182,way,crossing,marked,should use the tag 'crossing=uncontrolled' 
1071700056,way,crossing,marked,should use the tag 'crossing=uncontrolled' 
1071700061,way,crossing,marked,should use the tag 'crossing=uncontrolled' 
1071700062,way,crossing,marked,should use the tag 'crossing=uncontrolled' 
1071700063,way,crossing,marked,should use the tag 'crossing=uncontrolled' 
1071721335,way,crossing,marked,should use the tag 'crossing=uncontrolled' 
1072041550,way,crossing,marked,should use the tag 'crossing=uncontrolled' 
1078311607,way,crossing,marked,should use the tag 'crossing=uncontrolled' 
1084070811,way,crossing,zebra,should use the tag 'crossing=uncontrolled' 
1088938054,way,crossing,marked,should use the tag 'crossing=uncontrolled' 
1089039569,way,crossing,marked,should use the tag 'crossing=uncontrolled' 
1092235190,way,crossing,marked,should use the tag 'crossing=uncontrolled' 
1092235191,way,crossing,marked,should use the tag 'crossing=uncontrolled' 
1096406769,way,crossing,marked,should use the tag 'crossing=uncontrolled' 
1096406771,way,crossing,marked,should use the tag 'crossing=uncontrolled' 
1096406772,way,crossing,marked,should use the tag 'crossing=uncontrolled' 
1096406867,way,crossing,marked,should use the tag 'crossing=uncontrolled' 
1096406868,way,crossing,marked,should use the tag 'crossing=uncontrolled' 
1101669457,way,crossing,marked,should use the tag 'crossing=uncontrolled' 
1101669458,way,crossing,marked,should use the tag 'crossing=uncontrolled' 
1101669459,way,crossing,marked,should use the tag 'crossing=uncontrolled' 
1101696779,way,crossing,marked,should use the tag 'crossing=uncontrolled' 
1101696782,way,crossing,marked,should use the tag 'crossing=uncontrolled' 
1101696786,way,crossing,marked,should use the tag 'crossing=uncontrolled' 
1101696788,way,crossing,marked,should use the tag 'crossing=uncontrolled' 
1101696790,way,crossing,marked,should use the tag 'crossing=uncontrolled' 
1101696791,way,crossing,marked,should use the tag 'crossing=uncontrolled' 
1101696793,way,crossing,marked,should use the tag 'crossing=uncontrolled' 
1101696794,way,crossing,marked,should use the tag 'crossing=uncontrolled' 
1101696795,way,crossing,marked,should use the tag 'crossing=uncontrolled' 
1101696796,way,crossing,marked,should use the tag 'crossing=uncontrolled' 
1101696797,way,crossing,marked,should use the tag 'crossing=uncontrolled' 
1101696798,way,crossing,marked,should use the tag 'crossing=uncontrolled' 
1101696799,way,crossing,marked,should use the tag 'crossing=uncontrolled' 
1101696800,way,crossing,marked,should use the tag 'crossing=uncontrolled' 
1101696807,way,crossing,marked,should use the tag 'crossing=uncontrolled' 
1104033320,way,crossing,marked,should use the tag 'crossing=uncontrolled' 
1104033324,way,crossing,marked,should use the tag 'crossing=uncontrolled' 
1104033325,way,crossing,marked,should use the tag 'crossing=uncontrolled' 
1105919243,way,crossing,zebra,should use the tag 'crossing=uncontrolled' 
1150486065,way,crossing,zebra,should use the tag 'crossing=uncontrolled' 
1150486068,way,crossing,zebra,should use the tag 'crossing=uncontrolled' 
1150486069,way,crossing,zebra,should use the tag 'crossing=uncontrolled' 
1184403726,way,crossing,marked,should use the tag 'crossing=uncontrolled' 
1184403727,way,crossing,marked,should use the tag 'crossing=uncontrolled' 
1185600872,way,crossing,zebra,should use the tag 'crossing=uncontrolled' 
1200607537,way,crossing,marked,should use the tag 'crossing=uncontrolled' 
1215976491,way,crossing,marked,should use the tag 'crossing=uncontrolled' 
1217149314,way,crossing,marked,should use the tag 'crossing=uncontrolled' 
1217209868,way,crossing,marked,should use the tag 'crossing=uncontrolled' 
1217209869,way,crossing,marked,should use the tag 'crossing=uncontrolled' 
1218054875,way,crossing,marked,should use the tag 'crossing=uncontrolled' 
1218054876,way,crossing,marked,should use the tag 'crossing=uncontrolled' 
1218054877,way,crossing,marked,should use the tag 'crossing=uncontrolled' 
1218060773,way,crossing,marked,should use the tag 'crossing=uncontrolled' 
1218060774,way,crossing,marked,should use the tag 'crossing=uncontrolled' 
1218115846,way,crossing,marked,should use the tag 'crossing=uncontrolled' 
1218115847,way,crossing,marked,should use the tag 'crossing=uncontrolled' 
1218115848,way,crossing,marked,should use the tag 'crossing=uncontrolled' 
1218294566,way,crossing,marked,should use the tag 'crossing=uncontrolled' 
1218568712,way,crossing,marked,should use the tag 'crossing=uncontrolled' 
1218568714,way,crossing,marked,should use the tag 'crossing=uncontrolled' 
1218568717,way,crossing,marked,should use the tag 'crossing=uncontrolled' 
1225271489,way,crossing,zebra,should use the tag 'crossing=uncontrolled' 
1226018648,way,crossing,zebra,should use the tag 'crossing=uncontrolled' 
1226018649,way,crossing,zebra,should use the tag 'crossing=uncontrolled' 
1226018650,way,crossing,zebra,should use the tag 'crossing=uncontrolled' 
1226018651,way,crossing,zebra,should use the tag 'crossing=uncontrolled' 
1226018658,way,crossing,zebra,should use the tag 'crossing=uncontrolled' 
1226018659,way,crossing,zebra,should use the tag 'crossing=uncontrolled' 
1226018660,way,crossing,zebra,should use the tag 'crossing=uncontrolled' 
1226018665,way,crossing,marked,should use the tag 'crossing=uncontrolled' 
1226018668,way,crossing,zebra,should use the tag 'crossing=uncontrolled' 
1226018675,way,crossing,zebra,should use the tag 'crossing=uncontrolled' 
1226018678,way,crossing,zebra,should use the tag 'crossing=uncontrolled' 
1226530086,way,crossing,marked,should use the tag 'crossing=uncontrolled' 
1226530087,way,crossing,marked,should use the tag 'crossing=uncontrolled' 
1226530088,way,crossing,marked,should use the tag 'crossing=uncontrolled' 
1226540403,way,crossing,marked,should use the tag 'crossing=uncontrolled' 
1226540404,way,crossing,marked,should use the tag 'crossing=uncontrolled' 
1226540407,way,crossing,marked,should use the tag 'crossing=uncontrolled' 
1226540408,way,crossing,marked,should use the tag 'crossing=uncontrolled' 
1226556331,way,crossing,marked,should use the tag 'crossing=uncontrolled' 
1226774288,way,crossing,marked,should use the tag 'crossing=uncontrolled' 
1226774289,way,crossing,marked,should use the tag 'crossing=uncontrolled' 
1226788868,way,crossing,marked,should use the tag 'crossing=uncontrolled' 
1226788870,way,crossing,marked,should use the tag 'crossing=uncontrolled' 
1226865681,way,crossing,marked,should use the tag 'crossing=uncontrolled' 
1227111649,way,crossing,marked,should use the tag 'crossing=uncontrolled' 
1227111650,way,crossing,marked,should use the tag 'crossing=uncontrolled' 
1227232355,way,crossing,marked,should use the tag 'crossing=uncontrolled' 
1227232356,way,crossing,marked,should use the tag 'crossing=uncontrolled' 
1227232357,way,crossing,marked,should use the tag 'crossing=uncontrolled' 
1227232365,way,crossing,marked,should use the tag 'crossing=uncontrolled' 
1227232373,way,crossing,marked,should use the tag 'crossing=uncontrolled' 
1227239731,way,crossing,marked,should use the tag 'crossing=uncontrolled' 
1227239732,way,crossing,marked,should use the tag 'crossing=uncontrolled' 
1227239733,way,crossing,marked,should use the tag 'crossing=uncontrolled' 
1227239734,way,crossing,marked,should use the tag 'crossing=uncontrolled' 
1227239735,way,crossing,marked,should use the tag 'crossing=uncontrolled' 
1227239736,way,crossing,marked,should use the tag 'crossing=uncontrolled' 
1227239737,way,crossing,marked,should use the tag 'crossing=uncontrolled' 
1227239752,way,crossing,marked,should use the tag 'crossing=uncontrolled' 
1228647862,way,crossing,marked,should use the tag 'crossing=uncontrolled' 
1228647864,way,crossing,marked,should use the tag 'crossing=uncontrolled' 
1228722885,way,crossing,marked,should use the tag 'crossing=uncontrolled' 
1228727924,way,crossing,marked,should use the tag 'crossing=uncontrolled' 
1228751585,way,crossing,marked,should use the tag 'crossing=uncontrolled' 
1228751586,way,crossing,marked,should use the tag 'crossing=uncontrolled' 
1228801489,way,crossing,marked,should use the tag 'crossing=uncontrolled' 
1228801490,way,crossing,marked,should use the tag 'crossing=uncontrolled' 
1228801491,way,crossing,marked,should use the tag 'crossing=uncontrolled' 
1228801492,way,crossing,marked,should use the tag 'crossing=uncontrolled' 
1228801494,way,crossing,marked,should use the tag 'crossing=uncontrolled' 
1228801495,way,crossing,marked,should use the tag 'crossing=uncontrolled' 
1228801496,way,crossing,marked,should use the tag 'crossing=uncontrolled' 
1228801497,way,crossing,marked,should use the tag 'crossing=uncontrolled' 
1228801498,way,crossing,marked,should use the tag 'crossing=uncontrolled' 
1228801499,way,crossing,marked,should use the tag 'crossing=uncontrolled' 
1228801500,way,crossing,marked,should use the tag 'crossing=uncontrolled' 
1228801501,way,crossing,marked,should use the tag 'crossing=uncontrolled' 
1231555319,way,crossing,marked,should use the tag 'crossing=uncontrolled' 
1231555320,way,crossing,marked,should use the tag 'crossing=uncontrolled' 
1231555321,way,crossing,marked,should use the tag 'crossing=uncontrolled' 
1231555365,way,crossing,marked,should use the tag 'crossing=uncontrolled' 
1231555366,way,crossing,marked,should use the tag 'crossing=uncontrolled' 
1231564836,way,crossing,marked,should use the tag 'crossing=uncontrolled' 
1231564850,way,crossing,marked,should use the tag 'crossing=uncontrolled' 
1263749144,way,crossing,marked,should use the tag 'crossing=uncontrolled' 
1263749146,way,crossing,marked,should use the tag 'crossing=uncontrolled' 
1263749150,way,crossing,marked,should use the tag 'crossing=uncontrolled' 
1263749155,way,crossing,marked,should use the tag 'crossing=uncontrolled' 
1263753632,way,crossing,marked,should use the tag 'crossing=uncontrolled' 
1263880233,way,crossing,marked,should use the tag 'crossing=uncontrolled' 
1263880235,way,crossing,marked,should use the tag 'crossing=uncontrolled' 
1274413873,way,crossing,marked,should use the tag 'crossing=uncontrolled' 
1274413874,way,crossing,marked,should use the tag 'crossing=uncontrolled' 
1274413880,way,crossing,zebra,should use the tag 'crossing=uncontrolled' 
1274413881,way,crossing,zebra,should use the tag 'crossing=uncontrolled' 
1279779457,way,crossing,zebra,should use the tag 'crossing=uncontrolled' 
1286447481,way,crossing,marked,should use the tag 'crossing=uncontrolled' 
1286447482,way,crossing,marked,should use the tag 'crossing=uncontrolled' 
1286447483,way,crossing,zebra,should use the tag 'crossing=uncontrolled' 
1286447484,way,crossing,marked,should use the tag 'crossing=uncontrolled' 
1286447485,way,crossing,marked,should use the tag 'crossing=uncontrolled' 
1286447486,way,crossing,marked,should use the tag 'crossing=uncontrolled' 
1286447487,way,crossing,marked,should use the tag 'crossing=uncontrolled' 
1286447518,way,crossing,marked,should use the tag 'crossing=uncontrolled' 
1286447519,way,crossing,marked,should use the tag 'crossing=uncontrolled' 
1286447520,way,crossing,marked,should use the tag 'crossing=uncontrolled' 
1286447521,way,crossing,marked,should use the tag 'crossing=uncontrolled' 
1286447523,way,crossing,marked,should use the tag 'crossing=uncontrolled' 
1286447524,way,crossing,marked,should use the tag 'crossing=uncontrolled' 
1286447534,way,crossing,marked,should use the tag 'crossing=uncontrolled' 
1286447535,way,crossing,marked,should use the tag 'crossing=uncontrolled' 
1286447536,way,crossing,marked,should use the tag 'crossing=uncontrolled' 
1286447537,way,crossing,marked,should use the tag 'crossing=uncontrolled' 
1286447538,way,crossing,marked,should use the tag 'crossing=uncontrolled' 
1286447541,way,crossing,marked,should use the tag 'crossing=uncontrolled' 
1286447542,way,crossing,marked,should use the tag 'crossing=uncontrolled' 
1286447555,way,crossing,marked,should use the tag 'crossing=uncontrolled' 
1286447563,way,crossing,marked,should use the tag 'crossing=uncontrolled' 
1286447564,way,crossing,marked,should use the tag 'crossing=uncontrolled' 
1286447567,way,crossing,marked,should use the tag 'crossing=uncontrolled' 
1286447571,way,crossing,marked,should use the tag 'crossing=uncontrolled' 
1286447572,way,crossing,marked,should use the tag 'crossing=uncontrolled' 
1286447583,way,crossing,marked,should use the tag 'crossing=uncontrolled' 
1286447585,way,crossing,marked,should use the tag 'crossing=uncontrolled' 
1286447586,way,crossing,marked,should use the tag 'crossing=uncontrolled' 
1286447588,way,crossing,marked,should use the tag 'crossing=uncontrolled' 
1286447594,way,crossing,marked,should use the tag 'crossing=uncontrolled' 
1286447595,way,crossing,marked,should use the tag 'crossing=uncontrolled' 
1286447596,way,crossing,marked,should use the tag 'crossing=uncontrolled' 
1286447597,way,crossing,marked,should use the tag 'crossing=uncontrolled' 
1286447598,way,crossing,marked,should use the tag 'crossing=uncontrolled' 
1301671987,way,crossing,marked,should use the tag 'crossing=uncontrolled' 
1301671992,way,crossing,marked,should use the tag 'crossing=uncontrolled' 
1301674032,way,crossing,marked,should use the tag 'crossing=uncontrolled' 
1323516023,way,crossing,marked,should use the tag 'crossing=uncontrolled' 
1331906057,way,crossing,marked,should use the tag 'crossing=uncontrolled' 
1343163297,way,crossing,marked,should use the tag 'crossing=uncontrolled' 
1355151620,way,crossing,marked,should use the tag 'crossing=uncontrolled' 
1355151621,way,crossing,marked,should use the tag 'crossing=uncontrolled' 
1371007455,way,crossing,zebra,should use the tag 'crossing=uncontrolled' 
1393662079,way,crossing,marked,should use the tag 'crossing=uncontrolled' 
1394861911,way,crossing,marked,should use the tag 'crossing=uncontrolled' 
1394861921,way,crossing,marked,should use the tag 'crossing=uncontrolled' 
1394861922,way,crossing,marked,should use the tag 'crossing=uncontrolled' 
1394972096,way,crossing,marked,should use the tag 'crossing=uncontrolled' 
1424249625,way,crossing,marked,should use the tag 'crossing=uncontrolled' 
1424249626,way,crossing,marked,should use the tag 'crossing=uncontrolled' 
1424249627,way,crossing,marked,should use the tag 'crossing=uncontrolled' 
1424249628,way,crossing,marked,should use the tag 'crossing=uncontrolled' 
1424249629,way,crossing,marked,should use the tag 'crossing=uncontrolled' 
1424249630,way,crossing,marked,should use the tag 'crossing=uncontrolled' 
1424249631,way,crossing,marked,should use the tag 'crossing=uncontrolled' 
1424249632,way,crossing,marked,should use the tag 'crossing=uncontrolled' 
1441878672,way,crossing,marked,should use the tag 'crossing=uncontrolled' 
1456838475,way,crossing,zebra,should use the tag 'crossing=uncontrolled' 
1465801655,way,crossing,marked,should use the tag 'crossing=uncontrolled' 
1465801656,way,crossing,marked,should use the tag 'crossing=uncontrolled' 
1498302647,way,crossing,marked,should use the tag 'crossing=uncontrolled' 
1504443442,way,crossing,marked,should use the tag 'crossing=uncontrolled' 
1523788876,way,crossing,marked,should use the tag 'crossing=uncontrolled' 
1548199278,way,crossing,zebra,should use the tag 'crossing=uncontrolled' 
1548199288,way,crossing,zebra,should use the tag 'crossing=uncontrolled' 
1548502301,way,crossing,marked,should use the tag 'crossing=uncontrolled' 
