{"type": "FeatureCollection", "features": [{"type": "Feature", "geometry": {"type": "Point", "coordinates": [10.7913901, 59.9347712]}, "properties": {"id": 242870869, "feat_type": "way", "quality_categories": "improper_geometries, wrong_mispelled_or_unlisted_values", "issue_ids": "[0, 1]", "osm_url": "https://www.openstreetmap.org/way/242870869", "josm_url": "http://127.0.0.1:8111/load_object?new_layer=false&objects=w242870869", "id_url": "https://www.openstreetmap.org/edit?editor=id&way=242870869#map=20/59.9347712/10.7913901"}}, {"type": "Feature", "geometry": {"type": "Point", "coordinates": [10.795600499999987, 59.910069199999995]}, "properties": {"id": 343722829, "feat_type": "way", "quality_categories": "improper_geometries, improper_keys", "issue_ids": "[2, 1]", "osm_url": "https://www.openstreetmap.org/way/343722829", "josm_url": "http://127.0.0.1:8111/load_object?new_layer=false&objects=w343722829", "id_url": "https://www.openstreetmap.org/edit?editor=id&way=343722829#map=20/59.910069199999995/10.795600499999987"}}, {"type": "Feature", "geometry": {"type": "Point", "coordinates": [10.8009624, 59.931721]}, "properties": {"id": 712153045, "feat_type": "way", "quality_categories": "improper_geometries, wrong_mispelled_or_unlisted_values", "issue_ids": "[0, 1]", "osm_url": "https://www.openstreetmap.org/way/712153045", "josm_url": "http://127.0.0.1:8111/load_object?new_layer=false&objects=w712153045", "id_url": "https://www.openstreetmap.org/edit?editor=id&way=712153045#map=20/59.931721/10.8009624"}}, {"type": "Feature", "geometry": {"type": "Point", "coordinates": [10.746342215290806, 59.912430400000005]}, "properties": {"id": 810225567, "feat_type": "way", "quality_categories": "improper_geometries, improper_keys", "issue_ids": "[3, 1]", "osm_url": "https://www.openstreetmap.org/way/810225567", "josm_url": "http://127.0.0.1:8111/load_object?new_layer=false&objects=w810225567", "id_url": "https://www.openstreetmap.org/edit?editor=id&way=810225567#map=20/59.912430400000005/10.746342215290806"}}, {"type": "Feature", "geometry": {"type": "Point", "coordinates": [10.731854126200975, 59.92228445000001]}, "properties": {"id": 107958988, "feat_type": "way", "quality_categories": "improper_geometries", "issue_ids": "[1]", "osm_url": "https://www.openstreetmap.org/way/107958988", "josm_url": "http://127.0.0.1:8111/load_object?new_layer=false&objects=w107958988", "id_url": "https://www.openstreetmap.org/edit?editor=id&way=107958988#map=20/59.92228445000001/10.731854126200975"}}, {"type": "Feature", "geometry": {"type": "Point", "coordinates": [10.757595926933032, 59.92635805]}, "properties": {"id": 113067727, "feat_type": "way", "quality_categories": "improper_geometries", "issue_ids": "[1]", "osm_url": "https://www.openstreetmap.org/way/113067727", "josm_url": "http://127.0.0.1:8111/load_object?new_layer=false&objects=w113067727", "id_url": "https://www.openstreetmap.org/edit?editor=id&way=113067727#map=20/59.92635805/10.757595926933032"}}, {"type": "Feature", "geometry": {"type": "Point", "coordinates": [10.734452968015415, 59.9193833]}, "properties": {"id": 116409769, "feat_type": "way", "quality_categories": "improper_geometries", "issue_ids": "[1]", "osm_url": "https://www.openstreetmap.org/way/116409769", "josm_url": "http://127.0.0.1:8111/load_object?new_layer=false&objects=w116409769", "id_url": "https://www.openstreetmap.org/edit?editor=id&way=116409769#map=20/59.9193833/10.734452968015415"}}, {"type": "Feature", "geometry": {"type": "Point", "coordinates": [10.8102309, 59.9418396]}, "properties": {"id": 118185089, "feat_type": "way", "quality_categories": "improper_geometries", "issue_ids": "[1]", "osm_url": "https://www.openstreetmap.org/way/118185089", "josm_url": "http://127.0.0.1:8111/load_object?new_layer=false&objects=w118185089", "id_url": "https://www.openstreetmap.org/edit?editor=id&way=118185089#map=20/59.9418396/10.8102309"}}, {"type": "Feature", "geometry": {"type": "Point", "coordinates": [10.8109302, 59.9414587]}, "properties": {"id": 118185160, "feat_type": "way", "quality_categories": "improper_geometries", "issue_ids": "[1]", "osm_url": "https://www.openstreetmap.org/way/118185160", "josm_url": "http://127.0.0.1:8111/load_object?new_layer=false&objects=w118185160", "id_url": "https://www.openstreetmap.org/edit?editor=id&way=118185160#map=20/59.9414587/10.8109302"}}, {"type": "Feature", "geometry": {"type": "Point", "coordinates": [10.695091858496717, 59.919302200000004]}, "properties": {"id": 118881266, "feat_type": "way", "quality_categories": "improper_geometries", "issue_ids": "[1]", "osm_url": "https://www.openstreetmap.org/way/118881266", "josm_url": "http://127.0.0.1:8111/load_object?new_layer=false&objects=w118881266", "id_url": "https://www.openstreetmap.org/edit?editor=id&way=118881266#map=20/59.919302200000004/10.695091858496717"}}, {"type": "Feature", "geometry": {"type": "Point", "coordinates": [10.695125199825178, 59.9191322]}, "properties": {"id": 118881282, "feat_type": "way", "quality_categories": "improper_geometries", "issue_ids": "[1]", "osm_url": "https://www.openstreetmap.org/way/118881282", "josm_url": "http://127.0.0.1:8111/load_object?new_layer=false&objects=w118881282", "id_url": "https://www.openstreetmap.org/edit?editor=id&way=118881282#map=20/59.9191322/10.695125199825178"}}, {"type": "Feature", "geometry": {"type": "Point", "coordinates": [10.694477724011307, 59.91933495]}, "properties": {"id": 118881284, "feat_type": "way", "quality_categories": "improper_geometries", "issue_ids": "[1]", "osm_url": "https://www.openstreetmap.org/way/118881284", "josm_url": "http://127.0.0.1:8111/load_object?new_layer=false&objects=w118881284", "id_url": "https://www.openstreetmap.org/edit?editor=id&way=118881284#map=20/59.91933495/10.694477724011307"}}, {"type": "Feature", "geometry": {"type": "Point", "coordinates": [10.7184485, 59.9280189]}, "properties": {"id": 120083034, "feat_type": "way", "quality_categories": "improper_geometries", "issue_ids": "[1]", "osm_url": "https://www.openstreetmap.org/way/120083034", "josm_url": "http://127.0.0.1:8111/load_object?new_layer=false&objects=w120083034", "id_url": "https://www.openstreetmap.org/edit?editor=id&way=120083034#map=20/59.9280189/10.7184485"}}, {"type": "Feature", "geometry": {"type": "Point", "coordinates": [10.746690643506495, 59.9202205]}, "properties": {"id": 172522980, "feat_type": "way", "quality_categories": "improper_geometries", "issue_ids": "[1]", "osm_url": "https://www.openstreetmap.org/way/172522980", "josm_url": "http://127.0.0.1:8111/load_object?new_layer=false&objects=w172522980", "id_url": "https://www.openstreetmap.org/edit?editor=id&way=172522980#map=20/59.9202205/10.746690643506495"}}, {"type": "Feature", "geometry": {"type": "Point", "coordinates": [10.8023551, 59.9305815]}, "properties": {"id": 242870853, "feat_type": "way", "quality_categories": "improper_geometries", "issue_ids": "[1]", "osm_url": "https://www.openstreetmap.org/way/242870853", "josm_url": "http://127.0.0.1:8111/load_object?new_layer=false&objects=w242870853", "id_url": "https://www.openstreetmap.org/edit?editor=id&way=242870853#map=20/59.9305815/10.8023551"}}, {"type": "Feature", "geometry": {"type": "Point", "coordinates": [10.8028754, 59.9308106]}, "properties": {"id": 242870854, "feat_type": "way", "quality_categories": "improper_geometries", "issue_ids": "[1]", "osm_url": "https://www.openstreetmap.org/way/242870854", "josm_url": "http://127.0.0.1:8111/load_object?new_layer=false&objects=w242870854", "id_url": "https://www.openstreetmap.org/edit?editor=id&way=242870854#map=20/59.9308106/10.8028754"}}, {"type": "Feature", "geometry": {"type": "Point", "coordinates": [10.8001233, 59.9319204]}, "properties": {"id": 242870856, "feat_type": "way", "quality_categories": "improper_geometries", "issue_ids": "[1]", "osm_url": "https://www.openstreetmap.org/way/242870856", "josm_url": "http://127.0.0.1:8111/load_object?new_layer=false&objects=w242870856", "id_url": "https://www.openstreetmap.org/edit?editor=id&way=242870856#map=20/59.9319204/10.8001233"}}, {"type": "Feature", "geometry": {"type": "Point", "coordinates": [10.7891569, 59.9359332]}, "properties": {"id": 242870857, "feat_type": "way", "quality_categories": "improper_geometries", "issue_ids": "[1]", "osm_url": "https://www.openstreetmap.org/way/242870857", "josm_url": "http://127.0.0.1:8111/load_object?new_layer=false&objects=w242870857", "id_url": "https://www.openstreetmap.org/edit?editor=id&way=242870857#map=20/59.9359332/10.7891569"}}, {"type": "Feature", "geometry": {"type": "Point", "coordinates": [10.7909885, 59.9347494]}, "properties": {"id": 242870859, "feat_type": "way", "quality_categories": "improper_geometries", "issue_ids": "[1]", "osm_url": "https://www.openstreetmap.org/way/242870859", "josm_url": "http://127.0.0.1:8111/load_object?new_layer=false&objects=w242870859", "id_url": "https://www.openstreetmap.org/edit?editor=id&way=242870859#map=20/59.9347494/10.7909885"}}, {"type": "Feature", "geometry": {"type": "Point", "coordinates": [10.7977149, 59.9327318]}, "properties": {"id": 242870860, "feat_type": "way", "quality_categories": "improper_geometries", "issue_ids": "[1]", "osm_url": "https://www.openstreetmap.org/way/242870860", "josm_url": "http://127.0.0.1:8111/load_object?new_layer=false&objects=w242870860", "id_url": "https://www.openstreetmap.org/edit?editor=id&way=242870860#map=20/59.9327318/10.7977149"}}, {"type": "Feature", "geometry": {"type": "Point", "coordinates": [10.7916444, 59.9351249]}, "properties": {"id": 242870861, "feat_type": "way", "quality_categories": "improper_geometries", "issue_ids": "[1]", "osm_url": "https://www.openstreetmap.org/way/242870861", "josm_url": "http://127.0.0.1:8111/load_object?new_layer=false&objects=w242870861", "id_url": "https://www.openstreetmap.org/edit?editor=id&way=242870861#map=20/59.9351249/10.7916444"}}, {"type": "Feature", "geometry": {"type": "Point", "coordinates": [10.7921057, 59.9351155]}, "properties": {"id": 242870863, "feat_type": "way", "quality_categories": "improper_geometries", "issue_ids": "[1]", "osm_url": "https://www.openstreetmap.org/way/242870863", "josm_url": "http://127.0.0.1:8111/load_object?new_layer=false&objects=w242870863", "id_url": "https://www.openstreetmap.org/edit?editor=id&way=242870863#map=20/59.9351155/10.7921057"}}, {"type": "Feature", "geometry": {"type": "Point", "coordinates": [10.7979659, 59.9328532]}, "properties": {"id": 242870865, "feat_type": "way", "quality_categories": "improper_geometries", "issue_ids": "[1]", "osm_url": "https://www.openstreetmap.org/way/242870865", "josm_url": "http://127.0.0.1:8111/load_object?new_layer=false&objects=w242870865", "id_url": "https://www.openstreetmap.org/edit?editor=id&way=242870865#map=20/59.9328532/10.7979659"}}, {"type": "Feature", "geometry": {"type": "Point", "coordinates": [10.7926813, 59.9343587]}, "properties": {"id": 242870866, "feat_type": "way", "quality_categories": "improper_geometries", "issue_ids": "[1]", "osm_url": "https://www.openstreetmap.org/way/242870866", "josm_url": "http://127.0.0.1:8111/load_object?new_layer=false&objects=w242870866", "id_url": "https://www.openstreetmap.org/edit?editor=id&way=242870866#map=20/59.9343587/10.7926813"}}, {"type": "Feature", "geometry": {"type": "Point", "coordinates": [10.792396, 59.9346729]}, "properties": {"id": 242870867, "feat_type": "way", "quality_categories": "improper_geometries", "issue_ids": "[1]", "osm_url": "https://www.openstreetmap.org/way/242870867", "josm_url": "http://127.0.0.1:8111/load_object?new_layer=false&objects=w242870867", "id_url": "https://www.openstreetmap.org/edit?editor=id&way=242870867#map=20/59.9346729/10.792396"}}, {"type": "Feature", "geometry": {"type": "Point", "coordinates": [10.7962117, 59.9333238]}, "properties": {"id": 242870868, "feat_type": "way", "quality_categories": "improper_geometries", "issue_ids": "[1]", "osm_url": "https://www.openstreetmap.org/way/242870868", "josm_url": "http://127.0.0.1:8111/load_object?new_layer=false&objects=w242870868", "id_url": "https://www.openstreetmap.org/edit?editor=id&way=242870868#map=20/59.9333238/10.7962117"}}, {"type": "Feature", "geometry": {"type": "Point", "coordinates": [10.7938008, 59.9340882]}, "properties": {"id": 242870870, "feat_type": "way", "quality_categories": "improper_geometries", "issue_ids": "[1]", "osm_url": "https://www.openstreetmap.org/way/242870870", "josm_url": "http://127.0.0.1:8111/load_object?new_layer=false&objects=w242870870", "id_url": "https://www.openstreetmap.org/edit?editor=id&way=242870870#map=20/59.9340882/10.7938008"}}, {"type": "Feature", "geometry": {"type": "Point", "coordinates": [10.7991689, 59.9324394]}, "properties": {"id": 242870871, "feat_type": "way", "quality_categories": "improper_geometries", "issue_ids": "[1]", "osm_url": "https://www.openstreetmap.org/way/242870871", "josm_url": "http://127.0.0.1:8111/load_object?new_layer=false&objects=w242870871", "id_url": "https://www.openstreetmap.org/edit?editor=id&way=242870871#map=20/59.9324394/10.7991689"}}, {"type": "Feature", "geometry": {"type": "Point", "coordinates": [10.791136, 59.9347553]}, "properties": {"id": 242870872, "feat_type": "way", "quality_categories": "improper_geometries", "issue_ids": "[1]", "osm_url": "https://www.openstreetmap.org/way/242870872", "josm_url": "http://127.0.0.1:8111/load_object?new_layer=false&objects=w242870872", "id_url": "https://www.openstreetmap.org/edit?editor=id&way=242870872#map=20/59.9347553/10.791136"}}, {"type": "Feature", "geometry": {"type": "Point", "coordinates": [10.7913926, 59.9350273]}, "properties": {"id": 242870874, "feat_type": "way", "quality_categories": "improper_geometries", "issue_ids": "[1]", "osm_url": "https://www.openstreetmap.org/way/242870874", "josm_url": "http://127.0.0.1:8111/load_object?new_layer=false&objects=w242870874", "id_url": "https://www.openstreetmap.org/edit?editor=id&way=242870874#map=20/59.9350273/10.7913926"}}, {"type": "Feature", "geometry": {"type": "Point", "coordinates": [10.8006822, 59.9317688]}, "properties": {"id": 242870879, "feat_type": "way", "quality_categories": "improper_geometries", "issue_ids": "[1]", "osm_url": "https://www.openstreetmap.org/way/242870879", "josm_url": "http://127.0.0.1:8111/load_object?new_layer=false&objects=w242870879", "id_url": "https://www.openstreetmap.org/edit?editor=id&way=242870879#map=20/59.9317688/10.8006822"}}, {"type": "Feature", "geometry": {"type": "Point", "coordinates": [10.7910883, 59.9350798]}, "properties": {"id": 242870881, "feat_type": "way", "quality_categories": "improper_geometries", "issue_ids": "[1]", "osm_url": "https://www.openstreetmap.org/way/242870881", "josm_url": "http://127.0.0.1:8111/load_object?new_layer=false&objects=w242870881", "id_url": "https://www.openstreetmap.org/edit?editor=id&way=242870881#map=20/59.9350798/10.7910883"}}, {"type": "Feature", "geometry": {"type": "Point", "coordinates": [10.7959011, 59.933508]}, "properties": {"id": 242870885, "feat_type": "way", "quality_categories": "improper_geometries", "issue_ids": "[1]", "osm_url": "https://www.openstreetmap.org/way/242870885", "josm_url": "http://127.0.0.1:8111/load_object?new_layer=false&objects=w242870885", "id_url": "https://www.openstreetmap.org/edit?editor=id&way=242870885#map=20/59.933508/10.7959011"}}, {"type": "Feature", "geometry": {"type": "Point", "coordinates": [10.7939084, 59.9339394]}, "properties": {"id": 242870886, "feat_type": "way", "quality_categories": "improper_geometries", "issue_ids": "[1]", "osm_url": "https://www.openstreetmap.org/way/242870886", "josm_url": "http://127.0.0.1:8111/load_object?new_layer=false&objects=w242870886", "id_url": "https://www.openstreetmap.org/edit?editor=id&way=242870886#map=20/59.9339394/10.7939084"}}, {"type": "Feature", "geometry": {"type": "Point", "coordinates": [10.7984704, 59.9326625]}, "properties": {"id": 242870889, "feat_type": "way", "quality_categories": "improper_geometries", "issue_ids": "[1]", "osm_url": "https://www.openstreetmap.org/way/242870889", "josm_url": "http://127.0.0.1:8111/load_object?new_layer=false&objects=w242870889", "id_url": "https://www.openstreetmap.org/edit?editor=id&way=242870889#map=20/59.9326625/10.7984704"}}, {"type": "Feature", "geometry": {"type": "Point", "coordinates": [10.7777531, 59.9279992]}, "properties": {"id": 252085005, "feat_type": "way", "quality_categories": "improper_geometries", "issue_ids": "[1]", "osm_url": "https://www.openstreetmap.org/way/252085005", "josm_url": "http://127.0.0.1:8111/load_object?new_layer=false&objects=w252085005", "id_url": "https://www.openstreetmap.org/edit?editor=id&way=252085005#map=20/59.9279992/10.7777531"}}, {"type": "Feature", "geometry": {"type": "Point", "coordinates": [10.75048122465278, 59.91210085]}, "properties": {"id": 264635474, "feat_type": "way", "quality_categories": "improper_geometries", "issue_ids": "[1]", "osm_url": "https://www.openstreetmap.org/way/264635474", "josm_url": "http://127.0.0.1:8111/load_object?new_layer=false&objects=w264635474", "id_url": "https://www.openstreetmap.org/edit?editor=id&way=264635474#map=20/59.91210085/10.75048122465278"}}, {"type": "Feature", "geometry": {"type": "Point", "coordinates": [10.7488496, 59.9105441]}, "properties": {"id": 264635475, "feat_type": "way", "quality_categories": "improper_geometries", "issue_ids": "[1]", "osm_url": "https://www.openstreetmap.org/way/264635475", "josm_url": "http://127.0.0.1:8111/load_object?new_layer=false&objects=w264635475", "id_url": "https://www.openstreetmap.org/edit?editor=id&way=264635475#map=20/59.9105441/10.7488496"}}, {"type": "Feature", "geometry": {"type": "Point", "coordinates": [10.7512168, 59.9121103]}, "properties": {"id": 264635476, "feat_type": "way", "quality_categories": "improper_geometries", "issue_ids": "[1]", "osm_url": "https://www.openstreetmap.org/way/264635476", "josm_url": "http://127.0.0.1:8111/load_object?new_layer=false&objects=w264635476", "id_url": "https://www.openstreetmap.org/edit?editor=id&way=264635476#map=20/59.9121103/10.7512168"}}, {"type": "Feature", "geometry": {"type": "Point", "coordinates": [10.749730046111111, 59.91107745]}, "properties": {"id": 264635477, "feat_type": "way", "quality_categories": "improper_geometries", "issue_ids": "[1]", "osm_url": "https://www.openstreetmap.org/way/264635477", "josm_url": "http://127.0.0.1:8111/load_object?new_layer=false&objects=w264635477", "id_url": "https://www.openstreetmap.org/edit?editor=id&way=264635477#map=20/59.91107745/10.749730046111111"}}, {"type": "Feature", "geometry": {"type": "Point", "coordinates": [10.749411509364549, 59.9123484]}, "properties": {"id": 265866617, "feat_type": "way", "quality_categories": "improper_geometries", "issue_ids": "[1]", "osm_url": "https://www.openstreetmap.org/way/265866617", "josm_url": "http://127.0.0.1:8111/load_object?new_layer=false&objects=w265866617", "id_url": "https://www.openstreetmap.org/edit?editor=id&way=265866617#map=20/59.9123484/10.749411509364549"}}, {"type": "Feature", "geometry": {"type": "Point", "coordinates": [10.750672483627842, 59.912087299999996]}, "properties": {"id": 265866621, "feat_type": "way", "quality_categories": "improper_geometries", "issue_ids": "[1]", "osm_url": "https://www.openstreetmap.org/way/265866621", "josm_url": "http://127.0.0.1:8111/load_object?new_layer=false&objects=w265866621", "id_url": "https://www.openstreetmap.org/edit?editor=id&way=265866621#map=20/59.912087299999996/10.750672483627842"}}, {"type": "Feature", "geometry": {"type": "Point", "coordinates": [10.749350693859649, 59.9122718]}, "properties": {"id": 265866625, "feat_type": "way", "quality_categories": "improper_geometries", "issue_ids": "[1]", "osm_url": "https://www.openstreetmap.org/way/265866625", "josm_url": "http://127.0.0.1:8111/load_object?new_layer=false&objects=w265866625", "id_url": "https://www.openstreetmap.org/edit?editor=id&way=265866625#map=20/59.9122718/10.749350693859649"}}, {"type": "Feature", "geometry": {"type": "Point", "coordinates": [10.7501452, 59.9121655]}, "properties": {"id": 265866626, "feat_type": "way", "quality_categories": "improper_geometries", "issue_ids": "[1]", "osm_url": "https://www.openstreetmap.org/way/265866626", "josm_url": "http://127.0.0.1:8111/load_object?new_layer=false&objects=w265866626", "id_url": "https://www.openstreetmap.org/edit?editor=id&way=265866626#map=20/59.9121655/10.7501452"}}, {"type": "Feature", "geometry": {"type": "Point", "coordinates": [10.7498874, 59.9112321]}, "properties": {"id": 265866627, "feat_type": "way", "quality_categories": "improper_geometries", "issue_ids": "[1]", "osm_url": "https://www.openstreetmap.org/way/265866627", "josm_url": "http://127.0.0.1:8111/load_object?new_layer=false&objects=w265866627", "id_url": "https://www.openstreetmap.org/edit?editor=id&way=265866627#map=20/59.9112321/10.7498874"}}, {"type": "Feature", "geometry": {"type": "Point", "coordinates": [10.7495483, 59.9123583]}, "properties": {"id": 265866628, "feat_type": "way", "quality_categories": "improper_geometries", "issue_ids": "[1]", "osm_url": "https://www.openstreetmap.org/way/265866628", "josm_url": "http://127.0.0.1:8111/load_object?new_layer=false&objects=w265866628", "id_url": "https://www.openstreetmap.org/edit?editor=id&way=265866628#map=20/59.9123583/10.7495483"}}, {"type": "Feature", "geometry": {"type": "Point", "coordinates": [10.7501071, 59.9118136]}, "properties": {"id": 265866629, "feat_type": "way", "quality_categories": "improper_geometries", "issue_ids": "[1]", "osm_url": "https://www.openstreetmap.org/way/265866629", "josm_url": "http://127.0.0.1:8111/load_object?new_layer=false&objects=w265866629", "id_url": "https://www.openstreetmap.org/edit?editor=id&way=265866629#map=20/59.9118136/10.7501071"}}, {"type": "Feature", "geometry": {"type": "Point", "coordinates": [10.7501708, 59.9118065]}, "properties": {"id": 265866631, "feat_type": "way", "quality_categories": "improper_geometries", "issue_ids": "[1]", "osm_url": "https://www.openstreetmap.org/way/265866631", "josm_url": "http://127.0.0.1:8111/load_object?new_layer=false&objects=w265866631", "id_url": "https://www.openstreetmap.org/edit?editor=id&way=265866631#map=20/59.9118065/10.7501708"}}, {"type": "Feature", "geometry": {"type": "Point", "coordinates": [10.7503336, 59.9117672]}, "properties": {"id": 265866632, "feat_type": "way", "quality_categories": "improper_geometries", "issue_ids": "[1]", "osm_url": "https://www.openstreetmap.org/way/265866632", "josm_url": "http://127.0.0.1:8111/load_object?new_layer=false&objects=w265866632", "id_url": "https://www.openstreetmap.org/edit?editor=id&way=265866632#map=20/59.9117672/10.7503336"}}, {"type": "Feature", "geometry": {"type": "Point", "coordinates": [10.7500351, 59.9113214]}, "properties": {"id": 265866633, "feat_type": "way", "quality_categories": "improper_geometries", "issue_ids": "[1]", "osm_url": "https://www.openstreetmap.org/way/265866633", "josm_url": "http://127.0.0.1:8111/load_object?new_layer=false&objects=w265866633", "id_url": "https://www.openstreetmap.org/edit?editor=id&way=265866633#map=20/59.9113214/10.7500351"}}, {"type": "Feature", "geometry": {"type": "Point", "coordinates": [10.7494721, 59.9122531]}, "properties": {"id": 265866636, "feat_type": "way", "quality_categories": "improper_geometries", "issue_ids": "[1]", "osm_url": "https://www.openstreetmap.org/way/265866636", "josm_url": "http://127.0.0.1:8111/load_object?new_layer=false&objects=w265866636", "id_url": "https://www.openstreetmap.org/edit?editor=id&way=265866636#map=20/59.9122531/10.7494721"}}, {"type": "Feature", "geometry": {"type": "Point", "coordinates": [10.750221, 59.9117944]}, "properties": {"id": 265866637, "feat_type": "way", "quality_categories": "improper_geometries", "issue_ids": "[1]", "osm_url": "https://www.openstreetmap.org/way/265866637", "josm_url": "http://127.0.0.1:8111/load_object?new_layer=false&objects=w265866637", "id_url": "https://www.openstreetmap.org/edit?editor=id&way=265866637#map=20/59.9117944/10.750221"}}, {"type": "Feature", "geometry": {"type": "Point", "coordinates": [10.7494768, 59.912276]}, "properties": {"id": 265866641, "feat_type": "way", "quality_categories": "improper_geometries", "issue_ids": "[1]", "osm_url": "https://www.openstreetmap.org/way/265866641", "josm_url": "http://127.0.0.1:8111/load_object?new_layer=false&objects=w265866641", "id_url": "https://www.openstreetmap.org/edit?editor=id&way=265866641#map=20/59.912276/10.7494768"}}, {"type": "Feature", "geometry": {"type": "Point", "coordinates": [10.7509917, 59.9113833]}, "properties": {"id": 265866643, "feat_type": "way", "quality_categories": "improper_geometries", "issue_ids": "[1]", "osm_url": "https://www.openstreetmap.org/way/265866643", "josm_url": "http://127.0.0.1:8111/load_object?new_layer=false&objects=w265866643", "id_url": "https://www.openstreetmap.org/edit?editor=id&way=265866643#map=20/59.9113833/10.7509917"}}, {"type": "Feature", "geometry": {"type": "Point", "coordinates": [10.7494425, 59.9124089]}, "properties": {"id": 265866644, "feat_type": "way", "quality_categories": "improper_geometries", "issue_ids": "[1]", "osm_url": "https://www.openstreetmap.org/way/265866644", "josm_url": "http://127.0.0.1:8111/load_object?new_layer=false&objects=w265866644", "id_url": "https://www.openstreetmap.org/edit?editor=id&way=265866644#map=20/59.9124089/10.7494425"}}, {"type": "Feature", "geometry": {"type": "Point", "coordinates": [10.7495424, 59.9123276]}, "properties": {"id": 265866646, "feat_type": "way", "quality_categories": "improper_geometries", "issue_ids": "[1]", "osm_url": "https://www.openstreetmap.org/way/265866646", "josm_url": "http://127.0.0.1:8111/load_object?new_layer=false&objects=w265866646", "id_url": "https://www.openstreetmap.org/edit?editor=id&way=265866646#map=20/59.9123276/10.7495424"}}, {"type": "Feature", "geometry": {"type": "Point", "coordinates": [10.749550603225803, 59.911123599999996]}, "properties": {"id": 265866648, "feat_type": "way", "quality_categories": "improper_geometries", "issue_ids": "[1]", "osm_url": "https://www.openstreetmap.org/way/265866648", "josm_url": "http://127.0.0.1:8111/load_object?new_layer=false&objects=w265866648", "id_url": "https://www.openstreetmap.org/edit?editor=id&way=265866648#map=20/59.911123599999996/10.749550603225803"}}, {"type": "Feature", "geometry": {"type": "Point", "coordinates": [10.7500993, 59.9105183]}, "properties": {"id": 265866649, "feat_type": "way", "quality_categories": "improper_geometries", "issue_ids": "[1]", "osm_url": "https://www.openstreetmap.org/way/265866649", "josm_url": "http://127.0.0.1:8111/load_object?new_layer=false&objects=w265866649", "id_url": "https://www.openstreetmap.org/edit?editor=id&way=265866649#map=20/59.9105183/10.7500993"}}, {"type": "Feature", "geometry": {"type": "Point", "coordinates": [10.74900682699997, 59.912368400000005]}, "properties": {"id": 266171434, "feat_type": "way", "quality_categories": "improper_geometries", "issue_ids": "[1]", "osm_url": "https://www.openstreetmap.org/way/266171434", "josm_url": "http://127.0.0.1:8111/load_object?new_layer=false&objects=w266171434", "id_url": "https://www.openstreetmap.org/edit?editor=id&way=266171434#map=20/59.912368400000005/10.74900682699997"}}, {"type": "Feature", "geometry": {"type": "Point", "coordinates": [10.7532616, 59.9121538]}, "properties": {"id": 266171437, "feat_type": "way", "quality_categories": "improper_geometries", "issue_ids": "[1]", "osm_url": "https://www.openstreetmap.org/way/266171437", "josm_url": "http://127.0.0.1:8111/load_object?new_layer=false&objects=w266171437", "id_url": "https://www.openstreetmap.org/edit?editor=id&way=266171437#map=20/59.9121538/10.7532616"}}, {"type": "Feature", "geometry": {"type": "Point", "coordinates": [10.7531646, 59.9120688]}, "properties": {"id": 266171438, "feat_type": "way", "quality_categories": "improper_geometries", "issue_ids": "[1]", "osm_url": "https://www.openstreetmap.org/way/266171438", "josm_url": "http://127.0.0.1:8111/load_object?new_layer=false&objects=w266171438", "id_url": "https://www.openstreetmap.org/edit?editor=id&way=266171438#map=20/59.9120688/10.7531646"}}, {"type": "Feature", "geometry": {"type": "Point", "coordinates": [10.748999988888894, 59.9122907]}, "properties": {"id": 266171440, "feat_type": "way", "quality_categories": "improper_geometries", "issue_ids": "[1]", "osm_url": "https://www.openstreetmap.org/way/266171440", "josm_url": "http://127.0.0.1:8111/load_object?new_layer=false&objects=w266171440", "id_url": "https://www.openstreetmap.org/edit?editor=id&way=266171440#map=20/59.9122907/10.748999988888894"}}, {"type": "Feature", "geometry": {"type": "Point", "coordinates": [10.7486536, 59.9122568]}, "properties": {"id": 266171442, "feat_type": "way", "quality_categories": "improper_geometries", "issue_ids": "[1]", "osm_url": "https://www.openstreetmap.org/way/266171442", "josm_url": "http://127.0.0.1:8111/load_object?new_layer=false&objects=w266171442", "id_url": "https://www.openstreetmap.org/edit?editor=id&way=266171442#map=20/59.9122568/10.7486536"}}, {"type": "Feature", "geometry": {"type": "Point", "coordinates": [10.7518378, 59.9122888]}, "properties": {"id": 266171443, "feat_type": "way", "quality_categories": "improper_geometries", "issue_ids": "[1]", "osm_url": "https://www.openstreetmap.org/way/266171443", "josm_url": "http://127.0.0.1:8111/load_object?new_layer=false&objects=w266171443", "id_url": "https://www.openstreetmap.org/edit?editor=id&way=266171443#map=20/59.9122888/10.7518378"}}, {"type": "Feature", "geometry": {"type": "Point", "coordinates": [10.7470631, 59.9129202]}, "properties": {"id": 266171444, "feat_type": "way", "quality_categories": "improper_geometries", "issue_ids": "[1]", "osm_url": "https://www.openstreetmap.org/way/266171444", "josm_url": "http://127.0.0.1:8111/load_object?new_layer=false&objects=w266171444", "id_url": "https://www.openstreetmap.org/edit?editor=id&way=266171444#map=20/59.9129202/10.7470631"}}, {"type": "Feature", "geometry": {"type": "Point", "coordinates": [10.7325198, 59.9147437]}, "properties": {"id": 266176956, "feat_type": "way", "quality_categories": "improper_geometries", "issue_ids": "[1]", "osm_url": "https://www.openstreetmap.org/way/266176956", "josm_url": "http://127.0.0.1:8111/load_object?new_layer=false&objects=w266176956", "id_url": "https://www.openstreetmap.org/edit?editor=id&way=266176956#map=20/59.9147437/10.7325198"}}, {"type": "Feature", "geometry": {"type": "Point", "coordinates": [10.7326337, 59.9147995]}, "properties": {"id": 266176957, "feat_type": "way", "quality_categories": "improper_geometries", "issue_ids": "[1]", "osm_url": "https://www.openstreetmap.org/way/266176957", "josm_url": "http://127.0.0.1:8111/load_object?new_layer=false&objects=w266176957", "id_url": "https://www.openstreetmap.org/edit?editor=id&way=266176957#map=20/59.9147995/10.7326337"}}, {"type": "Feature", "geometry": {"type": "Point", "coordinates": [10.7333218, 59.914299]}, "properties": {"id": 266176958, "feat_type": "way", "quality_categories": "improper_geometries", "issue_ids": "[1]", "osm_url": "https://www.openstreetmap.org/way/266176958", "josm_url": "http://127.0.0.1:8111/load_object?new_layer=false&objects=w266176958", "id_url": "https://www.openstreetmap.org/edit?editor=id&way=266176958#map=20/59.914299/10.7333218"}}, {"type": "Feature", "geometry": {"type": "Point", "coordinates": [10.7341997, 59.9141367]}, "properties": {"id": 266176960, "feat_type": "way", "quality_categories": "improper_geometries", "issue_ids": "[1]", "osm_url": "https://www.openstreetmap.org/way/266176960", "josm_url": "http://127.0.0.1:8111/load_object?new_layer=false&objects=w266176960", "id_url": "https://www.openstreetmap.org/edit?editor=id&way=266176960#map=20/59.9141367/10.7341997"}}, {"type": "Feature", "geometry": {"type": "Point", "coordinates": [10.7434524, 59.9137216]}, "properties": {"id": 267226175, "feat_type": "way", "quality_categories": "improper_geometries", "issue_ids": "[1]", "osm_url": "https://www.openstreetmap.org/way/267226175", "josm_url": "http://127.0.0.1:8111/load_object?new_layer=false&objects=w267226175", "id_url": "https://www.openstreetmap.org/edit?editor=id&way=267226175#map=20/59.9137216/10.7434524"}}, {"type": "Feature", "geometry": {"type": "Point", "coordinates": [10.7449719, 59.9125423]}, "properties": {"id": 267226178, "feat_type": "way", "quality_categories": "improper_geometries", "issue_ids": "[1]", "osm_url": "https://www.openstreetmap.org/way/267226178", "josm_url": "http://127.0.0.1:8111/load_object?new_layer=false&objects=w267226178", "id_url": "https://www.openstreetmap.org/edit?editor=id&way=267226178#map=20/59.9125423/10.7449719"}}, {"type": "Feature", "geometry": {"type": "Point", "coordinates": [10.7457659, 59.9128885]}, "properties": {"id": 267226179, "feat_type": "way", "quality_categories": "improper_geometries", "issue_ids": "[1]", "osm_url": "https://www.openstreetmap.org/way/267226179", "josm_url": "http://127.0.0.1:8111/load_object?new_layer=false&objects=w267226179", "id_url": "https://www.openstreetmap.org/edit?editor=id&way=267226179#map=20/59.9128885/10.7457659"}}, {"type": "Feature", "geometry": {"type": "Point", "coordinates": [10.745193, 59.9130053]}, "properties": {"id": 267226181, "feat_type": "way", "quality_categories": "improper_geometries", "issue_ids": "[1]", "osm_url": "https://www.openstreetmap.org/way/267226181", "josm_url": "http://127.0.0.1:8111/load_object?new_layer=false&objects=w267226181", "id_url": "https://www.openstreetmap.org/edit?editor=id&way=267226181#map=20/59.9130053/10.745193"}}, {"type": "Feature", "geometry": {"type": "Point", "coordinates": [10.7466532, 59.9130979]}, "properties": {"id": 267226183, "feat_type": "way", "quality_categories": "improper_geometries", "issue_ids": "[1]", "osm_url": "https://www.openstreetmap.org/way/267226183", "josm_url": "http://127.0.0.1:8111/load_object?new_layer=false&objects=w267226183", "id_url": "https://www.openstreetmap.org/edit?editor=id&way=267226183#map=20/59.9130979/10.7466532"}}, {"type": "Feature", "geometry": {"type": "Point", "coordinates": [10.746527, 59.9130099]}, "properties": {"id": 267226184, "feat_type": "way", "quality_categories": "improper_geometries", "issue_ids": "[1]", "osm_url": "https://www.openstreetmap.org/way/267226184", "josm_url": "http://127.0.0.1:8111/load_object?new_layer=false&objects=w267226184", "id_url": "https://www.openstreetmap.org/edit?editor=id&way=267226184#map=20/59.9130099/10.746527"}}, {"type": "Feature", "geometry": {"type": "Point", "coordinates": [10.744749, 59.9133031]}, "properties": {"id": 267237052, "feat_type": "way", "quality_categories": "improper_geometries", "issue_ids": "[1]", "osm_url": "https://www.openstreetmap.org/way/267237052", "josm_url": "http://127.0.0.1:8111/load_object?new_layer=false&objects=w267237052", "id_url": "https://www.openstreetmap.org/edit?editor=id&way=267237052#map=20/59.9133031/10.744749"}}, {"type": "Feature", "geometry": {"type": "Point", "coordinates": [10.7433814, 59.9138178]}, "properties": {"id": 267237053, "feat_type": "way", "quality_categories": "improper_geometries", "issue_ids": "[1]", "osm_url": "https://www.openstreetmap.org/way/267237053", "josm_url": "http://127.0.0.1:8111/load_object?new_layer=false&objects=w267237053", "id_url": "https://www.openstreetmap.org/edit?editor=id&way=267237053#map=20/59.9138178/10.7433814"}}, {"type": "Feature", "geometry": {"type": "Point", "coordinates": [10.7421283, 59.9153146]}, "properties": {"id": 267237054, "feat_type": "way", "quality_categories": "improper_geometries", "issue_ids": "[1]", "osm_url": "https://www.openstreetmap.org/way/267237054", "josm_url": "http://127.0.0.1:8111/load_object?new_layer=false&objects=w267237054", "id_url": "https://www.openstreetmap.org/edit?editor=id&way=267237054#map=20/59.9153146/10.7421283"}}, {"type": "Feature", "geometry": {"type": "Point", "coordinates": [10.7408603, 59.9147276]}, "properties": {"id": 267237055, "feat_type": "way", "quality_categories": "improper_geometries", "issue_ids": "[1]", "osm_url": "https://www.openstreetmap.org/way/267237055", "josm_url": "http://127.0.0.1:8111/load_object?new_layer=false&objects=w267237055", "id_url": "https://www.openstreetmap.org/edit?editor=id&way=267237055#map=20/59.9147276/10.7408603"}}, {"type": "Feature", "geometry": {"type": "Point", "coordinates": [10.7406048, 59.9140396]}, "properties": {"id": 267237056, "feat_type": "way", "quality_categories": "improper_geometries", "issue_ids": "[1]", "osm_url": "https://www.openstreetmap.org/way/267237056", "josm_url": "http://127.0.0.1:8111/load_object?new_layer=false&objects=w267237056", "id_url": "https://www.openstreetmap.org/edit?editor=id&way=267237056#map=20/59.9140396/10.7406048"}}, {"type": "Feature", "geometry": {"type": "Point", "coordinates": [10.7408366, 59.9156157]}, "properties": {"id": 267256098, "feat_type": "way", "quality_categories": "improper_geometries", "issue_ids": "[1]", "osm_url": "https://www.openstreetmap.org/way/267256098", "josm_url": "http://127.0.0.1:8111/load_object?new_layer=false&objects=w267256098", "id_url": "https://www.openstreetmap.org/edit?editor=id&way=267256098#map=20/59.9156157/10.7408366"}}, {"type": "Feature", "geometry": {"type": "Point", "coordinates": [10.7397277, 59.9161271]}, "properties": {"id": 267256099, "feat_type": "way", "quality_categories": "improper_geometries", "issue_ids": "[1]", "osm_url": "https://www.openstreetmap.org/way/267256099", "josm_url": "http://127.0.0.1:8111/load_object?new_layer=false&objects=w267256099", "id_url": "https://www.openstreetmap.org/edit?editor=id&way=267256099#map=20/59.9161271/10.7397277"}}, {"type": "Feature", "geometry": {"type": "Point", "coordinates": [10.7390604, 59.9152655]}, "properties": {"id": 267256108, "feat_type": "way", "quality_categories": "improper_geometries", "issue_ids": "[1]", "osm_url": "https://www.openstreetmap.org/way/267256108", "josm_url": "http://127.0.0.1:8111/load_object?new_layer=false&objects=w267256108", "id_url": "https://www.openstreetmap.org/edit?editor=id&way=267256108#map=20/59.9152655/10.7390604"}}, {"type": "Feature", "geometry": {"type": "Point", "coordinates": [10.7387333, 59.9152873]}, "properties": {"id": 267256112, "feat_type": "way", "quality_categories": "improper_geometries", "issue_ids": "[1]", "osm_url": "https://www.openstreetmap.org/way/267256112", "josm_url": "http://127.0.0.1:8111/load_object?new_layer=false&objects=w267256112", "id_url": "https://www.openstreetmap.org/edit?editor=id&way=267256112#map=20/59.9152873/10.7387333"}}, {"type": "Feature", "geometry": {"type": "Point", "coordinates": [10.7344076, 59.9165186]}, "properties": {"id": 267529351, "feat_type": "way", "quality_categories": "improper_geometries", "issue_ids": "[1]", "osm_url": "https://www.openstreetmap.org/way/267529351", "josm_url": "http://127.0.0.1:8111/load_object?new_layer=false&objects=w267529351", "id_url": "https://www.openstreetmap.org/edit?editor=id&way=267529351#map=20/59.9165186/10.7344076"}}, {"type": "Feature", "geometry": {"type": "Point", "coordinates": [10.7345872, 59.9165922]}, "properties": {"id": 267529352, "feat_type": "way", "quality_categories": "improper_geometries", "issue_ids": "[1]", "osm_url": "https://www.openstreetmap.org/way/267529352", "josm_url": "http://127.0.0.1:8111/load_object?new_layer=false&objects=w267529352", "id_url": "https://www.openstreetmap.org/edit?editor=id&way=267529352#map=20/59.9165922/10.7345872"}}, {"type": "Feature", "geometry": {"type": "Point", "coordinates": [10.7353339, 59.9173145]}, "properties": {"id": 267529353, "feat_type": "way", "quality_categories": "improper_geometries", "issue_ids": "[1]", "osm_url": "https://www.openstreetmap.org/way/267529353", "josm_url": "http://127.0.0.1:8111/load_object?new_layer=false&objects=w267529353", "id_url": "https://www.openstreetmap.org/edit?editor=id&way=267529353#map=20/59.9173145/10.7353339"}}, {"type": "Feature", "geometry": {"type": "Point", "coordinates": [10.7342581, 59.9178353]}, "properties": {"id": 267529354, "feat_type": "way", "quality_categories": "improper_geometries", "issue_ids": "[1]", "osm_url": "https://www.openstreetmap.org/way/267529354", "josm_url": "http://127.0.0.1:8111/load_object?new_layer=false&objects=w267529354", "id_url": "https://www.openstreetmap.org/edit?editor=id&way=267529354#map=20/59.9178353/10.7342581"}}, {"type": "Feature", "geometry": {"type": "Point", "coordinates": [10.7358748, 59.9177898]}, "properties": {"id": 267529355, "feat_type": "way", "quality_categories": "improper_geometries", "issue_ids": "[1]", "osm_url": "https://www.openstreetmap.org/way/267529355", "josm_url": "http://127.0.0.1:8111/load_object?new_layer=false&objects=w267529355", "id_url": "https://www.openstreetmap.org/edit?editor=id&way=267529355#map=20/59.9177898/10.7358748"}}, {"type": "Feature", "geometry": {"type": "Point", "coordinates": [10.7336825, 59.9160178]}, "properties": {"id": 267529356, "feat_type": "way", "quality_categories": "improper_geometries", "issue_ids": "[1]", "osm_url": "https://www.openstreetmap.org/way/267529356", "josm_url": "http://127.0.0.1:8111/load_object?new_layer=false&objects=w267529356", "id_url": "https://www.openstreetmap.org/edit?editor=id&way=267529356#map=20/59.9160178/10.7336825"}}, {"type": "Feature", "geometry": {"type": "Point", "coordinates": [10.736915, 59.9168819]}, "properties": {"id": 267529357, "feat_type": "way", "quality_categories": "improper_geometries", "issue_ids": "[1]", "osm_url": "https://www.openstreetmap.org/way/267529357", "josm_url": "http://127.0.0.1:8111/load_object?new_layer=false&objects=w267529357", "id_url": "https://www.openstreetmap.org/edit?editor=id&way=267529357#map=20/59.9168819/10.736915"}}, {"type": "Feature", "geometry": {"type": "Point", "coordinates": [10.7350737, 59.9170612]}, "properties": {"id": 267529358, "feat_type": "way", "quality_categories": "improper_geometries", "issue_ids": "[1]", "osm_url": "https://www.openstreetmap.org/way/267529358", "josm_url": "http://127.0.0.1:8111/load_object?new_layer=false&objects=w267529358", "id_url": "https://www.openstreetmap.org/edit?editor=id&way=267529358#map=20/59.9170612/10.7350737"}}, {"type": "Feature", "geometry": {"type": "Point", "coordinates": [10.7358838, 59.9161197]}, "properties": {"id": 267529359, "feat_type": "way", "quality_categories": "improper_geometries", "issue_ids": "[1]", "osm_url": "https://www.openstreetmap.org/way/267529359", "josm_url": "http://127.0.0.1:8111/load_object?new_layer=false&objects=w267529359", "id_url": "https://www.openstreetmap.org/edit?editor=id&way=267529359#map=20/59.9161197/10.7358838"}}, {"type": "Feature", "geometry": {"type": "Point", "coordinates": [10.735285, 59.9172898]}, "properties": {"id": 267529360, "feat_type": "way", "quality_categories": "improper_geometries", "issue_ids": "[1]", "osm_url": "https://www.openstreetmap.org/way/267529360", "josm_url": "http://127.0.0.1:8111/load_object?new_layer=false&objects=w267529360", "id_url": "https://www.openstreetmap.org/edit?editor=id&way=267529360#map=20/59.9172898/10.735285"}}, {"type": "Feature", "geometry": {"type": "Point", "coordinates": [10.7355872, 59.9174317]}, "properties": {"id": 267529362, "feat_type": "way", "quality_categories": "improper_geometries", "issue_ids": "[1]", "osm_url": "https://www.openstreetmap.org/way/267529362", "josm_url": "http://127.0.0.1:8111/load_object?new_layer=false&objects=w267529362", "id_url": "https://www.openstreetmap.org/edit?editor=id&way=267529362#map=20/59.9174317/10.7355872"}}, {"type": "Feature", "geometry": {"type": "Point", "coordinates": [10.7345861, 59.9166413]}, "properties": {"id": 267529363, "feat_type": "way", "quality_categories": "improper_geometries", "issue_ids": "[1]", "osm_url": "https://www.openstreetmap.org/way/267529363", "josm_url": "http://127.0.0.1:8111/load_object?new_layer=false&objects=w267529363", "id_url": "https://www.openstreetmap.org/edit?editor=id&way=267529363#map=20/59.9166413/10.7345861"}}, {"type": "Feature", "geometry": {"type": "Point", "coordinates": [10.734411, 59.916473]}, "properties": {"id": 267529365, "feat_type": "way", "quality_categories": "improper_geometries", "issue_ids": "[1]", "osm_url": "https://www.openstreetmap.org/way/267529365", "josm_url": "http://127.0.0.1:8111/load_object?new_layer=false&objects=w267529365", "id_url": "https://www.openstreetmap.org/edit?editor=id&way=267529365#map=20/59.916473/10.734411"}}, {"type": "Feature", "geometry": {"type": "Point", "coordinates": [10.7346458, 59.9166233]}, "properties": {"id": 267529366, "feat_type": "way", "quality_categories": "improper_geometries", "issue_ids": "[1]", "osm_url": "https://www.openstreetmap.org/way/267529366", "josm_url": "http://127.0.0.1:8111/load_object?new_layer=false&objects=w267529366", "id_url": "https://www.openstreetmap.org/edit?editor=id&way=267529366#map=20/59.9166233/10.7346458"}}, {"type": "Feature", "geometry": {"type": "Point", "coordinates": [10.7358235, 59.9177521]}, "properties": {"id": 267529367, "feat_type": "way", "quality_categories": "improper_geometries", "issue_ids": "[1]", "osm_url": "https://www.openstreetmap.org/way/267529367", "josm_url": "http://127.0.0.1:8111/load_object?new_layer=false&objects=w267529367", "id_url": "https://www.openstreetmap.org/edit?editor=id&way=267529367#map=20/59.9177521/10.7358235"}}, {"type": "Feature", "geometry": {"type": "Point", "coordinates": [10.7343521, 59.9164898]}, "properties": {"id": 267529368, "feat_type": "way", "quality_categories": "improper_geometries", "issue_ids": "[1]", "osm_url": "https://www.openstreetmap.org/way/267529368", "josm_url": "http://127.0.0.1:8111/load_object?new_layer=false&objects=w267529368", "id_url": "https://www.openstreetmap.org/edit?editor=id&way=267529368#map=20/59.9164898/10.7343521"}}, {"type": "Feature", "geometry": {"type": "Point", "coordinates": [10.7354843, 59.9174608]}, "properties": {"id": 267529369, "feat_type": "way", "quality_categories": "improper_geometries", "issue_ids": "[1]", "osm_url": "https://www.openstreetmap.org/way/267529369", "josm_url": "http://127.0.0.1:8111/load_object?new_layer=false&objects=w267529369", "id_url": "https://www.openstreetmap.org/edit?editor=id&way=267529369#map=20/59.9174608/10.7354843"}}, {"type": "Feature", "geometry": {"type": "Point", "coordinates": [10.7359627, 59.9177561]}, "properties": {"id": 267529370, "feat_type": "way", "quality_categories": "improper_geometries", "issue_ids": "[1]", "osm_url": "https://www.openstreetmap.org/way/267529370", "josm_url": "http://127.0.0.1:8111/load_object?new_layer=false&objects=w267529370", "id_url": "https://www.openstreetmap.org/edit?editor=id&way=267529370#map=20/59.9177561/10.7359627"}}, {"type": "Feature", "geometry": {"type": "Point", "coordinates": [10.7353438, 59.9172724]}, "properties": {"id": 267529371, "feat_type": "way", "quality_categories": "improper_geometries", "issue_ids": "[1]", "osm_url": "https://www.openstreetmap.org/way/267529371", "josm_url": "http://127.0.0.1:8111/load_object?new_layer=false&objects=w267529371", "id_url": "https://www.openstreetmap.org/edit?editor=id&way=267529371#map=20/59.9172724/10.7353438"}}, {"type": "Feature", "geometry": {"type": "Point", "coordinates": [10.7361227, 59.9179146]}, "properties": {"id": 267529372, "feat_type": "way", "quality_categories": "improper_geometries", "issue_ids": "[1]", "osm_url": "https://www.openstreetmap.org/way/267529372", "josm_url": "http://127.0.0.1:8111/load_object?new_layer=false&objects=w267529372", "id_url": "https://www.openstreetmap.org/edit?editor=id&way=267529372#map=20/59.9179146/10.7361227"}}, {"type": "Feature", "geometry": {"type": "Point", "coordinates": [10.7351643, 59.9175194]}, "properties": {"id": 267529373, "feat_type": "way", "quality_categories": "improper_geometries", "issue_ids": "[1]", "osm_url": "https://www.openstreetmap.org/way/267529373", "josm_url": "http://127.0.0.1:8111/load_object?new_layer=false&objects=w267529373", "id_url": "https://www.openstreetmap.org/edit?editor=id&way=267529373#map=20/59.9175194/10.7351643"}}, {"type": "Feature", "geometry": {"type": "Point", "coordinates": [10.7336099, 59.9157864]}, "properties": {"id": 267529374, "feat_type": "way", "quality_categories": "improper_geometries", "issue_ids": "[1]", "osm_url": "https://www.openstreetmap.org/way/267529374", "josm_url": "http://127.0.0.1:8111/load_object?new_layer=false&objects=w267529374", "id_url": "https://www.openstreetmap.org/edit?editor=id&way=267529374#map=20/59.9157864/10.7336099"}}, {"type": "Feature", "geometry": {"type": "Point", "coordinates": [10.7358009, 59.9177334]}, "properties": {"id": 267529376, "feat_type": "way", "quality_categories": "improper_geometries", "issue_ids": "[1]", "osm_url": "https://www.openstreetmap.org/way/267529376", "josm_url": "http://127.0.0.1:8111/load_object?new_layer=false&objects=w267529376", "id_url": "https://www.openstreetmap.org/edit?editor=id&way=267529376#map=20/59.9177334/10.7358009"}}, {"type": "Feature", "geometry": {"type": "Point", "coordinates": [10.7328944, 59.9176764]}, "properties": {"id": 267529377, "feat_type": "way", "quality_categories": "improper_geometries", "issue_ids": "[1]", "osm_url": "https://www.openstreetmap.org/way/267529377", "josm_url": "http://127.0.0.1:8111/load_object?new_layer=false&objects=w267529377", "id_url": "https://www.openstreetmap.org/edit?editor=id&way=267529377#map=20/59.9176764/10.7328944"}}, {"type": "Feature", "geometry": {"type": "Point", "coordinates": [10.7366232, 59.9169336]}, "properties": {"id": 267529378, "feat_type": "way", "quality_categories": "improper_geometries", "issue_ids": "[1]", "osm_url": "https://www.openstreetmap.org/way/267529378", "josm_url": "http://127.0.0.1:8111/load_object?new_layer=false&objects=w267529378", "id_url": "https://www.openstreetmap.org/edit?editor=id&way=267529378#map=20/59.9169336/10.7366232"}}, {"type": "Feature", "geometry": {"type": "Point", "coordinates": [10.737278, 59.9178418]}, "properties": {"id": 267529379, "feat_type": "way", "quality_categories": "improper_geometries", "issue_ids": "[1]", "osm_url": "https://www.openstreetmap.org/way/267529379", "josm_url": "http://127.0.0.1:8111/load_object?new_layer=false&objects=w267529379", "id_url": "https://www.openstreetmap.org/edit?editor=id&way=267529379#map=20/59.9178418/10.737278"}}, {"type": "Feature", "geometry": {"type": "Point", "coordinates": [10.7358042, 59.9178508]}, "properties": {"id": 267529380, "feat_type": "way", "quality_categories": "improper_geometries", "issue_ids": "[1]", "osm_url": "https://www.openstreetmap.org/way/267529380", "josm_url": "http://127.0.0.1:8111/load_object?new_layer=false&objects=w267529380", "id_url": "https://www.openstreetmap.org/edit?editor=id&way=267529380#map=20/59.9178508/10.7358042"}}, {"type": "Feature", "geometry": {"type": "Point", "coordinates": [10.7355379, 59.9174032]}, "properties": {"id": 267529381, "feat_type": "way", "quality_categories": "improper_geometries", "issue_ids": "[1]", "osm_url": "https://www.openstreetmap.org/way/267529381", "josm_url": "http://127.0.0.1:8111/load_object?new_layer=false&objects=w267529381", "id_url": "https://www.openstreetmap.org/edit?editor=id&way=267529381#map=20/59.9174032/10.7355379"}}, {"type": "Feature", "geometry": {"type": "Point", "coordinates": [10.733088, 59.9154177]}, "properties": {"id": 267821613, "feat_type": "way", "quality_categories": "improper_geometries", "issue_ids": "[1]", "osm_url": "https://www.openstreetmap.org/way/267821613", "josm_url": "http://127.0.0.1:8111/load_object?new_layer=false&objects=w267821613", "id_url": "https://www.openstreetmap.org/edit?editor=id&way=267821613#map=20/59.9154177/10.733088"}}, {"type": "Feature", "geometry": {"type": "Point", "coordinates": [10.7332913, 59.9154832]}, "properties": {"id": 267821614, "feat_type": "way", "quality_categories": "improper_geometries", "issue_ids": "[1]", "osm_url": "https://www.openstreetmap.org/way/267821614", "josm_url": "http://127.0.0.1:8111/load_object?new_layer=false&objects=w267821614", "id_url": "https://www.openstreetmap.org/edit?editor=id&way=267821614#map=20/59.9154832/10.7332913"}}, {"type": "Feature", "geometry": {"type": "Point", "coordinates": [10.731734, 59.9151975]}, "properties": {"id": 267821615, "feat_type": "way", "quality_categories": "improper_geometries", "issue_ids": "[1]", "osm_url": "https://www.openstreetmap.org/way/267821615", "josm_url": "http://127.0.0.1:8111/load_object?new_layer=false&objects=w267821615", "id_url": "https://www.openstreetmap.org/edit?editor=id&way=267821615#map=20/59.9151975/10.731734"}}, {"type": "Feature", "geometry": {"type": "Point", "coordinates": [10.7320886, 59.914927]}, "properties": {"id": 267821616, "feat_type": "way", "quality_categories": "improper_geometries", "issue_ids": "[1]", "osm_url": "https://www.openstreetmap.org/way/267821616", "josm_url": "http://127.0.0.1:8111/load_object?new_layer=false&objects=w267821616", "id_url": "https://www.openstreetmap.org/edit?editor=id&way=267821616#map=20/59.914927/10.7320886"}}, {"type": "Feature", "geometry": {"type": "Point", "coordinates": [10.7299193, 59.9151216]}, "properties": {"id": 267821617, "feat_type": "way", "quality_categories": "improper_geometries", "issue_ids": "[1]", "osm_url": "https://www.openstreetmap.org/way/267821617", "josm_url": "http://127.0.0.1:8111/load_object?new_layer=false&objects=w267821617", "id_url": "https://www.openstreetmap.org/edit?editor=id&way=267821617#map=20/59.9151216/10.7299193"}}, {"type": "Feature", "geometry": {"type": "Point", "coordinates": [10.7316589, 59.9150969]}, "properties": {"id": 267821618, "feat_type": "way", "quality_categories": "improper_geometries", "issue_ids": "[1]", "osm_url": "https://www.openstreetmap.org/way/267821618", "josm_url": "http://127.0.0.1:8111/load_object?new_layer=false&objects=w267821618", "id_url": "https://www.openstreetmap.org/edit?editor=id&way=267821618#map=20/59.9150969/10.7316589"}}, {"type": "Feature", "geometry": {"type": "Point", "coordinates": [10.7325559, 59.9147253]}, "properties": {"id": 267821619, "feat_type": "way", "quality_categories": "improper_geometries", "issue_ids": "[1]", "osm_url": "https://www.openstreetmap.org/way/267821619", "josm_url": "http://127.0.0.1:8111/load_object?new_layer=false&objects=w267821619", "id_url": "https://www.openstreetmap.org/edit?editor=id&way=267821619#map=20/59.9147253/10.7325559"}}, {"type": "Feature", "geometry": {"type": "Point", "coordinates": [10.7327078, 59.9147999]}, "properties": {"id": 267821620, "feat_type": "way", "quality_categories": "improper_geometries", "issue_ids": "[1]", "osm_url": "https://www.openstreetmap.org/way/267821620", "josm_url": "http://127.0.0.1:8111/load_object?new_layer=false&objects=w267821620", "id_url": "https://www.openstreetmap.org/edit?editor=id&way=267821620#map=20/59.9147999/10.7327078"}}, {"type": "Feature", "geometry": {"type": "Point", "coordinates": [10.7266557, 59.9153828]}, "properties": {"id": 267821621, "feat_type": "way", "quality_categories": "improper_geometries", "issue_ids": "[1]", "osm_url": "https://www.openstreetmap.org/way/267821621", "josm_url": "http://127.0.0.1:8111/load_object?new_layer=false&objects=w267821621", "id_url": "https://www.openstreetmap.org/edit?editor=id&way=267821621#map=20/59.9153828/10.7266557"}}, {"type": "Feature", "geometry": {"type": "Point", "coordinates": [10.7323008, 59.9151373]}, "properties": {"id": 267821624, "feat_type": "way", "quality_categories": "improper_geometries", "issue_ids": "[1]", "osm_url": "https://www.openstreetmap.org/way/267821624", "josm_url": "http://127.0.0.1:8111/load_object?new_layer=false&objects=w267821624", "id_url": "https://www.openstreetmap.org/edit?editor=id&way=267821624#map=20/59.9151373/10.7323008"}}, {"type": "Feature", "geometry": {"type": "Point", "coordinates": [10.732125, 59.914953]}, "properties": {"id": 267821626, "feat_type": "way", "quality_categories": "improper_geometries", "issue_ids": "[1]", "osm_url": "https://www.openstreetmap.org/way/267821626", "josm_url": "http://127.0.0.1:8111/load_object?new_layer=false&objects=w267821626", "id_url": "https://www.openstreetmap.org/edit?editor=id&way=267821626#map=20/59.914953/10.732125"}}, {"type": "Feature", "geometry": {"type": "Point", "coordinates": [10.7333513, 59.9155158]}, "properties": {"id": 267821628, "feat_type": "way", "quality_categories": "improper_geometries", "issue_ids": "[1]", "osm_url": "https://www.openstreetmap.org/way/267821628", "josm_url": "http://127.0.0.1:8111/load_object?new_layer=false&objects=w267821628", "id_url": "https://www.openstreetmap.org/edit?editor=id&way=267821628#map=20/59.9155158/10.7333513"}}, {"type": "Feature", "geometry": {"type": "Point", "coordinates": [10.7315212, 59.9152049]}, "properties": {"id": 267821630, "feat_type": "way", "quality_categories": "improper_geometries", "issue_ids": "[1]", "osm_url": "https://www.openstreetmap.org/way/267821630", "josm_url": "http://127.0.0.1:8111/load_object?new_layer=false&objects=w267821630", "id_url": "https://www.openstreetmap.org/edit?editor=id&way=267821630#map=20/59.9152049/10.7315212"}}, {"type": "Feature", "geometry": {"type": "Point", "coordinates": [10.731506, 59.9151098]}, "properties": {"id": 267821632, "feat_type": "way", "quality_categories": "improper_geometries", "issue_ids": "[1]", "osm_url": "https://www.openstreetmap.org/way/267821632", "josm_url": "http://127.0.0.1:8111/load_object?new_layer=false&objects=w267821632", "id_url": "https://www.openstreetmap.org/edit?editor=id&way=267821632#map=20/59.9151098/10.731506"}}, {"type": "Feature", "geometry": {"type": "Point", "coordinates": [10.7325579, 59.9147624]}, "properties": {"id": 267821633, "feat_type": "way", "quality_categories": "improper_geometries", "issue_ids": "[1]", "osm_url": "https://www.openstreetmap.org/way/267821633", "josm_url": "http://127.0.0.1:8111/load_object?new_layer=false&objects=w267821633", "id_url": "https://www.openstreetmap.org/edit?editor=id&way=267821633#map=20/59.9147624/10.7325579"}}, {"type": "Feature", "geometry": {"type": "Point", "coordinates": [10.7326719, 59.9148182]}, "properties": {"id": 267821634, "feat_type": "way", "quality_categories": "improper_geometries", "issue_ids": "[1]", "osm_url": "https://www.openstreetmap.org/way/267821634", "josm_url": "http://127.0.0.1:8111/load_object?new_layer=false&objects=w267821634", "id_url": "https://www.openstreetmap.org/edit?editor=id&way=267821634#map=20/59.9148182/10.7326719"}}, {"type": "Feature", "geometry": {"type": "Point", "coordinates": [10.7330224, 59.9153894]}, "properties": {"id": 267821636, "feat_type": "way", "quality_categories": "improper_geometries", "issue_ids": "[1]", "osm_url": "https://www.openstreetmap.org/way/267821636", "josm_url": "http://127.0.0.1:8111/load_object?new_layer=false&objects=w267821636", "id_url": "https://www.openstreetmap.org/edit?editor=id&way=267821636#map=20/59.9153894/10.7330224"}}, {"type": "Feature", "geometry": {"type": "Point", "coordinates": [10.7315184, 59.9151873]}, "properties": {"id": 267821637, "feat_type": "way", "quality_categories": "improper_geometries", "issue_ids": "[1]", "osm_url": "https://www.openstreetmap.org/way/267821637", "josm_url": "http://127.0.0.1:8111/load_object?new_layer=false&objects=w267821637", "id_url": "https://www.openstreetmap.org/edit?editor=id&way=267821637#map=20/59.9151873/10.7315184"}}, {"type": "Feature", "geometry": {"type": "Point", "coordinates": [10.7331512, 59.9153516]}, "properties": {"id": 267821639, "feat_type": "way", "quality_categories": "improper_geometries", "issue_ids": "[1]", "osm_url": "https://www.openstreetmap.org/way/267821639", "josm_url": "http://127.0.0.1:8111/load_object?new_layer=false&objects=w267821639", "id_url": "https://www.openstreetmap.org/edit?editor=id&way=267821639#map=20/59.9153516/10.7331512"}}, {"type": "Feature", "geometry": {"type": "Point", "coordinates": [10.733296, 59.9144994]}, "properties": {"id": 267821641, "feat_type": "way", "quality_categories": "improper_geometries", "issue_ids": "[1]", "osm_url": "https://www.openstreetmap.org/way/267821641", "josm_url": "http://127.0.0.1:8111/load_object?new_layer=false&objects=w267821641", "id_url": "https://www.openstreetmap.org/edit?editor=id&way=267821641#map=20/59.9144994/10.733296"}}, {"type": "Feature", "geometry": {"type": "Point", "coordinates": [10.7331428, 59.9144256]}, "properties": {"id": 267821643, "feat_type": "way", "quality_categories": "improper_geometries", "issue_ids": "[1]", "osm_url": "https://www.openstreetmap.org/way/267821643", "josm_url": "http://127.0.0.1:8111/load_object?new_layer=false&objects=w267821643", "id_url": "https://www.openstreetmap.org/edit?editor=id&way=267821643#map=20/59.9144256/10.7331428"}}, {"type": "Feature", "geometry": {"type": "Point", "coordinates": [10.73325, 59.9155443]}, "properties": {"id": 267821644, "feat_type": "way", "quality_categories": "improper_geometries", "issue_ids": "[1]", "osm_url": "https://www.openstreetmap.org/way/267821644", "josm_url": "http://127.0.0.1:8111/load_object?new_layer=false&objects=w267821644", "id_url": "https://www.openstreetmap.org/edit?editor=id&way=267821644#map=20/59.9155443/10.73325"}}, {"type": "Feature", "geometry": {"type": "Point", "coordinates": [10.733259, 59.9144816]}, "properties": {"id": 267821646, "feat_type": "way", "quality_categories": "improper_geometries", "issue_ids": "[1]", "osm_url": "https://www.openstreetmap.org/way/267821646", "josm_url": "http://127.0.0.1:8111/load_object?new_layer=false&objects=w267821646", "id_url": "https://www.openstreetmap.org/edit?editor=id&way=267821646#map=20/59.9144816/10.733259"}}, {"type": "Feature", "geometry": {"type": "Point", "coordinates": [10.7315091, 59.9151291]}, "properties": {"id": 267821648, "feat_type": "way", "quality_categories": "improper_geometries", "issue_ids": "[1]", "osm_url": "https://www.openstreetmap.org/way/267821648", "josm_url": "http://127.0.0.1:8111/load_object?new_layer=false&objects=w267821648", "id_url": "https://www.openstreetmap.org/edit?editor=id&way=267821648#map=20/59.9151291/10.7315091"}}, {"type": "Feature", "geometry": {"type": "Point", "coordinates": [10.7331848, 59.9144459]}, "properties": {"id": 267821650, "feat_type": "way", "quality_categories": "improper_geometries", "issue_ids": "[1]", "osm_url": "https://www.openstreetmap.org/way/267821650", "josm_url": "http://127.0.0.1:8111/load_object?new_layer=false&objects=w267821650", "id_url": "https://www.openstreetmap.org/edit?editor=id&way=267821650#map=20/59.9144459/10.7331848"}}, {"type": "Feature", "geometry": {"type": "Point", "coordinates": [10.7322561, 59.9150254]}, "properties": {"id": 267821651, "feat_type": "way", "quality_categories": "improper_geometries", "issue_ids": "[1]", "osm_url": "https://www.openstreetmap.org/way/267821651", "josm_url": "http://127.0.0.1:8111/load_object?new_layer=false&objects=w267821651", "id_url": "https://www.openstreetmap.org/edit?editor=id&way=267821651#map=20/59.9150254/10.7322561"}}, {"type": "Feature", "geometry": {"type": "Point", "coordinates": [10.7319815, 59.9148747]}, "properties": {"id": 267821654, "feat_type": "way", "quality_categories": "improper_geometries", "issue_ids": "[1]", "osm_url": "https://www.openstreetmap.org/way/267821654", "josm_url": "http://127.0.0.1:8111/load_object?new_layer=false&objects=w267821654", "id_url": "https://www.openstreetmap.org/edit?editor=id&way=267821654#map=20/59.9148747/10.7319815"}}, {"type": "Feature", "geometry": {"type": "Point", "coordinates": [10.7328246, 59.9152965]}, "properties": {"id": 267821656, "feat_type": "way", "quality_categories": "improper_geometries", "issue_ids": "[1]", "osm_url": "https://www.openstreetmap.org/way/267821656", "josm_url": "http://127.0.0.1:8111/load_object?new_layer=false&objects=w267821656", "id_url": "https://www.openstreetmap.org/edit?editor=id&way=267821656#map=20/59.9152965/10.7328246"}}, {"type": "Feature", "geometry": {"type": "Point", "coordinates": [10.7314151, 59.9151335]}, "properties": {"id": 267821659, "feat_type": "way", "quality_categories": "improper_geometries", "issue_ids": "[1]", "osm_url": "https://www.openstreetmap.org/way/267821659", "josm_url": "http://127.0.0.1:8111/load_object?new_layer=false&objects=w267821659", "id_url": "https://www.openstreetmap.org/edit?editor=id&way=267821659#map=20/59.9151335/10.7314151"}}, {"type": "Feature", "geometry": {"type": "Point", "coordinates": [10.7331659, 59.9145288]}, "properties": {"id": 267821661, "feat_type": "way", "quality_categories": "improper_geometries", "issue_ids": "[1]", "osm_url": "https://www.openstreetmap.org/way/267821661", "josm_url": "http://127.0.0.1:8111/load_object?new_layer=false&objects=w267821661", "id_url": "https://www.openstreetmap.org/edit?editor=id&way=267821661#map=20/59.9145288/10.7331659"}}, {"type": "Feature", "geometry": {"type": "Point", "coordinates": [10.7314758, 59.9151887]}, "properties": {"id": 267821662, "feat_type": "way", "quality_categories": "improper_geometries", "issue_ids": "[1]", "osm_url": "https://www.openstreetmap.org/way/267821662", "josm_url": "http://127.0.0.1:8111/load_object?new_layer=false&objects=w267821662", "id_url": "https://www.openstreetmap.org/edit?editor=id&way=267821662#map=20/59.9151887/10.7314758"}}, {"type": "Feature", "geometry": {"type": "Point", "coordinates": [10.7330855, 59.9144962]}, "properties": {"id": 267821664, "feat_type": "way", "quality_categories": "improper_geometries", "issue_ids": "[1]", "osm_url": "https://www.openstreetmap.org/way/267821664", "josm_url": "http://127.0.0.1:8111/load_object?new_layer=false&objects=w267821664", "id_url": "https://www.openstreetmap.org/edit?editor=id&way=267821664#map=20/59.9144962/10.7330855"}}, {"type": "Feature", "geometry": {"type": "Point", "coordinates": [10.7332116, 59.9143905]}, "properties": {"id": 267821665, "feat_type": "way", "quality_categories": "improper_geometries", "issue_ids": "[1]", "osm_url": "https://www.openstreetmap.org/way/267821665", "josm_url": "http://127.0.0.1:8111/load_object?new_layer=false&objects=w267821665", "id_url": "https://www.openstreetmap.org/edit?editor=id&way=267821665#map=20/59.9143905/10.7332116"}}, {"type": "Feature", "geometry": {"type": "Point", "coordinates": [10.7333451, 59.9144743]}, "properties": {"id": 267821666, "feat_type": "way", "quality_categories": "improper_geometries", "issue_ids": "[1]", "osm_url": "https://www.openstreetmap.org/way/267821666", "josm_url": "http://127.0.0.1:8111/load_object?new_layer=false&objects=w267821666", "id_url": "https://www.openstreetmap.org/edit?editor=id&way=267821666#map=20/59.9144743/10.7333451"}}, {"type": "Feature", "geometry": {"type": "Point", "coordinates": [10.7324906, 59.9147586]}, "properties": {"id": 267821667, "feat_type": "way", "quality_categories": "improper_geometries", "issue_ids": "[1]", "osm_url": "https://www.openstreetmap.org/way/267821667", "josm_url": "http://127.0.0.1:8111/load_object?new_layer=false&objects=w267821667", "id_url": "https://www.openstreetmap.org/edit?editor=id&way=267821667#map=20/59.9147586/10.7324906"}}, {"type": "Feature", "geometry": {"type": "Point", "coordinates": [10.7325868, 59.9148617]}, "properties": {"id": 267821668, "feat_type": "way", "quality_categories": "improper_geometries", "issue_ids": "[1]", "osm_url": "https://www.openstreetmap.org/way/267821668", "josm_url": "http://127.0.0.1:8111/load_object?new_layer=false&objects=w267821668", "id_url": "https://www.openstreetmap.org/edit?editor=id&way=267821668#map=20/59.9148617/10.7325868"}}, {"type": "Feature", "geometry": {"type": "Point", "coordinates": [10.7346438, 59.9139223]}, "properties": {"id": 268054263, "feat_type": "way", "quality_categories": "improper_geometries", "issue_ids": "[1]", "osm_url": "https://www.openstreetmap.org/way/268054263", "josm_url": "http://127.0.0.1:8111/load_object?new_layer=false&objects=w268054263", "id_url": "https://www.openstreetmap.org/edit?editor=id&way=268054263#map=20/59.9139223/10.7346438"}}, {"type": "Feature", "geometry": {"type": "Point", "coordinates": [10.7360569, 59.91358]}, "properties": {"id": 268054267, "feat_type": "way", "quality_categories": "improper_geometries", "issue_ids": "[1]", "osm_url": "https://www.openstreetmap.org/way/268054267", "josm_url": "http://127.0.0.1:8111/load_object?new_layer=false&objects=w268054267", "id_url": "https://www.openstreetmap.org/edit?editor=id&way=268054267#map=20/59.91358/10.7360569"}}, {"type": "Feature", "geometry": {"type": "Point", "coordinates": [10.737152, 59.9133154]}, "properties": {"id": 268054273, "feat_type": "way", "quality_categories": "improper_geometries", "issue_ids": "[1]", "osm_url": "https://www.openstreetmap.org/way/268054273", "josm_url": "http://127.0.0.1:8111/load_object?new_layer=false&objects=w268054273", "id_url": "https://www.openstreetmap.org/edit?editor=id&way=268054273#map=20/59.9133154/10.737152"}}, {"type": "Feature", "geometry": {"type": "Point", "coordinates": [10.7392596, 59.9128952]}, "properties": {"id": 268054277, "feat_type": "way", "quality_categories": "improper_geometries", "issue_ids": "[1]", "osm_url": "https://www.openstreetmap.org/way/268054277", "josm_url": "http://127.0.0.1:8111/load_object?new_layer=false&objects=w268054277", "id_url": "https://www.openstreetmap.org/edit?editor=id&way=268054277#map=20/59.9128952/10.7392596"}}, {"type": "Feature", "geometry": {"type": "Point", "coordinates": [10.7384673, 59.9129947]}, "properties": {"id": 268054280, "feat_type": "way", "quality_categories": "improper_geometries", "issue_ids": "[1]", "osm_url": "https://www.openstreetmap.org/way/268054280", "josm_url": "http://127.0.0.1:8111/load_object?new_layer=false&objects=w268054280", "id_url": "https://www.openstreetmap.org/edit?editor=id&way=268054280#map=20/59.9129947/10.7384673"}}, {"type": "Feature", "geometry": {"type": "Point", "coordinates": [10.7370053, 59.9134439]}, "properties": {"id": 268054283, "feat_type": "way", "quality_categories": "improper_geometries", "issue_ids": "[1]", "osm_url": "https://www.openstreetmap.org/way/268054283", "josm_url": "http://127.0.0.1:8111/load_object?new_layer=false&objects=w268054283", "id_url": "https://www.openstreetmap.org/edit?editor=id&way=268054283#map=20/59.9134439/10.7370053"}}, {"type": "Feature", "geometry": {"type": "Point", "coordinates": [10.7290295, 59.9125845]}, "properties": {"id": 305170115, "feat_type": "way", "quality_categories": "improper_geometries", "issue_ids": "[1]", "osm_url": "https://www.openstreetmap.org/way/305170115", "josm_url": "http://127.0.0.1:8111/load_object?new_layer=false&objects=w305170115", "id_url": "https://www.openstreetmap.org/edit?editor=id&way=305170115#map=20/59.9125845/10.7290295"}}, {"type": "Feature", "geometry": {"type": "Point", "coordinates": [10.7347773, 59.9114946]}, "properties": {"id": 305170116, "feat_type": "way", "quality_categories": "improper_geometries", "issue_ids": "[1]", "osm_url": "https://www.openstreetmap.org/way/305170116", "josm_url": "http://127.0.0.1:8111/load_object?new_layer=false&objects=w305170116", "id_url": "https://www.openstreetmap.org/edit?editor=id&way=305170116#map=20/59.9114946/10.7347773"}}, {"type": "Feature", "geometry": {"type": "Point", "coordinates": [10.7361941, 59.9117112]}, "properties": {"id": 305170117, "feat_type": "way", "quality_categories": "improper_geometries", "issue_ids": "[1]", "osm_url": "https://www.openstreetmap.org/way/305170117", "josm_url": "http://127.0.0.1:8111/load_object?new_layer=false&objects=w305170117", "id_url": "https://www.openstreetmap.org/edit?editor=id&way=305170117#map=20/59.9117112/10.7361941"}}, {"type": "Feature", "geometry": {"type": "Point", "coordinates": [10.7315516, 59.9125238]}, "properties": {"id": 305170118, "feat_type": "way", "quality_categories": "improper_geometries", "issue_ids": "[1]", "osm_url": "https://www.openstreetmap.org/way/305170118", "josm_url": "http://127.0.0.1:8111/load_object?new_layer=false&objects=w305170118", "id_url": "https://www.openstreetmap.org/edit?editor=id&way=305170118#map=20/59.9125238/10.7315516"}}, {"type": "Feature", "geometry": {"type": "Point", "coordinates": [10.7354351, 59.9113395]}, "properties": {"id": 305170119, "feat_type": "way", "quality_categories": "improper_geometries", "issue_ids": "[1]", "osm_url": "https://www.openstreetmap.org/way/305170119", "josm_url": "http://127.0.0.1:8111/load_object?new_layer=false&objects=w305170119", "id_url": "https://www.openstreetmap.org/edit?editor=id&way=305170119#map=20/59.9113395/10.7354351"}}, {"type": "Feature", "geometry": {"type": "Point", "coordinates": [10.7346273, 59.9113593]}, "properties": {"id": 305170120, "feat_type": "way", "quality_categories": "improper_geometries", "issue_ids": "[1]", "osm_url": "https://www.openstreetmap.org/way/305170120", "josm_url": "http://127.0.0.1:8111/load_object?new_layer=false&objects=w305170120", "id_url": "https://www.openstreetmap.org/edit?editor=id&way=305170120#map=20/59.9113593/10.7346273"}}, {"type": "Feature", "geometry": {"type": "Point", "coordinates": [10.7304551, 59.9123224]}, "properties": {"id": 305170123, "feat_type": "way", "quality_categories": "improper_geometries", "issue_ids": "[1]", "osm_url": "https://www.openstreetmap.org/way/305170123", "josm_url": "http://127.0.0.1:8111/load_object?new_layer=false&objects=w305170123", "id_url": "https://www.openstreetmap.org/edit?editor=id&way=305170123#map=20/59.9123224/10.7304551"}}, {"type": "Feature", "geometry": {"type": "Point", "coordinates": [10.7322515, 59.9126508]}, "properties": {"id": 305170125, "feat_type": "way", "quality_categories": "improper_geometries", "issue_ids": "[1]", "osm_url": "https://www.openstreetmap.org/way/305170125", "josm_url": "http://127.0.0.1:8111/load_object?new_layer=false&objects=w305170125", "id_url": "https://www.openstreetmap.org/edit?editor=id&way=305170125#map=20/59.9126508/10.7322515"}}, {"type": "Feature", "geometry": {"type": "Point", "coordinates": [10.7292998, 59.9124861]}, "properties": {"id": 305170127, "feat_type": "way", "quality_categories": "improper_geometries", "issue_ids": "[1]", "osm_url": "https://www.openstreetmap.org/way/305170127", "josm_url": "http://127.0.0.1:8111/load_object?new_layer=false&objects=w305170127", "id_url": "https://www.openstreetmap.org/edit?editor=id&way=305170127#map=20/59.9124861/10.7292998"}}, {"type": "Feature", "geometry": {"type": "Point", "coordinates": [10.7315803, 59.9128178]}, "properties": {"id": 306719753, "feat_type": "way", "quality_categories": "improper_geometries", "issue_ids": "[1]", "osm_url": "https://www.openstreetmap.org/way/306719753", "josm_url": "http://127.0.0.1:8111/load_object?new_layer=false&objects=w306719753", "id_url": "https://www.openstreetmap.org/edit?editor=id&way=306719753#map=20/59.9128178/10.7315803"}}, {"type": "Feature", "geometry": {"type": "Point", "coordinates": [10.7314488, 59.9127883]}, "properties": {"id": 306719754, "feat_type": "way", "quality_categories": "improper_geometries", "issue_ids": "[1]", "osm_url": "https://www.openstreetmap.org/way/306719754", "josm_url": "http://127.0.0.1:8111/load_object?new_layer=false&objects=w306719754", "id_url": "https://www.openstreetmap.org/edit?editor=id&way=306719754#map=20/59.9127883/10.7314488"}}, {"type": "Feature", "geometry": {"type": "Point", "coordinates": [10.7318121, 59.9127659]}, "properties": {"id": 306719755, "feat_type": "way", "quality_categories": "improper_geometries", "issue_ids": "[1]", "osm_url": "https://www.openstreetmap.org/way/306719755", "josm_url": "http://127.0.0.1:8111/load_object?new_layer=false&objects=w306719755", "id_url": "https://www.openstreetmap.org/edit?editor=id&way=306719755#map=20/59.9127659/10.7318121"}}, {"type": "Feature", "geometry": {"type": "Point", "coordinates": [10.7315851, 59.9127233]}, "properties": {"id": 306719759, "feat_type": "way", "quality_categories": "improper_geometries", "issue_ids": "[1]", "osm_url": "https://www.openstreetmap.org/way/306719759", "josm_url": "http://127.0.0.1:8111/load_object?new_layer=false&objects=w306719759", "id_url": "https://www.openstreetmap.org/edit?editor=id&way=306719759#map=20/59.9127233/10.7315851"}}, {"type": "Feature", "geometry": {"type": "Point", "coordinates": [10.7359949, 59.9125646]}, "properties": {"id": 306743683, "feat_type": "way", "quality_categories": "improper_geometries", "issue_ids": "[1]", "osm_url": "https://www.openstreetmap.org/way/306743683", "josm_url": "http://127.0.0.1:8111/load_object?new_layer=false&objects=w306743683", "id_url": "https://www.openstreetmap.org/edit?editor=id&way=306743683#map=20/59.9125646/10.7359949"}}, {"type": "Feature", "geometry": {"type": "Point", "coordinates": [10.7358251, 59.9125823]}, "properties": {"id": 306752593, "feat_type": "way", "quality_categories": "improper_geometries", "issue_ids": "[1]", "osm_url": "https://www.openstreetmap.org/way/306752593", "josm_url": "http://127.0.0.1:8111/load_object?new_layer=false&objects=w306752593", "id_url": "https://www.openstreetmap.org/edit?editor=id&way=306752593#map=20/59.9125823/10.7358251"}}, {"type": "Feature", "geometry": {"type": "Point", "coordinates": [10.7319268, 59.9126372]}, "properties": {"id": 312812386, "feat_type": "way", "quality_categories": "improper_geometries", "issue_ids": "[1]", "osm_url": "https://www.openstreetmap.org/way/312812386", "josm_url": "http://127.0.0.1:8111/load_object?new_layer=false&objects=w312812386", "id_url": "https://www.openstreetmap.org/edit?editor=id&way=312812386#map=20/59.9126372/10.7319268"}}, {"type": "Feature", "geometry": {"type": "Point", "coordinates": [10.7316632, 59.9126616]}, "properties": {"id": 312812387, "feat_type": "way", "quality_categories": "improper_geometries", "issue_ids": "[1]", "osm_url": "https://www.openstreetmap.org/way/312812387", "josm_url": "http://127.0.0.1:8111/load_object?new_layer=false&objects=w312812387", "id_url": "https://www.openstreetmap.org/edit?editor=id&way=312812387#map=20/59.9126616/10.7316632"}}, {"type": "Feature", "geometry": {"type": "Point", "coordinates": [10.7383133, 59.9178702]}, "properties": {"id": 312944494, "feat_type": "way", "quality_categories": "improper_geometries", "issue_ids": "[1]", "osm_url": "https://www.openstreetmap.org/way/312944494", "josm_url": "http://127.0.0.1:8111/load_object?new_layer=false&objects=w312944494", "id_url": "https://www.openstreetmap.org/edit?editor=id&way=312944494#map=20/59.9178702/10.7383133"}}, {"type": "Feature", "geometry": {"type": "Point", "coordinates": [10.7381956, 59.9179135]}, "properties": {"id": 312944495, "feat_type": "way", "quality_categories": "improper_geometries", "issue_ids": "[1]", "osm_url": "https://www.openstreetmap.org/way/312944495", "josm_url": "http://127.0.0.1:8111/load_object?new_layer=false&objects=w312944495", "id_url": "https://www.openstreetmap.org/edit?editor=id&way=312944495#map=20/59.9179135/10.7381956"}}, {"type": "Feature", "geometry": {"type": "Point", "coordinates": [10.7403993, 59.9166222]}, "properties": {"id": 312944496, "feat_type": "way", "quality_categories": "improper_geometries", "issue_ids": "[1]", "osm_url": "https://www.openstreetmap.org/way/312944496", "josm_url": "http://127.0.0.1:8111/load_object?new_layer=false&objects=w312944496", "id_url": "https://www.openstreetmap.org/edit?editor=id&way=312944496#map=20/59.9166222/10.7403993"}}, {"type": "Feature", "geometry": {"type": "Point", "coordinates": [10.7390857, 59.9175187]}, "properties": {"id": 312944498, "feat_type": "way", "quality_categories": "improper_geometries", "issue_ids": "[1]", "osm_url": "https://www.openstreetmap.org/way/312944498", "josm_url": "http://127.0.0.1:8111/load_object?new_layer=false&objects=w312944498", "id_url": "https://www.openstreetmap.org/edit?editor=id&way=312944498#map=20/59.9175187/10.7390857"}}, {"type": "Feature", "geometry": {"type": "Point", "coordinates": [10.7778504, 59.92871]}, "properties": {"id": 315066282, "feat_type": "way", "quality_categories": "improper_geometries", "issue_ids": "[1]", "osm_url": "https://www.openstreetmap.org/way/315066282", "josm_url": "http://127.0.0.1:8111/load_object?new_layer=false&objects=w315066282", "id_url": "https://www.openstreetmap.org/edit?editor=id&way=315066282#map=20/59.92871/10.7778504"}}, {"type": "Feature", "geometry": {"type": "Point", "coordinates": [10.7777742, 59.9284716]}, "properties": {"id": 315066283, "feat_type": "way", "quality_categories": "improper_geometries", "issue_ids": "[1]", "osm_url": "https://www.openstreetmap.org/way/315066283", "josm_url": "http://127.0.0.1:8111/load_object?new_layer=false&objects=w315066283", "id_url": "https://www.openstreetmap.org/edit?editor=id&way=315066283#map=20/59.9284716/10.7777742"}}, {"type": "Feature", "geometry": {"type": "Point", "coordinates": [10.7768697, 59.9271593]}, "properties": {"id": 315066284, "feat_type": "way", "quality_categories": "improper_geometries", "issue_ids": "[1]", "osm_url": "https://www.openstreetmap.org/way/315066284", "josm_url": "http://127.0.0.1:8111/load_object?new_layer=false&objects=w315066284", "id_url": "https://www.openstreetmap.org/edit?editor=id&way=315066284#map=20/59.9271593/10.7768697"}}, {"type": "Feature", "geometry": {"type": "Point", "coordinates": [10.7778543, 59.9288023]}, "properties": {"id": 315066285, "feat_type": "way", "quality_categories": "improper_geometries", "issue_ids": "[1]", "osm_url": "https://www.openstreetmap.org/way/315066285", "josm_url": "http://127.0.0.1:8111/load_object?new_layer=false&objects=w315066285", "id_url": "https://www.openstreetmap.org/edit?editor=id&way=315066285#map=20/59.9288023/10.7778543"}}, {"type": "Feature", "geometry": {"type": "Point", "coordinates": [10.7770131, 59.9271295]}, "properties": {"id": 315066286, "feat_type": "way", "quality_categories": "improper_geometries", "issue_ids": "[1]", "osm_url": "https://www.openstreetmap.org/way/315066286", "josm_url": "http://127.0.0.1:8111/load_object?new_layer=false&objects=w315066286", "id_url": "https://www.openstreetmap.org/edit?editor=id&way=315066286#map=20/59.9271295/10.7770131"}}, {"type": "Feature", "geometry": {"type": "Point", "coordinates": [10.7764517, 59.9262973]}, "properties": {"id": 315066287, "feat_type": "way", "quality_categories": "improper_geometries", "issue_ids": "[1]", "osm_url": "https://www.openstreetmap.org/way/315066287", "josm_url": "http://127.0.0.1:8111/load_object?new_layer=false&objects=w315066287", "id_url": "https://www.openstreetmap.org/edit?editor=id&way=315066287#map=20/59.9262973/10.7764517"}}, {"type": "Feature", "geometry": {"type": "Point", "coordinates": [10.7782082, 59.928421]}, "properties": {"id": 315066288, "feat_type": "way", "quality_categories": "improper_geometries", "issue_ids": "[1]", "osm_url": "https://www.openstreetmap.org/way/315066288", "josm_url": "http://127.0.0.1:8111/load_object?new_layer=false&objects=w315066288", "id_url": "https://www.openstreetmap.org/edit?editor=id&way=315066288#map=20/59.928421/10.7782082"}}, {"type": "Feature", "geometry": {"type": "Point", "coordinates": [10.7774302, 59.9271627]}, "properties": {"id": 315066290, "feat_type": "way", "quality_categories": "improper_geometries", "issue_ids": "[1]", "osm_url": "https://www.openstreetmap.org/way/315066290", "josm_url": "http://127.0.0.1:8111/load_object?new_layer=false&objects=w315066290", "id_url": "https://www.openstreetmap.org/edit?editor=id&way=315066290#map=20/59.9271627/10.7774302"}}, {"type": "Feature", "geometry": {"type": "Point", "coordinates": [10.7774307, 59.9276594]}, "properties": {"id": 315066291, "feat_type": "way", "quality_categories": "improper_geometries", "issue_ids": "[1]", "osm_url": "https://www.openstreetmap.org/way/315066291", "josm_url": "http://127.0.0.1:8111/load_object?new_layer=false&objects=w315066291", "id_url": "https://www.openstreetmap.org/edit?editor=id&way=315066291#map=20/59.9276594/10.7774307"}}, {"type": "Feature", "geometry": {"type": "Point", "coordinates": [10.7783528, 59.9324494]}, "properties": {"id": 315066292, "feat_type": "way", "quality_categories": "improper_geometries", "issue_ids": "[1]", "osm_url": "https://www.openstreetmap.org/way/315066292", "josm_url": "http://127.0.0.1:8111/load_object?new_layer=false&objects=w315066292", "id_url": "https://www.openstreetmap.org/edit?editor=id&way=315066292#map=20/59.9324494/10.7783528"}}, {"type": "Feature", "geometry": {"type": "Point", "coordinates": [10.7772896, 59.927686]}, "properties": {"id": 315066293, "feat_type": "way", "quality_categories": "improper_geometries", "issue_ids": "[1]", "osm_url": "https://www.openstreetmap.org/way/315066293", "josm_url": "http://127.0.0.1:8111/load_object?new_layer=false&objects=w315066293", "id_url": "https://www.openstreetmap.org/edit?editor=id&way=315066293#map=20/59.927686/10.7772896"}}, {"type": "Feature", "geometry": {"type": "Point", "coordinates": [10.7784217, 59.9323152]}, "properties": {"id": 315066294, "feat_type": "way", "quality_categories": "improper_geometries", "issue_ids": "[1]", "osm_url": "https://www.openstreetmap.org/way/315066294", "josm_url": "http://127.0.0.1:8111/load_object?new_layer=false&objects=w315066294", "id_url": "https://www.openstreetmap.org/edit?editor=id&way=315066294#map=20/59.9323152/10.7784217"}}, {"type": "Feature", "geometry": {"type": "Point", "coordinates": [10.778285, 59.9299502]}, "properties": {"id": 315066296, "feat_type": "way", "quality_categories": "improper_geometries", "issue_ids": "[1]", "osm_url": "https://www.openstreetmap.org/way/315066296", "josm_url": "http://127.0.0.1:8111/load_object?new_layer=false&objects=w315066296", "id_url": "https://www.openstreetmap.org/edit?editor=id&way=315066296#map=20/59.9299502/10.778285"}}, {"type": "Feature", "geometry": {"type": "Point", "coordinates": [10.778013, 59.9287689]}, "properties": {"id": 315066297, "feat_type": "way", "quality_categories": "improper_geometries", "issue_ids": "[1]", "osm_url": "https://www.openstreetmap.org/way/315066297", "josm_url": "http://127.0.0.1:8111/load_object?new_layer=false&objects=w315066297", "id_url": "https://www.openstreetmap.org/edit?editor=id&way=315066297#map=20/59.9287689/10.778013"}}, {"type": "Feature", "geometry": {"type": "Point", "coordinates": [10.7786351, 59.9323788]}, "properties": {"id": 315066298, "feat_type": "way", "quality_categories": "improper_geometries", "issue_ids": "[1]", "osm_url": "https://www.openstreetmap.org/way/315066298", "josm_url": "http://127.0.0.1:8111/load_object?new_layer=false&objects=w315066298", "id_url": "https://www.openstreetmap.org/edit?editor=id&way=315066298#map=20/59.9323788/10.7786351"}}, {"type": "Feature", "geometry": {"type": "Point", "coordinates": [10.7784261, 59.9314633]}, "properties": {"id": 315066304, "feat_type": "way", "quality_categories": "improper_geometries", "issue_ids": "[1]", "osm_url": "https://www.openstreetmap.org/way/315066304", "josm_url": "http://127.0.0.1:8111/load_object?new_layer=false&objects=w315066304", "id_url": "https://www.openstreetmap.org/edit?editor=id&way=315066304#map=20/59.9314633/10.7784261"}}, {"type": "Feature", "geometry": {"type": "Point", "coordinates": [10.7761279, 59.9260597]}, "properties": {"id": 315066305, "feat_type": "way", "quality_categories": "improper_geometries", "issue_ids": "[1]", "osm_url": "https://www.openstreetmap.org/way/315066305", "josm_url": "http://127.0.0.1:8111/load_object?new_layer=false&objects=w315066305", "id_url": "https://www.openstreetmap.org/edit?editor=id&way=315066305#map=20/59.9260597/10.7761279"}}, {"type": "Feature", "geometry": {"type": "Point", "coordinates": [10.7778902, 59.9294447]}, "properties": {"id": 315066306, "feat_type": "way", "quality_categories": "improper_geometries", "issue_ids": "[1]", "osm_url": "https://www.openstreetmap.org/way/315066306", "josm_url": "http://127.0.0.1:8111/load_object?new_layer=false&objects=w315066306", "id_url": "https://www.openstreetmap.org/edit?editor=id&way=315066306#map=20/59.9294447/10.7778902"}}, {"type": "Feature", "geometry": {"type": "Point", "coordinates": [10.7783133, 59.9314664]}, "properties": {"id": 315066307, "feat_type": "way", "quality_categories": "improper_geometries", "issue_ids": "[1]", "osm_url": "https://www.openstreetmap.org/way/315066307", "josm_url": "http://127.0.0.1:8111/load_object?new_layer=false&objects=w315066307", "id_url": "https://www.openstreetmap.org/edit?editor=id&way=315066307#map=20/59.9314664/10.7783133"}}, {"type": "Feature", "geometry": {"type": "Point", "coordinates": [10.7791561, 59.9287797]}, "properties": {"id": 315066308, "feat_type": "way", "quality_categories": "improper_geometries", "issue_ids": "[1]", "osm_url": "https://www.openstreetmap.org/way/315066308", "josm_url": "http://127.0.0.1:8111/load_object?new_layer=false&objects=w315066308", "id_url": "https://www.openstreetmap.org/edit?editor=id&way=315066308#map=20/59.9287797/10.7791561"}}, {"type": "Feature", "geometry": {"type": "Point", "coordinates": [10.778172, 59.9306504]}, "properties": {"id": 315066309, "feat_type": "way", "quality_categories": "improper_geometries", "issue_ids": "[1]", "osm_url": "https://www.openstreetmap.org/way/315066309", "josm_url": "http://127.0.0.1:8111/load_object?new_layer=false&objects=w315066309", "id_url": "https://www.openstreetmap.org/edit?editor=id&way=315066309#map=20/59.9306504/10.778172"}}, {"type": "Feature", "geometry": {"type": "Point", "coordinates": [10.7783106, 59.9306425]}, "properties": {"id": 315066310, "feat_type": "way", "quality_categories": "improper_geometries", "issue_ids": "[1]", "osm_url": "https://www.openstreetmap.org/way/315066310", "josm_url": "http://127.0.0.1:8111/load_object?new_layer=false&objects=w315066310", "id_url": "https://www.openstreetmap.org/edit?editor=id&way=315066310#map=20/59.9306425/10.7783106"}}, {"type": "Feature", "geometry": {"type": "Point", "coordinates": [10.7781417, 59.9308697]}, "properties": {"id": 315066311, "feat_type": "way", "quality_categories": "improper_geometries", "issue_ids": "[1]", "osm_url": "https://www.openstreetmap.org/way/315066311", "josm_url": "http://127.0.0.1:8111/load_object?new_layer=false&objects=w315066311", "id_url": "https://www.openstreetmap.org/edit?editor=id&way=315066311#map=20/59.9308697/10.7781417"}}, {"type": "Feature", "geometry": {"type": "Point", "coordinates": [10.7779181, 59.92841]}, "properties": {"id": 315066312, "feat_type": "way", "quality_categories": "improper_geometries", "issue_ids": "[1]", "osm_url": "https://www.openstreetmap.org/way/315066312", "josm_url": "http://127.0.0.1:8111/load_object?new_layer=false&objects=w315066312", "id_url": "https://www.openstreetmap.org/edit?editor=id&way=315066312#map=20/59.92841/10.7779181"}}, {"type": "Feature", "geometry": {"type": "Point", "coordinates": [10.7778354, 59.9287502]}, "properties": {"id": 315066313, "feat_type": "way", "quality_categories": "improper_geometries", "issue_ids": "[1]", "osm_url": "https://www.openstreetmap.org/way/315066313", "josm_url": "http://127.0.0.1:8111/load_object?new_layer=false&objects=w315066313", "id_url": "https://www.openstreetmap.org/edit?editor=id&way=315066313#map=20/59.9287502/10.7778354"}}, {"type": "Feature", "geometry": {"type": "Point", "coordinates": [10.7778875, 59.9284149]}, "properties": {"id": 315066314, "feat_type": "way", "quality_categories": "improper_geometries", "issue_ids": "[1]", "osm_url": "https://www.openstreetmap.org/way/315066314", "josm_url": "http://127.0.0.1:8111/load_object?new_layer=false&objects=w315066314", "id_url": "https://www.openstreetmap.org/edit?editor=id&way=315066314#map=20/59.9284149/10.7778875"}}, {"type": "Feature", "geometry": {"type": "Point", "coordinates": [10.7777769, 59.9284328]}, "properties": {"id": 315066315, "feat_type": "way", "quality_categories": "improper_geometries", "issue_ids": "[1]", "osm_url": "https://www.openstreetmap.org/way/315066315", "josm_url": "http://127.0.0.1:8111/load_object?new_layer=false&objects=w315066315", "id_url": "https://www.openstreetmap.org/edit?editor=id&way=315066315#map=20/59.9284328/10.7777769"}}, {"type": "Feature", "geometry": {"type": "Point", "coordinates": [10.777741, 59.9284386]}, "properties": {"id": 315066316, "feat_type": "way", "quality_categories": "improper_geometries", "issue_ids": "[1]", "osm_url": "https://www.openstreetmap.org/way/315066316", "josm_url": "http://127.0.0.1:8111/load_object?new_layer=false&objects=w315066316", "id_url": "https://www.openstreetmap.org/edit?editor=id&way=315066316#map=20/59.9284386/10.777741"}}, {"type": "Feature", "geometry": {"type": "Point", "coordinates": [10.7762356, 59.9264009]}, "properties": {"id": 315066317, "feat_type": "way", "quality_categories": "improper_geometries", "issue_ids": "[1]", "osm_url": "https://www.openstreetmap.org/way/315066317", "josm_url": "http://127.0.0.1:8111/load_object?new_layer=false&objects=w315066317", "id_url": "https://www.openstreetmap.org/edit?editor=id&way=315066317#map=20/59.9264009/10.7762356"}}, {"type": "Feature", "geometry": {"type": "Point", "coordinates": [10.7768328, 59.9271362]}, "properties": {"id": 315066318, "feat_type": "way", "quality_categories": "improper_geometries", "issue_ids": "[1]", "osm_url": "https://www.openstreetmap.org/way/315066318", "josm_url": "http://127.0.0.1:8111/load_object?new_layer=false&objects=w315066318", "id_url": "https://www.openstreetmap.org/edit?editor=id&way=315066318#map=20/59.9271362/10.7768328"}}, {"type": "Feature", "geometry": {"type": "Point", "coordinates": [10.7778675, 59.9287487]}, "properties": {"id": 315066319, "feat_type": "way", "quality_categories": "improper_geometries", "issue_ids": "[1]", "osm_url": "https://www.openstreetmap.org/way/315066319", "josm_url": "http://127.0.0.1:8111/load_object?new_layer=false&objects=w315066319", "id_url": "https://www.openstreetmap.org/edit?editor=id&way=315066319#map=20/59.9287487/10.7778675"}}, {"type": "Feature", "geometry": {"type": "Point", "coordinates": [10.7770115, 59.9271]}, "properties": {"id": 315066320, "feat_type": "way", "quality_categories": "improper_geometries", "issue_ids": "[1]", "osm_url": "https://www.openstreetmap.org/way/315066320", "josm_url": "http://127.0.0.1:8111/load_object?new_layer=false&objects=w315066320", "id_url": "https://www.openstreetmap.org/edit?editor=id&way=315066320#map=20/59.9271/10.7770115"}}, {"type": "Feature", "geometry": {"type": "Point", "coordinates": [10.7764268, 59.9263661]}, "properties": {"id": 315066321, "feat_type": "way", "quality_categories": "improper_geometries", "issue_ids": "[1]", "osm_url": "https://www.openstreetmap.org/way/315066321", "josm_url": "http://127.0.0.1:8111/load_object?new_layer=false&objects=w315066321", "id_url": "https://www.openstreetmap.org/edit?editor=id&way=315066321#map=20/59.9263661/10.7764268"}}, {"type": "Feature", "geometry": {"type": "Point", "coordinates": [10.7785237, 59.931358]}, "properties": {"id": 315066322, "feat_type": "way", "quality_categories": "improper_geometries", "issue_ids": "[1]", "osm_url": "https://www.openstreetmap.org/way/315066322", "josm_url": "http://127.0.0.1:8111/load_object?new_layer=false&objects=w315066322", "id_url": "https://www.openstreetmap.org/edit?editor=id&way=315066322#map=20/59.931358/10.7785237"}}, {"type": "Feature", "geometry": {"type": "Point", "coordinates": [10.7783826, 59.9321015]}, "properties": {"id": 315066323, "feat_type": "way", "quality_categories": "improper_geometries", "issue_ids": "[1]", "osm_url": "https://www.openstreetmap.org/way/315066323", "josm_url": "http://127.0.0.1:8111/load_object?new_layer=false&objects=w315066323", "id_url": "https://www.openstreetmap.org/edit?editor=id&way=315066323#map=20/59.9321015/10.7783826"}}, {"type": "Feature", "geometry": {"type": "Point", "coordinates": [10.7784148, 59.9312598]}, "properties": {"id": 315066324, "feat_type": "way", "quality_categories": "improper_geometries", "issue_ids": "[1]", "osm_url": "https://www.openstreetmap.org/way/315066324", "josm_url": "http://127.0.0.1:8111/load_object?new_layer=false&objects=w315066324", "id_url": "https://www.openstreetmap.org/edit?editor=id&way=315066324#map=20/59.9312598/10.7784148"}}, {"type": "Feature", "geometry": {"type": "Point", "coordinates": [10.7782753, 59.9312628]}, "properties": {"id": 315066326, "feat_type": "way", "quality_categories": "improper_geometries", "issue_ids": "[1]", "osm_url": "https://www.openstreetmap.org/way/315066326", "josm_url": "http://127.0.0.1:8111/load_object?new_layer=false&objects=w315066326", "id_url": "https://www.openstreetmap.org/edit?editor=id&way=315066326#map=20/59.9312628/10.7782753"}}, {"type": "Feature", "geometry": {"type": "Point", "coordinates": [10.7768134, 59.9272364]}, "properties": {"id": 315066327, "feat_type": "way", "quality_categories": "improper_geometries", "issue_ids": "[1]", "osm_url": "https://www.openstreetmap.org/way/315066327", "josm_url": "http://127.0.0.1:8111/load_object?new_layer=false&objects=w315066327", "id_url": "https://www.openstreetmap.org/edit?editor=id&way=315066327#map=20/59.9272364/10.7768134"}}, {"type": "Feature", "geometry": {"type": "Point", "coordinates": [10.7785227, 59.9320993]}, "properties": {"id": 315066328, "feat_type": "way", "quality_categories": "improper_geometries", "issue_ids": "[1]", "osm_url": "https://www.openstreetmap.org/way/315066328", "josm_url": "http://127.0.0.1:8111/load_object?new_layer=false&objects=w315066328", "id_url": "https://www.openstreetmap.org/edit?editor=id&way=315066328#map=20/59.9320993/10.7785227"}}, {"type": "Feature", "geometry": {"type": "Point", "coordinates": [10.7781141, 59.929436]}, "properties": {"id": 315066329, "feat_type": "way", "quality_categories": "improper_geometries", "issue_ids": "[1]", "osm_url": "https://www.openstreetmap.org/way/315066329", "josm_url": "http://127.0.0.1:8111/load_object?new_layer=false&objects=w315066329", "id_url": "https://www.openstreetmap.org/edit?editor=id&way=315066329#map=20/59.929436/10.7781141"}}, {"type": "Feature", "geometry": {"type": "Point", "coordinates": [10.7779727, 59.9294394]}, "properties": {"id": 315066330, "feat_type": "way", "quality_categories": "improper_geometries", "issue_ids": "[1]", "osm_url": "https://www.openstreetmap.org/way/315066330", "josm_url": "http://127.0.0.1:8111/load_object?new_layer=false&objects=w315066330", "id_url": "https://www.openstreetmap.org/edit?editor=id&way=315066330#map=20/59.9294394/10.7779727"}}, {"type": "Feature", "geometry": {"type": "Point", "coordinates": [10.7763848, 59.9263391]}, "properties": {"id": 315066332, "feat_type": "way", "quality_categories": "improper_geometries", "issue_ids": "[1]", "osm_url": "https://www.openstreetmap.org/way/315066332", "josm_url": "http://127.0.0.1:8111/load_object?new_layer=false&objects=w315066332", "id_url": "https://www.openstreetmap.org/edit?editor=id&way=315066332#map=20/59.9263391/10.7763848"}}, {"type": "Feature", "geometry": {"type": "Point", "coordinates": [10.7764616, 59.9264584]}, "properties": {"id": 315066333, "feat_type": "way", "quality_categories": "improper_geometries", "issue_ids": "[1]", "osm_url": "https://www.openstreetmap.org/way/315066333", "josm_url": "http://127.0.0.1:8111/load_object?new_layer=false&objects=w315066333", "id_url": "https://www.openstreetmap.org/edit?editor=id&way=315066333#map=20/59.9264584/10.7764616"}}, {"type": "Feature", "geometry": {"type": "Point", "coordinates": [10.7765994, 59.9267919]}, "properties": {"id": 315066334, "feat_type": "way", "quality_categories": "improper_geometries", "issue_ids": "[1]", "osm_url": "https://www.openstreetmap.org/way/315066334", "josm_url": "http://127.0.0.1:8111/load_object?new_layer=false&objects=w315066334", "id_url": "https://www.openstreetmap.org/edit?editor=id&way=315066334#map=20/59.9267919/10.7765994"}}, {"type": "Feature", "geometry": {"type": "Point", "coordinates": [10.7762325, 59.9263699]}, "properties": {"id": 315066335, "feat_type": "way", "quality_categories": "improper_geometries", "issue_ids": "[1]", "osm_url": "https://www.openstreetmap.org/way/315066335", "josm_url": "http://127.0.0.1:8111/load_object?new_layer=false&objects=w315066335", "id_url": "https://www.openstreetmap.org/edit?editor=id&way=315066335#map=20/59.9263699/10.7762325"}}, {"type": "Feature", "geometry": {"type": "Point", "coordinates": [10.7779061, 59.9284472]}, "properties": {"id": 315066336, "feat_type": "way", "quality_categories": "improper_geometries", "issue_ids": "[1]", "osm_url": "https://www.openstreetmap.org/way/315066336", "josm_url": "http://127.0.0.1:8111/load_object?new_layer=false&objects=w315066336", "id_url": "https://www.openstreetmap.org/edit?editor=id&way=315066336#map=20/59.9284472/10.7779061"}}, {"type": "Feature", "geometry": {"type": "Point", "coordinates": [10.6868864, 59.9221946]}, "properties": {"id": 317701745, "feat_type": "way", "quality_categories": "improper_geometries", "issue_ids": "[1]", "osm_url": "https://www.openstreetmap.org/way/317701745", "josm_url": "http://127.0.0.1:8111/load_object?new_layer=false&objects=w317701745", "id_url": "https://www.openstreetmap.org/edit?editor=id&way=317701745#map=20/59.9221946/10.6868864"}}, {"type": "Feature", "geometry": {"type": "Point", "coordinates": [10.6920827, 59.9200644]}, "properties": {"id": 317701746, "feat_type": "way", "quality_categories": "improper_geometries", "issue_ids": "[1]", "osm_url": "https://www.openstreetmap.org/way/317701746", "josm_url": "http://127.0.0.1:8111/load_object?new_layer=false&objects=w317701746", "id_url": "https://www.openstreetmap.org/edit?editor=id&way=317701746#map=20/59.9200644/10.6920827"}}, {"type": "Feature", "geometry": {"type": "Point", "coordinates": [10.6868026, 59.9221133]}, "properties": {"id": 317701747, "feat_type": "way", "quality_categories": "improper_geometries", "issue_ids": "[1]", "osm_url": "https://www.openstreetmap.org/way/317701747", "josm_url": "http://127.0.0.1:8111/load_object?new_layer=false&objects=w317701747", "id_url": "https://www.openstreetmap.org/edit?editor=id&way=317701747#map=20/59.9221133/10.6868026"}}, {"type": "Feature", "geometry": {"type": "Point", "coordinates": [10.6863723, 59.9222266]}, "properties": {"id": 317701748, "feat_type": "way", "quality_categories": "improper_geometries", "issue_ids": "[1]", "osm_url": "https://www.openstreetmap.org/way/317701748", "josm_url": "http://127.0.0.1:8111/load_object?new_layer=false&objects=w317701748", "id_url": "https://www.openstreetmap.org/edit?editor=id&way=317701748#map=20/59.9222266/10.6863723"}}, {"type": "Feature", "geometry": {"type": "Point", "coordinates": [10.6981035, 59.9192945]}, "properties": {"id": 317701749, "feat_type": "way", "quality_categories": "improper_geometries", "issue_ids": "[1]", "osm_url": "https://www.openstreetmap.org/way/317701749", "josm_url": "http://127.0.0.1:8111/load_object?new_layer=false&objects=w317701749", "id_url": "https://www.openstreetmap.org/edit?editor=id&way=317701749#map=20/59.9192945/10.6981035"}}, {"type": "Feature", "geometry": {"type": "Point", "coordinates": [10.69359, 59.9190192]}, "properties": {"id": 317701750, "feat_type": "way", "quality_categories": "improper_geometries", "issue_ids": "[1]", "osm_url": "https://www.openstreetmap.org/way/317701750", "josm_url": "http://127.0.0.1:8111/load_object?new_layer=false&objects=w317701750", "id_url": "https://www.openstreetmap.org/edit?editor=id&way=317701750#map=20/59.9190192/10.69359"}}, {"type": "Feature", "geometry": {"type": "Point", "coordinates": [10.6958623, 59.9186728]}, "properties": {"id": 317701751, "feat_type": "way", "quality_categories": "improper_geometries", "issue_ids": "[1]", "osm_url": "https://www.openstreetmap.org/way/317701751", "josm_url": "http://127.0.0.1:8111/load_object?new_layer=false&objects=w317701751", "id_url": "https://www.openstreetmap.org/edit?editor=id&way=317701751#map=20/59.9186728/10.6958623"}}, {"type": "Feature", "geometry": {"type": "Point", "coordinates": [10.6900639, 59.9209385]}, "properties": {"id": 317701752, "feat_type": "way", "quality_categories": "improper_geometries", "issue_ids": "[1]", "osm_url": "https://www.openstreetmap.org/way/317701752", "josm_url": "http://127.0.0.1:8111/load_object?new_layer=false&objects=w317701752", "id_url": "https://www.openstreetmap.org/edit?editor=id&way=317701752#map=20/59.9209385/10.6900639"}}, {"type": "Feature", "geometry": {"type": "Point", "coordinates": [10.6950579, 59.9193626]}, "properties": {"id": 317701753, "feat_type": "way", "quality_categories": "improper_geometries", "issue_ids": "[1]", "osm_url": "https://www.openstreetmap.org/way/317701753", "josm_url": "http://127.0.0.1:8111/load_object?new_layer=false&objects=w317701753", "id_url": "https://www.openstreetmap.org/edit?editor=id&way=317701753#map=20/59.9193626/10.6950579"}}, {"type": "Feature", "geometry": {"type": "Point", "coordinates": [10.685698, 59.9221843]}, "properties": {"id": 317701754, "feat_type": "way", "quality_categories": "improper_geometries", "issue_ids": "[1]", "osm_url": "https://www.openstreetmap.org/way/317701754", "josm_url": "http://127.0.0.1:8111/load_object?new_layer=false&objects=w317701754", "id_url": "https://www.openstreetmap.org/edit?editor=id&way=317701754#map=20/59.9221843/10.685698"}}, {"type": "Feature", "geometry": {"type": "Point", "coordinates": [10.6962282, 59.9184917]}, "properties": {"id": 317701755, "feat_type": "way", "quality_categories": "improper_geometries", "issue_ids": "[1]", "osm_url": "https://www.openstreetmap.org/way/317701755", "josm_url": "http://127.0.0.1:8111/load_object?new_layer=false&objects=w317701755", "id_url": "https://www.openstreetmap.org/edit?editor=id&way=317701755#map=20/59.9184917/10.6962282"}}, {"type": "Feature", "geometry": {"type": "Point", "coordinates": [10.687501, 59.9220772]}, "properties": {"id": 317701756, "feat_type": "way", "quality_categories": "improper_geometries", "issue_ids": "[1]", "osm_url": "https://www.openstreetmap.org/way/317701756", "josm_url": "http://127.0.0.1:8111/load_object?new_layer=false&objects=w317701756", "id_url": "https://www.openstreetmap.org/edit?editor=id&way=317701756#map=20/59.9220772/10.687501"}}, {"type": "Feature", "geometry": {"type": "Point", "coordinates": [10.6892553, 59.9213719]}, "properties": {"id": 317701757, "feat_type": "way", "quality_categories": "improper_geometries", "issue_ids": "[1]", "osm_url": "https://www.openstreetmap.org/way/317701757", "josm_url": "http://127.0.0.1:8111/load_object?new_layer=false&objects=w317701757", "id_url": "https://www.openstreetmap.org/edit?editor=id&way=317701757#map=20/59.9213719/10.6892553"}}, {"type": "Feature", "geometry": {"type": "Point", "coordinates": [10.6926474, 59.9202232]}, "properties": {"id": 317701758, "feat_type": "way", "quality_categories": "improper_geometries", "issue_ids": "[1]", "osm_url": "https://www.openstreetmap.org/way/317701758", "josm_url": "http://127.0.0.1:8111/load_object?new_layer=false&objects=w317701758", "id_url": "https://www.openstreetmap.org/edit?editor=id&way=317701758#map=20/59.9202232/10.6926474"}}, {"type": "Feature", "geometry": {"type": "Point", "coordinates": [10.6890943, 59.9213386]}, "properties": {"id": 317701759, "feat_type": "way", "quality_categories": "improper_geometries", "issue_ids": "[1]", "osm_url": "https://www.openstreetmap.org/way/317701759", "josm_url": "http://127.0.0.1:8111/load_object?new_layer=false&objects=w317701759", "id_url": "https://www.openstreetmap.org/edit?editor=id&way=317701759#map=20/59.9213386/10.6890943"}}, {"type": "Feature", "geometry": {"type": "Point", "coordinates": [10.6889885, 59.9212768]}, "properties": {"id": 317701760, "feat_type": "way", "quality_categories": "improper_geometries", "issue_ids": "[1]", "osm_url": "https://www.openstreetmap.org/way/317701760", "josm_url": "http://127.0.0.1:8111/load_object?new_layer=false&objects=w317701760", "id_url": "https://www.openstreetmap.org/edit?editor=id&way=317701760#map=20/59.9212768/10.6889885"}}, {"type": "Feature", "geometry": {"type": "Point", "coordinates": [10.6936072, 59.9191027]}, "properties": {"id": 317701761, "feat_type": "way", "quality_categories": "improper_geometries", "issue_ids": "[1]", "osm_url": "https://www.openstreetmap.org/way/317701761", "josm_url": "http://127.0.0.1:8111/load_object?new_layer=false&objects=w317701761", "id_url": "https://www.openstreetmap.org/edit?editor=id&way=317701761#map=20/59.9191027/10.6936072"}}, {"type": "Feature", "geometry": {"type": "Point", "coordinates": [10.6916306, 59.9201757]}, "properties": {"id": 317701762, "feat_type": "way", "quality_categories": "improper_geometries", "issue_ids": "[1]", "osm_url": "https://www.openstreetmap.org/way/317701762", "josm_url": "http://127.0.0.1:8111/load_object?new_layer=false&objects=w317701762", "id_url": "https://www.openstreetmap.org/edit?editor=id&way=317701762#map=20/59.9201757/10.6916306"}}, {"type": "Feature", "geometry": {"type": "Point", "coordinates": [10.6915914, 59.9188608]}, "properties": {"id": 317701763, "feat_type": "way", "quality_categories": "improper_geometries", "issue_ids": "[1]", "osm_url": "https://www.openstreetmap.org/way/317701763", "josm_url": "http://127.0.0.1:8111/load_object?new_layer=false&objects=w317701763", "id_url": "https://www.openstreetmap.org/edit?editor=id&way=317701763#map=20/59.9188608/10.6915914"}}, {"type": "Feature", "geometry": {"type": "Point", "coordinates": [10.6921456, 59.9198975]}, "properties": {"id": 317701764, "feat_type": "way", "quality_categories": "improper_geometries", "issue_ids": "[1]", "osm_url": "https://www.openstreetmap.org/way/317701764", "josm_url": "http://127.0.0.1:8111/load_object?new_layer=false&objects=w317701764", "id_url": "https://www.openstreetmap.org/edit?editor=id&way=317701764#map=20/59.9198975/10.6921456"}}, {"type": "Feature", "geometry": {"type": "Point", "coordinates": [10.6921251, 59.9201164]}, "properties": {"id": 317701765, "feat_type": "way", "quality_categories": "improper_geometries", "issue_ids": "[1]", "osm_url": "https://www.openstreetmap.org/way/317701765", "josm_url": "http://127.0.0.1:8111/load_object?new_layer=false&objects=w317701765", "id_url": "https://www.openstreetmap.org/edit?editor=id&way=317701765#map=20/59.9201164/10.6921251"}}, {"type": "Feature", "geometry": {"type": "Point", "coordinates": [10.689589, 59.9209813]}, "properties": {"id": 317701766, "feat_type": "way", "quality_categories": "improper_geometries", "issue_ids": "[1]", "osm_url": "https://www.openstreetmap.org/way/317701766", "josm_url": "http://127.0.0.1:8111/load_object?new_layer=false&objects=w317701766", "id_url": "https://www.openstreetmap.org/edit?editor=id&way=317701766#map=20/59.9209813/10.689589"}}, {"type": "Feature", "geometry": {"type": "Point", "coordinates": [10.692157, 59.9199089]}, "properties": {"id": 317701767, "feat_type": "way", "quality_categories": "improper_geometries", "issue_ids": "[1]", "osm_url": "https://www.openstreetmap.org/way/317701767", "josm_url": "http://127.0.0.1:8111/load_object?new_layer=false&objects=w317701767", "id_url": "https://www.openstreetmap.org/edit?editor=id&way=317701767#map=20/59.9199089/10.692157"}}, {"type": "Feature", "geometry": {"type": "Point", "coordinates": [10.6922141, 59.9199658]}, "properties": {"id": 317701768, "feat_type": "way", "quality_categories": "improper_geometries", "issue_ids": "[1]", "osm_url": "https://www.openstreetmap.org/way/317701768", "josm_url": "http://127.0.0.1:8111/load_object?new_layer=false&objects=w317701768", "id_url": "https://www.openstreetmap.org/edit?editor=id&way=317701768#map=20/59.9199658/10.6922141"}}, {"type": "Feature", "geometry": {"type": "Point", "coordinates": [10.6897133, 59.9210341]}, "properties": {"id": 317701769, "feat_type": "way", "quality_categories": "improper_geometries", "issue_ids": "[1]", "osm_url": "https://www.openstreetmap.org/way/317701769", "josm_url": "http://127.0.0.1:8111/load_object?new_layer=false&objects=w317701769", "id_url": "https://www.openstreetmap.org/edit?editor=id&way=317701769#map=20/59.9210341/10.6897133"}}, {"type": "Feature", "geometry": {"type": "Point", "coordinates": [10.6859475, 59.9222266]}, "properties": {"id": 317701770, "feat_type": "way", "quality_categories": "improper_geometries", "issue_ids": "[1]", "osm_url": "https://www.openstreetmap.org/way/317701770", "josm_url": "http://127.0.0.1:8111/load_object?new_layer=false&objects=w317701770", "id_url": "https://www.openstreetmap.org/edit?editor=id&way=317701770#map=20/59.9222266/10.6859475"}}, {"type": "Feature", "geometry": {"type": "Point", "coordinates": [10.6896156, 59.9209926]}, "properties": {"id": 317701771, "feat_type": "way", "quality_categories": "improper_geometries", "issue_ids": "[1]", "osm_url": "https://www.openstreetmap.org/way/317701771", "josm_url": "http://127.0.0.1:8111/load_object?new_layer=false&objects=w317701771", "id_url": "https://www.openstreetmap.org/edit?editor=id&way=317701771#map=20/59.9209926/10.6896156"}}, {"type": "Feature", "geometry": {"type": "Point", "coordinates": [10.6921638, 59.9200989]}, "properties": {"id": 317701772, "feat_type": "way", "quality_categories": "improper_geometries", "issue_ids": "[1]", "osm_url": "https://www.openstreetmap.org/way/317701772", "josm_url": "http://127.0.0.1:8111/load_object?new_layer=false&objects=w317701772", "id_url": "https://www.openstreetmap.org/edit?editor=id&way=317701772#map=20/59.9200989/10.6921638"}}, {"type": "Feature", "geometry": {"type": "Point", "coordinates": [10.6859609, 59.9221832]}, "properties": {"id": 317701773, "feat_type": "way", "quality_categories": "improper_geometries", "issue_ids": "[1]", "osm_url": "https://www.openstreetmap.org/way/317701773", "josm_url": "http://127.0.0.1:8111/load_object?new_layer=false&objects=w317701773", "id_url": "https://www.openstreetmap.org/edit?editor=id&way=317701773#map=20/59.9221832/10.6859609"}}, {"type": "Feature", "geometry": {"type": "Point", "coordinates": [10.6897399, 59.9210455]}, "properties": {"id": 317701774, "feat_type": "way", "quality_categories": "improper_geometries", "issue_ids": "[1]", "osm_url": "https://www.openstreetmap.org/way/317701774", "josm_url": "http://127.0.0.1:8111/load_object?new_layer=false&objects=w317701774", "id_url": "https://www.openstreetmap.org/edit?editor=id&way=317701774#map=20/59.9210455/10.6897399"}}, {"type": "Feature", "geometry": {"type": "Point", "coordinates": [10.6922254, 59.9199771]}, "properties": {"id": 317701775, "feat_type": "way", "quality_categories": "improper_geometries", "issue_ids": "[1]", "osm_url": "https://www.openstreetmap.org/way/317701775", "josm_url": "http://127.0.0.1:8111/load_object?new_layer=false&objects=w317701775", "id_url": "https://www.openstreetmap.org/edit?editor=id&way=317701775#map=20/59.9199771/10.6922254"}}, {"type": "Feature", "geometry": {"type": "Point", "coordinates": [10.69058, 59.9204414]}, "properties": {"id": 317701776, "feat_type": "way", "quality_categories": "improper_geometries", "issue_ids": "[1]", "osm_url": "https://www.openstreetmap.org/way/317701776", "josm_url": "http://127.0.0.1:8111/load_object?new_layer=false&objects=w317701776", "id_url": "https://www.openstreetmap.org/edit?editor=id&way=317701776#map=20/59.9204414/10.69058"}}, {"type": "Feature", "geometry": {"type": "Point", "coordinates": [10.6908073, 59.920435]}, "properties": {"id": 317701777, "feat_type": "way", "quality_categories": "improper_geometries", "issue_ids": "[1]", "osm_url": "https://www.openstreetmap.org/way/317701777", "josm_url": "http://127.0.0.1:8111/load_object?new_layer=false&objects=w317701777", "id_url": "https://www.openstreetmap.org/edit?editor=id&way=317701777#map=20/59.920435/10.6908073"}}, {"type": "Feature", "geometry": {"type": "Point", "coordinates": [10.688321, 59.9216641]}, "properties": {"id": 317701779, "feat_type": "way", "quality_categories": "improper_geometries", "issue_ids": "[1]", "osm_url": "https://www.openstreetmap.org/way/317701779", "josm_url": "http://127.0.0.1:8111/load_object?new_layer=false&objects=w317701779", "id_url": "https://www.openstreetmap.org/edit?editor=id&way=317701779#map=20/59.9216641/10.688321"}}, {"type": "Feature", "geometry": {"type": "Point", "coordinates": [10.6870685, 59.9220208]}, "properties": {"id": 317701783, "feat_type": "way", "quality_categories": "improper_geometries", "issue_ids": "[1]", "osm_url": "https://www.openstreetmap.org/way/317701783", "josm_url": "http://127.0.0.1:8111/load_object?new_layer=false&objects=w317701783", "id_url": "https://www.openstreetmap.org/edit?editor=id&way=317701783#map=20/59.9220208/10.6870685"}}, {"type": "Feature", "geometry": {"type": "Point", "coordinates": [10.6876331, 59.9218312]}, "properties": {"id": 317701784, "feat_type": "way", "quality_categories": "improper_geometries", "issue_ids": "[1]", "osm_url": "https://www.openstreetmap.org/way/317701784", "josm_url": "http://127.0.0.1:8111/load_object?new_layer=false&objects=w317701784", "id_url": "https://www.openstreetmap.org/edit?editor=id&way=317701784#map=20/59.9218312/10.6876331"}}, {"type": "Feature", "geometry": {"type": "Point", "coordinates": [10.687703, 59.9218768]}, "properties": {"id": 317701785, "feat_type": "way", "quality_categories": "improper_geometries", "issue_ids": "[1]", "osm_url": "https://www.openstreetmap.org/way/317701785", "josm_url": "http://127.0.0.1:8111/load_object?new_layer=false&objects=w317701785", "id_url": "https://www.openstreetmap.org/edit?editor=id&way=317701785#map=20/59.9218768/10.687703"}}, {"type": "Feature", "geometry": {"type": "Point", "coordinates": [10.6888962, 59.9212177]}, "properties": {"id": 317701786, "feat_type": "way", "quality_categories": "improper_geometries", "issue_ids": "[1]", "osm_url": "https://www.openstreetmap.org/way/317701786", "josm_url": "http://127.0.0.1:8111/load_object?new_layer=false&objects=w317701786", "id_url": "https://www.openstreetmap.org/edit?editor=id&way=317701786#map=20/59.9212177/10.6888962"}}, {"type": "Feature", "geometry": {"type": "Point", "coordinates": [10.6864638, 59.9223702]}, "properties": {"id": 317701788, "feat_type": "way", "quality_categories": "improper_geometries", "issue_ids": "[1]", "osm_url": "https://www.openstreetmap.org/way/317701788", "josm_url": "http://127.0.0.1:8111/load_object?new_layer=false&objects=w317701788", "id_url": "https://www.openstreetmap.org/edit?editor=id&way=317701788#map=20/59.9223702/10.6864638"}}, {"type": "Feature", "geometry": {"type": "Point", "coordinates": [10.6922131, 59.9201413]}, "properties": {"id": 317701789, "feat_type": "way", "quality_categories": "improper_geometries", "issue_ids": "[1]", "osm_url": "https://www.openstreetmap.org/way/317701789", "josm_url": "http://127.0.0.1:8111/load_object?new_layer=false&objects=w317701789", "id_url": "https://www.openstreetmap.org/edit?editor=id&way=317701789#map=20/59.9201413/10.6922131"}}, {"type": "Feature", "geometry": {"type": "Point", "coordinates": [10.6860235, 59.9222481]}, "properties": {"id": 317701790, "feat_type": "way", "quality_categories": "improper_geometries", "issue_ids": "[1]", "osm_url": "https://www.openstreetmap.org/way/317701790", "josm_url": "http://127.0.0.1:8111/load_object?new_layer=false&objects=w317701790", "id_url": "https://www.openstreetmap.org/edit?editor=id&way=317701790#map=20/59.9222481/10.6860235"}}, {"type": "Feature", "geometry": {"type": "Point", "coordinates": [10.6921181, 59.9199164]}, "properties": {"id": 317701791, "feat_type": "way", "quality_categories": "improper_geometries", "issue_ids": "[1]", "osm_url": "https://www.openstreetmap.org/way/317701791", "josm_url": "http://127.0.0.1:8111/load_object?new_layer=false&objects=w317701791", "id_url": "https://www.openstreetmap.org/edit?editor=id&way=317701791#map=20/59.9199164/10.6921181"}}, {"type": "Feature", "geometry": {"type": "Point", "coordinates": [10.6921854, 59.9198893]}, "properties": {"id": 317701792, "feat_type": "way", "quality_categories": "improper_geometries", "issue_ids": "[1]", "osm_url": "https://www.openstreetmap.org/way/317701792", "josm_url": "http://127.0.0.1:8111/load_object?new_layer=false&objects=w317701792", "id_url": "https://www.openstreetmap.org/edit?editor=id&way=317701792#map=20/59.9198893/10.6921854"}}, {"type": "Feature", "geometry": {"type": "Point", "coordinates": [10.6921841, 59.9199845]}, "properties": {"id": 317701794, "feat_type": "way", "quality_categories": "improper_geometries", "issue_ids": "[1]", "osm_url": "https://www.openstreetmap.org/way/317701794", "josm_url": "http://127.0.0.1:8111/load_object?new_layer=false&objects=w317701794", "id_url": "https://www.openstreetmap.org/edit?editor=id&way=317701794#map=20/59.9199845/10.6921841"}}, {"type": "Feature", "geometry": {"type": "Point", "coordinates": [10.6922519, 59.9199576]}, "properties": {"id": 317701795, "feat_type": "way", "quality_categories": "improper_geometries", "issue_ids": "[1]", "osm_url": "https://www.openstreetmap.org/way/317701795", "josm_url": "http://127.0.0.1:8111/load_object?new_layer=false&objects=w317701795", "id_url": "https://www.openstreetmap.org/edit?editor=id&way=317701795#map=20/59.9199576/10.6922519"}}, {"type": "Feature", "geometry": {"type": "Point", "coordinates": [10.7176782, 59.9148659]}, "properties": {"id": 317844812, "feat_type": "way", "quality_categories": "improper_geometries", "issue_ids": "[1]", "osm_url": "https://www.openstreetmap.org/way/317844812", "josm_url": "http://127.0.0.1:8111/load_object?new_layer=false&objects=w317844812", "id_url": "https://www.openstreetmap.org/edit?editor=id&way=317844812#map=20/59.9148659/10.7176782"}}, {"type": "Feature", "geometry": {"type": "Point", "coordinates": [10.723094, 59.915016]}, "properties": {"id": 317844815, "feat_type": "way", "quality_categories": "improper_geometries", "issue_ids": "[1]", "osm_url": "https://www.openstreetmap.org/way/317844815", "josm_url": "http://127.0.0.1:8111/load_object?new_layer=false&objects=w317844815", "id_url": "https://www.openstreetmap.org/edit?editor=id&way=317844815#map=20/59.915016/10.723094"}}, {"type": "Feature", "geometry": {"type": "Point", "coordinates": [10.7226036, 59.9154664]}, "properties": {"id": 317844816, "feat_type": "way", "quality_categories": "improper_geometries", "issue_ids": "[1]", "osm_url": "https://www.openstreetmap.org/way/317844816", "josm_url": "http://127.0.0.1:8111/load_object?new_layer=false&objects=w317844816", "id_url": "https://www.openstreetmap.org/edit?editor=id&way=317844816#map=20/59.9154664/10.7226036"}}, {"type": "Feature", "geometry": {"type": "Point", "coordinates": [10.715995, 59.9150475]}, "properties": {"id": 317844818, "feat_type": "way", "quality_categories": "improper_geometries", "issue_ids": "[1]", "osm_url": "https://www.openstreetmap.org/way/317844818", "josm_url": "http://127.0.0.1:8111/load_object?new_layer=false&objects=w317844818", "id_url": "https://www.openstreetmap.org/edit?editor=id&way=317844818#map=20/59.9150475/10.715995"}}, {"type": "Feature", "geometry": {"type": "Point", "coordinates": [10.7172562, 59.9147394]}, "properties": {"id": 317844820, "feat_type": "way", "quality_categories": "improper_geometries", "issue_ids": "[1]", "osm_url": "https://www.openstreetmap.org/way/317844820", "josm_url": "http://127.0.0.1:8111/load_object?new_layer=false&objects=w317844820", "id_url": "https://www.openstreetmap.org/edit?editor=id&way=317844820#map=20/59.9147394/10.7172562"}}, {"type": "Feature", "geometry": {"type": "Point", "coordinates": [10.723045, 59.9153399]}, "properties": {"id": 317844821, "feat_type": "way", "quality_categories": "improper_geometries", "issue_ids": "[1]", "osm_url": "https://www.openstreetmap.org/way/317844821", "josm_url": "http://127.0.0.1:8111/load_object?new_layer=false&objects=w317844821", "id_url": "https://www.openstreetmap.org/edit?editor=id&way=317844821#map=20/59.9153399/10.723045"}}, {"type": "Feature", "geometry": {"type": "Point", "coordinates": [10.7228096, 59.9151105]}, "properties": {"id": 317844822, "feat_type": "way", "quality_categories": "improper_geometries", "issue_ids": "[1]", "osm_url": "https://www.openstreetmap.org/way/317844822", "josm_url": "http://127.0.0.1:8111/load_object?new_layer=false&objects=w317844822", "id_url": "https://www.openstreetmap.org/edit?editor=id&way=317844822#map=20/59.9151105/10.7228096"}}, {"type": "Feature", "geometry": {"type": "Point", "coordinates": [10.7229081, 59.9153707]}, "properties": {"id": 317844823, "feat_type": "way", "quality_categories": "improper_geometries", "issue_ids": "[1]", "osm_url": "https://www.openstreetmap.org/way/317844823", "josm_url": "http://127.0.0.1:8111/load_object?new_layer=false&objects=w317844823", "id_url": "https://www.openstreetmap.org/edit?editor=id&way=317844823#map=20/59.9153707/10.7229081"}}, {"type": "Feature", "geometry": {"type": "Point", "coordinates": [10.7230538, 59.9152663]}, "properties": {"id": 317844824, "feat_type": "way", "quality_categories": "improper_geometries", "issue_ids": "[1]", "osm_url": "https://www.openstreetmap.org/way/317844824", "josm_url": "http://127.0.0.1:8111/load_object?new_layer=false&objects=w317844824", "id_url": "https://www.openstreetmap.org/edit?editor=id&way=317844824#map=20/59.9152663/10.7230538"}}, {"type": "Feature", "geometry": {"type": "Point", "coordinates": [10.7156508, 59.9152611]}, "properties": {"id": 317844827, "feat_type": "way", "quality_categories": "improper_geometries", "issue_ids": "[1]", "osm_url": "https://www.openstreetmap.org/way/317844827", "josm_url": "http://127.0.0.1:8111/load_object?new_layer=false&objects=w317844827", "id_url": "https://www.openstreetmap.org/edit?editor=id&way=317844827#map=20/59.9152611/10.7156508"}}, {"type": "Feature", "geometry": {"type": "Point", "coordinates": [10.7234606, 59.915248]}, "properties": {"id": 317844828, "feat_type": "way", "quality_categories": "improper_geometries", "issue_ids": "[1]", "osm_url": "https://www.openstreetmap.org/way/317844828", "josm_url": "http://127.0.0.1:8111/load_object?new_layer=false&objects=w317844828", "id_url": "https://www.openstreetmap.org/edit?editor=id&way=317844828#map=20/59.915248/10.7234606"}}, {"type": "Feature", "geometry": {"type": "Point", "coordinates": [10.7176715, 59.9145125]}, "properties": {"id": 317844829, "feat_type": "way", "quality_categories": "improper_geometries", "issue_ids": "[1]", "osm_url": "https://www.openstreetmap.org/way/317844829", "josm_url": "http://127.0.0.1:8111/load_object?new_layer=false&objects=w317844829", "id_url": "https://www.openstreetmap.org/edit?editor=id&way=317844829#map=20/59.9145125/10.7176715"}}, {"type": "Feature", "geometry": {"type": "Point", "coordinates": [10.7211094, 59.915156]}, "properties": {"id": 317844830, "feat_type": "way", "quality_categories": "improper_geometries", "issue_ids": "[1]", "osm_url": "https://www.openstreetmap.org/way/317844830", "josm_url": "http://127.0.0.1:8111/load_object?new_layer=false&objects=w317844830", "id_url": "https://www.openstreetmap.org/edit?editor=id&way=317844830#map=20/59.915156/10.7211094"}}, {"type": "Feature", "geometry": {"type": "Point", "coordinates": [10.7222838, 59.9153317]}, "properties": {"id": 317844831, "feat_type": "way", "quality_categories": "improper_geometries", "issue_ids": "[1]", "osm_url": "https://www.openstreetmap.org/way/317844831", "josm_url": "http://127.0.0.1:8111/load_object?new_layer=false&objects=w317844831", "id_url": "https://www.openstreetmap.org/edit?editor=id&way=317844831#map=20/59.9153317/10.7222838"}}, {"type": "Feature", "geometry": {"type": "Point", "coordinates": [10.7219495, 59.9146345]}, "properties": {"id": 317844833, "feat_type": "way", "quality_categories": "improper_geometries", "issue_ids": "[1]", "osm_url": "https://www.openstreetmap.org/way/317844833", "josm_url": "http://127.0.0.1:8111/load_object?new_layer=false&objects=w317844833", "id_url": "https://www.openstreetmap.org/edit?editor=id&way=317844833#map=20/59.9146345/10.7219495"}}, {"type": "Feature", "geometry": {"type": "Point", "coordinates": [10.7226253, 59.9152185]}, "properties": {"id": 317844834, "feat_type": "way", "quality_categories": "improper_geometries", "issue_ids": "[1]", "osm_url": "https://www.openstreetmap.org/way/317844834", "josm_url": "http://127.0.0.1:8111/load_object?new_layer=false&objects=w317844834", "id_url": "https://www.openstreetmap.org/edit?editor=id&way=317844834#map=20/59.9152185/10.7226253"}}, {"type": "Feature", "geometry": {"type": "Point", "coordinates": [10.7171116, 59.9147756]}, "properties": {"id": 317844836, "feat_type": "way", "quality_categories": "improper_geometries", "issue_ids": "[1]", "osm_url": "https://www.openstreetmap.org/way/317844836", "josm_url": "http://127.0.0.1:8111/load_object?new_layer=false&objects=w317844836", "id_url": "https://www.openstreetmap.org/edit?editor=id&way=317844836#map=20/59.9147756/10.7171116"}}, {"type": "Feature", "geometry": {"type": "Point", "coordinates": [10.7170993, 59.9147647]}, "properties": {"id": 317844837, "feat_type": "way", "quality_categories": "improper_geometries", "issue_ids": "[1]", "osm_url": "https://www.openstreetmap.org/way/317844837", "josm_url": "http://127.0.0.1:8111/load_object?new_layer=false&objects=w317844837", "id_url": "https://www.openstreetmap.org/edit?editor=id&way=317844837#map=20/59.9147647/10.7170993"}}, {"type": "Feature", "geometry": {"type": "Point", "coordinates": [10.7177415, 59.9145961]}, "properties": {"id": 317844838, "feat_type": "way", "quality_categories": "improper_geometries", "issue_ids": "[1]", "osm_url": "https://www.openstreetmap.org/way/317844838", "josm_url": "http://127.0.0.1:8111/load_object?new_layer=false&objects=w317844838", "id_url": "https://www.openstreetmap.org/edit?editor=id&way=317844838#map=20/59.9145961/10.7177415"}}, {"type": "Feature", "geometry": {"type": "Point", "coordinates": [10.7184788, 59.9146896]}, "properties": {"id": 317844840, "feat_type": "way", "quality_categories": "improper_geometries", "issue_ids": "[1]", "osm_url": "https://www.openstreetmap.org/way/317844840", "josm_url": "http://127.0.0.1:8111/load_object?new_layer=false&objects=w317844840", "id_url": "https://www.openstreetmap.org/edit?editor=id&way=317844840#map=20/59.9146896/10.7184788"}}, {"type": "Feature", "geometry": {"type": "Point", "coordinates": [10.719516, 59.9150156]}, "properties": {"id": 317844842, "feat_type": "way", "quality_categories": "improper_geometries", "issue_ids": "[1]", "osm_url": "https://www.openstreetmap.org/way/317844842", "josm_url": "http://127.0.0.1:8111/load_object?new_layer=false&objects=w317844842", "id_url": "https://www.openstreetmap.org/edit?editor=id&way=317844842#map=20/59.9150156/10.719516"}}, {"type": "Feature", "geometry": {"type": "Point", "coordinates": [10.7195088, 59.9148402]}, "properties": {"id": 317844843, "feat_type": "way", "quality_categories": "improper_geometries", "issue_ids": "[1]", "osm_url": "https://www.openstreetmap.org/way/317844843", "josm_url": "http://127.0.0.1:8111/load_object?new_layer=false&objects=w317844843", "id_url": "https://www.openstreetmap.org/edit?editor=id&way=317844843#map=20/59.9148402/10.7195088"}}, {"type": "Feature", "geometry": {"type": "Point", "coordinates": [10.7175385, 59.9151292]}, "properties": {"id": 317844845, "feat_type": "way", "quality_categories": "improper_geometries", "issue_ids": "[1]", "osm_url": "https://www.openstreetmap.org/way/317844845", "josm_url": "http://127.0.0.1:8111/load_object?new_layer=false&objects=w317844845", "id_url": "https://www.openstreetmap.org/edit?editor=id&way=317844845#map=20/59.9151292/10.7175385"}}, {"type": "Feature", "geometry": {"type": "Point", "coordinates": [10.7170655, 59.9147897]}, "properties": {"id": 317844847, "feat_type": "way", "quality_categories": "improper_geometries", "issue_ids": "[1]", "osm_url": "https://www.openstreetmap.org/way/317844847", "josm_url": "http://127.0.0.1:8111/load_object?new_layer=false&objects=w317844847", "id_url": "https://www.openstreetmap.org/edit?editor=id&way=317844847#map=20/59.9147897/10.7170655"}}, {"type": "Feature", "geometry": {"type": "Point", "coordinates": [10.699899, 59.9192942]}, "properties": {"id": 317943546, "feat_type": "way", "quality_categories": "improper_geometries", "issue_ids": "[1]", "osm_url": "https://www.openstreetmap.org/way/317943546", "josm_url": "http://127.0.0.1:8111/load_object?new_layer=false&objects=w317943546", "id_url": "https://www.openstreetmap.org/edit?editor=id&way=317943546#map=20/59.9192942/10.699899"}}, {"type": "Feature", "geometry": {"type": "Point", "coordinates": [10.6997545, 59.9191998]}, "properties": {"id": 317943547, "feat_type": "way", "quality_categories": "improper_geometries", "issue_ids": "[1]", "osm_url": "https://www.openstreetmap.org/way/317943547", "josm_url": "http://127.0.0.1:8111/load_object?new_layer=false&objects=w317943547", "id_url": "https://www.openstreetmap.org/edit?editor=id&way=317943547#map=20/59.9191998/10.6997545"}}, {"type": "Feature", "geometry": {"type": "Point", "coordinates": [10.7267578, 59.9133444]}, "properties": {"id": 318612081, "feat_type": "way", "quality_categories": "improper_geometries", "issue_ids": "[1]", "osm_url": "https://www.openstreetmap.org/way/318612081", "josm_url": "http://127.0.0.1:8111/load_object?new_layer=false&objects=w318612081", "id_url": "https://www.openstreetmap.org/edit?editor=id&way=318612081#map=20/59.9133444/10.7267578"}}, {"type": "Feature", "geometry": {"type": "Point", "coordinates": [10.7233161, 59.9140934]}, "properties": {"id": 318612084, "feat_type": "way", "quality_categories": "improper_geometries", "issue_ids": "[1]", "osm_url": "https://www.openstreetmap.org/way/318612084", "josm_url": "http://127.0.0.1:8111/load_object?new_layer=false&objects=w318612084", "id_url": "https://www.openstreetmap.org/edit?editor=id&way=318612084#map=20/59.9140934/10.7233161"}}, {"type": "Feature", "geometry": {"type": "Point", "coordinates": [10.728591, 59.9126787]}, "properties": {"id": 318612085, "feat_type": "way", "quality_categories": "improper_geometries", "issue_ids": "[1]", "osm_url": "https://www.openstreetmap.org/way/318612085", "josm_url": "http://127.0.0.1:8111/load_object?new_layer=false&objects=w318612085", "id_url": "https://www.openstreetmap.org/edit?editor=id&way=318612085#map=20/59.9126787/10.728591"}}, {"type": "Feature", "geometry": {"type": "Point", "coordinates": [10.724729, 59.914177]}, "properties": {"id": 318612086, "feat_type": "way", "quality_categories": "improper_geometries", "issue_ids": "[1]", "osm_url": "https://www.openstreetmap.org/way/318612086", "josm_url": "http://127.0.0.1:8111/load_object?new_layer=false&objects=w318612086", "id_url": "https://www.openstreetmap.org/edit?editor=id&way=318612086#map=20/59.914177/10.724729"}}, {"type": "Feature", "geometry": {"type": "Point", "coordinates": [10.7267489, 59.9129573]}, "properties": {"id": 318612088, "feat_type": "way", "quality_categories": "improper_geometries", "issue_ids": "[1]", "osm_url": "https://www.openstreetmap.org/way/318612088", "josm_url": "http://127.0.0.1:8111/load_object?new_layer=false&objects=w318612088", "id_url": "https://www.openstreetmap.org/edit?editor=id&way=318612088#map=20/59.9129573/10.7267489"}}, {"type": "Feature", "geometry": {"type": "Point", "coordinates": [10.7275018, 59.9133318]}, "properties": {"id": 318612090, "feat_type": "way", "quality_categories": "improper_geometries", "issue_ids": "[1]", "osm_url": "https://www.openstreetmap.org/way/318612090", "josm_url": "http://127.0.0.1:8111/load_object?new_layer=false&objects=w318612090", "id_url": "https://www.openstreetmap.org/edit?editor=id&way=318612090#map=20/59.9133318/10.7275018"}}, {"type": "Feature", "geometry": {"type": "Point", "coordinates": [10.7278625, 59.912931]}, "properties": {"id": 318612091, "feat_type": "way", "quality_categories": "improper_geometries", "issue_ids": "[1]", "osm_url": "https://www.openstreetmap.org/way/318612091", "josm_url": "http://127.0.0.1:8111/load_object?new_layer=false&objects=w318612091", "id_url": "https://www.openstreetmap.org/edit?editor=id&way=318612091#map=20/59.912931/10.7278625"}}, {"type": "Feature", "geometry": {"type": "Point", "coordinates": [10.7262724, 59.9142769]}, "properties": {"id": 318612092, "feat_type": "way", "quality_categories": "improper_geometries", "issue_ids": "[1]", "osm_url": "https://www.openstreetmap.org/way/318612092", "josm_url": "http://127.0.0.1:8111/load_object?new_layer=false&objects=w318612092", "id_url": "https://www.openstreetmap.org/edit?editor=id&way=318612092#map=20/59.9142769/10.7262724"}}, {"type": "Feature", "geometry": {"type": "Point", "coordinates": [10.7254332, 59.9137414]}, "properties": {"id": 318612093, "feat_type": "way", "quality_categories": "improper_geometries", "issue_ids": "[1]", "osm_url": "https://www.openstreetmap.org/way/318612093", "josm_url": "http://127.0.0.1:8111/load_object?new_layer=false&objects=w318612093", "id_url": "https://www.openstreetmap.org/edit?editor=id&way=318612093#map=20/59.9137414/10.7254332"}}, {"type": "Feature", "geometry": {"type": "Point", "coordinates": [10.7263501, 59.9135572]}, "properties": {"id": 318612094, "feat_type": "way", "quality_categories": "improper_geometries", "issue_ids": "[1]", "osm_url": "https://www.openstreetmap.org/way/318612094", "josm_url": "http://127.0.0.1:8111/load_object?new_layer=false&objects=w318612094", "id_url": "https://www.openstreetmap.org/edit?editor=id&way=318612094#map=20/59.9135572/10.7263501"}}, {"type": "Feature", "geometry": {"type": "Point", "coordinates": [10.7237706, 59.9146034]}, "properties": {"id": 318612096, "feat_type": "way", "quality_categories": "improper_geometries", "issue_ids": "[1]", "osm_url": "https://www.openstreetmap.org/way/318612096", "josm_url": "http://127.0.0.1:8111/load_object?new_layer=false&objects=w318612096", "id_url": "https://www.openstreetmap.org/edit?editor=id&way=318612096#map=20/59.9146034/10.7237706"}}, {"type": "Feature", "geometry": {"type": "Point", "coordinates": [10.7237935, 59.9146146]}, "properties": {"id": 318612097, "feat_type": "way", "quality_categories": "improper_geometries", "issue_ids": "[1]", "osm_url": "https://www.openstreetmap.org/way/318612097", "josm_url": "http://127.0.0.1:8111/load_object?new_layer=false&objects=w318612097", "id_url": "https://www.openstreetmap.org/edit?editor=id&way=318612097#map=20/59.9146146/10.7237935"}}, {"type": "Feature", "geometry": {"type": "Point", "coordinates": [10.7238047, 59.9145893]}, "properties": {"id": 318612099, "feat_type": "way", "quality_categories": "improper_geometries", "issue_ids": "[1]", "osm_url": "https://www.openstreetmap.org/way/318612099", "josm_url": "http://127.0.0.1:8111/load_object?new_layer=false&objects=w318612099", "id_url": "https://www.openstreetmap.org/edit?editor=id&way=318612099#map=20/59.9145893/10.7238047"}}, {"type": "Feature", "geometry": {"type": "Point", "coordinates": [10.7269829, 59.9132268]}, "properties": {"id": 318612102, "feat_type": "way", "quality_categories": "improper_geometries", "issue_ids": "[1]", "osm_url": "https://www.openstreetmap.org/way/318612102", "josm_url": "http://127.0.0.1:8111/load_object?new_layer=false&objects=w318612102", "id_url": "https://www.openstreetmap.org/edit?editor=id&way=318612102#map=20/59.9132268/10.7269829"}}, {"type": "Feature", "geometry": {"type": "Point", "coordinates": [10.7237575, 59.9146272]}, "properties": {"id": 318612104, "feat_type": "way", "quality_categories": "improper_geometries", "issue_ids": "[1]", "osm_url": "https://www.openstreetmap.org/way/318612104", "josm_url": "http://127.0.0.1:8111/load_object?new_layer=false&objects=w318612104", "id_url": "https://www.openstreetmap.org/edit?editor=id&way=318612104#map=20/59.9146272/10.7237575"}}, {"type": "Feature", "geometry": {"type": "Point", "coordinates": [10.643018825819937, 59.9470266]}, "properties": {"id": 320052083, "feat_type": "way", "quality_categories": "improper_geometries", "issue_ids": "[1]", "osm_url": "https://www.openstreetmap.org/way/320052083", "josm_url": "http://127.0.0.1:8111/load_object?new_layer=false&objects=w320052083", "id_url": "https://www.openstreetmap.org/edit?editor=id&way=320052083#map=20/59.9470266/10.643018825819937"}}, {"type": "Feature", "geometry": {"type": "Point", "coordinates": [10.642623262476992, 59.946801050000005]}, "properties": {"id": 320052085, "feat_type": "way", "quality_categories": "improper_geometries", "issue_ids": "[1]", "osm_url": "https://www.openstreetmap.org/way/320052085", "josm_url": "http://127.0.0.1:8111/load_object?new_layer=false&objects=w320052085", "id_url": "https://www.openstreetmap.org/edit?editor=id&way=320052085#map=20/59.946801050000005/10.642623262476992"}}, {"type": "Feature", "geometry": {"type": "Point", "coordinates": [10.7156414, 59.9163204]}, "properties": {"id": 320796798, "feat_type": "way", "quality_categories": "improper_geometries", "issue_ids": "[1]", "osm_url": "https://www.openstreetmap.org/way/320796798", "josm_url": "http://127.0.0.1:8111/load_object?new_layer=false&objects=w320796798", "id_url": "https://www.openstreetmap.org/edit?editor=id&way=320796798#map=20/59.9163204/10.7156414"}}, {"type": "Feature", "geometry": {"type": "Point", "coordinates": [10.7298256, 59.9152545]}, "properties": {"id": 333449754, "feat_type": "way", "quality_categories": "improper_geometries", "issue_ids": "[1]", "osm_url": "https://www.openstreetmap.org/way/333449754", "josm_url": "http://127.0.0.1:8111/load_object?new_layer=false&objects=w333449754", "id_url": "https://www.openstreetmap.org/edit?editor=id&way=333449754#map=20/59.9152545/10.7298256"}}, {"type": "Feature", "geometry": {"type": "Point", "coordinates": [10.7300134, 59.9151735]}, "properties": {"id": 333449755, "feat_type": "way", "quality_categories": "improper_geometries", "issue_ids": "[1]", "osm_url": "https://www.openstreetmap.org/way/333449755", "josm_url": "http://127.0.0.1:8111/load_object?new_layer=false&objects=w333449755", "id_url": "https://www.openstreetmap.org/edit?editor=id&way=333449755#map=20/59.9151735/10.7300134"}}, {"type": "Feature", "geometry": {"type": "Point", "coordinates": [10.7300207, 59.9152489]}, "properties": {"id": 333449757, "feat_type": "way", "quality_categories": "improper_geometries", "issue_ids": "[1]", "osm_url": "https://www.openstreetmap.org/way/333449757", "josm_url": "http://127.0.0.1:8111/load_object?new_layer=false&objects=w333449757", "id_url": "https://www.openstreetmap.org/edit?editor=id&way=333449757#map=20/59.9152489/10.7300207"}}, {"type": "Feature", "geometry": {"type": "Point", "coordinates": [10.7246242, 59.9152702]}, "properties": {"id": 333449758, "feat_type": "way", "quality_categories": "improper_geometries", "issue_ids": "[1]", "osm_url": "https://www.openstreetmap.org/way/333449758", "josm_url": "http://127.0.0.1:8111/load_object?new_layer=false&objects=w333449758", "id_url": "https://www.openstreetmap.org/edit?editor=id&way=333449758#map=20/59.9152702/10.7246242"}}, {"type": "Feature", "geometry": {"type": "Point", "coordinates": [10.7298207, 59.9151792]}, "properties": {"id": 333449760, "feat_type": "way", "quality_categories": "improper_geometries", "issue_ids": "[1]", "osm_url": "https://www.openstreetmap.org/way/333449760", "josm_url": "http://127.0.0.1:8111/load_object?new_layer=false&objects=w333449760", "id_url": "https://www.openstreetmap.org/edit?editor=id&way=333449760#map=20/59.9151792/10.7298207"}}, {"type": "Feature", "geometry": {"type": "Point", "coordinates": [10.7249697, 59.9152598]}, "properties": {"id": 333449761, "feat_type": "way", "quality_categories": "improper_geometries", "issue_ids": "[1]", "osm_url": "https://www.openstreetmap.org/way/333449761", "josm_url": "http://127.0.0.1:8111/load_object?new_layer=false&objects=w333449761", "id_url": "https://www.openstreetmap.org/edit?editor=id&way=333449761#map=20/59.9152598/10.7249697"}}, {"type": "Feature", "geometry": {"type": "Point", "coordinates": [10.7266124, 59.9152119]}, "properties": {"id": 333449762, "feat_type": "way", "quality_categories": "improper_geometries", "issue_ids": "[1]", "osm_url": "https://www.openstreetmap.org/way/333449762", "josm_url": "http://127.0.0.1:8111/load_object?new_layer=false&objects=w333449762", "id_url": "https://www.openstreetmap.org/edit?editor=id&way=333449762#map=20/59.9152119/10.7266124"}}, {"type": "Feature", "geometry": {"type": "Point", "coordinates": [10.727781, 59.9151793]}, "properties": {"id": 333449763, "feat_type": "way", "quality_categories": "improper_geometries", "issue_ids": "[1]", "osm_url": "https://www.openstreetmap.org/way/333449763", "josm_url": "http://127.0.0.1:8111/load_object?new_layer=false&objects=w333449763", "id_url": "https://www.openstreetmap.org/edit?editor=id&way=333449763#map=20/59.9151793/10.727781"}}, {"type": "Feature", "geometry": {"type": "Point", "coordinates": [10.724666, 59.9152449]}, "properties": {"id": 333449765, "feat_type": "way", "quality_categories": "improper_geometries", "issue_ids": "[1]", "osm_url": "https://www.openstreetmap.org/way/333449765", "josm_url": "http://127.0.0.1:8111/load_object?new_layer=false&objects=w333449765", "id_url": "https://www.openstreetmap.org/edit?editor=id&way=333449765#map=20/59.9152449/10.724666"}}, {"type": "Feature", "geometry": {"type": "Point", "coordinates": [10.7286223, 59.9152161]}, "properties": {"id": 333449767, "feat_type": "way", "quality_categories": "improper_geometries", "issue_ids": "[1]", "osm_url": "https://www.openstreetmap.org/way/333449767", "josm_url": "http://127.0.0.1:8111/load_object?new_layer=false&objects=w333449767", "id_url": "https://www.openstreetmap.org/edit?editor=id&way=333449767#map=20/59.9152161/10.7286223"}}, {"type": "Feature", "geometry": {"type": "Point", "coordinates": [10.7286024, 59.9152776]}, "properties": {"id": 333449768, "feat_type": "way", "quality_categories": "improper_geometries", "issue_ids": "[1]", "osm_url": "https://www.openstreetmap.org/way/333449768", "josm_url": "http://127.0.0.1:8111/load_object?new_layer=false&objects=w333449768", "id_url": "https://www.openstreetmap.org/edit?editor=id&way=333449768#map=20/59.9152776/10.7286024"}}, {"type": "Feature", "geometry": {"type": "Point", "coordinates": [10.7299225, 59.9151576]}, "properties": {"id": 333449770, "feat_type": "way", "quality_categories": "improper_geometries", "issue_ids": "[1]", "osm_url": "https://www.openstreetmap.org/way/333449770", "josm_url": "http://127.0.0.1:8111/load_object?new_layer=false&objects=w333449770", "id_url": "https://www.openstreetmap.org/edit?editor=id&way=333449770#map=20/59.9151576/10.7299225"}}, {"type": "Feature", "geometry": {"type": "Point", "coordinates": [10.7299241, 59.9151761]}, "properties": {"id": 333449772, "feat_type": "way", "quality_categories": "improper_geometries", "issue_ids": "[1]", "osm_url": "https://www.openstreetmap.org/way/333449772", "josm_url": "http://127.0.0.1:8111/load_object?new_layer=false&objects=w333449772", "id_url": "https://www.openstreetmap.org/edit?editor=id&way=333449772#map=20/59.9151761/10.7299241"}}, {"type": "Feature", "geometry": {"type": "Point", "coordinates": [10.7299292, 59.9152329]}, "properties": {"id": 333449773, "feat_type": "way", "quality_categories": "improper_geometries", "issue_ids": "[1]", "osm_url": "https://www.openstreetmap.org/way/333449773", "josm_url": "http://127.0.0.1:8111/load_object?new_layer=false&objects=w333449773", "id_url": "https://www.openstreetmap.org/edit?editor=id&way=333449773#map=20/59.9152329/10.7299292"}}, {"type": "Feature", "geometry": {"type": "Point", "coordinates": [10.7299308, 59.9152513]}, "properties": {"id": 333449775, "feat_type": "way", "quality_categories": "improper_geometries", "issue_ids": "[1]", "osm_url": "https://www.openstreetmap.org/way/333449775", "josm_url": "http://127.0.0.1:8111/load_object?new_layer=false&objects=w333449775", "id_url": "https://www.openstreetmap.org/edit?editor=id&way=333449775#map=20/59.9152513/10.7299308"}}, {"type": "Feature", "geometry": {"type": "Point", "coordinates": [10.7303411, 59.9216742]}, "properties": {"id": 333858610, "feat_type": "way", "quality_categories": "improper_geometries", "issue_ids": "[1]", "osm_url": "https://www.openstreetmap.org/way/333858610", "josm_url": "http://127.0.0.1:8111/load_object?new_layer=false&objects=w333858610", "id_url": "https://www.openstreetmap.org/edit?editor=id&way=333858610#map=20/59.9216742/10.7303411"}}, {"type": "Feature", "geometry": {"type": "Point", "coordinates": [10.7304229, 59.920995]}, "properties": {"id": 333858611, "feat_type": "way", "quality_categories": "improper_geometries", "issue_ids": "[1]", "osm_url": "https://www.openstreetmap.org/way/333858611", "josm_url": "http://127.0.0.1:8111/load_object?new_layer=false&objects=w333858611", "id_url": "https://www.openstreetmap.org/edit?editor=id&way=333858611#map=20/59.920995/10.7304229"}}, {"type": "Feature", "geometry": {"type": "Point", "coordinates": [10.7341361, 59.9205247]}, "properties": {"id": 333858612, "feat_type": "way", "quality_categories": "improper_geometries", "issue_ids": "[1]", "osm_url": "https://www.openstreetmap.org/way/333858612", "josm_url": "http://127.0.0.1:8111/load_object?new_layer=false&objects=w333858612", "id_url": "https://www.openstreetmap.org/edit?editor=id&way=333858612#map=20/59.9205247/10.7341361"}}, {"type": "Feature", "geometry": {"type": "Point", "coordinates": [10.7373946, 59.9186645]}, "properties": {"id": 333858613, "feat_type": "way", "quality_categories": "improper_geometries", "issue_ids": "[1]", "osm_url": "https://www.openstreetmap.org/way/333858613", "josm_url": "http://127.0.0.1:8111/load_object?new_layer=false&objects=w333858613", "id_url": "https://www.openstreetmap.org/edit?editor=id&way=333858613#map=20/59.9186645/10.7373946"}}, {"type": "Feature", "geometry": {"type": "Point", "coordinates": [10.7351995, 59.9199207]}, "properties": {"id": 333858614, "feat_type": "way", "quality_categories": "improper_geometries", "issue_ids": "[1]", "osm_url": "https://www.openstreetmap.org/way/333858614", "josm_url": "http://127.0.0.1:8111/load_object?new_layer=false&objects=w333858614", "id_url": "https://www.openstreetmap.org/edit?editor=id&way=333858614#map=20/59.9199207/10.7351995"}}, {"type": "Feature", "geometry": {"type": "Point", "coordinates": [10.7327469, 59.9209877]}, "properties": {"id": 333858615, "feat_type": "way", "quality_categories": "improper_geometries", "issue_ids": "[1]", "osm_url": "https://www.openstreetmap.org/way/333858615", "josm_url": "http://127.0.0.1:8111/load_object?new_layer=false&objects=w333858615", "id_url": "https://www.openstreetmap.org/edit?editor=id&way=333858615#map=20/59.9209877/10.7327469"}}, {"type": "Feature", "geometry": {"type": "Point", "coordinates": [10.7274981, 59.9211585]}, "properties": {"id": 333858616, "feat_type": "way", "quality_categories": "improper_geometries", "issue_ids": "[1]", "osm_url": "https://www.openstreetmap.org/way/333858616", "josm_url": "http://127.0.0.1:8111/load_object?new_layer=false&objects=w333858616", "id_url": "https://www.openstreetmap.org/edit?editor=id&way=333858616#map=20/59.9211585/10.7274981"}}, {"type": "Feature", "geometry": {"type": "Point", "coordinates": [10.7356479, 59.919822]}, "properties": {"id": 333858617, "feat_type": "way", "quality_categories": "improper_geometries", "issue_ids": "[1]", "osm_url": "https://www.openstreetmap.org/way/333858617", "josm_url": "http://127.0.0.1:8111/load_object?new_layer=false&objects=w333858617", "id_url": "https://www.openstreetmap.org/edit?editor=id&way=333858617#map=20/59.919822/10.7356479"}}, {"type": "Feature", "geometry": {"type": "Point", "coordinates": [10.7350777, 59.9202515]}, "properties": {"id": 333858618, "feat_type": "way", "quality_categories": "improper_geometries", "issue_ids": "[1]", "osm_url": "https://www.openstreetmap.org/way/333858618", "josm_url": "http://127.0.0.1:8111/load_object?new_layer=false&objects=w333858618", "id_url": "https://www.openstreetmap.org/edit?editor=id&way=333858618#map=20/59.9202515/10.7350777"}}, {"type": "Feature", "geometry": {"type": "Point", "coordinates": [10.7332538, 59.9208113]}, "properties": {"id": 333858619, "feat_type": "way", "quality_categories": "improper_geometries", "issue_ids": "[1]", "osm_url": "https://www.openstreetmap.org/way/333858619", "josm_url": "http://127.0.0.1:8111/load_object?new_layer=false&objects=w333858619", "id_url": "https://www.openstreetmap.org/edit?editor=id&way=333858619#map=20/59.9208113/10.7332538"}}, {"type": "Feature", "geometry": {"type": "Point", "coordinates": [10.7324017, 59.9216735]}, "properties": {"id": 333858620, "feat_type": "way", "quality_categories": "improper_geometries", "issue_ids": "[1]", "osm_url": "https://www.openstreetmap.org/way/333858620", "josm_url": "http://127.0.0.1:8111/load_object?new_layer=false&objects=w333858620", "id_url": "https://www.openstreetmap.org/edit?editor=id&way=333858620#map=20/59.9216735/10.7324017"}}, {"type": "Feature", "geometry": {"type": "Point", "coordinates": [10.7322006, 59.9215658]}, "properties": {"id": 333858624, "feat_type": "way", "quality_categories": "improper_geometries", "issue_ids": "[1]", "osm_url": "https://www.openstreetmap.org/way/333858624", "josm_url": "http://127.0.0.1:8111/load_object?new_layer=false&objects=w333858624", "id_url": "https://www.openstreetmap.org/edit?editor=id&way=333858624#map=20/59.9215658/10.7322006"}}, {"type": "Feature", "geometry": {"type": "Point", "coordinates": [10.7341263, 59.9196211]}, "properties": {"id": 333858627, "feat_type": "way", "quality_categories": "improper_geometries", "issue_ids": "[1]", "osm_url": "https://www.openstreetmap.org/way/333858627", "josm_url": "http://127.0.0.1:8111/load_object?new_layer=false&objects=w333858627", "id_url": "https://www.openstreetmap.org/edit?editor=id&way=333858627#map=20/59.9196211/10.7341263"}}, {"type": "Feature", "geometry": {"type": "Point", "coordinates": [10.7341182, 59.9195064]}, "properties": {"id": 333858630, "feat_type": "way", "quality_categories": "improper_geometries", "issue_ids": "[1]", "osm_url": "https://www.openstreetmap.org/way/333858630", "josm_url": "http://127.0.0.1:8111/load_object?new_layer=false&objects=w333858630", "id_url": "https://www.openstreetmap.org/edit?editor=id&way=333858630#map=20/59.9195064/10.7341182"}}, {"type": "Feature", "geometry": {"type": "Point", "coordinates": [10.7326832, 59.9178221]}, "properties": {"id": 333858633, "feat_type": "way", "quality_categories": "improper_geometries", "issue_ids": "[1]", "osm_url": "https://www.openstreetmap.org/way/333858633", "josm_url": "http://127.0.0.1:8111/load_object?new_layer=false&objects=w333858633", "id_url": "https://www.openstreetmap.org/edit?editor=id&way=333858633#map=20/59.9178221/10.7326832"}}, {"type": "Feature", "geometry": {"type": "Point", "coordinates": [10.7280759, 59.9203398]}, "properties": {"id": 333882431, "feat_type": "way", "quality_categories": "improper_geometries", "issue_ids": "[1]", "osm_url": "https://www.openstreetmap.org/way/333882431", "josm_url": "http://127.0.0.1:8111/load_object?new_layer=false&objects=w333882431", "id_url": "https://www.openstreetmap.org/edit?editor=id&way=333882431#map=20/59.9203398/10.7280759"}}, {"type": "Feature", "geometry": {"type": "Point", "coordinates": [10.7283937, 59.9205847]}, "properties": {"id": 333882432, "feat_type": "way", "quality_categories": "improper_geometries", "issue_ids": "[1]", "osm_url": "https://www.openstreetmap.org/way/333882432", "josm_url": "http://127.0.0.1:8111/load_object?new_layer=false&objects=w333882432", "id_url": "https://www.openstreetmap.org/edit?editor=id&way=333882432#map=20/59.9205847/10.7283937"}}, {"type": "Feature", "geometry": {"type": "Point", "coordinates": [10.7283095, 59.9207203]}, "properties": {"id": 333882433, "feat_type": "way", "quality_categories": "improper_geometries", "issue_ids": "[1]", "osm_url": "https://www.openstreetmap.org/way/333882433", "josm_url": "http://127.0.0.1:8111/load_object?new_layer=false&objects=w333882433", "id_url": "https://www.openstreetmap.org/edit?editor=id&way=333882433#map=20/59.9207203/10.7283095"}}, {"type": "Feature", "geometry": {"type": "Point", "coordinates": [10.7312719, 59.9188242]}, "properties": {"id": 333882434, "feat_type": "way", "quality_categories": "improper_geometries", "issue_ids": "[1]", "osm_url": "https://www.openstreetmap.org/way/333882434", "josm_url": "http://127.0.0.1:8111/load_object?new_layer=false&objects=w333882434", "id_url": "https://www.openstreetmap.org/edit?editor=id&way=333882434#map=20/59.9188242/10.7312719"}}, {"type": "Feature", "geometry": {"type": "Point", "coordinates": [10.72681, 59.9221258]}, "properties": {"id": 333882435, "feat_type": "way", "quality_categories": "improper_geometries", "issue_ids": "[1]", "osm_url": "https://www.openstreetmap.org/way/333882435", "josm_url": "http://127.0.0.1:8111/load_object?new_layer=false&objects=w333882435", "id_url": "https://www.openstreetmap.org/edit?editor=id&way=333882435#map=20/59.9221258/10.72681"}}, {"type": "Feature", "geometry": {"type": "Point", "coordinates": [10.7275677, 59.9211533]}, "properties": {"id": 333882436, "feat_type": "way", "quality_categories": "improper_geometries", "issue_ids": "[1]", "osm_url": "https://www.openstreetmap.org/way/333882436", "josm_url": "http://127.0.0.1:8111/load_object?new_layer=false&objects=w333882436", "id_url": "https://www.openstreetmap.org/edit?editor=id&way=333882436#map=20/59.9211533/10.7275677"}}, {"type": "Feature", "geometry": {"type": "Point", "coordinates": [10.7283857, 59.9207067]}, "properties": {"id": 333882437, "feat_type": "way", "quality_categories": "improper_geometries", "issue_ids": "[1]", "osm_url": "https://www.openstreetmap.org/way/333882437", "josm_url": "http://127.0.0.1:8111/load_object?new_layer=false&objects=w333882437", "id_url": "https://www.openstreetmap.org/edit?editor=id&way=333882437#map=20/59.9207067/10.7283857"}}, {"type": "Feature", "geometry": {"type": "Point", "coordinates": [10.7281958, 59.9201447]}, "properties": {"id": 333882438, "feat_type": "way", "quality_categories": "improper_geometries", "issue_ids": "[1]", "osm_url": "https://www.openstreetmap.org/way/333882438", "josm_url": "http://127.0.0.1:8111/load_object?new_layer=false&objects=w333882438", "id_url": "https://www.openstreetmap.org/edit?editor=id&way=333882438#map=20/59.9201447/10.7281958"}}, {"type": "Feature", "geometry": {"type": "Point", "coordinates": [10.7277452, 59.9201651]}, "properties": {"id": 333882440, "feat_type": "way", "quality_categories": "improper_geometries", "issue_ids": "[1]", "osm_url": "https://www.openstreetmap.org/way/333882440", "josm_url": "http://127.0.0.1:8111/load_object?new_layer=false&objects=w333882440", "id_url": "https://www.openstreetmap.org/edit?editor=id&way=333882440#map=20/59.9201651/10.7277452"}}, {"type": "Feature", "geometry": {"type": "Point", "coordinates": [10.727973, 59.9202787]}, "properties": {"id": 333882443, "feat_type": "way", "quality_categories": "improper_geometries", "issue_ids": "[1]", "osm_url": "https://www.openstreetmap.org/way/333882443", "josm_url": "http://127.0.0.1:8111/load_object?new_layer=false&objects=w333882443", "id_url": "https://www.openstreetmap.org/edit?editor=id&way=333882443#map=20/59.9202787/10.727973"}}, {"type": "Feature", "geometry": {"type": "Point", "coordinates": [10.7283281, 59.9207071]}, "properties": {"id": 333882445, "feat_type": "way", "quality_categories": "improper_geometries", "issue_ids": "[1]", "osm_url": "https://www.openstreetmap.org/way/333882445", "josm_url": "http://127.0.0.1:8111/load_object?new_layer=false&objects=w333882445", "id_url": "https://www.openstreetmap.org/edit?editor=id&way=333882445#map=20/59.9207071/10.7283281"}}, {"type": "Feature", "geometry": {"type": "Point", "coordinates": [10.728133, 59.9203777]}, "properties": {"id": 333882447, "feat_type": "way", "quality_categories": "improper_geometries", "issue_ids": "[1]", "osm_url": "https://www.openstreetmap.org/way/333882447", "josm_url": "http://127.0.0.1:8111/load_object?new_layer=false&objects=w333882447", "id_url": "https://www.openstreetmap.org/edit?editor=id&way=333882447#map=20/59.9203777/10.728133"}}, {"type": "Feature", "geometry": {"type": "Point", "coordinates": [10.7283656, 59.9207274]}, "properties": {"id": 333882449, "feat_type": "way", "quality_categories": "improper_geometries", "issue_ids": "[1]", "osm_url": "https://www.openstreetmap.org/way/333882449", "josm_url": "http://127.0.0.1:8111/load_object?new_layer=false&objects=w333882449", "id_url": "https://www.openstreetmap.org/edit?editor=id&way=333882449#map=20/59.9207274/10.7283656"}}, {"type": "Feature", "geometry": {"type": "Point", "coordinates": [10.7280993, 59.9203894]}, "properties": {"id": 333882450, "feat_type": "way", "quality_categories": "improper_geometries", "issue_ids": "[1]", "osm_url": "https://www.openstreetmap.org/way/333882450", "josm_url": "http://127.0.0.1:8111/load_object?new_layer=false&objects=w333882450", "id_url": "https://www.openstreetmap.org/edit?editor=id&way=333882450#map=20/59.9203894/10.7280993"}}, {"type": "Feature", "geometry": {"type": "Point", "coordinates": [10.7270671, 59.921599]}, "properties": {"id": 333882451, "feat_type": "way", "quality_categories": "improper_geometries", "issue_ids": "[1]", "osm_url": "https://www.openstreetmap.org/way/333882451", "josm_url": "http://127.0.0.1:8111/load_object?new_layer=false&objects=w333882451", "id_url": "https://www.openstreetmap.org/edit?editor=id&way=333882451#map=20/59.921599/10.7270671"}}, {"type": "Feature", "geometry": {"type": "Point", "coordinates": [10.7282448, 59.9205485]}, "properties": {"id": 333882453, "feat_type": "way", "quality_categories": "improper_geometries", "issue_ids": "[1]", "osm_url": "https://www.openstreetmap.org/way/333882453", "josm_url": "http://127.0.0.1:8111/load_object?new_layer=false&objects=w333882453", "id_url": "https://www.openstreetmap.org/edit?editor=id&way=333882453#map=20/59.9205485/10.7282448"}}, {"type": "Feature", "geometry": {"type": "Point", "coordinates": [10.7268111, 59.9223171]}, "properties": {"id": 334100442, "feat_type": "way", "quality_categories": "improper_geometries", "issue_ids": "[1]", "osm_url": "https://www.openstreetmap.org/way/334100442", "josm_url": "http://127.0.0.1:8111/load_object?new_layer=false&objects=w334100442", "id_url": "https://www.openstreetmap.org/edit?editor=id&way=334100442#map=20/59.9223171/10.7268111"}}, {"type": "Feature", "geometry": {"type": "Point", "coordinates": [10.7208598, 59.9263201]}, "properties": {"id": 334100443, "feat_type": "way", "quality_categories": "improper_geometries", "issue_ids": "[1]", "osm_url": "https://www.openstreetmap.org/way/334100443", "josm_url": "http://127.0.0.1:8111/load_object?new_layer=false&objects=w334100443", "id_url": "https://www.openstreetmap.org/edit?editor=id&way=334100443#map=20/59.9263201/10.7208598"}}, {"type": "Feature", "geometry": {"type": "Point", "coordinates": [10.7219368, 59.9260771]}, "properties": {"id": 334100444, "feat_type": "way", "quality_categories": "improper_geometries", "issue_ids": "[1]", "osm_url": "https://www.openstreetmap.org/way/334100444", "josm_url": "http://127.0.0.1:8111/load_object?new_layer=false&objects=w334100444", "id_url": "https://www.openstreetmap.org/edit?editor=id&way=334100444#map=20/59.9260771/10.7219368"}}, {"type": "Feature", "geometry": {"type": "Point", "coordinates": [10.7219673, 59.9256739]}, "properties": {"id": 334100445, "feat_type": "way", "quality_categories": "improper_geometries", "issue_ids": "[1]", "osm_url": "https://www.openstreetmap.org/way/334100445", "josm_url": "http://127.0.0.1:8111/load_object?new_layer=false&objects=w334100445", "id_url": "https://www.openstreetmap.org/edit?editor=id&way=334100445#map=20/59.9256739/10.7219673"}}, {"type": "Feature", "geometry": {"type": "Point", "coordinates": [10.7212478, 59.9265135]}, "properties": {"id": 334100446, "feat_type": "way", "quality_categories": "improper_geometries", "issue_ids": "[1]", "osm_url": "https://www.openstreetmap.org/way/334100446", "josm_url": "http://127.0.0.1:8111/load_object?new_layer=false&objects=w334100446", "id_url": "https://www.openstreetmap.org/edit?editor=id&way=334100446#map=20/59.9265135/10.7212478"}}, {"type": "Feature", "geometry": {"type": "Point", "coordinates": [10.7262389, 59.9229898]}, "properties": {"id": 334100447, "feat_type": "way", "quality_categories": "improper_geometries", "issue_ids": "[1]", "osm_url": "https://www.openstreetmap.org/way/334100447", "josm_url": "http://127.0.0.1:8111/load_object?new_layer=false&objects=w334100447", "id_url": "https://www.openstreetmap.org/edit?editor=id&way=334100447#map=20/59.9229898/10.7262389"}}, {"type": "Feature", "geometry": {"type": "Point", "coordinates": [10.7253567, 59.924024]}, "properties": {"id": 334100448, "feat_type": "way", "quality_categories": "improper_geometries", "issue_ids": "[1]", "osm_url": "https://www.openstreetmap.org/way/334100448", "josm_url": "http://127.0.0.1:8111/load_object?new_layer=false&objects=w334100448", "id_url": "https://www.openstreetmap.org/edit?editor=id&way=334100448#map=20/59.924024/10.7253567"}}, {"type": "Feature", "geometry": {"type": "Point", "coordinates": [10.7223311, 59.9256669]}, "properties": {"id": 334100449, "feat_type": "way", "quality_categories": "improper_geometries", "issue_ids": "[1]", "osm_url": "https://www.openstreetmap.org/way/334100449", "josm_url": "http://127.0.0.1:8111/load_object?new_layer=false&objects=w334100449", "id_url": "https://www.openstreetmap.org/edit?editor=id&way=334100449#map=20/59.9256669/10.7223311"}}, {"type": "Feature", "geometry": {"type": "Point", "coordinates": [10.7203834, 59.9269025]}, "properties": {"id": 334100450, "feat_type": "way", "quality_categories": "improper_geometries", "issue_ids": "[1]", "osm_url": "https://www.openstreetmap.org/way/334100450", "josm_url": "http://127.0.0.1:8111/load_object?new_layer=false&objects=w334100450", "id_url": "https://www.openstreetmap.org/edit?editor=id&way=334100450#map=20/59.9269025/10.7203834"}}, {"type": "Feature", "geometry": {"type": "Point", "coordinates": [10.7192704, 59.9277035]}, "properties": {"id": 334100451, "feat_type": "way", "quality_categories": "improper_geometries", "issue_ids": "[1]", "osm_url": "https://www.openstreetmap.org/way/334100451", "josm_url": "http://127.0.0.1:8111/load_object?new_layer=false&objects=w334100451", "id_url": "https://www.openstreetmap.org/edit?editor=id&way=334100451#map=20/59.9277035/10.7192704"}}, {"type": "Feature", "geometry": {"type": "Point", "coordinates": [10.7224423, 59.9256899]}, "properties": {"id": 334100452, "feat_type": "way", "quality_categories": "improper_geometries", "issue_ids": "[1]", "osm_url": "https://www.openstreetmap.org/way/334100452", "josm_url": "http://127.0.0.1:8111/load_object?new_layer=false&objects=w334100452", "id_url": "https://www.openstreetmap.org/edit?editor=id&way=334100452#map=20/59.9256899/10.7224423"}}, {"type": "Feature", "geometry": {"type": "Point", "coordinates": [10.7201018, 59.9271752]}, "properties": {"id": 334100453, "feat_type": "way", "quality_categories": "improper_geometries", "issue_ids": "[1]", "osm_url": "https://www.openstreetmap.org/way/334100453", "josm_url": "http://127.0.0.1:8111/load_object?new_layer=false&objects=w334100453", "id_url": "https://www.openstreetmap.org/edit?editor=id&way=334100453#map=20/59.9271752/10.7201018"}}, {"type": "Feature", "geometry": {"type": "Point", "coordinates": [10.7199137, 59.9271988]}, "properties": {"id": 334100454, "feat_type": "way", "quality_categories": "improper_geometries", "issue_ids": "[1]", "osm_url": "https://www.openstreetmap.org/way/334100454", "josm_url": "http://127.0.0.1:8111/load_object?new_layer=false&objects=w334100454", "id_url": "https://www.openstreetmap.org/edit?editor=id&way=334100454#map=20/59.9271988/10.7199137"}}, {"type": "Feature", "geometry": {"type": "Point", "coordinates": [10.7241748, 59.9247344]}, "properties": {"id": 334100455, "feat_type": "way", "quality_categories": "improper_geometries", "issue_ids": "[1]", "osm_url": "https://www.openstreetmap.org/way/334100455", "josm_url": "http://127.0.0.1:8111/load_object?new_layer=false&objects=w334100455", "id_url": "https://www.openstreetmap.org/edit?editor=id&way=334100455#map=20/59.9247344/10.7241748"}}, {"type": "Feature", "geometry": {"type": "Point", "coordinates": [10.7271049, 59.9234309]}, "properties": {"id": 334100456, "feat_type": "way", "quality_categories": "improper_geometries", "issue_ids": "[1]", "osm_url": "https://www.openstreetmap.org/way/334100456", "josm_url": "http://127.0.0.1:8111/load_object?new_layer=false&objects=w334100456", "id_url": "https://www.openstreetmap.org/edit?editor=id&way=334100456#map=20/59.9234309/10.7271049"}}, {"type": "Feature", "geometry": {"type": "Point", "coordinates": [10.7240228, 59.9247197]}, "properties": {"id": 334100457, "feat_type": "way", "quality_categories": "improper_geometries", "issue_ids": "[1]", "osm_url": "https://www.openstreetmap.org/way/334100457", "josm_url": "http://127.0.0.1:8111/load_object?new_layer=false&objects=w334100457", "id_url": "https://www.openstreetmap.org/edit?editor=id&way=334100457#map=20/59.9247197/10.7240228"}}, {"type": "Feature", "geometry": {"type": "Point", "coordinates": [10.7259426, 59.9236142]}, "properties": {"id": 334100458, "feat_type": "way", "quality_categories": "improper_geometries", "issue_ids": "[1]", "osm_url": "https://www.openstreetmap.org/way/334100458", "josm_url": "http://127.0.0.1:8111/load_object?new_layer=false&objects=w334100458", "id_url": "https://www.openstreetmap.org/edit?editor=id&way=334100458#map=20/59.9236142/10.7259426"}}, {"type": "Feature", "geometry": {"type": "Point", "coordinates": [10.71966, 59.9273617]}, "properties": {"id": 334100459, "feat_type": "way", "quality_categories": "improper_geometries", "issue_ids": "[1]", "osm_url": "https://www.openstreetmap.org/way/334100459", "josm_url": "http://127.0.0.1:8111/load_object?new_layer=false&objects=w334100459", "id_url": "https://www.openstreetmap.org/edit?editor=id&way=334100459#map=20/59.9273617/10.71966"}}, {"type": "Feature", "geometry": {"type": "Point", "coordinates": [10.7193539, 59.9276906]}, "properties": {"id": 334100460, "feat_type": "way", "quality_categories": "improper_geometries", "issue_ids": "[1]", "osm_url": "https://www.openstreetmap.org/way/334100460", "josm_url": "http://127.0.0.1:8111/load_object?new_layer=false&objects=w334100460", "id_url": "https://www.openstreetmap.org/edit?editor=id&way=334100460#map=20/59.9276906/10.7193539"}}, {"type": "Feature", "geometry": {"type": "Point", "coordinates": [10.720386, 59.9268565]}, "properties": {"id": 334100461, "feat_type": "way", "quality_categories": "improper_geometries", "issue_ids": "[1]", "osm_url": "https://www.openstreetmap.org/way/334100461", "josm_url": "http://127.0.0.1:8111/load_object?new_layer=false&objects=w334100461", "id_url": "https://www.openstreetmap.org/edit?editor=id&way=334100461#map=20/59.9268565/10.720386"}}, {"type": "Feature", "geometry": {"type": "Point", "coordinates": [10.7209836, 59.9266547]}, "properties": {"id": 334100462, "feat_type": "way", "quality_categories": "improper_geometries", "issue_ids": "[1]", "osm_url": "https://www.openstreetmap.org/way/334100462", "josm_url": "http://127.0.0.1:8111/load_object?new_layer=false&objects=w334100462", "id_url": "https://www.openstreetmap.org/edit?editor=id&way=334100462#map=20/59.9266547/10.7209836"}}, {"type": "Feature", "geometry": {"type": "Point", "coordinates": [10.7221431, 59.9259207]}, "properties": {"id": 334100463, "feat_type": "way", "quality_categories": "improper_geometries", "issue_ids": "[1]", "osm_url": "https://www.openstreetmap.org/way/334100463", "josm_url": "http://127.0.0.1:8111/load_object?new_layer=false&objects=w334100463", "id_url": "https://www.openstreetmap.org/edit?editor=id&way=334100463#map=20/59.9259207/10.7221431"}}, {"type": "Feature", "geometry": {"type": "Point", "coordinates": [10.7252688, 59.9240351]}, "properties": {"id": 334100464, "feat_type": "way", "quality_categories": "improper_geometries", "issue_ids": "[1]", "osm_url": "https://www.openstreetmap.org/way/334100464", "josm_url": "http://127.0.0.1:8111/load_object?new_layer=false&objects=w334100464", "id_url": "https://www.openstreetmap.org/edit?editor=id&way=334100464#map=20/59.9240351/10.7252688"}}, {"type": "Feature", "geometry": {"type": "Point", "coordinates": [10.721363, 59.9263717]}, "properties": {"id": 334100465, "feat_type": "way", "quality_categories": "improper_geometries", "issue_ids": "[1]", "osm_url": "https://www.openstreetmap.org/way/334100465", "josm_url": "http://127.0.0.1:8111/load_object?new_layer=false&objects=w334100465", "id_url": "https://www.openstreetmap.org/edit?editor=id&way=334100465#map=20/59.9263717/10.721363"}}, {"type": "Feature", "geometry": {"type": "Point", "coordinates": [10.7212788, 59.9263382]}, "properties": {"id": 334100466, "feat_type": "way", "quality_categories": "improper_geometries", "issue_ids": "[1]", "osm_url": "https://www.openstreetmap.org/way/334100466", "josm_url": "http://127.0.0.1:8111/load_object?new_layer=false&objects=w334100466", "id_url": "https://www.openstreetmap.org/edit?editor=id&way=334100466#map=20/59.9263382/10.7212788"}}, {"type": "Feature", "geometry": {"type": "Point", "coordinates": [10.7266657, 59.9224161]}, "properties": {"id": 334100467, "feat_type": "way", "quality_categories": "improper_geometries", "issue_ids": "[1]", "osm_url": "https://www.openstreetmap.org/way/334100467", "josm_url": "http://127.0.0.1:8111/load_object?new_layer=false&objects=w334100467", "id_url": "https://www.openstreetmap.org/edit?editor=id&way=334100467#map=20/59.9224161/10.7266657"}}, {"type": "Feature", "geometry": {"type": "Point", "coordinates": [10.7265603, 59.9224051]}, "properties": {"id": 334100468, "feat_type": "way", "quality_categories": "improper_geometries", "issue_ids": "[1]", "osm_url": "https://www.openstreetmap.org/way/334100468", "josm_url": "http://127.0.0.1:8111/load_object?new_layer=false&objects=w334100468", "id_url": "https://www.openstreetmap.org/edit?editor=id&way=334100468#map=20/59.9224051/10.7265603"}}, {"type": "Feature", "geometry": {"type": "Point", "coordinates": [10.7231513, 59.9252848]}, "properties": {"id": 334100469, "feat_type": "way", "quality_categories": "improper_geometries", "issue_ids": "[1]", "osm_url": "https://www.openstreetmap.org/way/334100469", "josm_url": "http://127.0.0.1:8111/load_object?new_layer=false&objects=w334100469", "id_url": "https://www.openstreetmap.org/edit?editor=id&way=334100469#map=20/59.9252848/10.7231513"}}, {"type": "Feature", "geometry": {"type": "Point", "coordinates": [10.7224473, 59.9242623]}, "properties": {"id": 334100470, "feat_type": "way", "quality_categories": "improper_geometries", "issue_ids": "[1]", "osm_url": "https://www.openstreetmap.org/way/334100470", "josm_url": "http://127.0.0.1:8111/load_object?new_layer=false&objects=w334100470", "id_url": "https://www.openstreetmap.org/edit?editor=id&way=334100470#map=20/59.9242623/10.7224473"}}, {"type": "Feature", "geometry": {"type": "Point", "coordinates": [10.724757, 59.9244253]}, "properties": {"id": 334100471, "feat_type": "way", "quality_categories": "improper_geometries", "issue_ids": "[1]", "osm_url": "https://www.openstreetmap.org/way/334100471", "josm_url": "http://127.0.0.1:8111/load_object?new_layer=false&objects=w334100471", "id_url": "https://www.openstreetmap.org/edit?editor=id&way=334100471#map=20/59.9244253/10.724757"}}, {"type": "Feature", "geometry": {"type": "Point", "coordinates": [10.7280322, 59.9239426]}, "properties": {"id": 334100472, "feat_type": "way", "quality_categories": "improper_geometries", "issue_ids": "[1]", "osm_url": "https://www.openstreetmap.org/way/334100472", "josm_url": "http://127.0.0.1:8111/load_object?new_layer=false&objects=w334100472", "id_url": "https://www.openstreetmap.org/edit?editor=id&way=334100472#map=20/59.9239426/10.7280322"}}, {"type": "Feature", "geometry": {"type": "Point", "coordinates": [10.7265621, 59.9222286]}, "properties": {"id": 334100473, "feat_type": "way", "quality_categories": "improper_geometries", "issue_ids": "[1]", "osm_url": "https://www.openstreetmap.org/way/334100473", "josm_url": "http://127.0.0.1:8111/load_object?new_layer=false&objects=w334100473", "id_url": "https://www.openstreetmap.org/edit?editor=id&way=334100473#map=20/59.9222286/10.7265621"}}, {"type": "Feature", "geometry": {"type": "Point", "coordinates": [10.7231146, 59.9252709]}, "properties": {"id": 334100474, "feat_type": "way", "quality_categories": "improper_geometries", "issue_ids": "[1]", "osm_url": "https://www.openstreetmap.org/way/334100474", "josm_url": "http://127.0.0.1:8111/load_object?new_layer=false&objects=w334100474", "id_url": "https://www.openstreetmap.org/edit?editor=id&way=334100474#map=20/59.9252709/10.7231146"}}, {"type": "Feature", "geometry": {"type": "Point", "coordinates": [10.726406, 59.9229714]}, "properties": {"id": 334166947, "feat_type": "way", "quality_categories": "improper_geometries", "issue_ids": "[1]", "osm_url": "https://www.openstreetmap.org/way/334166947", "josm_url": "http://127.0.0.1:8111/load_object?new_layer=false&objects=w334166947", "id_url": "https://www.openstreetmap.org/edit?editor=id&way=334166947#map=20/59.9229714/10.726406"}}, {"type": "Feature", "geometry": {"type": "Point", "coordinates": [10.7186456, 59.9281318]}, "properties": {"id": 334170299, "feat_type": "way", "quality_categories": "improper_geometries", "issue_ids": "[1]", "osm_url": "https://www.openstreetmap.org/way/334170299", "josm_url": "http://127.0.0.1:8111/load_object?new_layer=false&objects=w334170299", "id_url": "https://www.openstreetmap.org/edit?editor=id&way=334170299#map=20/59.9281318/10.7186456"}}, {"type": "Feature", "geometry": {"type": "Point", "coordinates": [10.7186587, 59.9278526]}, "properties": {"id": 334170300, "feat_type": "way", "quality_categories": "improper_geometries", "issue_ids": "[1]", "osm_url": "https://www.openstreetmap.org/way/334170300", "josm_url": "http://127.0.0.1:8111/load_object?new_layer=false&objects=w334170300", "id_url": "https://www.openstreetmap.org/edit?editor=id&way=334170300#map=20/59.9278526/10.7186587"}}, {"type": "Feature", "geometry": {"type": "Point", "coordinates": [10.7181016, 59.928295]}, "properties": {"id": 334170301, "feat_type": "way", "quality_categories": "improper_geometries", "issue_ids": "[1]", "osm_url": "https://www.openstreetmap.org/way/334170301", "josm_url": "http://127.0.0.1:8111/load_object?new_layer=false&objects=w334170301", "id_url": "https://www.openstreetmap.org/edit?editor=id&way=334170301#map=20/59.928295/10.7181016"}}, {"type": "Feature", "geometry": {"type": "Point", "coordinates": [10.7170277, 59.928338]}, "properties": {"id": 334171569, "feat_type": "way", "quality_categories": "improper_geometries", "issue_ids": "[1]", "osm_url": "https://www.openstreetmap.org/way/334171569", "josm_url": "http://127.0.0.1:8111/load_object?new_layer=false&objects=w334171569", "id_url": "https://www.openstreetmap.org/edit?editor=id&way=334171569#map=20/59.928338/10.7170277"}}, {"type": "Feature", "geometry": {"type": "Point", "coordinates": [10.7325652, 59.9176824]}, "properties": {"id": 334216021, "feat_type": "way", "quality_categories": "improper_geometries", "issue_ids": "[1]", "osm_url": "https://www.openstreetmap.org/way/334216021", "josm_url": "http://127.0.0.1:8111/load_object?new_layer=false&objects=w334216021", "id_url": "https://www.openstreetmap.org/edit?editor=id&way=334216021#map=20/59.9176824/10.7325652"}}, {"type": "Feature", "geometry": {"type": "Point", "coordinates": [10.73225, 59.9172784]}, "properties": {"id": 334216022, "feat_type": "way", "quality_categories": "improper_geometries", "issue_ids": "[1]", "osm_url": "https://www.openstreetmap.org/way/334216022", "josm_url": "http://127.0.0.1:8111/load_object?new_layer=false&objects=w334216022", "id_url": "https://www.openstreetmap.org/edit?editor=id&way=334216022#map=20/59.9172784/10.73225"}}, {"type": "Feature", "geometry": {"type": "Point", "coordinates": [10.7314966, 59.918864]}, "properties": {"id": 334216023, "feat_type": "way", "quality_categories": "improper_geometries", "issue_ids": "[1]", "osm_url": "https://www.openstreetmap.org/way/334216023", "josm_url": "http://127.0.0.1:8111/load_object?new_layer=false&objects=w334216023", "id_url": "https://www.openstreetmap.org/edit?editor=id&way=334216023#map=20/59.918864/10.7314966"}}, {"type": "Feature", "geometry": {"type": "Point", "coordinates": [10.7319914, 59.9180908]}, "properties": {"id": 334216024, "feat_type": "way", "quality_categories": "improper_geometries", "issue_ids": "[1]", "osm_url": "https://www.openstreetmap.org/way/334216024", "josm_url": "http://127.0.0.1:8111/load_object?new_layer=false&objects=w334216024", "id_url": "https://www.openstreetmap.org/edit?editor=id&way=334216024#map=20/59.9180908/10.7319914"}}, {"type": "Feature", "geometry": {"type": "Point", "coordinates": [10.7319922, 59.9229978]}, "properties": {"id": 334372951, "feat_type": "way", "quality_categories": "improper_geometries", "issue_ids": "[1]", "osm_url": "https://www.openstreetmap.org/way/334372951", "josm_url": "http://127.0.0.1:8111/load_object?new_layer=false&objects=w334372951", "id_url": "https://www.openstreetmap.org/edit?editor=id&way=334372951#map=20/59.9229978/10.7319922"}}, {"type": "Feature", "geometry": {"type": "Point", "coordinates": [10.7311341, 59.9242583]}, "properties": {"id": 334372955, "feat_type": "way", "quality_categories": "improper_geometries", "issue_ids": "[1]", "osm_url": "https://www.openstreetmap.org/way/334372955", "josm_url": "http://127.0.0.1:8111/load_object?new_layer=false&objects=w334372955", "id_url": "https://www.openstreetmap.org/edit?editor=id&way=334372955#map=20/59.9242583/10.7311341"}}, {"type": "Feature", "geometry": {"type": "Point", "coordinates": [10.7288895, 59.9242509]}, "properties": {"id": 334372958, "feat_type": "way", "quality_categories": "improper_geometries", "issue_ids": "[1]", "osm_url": "https://www.openstreetmap.org/way/334372958", "josm_url": "http://127.0.0.1:8111/load_object?new_layer=false&objects=w334372958", "id_url": "https://www.openstreetmap.org/edit?editor=id&way=334372958#map=20/59.9242509/10.7288895"}}, {"type": "Feature", "geometry": {"type": "Point", "coordinates": [10.7308202, 59.9256897]}, "properties": {"id": 334372960, "feat_type": "way", "quality_categories": "improper_geometries", "issue_ids": "[1]", "osm_url": "https://www.openstreetmap.org/way/334372960", "josm_url": "http://127.0.0.1:8111/load_object?new_layer=false&objects=w334372960", "id_url": "https://www.openstreetmap.org/edit?editor=id&way=334372960#map=20/59.9256897/10.7308202"}}, {"type": "Feature", "geometry": {"type": "Point", "coordinates": [10.7313592, 59.9257104]}, "properties": {"id": 334372961, "feat_type": "way", "quality_categories": "improper_geometries", "issue_ids": "[1]", "osm_url": "https://www.openstreetmap.org/way/334372961", "josm_url": "http://127.0.0.1:8111/load_object?new_layer=false&objects=w334372961", "id_url": "https://www.openstreetmap.org/edit?editor=id&way=334372961#map=20/59.9257104/10.7313592"}}, {"type": "Feature", "geometry": {"type": "Point", "coordinates": [10.730437, 59.9255983]}, "properties": {"id": 334372964, "feat_type": "way", "quality_categories": "improper_geometries", "issue_ids": "[1]", "osm_url": "https://www.openstreetmap.org/way/334372964", "josm_url": "http://127.0.0.1:8111/load_object?new_layer=false&objects=w334372964", "id_url": "https://www.openstreetmap.org/edit?editor=id&way=334372964#map=20/59.9255983/10.730437"}}, {"type": "Feature", "geometry": {"type": "Point", "coordinates": [10.7312031, 59.9236784]}, "properties": {"id": 334372967, "feat_type": "way", "quality_categories": "improper_geometries", "issue_ids": "[1]", "osm_url": "https://www.openstreetmap.org/way/334372967", "josm_url": "http://127.0.0.1:8111/load_object?new_layer=false&objects=w334372967", "id_url": "https://www.openstreetmap.org/edit?editor=id&way=334372967#map=20/59.9236784/10.7312031"}}, {"type": "Feature", "geometry": {"type": "Point", "coordinates": [10.7309465, 59.9258359]}, "properties": {"id": 334372969, "feat_type": "way", "quality_categories": "improper_geometries", "issue_ids": "[1]", "osm_url": "https://www.openstreetmap.org/way/334372969", "josm_url": "http://127.0.0.1:8111/load_object?new_layer=false&objects=w334372969", "id_url": "https://www.openstreetmap.org/edit?editor=id&way=334372969#map=20/59.9258359/10.7309465"}}, {"type": "Feature", "geometry": {"type": "Point", "coordinates": [10.7310521, 59.9258186]}, "properties": {"id": 334372971, "feat_type": "way", "quality_categories": "improper_geometries", "issue_ids": "[1]", "osm_url": "https://www.openstreetmap.org/way/334372971", "josm_url": "http://127.0.0.1:8111/load_object?new_layer=false&objects=w334372971", "id_url": "https://www.openstreetmap.org/edit?editor=id&way=334372971#map=20/59.9258186/10.7310521"}}, {"type": "Feature", "geometry": {"type": "Point", "coordinates": [10.7316928, 59.9234806]}, "properties": {"id": 334372973, "feat_type": "way", "quality_categories": "improper_geometries", "issue_ids": "[1]", "osm_url": "https://www.openstreetmap.org/way/334372973", "josm_url": "http://127.0.0.1:8111/load_object?new_layer=false&objects=w334372973", "id_url": "https://www.openstreetmap.org/edit?editor=id&way=334372973#map=20/59.9234806/10.7316928"}}, {"type": "Feature", "geometry": {"type": "Point", "coordinates": [10.7313867, 59.925239]}, "properties": {"id": 334372975, "feat_type": "way", "quality_categories": "improper_geometries", "issue_ids": "[1]", "osm_url": "https://www.openstreetmap.org/way/334372975", "josm_url": "http://127.0.0.1:8111/load_object?new_layer=false&objects=w334372975", "id_url": "https://www.openstreetmap.org/edit?editor=id&way=334372975#map=20/59.925239/10.7313867"}}, {"type": "Feature", "geometry": {"type": "Point", "coordinates": [10.7314694, 59.9234113]}, "properties": {"id": 334372983, "feat_type": "way", "quality_categories": "improper_geometries", "issue_ids": "[1]", "osm_url": "https://www.openstreetmap.org/way/334372983", "josm_url": "http://127.0.0.1:8111/load_object?new_layer=false&objects=w334372983", "id_url": "https://www.openstreetmap.org/edit?editor=id&way=334372983#map=20/59.9234113/10.7314694"}}, {"type": "Feature", "geometry": {"type": "Point", "coordinates": [10.7313355, 59.9236836]}, "properties": {"id": 334372985, "feat_type": "way", "quality_categories": "improper_geometries", "issue_ids": "[1]", "osm_url": "https://www.openstreetmap.org/way/334372985", "josm_url": "http://127.0.0.1:8111/load_object?new_layer=false&objects=w334372985", "id_url": "https://www.openstreetmap.org/edit?editor=id&way=334372985#map=20/59.9236836/10.7313355"}}, {"type": "Feature", "geometry": {"type": "Point", "coordinates": [10.7313491, 59.9238864]}, "properties": {"id": 334372986, "feat_type": "way", "quality_categories": "improper_geometries", "issue_ids": "[1]", "osm_url": "https://www.openstreetmap.org/way/334372986", "josm_url": "http://127.0.0.1:8111/load_object?new_layer=false&objects=w334372986", "id_url": "https://www.openstreetmap.org/edit?editor=id&way=334372986#map=20/59.9238864/10.7313491"}}, {"type": "Feature", "geometry": {"type": "Point", "coordinates": [10.730508, 59.9249958]}, "properties": {"id": 334372988, "feat_type": "way", "quality_categories": "improper_geometries", "issue_ids": "[1]", "osm_url": "https://www.openstreetmap.org/way/334372988", "josm_url": "http://127.0.0.1:8111/load_object?new_layer=false&objects=w334372988", "id_url": "https://www.openstreetmap.org/edit?editor=id&way=334372988#map=20/59.9249958/10.730508"}}, {"type": "Feature", "geometry": {"type": "Point", "coordinates": [10.731055, 59.925406]}, "properties": {"id": 334372991, "feat_type": "way", "quality_categories": "improper_geometries", "issue_ids": "[1]", "osm_url": "https://www.openstreetmap.org/way/334372991", "josm_url": "http://127.0.0.1:8111/load_object?new_layer=false&objects=w334372991", "id_url": "https://www.openstreetmap.org/edit?editor=id&way=334372991#map=20/59.925406/10.731055"}}, {"type": "Feature", "geometry": {"type": "Point", "coordinates": [10.7312406, 59.924593]}, "properties": {"id": 334372995, "feat_type": "way", "quality_categories": "improper_geometries", "issue_ids": "[1]", "osm_url": "https://www.openstreetmap.org/way/334372995", "josm_url": "http://127.0.0.1:8111/load_object?new_layer=false&objects=w334372995", "id_url": "https://www.openstreetmap.org/edit?editor=id&way=334372995#map=20/59.924593/10.7312406"}}, {"type": "Feature", "geometry": {"type": "Point", "coordinates": [10.7328441, 59.9293661]}, "properties": {"id": 334382244, "feat_type": "way", "quality_categories": "improper_geometries", "issue_ids": "[1]", "osm_url": "https://www.openstreetmap.org/way/334382244", "josm_url": "http://127.0.0.1:8111/load_object?new_layer=false&objects=w334382244", "id_url": "https://www.openstreetmap.org/edit?editor=id&way=334382244#map=20/59.9293661/10.7328441"}}, {"type": "Feature", "geometry": {"type": "Point", "coordinates": [10.7330125, 59.9293341]}, "properties": {"id": 334382245, "feat_type": "way", "quality_categories": "improper_geometries", "issue_ids": "[1]", "osm_url": "https://www.openstreetmap.org/way/334382245", "josm_url": "http://127.0.0.1:8111/load_object?new_layer=false&objects=w334382245", "id_url": "https://www.openstreetmap.org/edit?editor=id&way=334382245#map=20/59.9293341/10.7330125"}}, {"type": "Feature", "geometry": {"type": "Point", "coordinates": [10.7336206, 59.9301839]}, "properties": {"id": 334382246, "feat_type": "way", "quality_categories": "improper_geometries", "issue_ids": "[1]", "osm_url": "https://www.openstreetmap.org/way/334382246", "josm_url": "http://127.0.0.1:8111/load_object?new_layer=false&objects=w334382246", "id_url": "https://www.openstreetmap.org/edit?editor=id&way=334382246#map=20/59.9301839/10.7336206"}}, {"type": "Feature", "geometry": {"type": "Point", "coordinates": [10.733385, 59.9301124]}, "properties": {"id": 334382247, "feat_type": "way", "quality_categories": "improper_geometries", "issue_ids": "[1]", "osm_url": "https://www.openstreetmap.org/way/334382247", "josm_url": "http://127.0.0.1:8111/load_object?new_layer=false&objects=w334382247", "id_url": "https://www.openstreetmap.org/edit?editor=id&way=334382247#map=20/59.9301124/10.733385"}}, {"type": "Feature", "geometry": {"type": "Point", "coordinates": [10.7334815, 59.9306015]}, "properties": {"id": 334382248, "feat_type": "way", "quality_categories": "improper_geometries", "issue_ids": "[1]", "osm_url": "https://www.openstreetmap.org/way/334382248", "josm_url": "http://127.0.0.1:8111/load_object?new_layer=false&objects=w334382248", "id_url": "https://www.openstreetmap.org/edit?editor=id&way=334382248#map=20/59.9306015/10.7334815"}}, {"type": "Feature", "geometry": {"type": "Point", "coordinates": [10.7341526, 59.9317967]}, "properties": {"id": 334382250, "feat_type": "way", "quality_categories": "improper_geometries", "issue_ids": "[1]", "osm_url": "https://www.openstreetmap.org/way/334382250", "josm_url": "http://127.0.0.1:8111/load_object?new_layer=false&objects=w334382250", "id_url": "https://www.openstreetmap.org/edit?editor=id&way=334382250#map=20/59.9317967/10.7341526"}}, {"type": "Feature", "geometry": {"type": "Point", "coordinates": [10.7331527, 59.9296903]}, "properties": {"id": 334382251, "feat_type": "way", "quality_categories": "improper_geometries", "issue_ids": "[1]", "osm_url": "https://www.openstreetmap.org/way/334382251", "josm_url": "http://127.0.0.1:8111/load_object?new_layer=false&objects=w334382251", "id_url": "https://www.openstreetmap.org/edit?editor=id&way=334382251#map=20/59.9296903/10.7331527"}}, {"type": "Feature", "geometry": {"type": "Point", "coordinates": [10.7316213, 59.9267585]}, "properties": {"id": 334382252, "feat_type": "way", "quality_categories": "improper_geometries", "issue_ids": "[1]", "osm_url": "https://www.openstreetmap.org/way/334382252", "josm_url": "http://127.0.0.1:8111/load_object?new_layer=false&objects=w334382252", "id_url": "https://www.openstreetmap.org/edit?editor=id&way=334382252#map=20/59.9267585/10.7316213"}}, {"type": "Feature", "geometry": {"type": "Point", "coordinates": [10.7317866, 59.9271451]}, "properties": {"id": 334382255, "feat_type": "way", "quality_categories": "improper_geometries", "issue_ids": "[1]", "osm_url": "https://www.openstreetmap.org/way/334382255", "josm_url": "http://127.0.0.1:8111/load_object?new_layer=false&objects=w334382255", "id_url": "https://www.openstreetmap.org/edit?editor=id&way=334382255#map=20/59.9271451/10.7317866"}}, {"type": "Feature", "geometry": {"type": "Point", "coordinates": [10.7343185, 59.9318198]}, "properties": {"id": 334382259, "feat_type": "way", "quality_categories": "improper_geometries", "issue_ids": "[1]", "osm_url": "https://www.openstreetmap.org/way/334382259", "josm_url": "http://127.0.0.1:8111/load_object?new_layer=false&objects=w334382259", "id_url": "https://www.openstreetmap.org/edit?editor=id&way=334382259#map=20/59.9318198/10.7343185"}}, {"type": "Feature", "geometry": {"type": "Point", "coordinates": [10.7330525, 59.9297173]}, "properties": {"id": 334382263, "feat_type": "way", "quality_categories": "improper_geometries", "issue_ids": "[1]", "osm_url": "https://www.openstreetmap.org/way/334382263", "josm_url": "http://127.0.0.1:8111/load_object?new_layer=false&objects=w334382263", "id_url": "https://www.openstreetmap.org/edit?editor=id&way=334382263#map=20/59.9297173/10.7330525"}}, {"type": "Feature", "geometry": {"type": "Point", "coordinates": [10.7314731, 59.9268868]}, "properties": {"id": 334382265, "feat_type": "way", "quality_categories": "improper_geometries", "issue_ids": "[1]", "osm_url": "https://www.openstreetmap.org/way/334382265", "josm_url": "http://127.0.0.1:8111/load_object?new_layer=false&objects=w334382265", "id_url": "https://www.openstreetmap.org/edit?editor=id&way=334382265#map=20/59.9268868/10.7314731"}}, {"type": "Feature", "geometry": {"type": "Point", "coordinates": [10.7325106, 59.9285072]}, "properties": {"id": 334382268, "feat_type": "way", "quality_categories": "improper_geometries", "issue_ids": "[1]", "osm_url": "https://www.openstreetmap.org/way/334382268", "josm_url": "http://127.0.0.1:8111/load_object?new_layer=false&objects=w334382268", "id_url": "https://www.openstreetmap.org/edit?editor=id&way=334382268#map=20/59.9285072/10.7325106"}}, {"type": "Feature", "geometry": {"type": "Point", "coordinates": [10.732163, 59.9280872]}, "properties": {"id": 334382273, "feat_type": "way", "quality_categories": "improper_geometries", "issue_ids": "[1]", "osm_url": "https://www.openstreetmap.org/way/334382273", "josm_url": "http://127.0.0.1:8111/load_object?new_layer=false&objects=w334382273", "id_url": "https://www.openstreetmap.org/edit?editor=id&way=334382273#map=20/59.9280872/10.732163"}}, {"type": "Feature", "geometry": {"type": "Point", "coordinates": [10.7352639, 59.9190854]}, "properties": {"id": 335019048, "feat_type": "way", "quality_categories": "improper_geometries", "issue_ids": "[1]", "osm_url": "https://www.openstreetmap.org/way/335019048", "josm_url": "http://127.0.0.1:8111/load_object?new_layer=false&objects=w335019048", "id_url": "https://www.openstreetmap.org/edit?editor=id&way=335019048#map=20/59.9190854/10.7352639"}}, {"type": "Feature", "geometry": {"type": "Point", "coordinates": [10.7357942, 59.9191436]}, "properties": {"id": 335019050, "feat_type": "way", "quality_categories": "improper_geometries", "issue_ids": "[1]", "osm_url": "https://www.openstreetmap.org/way/335019050", "josm_url": "http://127.0.0.1:8111/load_object?new_layer=false&objects=w335019050", "id_url": "https://www.openstreetmap.org/edit?editor=id&way=335019050#map=20/59.9191436/10.7357942"}}, {"type": "Feature", "geometry": {"type": "Point", "coordinates": [10.7363016, 59.9191561]}, "properties": {"id": 335019052, "feat_type": "way", "quality_categories": "improper_geometries", "issue_ids": "[1]", "osm_url": "https://www.openstreetmap.org/way/335019052", "josm_url": "http://127.0.0.1:8111/load_object?new_layer=false&objects=w335019052", "id_url": "https://www.openstreetmap.org/edit?editor=id&way=335019052#map=20/59.9191561/10.7363016"}}, {"type": "Feature", "geometry": {"type": "Point", "coordinates": [10.7046765, 59.9184143]}, "properties": {"id": 337816175, "feat_type": "way", "quality_categories": "improper_geometries", "issue_ids": "[1]", "osm_url": "https://www.openstreetmap.org/way/337816175", "josm_url": "http://127.0.0.1:8111/load_object?new_layer=false&objects=w337816175", "id_url": "https://www.openstreetmap.org/edit?editor=id&way=337816175#map=20/59.9184143/10.7046765"}}, {"type": "Feature", "geometry": {"type": "Point", "coordinates": [10.7037342, 59.9195039]}, "properties": {"id": 337816176, "feat_type": "way", "quality_categories": "improper_geometries", "issue_ids": "[1]", "osm_url": "https://www.openstreetmap.org/way/337816176", "josm_url": "http://127.0.0.1:8111/load_object?new_layer=false&objects=w337816176", "id_url": "https://www.openstreetmap.org/edit?editor=id&way=337816176#map=20/59.9195039/10.7037342"}}, {"type": "Feature", "geometry": {"type": "Point", "coordinates": [10.7016648, 59.9189276]}, "properties": {"id": 337816177, "feat_type": "way", "quality_categories": "improper_geometries", "issue_ids": "[1]", "osm_url": "https://www.openstreetmap.org/way/337816177", "josm_url": "http://127.0.0.1:8111/load_object?new_layer=false&objects=w337816177", "id_url": "https://www.openstreetmap.org/edit?editor=id&way=337816177#map=20/59.9189276/10.7016648"}}, {"type": "Feature", "geometry": {"type": "Point", "coordinates": [10.7035812, 59.9187376]}, "properties": {"id": 337816178, "feat_type": "way", "quality_categories": "improper_geometries", "issue_ids": "[1]", "osm_url": "https://www.openstreetmap.org/way/337816178", "josm_url": "http://127.0.0.1:8111/load_object?new_layer=false&objects=w337816178", "id_url": "https://www.openstreetmap.org/edit?editor=id&way=337816178#map=20/59.9187376/10.7035812"}}, {"type": "Feature", "geometry": {"type": "Point", "coordinates": [10.7013894, 59.9189696]}, "properties": {"id": 337816179, "feat_type": "way", "quality_categories": "improper_geometries", "issue_ids": "[1]", "osm_url": "https://www.openstreetmap.org/way/337816179", "josm_url": "http://127.0.0.1:8111/load_object?new_layer=false&objects=w337816179", "id_url": "https://www.openstreetmap.org/edit?editor=id&way=337816179#map=20/59.9189696/10.7013894"}}, {"type": "Feature", "geometry": {"type": "Point", "coordinates": [10.7003996, 59.9192214]}, "properties": {"id": 337816180, "feat_type": "way", "quality_categories": "improper_geometries", "issue_ids": "[1]", "osm_url": "https://www.openstreetmap.org/way/337816180", "josm_url": "http://127.0.0.1:8111/load_object?new_layer=false&objects=w337816180", "id_url": "https://www.openstreetmap.org/edit?editor=id&way=337816180#map=20/59.9192214/10.7003996"}}, {"type": "Feature", "geometry": {"type": "Point", "coordinates": [10.7030504, 59.9188172]}, "properties": {"id": 337816181, "feat_type": "way", "quality_categories": "improper_geometries", "issue_ids": "[1]", "osm_url": "https://www.openstreetmap.org/way/337816181", "josm_url": "http://127.0.0.1:8111/load_object?new_layer=false&objects=w337816181", "id_url": "https://www.openstreetmap.org/edit?editor=id&way=337816181#map=20/59.9188172/10.7030504"}}, {"type": "Feature", "geometry": {"type": "Point", "coordinates": [10.7090513, 59.9172227]}, "properties": {"id": 340424114, "feat_type": "way", "quality_categories": "improper_geometries", "issue_ids": "[1]", "osm_url": "https://www.openstreetmap.org/way/340424114", "josm_url": "http://127.0.0.1:8111/load_object?new_layer=false&objects=w340424114", "id_url": "https://www.openstreetmap.org/edit?editor=id&way=340424114#map=20/59.9172227/10.7090513"}}, {"type": "Feature", "geometry": {"type": "Point", "coordinates": [10.7134719, 59.915912]}, "properties": {"id": 340424115, "feat_type": "way", "quality_categories": "improper_geometries", "issue_ids": "[1]", "osm_url": "https://www.openstreetmap.org/way/340424115", "josm_url": "http://127.0.0.1:8111/load_object?new_layer=false&objects=w340424115", "id_url": "https://www.openstreetmap.org/edit?editor=id&way=340424115#map=20/59.915912/10.7134719"}}, {"type": "Feature", "geometry": {"type": "Point", "coordinates": [10.7074818, 59.9177042]}, "properties": {"id": 340424116, "feat_type": "way", "quality_categories": "improper_geometries", "issue_ids": "[1]", "osm_url": "https://www.openstreetmap.org/way/340424116", "josm_url": "http://127.0.0.1:8111/load_object?new_layer=false&objects=w340424116", "id_url": "https://www.openstreetmap.org/edit?editor=id&way=340424116#map=20/59.9177042/10.7074818"}}, {"type": "Feature", "geometry": {"type": "Point", "coordinates": [10.7078277, 59.9174537]}, "properties": {"id": 340424117, "feat_type": "way", "quality_categories": "improper_geometries", "issue_ids": "[1]", "osm_url": "https://www.openstreetmap.org/way/340424117", "josm_url": "http://127.0.0.1:8111/load_object?new_layer=false&objects=w340424117", "id_url": "https://www.openstreetmap.org/edit?editor=id&way=340424117#map=20/59.9174537/10.7078277"}}, {"type": "Feature", "geometry": {"type": "Point", "coordinates": [10.7110819, 59.9166198]}, "properties": {"id": 340424118, "feat_type": "way", "quality_categories": "improper_geometries", "issue_ids": "[1]", "osm_url": "https://www.openstreetmap.org/way/340424118", "josm_url": "http://127.0.0.1:8111/load_object?new_layer=false&objects=w340424118", "id_url": "https://www.openstreetmap.org/edit?editor=id&way=340424118#map=20/59.9166198/10.7110819"}}, {"type": "Feature", "geometry": {"type": "Point", "coordinates": [10.708997, 59.9171239]}, "properties": {"id": 340424119, "feat_type": "way", "quality_categories": "improper_geometries", "issue_ids": "[1]", "osm_url": "https://www.openstreetmap.org/way/340424119", "josm_url": "http://127.0.0.1:8111/load_object?new_layer=false&objects=w340424119", "id_url": "https://www.openstreetmap.org/edit?editor=id&way=340424119#map=20/59.9171239/10.708997"}}, {"type": "Feature", "geometry": {"type": "Point", "coordinates": [10.708156, 59.9173736]}, "properties": {"id": 340424120, "feat_type": "way", "quality_categories": "improper_geometries", "issue_ids": "[1]", "osm_url": "https://www.openstreetmap.org/way/340424120", "josm_url": "http://127.0.0.1:8111/load_object?new_layer=false&objects=w340424120", "id_url": "https://www.openstreetmap.org/edit?editor=id&way=340424120#map=20/59.9173736/10.708156"}}, {"type": "Feature", "geometry": {"type": "Point", "coordinates": [10.7133676, 59.9158301]}, "properties": {"id": 340424121, "feat_type": "way", "quality_categories": "improper_geometries", "issue_ids": "[1]", "osm_url": "https://www.openstreetmap.org/way/340424121", "josm_url": "http://127.0.0.1:8111/load_object?new_layer=false&objects=w340424121", "id_url": "https://www.openstreetmap.org/edit?editor=id&way=340424121#map=20/59.9158301/10.7133676"}}, {"type": "Feature", "geometry": {"type": "Point", "coordinates": [10.706399, 59.9180115]}, "properties": {"id": 340424122, "feat_type": "way", "quality_categories": "improper_geometries", "issue_ids": "[1]", "osm_url": "https://www.openstreetmap.org/way/340424122", "josm_url": "http://127.0.0.1:8111/load_object?new_layer=false&objects=w340424122", "id_url": "https://www.openstreetmap.org/edit?editor=id&way=340424122#map=20/59.9180115/10.706399"}}, {"type": "Feature", "geometry": {"type": "Point", "coordinates": [10.7077175, 59.9176519]}, "properties": {"id": 340424123, "feat_type": "way", "quality_categories": "improper_geometries", "issue_ids": "[1]", "osm_url": "https://www.openstreetmap.org/way/340424123", "josm_url": "http://127.0.0.1:8111/load_object?new_layer=false&objects=w340424123", "id_url": "https://www.openstreetmap.org/edit?editor=id&way=340424123#map=20/59.9176519/10.7077175"}}, {"type": "Feature", "geometry": {"type": "Point", "coordinates": [10.7069409, 59.91771]}, "properties": {"id": 340424124, "feat_type": "way", "quality_categories": "improper_geometries", "issue_ids": "[1]", "osm_url": "https://www.openstreetmap.org/way/340424124", "josm_url": "http://127.0.0.1:8111/load_object?new_layer=false&objects=w340424124", "id_url": "https://www.openstreetmap.org/edit?editor=id&way=340424124#map=20/59.91771/10.7069409"}}, {"type": "Feature", "geometry": {"type": "Point", "coordinates": [10.6897523, 59.9185124]}, "properties": {"id": 340457226, "feat_type": "way", "quality_categories": "improper_geometries", "issue_ids": "[1]", "osm_url": "https://www.openstreetmap.org/way/340457226", "josm_url": "http://127.0.0.1:8111/load_object?new_layer=false&objects=w340457226", "id_url": "https://www.openstreetmap.org/edit?editor=id&way=340457226#map=20/59.9185124/10.6897523"}}, {"type": "Feature", "geometry": {"type": "Point", "coordinates": [10.6898988, 59.918468]}, "properties": {"id": 340457228, "feat_type": "way", "quality_categories": "improper_geometries", "issue_ids": "[1]", "osm_url": "https://www.openstreetmap.org/way/340457228", "josm_url": "http://127.0.0.1:8111/load_object?new_layer=false&objects=w340457228", "id_url": "https://www.openstreetmap.org/edit?editor=id&way=340457228#map=20/59.918468/10.6898988"}}, {"type": "Feature", "geometry": {"type": "Point", "coordinates": [10.6893887, 59.9184655]}, "properties": {"id": 340457229, "feat_type": "way", "quality_categories": "improper_geometries", "issue_ids": "[1]", "osm_url": "https://www.openstreetmap.org/way/340457229", "josm_url": "http://127.0.0.1:8111/load_object?new_layer=false&objects=w340457229", "id_url": "https://www.openstreetmap.org/edit?editor=id&way=340457229#map=20/59.9184655/10.6893887"}}, {"type": "Feature", "geometry": {"type": "Point", "coordinates": [10.688755, 59.9183268]}, "properties": {"id": 340457230, "feat_type": "way", "quality_categories": "improper_geometries", "issue_ids": "[1]", "osm_url": "https://www.openstreetmap.org/way/340457230", "josm_url": "http://127.0.0.1:8111/load_object?new_layer=false&objects=w340457230", "id_url": "https://www.openstreetmap.org/edit?editor=id&way=340457230#map=20/59.9183268/10.688755"}}, {"type": "Feature", "geometry": {"type": "Point", "coordinates": [10.691693, 59.9187327]}, "properties": {"id": 340457231, "feat_type": "way", "quality_categories": "improper_geometries", "issue_ids": "[1]", "osm_url": "https://www.openstreetmap.org/way/340457231", "josm_url": "http://127.0.0.1:8111/load_object?new_layer=false&objects=w340457231", "id_url": "https://www.openstreetmap.org/edit?editor=id&way=340457231#map=20/59.9187327/10.691693"}}, {"type": "Feature", "geometry": {"type": "Point", "coordinates": [10.6874975, 59.9182187]}, "properties": {"id": 340457232, "feat_type": "way", "quality_categories": "improper_geometries", "issue_ids": "[1]", "osm_url": "https://www.openstreetmap.org/way/340457232", "josm_url": "http://127.0.0.1:8111/load_object?new_layer=false&objects=w340457232", "id_url": "https://www.openstreetmap.org/edit?editor=id&way=340457232#map=20/59.9182187/10.6874975"}}, {"type": "Feature", "geometry": {"type": "Point", "coordinates": [10.6916544, 59.9188093]}, "properties": {"id": 340457233, "feat_type": "way", "quality_categories": "improper_geometries", "issue_ids": "[1]", "osm_url": "https://www.openstreetmap.org/way/340457233", "josm_url": "http://127.0.0.1:8111/load_object?new_layer=false&objects=w340457233", "id_url": "https://www.openstreetmap.org/edit?editor=id&way=340457233#map=20/59.9188093/10.6916544"}}, {"type": "Feature", "geometry": {"type": "Point", "coordinates": [10.6920712, 59.9187189]}, "properties": {"id": 340457244, "feat_type": "way", "quality_categories": "improper_geometries", "issue_ids": "[1]", "osm_url": "https://www.openstreetmap.org/way/340457244", "josm_url": "http://127.0.0.1:8111/load_object?new_layer=false&objects=w340457244", "id_url": "https://www.openstreetmap.org/edit?editor=id&way=340457244#map=20/59.9187189/10.6920712"}}, {"type": "Feature", "geometry": {"type": "Point", "coordinates": [10.7413732, 59.9166058]}, "properties": {"id": 349306454, "feat_type": "way", "quality_categories": "improper_geometries", "issue_ids": "[1]", "osm_url": "https://www.openstreetmap.org/way/349306454", "josm_url": "http://127.0.0.1:8111/load_object?new_layer=false&objects=w349306454", "id_url": "https://www.openstreetmap.org/edit?editor=id&way=349306454#map=20/59.9166058/10.7413732"}}, {"type": "Feature", "geometry": {"type": "Point", "coordinates": [10.7595063, 59.9201321]}, "properties": {"id": 367428058, "feat_type": "way", "quality_categories": "improper_geometries", "issue_ids": "[1]", "osm_url": "https://www.openstreetmap.org/way/367428058", "josm_url": "http://127.0.0.1:8111/load_object?new_layer=false&objects=w367428058", "id_url": "https://www.openstreetmap.org/edit?editor=id&way=367428058#map=20/59.9201321/10.7595063"}}, {"type": "Feature", "geometry": {"type": "Point", "coordinates": [10.7576625, 59.918693]}, "properties": {"id": 367428059, "feat_type": "way", "quality_categories": "improper_geometries", "issue_ids": "[1]", "osm_url": "https://www.openstreetmap.org/way/367428059", "josm_url": "http://127.0.0.1:8111/load_object?new_layer=false&objects=w367428059", "id_url": "https://www.openstreetmap.org/edit?editor=id&way=367428059#map=20/59.918693/10.7576625"}}, {"type": "Feature", "geometry": {"type": "Point", "coordinates": [10.7589038, 59.9191026]}, "properties": {"id": 367428060, "feat_type": "way", "quality_categories": "improper_geometries", "issue_ids": "[1]", "osm_url": "https://www.openstreetmap.org/way/367428060", "josm_url": "http://127.0.0.1:8111/load_object?new_layer=false&objects=w367428060", "id_url": "https://www.openstreetmap.org/edit?editor=id&way=367428060#map=20/59.9191026/10.7589038"}}, {"type": "Feature", "geometry": {"type": "Point", "coordinates": [10.7588339, 59.9201402]}, "properties": {"id": 367428061, "feat_type": "way", "quality_categories": "improper_geometries", "issue_ids": "[1]", "osm_url": "https://www.openstreetmap.org/way/367428061", "josm_url": "http://127.0.0.1:8111/load_object?new_layer=false&objects=w367428061", "id_url": "https://www.openstreetmap.org/edit?editor=id&way=367428061#map=20/59.9201402/10.7588339"}}, {"type": "Feature", "geometry": {"type": "Point", "coordinates": [10.7588339, 59.9200729]}, "properties": {"id": 367428062, "feat_type": "way", "quality_categories": "improper_geometries", "issue_ids": "[1]", "osm_url": "https://www.openstreetmap.org/way/367428062", "josm_url": "http://127.0.0.1:8111/load_object?new_layer=false&objects=w367428062", "id_url": "https://www.openstreetmap.org/edit?editor=id&way=367428062#map=20/59.9200729/10.7588339"}}, {"type": "Feature", "geometry": {"type": "Point", "coordinates": [10.7593007, 59.9190368]}, "properties": {"id": 367428063, "feat_type": "way", "quality_categories": "improper_geometries", "issue_ids": "[1]", "osm_url": "https://www.openstreetmap.org/way/367428063", "josm_url": "http://127.0.0.1:8111/load_object?new_layer=false&objects=w367428063", "id_url": "https://www.openstreetmap.org/edit?editor=id&way=367428063#map=20/59.9190368/10.7593007"}}, {"type": "Feature", "geometry": {"type": "Point", "coordinates": [10.7594225, 59.9187431]}, "properties": {"id": 367428064, "feat_type": "way", "quality_categories": "improper_geometries", "issue_ids": "[1]", "osm_url": "https://www.openstreetmap.org/way/367428064", "josm_url": "http://127.0.0.1:8111/load_object?new_layer=false&objects=w367428064", "id_url": "https://www.openstreetmap.org/edit?editor=id&way=367428064#map=20/59.9187431/10.7594225"}}, {"type": "Feature", "geometry": {"type": "Point", "coordinates": [10.7586346, 59.9171964]}, "properties": {"id": 367428065, "feat_type": "way", "quality_categories": "improper_geometries", "issue_ids": "[1]", "osm_url": "https://www.openstreetmap.org/way/367428065", "josm_url": "http://127.0.0.1:8111/load_object?new_layer=false&objects=w367428065", "id_url": "https://www.openstreetmap.org/edit?editor=id&way=367428065#map=20/59.9171964/10.7586346"}}, {"type": "Feature", "geometry": {"type": "Point", "coordinates": [10.7601029, 59.9180827]}, "properties": {"id": 367428066, "feat_type": "way", "quality_categories": "improper_geometries", "issue_ids": "[1]", "osm_url": "https://www.openstreetmap.org/way/367428066", "josm_url": "http://127.0.0.1:8111/load_object?new_layer=false&objects=w367428066", "id_url": "https://www.openstreetmap.org/edit?editor=id&way=367428066#map=20/59.9180827/10.7601029"}}, {"type": "Feature", "geometry": {"type": "Point", "coordinates": [10.7597049, 59.918161]}, "properties": {"id": 367428067, "feat_type": "way", "quality_categories": "improper_geometries", "issue_ids": "[1]", "osm_url": "https://www.openstreetmap.org/way/367428067", "josm_url": "http://127.0.0.1:8111/load_object?new_layer=false&objects=w367428067", "id_url": "https://www.openstreetmap.org/edit?editor=id&way=367428067#map=20/59.918161/10.7597049"}}, {"type": "Feature", "geometry": {"type": "Point", "coordinates": [10.7571434, 59.9164125]}, "properties": {"id": 367428070, "feat_type": "way", "quality_categories": "improper_geometries", "issue_ids": "[1]", "osm_url": "https://www.openstreetmap.org/way/367428070", "josm_url": "http://127.0.0.1:8111/load_object?new_layer=false&objects=w367428070", "id_url": "https://www.openstreetmap.org/edit?editor=id&way=367428070#map=20/59.9164125/10.7571434"}}, {"type": "Feature", "geometry": {"type": "Point", "coordinates": [10.7594385, 59.9197649]}, "properties": {"id": 367428071, "feat_type": "way", "quality_categories": "improper_geometries", "issue_ids": "[1]", "osm_url": "https://www.openstreetmap.org/way/367428071", "josm_url": "http://127.0.0.1:8111/load_object?new_layer=false&objects=w367428071", "id_url": "https://www.openstreetmap.org/edit?editor=id&way=367428071#map=20/59.9197649/10.7594385"}}, {"type": "Feature", "geometry": {"type": "Point", "coordinates": [10.758751, 59.9175746]}, "properties": {"id": 367428072, "feat_type": "way", "quality_categories": "improper_geometries", "issue_ids": "[1]", "osm_url": "https://www.openstreetmap.org/way/367428072", "josm_url": "http://127.0.0.1:8111/load_object?new_layer=false&objects=w367428072", "id_url": "https://www.openstreetmap.org/edit?editor=id&way=367428072#map=20/59.9175746/10.758751"}}, {"type": "Feature", "geometry": {"type": "Point", "coordinates": [10.7576106, 59.9165022]}, "properties": {"id": 367428076, "feat_type": "way", "quality_categories": "improper_geometries", "issue_ids": "[1]", "osm_url": "https://www.openstreetmap.org/way/367428076", "josm_url": "http://127.0.0.1:8111/load_object?new_layer=false&objects=w367428076", "id_url": "https://www.openstreetmap.org/edit?editor=id&way=367428076#map=20/59.9165022/10.7576106"}}, {"type": "Feature", "geometry": {"type": "Point", "coordinates": [10.7575408, 59.9165612]}, "properties": {"id": 367428077, "feat_type": "way", "quality_categories": "improper_geometries", "issue_ids": "[1]", "osm_url": "https://www.openstreetmap.org/way/367428077", "josm_url": "http://127.0.0.1:8111/load_object?new_layer=false&objects=w367428077", "id_url": "https://www.openstreetmap.org/edit?editor=id&way=367428077#map=20/59.9165612/10.7575408"}}, {"type": "Feature", "geometry": {"type": "Point", "coordinates": [10.7571166, 59.9164516]}, "properties": {"id": 367428078, "feat_type": "way", "quality_categories": "improper_geometries", "issue_ids": "[1]", "osm_url": "https://www.openstreetmap.org/way/367428078", "josm_url": "http://127.0.0.1:8111/load_object?new_layer=false&objects=w367428078", "id_url": "https://www.openstreetmap.org/edit?editor=id&way=367428078#map=20/59.9164516/10.7571166"}}, {"type": "Feature", "geometry": {"type": "Point", "coordinates": [10.7583075, 59.915706]}, "properties": {"id": 367428079, "feat_type": "way", "quality_categories": "improper_geometries", "issue_ids": "[1]", "osm_url": "https://www.openstreetmap.org/way/367428079", "josm_url": "http://127.0.0.1:8111/load_object?new_layer=false&objects=w367428079", "id_url": "https://www.openstreetmap.org/edit?editor=id&way=367428079#map=20/59.915706/10.7583075"}}, {"type": "Feature", "geometry": {"type": "Point", "coordinates": [10.757916, 59.9170785]}, "properties": {"id": 367428081, "feat_type": "way", "quality_categories": "improper_geometries", "issue_ids": "[1]", "osm_url": "https://www.openstreetmap.org/way/367428081", "josm_url": "http://127.0.0.1:8111/load_object?new_layer=false&objects=w367428081", "id_url": "https://www.openstreetmap.org/edit?editor=id&way=367428081#map=20/59.9170785/10.757916"}}, {"type": "Feature", "geometry": {"type": "Point", "coordinates": [10.7574272, 59.916696]}, "properties": {"id": 367428082, "feat_type": "way", "quality_categories": "improper_geometries", "issue_ids": "[1]", "osm_url": "https://www.openstreetmap.org/way/367428082", "josm_url": "http://127.0.0.1:8111/load_object?new_layer=false&objects=w367428082", "id_url": "https://www.openstreetmap.org/edit?editor=id&way=367428082#map=20/59.916696/10.7574272"}}, {"type": "Feature", "geometry": {"type": "Point", "coordinates": [10.756324, 59.9164841]}, "properties": {"id": 367450271, "feat_type": "way", "quality_categories": "improper_geometries", "issue_ids": "[1]", "osm_url": "https://www.openstreetmap.org/way/367450271", "josm_url": "http://127.0.0.1:8111/load_object?new_layer=false&objects=w367450271", "id_url": "https://www.openstreetmap.org/edit?editor=id&way=367450271#map=20/59.9164841/10.756324"}}, {"type": "Feature", "geometry": {"type": "Point", "coordinates": [10.7546728, 59.9150536]}, "properties": {"id": 367450275, "feat_type": "way", "quality_categories": "improper_geometries", "issue_ids": "[1]", "osm_url": "https://www.openstreetmap.org/way/367450275", "josm_url": "http://127.0.0.1:8111/load_object?new_layer=false&objects=w367450275", "id_url": "https://www.openstreetmap.org/edit?editor=id&way=367450275#map=20/59.9150536/10.7546728"}}, {"type": "Feature", "geometry": {"type": "Point", "coordinates": [10.7563627, 59.9157306]}, "properties": {"id": 367450279, "feat_type": "way", "quality_categories": "improper_geometries", "issue_ids": "[1]", "osm_url": "https://www.openstreetmap.org/way/367450279", "josm_url": "http://127.0.0.1:8111/load_object?new_layer=false&objects=w367450279", "id_url": "https://www.openstreetmap.org/edit?editor=id&way=367450279#map=20/59.9157306/10.7563627"}}, {"type": "Feature", "geometry": {"type": "Point", "coordinates": [10.7497005, 59.9136025]}, "properties": {"id": 367450280, "feat_type": "way", "quality_categories": "improper_geometries", "issue_ids": "[1]", "osm_url": "https://www.openstreetmap.org/way/367450280", "josm_url": "http://127.0.0.1:8111/load_object?new_layer=false&objects=w367450280", "id_url": "https://www.openstreetmap.org/edit?editor=id&way=367450280#map=20/59.9136025/10.7497005"}}, {"type": "Feature", "geometry": {"type": "Point", "coordinates": [10.7527251, 59.914382]}, "properties": {"id": 367450282, "feat_type": "way", "quality_categories": "improper_geometries", "issue_ids": "[1]", "osm_url": "https://www.openstreetmap.org/way/367450282", "josm_url": "http://127.0.0.1:8111/load_object?new_layer=false&objects=w367450282", "id_url": "https://www.openstreetmap.org/edit?editor=id&way=367450282#map=20/59.914382/10.7527251"}}, {"type": "Feature", "geometry": {"type": "Point", "coordinates": [10.754975, 59.9150959]}, "properties": {"id": 367450286, "feat_type": "way", "quality_categories": "improper_geometries", "issue_ids": "[1]", "osm_url": "https://www.openstreetmap.org/way/367450286", "josm_url": "http://127.0.0.1:8111/load_object?new_layer=false&objects=w367450286", "id_url": "https://www.openstreetmap.org/edit?editor=id&way=367450286#map=20/59.9150959/10.754975"}}, {"type": "Feature", "geometry": {"type": "Point", "coordinates": [10.7157797, 59.9290363]}, "properties": {"id": 477342683, "feat_type": "way", "quality_categories": "improper_geometries", "issue_ids": "[1]", "osm_url": "https://www.openstreetmap.org/way/477342683", "josm_url": "http://127.0.0.1:8111/load_object?new_layer=false&objects=w477342683", "id_url": "https://www.openstreetmap.org/edit?editor=id&way=477342683#map=20/59.9290363/10.7157797"}}, {"type": "Feature", "geometry": {"type": "Point", "coordinates": [10.7162295, 59.9291423]}, "properties": {"id": 477342688, "feat_type": "way", "quality_categories": "improper_geometries", "issue_ids": "[1]", "osm_url": "https://www.openstreetmap.org/way/477342688", "josm_url": "http://127.0.0.1:8111/load_object?new_layer=false&objects=w477342688", "id_url": "https://www.openstreetmap.org/edit?editor=id&way=477342688#map=20/59.9291423/10.7162295"}}, {"type": "Feature", "geometry": {"type": "Point", "coordinates": [10.7163977, 59.929193]}, "properties": {"id": 477342691, "feat_type": "way", "quality_categories": "improper_geometries", "issue_ids": "[1]", "osm_url": "https://www.openstreetmap.org/way/477342691", "josm_url": "http://127.0.0.1:8111/load_object?new_layer=false&objects=w477342691", "id_url": "https://www.openstreetmap.org/edit?editor=id&way=477342691#map=20/59.929193/10.7163977"}}, {"type": "Feature", "geometry": {"type": "Point", "coordinates": [10.7152549, 59.9289694]}, "properties": {"id": 477342694, "feat_type": "way", "quality_categories": "improper_geometries", "issue_ids": "[1]", "osm_url": "https://www.openstreetmap.org/way/477342694", "josm_url": "http://127.0.0.1:8111/load_object?new_layer=false&objects=w477342694", "id_url": "https://www.openstreetmap.org/edit?editor=id&way=477342694#map=20/59.9289694/10.7152549"}}, {"type": "Feature", "geometry": {"type": "Point", "coordinates": [10.7168385, 59.9293556]}, "properties": {"id": 477342696, "feat_type": "way", "quality_categories": "improper_geometries", "issue_ids": "[1]", "osm_url": "https://www.openstreetmap.org/way/477342696", "josm_url": "http://127.0.0.1:8111/load_object?new_layer=false&objects=w477342696", "id_url": "https://www.openstreetmap.org/edit?editor=id&way=477342696#map=20/59.9293556/10.7168385"}}, {"type": "Feature", "geometry": {"type": "Point", "coordinates": [10.716581, 59.92943]}, "properties": {"id": 477342702, "feat_type": "way", "quality_categories": "improper_geometries", "issue_ids": "[1]", "osm_url": "https://www.openstreetmap.org/way/477342702", "josm_url": "http://127.0.0.1:8111/load_object?new_layer=false&objects=w477342702", "id_url": "https://www.openstreetmap.org/edit?editor=id&way=477342702#map=20/59.92943/10.716581"}}, {"type": "Feature", "geometry": {"type": "Point", "coordinates": [10.7175008, 59.9288531]}, "properties": {"id": 477342704, "feat_type": "way", "quality_categories": "improper_geometries", "issue_ids": "[1]", "osm_url": "https://www.openstreetmap.org/way/477342704", "josm_url": "http://127.0.0.1:8111/load_object?new_layer=false&objects=w477342704", "id_url": "https://www.openstreetmap.org/edit?editor=id&way=477342704#map=20/59.9288531/10.7175008"}}, {"type": "Feature", "geometry": {"type": "Point", "coordinates": [10.7146619, 59.9283366]}, "properties": {"id": 477342705, "feat_type": "way", "quality_categories": "improper_geometries", "issue_ids": "[1]", "osm_url": "https://www.openstreetmap.org/way/477342705", "josm_url": "http://127.0.0.1:8111/load_object?new_layer=false&objects=w477342705", "id_url": "https://www.openstreetmap.org/edit?editor=id&way=477342705#map=20/59.9283366/10.7146619"}}, {"type": "Feature", "geometry": {"type": "Point", "coordinates": [10.7143631, 59.9281492]}, "properties": {"id": 477342706, "feat_type": "way", "quality_categories": "improper_geometries", "issue_ids": "[1]", "osm_url": "https://www.openstreetmap.org/way/477342706", "josm_url": "http://127.0.0.1:8111/load_object?new_layer=false&objects=w477342706", "id_url": "https://www.openstreetmap.org/edit?editor=id&way=477342706#map=20/59.9281492/10.7143631"}}, {"type": "Feature", "geometry": {"type": "Point", "coordinates": [10.714308, 59.9281885]}, "properties": {"id": 477342707, "feat_type": "way", "quality_categories": "improper_geometries", "issue_ids": "[1]", "osm_url": "https://www.openstreetmap.org/way/477342707", "josm_url": "http://127.0.0.1:8111/load_object?new_layer=false&objects=w477342707", "id_url": "https://www.openstreetmap.org/edit?editor=id&way=477342707#map=20/59.9281885/10.714308"}}, {"type": "Feature", "geometry": {"type": "Point", "coordinates": [10.714179, 59.928218]}, "properties": {"id": 477342708, "feat_type": "way", "quality_categories": "improper_geometries", "issue_ids": "[1]", "osm_url": "https://www.openstreetmap.org/way/477342708", "josm_url": "http://127.0.0.1:8111/load_object?new_layer=false&objects=w477342708", "id_url": "https://www.openstreetmap.org/edit?editor=id&way=477342708#map=20/59.928218/10.714179"}}, {"type": "Feature", "geometry": {"type": "Point", "coordinates": [10.7148076, 59.9285435]}, "properties": {"id": 477342709, "feat_type": "way", "quality_categories": "improper_geometries", "issue_ids": "[1]", "osm_url": "https://www.openstreetmap.org/way/477342709", "josm_url": "http://127.0.0.1:8111/load_object?new_layer=false&objects=w477342709", "id_url": "https://www.openstreetmap.org/edit?editor=id&way=477342709#map=20/59.9285435/10.7148076"}}, {"type": "Feature", "geometry": {"type": "Point", "coordinates": [10.7147881, 59.9285516]}, "properties": {"id": 477342710, "feat_type": "way", "quality_categories": "improper_geometries", "issue_ids": "[1]", "osm_url": "https://www.openstreetmap.org/way/477342710", "josm_url": "http://127.0.0.1:8111/load_object?new_layer=false&objects=w477342710", "id_url": "https://www.openstreetmap.org/edit?editor=id&way=477342710#map=20/59.9285516/10.7147881"}}, {"type": "Feature", "geometry": {"type": "Point", "coordinates": [10.7149347, 59.9286422]}, "properties": {"id": 477342711, "feat_type": "way", "quality_categories": "improper_geometries", "issue_ids": "[1]", "osm_url": "https://www.openstreetmap.org/way/477342711", "josm_url": "http://127.0.0.1:8111/load_object?new_layer=false&objects=w477342711", "id_url": "https://www.openstreetmap.org/edit?editor=id&way=477342711#map=20/59.9286422/10.7149347"}}, {"type": "Feature", "geometry": {"type": "Point", "coordinates": [10.7147665, 59.9285381]}, "properties": {"id": 477342712, "feat_type": "way", "quality_categories": "improper_geometries", "issue_ids": "[1]", "osm_url": "https://www.openstreetmap.org/way/477342712", "josm_url": "http://127.0.0.1:8111/load_object?new_layer=false&objects=w477342712", "id_url": "https://www.openstreetmap.org/edit?editor=id&way=477342712#map=20/59.9285381/10.7147665"}}, {"type": "Feature", "geometry": {"type": "Point", "coordinates": [10.7151643, 59.9286522]}, "properties": {"id": 477342713, "feat_type": "way", "quality_categories": "improper_geometries", "issue_ids": "[1]", "osm_url": "https://www.openstreetmap.org/way/477342713", "josm_url": "http://127.0.0.1:8111/load_object?new_layer=false&objects=w477342713", "id_url": "https://www.openstreetmap.org/edit?editor=id&way=477342713#map=20/59.9286522/10.7151643"}}, {"type": "Feature", "geometry": {"type": "Point", "coordinates": [10.7147083, 59.9283404]}, "properties": {"id": 477342714, "feat_type": "way", "quality_categories": "improper_geometries", "issue_ids": "[1]", "osm_url": "https://www.openstreetmap.org/way/477342714", "josm_url": "http://127.0.0.1:8111/load_object?new_layer=false&objects=w477342714", "id_url": "https://www.openstreetmap.org/edit?editor=id&way=477342714#map=20/59.9283404/10.7147083"}}, {"type": "Feature", "geometry": {"type": "Point", "coordinates": [10.7146866, 59.9285942]}, "properties": {"id": 477342715, "feat_type": "way", "quality_categories": "improper_geometries", "issue_ids": "[1]", "osm_url": "https://www.openstreetmap.org/way/477342715", "josm_url": "http://127.0.0.1:8111/load_object?new_layer=false&objects=w477342715", "id_url": "https://www.openstreetmap.org/edit?editor=id&way=477342715#map=20/59.9285942/10.7146866"}}, {"type": "Feature", "geometry": {"type": "Point", "coordinates": [10.7149625, 59.9288141]}, "properties": {"id": 477342716, "feat_type": "way", "quality_categories": "improper_geometries", "issue_ids": "[1]", "osm_url": "https://www.openstreetmap.org/way/477342716", "josm_url": "http://127.0.0.1:8111/load_object?new_layer=false&objects=w477342716", "id_url": "https://www.openstreetmap.org/edit?editor=id&way=477342716#map=20/59.9288141/10.7149625"}}, {"type": "Feature", "geometry": {"type": "Point", "coordinates": [10.7159621, 59.9292592]}, "properties": {"id": 477342717, "feat_type": "way", "quality_categories": "improper_geometries", "issue_ids": "[1]", "osm_url": "https://www.openstreetmap.org/way/477342717", "josm_url": "http://127.0.0.1:8111/load_object?new_layer=false&objects=w477342717", "id_url": "https://www.openstreetmap.org/edit?editor=id&way=477342717#map=20/59.9292592/10.7159621"}}, {"type": "Feature", "geometry": {"type": "Point", "coordinates": [10.7168729, 59.9291046]}, "properties": {"id": 477342718, "feat_type": "way", "quality_categories": "improper_geometries", "issue_ids": "[1]", "osm_url": "https://www.openstreetmap.org/way/477342718", "josm_url": "http://127.0.0.1:8111/load_object?new_layer=false&objects=w477342718", "id_url": "https://www.openstreetmap.org/edit?editor=id&way=477342718#map=20/59.9291046/10.7168729"}}, {"type": "Feature", "geometry": {"type": "Point", "coordinates": [10.7265686, 59.911918]}, "properties": {"id": 478730033, "feat_type": "way", "quality_categories": "improper_geometries", "issue_ids": "[1]", "osm_url": "https://www.openstreetmap.org/way/478730033", "josm_url": "http://127.0.0.1:8111/load_object?new_layer=false&objects=w478730033", "id_url": "https://www.openstreetmap.org/edit?editor=id&way=478730033#map=20/59.911918/10.7265686"}}, {"type": "Feature", "geometry": {"type": "Point", "coordinates": [10.7266109, 59.9119613]}, "properties": {"id": 478730034, "feat_type": "way", "quality_categories": "improper_geometries", "issue_ids": "[1]", "osm_url": "https://www.openstreetmap.org/way/478730034", "josm_url": "http://127.0.0.1:8111/load_object?new_layer=false&objects=w478730034", "id_url": "https://www.openstreetmap.org/edit?editor=id&way=478730034#map=20/59.9119613/10.7266109"}}, {"type": "Feature", "geometry": {"type": "Point", "coordinates": [10.7265464, 59.9119302]}, "properties": {"id": 478730035, "feat_type": "way", "quality_categories": "improper_geometries", "issue_ids": "[1]", "osm_url": "https://www.openstreetmap.org/way/478730035", "josm_url": "http://127.0.0.1:8111/load_object?new_layer=false&objects=w478730035", "id_url": "https://www.openstreetmap.org/edit?editor=id&way=478730035#map=20/59.9119302/10.7265464"}}, {"type": "Feature", "geometry": {"type": "Point", "coordinates": [10.7265284, 59.9119053]}, "properties": {"id": 478730036, "feat_type": "way", "quality_categories": "improper_geometries", "issue_ids": "[1]", "osm_url": "https://www.openstreetmap.org/way/478730036", "josm_url": "http://127.0.0.1:8111/load_object?new_layer=false&objects=w478730036", "id_url": "https://www.openstreetmap.org/edit?editor=id&way=478730036#map=20/59.9119053/10.7265284"}}, {"type": "Feature", "geometry": {"type": "Point", "coordinates": [10.7250512, 59.9124232]}, "properties": {"id": 478730039, "feat_type": "way", "quality_categories": "improper_geometries", "issue_ids": "[1]", "osm_url": "https://www.openstreetmap.org/way/478730039", "josm_url": "http://127.0.0.1:8111/load_object?new_layer=false&objects=w478730039", "id_url": "https://www.openstreetmap.org/edit?editor=id&way=478730039#map=20/59.9124232/10.7250512"}}, {"type": "Feature", "geometry": {"type": "Point", "coordinates": [10.7248483, 59.9111104]}, "properties": {"id": 478730044, "feat_type": "way", "quality_categories": "improper_geometries", "issue_ids": "[1]", "osm_url": "https://www.openstreetmap.org/way/478730044", "josm_url": "http://127.0.0.1:8111/load_object?new_layer=false&objects=w478730044", "id_url": "https://www.openstreetmap.org/edit?editor=id&way=478730044#map=20/59.9111104/10.7248483"}}, {"type": "Feature", "geometry": {"type": "Point", "coordinates": [10.7252636, 59.9124075]}, "properties": {"id": 478730045, "feat_type": "way", "quality_categories": "improper_geometries", "issue_ids": "[1]", "osm_url": "https://www.openstreetmap.org/way/478730045", "josm_url": "http://127.0.0.1:8111/load_object?new_layer=false&objects=w478730045", "id_url": "https://www.openstreetmap.org/edit?editor=id&way=478730045#map=20/59.9124075/10.7252636"}}, {"type": "Feature", "geometry": {"type": "Point", "coordinates": [10.7258509, 59.9120786]}, "properties": {"id": 478730046, "feat_type": "way", "quality_categories": "improper_geometries", "issue_ids": "[1]", "osm_url": "https://www.openstreetmap.org/way/478730046", "josm_url": "http://127.0.0.1:8111/load_object?new_layer=false&objects=w478730046", "id_url": "https://www.openstreetmap.org/edit?editor=id&way=478730046#map=20/59.9120786/10.7258509"}}, {"type": "Feature", "geometry": {"type": "Point", "coordinates": [10.7235675, 59.9130715]}, "properties": {"id": 478730049, "feat_type": "way", "quality_categories": "improper_geometries", "issue_ids": "[1]", "osm_url": "https://www.openstreetmap.org/way/478730049", "josm_url": "http://127.0.0.1:8111/load_object?new_layer=false&objects=w478730049", "id_url": "https://www.openstreetmap.org/edit?editor=id&way=478730049#map=20/59.9130715/10.7235675"}}, {"type": "Feature", "geometry": {"type": "Point", "coordinates": [10.7234909, 59.9130584]}, "properties": {"id": 478730052, "feat_type": "way", "quality_categories": "improper_geometries", "issue_ids": "[1]", "osm_url": "https://www.openstreetmap.org/way/478730052", "josm_url": "http://127.0.0.1:8111/load_object?new_layer=false&objects=w478730052", "id_url": "https://www.openstreetmap.org/edit?editor=id&way=478730052#map=20/59.9130584/10.7234909"}}, {"type": "Feature", "geometry": {"type": "Point", "coordinates": [10.7233592, 59.9131638]}, "properties": {"id": 478730053, "feat_type": "way", "quality_categories": "improper_geometries", "issue_ids": "[1]", "osm_url": "https://www.openstreetmap.org/way/478730053", "josm_url": "http://127.0.0.1:8111/load_object?new_layer=false&objects=w478730053", "id_url": "https://www.openstreetmap.org/edit?editor=id&way=478730053#map=20/59.9131638/10.7233592"}}, {"type": "Feature", "geometry": {"type": "Point", "coordinates": [10.7210379, 59.9139268]}, "properties": {"id": 478730058, "feat_type": "way", "quality_categories": "improper_geometries", "issue_ids": "[1]", "osm_url": "https://www.openstreetmap.org/way/478730058", "josm_url": "http://127.0.0.1:8111/load_object?new_layer=false&objects=w478730058", "id_url": "https://www.openstreetmap.org/edit?editor=id&way=478730058#map=20/59.9139268/10.7210379"}}, {"type": "Feature", "geometry": {"type": "Point", "coordinates": [10.7208685, 59.9143555]}, "properties": {"id": 478730059, "feat_type": "way", "quality_categories": "improper_geometries", "issue_ids": "[1]", "osm_url": "https://www.openstreetmap.org/way/478730059", "josm_url": "http://127.0.0.1:8111/load_object?new_layer=false&objects=w478730059", "id_url": "https://www.openstreetmap.org/edit?editor=id&way=478730059#map=20/59.9143555/10.7208685"}}, {"type": "Feature", "geometry": {"type": "Point", "coordinates": [10.765990155667287, 59.90936135]}, "properties": {"id": 480873729, "feat_type": "way", "quality_categories": "improper_geometries", "issue_ids": "[1]", "osm_url": "https://www.openstreetmap.org/way/480873729", "josm_url": "http://127.0.0.1:8111/load_object?new_layer=false&objects=w480873729", "id_url": "https://www.openstreetmap.org/edit?editor=id&way=480873729#map=20/59.90936135/10.765990155667287"}}, {"type": "Feature", "geometry": {"type": "Point", "coordinates": [10.766319241726627, 59.9092254]}, "properties": {"id": 480873731, "feat_type": "way", "quality_categories": "improper_geometries", "issue_ids": "[1]", "osm_url": "https://www.openstreetmap.org/way/480873731", "josm_url": "http://127.0.0.1:8111/load_object?new_layer=false&objects=w480873731", "id_url": "https://www.openstreetmap.org/edit?editor=id&way=480873731#map=20/59.9092254/10.766319241726627"}}, {"type": "Feature", "geometry": {"type": "Point", "coordinates": [10.7556028, 59.9125766]}, "properties": {"id": 505897409, "feat_type": "way", "quality_categories": "improper_geometries", "issue_ids": "[1]", "osm_url": "https://www.openstreetmap.org/way/505897409", "josm_url": "http://127.0.0.1:8111/load_object?new_layer=false&objects=w505897409", "id_url": "https://www.openstreetmap.org/edit?editor=id&way=505897409#map=20/59.9125766/10.7556028"}}, {"type": "Feature", "geometry": {"type": "Point", "coordinates": [10.7607976, 59.9109556]}, "properties": {"id": 507032340, "feat_type": "way", "quality_categories": "improper_geometries", "issue_ids": "[1]", "osm_url": "https://www.openstreetmap.org/way/507032340", "josm_url": "http://127.0.0.1:8111/load_object?new_layer=false&objects=w507032340", "id_url": "https://www.openstreetmap.org/edit?editor=id&way=507032340#map=20/59.9109556/10.7607976"}}, {"type": "Feature", "geometry": {"type": "Point", "coordinates": [10.7508705, 59.9118556]}, "properties": {"id": 516184343, "feat_type": "way", "quality_categories": "improper_geometries", "issue_ids": "[1]", "osm_url": "https://www.openstreetmap.org/way/516184343", "josm_url": "http://127.0.0.1:8111/load_object?new_layer=false&objects=w516184343", "id_url": "https://www.openstreetmap.org/edit?editor=id&way=516184343#map=20/59.9118556/10.7508705"}}, {"type": "Feature", "geometry": {"type": "Point", "coordinates": [10.7884756, 59.9362432]}, "properties": {"id": 526425097, "feat_type": "way", "quality_categories": "improper_geometries", "issue_ids": "[1]", "osm_url": "https://www.openstreetmap.org/way/526425097", "josm_url": "http://127.0.0.1:8111/load_object?new_layer=false&objects=w526425097", "id_url": "https://www.openstreetmap.org/edit?editor=id&way=526425097#map=20/59.9362432/10.7884756"}}, {"type": "Feature", "geometry": {"type": "Point", "coordinates": [10.7870438, 59.9367594]}, "properties": {"id": 526425098, "feat_type": "way", "quality_categories": "improper_geometries", "issue_ids": "[1]", "osm_url": "https://www.openstreetmap.org/way/526425098", "josm_url": "http://127.0.0.1:8111/load_object?new_layer=false&objects=w526425098", "id_url": "https://www.openstreetmap.org/edit?editor=id&way=526425098#map=20/59.9367594/10.7870438"}}, {"type": "Feature", "geometry": {"type": "Point", "coordinates": [10.7857751, 59.9370286]}, "properties": {"id": 526425101, "feat_type": "way", "quality_categories": "improper_geometries", "issue_ids": "[1]", "osm_url": "https://www.openstreetmap.org/way/526425101", "josm_url": "http://127.0.0.1:8111/load_object?new_layer=false&objects=w526425101", "id_url": "https://www.openstreetmap.org/edit?editor=id&way=526425101#map=20/59.9370286/10.7857751"}}, {"type": "Feature", "geometry": {"type": "Point", "coordinates": [10.7875659, 59.9362765]}, "properties": {"id": 526425103, "feat_type": "way", "quality_categories": "improper_geometries", "issue_ids": "[1]", "osm_url": "https://www.openstreetmap.org/way/526425103", "josm_url": "http://127.0.0.1:8111/load_object?new_layer=false&objects=w526425103", "id_url": "https://www.openstreetmap.org/edit?editor=id&way=526425103#map=20/59.9362765/10.7875659"}}, {"type": "Feature", "geometry": {"type": "Point", "coordinates": [10.7866581, 59.9365884]}, "properties": {"id": 526425106, "feat_type": "way", "quality_categories": "improper_geometries", "issue_ids": "[1]", "osm_url": "https://www.openstreetmap.org/way/526425106", "josm_url": "http://127.0.0.1:8111/load_object?new_layer=false&objects=w526425106", "id_url": "https://www.openstreetmap.org/edit?editor=id&way=526425106#map=20/59.9365884/10.7866581"}}, {"type": "Feature", "geometry": {"type": "Point", "coordinates": [10.7858407, 59.9368758]}, "properties": {"id": 526425110, "feat_type": "way", "quality_categories": "improper_geometries", "issue_ids": "[1]", "osm_url": "https://www.openstreetmap.org/way/526425110", "josm_url": "http://127.0.0.1:8111/load_object?new_layer=false&objects=w526425110", "id_url": "https://www.openstreetmap.org/edit?editor=id&way=526425110#map=20/59.9368758/10.7858407"}}, {"type": "Feature", "geometry": {"type": "Point", "coordinates": [10.7862428, 59.937203]}, "properties": {"id": 526425112, "feat_type": "way", "quality_categories": "improper_geometries", "issue_ids": "[1]", "osm_url": "https://www.openstreetmap.org/way/526425112", "josm_url": "http://127.0.0.1:8111/load_object?new_layer=false&objects=w526425112", "id_url": "https://www.openstreetmap.org/edit?editor=id&way=526425112#map=20/59.937203/10.7862428"}}, {"type": "Feature", "geometry": {"type": "Point", "coordinates": [10.7432499, 59.9051562]}, "properties": {"id": 620402895, "feat_type": "way", "quality_categories": "improper_geometries", "issue_ids": "[1]", "osm_url": "https://www.openstreetmap.org/way/620402895", "josm_url": "http://127.0.0.1:8111/load_object?new_layer=false&objects=w620402895", "id_url": "https://www.openstreetmap.org/edit?editor=id&way=620402895#map=20/59.9051562/10.7432499"}}, {"type": "Feature", "geometry": {"type": "Point", "coordinates": [10.7422528, 59.9031266]}, "properties": {"id": 620402899, "feat_type": "way", "quality_categories": "improper_geometries", "issue_ids": "[1]", "osm_url": "https://www.openstreetmap.org/way/620402899", "josm_url": "http://127.0.0.1:8111/load_object?new_layer=false&objects=w620402899", "id_url": "https://www.openstreetmap.org/edit?editor=id&way=620402899#map=20/59.9031266/10.7422528"}}, {"type": "Feature", "geometry": {"type": "Point", "coordinates": [10.7412088, 59.9034229]}, "properties": {"id": 620402900, "feat_type": "way", "quality_categories": "improper_geometries", "issue_ids": "[1]", "osm_url": "https://www.openstreetmap.org/way/620402900", "josm_url": "http://127.0.0.1:8111/load_object?new_layer=false&objects=w620402900", "id_url": "https://www.openstreetmap.org/edit?editor=id&way=620402900#map=20/59.9034229/10.7412088"}}, {"type": "Feature", "geometry": {"type": "Point", "coordinates": [10.7421168, 59.9040933]}, "properties": {"id": 620402905, "feat_type": "way", "quality_categories": "improper_geometries", "issue_ids": "[1]", "osm_url": "https://www.openstreetmap.org/way/620402905", "josm_url": "http://127.0.0.1:8111/load_object?new_layer=false&objects=w620402905", "id_url": "https://www.openstreetmap.org/edit?editor=id&way=620402905#map=20/59.9040933/10.7421168"}}, {"type": "Feature", "geometry": {"type": "Point", "coordinates": [10.742541, 59.9046091]}, "properties": {"id": 620402909, "feat_type": "way", "quality_categories": "improper_geometries", "issue_ids": "[1]", "osm_url": "https://www.openstreetmap.org/way/620402909", "josm_url": "http://127.0.0.1:8111/load_object?new_layer=false&objects=w620402909", "id_url": "https://www.openstreetmap.org/edit?editor=id&way=620402909#map=20/59.9046091/10.742541"}}, {"type": "Feature", "geometry": {"type": "Point", "coordinates": [10.7421502, 59.9041577]}, "properties": {"id": 620402910, "feat_type": "way", "quality_categories": "improper_geometries", "issue_ids": "[1]", "osm_url": "https://www.openstreetmap.org/way/620402910", "josm_url": "http://127.0.0.1:8111/load_object?new_layer=false&objects=w620402910", "id_url": "https://www.openstreetmap.org/edit?editor=id&way=620402910#map=20/59.9041577/10.7421502"}}, {"type": "Feature", "geometry": {"type": "Point", "coordinates": [10.7370654, 59.9168989]}, "properties": {"id": 661274569, "feat_type": "way", "quality_categories": "improper_geometries", "issue_ids": "[1]", "osm_url": "https://www.openstreetmap.org/way/661274569", "josm_url": "http://127.0.0.1:8111/load_object?new_layer=false&objects=w661274569", "id_url": "https://www.openstreetmap.org/edit?editor=id&way=661274569#map=20/59.9168989/10.7370654"}}, {"type": "Feature", "geometry": {"type": "Point", "coordinates": [10.73843, 59.9165589]}, "properties": {"id": 661274570, "feat_type": "way", "quality_categories": "improper_geometries", "issue_ids": "[1]", "osm_url": "https://www.openstreetmap.org/way/661274570", "josm_url": "http://127.0.0.1:8111/load_object?new_layer=false&objects=w661274570", "id_url": "https://www.openstreetmap.org/edit?editor=id&way=661274570#map=20/59.9165589/10.73843"}}, {"type": "Feature", "geometry": {"type": "Point", "coordinates": [10.7416637, 59.9109928]}, "properties": {"id": 663292057, "feat_type": "way", "quality_categories": "improper_geometries", "issue_ids": "[1]", "osm_url": "https://www.openstreetmap.org/way/663292057", "josm_url": "http://127.0.0.1:8111/load_object?new_layer=false&objects=w663292057", "id_url": "https://www.openstreetmap.org/edit?editor=id&way=663292057#map=20/59.9109928/10.7416637"}}, {"type": "Feature", "geometry": {"type": "Point", "coordinates": [10.7424013, 59.910901]}, "properties": {"id": 663292058, "feat_type": "way", "quality_categories": "improper_geometries", "issue_ids": "[1]", "osm_url": "https://www.openstreetmap.org/way/663292058", "josm_url": "http://127.0.0.1:8111/load_object?new_layer=false&objects=w663292058", "id_url": "https://www.openstreetmap.org/edit?editor=id&way=663292058#map=20/59.910901/10.7424013"}}, {"type": "Feature", "geometry": {"type": "Point", "coordinates": [10.7438373, 59.9105549]}, "properties": {"id": 663292107, "feat_type": "way", "quality_categories": "improper_geometries", "issue_ids": "[1]", "osm_url": "https://www.openstreetmap.org/way/663292107", "josm_url": "http://127.0.0.1:8111/load_object?new_layer=false&objects=w663292107", "id_url": "https://www.openstreetmap.org/edit?editor=id&way=663292107#map=20/59.9105549/10.7438373"}}, {"type": "Feature", "geometry": {"type": "Point", "coordinates": [10.7491588, 59.9095208]}, "properties": {"id": 663292113, "feat_type": "way", "quality_categories": "improper_geometries", "issue_ids": "[1]", "osm_url": "https://www.openstreetmap.org/way/663292113", "josm_url": "http://127.0.0.1:8111/load_object?new_layer=false&objects=w663292113", "id_url": "https://www.openstreetmap.org/edit?editor=id&way=663292113#map=20/59.9095208/10.7491588"}}, {"type": "Feature", "geometry": {"type": "Point", "coordinates": [10.7498046, 59.9089761]}, "properties": {"id": 663292114, "feat_type": "way", "quality_categories": "improper_geometries", "issue_ids": "[1]", "osm_url": "https://www.openstreetmap.org/way/663292114", "josm_url": "http://127.0.0.1:8111/load_object?new_layer=false&objects=w663292114", "id_url": "https://www.openstreetmap.org/edit?editor=id&way=663292114#map=20/59.9089761/10.7498046"}}, {"type": "Feature", "geometry": {"type": "Point", "coordinates": [10.74857, 59.909362]}, "properties": {"id": 663292116, "feat_type": "way", "quality_categories": "improper_geometries", "issue_ids": "[1]", "osm_url": "https://www.openstreetmap.org/way/663292116", "josm_url": "http://127.0.0.1:8111/load_object?new_layer=false&objects=w663292116", "id_url": "https://www.openstreetmap.org/edit?editor=id&way=663292116#map=20/59.909362/10.74857"}}, {"type": "Feature", "geometry": {"type": "Point", "coordinates": [10.7479542, 59.9094354]}, "properties": {"id": 663292117, "feat_type": "way", "quality_categories": "improper_geometries", "issue_ids": "[1]", "osm_url": "https://www.openstreetmap.org/way/663292117", "josm_url": "http://127.0.0.1:8111/load_object?new_layer=false&objects=w663292117", "id_url": "https://www.openstreetmap.org/edit?editor=id&way=663292117#map=20/59.9094354/10.7479542"}}, {"type": "Feature", "geometry": {"type": "Point", "coordinates": [10.7469207, 59.9087043]}, "properties": {"id": 663292118, "feat_type": "way", "quality_categories": "improper_geometries", "issue_ids": "[1]", "osm_url": "https://www.openstreetmap.org/way/663292118", "josm_url": "http://127.0.0.1:8111/load_object?new_layer=false&objects=w663292118", "id_url": "https://www.openstreetmap.org/edit?editor=id&way=663292118#map=20/59.9087043/10.7469207"}}, {"type": "Feature", "geometry": {"type": "Point", "coordinates": [10.7491956, 59.909743]}, "properties": {"id": 663292121, "feat_type": "way", "quality_categories": "improper_geometries", "issue_ids": "[1]", "osm_url": "https://www.openstreetmap.org/way/663292121", "josm_url": "http://127.0.0.1:8111/load_object?new_layer=false&objects=w663292121", "id_url": "https://www.openstreetmap.org/edit?editor=id&way=663292121#map=20/59.909743/10.7491956"}}, {"type": "Feature", "geometry": {"type": "Point", "coordinates": [10.7493204, 59.9098836]}, "properties": {"id": 663292122, "feat_type": "way", "quality_categories": "improper_geometries", "issue_ids": "[1]", "osm_url": "https://www.openstreetmap.org/way/663292122", "josm_url": "http://127.0.0.1:8111/load_object?new_layer=false&objects=w663292122", "id_url": "https://www.openstreetmap.org/edit?editor=id&way=663292122#map=20/59.9098836/10.7493204"}}, {"type": "Feature", "geometry": {"type": "Point", "coordinates": [10.7477637, 59.9095927]}, "properties": {"id": 663292123, "feat_type": "way", "quality_categories": "improper_geometries", "issue_ids": "[1]", "osm_url": "https://www.openstreetmap.org/way/663292123", "josm_url": "http://127.0.0.1:8111/load_object?new_layer=false&objects=w663292123", "id_url": "https://www.openstreetmap.org/edit?editor=id&way=663292123#map=20/59.9095927/10.7477637"}}, {"type": "Feature", "geometry": {"type": "Point", "coordinates": [10.7456513, 59.9096753]}, "properties": {"id": 663292132, "feat_type": "way", "quality_categories": "improper_geometries", "issue_ids": "[1]", "osm_url": "https://www.openstreetmap.org/way/663292132", "josm_url": "http://127.0.0.1:8111/load_object?new_layer=false&objects=w663292132", "id_url": "https://www.openstreetmap.org/edit?editor=id&way=663292132#map=20/59.9096753/10.7456513"}}, {"type": "Feature", "geometry": {"type": "Point", "coordinates": [10.7440898, 59.9104006]}, "properties": {"id": 663292133, "feat_type": "way", "quality_categories": "improper_geometries", "issue_ids": "[1]", "osm_url": "https://www.openstreetmap.org/way/663292133", "josm_url": "http://127.0.0.1:8111/load_object?new_layer=false&objects=w663292133", "id_url": "https://www.openstreetmap.org/edit?editor=id&way=663292133#map=20/59.9104006/10.7440898"}}, {"type": "Feature", "geometry": {"type": "Point", "coordinates": [10.7433827, 59.910577]}, "properties": {"id": 663292134, "feat_type": "way", "quality_categories": "improper_geometries", "issue_ids": "[1]", "osm_url": "https://www.openstreetmap.org/way/663292134", "josm_url": "http://127.0.0.1:8111/load_object?new_layer=false&objects=w663292134", "id_url": "https://www.openstreetmap.org/edit?editor=id&way=663292134#map=20/59.910577/10.7433827"}}, {"type": "Feature", "geometry": {"type": "Point", "coordinates": [10.746774, 59.9098388]}, "properties": {"id": 663292135, "feat_type": "way", "quality_categories": "improper_geometries", "issue_ids": "[1]", "osm_url": "https://www.openstreetmap.org/way/663292135", "josm_url": "http://127.0.0.1:8111/load_object?new_layer=false&objects=w663292135", "id_url": "https://www.openstreetmap.org/edit?editor=id&way=663292135#map=20/59.9098388/10.746774"}}, {"type": "Feature", "geometry": {"type": "Point", "coordinates": [10.745058, 59.9102411]}, "properties": {"id": 663292136, "feat_type": "way", "quality_categories": "improper_geometries", "issue_ids": "[1]", "osm_url": "https://www.openstreetmap.org/way/663292136", "josm_url": "http://127.0.0.1:8111/load_object?new_layer=false&objects=w663292136", "id_url": "https://www.openstreetmap.org/edit?editor=id&way=663292136#map=20/59.9102411/10.745058"}}, {"type": "Feature", "geometry": {"type": "Point", "coordinates": [10.749818, 59.9104518]}, "properties": {"id": 663315961, "feat_type": "way", "quality_categories": "improper_geometries", "issue_ids": "[1]", "osm_url": "https://www.openstreetmap.org/way/663315961", "josm_url": "http://127.0.0.1:8111/load_object?new_layer=false&objects=w663315961", "id_url": "https://www.openstreetmap.org/edit?editor=id&way=663315961#map=20/59.9104518/10.749818"}}, {"type": "Feature", "geometry": {"type": "Point", "coordinates": [10.7499095, 59.9104722]}, "properties": {"id": 663315962, "feat_type": "way", "quality_categories": "improper_geometries", "issue_ids": "[1]", "osm_url": "https://www.openstreetmap.org/way/663315962", "josm_url": "http://127.0.0.1:8111/load_object?new_layer=false&objects=w663315962", "id_url": "https://www.openstreetmap.org/edit?editor=id&way=663315962#map=20/59.9104722/10.7499095"}}, {"type": "Feature", "geometry": {"type": "Point", "coordinates": [10.749818, 59.9104518]}, "properties": {"id": 663315963, "feat_type": "way", "quality_categories": "improper_geometries", "issue_ids": "[1]", "osm_url": "https://www.openstreetmap.org/way/663315963", "josm_url": "http://127.0.0.1:8111/load_object?new_layer=false&objects=w663315963", "id_url": "https://www.openstreetmap.org/edit?editor=id&way=663315963#map=20/59.9104518/10.749818"}}, {"type": "Feature", "geometry": {"type": "Point", "coordinates": [10.7492336, 59.9108123]}, "properties": {"id": 663315969, "feat_type": "way", "quality_categories": "improper_geometries", "issue_ids": "[1]", "osm_url": "https://www.openstreetmap.org/way/663315969", "josm_url": "http://127.0.0.1:8111/load_object?new_layer=false&objects=w663315969", "id_url": "https://www.openstreetmap.org/edit?editor=id&way=663315969#map=20/59.9108123/10.7492336"}}, {"type": "Feature", "geometry": {"type": "Point", "coordinates": [10.7502932, 59.9091226]}, "properties": {"id": 664221807, "feat_type": "way", "quality_categories": "improper_geometries", "issue_ids": "[1]", "osm_url": "https://www.openstreetmap.org/way/664221807", "josm_url": "http://127.0.0.1:8111/load_object?new_layer=false&objects=w664221807", "id_url": "https://www.openstreetmap.org/edit?editor=id&way=664221807#map=20/59.9091226/10.7502932"}}, {"type": "Feature", "geometry": {"type": "Point", "coordinates": [10.7499931, 59.9088261]}, "properties": {"id": 664221808, "feat_type": "way", "quality_categories": "improper_geometries", "issue_ids": "[1]", "osm_url": "https://www.openstreetmap.org/way/664221808", "josm_url": "http://127.0.0.1:8111/load_object?new_layer=false&objects=w664221808", "id_url": "https://www.openstreetmap.org/edit?editor=id&way=664221808#map=20/59.9088261/10.7499931"}}, {"type": "Feature", "geometry": {"type": "Point", "coordinates": [10.7489865, 59.9091834]}, "properties": {"id": 664221809, "feat_type": "way", "quality_categories": "improper_geometries", "issue_ids": "[1]", "osm_url": "https://www.openstreetmap.org/way/664221809", "josm_url": "http://127.0.0.1:8111/load_object?new_layer=false&objects=w664221809", "id_url": "https://www.openstreetmap.org/edit?editor=id&way=664221809#map=20/59.9091834/10.7489865"}}, {"type": "Feature", "geometry": {"type": "Point", "coordinates": [10.7497041, 59.9090015]}, "properties": {"id": 664221810, "feat_type": "way", "quality_categories": "improper_geometries", "issue_ids": "[1]", "osm_url": "https://www.openstreetmap.org/way/664221810", "josm_url": "http://127.0.0.1:8111/load_object?new_layer=false&objects=w664221810", "id_url": "https://www.openstreetmap.org/edit?editor=id&way=664221810#map=20/59.9090015/10.7497041"}}, {"type": "Feature", "geometry": {"type": "Point", "coordinates": [10.7502663, 59.9088646]}, "properties": {"id": 664221811, "feat_type": "way", "quality_categories": "improper_geometries", "issue_ids": "[1]", "osm_url": "https://www.openstreetmap.org/way/664221811", "josm_url": "http://127.0.0.1:8111/load_object?new_layer=false&objects=w664221811", "id_url": "https://www.openstreetmap.org/edit?editor=id&way=664221811#map=20/59.9088646/10.7502663"}}, {"type": "Feature", "geometry": {"type": "Point", "coordinates": [10.7503963, 59.9088319]}, "properties": {"id": 664221812, "feat_type": "way", "quality_categories": "improper_geometries", "issue_ids": "[1]", "osm_url": "https://www.openstreetmap.org/way/664221812", "josm_url": "http://127.0.0.1:8111/load_object?new_layer=false&objects=w664221812", "id_url": "https://www.openstreetmap.org/edit?editor=id&way=664221812#map=20/59.9088319/10.7503963"}}, {"type": "Feature", "geometry": {"type": "Point", "coordinates": [10.7503122, 59.9096467]}, "properties": {"id": 664221814, "feat_type": "way", "quality_categories": "improper_geometries", "issue_ids": "[1]", "osm_url": "https://www.openstreetmap.org/way/664221814", "josm_url": "http://127.0.0.1:8111/load_object?new_layer=false&objects=w664221814", "id_url": "https://www.openstreetmap.org/edit?editor=id&way=664221814#map=20/59.9096467/10.7503122"}}, {"type": "Feature", "geometry": {"type": "Point", "coordinates": [10.755751, 59.9086212]}, "properties": {"id": 664221816, "feat_type": "way", "quality_categories": "improper_geometries", "issue_ids": "[1]", "osm_url": "https://www.openstreetmap.org/way/664221816", "josm_url": "http://127.0.0.1:8111/load_object?new_layer=false&objects=w664221816", "id_url": "https://www.openstreetmap.org/edit?editor=id&way=664221816#map=20/59.9086212/10.755751"}}, {"type": "Feature", "geometry": {"type": "Point", "coordinates": [10.7557037, 59.9085783]}, "properties": {"id": 664221817, "feat_type": "way", "quality_categories": "improper_geometries", "issue_ids": "[1]", "osm_url": "https://www.openstreetmap.org/way/664221817", "josm_url": "http://127.0.0.1:8111/load_object?new_layer=false&objects=w664221817", "id_url": "https://www.openstreetmap.org/edit?editor=id&way=664221817#map=20/59.9085783/10.7557037"}}, {"type": "Feature", "geometry": {"type": "Point", "coordinates": [10.7558309, 59.9081992]}, "properties": {"id": 664221818, "feat_type": "way", "quality_categories": "improper_geometries", "issue_ids": "[1]", "osm_url": "https://www.openstreetmap.org/way/664221818", "josm_url": "http://127.0.0.1:8111/load_object?new_layer=false&objects=w664221818", "id_url": "https://www.openstreetmap.org/edit?editor=id&way=664221818#map=20/59.9081992/10.7558309"}}, {"type": "Feature", "geometry": {"type": "Point", "coordinates": [10.7556577, 59.9082045]}, "properties": {"id": 664221820, "feat_type": "way", "quality_categories": "improper_geometries", "issue_ids": "[1]", "osm_url": "https://www.openstreetmap.org/way/664221820", "josm_url": "http://127.0.0.1:8111/load_object?new_layer=false&objects=w664221820", "id_url": "https://www.openstreetmap.org/edit?editor=id&way=664221820#map=20/59.9082045/10.7556577"}}, {"type": "Feature", "geometry": {"type": "Point", "coordinates": [10.7535234, 59.9087244]}, "properties": {"id": 664221821, "feat_type": "way", "quality_categories": "improper_geometries", "issue_ids": "[1]", "osm_url": "https://www.openstreetmap.org/way/664221821", "josm_url": "http://127.0.0.1:8111/load_object?new_layer=false&objects=w664221821", "id_url": "https://www.openstreetmap.org/edit?editor=id&way=664221821#map=20/59.9087244/10.7535234"}}, {"type": "Feature", "geometry": {"type": "Point", "coordinates": [10.7536528, 59.9087289]}, "properties": {"id": 664221822, "feat_type": "way", "quality_categories": "improper_geometries", "issue_ids": "[1]", "osm_url": "https://www.openstreetmap.org/way/664221822", "josm_url": "http://127.0.0.1:8111/load_object?new_layer=false&objects=w664221822", "id_url": "https://www.openstreetmap.org/edit?editor=id&way=664221822#map=20/59.9087289/10.7536528"}}, {"type": "Feature", "geometry": {"type": "Point", "coordinates": [10.7553273, 59.9083216]}, "properties": {"id": 664221824, "feat_type": "way", "quality_categories": "improper_geometries", "issue_ids": "[1]", "osm_url": "https://www.openstreetmap.org/way/664221824", "josm_url": "http://127.0.0.1:8111/load_object?new_layer=false&objects=w664221824", "id_url": "https://www.openstreetmap.org/edit?editor=id&way=664221824#map=20/59.9083216/10.7553273"}}, {"type": "Feature", "geometry": {"type": "Point", "coordinates": [10.7554666, 59.9085713]}, "properties": {"id": 664221825, "feat_type": "way", "quality_categories": "improper_geometries", "issue_ids": "[1]", "osm_url": "https://www.openstreetmap.org/way/664221825", "josm_url": "http://127.0.0.1:8111/load_object?new_layer=false&objects=w664221825", "id_url": "https://www.openstreetmap.org/edit?editor=id&way=664221825#map=20/59.9085713/10.7554666"}}, {"type": "Feature", "geometry": {"type": "Point", "coordinates": [10.7534973, 59.9090614]}, "properties": {"id": 664221827, "feat_type": "way", "quality_categories": "improper_geometries", "issue_ids": "[1]", "osm_url": "https://www.openstreetmap.org/way/664221827", "josm_url": "http://127.0.0.1:8111/load_object?new_layer=false&objects=w664221827", "id_url": "https://www.openstreetmap.org/edit?editor=id&way=664221827#map=20/59.9090614/10.7534973"}}, {"type": "Feature", "geometry": {"type": "Point", "coordinates": [10.7534044, 59.9090718]}, "properties": {"id": 664221828, "feat_type": "way", "quality_categories": "improper_geometries", "issue_ids": "[1]", "osm_url": "https://www.openstreetmap.org/way/664221828", "josm_url": "http://127.0.0.1:8111/load_object?new_layer=false&objects=w664221828", "id_url": "https://www.openstreetmap.org/edit?editor=id&way=664221828#map=20/59.9090718/10.7534044"}}, {"type": "Feature", "geometry": {"type": "Point", "coordinates": [10.7538717, 59.9089592]}, "properties": {"id": 664221829, "feat_type": "way", "quality_categories": "improper_geometries", "issue_ids": "[1]", "osm_url": "https://www.openstreetmap.org/way/664221829", "josm_url": "http://127.0.0.1:8111/load_object?new_layer=false&objects=w664221829", "id_url": "https://www.openstreetmap.org/edit?editor=id&way=664221829#map=20/59.9089592/10.7538717"}}, {"type": "Feature", "geometry": {"type": "Point", "coordinates": [10.7556137, 59.9085522]}, "properties": {"id": 664221831, "feat_type": "way", "quality_categories": "improper_geometries", "issue_ids": "[1]", "osm_url": "https://www.openstreetmap.org/way/664221831", "josm_url": "http://127.0.0.1:8111/load_object?new_layer=false&objects=w664221831", "id_url": "https://www.openstreetmap.org/edit?editor=id&way=664221831#map=20/59.9085522/10.7556137"}}, {"type": "Feature", "geometry": {"type": "Point", "coordinates": [10.7555355, 59.9085549]}, "properties": {"id": 664221832, "feat_type": "way", "quality_categories": "improper_geometries", "issue_ids": "[1]", "osm_url": "https://www.openstreetmap.org/way/664221832", "josm_url": "http://127.0.0.1:8111/load_object?new_layer=false&objects=w664221832", "id_url": "https://www.openstreetmap.org/edit?editor=id&way=664221832#map=20/59.9085549/10.7555355"}}, {"type": "Feature", "geometry": {"type": "Point", "coordinates": [10.7554842, 59.9084867]}, "properties": {"id": 664221833, "feat_type": "way", "quality_categories": "improper_geometries", "issue_ids": "[1]", "osm_url": "https://www.openstreetmap.org/way/664221833", "josm_url": "http://127.0.0.1:8111/load_object?new_layer=false&objects=w664221833", "id_url": "https://www.openstreetmap.org/edit?editor=id&way=664221833#map=20/59.9084867/10.7554842"}}, {"type": "Feature", "geometry": {"type": "Point", "coordinates": [10.7553552, 59.908315]}, "properties": {"id": 664221834, "feat_type": "way", "quality_categories": "improper_geometries", "issue_ids": "[1]", "osm_url": "https://www.openstreetmap.org/way/664221834", "josm_url": "http://127.0.0.1:8111/load_object?new_layer=false&objects=w664221834", "id_url": "https://www.openstreetmap.org/edit?editor=id&way=664221834#map=20/59.908315/10.7553552"}}, {"type": "Feature", "geometry": {"type": "Point", "coordinates": [10.7554516, 59.9082926]}, "properties": {"id": 664221835, "feat_type": "way", "quality_categories": "improper_geometries", "issue_ids": "[1]", "osm_url": "https://www.openstreetmap.org/way/664221835", "josm_url": "http://127.0.0.1:8111/load_object?new_layer=false&objects=w664221835", "id_url": "https://www.openstreetmap.org/edit?editor=id&way=664221835#map=20/59.9082926/10.7554516"}}, {"type": "Feature", "geometry": {"type": "Point", "coordinates": [10.7560187, 59.90857]}, "properties": {"id": 664221836, "feat_type": "way", "quality_categories": "improper_geometries", "issue_ids": "[1]", "osm_url": "https://www.openstreetmap.org/way/664221836", "josm_url": "http://127.0.0.1:8111/load_object?new_layer=false&objects=w664221836", "id_url": "https://www.openstreetmap.org/edit?editor=id&way=664221836#map=20/59.90857/10.7560187"}}, {"type": "Feature", "geometry": {"type": "Point", "coordinates": [10.7568544, 59.907927]}, "properties": {"id": 664221839, "feat_type": "way", "quality_categories": "improper_geometries", "issue_ids": "[1]", "osm_url": "https://www.openstreetmap.org/way/664221839", "josm_url": "http://127.0.0.1:8111/load_object?new_layer=false&objects=w664221839", "id_url": "https://www.openstreetmap.org/edit?editor=id&way=664221839#map=20/59.907927/10.7568544"}}, {"type": "Feature", "geometry": {"type": "Point", "coordinates": [10.755893, 59.9082629]}, "properties": {"id": 664221840, "feat_type": "way", "quality_categories": "improper_geometries", "issue_ids": "[1]", "osm_url": "https://www.openstreetmap.org/way/664221840", "josm_url": "http://127.0.0.1:8111/load_object?new_layer=false&objects=w664221840", "id_url": "https://www.openstreetmap.org/edit?editor=id&way=664221840#map=20/59.9082629/10.755893"}}, {"type": "Feature", "geometry": {"type": "Point", "coordinates": [10.7559681, 59.9083388]}, "properties": {"id": 664221841, "feat_type": "way", "quality_categories": "improper_geometries", "issue_ids": "[1]", "osm_url": "https://www.openstreetmap.org/way/664221841", "josm_url": "http://127.0.0.1:8111/load_object?new_layer=false&objects=w664221841", "id_url": "https://www.openstreetmap.org/edit?editor=id&way=664221841#map=20/59.9083388/10.7559681"}}, {"type": "Feature", "geometry": {"type": "Point", "coordinates": [10.7559184, 59.9082886]}, "properties": {"id": 664221842, "feat_type": "way", "quality_categories": "improper_geometries", "issue_ids": "[1]", "osm_url": "https://www.openstreetmap.org/way/664221842", "josm_url": "http://127.0.0.1:8111/load_object?new_layer=false&objects=w664221842", "id_url": "https://www.openstreetmap.org/edit?editor=id&way=664221842#map=20/59.9082886/10.7559184"}}, {"type": "Feature", "geometry": {"type": "Point", "coordinates": [10.756394, 59.9083321]}, "properties": {"id": 664221843, "feat_type": "way", "quality_categories": "improper_geometries", "issue_ids": "[1]", "osm_url": "https://www.openstreetmap.org/way/664221843", "josm_url": "http://127.0.0.1:8111/load_object?new_layer=false&objects=w664221843", "id_url": "https://www.openstreetmap.org/edit?editor=id&way=664221843#map=20/59.9083321/10.756394"}}, {"type": "Feature", "geometry": {"type": "Point", "coordinates": [10.7536877, 59.9090731]}, "properties": {"id": 664221844, "feat_type": "way", "quality_categories": "improper_geometries", "issue_ids": "[1]", "osm_url": "https://www.openstreetmap.org/way/664221844", "josm_url": "http://127.0.0.1:8111/load_object?new_layer=false&objects=w664221844", "id_url": "https://www.openstreetmap.org/edit?editor=id&way=664221844#map=20/59.9090731/10.7536877"}}, {"type": "Feature", "geometry": {"type": "Point", "coordinates": [10.7537364, 59.909061]}, "properties": {"id": 664221845, "feat_type": "way", "quality_categories": "improper_geometries", "issue_ids": "[1]", "osm_url": "https://www.openstreetmap.org/way/664221845", "josm_url": "http://127.0.0.1:8111/load_object?new_layer=false&objects=w664221845", "id_url": "https://www.openstreetmap.org/edit?editor=id&way=664221845#map=20/59.909061/10.7537364"}}, {"type": "Feature", "geometry": {"type": "Point", "coordinates": [10.7537367, 59.9091066]}, "properties": {"id": 664221846, "feat_type": "way", "quality_categories": "improper_geometries", "issue_ids": "[1]", "osm_url": "https://www.openstreetmap.org/way/664221846", "josm_url": "http://127.0.0.1:8111/load_object?new_layer=false&objects=w664221846", "id_url": "https://www.openstreetmap.org/edit?editor=id&way=664221846#map=20/59.9091066/10.7537367"}}, {"type": "Feature", "geometry": {"type": "Point", "coordinates": [10.7536891, 59.9090285]}, "properties": {"id": 664221847, "feat_type": "way", "quality_categories": "improper_geometries", "issue_ids": "[1]", "osm_url": "https://www.openstreetmap.org/way/664221847", "josm_url": "http://127.0.0.1:8111/load_object?new_layer=false&objects=w664221847", "id_url": "https://www.openstreetmap.org/edit?editor=id&way=664221847#map=20/59.9090285/10.7536891"}}, {"type": "Feature", "geometry": {"type": "Point", "coordinates": [10.7538188, 59.9090427]}, "properties": {"id": 664221848, "feat_type": "way", "quality_categories": "improper_geometries", "issue_ids": "[1]", "osm_url": "https://www.openstreetmap.org/way/664221848", "josm_url": "http://127.0.0.1:8111/load_object?new_layer=false&objects=w664221848", "id_url": "https://www.openstreetmap.org/edit?editor=id&way=664221848#map=20/59.9090427/10.7538188"}}, {"type": "Feature", "geometry": {"type": "Point", "coordinates": [10.7539201, 59.9091481]}, "properties": {"id": 664221849, "feat_type": "way", "quality_categories": "improper_geometries", "issue_ids": "[1]", "osm_url": "https://www.openstreetmap.org/way/664221849", "josm_url": "http://127.0.0.1:8111/load_object?new_layer=false&objects=w664221849", "id_url": "https://www.openstreetmap.org/edit?editor=id&way=664221849#map=20/59.9091481/10.7539201"}}, {"type": "Feature", "geometry": {"type": "Point", "coordinates": [10.7535912, 59.9091167]}, "properties": {"id": 664221850, "feat_type": "way", "quality_categories": "improper_geometries", "issue_ids": "[1]", "osm_url": "https://www.openstreetmap.org/way/664221850", "josm_url": "http://127.0.0.1:8111/load_object?new_layer=false&objects=w664221850", "id_url": "https://www.openstreetmap.org/edit?editor=id&way=664221850#map=20/59.9091167/10.7535912"}}, {"type": "Feature", "geometry": {"type": "Point", "coordinates": [10.7535758, 59.9091009]}, "properties": {"id": 664221851, "feat_type": "way", "quality_categories": "improper_geometries", "issue_ids": "[1]", "osm_url": "https://www.openstreetmap.org/way/664221851", "josm_url": "http://127.0.0.1:8111/load_object?new_layer=false&objects=w664221851", "id_url": "https://www.openstreetmap.org/edit?editor=id&way=664221851#map=20/59.9091009/10.7535758"}}, {"type": "Feature", "geometry": {"type": "Point", "coordinates": [10.7520294, 59.909406]}, "properties": {"id": 664221852, "feat_type": "way", "quality_categories": "improper_geometries", "issue_ids": "[1]", "osm_url": "https://www.openstreetmap.org/way/664221852", "josm_url": "http://127.0.0.1:8111/load_object?new_layer=false&objects=w664221852", "id_url": "https://www.openstreetmap.org/edit?editor=id&way=664221852#map=20/59.909406/10.7520294"}}, {"type": "Feature", "geometry": {"type": "Point", "coordinates": [10.7513113, 59.9095817]}, "properties": {"id": 664221853, "feat_type": "way", "quality_categories": "improper_geometries", "issue_ids": "[1]", "osm_url": "https://www.openstreetmap.org/way/664221853", "josm_url": "http://127.0.0.1:8111/load_object?new_layer=false&objects=w664221853", "id_url": "https://www.openstreetmap.org/edit?editor=id&way=664221853#map=20/59.9095817/10.7513113"}}, {"type": "Feature", "geometry": {"type": "Point", "coordinates": [10.7510698, 59.9095605]}, "properties": {"id": 664221854, "feat_type": "way", "quality_categories": "improper_geometries", "issue_ids": "[1]", "osm_url": "https://www.openstreetmap.org/way/664221854", "josm_url": "http://127.0.0.1:8111/load_object?new_layer=false&objects=w664221854", "id_url": "https://www.openstreetmap.org/edit?editor=id&way=664221854#map=20/59.9095605/10.7510698"}}, {"type": "Feature", "geometry": {"type": "Point", "coordinates": [10.7521442, 59.9092992]}, "properties": {"id": 664221855, "feat_type": "way", "quality_categories": "improper_geometries", "issue_ids": "[1]", "osm_url": "https://www.openstreetmap.org/way/664221855", "josm_url": "http://127.0.0.1:8111/load_object?new_layer=false&objects=w664221855", "id_url": "https://www.openstreetmap.org/edit?editor=id&way=664221855#map=20/59.9092992/10.7521442"}}, {"type": "Feature", "geometry": {"type": "Point", "coordinates": [10.755993, 59.908364]}, "properties": {"id": 664221857, "feat_type": "way", "quality_categories": "improper_geometries", "issue_ids": "[1]", "osm_url": "https://www.openstreetmap.org/way/664221857", "josm_url": "http://127.0.0.1:8111/load_object?new_layer=false&objects=w664221857", "id_url": "https://www.openstreetmap.org/edit?editor=id&way=664221857#map=20/59.908364/10.755993"}}, {"type": "Feature", "geometry": {"type": "Point", "coordinates": [10.7561912, 59.9082223]}, "properties": {"id": 664221858, "feat_type": "way", "quality_categories": "improper_geometries", "issue_ids": "[1]", "osm_url": "https://www.openstreetmap.org/way/664221858", "josm_url": "http://127.0.0.1:8111/load_object?new_layer=false&objects=w664221858", "id_url": "https://www.openstreetmap.org/edit?editor=id&way=664221858#map=20/59.9082223/10.7561912"}}, {"type": "Feature", "geometry": {"type": "Point", "coordinates": [10.7562373, 59.9082729]}, "properties": {"id": 664221859, "feat_type": "way", "quality_categories": "improper_geometries", "issue_ids": "[1]", "osm_url": "https://www.openstreetmap.org/way/664221859", "josm_url": "http://127.0.0.1:8111/load_object?new_layer=false&objects=w664221859", "id_url": "https://www.openstreetmap.org/edit?editor=id&way=664221859#map=20/59.9082729/10.7562373"}}, {"type": "Feature", "geometry": {"type": "Point", "coordinates": [10.7558666, 59.908395]}, "properties": {"id": 664221860, "feat_type": "way", "quality_categories": "improper_geometries", "issue_ids": "[1]", "osm_url": "https://www.openstreetmap.org/way/664221860", "josm_url": "http://127.0.0.1:8111/load_object?new_layer=false&objects=w664221860", "id_url": "https://www.openstreetmap.org/edit?editor=id&way=664221860#map=20/59.908395/10.7558666"}}, {"type": "Feature", "geometry": {"type": "Point", "coordinates": [10.7560538, 59.9084571]}, "properties": {"id": 664221861, "feat_type": "way", "quality_categories": "improper_geometries", "issue_ids": "[1]", "osm_url": "https://www.openstreetmap.org/way/664221861", "josm_url": "http://127.0.0.1:8111/load_object?new_layer=false&objects=w664221861", "id_url": "https://www.openstreetmap.org/edit?editor=id&way=664221861#map=20/59.9084571/10.7560538"}}, {"type": "Feature", "geometry": {"type": "Point", "coordinates": [10.7559108, 59.9086484]}, "properties": {"id": 664221864, "feat_type": "way", "quality_categories": "improper_geometries", "issue_ids": "[1]", "osm_url": "https://www.openstreetmap.org/way/664221864", "josm_url": "http://127.0.0.1:8111/load_object?new_layer=false&objects=w664221864", "id_url": "https://www.openstreetmap.org/edit?editor=id&way=664221864#map=20/59.9086484/10.7559108"}}, {"type": "Feature", "geometry": {"type": "Point", "coordinates": [10.7558334, 59.9085493]}, "properties": {"id": 664221866, "feat_type": "way", "quality_categories": "improper_geometries", "issue_ids": "[1]", "osm_url": "https://www.openstreetmap.org/way/664221866", "josm_url": "http://127.0.0.1:8111/load_object?new_layer=false&objects=w664221866", "id_url": "https://www.openstreetmap.org/edit?editor=id&way=664221866#map=20/59.9085493/10.7558334"}}, {"type": "Feature", "geometry": {"type": "Point", "coordinates": [10.7558657, 59.908542]}, "properties": {"id": 664221868, "feat_type": "way", "quality_categories": "improper_geometries", "issue_ids": "[1]", "osm_url": "https://www.openstreetmap.org/way/664221868", "josm_url": "http://127.0.0.1:8111/load_object?new_layer=false&objects=w664221868", "id_url": "https://www.openstreetmap.org/edit?editor=id&way=664221868#map=20/59.908542/10.7558657"}}, {"type": "Feature", "geometry": {"type": "Point", "coordinates": [10.7558308, 59.9084953]}, "properties": {"id": 664221870, "feat_type": "way", "quality_categories": "improper_geometries", "issue_ids": "[1]", "osm_url": "https://www.openstreetmap.org/way/664221870", "josm_url": "http://127.0.0.1:8111/load_object?new_layer=false&objects=w664221870", "id_url": "https://www.openstreetmap.org/edit?editor=id&way=664221870#map=20/59.9084953/10.7558308"}}, {"type": "Feature", "geometry": {"type": "Point", "coordinates": [10.7554643, 59.9084602]}, "properties": {"id": 664221871, "feat_type": "way", "quality_categories": "improper_geometries", "issue_ids": "[1]", "osm_url": "https://www.openstreetmap.org/way/664221871", "josm_url": "http://127.0.0.1:8111/load_object?new_layer=false&objects=w664221871", "id_url": "https://www.openstreetmap.org/edit?editor=id&way=664221871#map=20/59.9084602/10.7554643"}}, {"type": "Feature", "geometry": {"type": "Point", "coordinates": [10.7555815, 59.9084321]}, "properties": {"id": 664221872, "feat_type": "way", "quality_categories": "improper_geometries", "issue_ids": "[1]", "osm_url": "https://www.openstreetmap.org/way/664221872", "josm_url": "http://127.0.0.1:8111/load_object?new_layer=false&objects=w664221872", "id_url": "https://www.openstreetmap.org/edit?editor=id&way=664221872#map=20/59.9084321/10.7555815"}}, {"type": "Feature", "geometry": {"type": "Point", "coordinates": [10.7557917, 59.9083197]}, "properties": {"id": 664221877, "feat_type": "way", "quality_categories": "improper_geometries", "issue_ids": "[1]", "osm_url": "https://www.openstreetmap.org/way/664221877", "josm_url": "http://127.0.0.1:8111/load_object?new_layer=false&objects=w664221877", "id_url": "https://www.openstreetmap.org/edit?editor=id&way=664221877#map=20/59.9083197/10.7557917"}}, {"type": "Feature", "geometry": {"type": "Point", "coordinates": [10.7557265, 59.9082214]}, "properties": {"id": 664221878, "feat_type": "way", "quality_categories": "improper_geometries", "issue_ids": "[1]", "osm_url": "https://www.openstreetmap.org/way/664221878", "josm_url": "http://127.0.0.1:8111/load_object?new_layer=false&objects=w664221878", "id_url": "https://www.openstreetmap.org/edit?editor=id&way=664221878#map=20/59.9082214/10.7557265"}}, {"type": "Feature", "geometry": {"type": "Point", "coordinates": [10.7554342, 59.9084988]}, "properties": {"id": 664221879, "feat_type": "way", "quality_categories": "improper_geometries", "issue_ids": "[1]", "osm_url": "https://www.openstreetmap.org/way/664221879", "josm_url": "http://127.0.0.1:8111/load_object?new_layer=false&objects=w664221879", "id_url": "https://www.openstreetmap.org/edit?editor=id&way=664221879#map=20/59.9084988/10.7554342"}}, {"type": "Feature", "geometry": {"type": "Point", "coordinates": [10.7554324, 59.9084679]}, "properties": {"id": 664221880, "feat_type": "way", "quality_categories": "improper_geometries", "issue_ids": "[1]", "osm_url": "https://www.openstreetmap.org/way/664221880", "josm_url": "http://127.0.0.1:8111/load_object?new_layer=false&objects=w664221880", "id_url": "https://www.openstreetmap.org/edit?editor=id&way=664221880#map=20/59.9084679/10.7554324"}}, {"type": "Feature", "geometry": {"type": "Point", "coordinates": [10.7553742, 59.9084178]}, "properties": {"id": 664221881, "feat_type": "way", "quality_categories": "improper_geometries", "issue_ids": "[1]", "osm_url": "https://www.openstreetmap.org/way/664221881", "josm_url": "http://127.0.0.1:8111/load_object?new_layer=false&objects=w664221881", "id_url": "https://www.openstreetmap.org/edit?editor=id&way=664221881#map=20/59.9084178/10.7553742"}}, {"type": "Feature", "geometry": {"type": "Point", "coordinates": [10.7554253, 59.9084083]}, "properties": {"id": 664221882, "feat_type": "way", "quality_categories": "improper_geometries", "issue_ids": "[1]", "osm_url": "https://www.openstreetmap.org/way/664221882", "josm_url": "http://127.0.0.1:8111/load_object?new_layer=false&objects=w664221882", "id_url": "https://www.openstreetmap.org/edit?editor=id&way=664221882#map=20/59.9084083/10.7554253"}}, {"type": "Feature", "geometry": {"type": "Point", "coordinates": [10.7554058, 59.9083824]}, "properties": {"id": 664221883, "feat_type": "way", "quality_categories": "improper_geometries", "issue_ids": "[1]", "osm_url": "https://www.openstreetmap.org/way/664221883", "josm_url": "http://127.0.0.1:8111/load_object?new_layer=false&objects=w664221883", "id_url": "https://www.openstreetmap.org/edit?editor=id&way=664221883#map=20/59.9083824/10.7554058"}}, {"type": "Feature", "geometry": {"type": "Point", "coordinates": [10.755524, 59.9083539]}, "properties": {"id": 664221884, "feat_type": "way", "quality_categories": "improper_geometries", "issue_ids": "[1]", "osm_url": "https://www.openstreetmap.org/way/664221884", "josm_url": "http://127.0.0.1:8111/load_object?new_layer=false&objects=w664221884", "id_url": "https://www.openstreetmap.org/edit?editor=id&way=664221884#map=20/59.9083539/10.755524"}}, {"type": "Feature", "geometry": {"type": "Point", "coordinates": [10.7504231, 59.9089269]}, "properties": {"id": 664221885, "feat_type": "way", "quality_categories": "improper_geometries", "issue_ids": "[1]", "osm_url": "https://www.openstreetmap.org/way/664221885", "josm_url": "http://127.0.0.1:8111/load_object?new_layer=false&objects=w664221885", "id_url": "https://www.openstreetmap.org/edit?editor=id&way=664221885#map=20/59.9089269/10.7504231"}}, {"type": "Feature", "geometry": {"type": "Point", "coordinates": [10.7502809, 59.90896]}, "properties": {"id": 664221886, "feat_type": "way", "quality_categories": "improper_geometries", "issue_ids": "[1]", "osm_url": "https://www.openstreetmap.org/way/664221886", "josm_url": "http://127.0.0.1:8111/load_object?new_layer=false&objects=w664221886", "id_url": "https://www.openstreetmap.org/edit?editor=id&way=664221886#map=20/59.90896/10.7502809"}}, {"type": "Feature", "geometry": {"type": "Point", "coordinates": [10.7504277, 59.9094748]}, "properties": {"id": 664221888, "feat_type": "way", "quality_categories": "improper_geometries", "issue_ids": "[1]", "osm_url": "https://www.openstreetmap.org/way/664221888", "josm_url": "http://127.0.0.1:8111/load_object?new_layer=false&objects=w664221888", "id_url": "https://www.openstreetmap.org/edit?editor=id&way=664221888#map=20/59.9094748/10.7504277"}}, {"type": "Feature", "geometry": {"type": "Point", "coordinates": [10.7504756, 59.9094633]}, "properties": {"id": 664221889, "feat_type": "way", "quality_categories": "improper_geometries", "issue_ids": "[1]", "osm_url": "https://www.openstreetmap.org/way/664221889", "josm_url": "http://127.0.0.1:8111/load_object?new_layer=false&objects=w664221889", "id_url": "https://www.openstreetmap.org/edit?editor=id&way=664221889#map=20/59.9094633/10.7504756"}}, {"type": "Feature", "geometry": {"type": "Point", "coordinates": [10.7500294, 59.9090725]}, "properties": {"id": 664221890, "feat_type": "way", "quality_categories": "improper_geometries", "issue_ids": "[1]", "osm_url": "https://www.openstreetmap.org/way/664221890", "josm_url": "http://127.0.0.1:8111/load_object?new_layer=false&objects=w664221890", "id_url": "https://www.openstreetmap.org/edit?editor=id&way=664221890#map=20/59.9090725/10.7500294"}}, {"type": "Feature", "geometry": {"type": "Point", "coordinates": [10.7500779, 59.9090615]}, "properties": {"id": 664221891, "feat_type": "way", "quality_categories": "improper_geometries", "issue_ids": "[1]", "osm_url": "https://www.openstreetmap.org/way/664221891", "josm_url": "http://127.0.0.1:8111/load_object?new_layer=false&objects=w664221891", "id_url": "https://www.openstreetmap.org/edit?editor=id&way=664221891#map=20/59.9090615/10.7500779"}}, {"type": "Feature", "geometry": {"type": "Point", "coordinates": [10.7500348, 59.9090295]}, "properties": {"id": 664221893, "feat_type": "way", "quality_categories": "improper_geometries", "issue_ids": "[1]", "osm_url": "https://www.openstreetmap.org/way/664221893", "josm_url": "http://127.0.0.1:8111/load_object?new_layer=false&objects=w664221893", "id_url": "https://www.openstreetmap.org/edit?editor=id&way=664221893#map=20/59.9090295/10.7500348"}}, {"type": "Feature", "geometry": {"type": "Point", "coordinates": [10.7504748, 59.9095201]}, "properties": {"id": 664221894, "feat_type": "way", "quality_categories": "improper_geometries", "issue_ids": "[1]", "osm_url": "https://www.openstreetmap.org/way/664221894", "josm_url": "http://127.0.0.1:8111/load_object?new_layer=false&objects=w664221894", "id_url": "https://www.openstreetmap.org/edit?editor=id&way=664221894#map=20/59.9095201/10.7504748"}}, {"type": "Feature", "geometry": {"type": "Point", "coordinates": [10.7500934, 59.9090772]}, "properties": {"id": 664221895, "feat_type": "way", "quality_categories": "improper_geometries", "issue_ids": "[1]", "osm_url": "https://www.openstreetmap.org/way/664221895", "josm_url": "http://127.0.0.1:8111/load_object?new_layer=false&objects=w664221895", "id_url": "https://www.openstreetmap.org/edit?editor=id&way=664221895#map=20/59.9090772/10.7500934"}}, {"type": "Feature", "geometry": {"type": "Point", "coordinates": [10.7500075, 59.9092173]}, "properties": {"id": 664221896, "feat_type": "way", "quality_categories": "improper_geometries", "issue_ids": "[1]", "osm_url": "https://www.openstreetmap.org/way/664221896", "josm_url": "http://127.0.0.1:8111/load_object?new_layer=false&objects=w664221896", "id_url": "https://www.openstreetmap.org/edit?editor=id&way=664221896#map=20/59.9092173/10.7500075"}}, {"type": "Feature", "geometry": {"type": "Point", "coordinates": [10.7498743, 59.9091099]}, "properties": {"id": 664221897, "feat_type": "way", "quality_categories": "improper_geometries", "issue_ids": "[1]", "osm_url": "https://www.openstreetmap.org/way/664221897", "josm_url": "http://127.0.0.1:8111/load_object?new_layer=false&objects=w664221897", "id_url": "https://www.openstreetmap.org/edit?editor=id&way=664221897#map=20/59.9091099/10.7498743"}}, {"type": "Feature", "geometry": {"type": "Point", "coordinates": [10.7501425, 59.9088946]}, "properties": {"id": 664221898, "feat_type": "way", "quality_categories": "improper_geometries", "issue_ids": "[1]", "osm_url": "https://www.openstreetmap.org/way/664221898", "josm_url": "http://127.0.0.1:8111/load_object?new_layer=false&objects=w664221898", "id_url": "https://www.openstreetmap.org/edit?editor=id&way=664221898#map=20/59.9088946/10.7501425"}}, {"type": "Feature", "geometry": {"type": "Point", "coordinates": [10.7498208, 59.9089335]}, "properties": {"id": 664221899, "feat_type": "way", "quality_categories": "improper_geometries", "issue_ids": "[1]", "osm_url": "https://www.openstreetmap.org/way/664221899", "josm_url": "http://127.0.0.1:8111/load_object?new_layer=false&objects=w664221899", "id_url": "https://www.openstreetmap.org/edit?editor=id&way=664221899#map=20/59.9089335/10.7498208"}}, {"type": "Feature", "geometry": {"type": "Point", "coordinates": [10.7554932, 59.9082439]}, "properties": {"id": 664221900, "feat_type": "way", "quality_categories": "improper_geometries", "issue_ids": "[1]", "osm_url": "https://www.openstreetmap.org/way/664221900", "josm_url": "http://127.0.0.1:8111/load_object?new_layer=false&objects=w664221900", "id_url": "https://www.openstreetmap.org/edit?editor=id&way=664221900#map=20/59.9082439/10.7554932"}}, {"type": "Feature", "geometry": {"type": "Point", "coordinates": [10.7553522, 59.9083953]}, "properties": {"id": 664221902, "feat_type": "way", "quality_categories": "improper_geometries", "issue_ids": "[1]", "osm_url": "https://www.openstreetmap.org/way/664221902", "josm_url": "http://127.0.0.1:8111/load_object?new_layer=false&objects=w664221902", "id_url": "https://www.openstreetmap.org/edit?editor=id&way=664221902#map=20/59.9083953/10.7553522"}}, {"type": "Feature", "geometry": {"type": "Point", "coordinates": [10.7537853, 59.908868]}, "properties": {"id": 664221903, "feat_type": "way", "quality_categories": "improper_geometries", "issue_ids": "[1]", "osm_url": "https://www.openstreetmap.org/way/664221903", "josm_url": "http://127.0.0.1:8111/load_object?new_layer=false&objects=w664221903", "id_url": "https://www.openstreetmap.org/edit?editor=id&way=664221903#map=20/59.908868/10.7537853"}}, {"type": "Feature", "geometry": {"type": "Point", "coordinates": [10.7538097, 59.9088938]}, "properties": {"id": 664221904, "feat_type": "way", "quality_categories": "improper_geometries", "issue_ids": "[1]", "osm_url": "https://www.openstreetmap.org/way/664221904", "josm_url": "http://127.0.0.1:8111/load_object?new_layer=false&objects=w664221904", "id_url": "https://www.openstreetmap.org/edit?editor=id&way=664221904#map=20/59.9088938/10.7538097"}}, {"type": "Feature", "geometry": {"type": "Point", "coordinates": [10.7538569, 59.9088587]}, "properties": {"id": 664221905, "feat_type": "way", "quality_categories": "improper_geometries", "issue_ids": "[1]", "osm_url": "https://www.openstreetmap.org/way/664221905", "josm_url": "http://127.0.0.1:8111/load_object?new_layer=false&objects=w664221905", "id_url": "https://www.openstreetmap.org/edit?editor=id&way=664221905#map=20/59.9088587/10.7538569"}}, {"type": "Feature", "geometry": {"type": "Point", "coordinates": [10.7537296, 59.9089135]}, "properties": {"id": 664221906, "feat_type": "way", "quality_categories": "improper_geometries", "issue_ids": "[1]", "osm_url": "https://www.openstreetmap.org/way/664221906", "josm_url": "http://127.0.0.1:8111/load_object?new_layer=false&objects=w664221906", "id_url": "https://www.openstreetmap.org/edit?editor=id&way=664221906#map=20/59.9089135/10.7537296"}}, {"type": "Feature", "geometry": {"type": "Point", "coordinates": [10.7537144, 59.908793]}, "properties": {"id": 664221907, "feat_type": "way", "quality_categories": "improper_geometries", "issue_ids": "[1]", "osm_url": "https://www.openstreetmap.org/way/664221907", "josm_url": "http://127.0.0.1:8111/load_object?new_layer=false&objects=w664221907", "id_url": "https://www.openstreetmap.org/edit?editor=id&way=664221907#map=20/59.908793/10.7537144"}}, {"type": "Feature", "geometry": {"type": "Point", "coordinates": [10.7537889, 59.9088058]}, "properties": {"id": 664221908, "feat_type": "way", "quality_categories": "improper_geometries", "issue_ids": "[1]", "osm_url": "https://www.openstreetmap.org/way/664221908", "josm_url": "http://127.0.0.1:8111/load_object?new_layer=false&objects=w664221908", "id_url": "https://www.openstreetmap.org/edit?editor=id&way=664221908#map=20/59.9088058/10.7537889"}}, {"type": "Feature", "geometry": {"type": "Point", "coordinates": [10.7537382, 59.9088183]}, "properties": {"id": 664221909, "feat_type": "way", "quality_categories": "improper_geometries", "issue_ids": "[1]", "osm_url": "https://www.openstreetmap.org/way/664221909", "josm_url": "http://127.0.0.1:8111/load_object?new_layer=false&objects=w664221909", "id_url": "https://www.openstreetmap.org/edit?editor=id&way=664221909#map=20/59.9088183/10.7537382"}}, {"type": "Feature", "geometry": {"type": "Point", "coordinates": [10.7536575, 59.9088382]}, "properties": {"id": 664221911, "feat_type": "way", "quality_categories": "improper_geometries", "issue_ids": "[1]", "osm_url": "https://www.openstreetmap.org/way/664221911", "josm_url": "http://127.0.0.1:8111/load_object?new_layer=false&objects=w664221911", "id_url": "https://www.openstreetmap.org/edit?editor=id&way=664221911#map=20/59.9088382/10.7536575"}}, {"type": "Feature", "geometry": {"type": "Point", "coordinates": [10.7508098, 59.9095289]}, "properties": {"id": 664221912, "feat_type": "way", "quality_categories": "improper_geometries", "issue_ids": "[1]", "osm_url": "https://www.openstreetmap.org/way/664221912", "josm_url": "http://127.0.0.1:8111/load_object?new_layer=false&objects=w664221912", "id_url": "https://www.openstreetmap.org/edit?editor=id&way=664221912#map=20/59.9095289/10.7508098"}}, {"type": "Feature", "geometry": {"type": "Point", "coordinates": [10.7532722, 59.9089323]}, "properties": {"id": 664221913, "feat_type": "way", "quality_categories": "improper_geometries", "issue_ids": "[1]", "osm_url": "https://www.openstreetmap.org/way/664221913", "josm_url": "http://127.0.0.1:8111/load_object?new_layer=false&objects=w664221913", "id_url": "https://www.openstreetmap.org/edit?editor=id&way=664221913#map=20/59.9089323/10.7532722"}}, {"type": "Feature", "geometry": {"type": "Point", "coordinates": [10.7533391, 59.9088848]}, "properties": {"id": 664221914, "feat_type": "way", "quality_categories": "improper_geometries", "issue_ids": "[1]", "osm_url": "https://www.openstreetmap.org/way/664221914", "josm_url": "http://127.0.0.1:8111/load_object?new_layer=false&objects=w664221914", "id_url": "https://www.openstreetmap.org/edit?editor=id&way=664221914#map=20/59.9088848/10.7533391"}}, {"type": "Feature", "geometry": {"type": "Point", "coordinates": [10.7532481, 59.9089072]}, "properties": {"id": 664221915, "feat_type": "way", "quality_categories": "improper_geometries", "issue_ids": "[1]", "osm_url": "https://www.openstreetmap.org/way/664221915", "josm_url": "http://127.0.0.1:8111/load_object?new_layer=false&objects=w664221915", "id_url": "https://www.openstreetmap.org/edit?editor=id&way=664221915#map=20/59.9089072/10.7532481"}}, {"type": "Feature", "geometry": {"type": "Point", "coordinates": [10.7533431, 59.9090076]}, "properties": {"id": 664221916, "feat_type": "way", "quality_categories": "improper_geometries", "issue_ids": "[1]", "osm_url": "https://www.openstreetmap.org/way/664221916", "josm_url": "http://127.0.0.1:8111/load_object?new_layer=false&objects=w664221916", "id_url": "https://www.openstreetmap.org/edit?editor=id&way=664221916#map=20/59.9090076/10.7533431"}}, {"type": "Feature", "geometry": {"type": "Point", "coordinates": [10.7533201, 59.9089821]}, "properties": {"id": 664221918, "feat_type": "way", "quality_categories": "improper_geometries", "issue_ids": "[1]", "osm_url": "https://www.openstreetmap.org/way/664221918", "josm_url": "http://127.0.0.1:8111/load_object?new_layer=false&objects=w664221918", "id_url": "https://www.openstreetmap.org/edit?editor=id&way=664221918#map=20/59.9089821/10.7533201"}}, {"type": "Feature", "geometry": {"type": "Point", "coordinates": [10.7534106, 59.90896]}, "properties": {"id": 664221919, "feat_type": "way", "quality_categories": "improper_geometries", "issue_ids": "[1]", "osm_url": "https://www.openstreetmap.org/way/664221919", "josm_url": "http://127.0.0.1:8111/load_object?new_layer=false&objects=w664221919", "id_url": "https://www.openstreetmap.org/edit?editor=id&way=664221919#map=20/59.90896/10.7534106"}}, {"type": "Feature", "geometry": {"type": "Point", "coordinates": [10.7532816, 59.9090195]}, "properties": {"id": 664221920, "feat_type": "way", "quality_categories": "improper_geometries", "issue_ids": "[1]", "osm_url": "https://www.openstreetmap.org/way/664221920", "josm_url": "http://127.0.0.1:8111/load_object?new_layer=false&objects=w664221920", "id_url": "https://www.openstreetmap.org/edit?editor=id&way=664221920#map=20/59.9090195/10.7532816"}}, {"type": "Feature", "geometry": {"type": "Point", "coordinates": [10.7531883, 59.9089214]}, "properties": {"id": 664221921, "feat_type": "way", "quality_categories": "improper_geometries", "issue_ids": "[1]", "osm_url": "https://www.openstreetmap.org/way/664221921", "josm_url": "http://127.0.0.1:8111/load_object?new_layer=false&objects=w664221921", "id_url": "https://www.openstreetmap.org/edit?editor=id&way=664221921#map=20/59.9089214/10.7531883"}}, {"type": "Feature", "geometry": {"type": "Point", "coordinates": [10.7519247, 59.9092586]}, "properties": {"id": 664221922, "feat_type": "way", "quality_categories": "improper_geometries", "issue_ids": "[1]", "osm_url": "https://www.openstreetmap.org/way/664221922", "josm_url": "http://127.0.0.1:8111/load_object?new_layer=false&objects=w664221922", "id_url": "https://www.openstreetmap.org/edit?editor=id&way=664221922#map=20/59.9092586/10.7519247"}}, {"type": "Feature", "geometry": {"type": "Point", "coordinates": [10.7508224, 59.9094172]}, "properties": {"id": 664221923, "feat_type": "way", "quality_categories": "improper_geometries", "issue_ids": "[1]", "osm_url": "https://www.openstreetmap.org/way/664221923", "josm_url": "http://127.0.0.1:8111/load_object?new_layer=false&objects=w664221923", "id_url": "https://www.openstreetmap.org/edit?editor=id&way=664221923#map=20/59.9094172/10.7508224"}}, {"type": "Feature", "geometry": {"type": "Point", "coordinates": [10.7503668, 59.9095779]}, "properties": {"id": 664221924, "feat_type": "way", "quality_categories": "improper_geometries", "issue_ids": "[1]", "osm_url": "https://www.openstreetmap.org/way/664221924", "josm_url": "http://127.0.0.1:8111/load_object?new_layer=false&objects=w664221924", "id_url": "https://www.openstreetmap.org/edit?editor=id&way=664221924#map=20/59.9095779/10.7503668"}}, {"type": "Feature", "geometry": {"type": "Point", "coordinates": [10.7502942, 59.9095068]}, "properties": {"id": 664221925, "feat_type": "way", "quality_categories": "improper_geometries", "issue_ids": "[1]", "osm_url": "https://www.openstreetmap.org/way/664221925", "josm_url": "http://127.0.0.1:8111/load_object?new_layer=false&objects=w664221925", "id_url": "https://www.openstreetmap.org/edit?editor=id&way=664221925#map=20/59.9095068/10.7502942"}}, {"type": "Feature", "geometry": {"type": "Point", "coordinates": [10.7506704, 59.9094267]}, "properties": {"id": 664221926, "feat_type": "way", "quality_categories": "improper_geometries", "issue_ids": "[1]", "osm_url": "https://www.openstreetmap.org/way/664221926", "josm_url": "http://127.0.0.1:8111/load_object?new_layer=false&objects=w664221926", "id_url": "https://www.openstreetmap.org/edit?editor=id&way=664221926#map=20/59.9094267/10.7506704"}}, {"type": "Feature", "geometry": {"type": "Point", "coordinates": [10.7507418, 59.9094319]}, "properties": {"id": 664221928, "feat_type": "way", "quality_categories": "improper_geometries", "issue_ids": "[1]", "osm_url": "https://www.openstreetmap.org/way/664221928", "josm_url": "http://127.0.0.1:8111/load_object?new_layer=false&objects=w664221928", "id_url": "https://www.openstreetmap.org/edit?editor=id&way=664221928#map=20/59.9094319/10.7507418"}}, {"type": "Feature", "geometry": {"type": "Point", "coordinates": [10.7507668, 59.9094304]}, "properties": {"id": 664221929, "feat_type": "way", "quality_categories": "improper_geometries", "issue_ids": "[1]", "osm_url": "https://www.openstreetmap.org/way/664221929", "josm_url": "http://127.0.0.1:8111/load_object?new_layer=false&objects=w664221929", "id_url": "https://www.openstreetmap.org/edit?editor=id&way=664221929#map=20/59.9094304/10.7507668"}}, {"type": "Feature", "geometry": {"type": "Point", "coordinates": [10.7518574, 59.9091651]}, "properties": {"id": 664221930, "feat_type": "way", "quality_categories": "improper_geometries", "issue_ids": "[1]", "osm_url": "https://www.openstreetmap.org/way/664221930", "josm_url": "http://127.0.0.1:8111/load_object?new_layer=false&objects=w664221930", "id_url": "https://www.openstreetmap.org/edit?editor=id&way=664221930#map=20/59.9091651/10.7518574"}}, {"type": "Feature", "geometry": {"type": "Point", "coordinates": [10.753206, 59.9089405]}, "properties": {"id": 664221933, "feat_type": "way", "quality_categories": "improper_geometries", "issue_ids": "[1]", "osm_url": "https://www.openstreetmap.org/way/664221933", "josm_url": "http://127.0.0.1:8111/load_object?new_layer=false&objects=w664221933", "id_url": "https://www.openstreetmap.org/edit?editor=id&way=664221933#map=20/59.9089405/10.753206"}}, {"type": "Feature", "geometry": {"type": "Point", "coordinates": [10.7535851, 59.9087396]}, "properties": {"id": 664221934, "feat_type": "way", "quality_categories": "improper_geometries", "issue_ids": "[1]", "osm_url": "https://www.openstreetmap.org/way/664221934", "josm_url": "http://127.0.0.1:8111/load_object?new_layer=false&objects=w664221934", "id_url": "https://www.openstreetmap.org/edit?editor=id&way=664221934#map=20/59.9087396/10.7535851"}}, {"type": "Feature", "geometry": {"type": "Point", "coordinates": [10.7497701, 59.9090771]}, "properties": {"id": 664221936, "feat_type": "way", "quality_categories": "improper_geometries", "issue_ids": "[1]", "osm_url": "https://www.openstreetmap.org/way/664221936", "josm_url": "http://127.0.0.1:8111/load_object?new_layer=false&objects=w664221936", "id_url": "https://www.openstreetmap.org/edit?editor=id&way=664221936#map=20/59.9090771/10.7497701"}}, {"type": "Feature", "geometry": {"type": "Point", "coordinates": [10.7498399, 59.9090837]}, "properties": {"id": 664221937, "feat_type": "way", "quality_categories": "improper_geometries", "issue_ids": "[1]", "osm_url": "https://www.openstreetmap.org/way/664221937", "josm_url": "http://127.0.0.1:8111/load_object?new_layer=false&objects=w664221937", "id_url": "https://www.openstreetmap.org/edit?editor=id&way=664221937#map=20/59.9090837/10.7498399"}}, {"type": "Feature", "geometry": {"type": "Point", "coordinates": [10.7519836, 59.9093383]}, "properties": {"id": 664221938, "feat_type": "way", "quality_categories": "improper_geometries", "issue_ids": "[1]", "osm_url": "https://www.openstreetmap.org/way/664221938", "josm_url": "http://127.0.0.1:8111/load_object?new_layer=false&objects=w664221938", "id_url": "https://www.openstreetmap.org/edit?editor=id&way=664221938#map=20/59.9093383/10.7519836"}}, {"type": "Feature", "geometry": {"type": "Point", "coordinates": [10.7509701, 59.9094604]}, "properties": {"id": 664221940, "feat_type": "way", "quality_categories": "improper_geometries", "issue_ids": "[1]", "osm_url": "https://www.openstreetmap.org/way/664221940", "josm_url": "http://127.0.0.1:8111/load_object?new_layer=false&objects=w664221940", "id_url": "https://www.openstreetmap.org/edit?editor=id&way=664221940#map=20/59.9094604/10.7509701"}}, {"type": "Feature", "geometry": {"type": "Point", "coordinates": [10.7509553, 59.9095575]}, "properties": {"id": 664221941, "feat_type": "way", "quality_categories": "improper_geometries", "issue_ids": "[1]", "osm_url": "https://www.openstreetmap.org/way/664221941", "josm_url": "http://127.0.0.1:8111/load_object?new_layer=false&objects=w664221941", "id_url": "https://www.openstreetmap.org/edit?editor=id&way=664221941#map=20/59.9095575/10.7509553"}}, {"type": "Feature", "geometry": {"type": "Point", "coordinates": [10.7508847, 59.9096046]}, "properties": {"id": 664221942, "feat_type": "way", "quality_categories": "improper_geometries", "issue_ids": "[1]", "osm_url": "https://www.openstreetmap.org/way/664221942", "josm_url": "http://127.0.0.1:8111/load_object?new_layer=false&objects=w664221942", "id_url": "https://www.openstreetmap.org/edit?editor=id&way=664221942#map=20/59.9096046/10.7508847"}}, {"type": "Feature", "geometry": {"type": "Point", "coordinates": [10.7510522, 59.9095419]}, "properties": {"id": 664221943, "feat_type": "way", "quality_categories": "improper_geometries", "issue_ids": "[1]", "osm_url": "https://www.openstreetmap.org/way/664221943", "josm_url": "http://127.0.0.1:8111/load_object?new_layer=false&objects=w664221943", "id_url": "https://www.openstreetmap.org/edit?editor=id&way=664221943#map=20/59.9095419/10.7510522"}}, {"type": "Feature", "geometry": {"type": "Point", "coordinates": [10.7509791, 59.9095826]}, "properties": {"id": 664221944, "feat_type": "way", "quality_categories": "improper_geometries", "issue_ids": "[1]", "osm_url": "https://www.openstreetmap.org/way/664221944", "josm_url": "http://127.0.0.1:8111/load_object?new_layer=false&objects=w664221944", "id_url": "https://www.openstreetmap.org/edit?editor=id&way=664221944#map=20/59.9095826/10.7509791"}}, {"type": "Feature", "geometry": {"type": "Point", "coordinates": [10.7508833, 59.9094815]}, "properties": {"id": 664221945, "feat_type": "way", "quality_categories": "improper_geometries", "issue_ids": "[1]", "osm_url": "https://www.openstreetmap.org/way/664221945", "josm_url": "http://127.0.0.1:8111/load_object?new_layer=false&objects=w664221945", "id_url": "https://www.openstreetmap.org/edit?editor=id&way=664221945#map=20/59.9094815/10.7508833"}}, {"type": "Feature", "geometry": {"type": "Point", "coordinates": [10.7509801, 59.9094879]}, "properties": {"id": 664221946, "feat_type": "way", "quality_categories": "improper_geometries", "issue_ids": "[1]", "osm_url": "https://www.openstreetmap.org/way/664221946", "josm_url": "http://127.0.0.1:8111/load_object?new_layer=false&objects=w664221946", "id_url": "https://www.openstreetmap.org/edit?editor=id&way=664221946#map=20/59.9094879/10.7509801"}}, {"type": "Feature", "geometry": {"type": "Point", "coordinates": [10.7509066, 59.9095061]}, "properties": {"id": 664221948, "feat_type": "way", "quality_categories": "improper_geometries", "issue_ids": "[1]", "osm_url": "https://www.openstreetmap.org/way/664221948", "josm_url": "http://127.0.0.1:8111/load_object?new_layer=false&objects=w664221948", "id_url": "https://www.openstreetmap.org/edit?editor=id&way=664221948#map=20/59.9095061/10.7509066"}}, {"type": "Feature", "geometry": {"type": "Point", "coordinates": [10.7503673, 59.9097044]}, "properties": {"id": 664221949, "feat_type": "way", "quality_categories": "improper_geometries", "issue_ids": "[1]", "osm_url": "https://www.openstreetmap.org/way/664221949", "josm_url": "http://127.0.0.1:8111/load_object?new_layer=false&objects=w664221949", "id_url": "https://www.openstreetmap.org/edit?editor=id&way=664221949#map=20/59.9097044/10.7503673"}}, {"type": "Feature", "geometry": {"type": "Point", "coordinates": [10.7510555, 59.9096633]}, "properties": {"id": 664221950, "feat_type": "way", "quality_categories": "improper_geometries", "issue_ids": "[1]", "osm_url": "https://www.openstreetmap.org/way/664221950", "josm_url": "http://127.0.0.1:8111/load_object?new_layer=false&objects=w664221950", "id_url": "https://www.openstreetmap.org/edit?editor=id&way=664221950#map=20/59.9096633/10.7510555"}}, {"type": "Feature", "geometry": {"type": "Point", "coordinates": [10.7507177, 59.9096869]}, "properties": {"id": 664221951, "feat_type": "way", "quality_categories": "improper_geometries", "issue_ids": "[1]", "osm_url": "https://www.openstreetmap.org/way/664221951", "josm_url": "http://127.0.0.1:8111/load_object?new_layer=false&objects=w664221951", "id_url": "https://www.openstreetmap.org/edit?editor=id&way=664221951#map=20/59.9096869/10.7507177"}}, {"type": "Feature", "geometry": {"type": "Point", "coordinates": [10.7554912, 59.9085961]}, "properties": {"id": 664221952, "feat_type": "way", "quality_categories": "improper_geometries", "issue_ids": "[1]", "osm_url": "https://www.openstreetmap.org/way/664221952", "josm_url": "http://127.0.0.1:8111/load_object?new_layer=false&objects=w664221952", "id_url": "https://www.openstreetmap.org/edit?editor=id&way=664221952#map=20/59.9085961/10.7554912"}}, {"type": "Feature", "geometry": {"type": "Point", "coordinates": [10.7537994, 59.9089923]}, "properties": {"id": 664221953, "feat_type": "way", "quality_categories": "improper_geometries", "issue_ids": "[1]", "osm_url": "https://www.openstreetmap.org/way/664221953", "josm_url": "http://127.0.0.1:8111/load_object?new_layer=false&objects=w664221953", "id_url": "https://www.openstreetmap.org/edit?editor=id&way=664221953#map=20/59.9089923/10.7537994"}}, {"type": "Feature", "geometry": {"type": "Point", "coordinates": [10.7524069, 59.9093397]}, "properties": {"id": 664221954, "feat_type": "way", "quality_categories": "improper_geometries", "issue_ids": "[1]", "osm_url": "https://www.openstreetmap.org/way/664221954", "josm_url": "http://127.0.0.1:8111/load_object?new_layer=false&objects=w664221954", "id_url": "https://www.openstreetmap.org/edit?editor=id&way=664221954#map=20/59.9093397/10.7524069"}}, {"type": "Feature", "geometry": {"type": "Point", "coordinates": [10.7496906, 59.9099444]}, "properties": {"id": 664222361, "feat_type": "way", "quality_categories": "improper_geometries", "issue_ids": "[1]", "osm_url": "https://www.openstreetmap.org/way/664222361", "josm_url": "http://127.0.0.1:8111/load_object?new_layer=false&objects=w664222361", "id_url": "https://www.openstreetmap.org/edit?editor=id&way=664222361#map=20/59.9099444/10.7496906"}}, {"type": "Feature", "geometry": {"type": "Point", "coordinates": [10.7496701, 59.9100087]}, "properties": {"id": 664222362, "feat_type": "way", "quality_categories": "improper_geometries", "issue_ids": "[1]", "osm_url": "https://www.openstreetmap.org/way/664222362", "josm_url": "http://127.0.0.1:8111/load_object?new_layer=false&objects=w664222362", "id_url": "https://www.openstreetmap.org/edit?editor=id&way=664222362#map=20/59.9100087/10.7496701"}}, {"type": "Feature", "geometry": {"type": "Point", "coordinates": [10.7494684, 59.9098058]}, "properties": {"id": 664222363, "feat_type": "way", "quality_categories": "improper_geometries", "issue_ids": "[1]", "osm_url": "https://www.openstreetmap.org/way/664222363", "josm_url": "http://127.0.0.1:8111/load_object?new_layer=false&objects=w664222363", "id_url": "https://www.openstreetmap.org/edit?editor=id&way=664222363#map=20/59.9098058/10.7494684"}}, {"type": "Feature", "geometry": {"type": "Point", "coordinates": [10.7495501, 59.9098263]}, "properties": {"id": 664222364, "feat_type": "way", "quality_categories": "improper_geometries", "issue_ids": "[1]", "osm_url": "https://www.openstreetmap.org/way/664222364", "josm_url": "http://127.0.0.1:8111/load_object?new_layer=false&objects=w664222364", "id_url": "https://www.openstreetmap.org/edit?editor=id&way=664222364#map=20/59.9098263/10.7495501"}}, {"type": "Feature", "geometry": {"type": "Point", "coordinates": [10.7491949, 59.9099371]}, "properties": {"id": 664222365, "feat_type": "way", "quality_categories": "improper_geometries", "issue_ids": "[1]", "osm_url": "https://www.openstreetmap.org/way/664222365", "josm_url": "http://127.0.0.1:8111/load_object?new_layer=false&objects=w664222365", "id_url": "https://www.openstreetmap.org/edit?editor=id&way=664222365#map=20/59.9099371/10.7491949"}}, {"type": "Feature", "geometry": {"type": "Point", "coordinates": [10.749247, 59.9099057]}, "properties": {"id": 664222366, "feat_type": "way", "quality_categories": "improper_geometries", "issue_ids": "[1]", "osm_url": "https://www.openstreetmap.org/way/664222366", "josm_url": "http://127.0.0.1:8111/load_object?new_layer=false&objects=w664222366", "id_url": "https://www.openstreetmap.org/edit?editor=id&way=664222366#map=20/59.9099057/10.749247"}}, {"type": "Feature", "geometry": {"type": "Point", "coordinates": [10.7492248, 59.9098676]}, "properties": {"id": 664222367, "feat_type": "way", "quality_categories": "improper_geometries", "issue_ids": "[1]", "osm_url": "https://www.openstreetmap.org/way/664222367", "josm_url": "http://127.0.0.1:8111/load_object?new_layer=false&objects=w664222367", "id_url": "https://www.openstreetmap.org/edit?editor=id&way=664222367#map=20/59.9098676/10.7492248"}}, {"type": "Feature", "geometry": {"type": "Point", "coordinates": [10.7496442, 59.9098106]}, "properties": {"id": 664222368, "feat_type": "way", "quality_categories": "improper_geometries", "issue_ids": "[1]", "osm_url": "https://www.openstreetmap.org/way/664222368", "josm_url": "http://127.0.0.1:8111/load_object?new_layer=false&objects=w664222368", "id_url": "https://www.openstreetmap.org/edit?editor=id&way=664222368#map=20/59.9098106/10.7496442"}}, {"type": "Feature", "geometry": {"type": "Point", "coordinates": [10.7502846, 59.9096539]}, "properties": {"id": 664222369, "feat_type": "way", "quality_categories": "improper_geometries", "issue_ids": "[1]", "osm_url": "https://www.openstreetmap.org/way/664222369", "josm_url": "http://127.0.0.1:8111/load_object?new_layer=false&objects=w664222369", "id_url": "https://www.openstreetmap.org/edit?editor=id&way=664222369#map=20/59.9096539/10.7502846"}}, {"type": "Feature", "geometry": {"type": "Point", "coordinates": [10.7499712, 59.9098015]}, "properties": {"id": 664222370, "feat_type": "way", "quality_categories": "improper_geometries", "issue_ids": "[1]", "osm_url": "https://www.openstreetmap.org/way/664222370", "josm_url": "http://127.0.0.1:8111/load_object?new_layer=false&objects=w664222370", "id_url": "https://www.openstreetmap.org/edit?editor=id&way=664222370#map=20/59.9098015/10.7499712"}}, {"type": "Feature", "geometry": {"type": "Point", "coordinates": [10.7497272, 59.9099045]}, "properties": {"id": 664222371, "feat_type": "way", "quality_categories": "improper_geometries", "issue_ids": "[1]", "osm_url": "https://www.openstreetmap.org/way/664222371", "josm_url": "http://127.0.0.1:8111/load_object?new_layer=false&objects=w664222371", "id_url": "https://www.openstreetmap.org/edit?editor=id&way=664222371#map=20/59.9099045/10.7497272"}}, {"type": "Feature", "geometry": {"type": "Point", "coordinates": [10.7497972, 59.9111364]}, "properties": {"id": 666375344, "feat_type": "way", "quality_categories": "improper_geometries", "issue_ids": "[1]", "osm_url": "https://www.openstreetmap.org/way/666375344", "josm_url": "http://127.0.0.1:8111/load_object?new_layer=false&objects=w666375344", "id_url": "https://www.openstreetmap.org/edit?editor=id&way=666375344#map=20/59.9111364/10.7497972"}}, {"type": "Feature", "geometry": {"type": "Point", "coordinates": [10.7497603, 59.9111652]}, "properties": {"id": 666375345, "feat_type": "way", "quality_categories": "improper_geometries", "issue_ids": "[1]", "osm_url": "https://www.openstreetmap.org/way/666375345", "josm_url": "http://127.0.0.1:8111/load_object?new_layer=false&objects=w666375345", "id_url": "https://www.openstreetmap.org/edit?editor=id&way=666375345#map=20/59.9111652/10.7497603"}}, {"type": "Feature", "geometry": {"type": "Point", "coordinates": [10.7496264, 59.9111709]}, "properties": {"id": 666375347, "feat_type": "way", "quality_categories": "improper_geometries", "issue_ids": "[1]", "osm_url": "https://www.openstreetmap.org/way/666375347", "josm_url": "http://127.0.0.1:8111/load_object?new_layer=false&objects=w666375347", "id_url": "https://www.openstreetmap.org/edit?editor=id&way=666375347#map=20/59.9111709/10.7496264"}}, {"type": "Feature", "geometry": {"type": "Point", "coordinates": [10.7495735, 59.9111816]}, "properties": {"id": 666375348, "feat_type": "way", "quality_categories": "improper_geometries", "issue_ids": "[1]", "osm_url": "https://www.openstreetmap.org/way/666375348", "josm_url": "http://127.0.0.1:8111/load_object?new_layer=false&objects=w666375348", "id_url": "https://www.openstreetmap.org/edit?editor=id&way=666375348#map=20/59.9111816/10.7495735"}}, {"type": "Feature", "geometry": {"type": "Point", "coordinates": [10.7495192, 59.9111933]}, "properties": {"id": 666375351, "feat_type": "way", "quality_categories": "improper_geometries", "issue_ids": "[1]", "osm_url": "https://www.openstreetmap.org/way/666375351", "josm_url": "http://127.0.0.1:8111/load_object?new_layer=false&objects=w666375351", "id_url": "https://www.openstreetmap.org/edit?editor=id&way=666375351#map=20/59.9111933/10.7495192"}}, {"type": "Feature", "geometry": {"type": "Point", "coordinates": [10.7494785, 59.9100571]}, "properties": {"id": 666375352, "feat_type": "way", "quality_categories": "improper_geometries", "issue_ids": "[1]", "osm_url": "https://www.openstreetmap.org/way/666375352", "josm_url": "http://127.0.0.1:8111/load_object?new_layer=false&objects=w666375352", "id_url": "https://www.openstreetmap.org/edit?editor=id&way=666375352#map=20/59.9100571/10.7494785"}}, {"type": "Feature", "geometry": {"type": "Point", "coordinates": [10.7493868, 59.9100279]}, "properties": {"id": 666375353, "feat_type": "way", "quality_categories": "improper_geometries", "issue_ids": "[1]", "osm_url": "https://www.openstreetmap.org/way/666375353", "josm_url": "http://127.0.0.1:8111/load_object?new_layer=false&objects=w666375353", "id_url": "https://www.openstreetmap.org/edit?editor=id&way=666375353#map=20/59.9100279/10.7493868"}}, {"type": "Feature", "geometry": {"type": "Point", "coordinates": [10.7492727, 59.9100192]}, "properties": {"id": 666375354, "feat_type": "way", "quality_categories": "improper_geometries", "issue_ids": "[1]", "osm_url": "https://www.openstreetmap.org/way/666375354", "josm_url": "http://127.0.0.1:8111/load_object?new_layer=false&objects=w666375354", "id_url": "https://www.openstreetmap.org/edit?editor=id&way=666375354#map=20/59.9100192/10.7492727"}}, {"type": "Feature", "geometry": {"type": "Point", "coordinates": [10.7490937, 59.9100584]}, "properties": {"id": 666375355, "feat_type": "way", "quality_categories": "improper_geometries", "issue_ids": "[1]", "osm_url": "https://www.openstreetmap.org/way/666375355", "josm_url": "http://127.0.0.1:8111/load_object?new_layer=false&objects=w666375355", "id_url": "https://www.openstreetmap.org/edit?editor=id&way=666375355#map=20/59.9100584/10.7490937"}}, {"type": "Feature", "geometry": {"type": "Point", "coordinates": [10.7483463, 59.9101451]}, "properties": {"id": 666375356, "feat_type": "way", "quality_categories": "improper_geometries", "issue_ids": "[1]", "osm_url": "https://www.openstreetmap.org/way/666375356", "josm_url": "http://127.0.0.1:8111/load_object?new_layer=false&objects=w666375356", "id_url": "https://www.openstreetmap.org/edit?editor=id&way=666375356#map=20/59.9101451/10.7483463"}}, {"type": "Feature", "geometry": {"type": "Point", "coordinates": [10.7483912, 59.91011]}, "properties": {"id": 666375357, "feat_type": "way", "quality_categories": "improper_geometries", "issue_ids": "[1]", "osm_url": "https://www.openstreetmap.org/way/666375357", "josm_url": "http://127.0.0.1:8111/load_object?new_layer=false&objects=w666375357", "id_url": "https://www.openstreetmap.org/edit?editor=id&way=666375357#map=20/59.91011/10.7483912"}}, {"type": "Feature", "geometry": {"type": "Point", "coordinates": [10.7485392, 59.9100693]}, "properties": {"id": 666375358, "feat_type": "way", "quality_categories": "improper_geometries", "issue_ids": "[1]", "osm_url": "https://www.openstreetmap.org/way/666375358", "josm_url": "http://127.0.0.1:8111/load_object?new_layer=false&objects=w666375358", "id_url": "https://www.openstreetmap.org/edit?editor=id&way=666375358#map=20/59.9100693/10.7485392"}}, {"type": "Feature", "geometry": {"type": "Point", "coordinates": [10.7485764, 59.9100794]}, "properties": {"id": 666375359, "feat_type": "way", "quality_categories": "improper_geometries", "issue_ids": "[1]", "osm_url": "https://www.openstreetmap.org/way/666375359", "josm_url": "http://127.0.0.1:8111/load_object?new_layer=false&objects=w666375359", "id_url": "https://www.openstreetmap.org/edit?editor=id&way=666375359#map=20/59.9100794/10.7485764"}}, {"type": "Feature", "geometry": {"type": "Point", "coordinates": [10.7486395, 59.9100789]}, "properties": {"id": 666375360, "feat_type": "way", "quality_categories": "improper_geometries", "issue_ids": "[1]", "osm_url": "https://www.openstreetmap.org/way/666375360", "josm_url": "http://127.0.0.1:8111/load_object?new_layer=false&objects=w666375360", "id_url": "https://www.openstreetmap.org/edit?editor=id&way=666375360#map=20/59.9100789/10.7486395"}}, {"type": "Feature", "geometry": {"type": "Point", "coordinates": [10.7491622, 59.9099451]}, "properties": {"id": 666375361, "feat_type": "way", "quality_categories": "improper_geometries", "issue_ids": "[1]", "osm_url": "https://www.openstreetmap.org/way/666375361", "josm_url": "http://127.0.0.1:8111/load_object?new_layer=false&objects=w666375361", "id_url": "https://www.openstreetmap.org/edit?editor=id&way=666375361#map=20/59.9099451/10.7491622"}}, {"type": "Feature", "geometry": {"type": "Point", "coordinates": [10.7487118, 59.9101533]}, "properties": {"id": 666375362, "feat_type": "way", "quality_categories": "improper_geometries", "issue_ids": "[1]", "osm_url": "https://www.openstreetmap.org/way/666375362", "josm_url": "http://127.0.0.1:8111/load_object?new_layer=false&objects=w666375362", "id_url": "https://www.openstreetmap.org/edit?editor=id&way=666375362#map=20/59.9101533/10.7487118"}}, {"type": "Feature", "geometry": {"type": "Point", "coordinates": [10.7486851, 59.9101768]}, "properties": {"id": 666375363, "feat_type": "way", "quality_categories": "improper_geometries", "issue_ids": "[1]", "osm_url": "https://www.openstreetmap.org/way/666375363", "josm_url": "http://127.0.0.1:8111/load_object?new_layer=false&objects=w666375363", "id_url": "https://www.openstreetmap.org/edit?editor=id&way=666375363#map=20/59.9101768/10.7486851"}}, {"type": "Feature", "geometry": {"type": "Point", "coordinates": [10.7486801, 59.9101929]}, "properties": {"id": 666375364, "feat_type": "way", "quality_categories": "improper_geometries", "issue_ids": "[1]", "osm_url": "https://www.openstreetmap.org/way/666375364", "josm_url": "http://127.0.0.1:8111/load_object?new_layer=false&objects=w666375364", "id_url": "https://www.openstreetmap.org/edit?editor=id&way=666375364#map=20/59.9101929/10.7486801"}}, {"type": "Feature", "geometry": {"type": "Point", "coordinates": [10.7485158, 59.9102339]}, "properties": {"id": 666375365, "feat_type": "way", "quality_categories": "improper_geometries", "issue_ids": "[1]", "osm_url": "https://www.openstreetmap.org/way/666375365", "josm_url": "http://127.0.0.1:8111/load_object?new_layer=false&objects=w666375365", "id_url": "https://www.openstreetmap.org/edit?editor=id&way=666375365#map=20/59.9102339/10.7485158"}}, {"type": "Feature", "geometry": {"type": "Point", "coordinates": [10.7484219, 59.9102236]}, "properties": {"id": 666375366, "feat_type": "way", "quality_categories": "improper_geometries", "issue_ids": "[1]", "osm_url": "https://www.openstreetmap.org/way/666375366", "josm_url": "http://127.0.0.1:8111/load_object?new_layer=false&objects=w666375366", "id_url": "https://www.openstreetmap.org/edit?editor=id&way=666375366#map=20/59.9102236/10.7484219"}}, {"type": "Feature", "geometry": {"type": "Point", "coordinates": [10.7483405, 59.9102252]}, "properties": {"id": 666375367, "feat_type": "way", "quality_categories": "improper_geometries", "issue_ids": "[1]", "osm_url": "https://www.openstreetmap.org/way/666375367", "josm_url": "http://127.0.0.1:8111/load_object?new_layer=false&objects=w666375367", "id_url": "https://www.openstreetmap.org/edit?editor=id&way=666375367#map=20/59.9102252/10.7483405"}}, {"type": "Feature", "geometry": {"type": "Point", "coordinates": [10.7482417, 59.9102374]}, "properties": {"id": 666375368, "feat_type": "way", "quality_categories": "improper_geometries", "issue_ids": "[1]", "osm_url": "https://www.openstreetmap.org/way/666375368", "josm_url": "http://127.0.0.1:8111/load_object?new_layer=false&objects=w666375368", "id_url": "https://www.openstreetmap.org/edit?editor=id&way=666375368#map=20/59.9102374/10.7482417"}}, {"type": "Feature", "geometry": {"type": "Point", "coordinates": [10.7482479, 59.9101712]}, "properties": {"id": 666375369, "feat_type": "way", "quality_categories": "improper_geometries", "issue_ids": "[1]", "osm_url": "https://www.openstreetmap.org/way/666375369", "josm_url": "http://127.0.0.1:8111/load_object?new_layer=false&objects=w666375369", "id_url": "https://www.openstreetmap.org/edit?editor=id&way=666375369#map=20/59.9101712/10.7482479"}}, {"type": "Feature", "geometry": {"type": "Point", "coordinates": [10.7482812, 59.9101623]}, "properties": {"id": 666375370, "feat_type": "way", "quality_categories": "improper_geometries", "issue_ids": "[1]", "osm_url": "https://www.openstreetmap.org/way/666375370", "josm_url": "http://127.0.0.1:8111/load_object?new_layer=false&objects=w666375370", "id_url": "https://www.openstreetmap.org/edit?editor=id&way=666375370#map=20/59.9101623/10.7482812"}}, {"type": "Feature", "geometry": {"type": "Point", "coordinates": [10.7491909, 59.9121326]}, "properties": {"id": 666375371, "feat_type": "way", "quality_categories": "improper_geometries", "issue_ids": "[1]", "osm_url": "https://www.openstreetmap.org/way/666375371", "josm_url": "http://127.0.0.1:8111/load_object?new_layer=false&objects=w666375371", "id_url": "https://www.openstreetmap.org/edit?editor=id&way=666375371#map=20/59.9121326/10.7491909"}}, {"type": "Feature", "geometry": {"type": "Point", "coordinates": [10.7481024, 59.9123314]}, "properties": {"id": 666375372, "feat_type": "way", "quality_categories": "improper_geometries", "issue_ids": "[1]", "osm_url": "https://www.openstreetmap.org/way/666375372", "josm_url": "http://127.0.0.1:8111/load_object?new_layer=false&objects=w666375372", "id_url": "https://www.openstreetmap.org/edit?editor=id&way=666375372#map=20/59.9123314/10.7481024"}}, {"type": "Feature", "geometry": {"type": "Point", "coordinates": [10.7476074, 59.9118723]}, "properties": {"id": 666375373, "feat_type": "way", "quality_categories": "improper_geometries", "issue_ids": "[1]", "osm_url": "https://www.openstreetmap.org/way/666375373", "josm_url": "http://127.0.0.1:8111/load_object?new_layer=false&objects=w666375373", "id_url": "https://www.openstreetmap.org/edit?editor=id&way=666375373#map=20/59.9118723/10.7476074"}}, {"type": "Feature", "geometry": {"type": "Point", "coordinates": [10.7480683, 59.9121683]}, "properties": {"id": 666375374, "feat_type": "way", "quality_categories": "improper_geometries", "issue_ids": "[1]", "osm_url": "https://www.openstreetmap.org/way/666375374", "josm_url": "http://127.0.0.1:8111/load_object?new_layer=false&objects=w666375374", "id_url": "https://www.openstreetmap.org/edit?editor=id&way=666375374#map=20/59.9121683/10.7480683"}}, {"type": "Feature", "geometry": {"type": "Point", "coordinates": [10.7482063, 59.9123085]}, "properties": {"id": 666375375, "feat_type": "way", "quality_categories": "improper_geometries", "issue_ids": "[1]", "osm_url": "https://www.openstreetmap.org/way/666375375", "josm_url": "http://127.0.0.1:8111/load_object?new_layer=false&objects=w666375375", "id_url": "https://www.openstreetmap.org/edit?editor=id&way=666375375#map=20/59.9123085/10.7482063"}}, {"type": "Feature", "geometry": {"type": "Point", "coordinates": [10.7490827, 59.9121576]}, "properties": {"id": 666375376, "feat_type": "way", "quality_categories": "improper_geometries", "issue_ids": "[1]", "osm_url": "https://www.openstreetmap.org/way/666375376", "josm_url": "http://127.0.0.1:8111/load_object?new_layer=false&objects=w666375376", "id_url": "https://www.openstreetmap.org/edit?editor=id&way=666375376#map=20/59.9121576/10.7490827"}}, {"type": "Feature", "geometry": {"type": "Point", "coordinates": [10.7489721, 59.9120434]}, "properties": {"id": 666375377, "feat_type": "way", "quality_categories": "improper_geometries", "issue_ids": "[1]", "osm_url": "https://www.openstreetmap.org/way/666375377", "josm_url": "http://127.0.0.1:8111/load_object?new_layer=false&objects=w666375377", "id_url": "https://www.openstreetmap.org/edit?editor=id&way=666375377#map=20/59.9120434/10.7489721"}}, {"type": "Feature", "geometry": {"type": "Point", "coordinates": [10.7477144, 59.9103653]}, "properties": {"id": 666375378, "feat_type": "way", "quality_categories": "improper_geometries", "issue_ids": "[1]", "osm_url": "https://www.openstreetmap.org/way/666375378", "josm_url": "http://127.0.0.1:8111/load_object?new_layer=false&objects=w666375378", "id_url": "https://www.openstreetmap.org/edit?editor=id&way=666375378#map=20/59.9103653/10.7477144"}}, {"type": "Feature", "geometry": {"type": "Point", "coordinates": [10.7476343, 59.9103881]}, "properties": {"id": 666375379, "feat_type": "way", "quality_categories": "improper_geometries", "issue_ids": "[1]", "osm_url": "https://www.openstreetmap.org/way/666375379", "josm_url": "http://127.0.0.1:8111/load_object?new_layer=false&objects=w666375379", "id_url": "https://www.openstreetmap.org/edit?editor=id&way=666375379#map=20/59.9103881/10.7476343"}}, {"type": "Feature", "geometry": {"type": "Point", "coordinates": [10.74758, 59.9103313]}, "properties": {"id": 666375380, "feat_type": "way", "quality_categories": "improper_geometries", "issue_ids": "[1]", "osm_url": "https://www.openstreetmap.org/way/666375380", "josm_url": "http://127.0.0.1:8111/load_object?new_layer=false&objects=w666375380", "id_url": "https://www.openstreetmap.org/edit?editor=id&way=666375380#map=20/59.9103313/10.74758"}}, {"type": "Feature", "geometry": {"type": "Point", "coordinates": [10.7476675, 59.9103155]}, "properties": {"id": 666375381, "feat_type": "way", "quality_categories": "improper_geometries", "issue_ids": "[1]", "osm_url": "https://www.openstreetmap.org/way/666375381", "josm_url": "http://127.0.0.1:8111/load_object?new_layer=false&objects=w666375381", "id_url": "https://www.openstreetmap.org/edit?editor=id&way=666375381#map=20/59.9103155/10.7476675"}}, {"type": "Feature", "geometry": {"type": "Point", "coordinates": [10.7484557, 59.9113516]}, "properties": {"id": 666375382, "feat_type": "way", "quality_categories": "improper_geometries", "issue_ids": "[1]", "osm_url": "https://www.openstreetmap.org/way/666375382", "josm_url": "http://127.0.0.1:8111/load_object?new_layer=false&objects=w666375382", "id_url": "https://www.openstreetmap.org/edit?editor=id&way=666375382#map=20/59.9113516/10.7484557"}}, {"type": "Feature", "geometry": {"type": "Point", "coordinates": [10.7490897, 59.9120247]}, "properties": {"id": 666375383, "feat_type": "way", "quality_categories": "improper_geometries", "issue_ids": "[1]", "osm_url": "https://www.openstreetmap.org/way/666375383", "josm_url": "http://127.0.0.1:8111/load_object?new_layer=false&objects=w666375383", "id_url": "https://www.openstreetmap.org/edit?editor=id&way=666375383#map=20/59.9120247/10.7490897"}}, {"type": "Feature", "geometry": {"type": "Point", "coordinates": [10.7484133, 59.9114418]}, "properties": {"id": 666375384, "feat_type": "way", "quality_categories": "improper_geometries", "issue_ids": "[1]", "osm_url": "https://www.openstreetmap.org/way/666375384", "josm_url": "http://127.0.0.1:8111/load_object?new_layer=false&objects=w666375384", "id_url": "https://www.openstreetmap.org/edit?editor=id&way=666375384#map=20/59.9114418/10.7484133"}}, {"type": "Feature", "geometry": {"type": "Point", "coordinates": [10.7482474, 59.9112953]}, "properties": {"id": 666375385, "feat_type": "way", "quality_categories": "improper_geometries", "issue_ids": "[1]", "osm_url": "https://www.openstreetmap.org/way/666375385", "josm_url": "http://127.0.0.1:8111/load_object?new_layer=false&objects=w666375385", "id_url": "https://www.openstreetmap.org/edit?editor=id&way=666375385#map=20/59.9112953/10.7482474"}}, {"type": "Feature", "geometry": {"type": "Point", "coordinates": [10.7474528, 59.9116702]}, "properties": {"id": 666375386, "feat_type": "way", "quality_categories": "improper_geometries", "issue_ids": "[1]", "osm_url": "https://www.openstreetmap.org/way/666375386", "josm_url": "http://127.0.0.1:8111/load_object?new_layer=false&objects=w666375386", "id_url": "https://www.openstreetmap.org/edit?editor=id&way=666375386#map=20/59.9116702/10.7474528"}}, {"type": "Feature", "geometry": {"type": "Point", "coordinates": [10.7468035, 59.9109701]}, "properties": {"id": 666375387, "feat_type": "way", "quality_categories": "improper_geometries", "issue_ids": "[1]", "osm_url": "https://www.openstreetmap.org/way/666375387", "josm_url": "http://127.0.0.1:8111/load_object?new_layer=false&objects=w666375387", "id_url": "https://www.openstreetmap.org/edit?editor=id&way=666375387#map=20/59.9109701/10.7468035"}}, {"type": "Feature", "geometry": {"type": "Point", "coordinates": [10.7467712, 59.9108528]}, "properties": {"id": 666375388, "feat_type": "way", "quality_categories": "improper_geometries", "issue_ids": "[1]", "osm_url": "https://www.openstreetmap.org/way/666375388", "josm_url": "http://127.0.0.1:8111/load_object?new_layer=false&objects=w666375388", "id_url": "https://www.openstreetmap.org/edit?editor=id&way=666375388#map=20/59.9108528/10.7467712"}}, {"type": "Feature", "geometry": {"type": "Point", "coordinates": [10.7475252, 59.9116533]}, "properties": {"id": 666375389, "feat_type": "way", "quality_categories": "improper_geometries", "issue_ids": "[1]", "osm_url": "https://www.openstreetmap.org/way/666375389", "josm_url": "http://127.0.0.1:8111/load_object?new_layer=false&objects=w666375389", "id_url": "https://www.openstreetmap.org/edit?editor=id&way=666375389#map=20/59.9116533/10.7475252"}}, {"type": "Feature", "geometry": {"type": "Point", "coordinates": [10.7475203, 59.9103196]}, "properties": {"id": 666375390, "feat_type": "way", "quality_categories": "improper_geometries", "issue_ids": "[1]", "osm_url": "https://www.openstreetmap.org/way/666375390", "josm_url": "http://127.0.0.1:8111/load_object?new_layer=false&objects=w666375390", "id_url": "https://www.openstreetmap.org/edit?editor=id&way=666375390#map=20/59.9103196/10.7475203"}}, {"type": "Feature", "geometry": {"type": "Point", "coordinates": [10.7473604, 59.9103796]}, "properties": {"id": 666375391, "feat_type": "way", "quality_categories": "improper_geometries", "issue_ids": "[1]", "osm_url": "https://www.openstreetmap.org/way/666375391", "josm_url": "http://127.0.0.1:8111/load_object?new_layer=false&objects=w666375391", "id_url": "https://www.openstreetmap.org/edit?editor=id&way=666375391#map=20/59.9103796/10.7473604"}}, {"type": "Feature", "geometry": {"type": "Point", "coordinates": [10.7473668, 59.9103547]}, "properties": {"id": 666375392, "feat_type": "way", "quality_categories": "improper_geometries", "issue_ids": "[1]", "osm_url": "https://www.openstreetmap.org/way/666375392", "josm_url": "http://127.0.0.1:8111/load_object?new_layer=false&objects=w666375392", "id_url": "https://www.openstreetmap.org/edit?editor=id&way=666375392#map=20/59.9103547/10.7473668"}}, {"type": "Feature", "geometry": {"type": "Point", "coordinates": [10.7473231, 59.9103987]}, "properties": {"id": 666375393, "feat_type": "way", "quality_categories": "improper_geometries", "issue_ids": "[1]", "osm_url": "https://www.openstreetmap.org/way/666375393", "josm_url": "http://127.0.0.1:8111/load_object?new_layer=false&objects=w666375393", "id_url": "https://www.openstreetmap.org/edit?editor=id&way=666375393#map=20/59.9103987/10.7473231"}}, {"type": "Feature", "geometry": {"type": "Point", "coordinates": [10.7472897, 59.9104078]}, "properties": {"id": 666375394, "feat_type": "way", "quality_categories": "improper_geometries", "issue_ids": "[1]", "osm_url": "https://www.openstreetmap.org/way/666375394", "josm_url": "http://127.0.0.1:8111/load_object?new_layer=false&objects=w666375394", "id_url": "https://www.openstreetmap.org/edit?editor=id&way=666375394#map=20/59.9104078/10.7472897"}}, {"type": "Feature", "geometry": {"type": "Point", "coordinates": [10.7473739, 59.9104483]}, "properties": {"id": 666375395, "feat_type": "way", "quality_categories": "improper_geometries", "issue_ids": "[1]", "osm_url": "https://www.openstreetmap.org/way/666375395", "josm_url": "http://127.0.0.1:8111/load_object?new_layer=false&objects=w666375395", "id_url": "https://www.openstreetmap.org/edit?editor=id&way=666375395#map=20/59.9104483/10.7473739"}}, {"type": "Feature", "geometry": {"type": "Point", "coordinates": [10.7473383, 59.9104564]}, "properties": {"id": 666375396, "feat_type": "way", "quality_categories": "improper_geometries", "issue_ids": "[1]", "osm_url": "https://www.openstreetmap.org/way/666375396", "josm_url": "http://127.0.0.1:8111/load_object?new_layer=false&objects=w666375396", "id_url": "https://www.openstreetmap.org/edit?editor=id&way=666375396#map=20/59.9104564/10.7473383"}}, {"type": "Feature", "geometry": {"type": "Point", "coordinates": [10.747624, 59.9104448]}, "properties": {"id": 666375402, "feat_type": "way", "quality_categories": "improper_geometries", "issue_ids": "[1]", "osm_url": "https://www.openstreetmap.org/way/666375402", "josm_url": "http://127.0.0.1:8111/load_object?new_layer=false&objects=w666375402", "id_url": "https://www.openstreetmap.org/edit?editor=id&way=666375402#map=20/59.9104448/10.747624"}}, {"type": "Feature", "geometry": {"type": "Point", "coordinates": [10.7485204, 59.9114194]}, "properties": {"id": 666375403, "feat_type": "way", "quality_categories": "improper_geometries", "issue_ids": "[1]", "osm_url": "https://www.openstreetmap.org/way/666375403", "josm_url": "http://127.0.0.1:8111/load_object?new_layer=false&objects=w666375403", "id_url": "https://www.openstreetmap.org/edit?editor=id&way=666375403#map=20/59.9114194/10.7485204"}}, {"type": "Feature", "geometry": {"type": "Point", "coordinates": [10.7475037, 59.9104731]}, "properties": {"id": 666375404, "feat_type": "way", "quality_categories": "improper_geometries", "issue_ids": "[1]", "osm_url": "https://www.openstreetmap.org/way/666375404", "josm_url": "http://127.0.0.1:8111/load_object?new_layer=false&objects=w666375404", "id_url": "https://www.openstreetmap.org/edit?editor=id&way=666375404#map=20/59.9104731/10.7475037"}}, {"type": "Feature", "geometry": {"type": "Point", "coordinates": [10.7474548, 59.9104483]}, "properties": {"id": 666375406, "feat_type": "way", "quality_categories": "improper_geometries", "issue_ids": "[1]", "osm_url": "https://www.openstreetmap.org/way/666375406", "josm_url": "http://127.0.0.1:8111/load_object?new_layer=false&objects=w666375406", "id_url": "https://www.openstreetmap.org/edit?editor=id&way=666375406#map=20/59.9104483/10.7474548"}}, {"type": "Feature", "geometry": {"type": "Point", "coordinates": [10.7472159, 59.9104259]}, "properties": {"id": 666375411, "feat_type": "way", "quality_categories": "improper_geometries", "issue_ids": "[1]", "osm_url": "https://www.openstreetmap.org/way/666375411", "josm_url": "http://127.0.0.1:8111/load_object?new_layer=false&objects=w666375411", "id_url": "https://www.openstreetmap.org/edit?editor=id&way=666375411#map=20/59.9104259/10.7472159"}}, {"type": "Feature", "geometry": {"type": "Point", "coordinates": [10.7465048, 59.9106986]}, "properties": {"id": 666375412, "feat_type": "way", "quality_categories": "improper_geometries", "issue_ids": "[1]", "osm_url": "https://www.openstreetmap.org/way/666375412", "josm_url": "http://127.0.0.1:8111/load_object?new_layer=false&objects=w666375412", "id_url": "https://www.openstreetmap.org/edit?editor=id&way=666375412#map=20/59.9106986/10.7465048"}}, {"type": "Feature", "geometry": {"type": "Point", "coordinates": [10.7464129, 59.910684]}, "properties": {"id": 666375413, "feat_type": "way", "quality_categories": "improper_geometries", "issue_ids": "[1]", "osm_url": "https://www.openstreetmap.org/way/666375413", "josm_url": "http://127.0.0.1:8111/load_object?new_layer=false&objects=w666375413", "id_url": "https://www.openstreetmap.org/edit?editor=id&way=666375413#map=20/59.910684/10.7464129"}}, {"type": "Feature", "geometry": {"type": "Point", "coordinates": [10.7465302, 59.9105554]}, "properties": {"id": 666375414, "feat_type": "way", "quality_categories": "improper_geometries", "issue_ids": "[1]", "osm_url": "https://www.openstreetmap.org/way/666375414", "josm_url": "http://127.0.0.1:8111/load_object?new_layer=false&objects=w666375414", "id_url": "https://www.openstreetmap.org/edit?editor=id&way=666375414#map=20/59.9105554/10.7465302"}}, {"type": "Feature", "geometry": {"type": "Point", "coordinates": [10.7465997, 59.9105703]}, "properties": {"id": 666375415, "feat_type": "way", "quality_categories": "improper_geometries", "issue_ids": "[1]", "osm_url": "https://www.openstreetmap.org/way/666375415", "josm_url": "http://127.0.0.1:8111/load_object?new_layer=false&objects=w666375415", "id_url": "https://www.openstreetmap.org/edit?editor=id&way=666375415#map=20/59.9105703/10.7465997"}}, {"type": "Feature", "geometry": {"type": "Point", "coordinates": [10.7463542, 59.9106321]}, "properties": {"id": 666375416, "feat_type": "way", "quality_categories": "improper_geometries", "issue_ids": "[1]", "osm_url": "https://www.openstreetmap.org/way/666375416", "josm_url": "http://127.0.0.1:8111/load_object?new_layer=false&objects=w666375416", "id_url": "https://www.openstreetmap.org/edit?editor=id&way=666375416#map=20/59.9106321/10.7463542"}}, {"type": "Feature", "geometry": {"type": "Point", "coordinates": [10.7463682, 59.9105929]}, "properties": {"id": 666375417, "feat_type": "way", "quality_categories": "improper_geometries", "issue_ids": "[1]", "osm_url": "https://www.openstreetmap.org/way/666375417", "josm_url": "http://127.0.0.1:8111/load_object?new_layer=false&objects=w666375417", "id_url": "https://www.openstreetmap.org/edit?editor=id&way=666375417#map=20/59.9105929/10.7463682"}}, {"type": "Feature", "geometry": {"type": "Point", "coordinates": [10.7446701, 59.911052]}, "properties": {"id": 666375418, "feat_type": "way", "quality_categories": "improper_geometries", "issue_ids": "[1]", "osm_url": "https://www.openstreetmap.org/way/666375418", "josm_url": "http://127.0.0.1:8111/load_object?new_layer=false&objects=w666375418", "id_url": "https://www.openstreetmap.org/edit?editor=id&way=666375418#map=20/59.911052/10.7446701"}}, {"type": "Feature", "geometry": {"type": "Point", "coordinates": [10.7462885, 59.9106545]}, "properties": {"id": 666375419, "feat_type": "way", "quality_categories": "improper_geometries", "issue_ids": "[1]", "osm_url": "https://www.openstreetmap.org/way/666375419", "josm_url": "http://127.0.0.1:8111/load_object?new_layer=false&objects=w666375419", "id_url": "https://www.openstreetmap.org/edit?editor=id&way=666375419#map=20/59.9106545/10.7462885"}}, {"type": "Feature", "geometry": {"type": "Point", "coordinates": [10.7463341, 59.9107017]}, "properties": {"id": 666375421, "feat_type": "way", "quality_categories": "improper_geometries", "issue_ids": "[1]", "osm_url": "https://www.openstreetmap.org/way/666375421", "josm_url": "http://127.0.0.1:8111/load_object?new_layer=false&objects=w666375421", "id_url": "https://www.openstreetmap.org/edit?editor=id&way=666375421#map=20/59.9107017/10.7463341"}}, {"type": "Feature", "geometry": {"type": "Point", "coordinates": [10.7449574, 59.9110601]}, "properties": {"id": 666375422, "feat_type": "way", "quality_categories": "improper_geometries", "issue_ids": "[1]", "osm_url": "https://www.openstreetmap.org/way/666375422", "josm_url": "http://127.0.0.1:8111/load_object?new_layer=false&objects=w666375422", "id_url": "https://www.openstreetmap.org/edit?editor=id&way=666375422#map=20/59.9110601/10.7449574"}}, {"type": "Feature", "geometry": {"type": "Point", "coordinates": [10.7466647, 59.9106224]}, "properties": {"id": 666375423, "feat_type": "way", "quality_categories": "improper_geometries", "issue_ids": "[1]", "osm_url": "https://www.openstreetmap.org/way/666375423", "josm_url": "http://127.0.0.1:8111/load_object?new_layer=false&objects=w666375423", "id_url": "https://www.openstreetmap.org/edit?editor=id&way=666375423#map=20/59.9106224/10.7466647"}}, {"type": "Feature", "geometry": {"type": "Point", "coordinates": [10.7466427, 59.9106676]}, "properties": {"id": 666375425, "feat_type": "way", "quality_categories": "improper_geometries", "issue_ids": "[1]", "osm_url": "https://www.openstreetmap.org/way/666375425", "josm_url": "http://127.0.0.1:8111/load_object?new_layer=false&objects=w666375425", "id_url": "https://www.openstreetmap.org/edit?editor=id&way=666375425#map=20/59.9106676/10.7466427"}}, {"type": "Feature", "geometry": {"type": "Point", "coordinates": [10.747624, 59.9104448]}, "properties": {"id": 666375444, "feat_type": "way", "quality_categories": "improper_geometries", "issue_ids": "[1]", "osm_url": "https://www.openstreetmap.org/way/666375444", "josm_url": "http://127.0.0.1:8111/load_object?new_layer=false&objects=w666375444", "id_url": "https://www.openstreetmap.org/edit?editor=id&way=666375444#map=20/59.9104448/10.747624"}}, {"type": "Feature", "geometry": {"type": "Point", "coordinates": [10.7466895, 59.9106121]}, "properties": {"id": 666375452, "feat_type": "way", "quality_categories": "improper_geometries", "issue_ids": "[1]", "osm_url": "https://www.openstreetmap.org/way/666375452", "josm_url": "http://127.0.0.1:8111/load_object?new_layer=false&objects=w666375452", "id_url": "https://www.openstreetmap.org/edit?editor=id&way=666375452#map=20/59.9106121/10.7466895"}}, {"type": "Feature", "geometry": {"type": "Point", "coordinates": [10.6960499, 59.9192911]}, "properties": {"id": 669423930, "feat_type": "way", "quality_categories": "improper_geometries", "issue_ids": "[1]", "osm_url": "https://www.openstreetmap.org/way/669423930", "josm_url": "http://127.0.0.1:8111/load_object?new_layer=false&objects=w669423930", "id_url": "https://www.openstreetmap.org/edit?editor=id&way=669423930#map=20/59.9192911/10.6960499"}}, {"type": "Feature", "geometry": {"type": "Point", "coordinates": [10.7614068, 59.9107817]}, "properties": {"id": 671979365, "feat_type": "way", "quality_categories": "improper_geometries", "issue_ids": "[1]", "osm_url": "https://www.openstreetmap.org/way/671979365", "josm_url": "http://127.0.0.1:8111/load_object?new_layer=false&objects=w671979365", "id_url": "https://www.openstreetmap.org/edit?editor=id&way=671979365#map=20/59.9107817/10.7614068"}}, {"type": "Feature", "geometry": {"type": "Point", "coordinates": [10.7246307, 59.9153307]}, "properties": {"id": 682896297, "feat_type": "way", "quality_categories": "improper_geometries", "issue_ids": "[1]", "osm_url": "https://www.openstreetmap.org/way/682896297", "josm_url": "http://127.0.0.1:8111/load_object?new_layer=false&objects=w682896297", "id_url": "https://www.openstreetmap.org/edit?editor=id&way=682896297#map=20/59.9153307/10.7246307"}}, {"type": "Feature", "geometry": {"type": "Point", "coordinates": [10.7302519, 59.9152252]}, "properties": {"id": 682896312, "feat_type": "way", "quality_categories": "improper_geometries", "issue_ids": "[1]", "osm_url": "https://www.openstreetmap.org/way/682896312", "josm_url": "http://127.0.0.1:8111/load_object?new_layer=false&objects=w682896312", "id_url": "https://www.openstreetmap.org/edit?editor=id&way=682896312#map=20/59.9152252/10.7302519"}}, {"type": "Feature", "geometry": {"type": "Point", "coordinates": [10.731244, 59.9151383]}, "properties": {"id": 682896314, "feat_type": "way", "quality_categories": "improper_geometries", "issue_ids": "[1]", "osm_url": "https://www.openstreetmap.org/way/682896314", "josm_url": "http://127.0.0.1:8111/load_object?new_layer=false&objects=w682896314", "id_url": "https://www.openstreetmap.org/edit?editor=id&way=682896314#map=20/59.9151383/10.731244"}}, {"type": "Feature", "geometry": {"type": "Point", "coordinates": [10.7261713, 59.9152877]}, "properties": {"id": 682896318, "feat_type": "way", "quality_categories": "improper_geometries", "issue_ids": "[1]", "osm_url": "https://www.openstreetmap.org/way/682896318", "josm_url": "http://127.0.0.1:8111/load_object?new_layer=false&objects=w682896318", "id_url": "https://www.openstreetmap.org/edit?editor=id&way=682896318#map=20/59.9152877/10.7261713"}}, {"type": "Feature", "geometry": {"type": "Point", "coordinates": [10.7265587, 59.9152584]}, "properties": {"id": 682896319, "feat_type": "way", "quality_categories": "improper_geometries", "issue_ids": "[1]", "osm_url": "https://www.openstreetmap.org/way/682896319", "josm_url": "http://127.0.0.1:8111/load_object?new_layer=false&objects=w682896319", "id_url": "https://www.openstreetmap.org/edit?editor=id&way=682896319#map=20/59.9152584/10.7265587"}}, {"type": "Feature", "geometry": {"type": "Point", "coordinates": [10.7265679, 59.9153345]}, "properties": {"id": 682896320, "feat_type": "way", "quality_categories": "improper_geometries", "issue_ids": "[1]", "osm_url": "https://www.openstreetmap.org/way/682896320", "josm_url": "http://127.0.0.1:8111/load_object?new_layer=false&objects=w682896320", "id_url": "https://www.openstreetmap.org/edit?editor=id&way=682896320#map=20/59.9153345/10.7265679"}}, {"type": "Feature", "geometry": {"type": "Point", "coordinates": [10.7246397, 59.9153905]}, "properties": {"id": 682896321, "feat_type": "way", "quality_categories": "improper_geometries", "issue_ids": "[1]", "osm_url": "https://www.openstreetmap.org/way/682896321", "josm_url": "http://127.0.0.1:8111/load_object?new_layer=false&objects=w682896321", "id_url": "https://www.openstreetmap.org/edit?editor=id&way=682896321#map=20/59.9153905/10.7246397"}}, {"type": "Feature", "geometry": {"type": "Point", "coordinates": [10.7261785, 59.9153635]}, "properties": {"id": 682896322, "feat_type": "way", "quality_categories": "improper_geometries", "issue_ids": "[1]", "osm_url": "https://www.openstreetmap.org/way/682896322", "josm_url": "http://127.0.0.1:8111/load_object?new_layer=false&objects=w682896322", "id_url": "https://www.openstreetmap.org/edit?editor=id&way=682896322#map=20/59.9153635/10.7261785"}}, {"type": "Feature", "geometry": {"type": "Point", "coordinates": [10.8990195, 59.9714008]}, "properties": {"id": 711851489, "feat_type": "way", "quality_categories": "improper_geometries", "issue_ids": "[1]", "osm_url": "https://www.openstreetmap.org/way/711851489", "josm_url": "http://127.0.0.1:8111/load_object?new_layer=false&objects=w711851489", "id_url": "https://www.openstreetmap.org/edit?editor=id&way=711851489#map=20/59.9714008/10.8990195"}}, {"type": "Feature", "geometry": {"type": "Point", "coordinates": [10.8990218, 59.9712884]}, "properties": {"id": 711858417, "feat_type": "way", "quality_categories": "improper_geometries", "issue_ids": "[1]", "osm_url": "https://www.openstreetmap.org/way/711858417", "josm_url": "http://127.0.0.1:8111/load_object?new_layer=false&objects=w711858417", "id_url": "https://www.openstreetmap.org/edit?editor=id&way=711858417#map=20/59.9712884/10.8990218"}}, {"type": "Feature", "geometry": {"type": "Point", "coordinates": [10.8991678, 59.9713588]}, "properties": {"id": 711858420, "feat_type": "way", "quality_categories": "improper_geometries", "issue_ids": "[1]", "osm_url": "https://www.openstreetmap.org/way/711858420", "josm_url": "http://127.0.0.1:8111/load_object?new_layer=false&objects=w711858420", "id_url": "https://www.openstreetmap.org/edit?editor=id&way=711858420#map=20/59.9713588/10.8991678"}}, {"type": "Feature", "geometry": {"type": "Point", "coordinates": [10.7988644, 59.9324795]}, "properties": {"id": 712153035, "feat_type": "way", "quality_categories": "improper_geometries", "issue_ids": "[1]", "osm_url": "https://www.openstreetmap.org/way/712153035", "josm_url": "http://127.0.0.1:8111/load_object?new_layer=false&objects=w712153035", "id_url": "https://www.openstreetmap.org/edit?editor=id&way=712153035#map=20/59.9324795/10.7988644"}}, {"type": "Feature", "geometry": {"type": "Point", "coordinates": [10.7985494, 59.9325583]}, "properties": {"id": 712153037, "feat_type": "way", "quality_categories": "improper_geometries", "issue_ids": "[1]", "osm_url": "https://www.openstreetmap.org/way/712153037", "josm_url": "http://127.0.0.1:8111/load_object?new_layer=false&objects=w712153037", "id_url": "https://www.openstreetmap.org/edit?editor=id&way=712153037#map=20/59.9325583/10.7985494"}}, {"type": "Feature", "geometry": {"type": "Point", "coordinates": [10.7961311, 59.9333468]}, "properties": {"id": 712153038, "feat_type": "way", "quality_categories": "improper_geometries", "issue_ids": "[1]", "osm_url": "https://www.openstreetmap.org/way/712153038", "josm_url": "http://127.0.0.1:8111/load_object?new_layer=false&objects=w712153038", "id_url": "https://www.openstreetmap.org/edit?editor=id&way=712153038#map=20/59.9333468/10.7961311"}}, {"type": "Feature", "geometry": {"type": "Point", "coordinates": [10.7988404, 59.9323764]}, "properties": {"id": 712153039, "feat_type": "way", "quality_categories": "improper_geometries", "issue_ids": "[1]", "osm_url": "https://www.openstreetmap.org/way/712153039", "josm_url": "http://127.0.0.1:8111/load_object?new_layer=false&objects=w712153039", "id_url": "https://www.openstreetmap.org/edit?editor=id&way=712153039#map=20/59.9323764/10.7988404"}}, {"type": "Feature", "geometry": {"type": "Point", "coordinates": [10.8001034, 59.9321499]}, "properties": {"id": 712153041, "feat_type": "way", "quality_categories": "improper_geometries", "issue_ids": "[1]", "osm_url": "https://www.openstreetmap.org/way/712153041", "josm_url": "http://127.0.0.1:8111/load_object?new_layer=false&objects=w712153041", "id_url": "https://www.openstreetmap.org/edit?editor=id&way=712153041#map=20/59.9321499/10.8001034"}}, {"type": "Feature", "geometry": {"type": "Point", "coordinates": [10.8001235, 59.9321605]}, "properties": {"id": 712153044, "feat_type": "way", "quality_categories": "improper_geometries", "issue_ids": "[1]", "osm_url": "https://www.openstreetmap.org/way/712153044", "josm_url": "http://127.0.0.1:8111/load_object?new_layer=false&objects=w712153044", "id_url": "https://www.openstreetmap.org/edit?editor=id&way=712153044#map=20/59.9321605/10.8001235"}}, {"type": "Feature", "geometry": {"type": "Point", "coordinates": [10.7990199, 59.932516]}, "properties": {"id": 712153047, "feat_type": "way", "quality_categories": "improper_geometries", "issue_ids": "[1]", "osm_url": "https://www.openstreetmap.org/way/712153047", "josm_url": "http://127.0.0.1:8111/load_object?new_layer=false&objects=w712153047", "id_url": "https://www.openstreetmap.org/edit?editor=id&way=712153047#map=20/59.932516/10.7990199"}}, {"type": "Feature", "geometry": {"type": "Point", "coordinates": [10.7985716, 59.93266]}, "properties": {"id": 712153048, "feat_type": "way", "quality_categories": "improper_geometries", "issue_ids": "[1]", "osm_url": "https://www.openstreetmap.org/way/712153048", "josm_url": "http://127.0.0.1:8111/load_object?new_layer=false&objects=w712153048", "id_url": "https://www.openstreetmap.org/edit?editor=id&way=712153048#map=20/59.93266/10.7985716"}}, {"type": "Feature", "geometry": {"type": "Point", "coordinates": [10.7983944, 59.9325184]}, "properties": {"id": 712153049, "feat_type": "way", "quality_categories": "improper_geometries", "issue_ids": "[1]", "osm_url": "https://www.openstreetmap.org/way/712153049", "josm_url": "http://127.0.0.1:8111/load_object?new_layer=false&objects=w712153049", "id_url": "https://www.openstreetmap.org/edit?editor=id&way=712153049#map=20/59.9325184/10.7983944"}}, {"type": "Feature", "geometry": {"type": "Point", "coordinates": [10.7958461, 59.933415]}, "properties": {"id": 712153051, "feat_type": "way", "quality_categories": "improper_geometries", "issue_ids": "[1]", "osm_url": "https://www.openstreetmap.org/way/712153051", "josm_url": "http://127.0.0.1:8111/load_object?new_layer=false&objects=w712153051", "id_url": "https://www.openstreetmap.org/edit?editor=id&way=712153051#map=20/59.933415/10.7958461"}}, {"type": "Feature", "geometry": {"type": "Point", "coordinates": [10.7909603, 59.9350968]}, "properties": {"id": 712153052, "feat_type": "way", "quality_categories": "improper_geometries", "issue_ids": "[1]", "osm_url": "https://www.openstreetmap.org/way/712153052", "josm_url": "http://127.0.0.1:8111/load_object?new_layer=false&objects=w712153052", "id_url": "https://www.openstreetmap.org/edit?editor=id&way=712153052#map=20/59.9350968/10.7909603"}}, {"type": "Feature", "geometry": {"type": "Point", "coordinates": [10.7960798, 59.9332525]}, "properties": {"id": 712153053, "feat_type": "way", "quality_categories": "improper_geometries", "issue_ids": "[1]", "osm_url": "https://www.openstreetmap.org/way/712153053", "josm_url": "http://127.0.0.1:8111/load_object?new_layer=false&objects=w712153053", "id_url": "https://www.openstreetmap.org/edit?editor=id&way=712153053#map=20/59.9332525/10.7960798"}}, {"type": "Feature", "geometry": {"type": "Point", "coordinates": [10.7956918, 59.9333756]}, "properties": {"id": 712153055, "feat_type": "way", "quality_categories": "improper_geometries", "issue_ids": "[1]", "osm_url": "https://www.openstreetmap.org/way/712153055", "josm_url": "http://127.0.0.1:8111/load_object?new_layer=false&objects=w712153055", "id_url": "https://www.openstreetmap.org/edit?editor=id&way=712153055#map=20/59.9333756/10.7956918"}}, {"type": "Feature", "geometry": {"type": "Point", "coordinates": [10.7957798, 59.9333025]}, "properties": {"id": 712153056, "feat_type": "way", "quality_categories": "improper_geometries", "issue_ids": "[1]", "osm_url": "https://www.openstreetmap.org/way/712153056", "josm_url": "http://127.0.0.1:8111/load_object?new_layer=false&objects=w712153056", "id_url": "https://www.openstreetmap.org/edit?editor=id&way=712153056#map=20/59.9333025/10.7957798"}}, {"type": "Feature", "geometry": {"type": "Point", "coordinates": [10.7921711, 59.9345481]}, "properties": {"id": 712153060, "feat_type": "way", "quality_categories": "improper_geometries", "issue_ids": "[1]", "osm_url": "https://www.openstreetmap.org/way/712153060", "josm_url": "http://127.0.0.1:8111/load_object?new_layer=false&objects=w712153060", "id_url": "https://www.openstreetmap.org/edit?editor=id&way=712153060#map=20/59.9345481/10.7921711"}}, {"type": "Feature", "geometry": {"type": "Point", "coordinates": [10.7917171, 59.9347171]}, "properties": {"id": 712153061, "feat_type": "way", "quality_categories": "improper_geometries", "issue_ids": "[1]", "osm_url": "https://www.openstreetmap.org/way/712153061", "josm_url": "http://127.0.0.1:8111/load_object?new_layer=false&objects=w712153061", "id_url": "https://www.openstreetmap.org/edit?editor=id&way=712153061#map=20/59.9347171/10.7917171"}}, {"type": "Feature", "geometry": {"type": "Point", "coordinates": [10.7910325, 59.9351773]}, "properties": {"id": 712153062, "feat_type": "way", "quality_categories": "improper_geometries", "issue_ids": "[1]", "osm_url": "https://www.openstreetmap.org/way/712153062", "josm_url": "http://127.0.0.1:8111/load_object?new_layer=false&objects=w712153062", "id_url": "https://www.openstreetmap.org/edit?editor=id&way=712153062#map=20/59.9351773/10.7910325"}}, {"type": "Feature", "geometry": {"type": "Point", "coordinates": [10.7906362, 59.9351476]}, "properties": {"id": 712153064, "feat_type": "way", "quality_categories": "improper_geometries", "issue_ids": "[1]", "osm_url": "https://www.openstreetmap.org/way/712153064", "josm_url": "http://127.0.0.1:8111/load_object?new_layer=false&objects=w712153064", "id_url": "https://www.openstreetmap.org/edit?editor=id&way=712153064#map=20/59.9351476/10.7906362"}}, {"type": "Feature", "geometry": {"type": "Point", "coordinates": [10.7906724, 59.9351627]}, "properties": {"id": 712153065, "feat_type": "way", "quality_categories": "improper_geometries", "issue_ids": "[1]", "osm_url": "https://www.openstreetmap.org/way/712153065", "josm_url": "http://127.0.0.1:8111/load_object?new_layer=false&objects=w712153065", "id_url": "https://www.openstreetmap.org/edit?editor=id&way=712153065#map=20/59.9351627/10.7906724"}}, {"type": "Feature", "geometry": {"type": "Point", "coordinates": [10.7883895, 59.9358967]}, "properties": {"id": 712153066, "feat_type": "way", "quality_categories": "improper_geometries", "issue_ids": "[1]", "osm_url": "https://www.openstreetmap.org/way/712153066", "josm_url": "http://127.0.0.1:8111/load_object?new_layer=false&objects=w712153066", "id_url": "https://www.openstreetmap.org/edit?editor=id&way=712153066#map=20/59.9358967/10.7883895"}}, {"type": "Feature", "geometry": {"type": "Point", "coordinates": [10.7920715, 59.934793]}, "properties": {"id": 712153067, "feat_type": "way", "quality_categories": "improper_geometries", "issue_ids": "[1]", "osm_url": "https://www.openstreetmap.org/way/712153067", "josm_url": "http://127.0.0.1:8111/load_object?new_layer=false&objects=w712153067", "id_url": "https://www.openstreetmap.org/edit?editor=id&way=712153067#map=20/59.934793/10.7920715"}}, {"type": "Feature", "geometry": {"type": "Point", "coordinates": [10.7916998, 59.9348108]}, "properties": {"id": 712153068, "feat_type": "way", "quality_categories": "improper_geometries", "issue_ids": "[1]", "osm_url": "https://www.openstreetmap.org/way/712153068", "josm_url": "http://127.0.0.1:8111/load_object?new_layer=false&objects=w712153068", "id_url": "https://www.openstreetmap.org/edit?editor=id&way=712153068#map=20/59.9348108/10.7916998"}}, {"type": "Feature", "geometry": {"type": "Point", "coordinates": [10.8027507, 59.9304304]}, "properties": {"id": 712159130, "feat_type": "way", "quality_categories": "improper_geometries", "issue_ids": "[1]", "osm_url": "https://www.openstreetmap.org/way/712159130", "josm_url": "http://127.0.0.1:8111/load_object?new_layer=false&objects=w712159130", "id_url": "https://www.openstreetmap.org/edit?editor=id&way=712159130#map=20/59.9304304/10.8027507"}}, {"type": "Feature", "geometry": {"type": "Point", "coordinates": [10.8031061, 59.9305971]}, "properties": {"id": 712159133, "feat_type": "way", "quality_categories": "improper_geometries", "issue_ids": "[1]", "osm_url": "https://www.openstreetmap.org/way/712159133", "josm_url": "http://127.0.0.1:8111/load_object?new_layer=false&objects=w712159133", "id_url": "https://www.openstreetmap.org/edit?editor=id&way=712159133#map=20/59.9305971/10.8031061"}}, {"type": "Feature", "geometry": {"type": "Point", "coordinates": [10.8030057, 59.9304571]}, "properties": {"id": 712163799, "feat_type": "way", "quality_categories": "improper_geometries", "issue_ids": "[1]", "osm_url": "https://www.openstreetmap.org/way/712163799", "josm_url": "http://127.0.0.1:8111/load_object?new_layer=false&objects=w712163799", "id_url": "https://www.openstreetmap.org/edit?editor=id&way=712163799#map=20/59.9304571/10.8030057"}}, {"type": "Feature", "geometry": {"type": "Point", "coordinates": [10.8025574, 59.930712]}, "properties": {"id": 712163800, "feat_type": "way", "quality_categories": "improper_geometries", "issue_ids": "[1]", "osm_url": "https://www.openstreetmap.org/way/712163800", "josm_url": "http://127.0.0.1:8111/load_object?new_layer=false&objects=w712163800", "id_url": "https://www.openstreetmap.org/edit?editor=id&way=712163800#map=20/59.930712/10.8025574"}}, {"type": "Feature", "geometry": {"type": "Point", "coordinates": [10.8025353, 59.9304589]}, "properties": {"id": 712163801, "feat_type": "way", "quality_categories": "improper_geometries", "issue_ids": "[1]", "osm_url": "https://www.openstreetmap.org/way/712163801", "josm_url": "http://127.0.0.1:8111/load_object?new_layer=false&objects=w712163801", "id_url": "https://www.openstreetmap.org/edit?editor=id&way=712163801#map=20/59.9304589/10.8025353"}}, {"type": "Feature", "geometry": {"type": "Point", "coordinates": [10.7556305, 59.915428]}, "properties": {"id": 721726877, "feat_type": "way", "quality_categories": "improper_geometries", "issue_ids": "[1]", "osm_url": "https://www.openstreetmap.org/way/721726877", "josm_url": "http://127.0.0.1:8111/load_object?new_layer=false&objects=w721726877", "id_url": "https://www.openstreetmap.org/edit?editor=id&way=721726877#map=20/59.915428/10.7556305"}}, {"type": "Feature", "geometry": {"type": "Point", "coordinates": [10.7555393, 59.9154564]}, "properties": {"id": 721726878, "feat_type": "way", "quality_categories": "improper_geometries", "issue_ids": "[1]", "osm_url": "https://www.openstreetmap.org/way/721726878", "josm_url": "http://127.0.0.1:8111/load_object?new_layer=false&objects=w721726878", "id_url": "https://www.openstreetmap.org/edit?editor=id&way=721726878#map=20/59.9154564/10.7555393"}}, {"type": "Feature", "geometry": {"type": "Point", "coordinates": [10.752511, 59.9142272]}, "properties": {"id": 721726879, "feat_type": "way", "quality_categories": "improper_geometries", "issue_ids": "[1]", "osm_url": "https://www.openstreetmap.org/way/721726879", "josm_url": "http://127.0.0.1:8111/load_object?new_layer=false&objects=w721726879", "id_url": "https://www.openstreetmap.org/edit?editor=id&way=721726879#map=20/59.9142272/10.752511"}}, {"type": "Feature", "geometry": {"type": "Point", "coordinates": [10.7525128, 59.9140935]}, "properties": {"id": 721726880, "feat_type": "way", "quality_categories": "improper_geometries", "issue_ids": "[1]", "osm_url": "https://www.openstreetmap.org/way/721726880", "josm_url": "http://127.0.0.1:8111/load_object?new_layer=false&objects=w721726880", "id_url": "https://www.openstreetmap.org/edit?editor=id&way=721726880#map=20/59.9140935/10.7525128"}}, {"type": "Feature", "geometry": {"type": "Point", "coordinates": [10.7536762, 59.9147014]}, "properties": {"id": 721726881, "feat_type": "way", "quality_categories": "improper_geometries", "issue_ids": "[1]", "osm_url": "https://www.openstreetmap.org/way/721726881", "josm_url": "http://127.0.0.1:8111/load_object?new_layer=false&objects=w721726881", "id_url": "https://www.openstreetmap.org/edit?editor=id&way=721726881#map=20/59.9147014/10.7536762"}}, {"type": "Feature", "geometry": {"type": "Point", "coordinates": [10.7526318, 59.914493]}, "properties": {"id": 721726882, "feat_type": "way", "quality_categories": "improper_geometries", "issue_ids": "[1]", "osm_url": "https://www.openstreetmap.org/way/721726882", "josm_url": "http://127.0.0.1:8111/load_object?new_layer=false&objects=w721726882", "id_url": "https://www.openstreetmap.org/edit?editor=id&way=721726882#map=20/59.914493/10.7526318"}}, {"type": "Feature", "geometry": {"type": "Point", "coordinates": [10.7571156, 59.916049]}, "properties": {"id": 721726883, "feat_type": "way", "quality_categories": "improper_geometries", "issue_ids": "[1]", "osm_url": "https://www.openstreetmap.org/way/721726883", "josm_url": "http://127.0.0.1:8111/load_object?new_layer=false&objects=w721726883", "id_url": "https://www.openstreetmap.org/edit?editor=id&way=721726883#map=20/59.916049/10.7571156"}}, {"type": "Feature", "geometry": {"type": "Point", "coordinates": [10.7570903, 59.9160326]}, "properties": {"id": 721726884, "feat_type": "way", "quality_categories": "improper_geometries", "issue_ids": "[1]", "osm_url": "https://www.openstreetmap.org/way/721726884", "josm_url": "http://127.0.0.1:8111/load_object?new_layer=false&objects=w721726884", "id_url": "https://www.openstreetmap.org/edit?editor=id&way=721726884#map=20/59.9160326/10.7570903"}}, {"type": "Feature", "geometry": {"type": "Point", "coordinates": [10.7573607, 59.9159332]}, "properties": {"id": 721726885, "feat_type": "way", "quality_categories": "improper_geometries", "issue_ids": "[1]", "osm_url": "https://www.openstreetmap.org/way/721726885", "josm_url": "http://127.0.0.1:8111/load_object?new_layer=false&objects=w721726885", "id_url": "https://www.openstreetmap.org/edit?editor=id&way=721726885#map=20/59.9159332/10.7573607"}}, {"type": "Feature", "geometry": {"type": "Point", "coordinates": [10.7570685, 59.916068]}, "properties": {"id": 721726886, "feat_type": "way", "quality_categories": "improper_geometries", "issue_ids": "[1]", "osm_url": "https://www.openstreetmap.org/way/721726886", "josm_url": "http://127.0.0.1:8111/load_object?new_layer=false&objects=w721726886", "id_url": "https://www.openstreetmap.org/edit?editor=id&way=721726886#map=20/59.916068/10.7570685"}}, {"type": "Feature", "geometry": {"type": "Point", "coordinates": [10.7513983, 59.9139717]}, "properties": {"id": 721726887, "feat_type": "way", "quality_categories": "improper_geometries", "issue_ids": "[1]", "osm_url": "https://www.openstreetmap.org/way/721726887", "josm_url": "http://127.0.0.1:8111/load_object?new_layer=false&objects=w721726887", "id_url": "https://www.openstreetmap.org/edit?editor=id&way=721726887#map=20/59.9139717/10.7513983"}}, {"type": "Feature", "geometry": {"type": "Point", "coordinates": [10.7500678, 59.9135565]}, "properties": {"id": 721726888, "feat_type": "way", "quality_categories": "improper_geometries", "issue_ids": "[1]", "osm_url": "https://www.openstreetmap.org/way/721726888", "josm_url": "http://127.0.0.1:8111/load_object?new_layer=false&objects=w721726888", "id_url": "https://www.openstreetmap.org/edit?editor=id&way=721726888#map=20/59.9135565/10.7500678"}}, {"type": "Feature", "geometry": {"type": "Point", "coordinates": [10.7525039, 59.914304]}, "properties": {"id": 721726889, "feat_type": "way", "quality_categories": "improper_geometries", "issue_ids": "[1]", "osm_url": "https://www.openstreetmap.org/way/721726889", "josm_url": "http://127.0.0.1:8111/load_object?new_layer=false&objects=w721726889", "id_url": "https://www.openstreetmap.org/edit?editor=id&way=721726889#map=20/59.914304/10.7525039"}}, {"type": "Feature", "geometry": {"type": "Point", "coordinates": [10.7506402, 59.9136703]}, "properties": {"id": 721726894, "feat_type": "way", "quality_categories": "improper_geometries", "issue_ids": "[1]", "osm_url": "https://www.openstreetmap.org/way/721726894", "josm_url": "http://127.0.0.1:8111/load_object?new_layer=false&objects=w721726894", "id_url": "https://www.openstreetmap.org/edit?editor=id&way=721726894#map=20/59.9136703/10.7506402"}}, {"type": "Feature", "geometry": {"type": "Point", "coordinates": [10.7514569, 59.9139215]}, "properties": {"id": 721726895, "feat_type": "way", "quality_categories": "improper_geometries", "issue_ids": "[1]", "osm_url": "https://www.openstreetmap.org/way/721726895", "josm_url": "http://127.0.0.1:8111/load_object?new_layer=false&objects=w721726895", "id_url": "https://www.openstreetmap.org/edit?editor=id&way=721726895#map=20/59.9139215/10.7514569"}}, {"type": "Feature", "geometry": {"type": "Point", "coordinates": [10.7525326, 59.9139614]}, "properties": {"id": 721726896, "feat_type": "way", "quality_categories": "improper_geometries", "issue_ids": "[1]", "osm_url": "https://www.openstreetmap.org/way/721726896", "josm_url": "http://127.0.0.1:8111/load_object?new_layer=false&objects=w721726896", "id_url": "https://www.openstreetmap.org/edit?editor=id&way=721726896#map=20/59.9139614/10.7525326"}}, {"type": "Feature", "geometry": {"type": "Point", "coordinates": [10.7526693, 59.913989]}, "properties": {"id": 721726898, "feat_type": "way", "quality_categories": "improper_geometries", "issue_ids": "[1]", "osm_url": "https://www.openstreetmap.org/way/721726898", "josm_url": "http://127.0.0.1:8111/load_object?new_layer=false&objects=w721726898", "id_url": "https://www.openstreetmap.org/edit?editor=id&way=721726898#map=20/59.913989/10.7526693"}}, {"type": "Feature", "geometry": {"type": "Point", "coordinates": [10.7522983, 59.9155049]}, "properties": {"id": 721762808, "feat_type": "way", "quality_categories": "improper_geometries", "issue_ids": "[1]", "osm_url": "https://www.openstreetmap.org/way/721762808", "josm_url": "http://127.0.0.1:8111/load_object?new_layer=false&objects=w721762808", "id_url": "https://www.openstreetmap.org/edit?editor=id&way=721762808#map=20/59.9155049/10.7522983"}}, {"type": "Feature", "geometry": {"type": "Point", "coordinates": [10.7532414, 59.9158631]}, "properties": {"id": 721762809, "feat_type": "way", "quality_categories": "improper_geometries", "issue_ids": "[1]", "osm_url": "https://www.openstreetmap.org/way/721762809", "josm_url": "http://127.0.0.1:8111/load_object?new_layer=false&objects=w721762809", "id_url": "https://www.openstreetmap.org/edit?editor=id&way=721762809#map=20/59.9158631/10.7532414"}}, {"type": "Feature", "geometry": {"type": "Point", "coordinates": [10.7551673, 59.9170291]}, "properties": {"id": 721762810, "feat_type": "way", "quality_categories": "improper_geometries", "issue_ids": "[1]", "osm_url": "https://www.openstreetmap.org/way/721762810", "josm_url": "http://127.0.0.1:8111/load_object?new_layer=false&objects=w721762810", "id_url": "https://www.openstreetmap.org/edit?editor=id&way=721762810#map=20/59.9170291/10.7551673"}}, {"type": "Feature", "geometry": {"type": "Point", "coordinates": [10.7555517, 59.9167338]}, "properties": {"id": 721762811, "feat_type": "way", "quality_categories": "improper_geometries", "issue_ids": "[1]", "osm_url": "https://www.openstreetmap.org/way/721762811", "josm_url": "http://127.0.0.1:8111/load_object?new_layer=false&objects=w721762811", "id_url": "https://www.openstreetmap.org/edit?editor=id&way=721762811#map=20/59.9167338/10.7555517"}}, {"type": "Feature", "geometry": {"type": "Point", "coordinates": [10.754226, 59.9161457]}, "properties": {"id": 721762812, "feat_type": "way", "quality_categories": "improper_geometries", "issue_ids": "[1]", "osm_url": "https://www.openstreetmap.org/way/721762812", "josm_url": "http://127.0.0.1:8111/load_object?new_layer=false&objects=w721762812", "id_url": "https://www.openstreetmap.org/edit?editor=id&way=721762812#map=20/59.9161457/10.754226"}}, {"type": "Feature", "geometry": {"type": "Point", "coordinates": [10.7533028, 59.9158016]}, "properties": {"id": 721762817, "feat_type": "way", "quality_categories": "improper_geometries", "issue_ids": "[1]", "osm_url": "https://www.openstreetmap.org/way/721762817", "josm_url": "http://127.0.0.1:8111/load_object?new_layer=false&objects=w721762817", "id_url": "https://www.openstreetmap.org/edit?editor=id&way=721762817#map=20/59.9158016/10.7533028"}}, {"type": "Feature", "geometry": {"type": "Point", "coordinates": [10.7586914, 59.9149608]}, "properties": {"id": 721766074, "feat_type": "way", "quality_categories": "improper_geometries", "issue_ids": "[1]", "osm_url": "https://www.openstreetmap.org/way/721766074", "josm_url": "http://127.0.0.1:8111/load_object?new_layer=false&objects=w721766074", "id_url": "https://www.openstreetmap.org/edit?editor=id&way=721766074#map=20/59.9149608/10.7586914"}}, {"type": "Feature", "geometry": {"type": "Point", "coordinates": [10.7583514, 59.9148554]}, "properties": {"id": 721766075, "feat_type": "way", "quality_categories": "improper_geometries", "issue_ids": "[1]", "osm_url": "https://www.openstreetmap.org/way/721766075", "josm_url": "http://127.0.0.1:8111/load_object?new_layer=false&objects=w721766075", "id_url": "https://www.openstreetmap.org/edit?editor=id&way=721766075#map=20/59.9148554/10.7583514"}}, {"type": "Feature", "geometry": {"type": "Point", "coordinates": [10.7597774, 59.9153097]}, "properties": {"id": 721766076, "feat_type": "way", "quality_categories": "improper_geometries", "issue_ids": "[1]", "osm_url": "https://www.openstreetmap.org/way/721766076", "josm_url": "http://127.0.0.1:8111/load_object?new_layer=false&objects=w721766076", "id_url": "https://www.openstreetmap.org/edit?editor=id&way=721766076#map=20/59.9153097/10.7597774"}}, {"type": "Feature", "geometry": {"type": "Point", "coordinates": [10.7596372, 59.9151615]}, "properties": {"id": 721766077, "feat_type": "way", "quality_categories": "improper_geometries", "issue_ids": "[1]", "osm_url": "https://www.openstreetmap.org/way/721766077", "josm_url": "http://127.0.0.1:8111/load_object?new_layer=false&objects=w721766077", "id_url": "https://www.openstreetmap.org/edit?editor=id&way=721766077#map=20/59.9151615/10.7596372"}}, {"type": "Feature", "geometry": {"type": "Point", "coordinates": [10.7579799, 59.9156126]}, "properties": {"id": 721766078, "feat_type": "way", "quality_categories": "improper_geometries", "issue_ids": "[1]", "osm_url": "https://www.openstreetmap.org/way/721766078", "josm_url": "http://127.0.0.1:8111/load_object?new_layer=false&objects=w721766078", "id_url": "https://www.openstreetmap.org/edit?editor=id&way=721766078#map=20/59.9156126/10.7579799"}}, {"type": "Feature", "geometry": {"type": "Point", "coordinates": [10.7596875, 59.9152139]}, "properties": {"id": 721766079, "feat_type": "way", "quality_categories": "improper_geometries", "issue_ids": "[1]", "osm_url": "https://www.openstreetmap.org/way/721766079", "josm_url": "http://127.0.0.1:8111/load_object?new_layer=false&objects=w721766079", "id_url": "https://www.openstreetmap.org/edit?editor=id&way=721766079#map=20/59.9152139/10.7596875"}}, {"type": "Feature", "geometry": {"type": "Point", "coordinates": [10.7581667, 59.9156247]}, "properties": {"id": 721766080, "feat_type": "way", "quality_categories": "improper_geometries", "issue_ids": "[1]", "osm_url": "https://www.openstreetmap.org/way/721766080", "josm_url": "http://127.0.0.1:8111/load_object?new_layer=false&objects=w721766080", "id_url": "https://www.openstreetmap.org/edit?editor=id&way=721766080#map=20/59.9156247/10.7581667"}}, {"type": "Feature", "geometry": {"type": "Point", "coordinates": [10.7542778, 59.9175876]}, "properties": {"id": 721767749, "feat_type": "way", "quality_categories": "improper_geometries", "issue_ids": "[1]", "osm_url": "https://www.openstreetmap.org/way/721767749", "josm_url": "http://127.0.0.1:8111/load_object?new_layer=false&objects=w721767749", "id_url": "https://www.openstreetmap.org/edit?editor=id&way=721767749#map=20/59.9175876/10.7542778"}}, {"type": "Feature", "geometry": {"type": "Point", "coordinates": [10.7543067, 59.9176944]}, "properties": {"id": 721767750, "feat_type": "way", "quality_categories": "improper_geometries", "issue_ids": "[1]", "osm_url": "https://www.openstreetmap.org/way/721767750", "josm_url": "http://127.0.0.1:8111/load_object?new_layer=false&objects=w721767750", "id_url": "https://www.openstreetmap.org/edit?editor=id&way=721767750#map=20/59.9176944/10.7543067"}}, {"type": "Feature", "geometry": {"type": "Point", "coordinates": [10.7549448, 59.9177315]}, "properties": {"id": 721767751, "feat_type": "way", "quality_categories": "improper_geometries", "issue_ids": "[1]", "osm_url": "https://www.openstreetmap.org/way/721767751", "josm_url": "http://127.0.0.1:8111/load_object?new_layer=false&objects=w721767751", "id_url": "https://www.openstreetmap.org/edit?editor=id&way=721767751#map=20/59.9177315/10.7549448"}}, {"type": "Feature", "geometry": {"type": "Point", "coordinates": [10.7556336, 59.9170458]}, "properties": {"id": 721767752, "feat_type": "way", "quality_categories": "improper_geometries", "issue_ids": "[1]", "osm_url": "https://www.openstreetmap.org/way/721767752", "josm_url": "http://127.0.0.1:8111/load_object?new_layer=false&objects=w721767752", "id_url": "https://www.openstreetmap.org/edit?editor=id&way=721767752#map=20/59.9170458/10.7556336"}}, {"type": "Feature", "geometry": {"type": "Point", "coordinates": [10.7556305, 59.9170437]}, "properties": {"id": 721767753, "feat_type": "way", "quality_categories": "improper_geometries", "issue_ids": "[1]", "osm_url": "https://www.openstreetmap.org/way/721767753", "josm_url": "http://127.0.0.1:8111/load_object?new_layer=false&objects=w721767753", "id_url": "https://www.openstreetmap.org/edit?editor=id&way=721767753#map=20/59.9170437/10.7556305"}}, {"type": "Feature", "geometry": {"type": "Point", "coordinates": [10.7550687, 59.9172414]}, "properties": {"id": 721767754, "feat_type": "way", "quality_categories": "improper_geometries", "issue_ids": "[1]", "osm_url": "https://www.openstreetmap.org/way/721767754", "josm_url": "http://127.0.0.1:8111/load_object?new_layer=false&objects=w721767754", "id_url": "https://www.openstreetmap.org/edit?editor=id&way=721767754#map=20/59.9172414/10.7550687"}}, {"type": "Feature", "geometry": {"type": "Point", "coordinates": [10.7557379, 59.9169563]}, "properties": {"id": 721767755, "feat_type": "way", "quality_categories": "improper_geometries", "issue_ids": "[1]", "osm_url": "https://www.openstreetmap.org/way/721767755", "josm_url": "http://127.0.0.1:8111/load_object?new_layer=false&objects=w721767755", "id_url": "https://www.openstreetmap.org/edit?editor=id&way=721767755#map=20/59.9169563/10.7557379"}}, {"type": "Feature", "geometry": {"type": "Point", "coordinates": [10.7566403, 59.9164888]}, "properties": {"id": 721767756, "feat_type": "way", "quality_categories": "improper_geometries", "issue_ids": "[1]", "osm_url": "https://www.openstreetmap.org/way/721767756", "josm_url": "http://127.0.0.1:8111/load_object?new_layer=false&objects=w721767756", "id_url": "https://www.openstreetmap.org/edit?editor=id&way=721767756#map=20/59.9164888/10.7566403"}}, {"type": "Feature", "geometry": {"type": "Point", "coordinates": [10.7581863, 59.9167685]}, "properties": {"id": 721894693, "feat_type": "way", "quality_categories": "improper_geometries", "issue_ids": "[1]", "osm_url": "https://www.openstreetmap.org/way/721894693", "josm_url": "http://127.0.0.1:8111/load_object?new_layer=false&objects=w721894693", "id_url": "https://www.openstreetmap.org/edit?editor=id&way=721894693#map=20/59.9167685/10.7581863"}}, {"type": "Feature", "geometry": {"type": "Point", "coordinates": [10.7590065, 59.9175021]}, "properties": {"id": 721894694, "feat_type": "way", "quality_categories": "improper_geometries", "issue_ids": "[1]", "osm_url": "https://www.openstreetmap.org/way/721894694", "josm_url": "http://127.0.0.1:8111/load_object?new_layer=false&objects=w721894694", "id_url": "https://www.openstreetmap.org/edit?editor=id&way=721894694#map=20/59.9175021/10.7590065"}}, {"type": "Feature", "geometry": {"type": "Point", "coordinates": [10.7577655, 59.9165753]}, "properties": {"id": 721894695, "feat_type": "way", "quality_categories": "improper_geometries", "issue_ids": "[1]", "osm_url": "https://www.openstreetmap.org/way/721894695", "josm_url": "http://127.0.0.1:8111/load_object?new_layer=false&objects=w721894695", "id_url": "https://www.openstreetmap.org/edit?editor=id&way=721894695#map=20/59.9165753/10.7577655"}}, {"type": "Feature", "geometry": {"type": "Point", "coordinates": [10.7586109, 59.9173956]}, "properties": {"id": 721894697, "feat_type": "way", "quality_categories": "improper_geometries", "issue_ids": "[1]", "osm_url": "https://www.openstreetmap.org/way/721894697", "josm_url": "http://127.0.0.1:8111/load_object?new_layer=false&objects=w721894697", "id_url": "https://www.openstreetmap.org/edit?editor=id&way=721894697#map=20/59.9173956/10.7586109"}}, {"type": "Feature", "geometry": {"type": "Point", "coordinates": [10.7579153, 59.9168828]}, "properties": {"id": 721894698, "feat_type": "way", "quality_categories": "improper_geometries", "issue_ids": "[1]", "osm_url": "https://www.openstreetmap.org/way/721894698", "josm_url": "http://127.0.0.1:8111/load_object?new_layer=false&objects=w721894698", "id_url": "https://www.openstreetmap.org/edit?editor=id&way=721894698#map=20/59.9168828/10.7579153"}}, {"type": "Feature", "geometry": {"type": "Point", "coordinates": [10.758654, 59.9173809]}, "properties": {"id": 721894699, "feat_type": "way", "quality_categories": "improper_geometries", "issue_ids": "[1]", "osm_url": "https://www.openstreetmap.org/way/721894699", "josm_url": "http://127.0.0.1:8111/load_object?new_layer=false&objects=w721894699", "id_url": "https://www.openstreetmap.org/edit?editor=id&way=721894699#map=20/59.9173809/10.758654"}}, {"type": "Feature", "geometry": {"type": "Point", "coordinates": [10.7587513, 59.9173479]}, "properties": {"id": 721894700, "feat_type": "way", "quality_categories": "improper_geometries", "issue_ids": "[1]", "osm_url": "https://www.openstreetmap.org/way/721894700", "josm_url": "http://127.0.0.1:8111/load_object?new_layer=false&objects=w721894700", "id_url": "https://www.openstreetmap.org/edit?editor=id&way=721894700#map=20/59.9173479/10.7587513"}}, {"type": "Feature", "geometry": {"type": "Point", "coordinates": [10.748080983174452, 59.90811065]}, "properties": {"id": 727153807, "feat_type": "way", "quality_categories": "improper_geometries", "issue_ids": "[1]", "osm_url": "https://www.openstreetmap.org/way/727153807", "josm_url": "http://127.0.0.1:8111/load_object?new_layer=false&objects=w727153807", "id_url": "https://www.openstreetmap.org/edit?editor=id&way=727153807#map=20/59.90811065/10.748080983174452"}}, {"type": "Feature", "geometry": {"type": "Point", "coordinates": [10.7464206, 59.9085127]}, "properties": {"id": 727153808, "feat_type": "way", "quality_categories": "improper_geometries", "issue_ids": "[1]", "osm_url": "https://www.openstreetmap.org/way/727153808", "josm_url": "http://127.0.0.1:8111/load_object?new_layer=false&objects=w727153808", "id_url": "https://www.openstreetmap.org/edit?editor=id&way=727153808#map=20/59.9085127/10.7464206"}}, {"type": "Feature", "geometry": {"type": "Point", "coordinates": [10.747036189285712, 59.9083708]}, "properties": {"id": 727153809, "feat_type": "way", "quality_categories": "improper_geometries", "issue_ids": "[1]", "osm_url": "https://www.openstreetmap.org/way/727153809", "josm_url": "http://127.0.0.1:8111/load_object?new_layer=false&objects=w727153809", "id_url": "https://www.openstreetmap.org/edit?editor=id&way=727153809#map=20/59.9083708/10.747036189285712"}}, {"type": "Feature", "geometry": {"type": "Point", "coordinates": [10.7483226, 59.9079274]}, "properties": {"id": 727163030, "feat_type": "way", "quality_categories": "improper_geometries", "issue_ids": "[1]", "osm_url": "https://www.openstreetmap.org/way/727163030", "josm_url": "http://127.0.0.1:8111/load_object?new_layer=false&objects=w727163030", "id_url": "https://www.openstreetmap.org/edit?editor=id&way=727163030#map=20/59.9079274/10.7483226"}}, {"type": "Feature", "geometry": {"type": "Point", "coordinates": [10.7481976, 59.9078389]}, "properties": {"id": 727163031, "feat_type": "way", "quality_categories": "improper_geometries", "issue_ids": "[1]", "osm_url": "https://www.openstreetmap.org/way/727163031", "josm_url": "http://127.0.0.1:8111/load_object?new_layer=false&objects=w727163031", "id_url": "https://www.openstreetmap.org/edit?editor=id&way=727163031#map=20/59.9078389/10.7481976"}}, {"type": "Feature", "geometry": {"type": "Point", "coordinates": [10.7592118, 59.9012834]}, "properties": {"id": 729228858, "feat_type": "way", "quality_categories": "improper_geometries", "issue_ids": "[1]", "osm_url": "https://www.openstreetmap.org/way/729228858", "josm_url": "http://127.0.0.1:8111/load_object?new_layer=false&objects=w729228858", "id_url": "https://www.openstreetmap.org/edit?editor=id&way=729228858#map=20/59.9012834/10.7592118"}}, {"type": "Feature", "geometry": {"type": "Point", "coordinates": [10.7591157, 59.9013753]}, "properties": {"id": 729228859, "feat_type": "way", "quality_categories": "improper_geometries", "issue_ids": "[1]", "osm_url": "https://www.openstreetmap.org/way/729228859", "josm_url": "http://127.0.0.1:8111/load_object?new_layer=false&objects=w729228859", "id_url": "https://www.openstreetmap.org/edit?editor=id&way=729228859#map=20/59.9013753/10.7591157"}}, {"type": "Feature", "geometry": {"type": "Point", "coordinates": [10.7590448, 59.9014192]}, "properties": {"id": 729228860, "feat_type": "way", "quality_categories": "improper_geometries", "issue_ids": "[1]", "osm_url": "https://www.openstreetmap.org/way/729228860", "josm_url": "http://127.0.0.1:8111/load_object?new_layer=false&objects=w729228860", "id_url": "https://www.openstreetmap.org/edit?editor=id&way=729228860#map=20/59.9014192/10.7590448"}}, {"type": "Feature", "geometry": {"type": "Point", "coordinates": [10.7607683, 59.9072009]}, "properties": {"id": 729362027, "feat_type": "way", "quality_categories": "improper_geometries", "issue_ids": "[1]", "osm_url": "https://www.openstreetmap.org/way/729362027", "josm_url": "http://127.0.0.1:8111/load_object?new_layer=false&objects=w729362027", "id_url": "https://www.openstreetmap.org/edit?editor=id&way=729362027#map=20/59.9072009/10.7607683"}}, {"type": "Feature", "geometry": {"type": "Point", "coordinates": [10.760696, 59.9071253]}, "properties": {"id": 729362028, "feat_type": "way", "quality_categories": "improper_geometries", "issue_ids": "[1]", "osm_url": "https://www.openstreetmap.org/way/729362028", "josm_url": "http://127.0.0.1:8111/load_object?new_layer=false&objects=w729362028", "id_url": "https://www.openstreetmap.org/edit?editor=id&way=729362028#map=20/59.9071253/10.760696"}}, {"type": "Feature", "geometry": {"type": "Point", "coordinates": [10.7604422, 59.9071568]}, "properties": {"id": 729362029, "feat_type": "way", "quality_categories": "improper_geometries", "issue_ids": "[1]", "osm_url": "https://www.openstreetmap.org/way/729362029", "josm_url": "http://127.0.0.1:8111/load_object?new_layer=false&objects=w729362029", "id_url": "https://www.openstreetmap.org/edit?editor=id&way=729362029#map=20/59.9071568/10.7604422"}}, {"type": "Feature", "geometry": {"type": "Point", "coordinates": [10.7605156, 59.9072332]}, "properties": {"id": 729362030, "feat_type": "way", "quality_categories": "improper_geometries", "issue_ids": "[1]", "osm_url": "https://www.openstreetmap.org/way/729362030", "josm_url": "http://127.0.0.1:8111/load_object?new_layer=false&objects=w729362030", "id_url": "https://www.openstreetmap.org/edit?editor=id&way=729362030#map=20/59.9072332/10.7605156"}}, {"type": "Feature", "geometry": {"type": "Point", "coordinates": [10.7606357, 59.9072255]}, "properties": {"id": 729362031, "feat_type": "way", "quality_categories": "improper_geometries", "issue_ids": "[1]", "osm_url": "https://www.openstreetmap.org/way/729362031", "josm_url": "http://127.0.0.1:8111/load_object?new_layer=false&objects=w729362031", "id_url": "https://www.openstreetmap.org/edit?editor=id&way=729362031#map=20/59.9072255/10.7606357"}}, {"type": "Feature", "geometry": {"type": "Point", "coordinates": [10.760576, 59.907133]}, "properties": {"id": 729362032, "feat_type": "way", "quality_categories": "improper_geometries", "issue_ids": "[1]", "osm_url": "https://www.openstreetmap.org/way/729362032", "josm_url": "http://127.0.0.1:8111/load_object?new_layer=false&objects=w729362032", "id_url": "https://www.openstreetmap.org/edit?editor=id&way=729362032#map=20/59.907133/10.760576"}}, {"type": "Feature", "geometry": {"type": "Point", "coordinates": [10.7593866, 59.9075301]}, "properties": {"id": 729485261, "feat_type": "way", "quality_categories": "improper_geometries", "issue_ids": "[1]", "osm_url": "https://www.openstreetmap.org/way/729485261", "josm_url": "http://127.0.0.1:8111/load_object?new_layer=false&objects=w729485261", "id_url": "https://www.openstreetmap.org/edit?editor=id&way=729485261#map=20/59.9075301/10.7593866"}}, {"type": "Feature", "geometry": {"type": "Point", "coordinates": [10.7593309, 59.9074369]}, "properties": {"id": 729485262, "feat_type": "way", "quality_categories": "improper_geometries", "issue_ids": "[1]", "osm_url": "https://www.openstreetmap.org/way/729485262", "josm_url": "http://127.0.0.1:8111/load_object?new_layer=false&objects=w729485262", "id_url": "https://www.openstreetmap.org/edit?editor=id&way=729485262#map=20/59.9074369/10.7593309"}}, {"type": "Feature", "geometry": {"type": "Point", "coordinates": [10.7594538, 59.9074296]}, "properties": {"id": 729485263, "feat_type": "way", "quality_categories": "improper_geometries", "issue_ids": "[1]", "osm_url": "https://www.openstreetmap.org/way/729485263", "josm_url": "http://127.0.0.1:8111/load_object?new_layer=false&objects=w729485263", "id_url": "https://www.openstreetmap.org/edit?editor=id&way=729485263#map=20/59.9074296/10.7594538"}}, {"type": "Feature", "geometry": {"type": "Point", "coordinates": [10.7595259, 59.9075048]}, "properties": {"id": 729485264, "feat_type": "way", "quality_categories": "improper_geometries", "issue_ids": "[1]", "osm_url": "https://www.openstreetmap.org/way/729485264", "josm_url": "http://127.0.0.1:8111/load_object?new_layer=false&objects=w729485264", "id_url": "https://www.openstreetmap.org/edit?editor=id&way=729485264#map=20/59.9075048/10.7595259"}}, {"type": "Feature", "geometry": {"type": "Point", "coordinates": [10.7591866, 59.907462]}, "properties": {"id": 729485265, "feat_type": "way", "quality_categories": "improper_geometries", "issue_ids": "[1]", "osm_url": "https://www.openstreetmap.org/way/729485265", "josm_url": "http://127.0.0.1:8111/load_object?new_layer=false&objects=w729485265", "id_url": "https://www.openstreetmap.org/edit?editor=id&way=729485265#map=20/59.907462/10.7591866"}}, {"type": "Feature", "geometry": {"type": "Point", "coordinates": [10.75926, 59.9075377]}, "properties": {"id": 729485266, "feat_type": "way", "quality_categories": "improper_geometries", "issue_ids": "[1]", "osm_url": "https://www.openstreetmap.org/way/729485266", "josm_url": "http://127.0.0.1:8111/load_object?new_layer=false&objects=w729485266", "id_url": "https://www.openstreetmap.org/edit?editor=id&way=729485266#map=20/59.9075377/10.75926"}}, {"type": "Feature", "geometry": {"type": "Point", "coordinates": [10.757928, 59.9121327]}, "properties": {"id": 729799548, "feat_type": "way", "quality_categories": "improper_geometries", "issue_ids": "[1]", "osm_url": "https://www.openstreetmap.org/way/729799548", "josm_url": "http://127.0.0.1:8111/load_object?new_layer=false&objects=w729799548", "id_url": "https://www.openstreetmap.org/edit?editor=id&way=729799548#map=20/59.9121327/10.757928"}}, {"type": "Feature", "geometry": {"type": "Point", "coordinates": [10.759512, 59.9012758]}, "properties": {"id": 729802828, "feat_type": "way", "quality_categories": "improper_geometries", "issue_ids": "[1]", "osm_url": "https://www.openstreetmap.org/way/729802828", "josm_url": "http://127.0.0.1:8111/load_object?new_layer=false&objects=w729802828", "id_url": "https://www.openstreetmap.org/edit?editor=id&way=729802828#map=20/59.9012758/10.759512"}}, {"type": "Feature", "geometry": {"type": "Point", "coordinates": [10.7606534, 59.9016433]}, "properties": {"id": 729802829, "feat_type": "way", "quality_categories": "improper_geometries", "issue_ids": "[1]", "osm_url": "https://www.openstreetmap.org/way/729802829", "josm_url": "http://127.0.0.1:8111/load_object?new_layer=false&objects=w729802829", "id_url": "https://www.openstreetmap.org/edit?editor=id&way=729802829#map=20/59.9016433/10.7606534"}}, {"type": "Feature", "geometry": {"type": "Point", "coordinates": [10.7601983, 59.901505]}, "properties": {"id": 729802830, "feat_type": "way", "quality_categories": "improper_geometries", "issue_ids": "[1]", "osm_url": "https://www.openstreetmap.org/way/729802830", "josm_url": "http://127.0.0.1:8111/load_object?new_layer=false&objects=w729802830", "id_url": "https://www.openstreetmap.org/edit?editor=id&way=729802830#map=20/59.901505/10.7601983"}}, {"type": "Feature", "geometry": {"type": "Point", "coordinates": [10.762216, 59.9069716]}, "properties": {"id": 730013762, "feat_type": "way", "quality_categories": "improper_geometries", "issue_ids": "[1]", "osm_url": "https://www.openstreetmap.org/way/730013762", "josm_url": "http://127.0.0.1:8111/load_object?new_layer=false&objects=w730013762", "id_url": "https://www.openstreetmap.org/edit?editor=id&way=730013762#map=20/59.9069716/10.762216"}}, {"type": "Feature", "geometry": {"type": "Point", "coordinates": [10.7607611, 59.9048715]}, "properties": {"id": 730093525, "feat_type": "way", "quality_categories": "improper_geometries", "issue_ids": "[1]", "osm_url": "https://www.openstreetmap.org/way/730093525", "josm_url": "http://127.0.0.1:8111/load_object?new_layer=false&objects=w730093525", "id_url": "https://www.openstreetmap.org/edit?editor=id&way=730093525#map=20/59.9048715/10.7607611"}}, {"type": "Feature", "geometry": {"type": "Point", "coordinates": [10.7599973, 59.9037205]}, "properties": {"id": 730093526, "feat_type": "way", "quality_categories": "improper_geometries", "issue_ids": "[1]", "osm_url": "https://www.openstreetmap.org/way/730093526", "josm_url": "http://127.0.0.1:8111/load_object?new_layer=false&objects=w730093526", "id_url": "https://www.openstreetmap.org/edit?editor=id&way=730093526#map=20/59.9037205/10.7599973"}}, {"type": "Feature", "geometry": {"type": "Point", "coordinates": [10.7796827, 59.8725611]}, "properties": {"id": 733939592, "feat_type": "way", "quality_categories": "improper_geometries", "issue_ids": "[1]", "osm_url": "https://www.openstreetmap.org/way/733939592", "josm_url": "http://127.0.0.1:8111/load_object?new_layer=false&objects=w733939592", "id_url": "https://www.openstreetmap.org/edit?editor=id&way=733939592#map=20/59.8725611/10.7796827"}}, {"type": "Feature", "geometry": {"type": "Point", "coordinates": [10.77911, 59.8735068]}, "properties": {"id": 733939593, "feat_type": "way", "quality_categories": "improper_geometries", "issue_ids": "[1]", "osm_url": "https://www.openstreetmap.org/way/733939593", "josm_url": "http://127.0.0.1:8111/load_object?new_layer=false&objects=w733939593", "id_url": "https://www.openstreetmap.org/edit?editor=id&way=733939593#map=20/59.8735068/10.77911"}}, {"type": "Feature", "geometry": {"type": "Point", "coordinates": [10.7794856, 59.8728885]}, "properties": {"id": 733939594, "feat_type": "way", "quality_categories": "improper_geometries", "issue_ids": "[1]", "osm_url": "https://www.openstreetmap.org/way/733939594", "josm_url": "http://127.0.0.1:8111/load_object?new_layer=false&objects=w733939594", "id_url": "https://www.openstreetmap.org/edit?editor=id&way=733939594#map=20/59.8728885/10.7794856"}}, {"type": "Feature", "geometry": {"type": "Point", "coordinates": [10.7704194, 59.8882111]}, "properties": {"id": 736320432, "feat_type": "way", "quality_categories": "improper_geometries", "issue_ids": "[1]", "osm_url": "https://www.openstreetmap.org/way/736320432", "josm_url": "http://127.0.0.1:8111/load_object?new_layer=false&objects=w736320432", "id_url": "https://www.openstreetmap.org/edit?editor=id&way=736320432#map=20/59.8882111/10.7704194"}}, {"type": "Feature", "geometry": {"type": "Point", "coordinates": [10.7713243, 59.8819688]}, "properties": {"id": 737029435, "feat_type": "way", "quality_categories": "improper_geometries", "issue_ids": "[1]", "osm_url": "https://www.openstreetmap.org/way/737029435", "josm_url": "http://127.0.0.1:8111/load_object?new_layer=false&objects=w737029435", "id_url": "https://www.openstreetmap.org/edit?editor=id&way=737029435#map=20/59.8819688/10.7713243"}}, {"type": "Feature", "geometry": {"type": "Point", "coordinates": [10.7890449, 59.8491225]}, "properties": {"id": 738573153, "feat_type": "way", "quality_categories": "improper_geometries", "issue_ids": "[1]", "osm_url": "https://www.openstreetmap.org/way/738573153", "josm_url": "http://127.0.0.1:8111/load_object?new_layer=false&objects=w738573153", "id_url": "https://www.openstreetmap.org/edit?editor=id&way=738573153#map=20/59.8491225/10.7890449"}}, {"type": "Feature", "geometry": {"type": "Point", "coordinates": [10.7855333, 59.8595408]}, "properties": {"id": 738609264, "feat_type": "way", "quality_categories": "improper_geometries", "issue_ids": "[1]", "osm_url": "https://www.openstreetmap.org/way/738609264", "josm_url": "http://127.0.0.1:8111/load_object?new_layer=false&objects=w738609264", "id_url": "https://www.openstreetmap.org/edit?editor=id&way=738609264#map=20/59.8595408/10.7855333"}}, {"type": "Feature", "geometry": {"type": "Point", "coordinates": [10.7834512, 59.8673187]}, "properties": {"id": 738630149, "feat_type": "way", "quality_categories": "improper_geometries", "issue_ids": "[1]", "osm_url": "https://www.openstreetmap.org/way/738630149", "josm_url": "http://127.0.0.1:8111/load_object?new_layer=false&objects=w738630149", "id_url": "https://www.openstreetmap.org/edit?editor=id&way=738630149#map=20/59.8673187/10.7834512"}}, {"type": "Feature", "geometry": {"type": "Point", "coordinates": [10.7838891, 59.8655022]}, "properties": {"id": 738630165, "feat_type": "way", "quality_categories": "improper_geometries", "issue_ids": "[1]", "osm_url": "https://www.openstreetmap.org/way/738630165", "josm_url": "http://127.0.0.1:8111/load_object?new_layer=false&objects=w738630165", "id_url": "https://www.openstreetmap.org/edit?editor=id&way=738630165#map=20/59.8655022/10.7838891"}}, {"type": "Feature", "geometry": {"type": "Point", "coordinates": [10.7857911, 59.8595672]}, "properties": {"id": 738658276, "feat_type": "way", "quality_categories": "improper_geometries", "issue_ids": "[1]", "osm_url": "https://www.openstreetmap.org/way/738658276", "josm_url": "http://127.0.0.1:8111/load_object?new_layer=false&objects=w738658276", "id_url": "https://www.openstreetmap.org/edit?editor=id&way=738658276#map=20/59.8595672/10.7857911"}}, {"type": "Feature", "geometry": {"type": "Point", "coordinates": [10.8024037, 59.8495383]}, "properties": {"id": 738670151, "feat_type": "way", "quality_categories": "improper_geometries", "issue_ids": "[1]", "osm_url": "https://www.openstreetmap.org/way/738670151", "josm_url": "http://127.0.0.1:8111/load_object?new_layer=false&objects=w738670151", "id_url": "https://www.openstreetmap.org/edit?editor=id&way=738670151#map=20/59.8495383/10.8024037"}}, {"type": "Feature", "geometry": {"type": "Point", "coordinates": [10.8021985, 59.8542409]}, "properties": {"id": 738884763, "feat_type": "way", "quality_categories": "improper_geometries", "issue_ids": "[1]", "osm_url": "https://www.openstreetmap.org/way/738884763", "josm_url": "http://127.0.0.1:8111/load_object?new_layer=false&objects=w738884763", "id_url": "https://www.openstreetmap.org/edit?editor=id&way=738884763#map=20/59.8542409/10.8021985"}}, {"type": "Feature", "geometry": {"type": "Point", "coordinates": [10.8186996, 59.8766624]}, "properties": {"id": 739667029, "feat_type": "way", "quality_categories": "improper_geometries", "issue_ids": "[1]", "osm_url": "https://www.openstreetmap.org/way/739667029", "josm_url": "http://127.0.0.1:8111/load_object?new_layer=false&objects=w739667029", "id_url": "https://www.openstreetmap.org/edit?editor=id&way=739667029#map=20/59.8766624/10.8186996"}}, {"type": "Feature", "geometry": {"type": "Point", "coordinates": [10.8188819, 59.8782848]}, "properties": {"id": 739667038, "feat_type": "way", "quality_categories": "improper_geometries", "issue_ids": "[1]", "osm_url": "https://www.openstreetmap.org/way/739667038", "josm_url": "http://127.0.0.1:8111/load_object?new_layer=false&objects=w739667038", "id_url": "https://www.openstreetmap.org/edit?editor=id&way=739667038#map=20/59.8782848/10.8188819"}}, {"type": "Feature", "geometry": {"type": "Point", "coordinates": [10.8190384, 59.8769986]}, "properties": {"id": 739667042, "feat_type": "way", "quality_categories": "improper_geometries", "issue_ids": "[1]", "osm_url": "https://www.openstreetmap.org/way/739667042", "josm_url": "http://127.0.0.1:8111/load_object?new_layer=false&objects=w739667042", "id_url": "https://www.openstreetmap.org/edit?editor=id&way=739667042#map=20/59.8769986/10.8190384"}}, {"type": "Feature", "geometry": {"type": "Point", "coordinates": [10.812407, 59.8738296]}, "properties": {"id": 740776809, "feat_type": "way", "quality_categories": "improper_geometries", "issue_ids": "[1]", "osm_url": "https://www.openstreetmap.org/way/740776809", "josm_url": "http://127.0.0.1:8111/load_object?new_layer=false&objects=w740776809", "id_url": "https://www.openstreetmap.org/edit?editor=id&way=740776809#map=20/59.8738296/10.812407"}}, {"type": "Feature", "geometry": {"type": "Point", "coordinates": [10.8119728, 59.8737072]}, "properties": {"id": 740776810, "feat_type": "way", "quality_categories": "improper_geometries", "issue_ids": "[1]", "osm_url": "https://www.openstreetmap.org/way/740776810", "josm_url": "http://127.0.0.1:8111/load_object?new_layer=false&objects=w740776810", "id_url": "https://www.openstreetmap.org/edit?editor=id&way=740776810#map=20/59.8737072/10.8119728"}}, {"type": "Feature", "geometry": {"type": "Point", "coordinates": [10.8122648, 59.8740343]}, "properties": {"id": 740776811, "feat_type": "way", "quality_categories": "improper_geometries", "issue_ids": "[1]", "osm_url": "https://www.openstreetmap.org/way/740776811", "josm_url": "http://127.0.0.1:8111/load_object?new_layer=false&objects=w740776811", "id_url": "https://www.openstreetmap.org/edit?editor=id&way=740776811#map=20/59.8740343/10.8122648"}}, {"type": "Feature", "geometry": {"type": "Point", "coordinates": [10.8109956, 59.8750292]}, "properties": {"id": 740785570, "feat_type": "way", "quality_categories": "improper_geometries", "issue_ids": "[1]", "osm_url": "https://www.openstreetmap.org/way/740785570", "josm_url": "http://127.0.0.1:8111/load_object?new_layer=false&objects=w740785570", "id_url": "https://www.openstreetmap.org/edit?editor=id&way=740785570#map=20/59.8750292/10.8109956"}}, {"type": "Feature", "geometry": {"type": "Point", "coordinates": [10.8116005, 59.8747021]}, "properties": {"id": 740785574, "feat_type": "way", "quality_categories": "improper_geometries", "issue_ids": "[1]", "osm_url": "https://www.openstreetmap.org/way/740785574", "josm_url": "http://127.0.0.1:8111/load_object?new_layer=false&objects=w740785574", "id_url": "https://www.openstreetmap.org/edit?editor=id&way=740785574#map=20/59.8747021/10.8116005"}}, {"type": "Feature", "geometry": {"type": "Point", "coordinates": [10.8175029, 59.8658361]}, "properties": {"id": 743585645, "feat_type": "way", "quality_categories": "improper_geometries", "issue_ids": "[1]", "osm_url": "https://www.openstreetmap.org/way/743585645", "josm_url": "http://127.0.0.1:8111/load_object?new_layer=false&objects=w743585645", "id_url": "https://www.openstreetmap.org/edit?editor=id&way=743585645#map=20/59.8658361/10.8175029"}}, {"type": "Feature", "geometry": {"type": "Point", "coordinates": [10.769772591094377, 59.9357842]}, "properties": {"id": 776749082, "feat_type": "way", "quality_categories": "improper_geometries", "issue_ids": "[1]", "osm_url": "https://www.openstreetmap.org/way/776749082", "josm_url": "http://127.0.0.1:8111/load_object?new_layer=false&objects=w776749082", "id_url": "https://www.openstreetmap.org/edit?editor=id&way=776749082#map=20/59.9357842/10.769772591094377"}}, {"type": "Feature", "geometry": {"type": "Point", "coordinates": [10.764343031012658, 59.914147549999996]}, "properties": {"id": 781379888, "feat_type": "way", "quality_categories": "improper_geometries", "issue_ids": "[1]", "osm_url": "https://www.openstreetmap.org/way/781379888", "josm_url": "http://127.0.0.1:8111/load_object?new_layer=false&objects=w781379888", "id_url": "https://www.openstreetmap.org/edit?editor=id&way=781379888#map=20/59.914147549999996/10.764343031012658"}}, {"type": "Feature", "geometry": {"type": "Point", "coordinates": [10.7756431, 59.9150479]}, "properties": {"id": 785046179, "feat_type": "way", "quality_categories": "improper_geometries", "issue_ids": "[1]", "osm_url": "https://www.openstreetmap.org/way/785046179", "josm_url": "http://127.0.0.1:8111/load_object?new_layer=false&objects=w785046179", "id_url": "https://www.openstreetmap.org/edit?editor=id&way=785046179#map=20/59.9150479/10.7756431"}}, {"type": "Feature", "geometry": {"type": "Point", "coordinates": [10.771104642201834, 59.914218399999996]}, "properties": {"id": 785046181, "feat_type": "way", "quality_categories": "improper_geometries", "issue_ids": "[1]", "osm_url": "https://www.openstreetmap.org/way/785046181", "josm_url": "http://127.0.0.1:8111/load_object?new_layer=false&objects=w785046181", "id_url": "https://www.openstreetmap.org/edit?editor=id&way=785046181#map=20/59.914218399999996/10.771104642201834"}}, {"type": "Feature", "geometry": {"type": "Point", "coordinates": [10.6228341, 59.9910025]}, "properties": {"id": 794448408, "feat_type": "way", "quality_categories": "improper_geometries", "issue_ids": "[1]", "osm_url": "https://www.openstreetmap.org/way/794448408", "josm_url": "http://127.0.0.1:8111/load_object?new_layer=false&objects=w794448408", "id_url": "https://www.openstreetmap.org/edit?editor=id&way=794448408#map=20/59.9910025/10.6228341"}}, {"type": "Feature", "geometry": {"type": "Point", "coordinates": [10.7667112, 59.9675287]}, "properties": {"id": 798022046, "feat_type": "way", "quality_categories": "improper_geometries", "issue_ids": "[1]", "osm_url": "https://www.openstreetmap.org/way/798022046", "josm_url": "http://127.0.0.1:8111/load_object?new_layer=false&objects=w798022046", "id_url": "https://www.openstreetmap.org/edit?editor=id&way=798022046#map=20/59.9675287/10.7667112"}}, {"type": "Feature", "geometry": {"type": "Point", "coordinates": [10.6671924, 59.9614271]}, "properties": {"id": 801422495, "feat_type": "way", "quality_categories": "improper_geometries", "issue_ids": "[1]", "osm_url": "https://www.openstreetmap.org/way/801422495", "josm_url": "http://127.0.0.1:8111/load_object?new_layer=false&objects=w801422495", "id_url": "https://www.openstreetmap.org/edit?editor=id&way=801422495#map=20/59.9614271/10.6671924"}}, {"type": "Feature", "geometry": {"type": "Point", "coordinates": [10.6668241, 59.9612211]}, "properties": {"id": 801422496, "feat_type": "way", "quality_categories": "improper_geometries", "issue_ids": "[1]", "osm_url": "https://www.openstreetmap.org/way/801422496", "josm_url": "http://127.0.0.1:8111/load_object?new_layer=false&objects=w801422496", "id_url": "https://www.openstreetmap.org/edit?editor=id&way=801422496#map=20/59.9612211/10.6668241"}}, {"type": "Feature", "geometry": {"type": "Point", "coordinates": [10.6675255, 59.9613006]}, "properties": {"id": 801422497, "feat_type": "way", "quality_categories": "improper_geometries", "issue_ids": "[1]", "osm_url": "https://www.openstreetmap.org/way/801422497", "josm_url": "http://127.0.0.1:8111/load_object?new_layer=false&objects=w801422497", "id_url": "https://www.openstreetmap.org/edit?editor=id&way=801422497#map=20/59.9613006/10.6675255"}}, {"type": "Feature", "geometry": {"type": "Point", "coordinates": [10.6625526, 59.9626486]}, "properties": {"id": 802105645, "feat_type": "way", "quality_categories": "improper_geometries", "issue_ids": "[1]", "osm_url": "https://www.openstreetmap.org/way/802105645", "josm_url": "http://127.0.0.1:8111/load_object?new_layer=false&objects=w802105645", "id_url": "https://www.openstreetmap.org/edit?editor=id&way=802105645#map=20/59.9626486/10.6625526"}}, {"type": "Feature", "geometry": {"type": "Point", "coordinates": [10.7159973, 59.9287154]}, "properties": {"id": 818863777, "feat_type": "way", "quality_categories": "improper_geometries", "issue_ids": "[1]", "osm_url": "https://www.openstreetmap.org/way/818863777", "josm_url": "http://127.0.0.1:8111/load_object?new_layer=false&objects=w818863777", "id_url": "https://www.openstreetmap.org/edit?editor=id&way=818863777#map=20/59.9287154/10.7159973"}}, {"type": "Feature", "geometry": {"type": "Point", "coordinates": [10.7159973, 59.9287154]}, "properties": {"id": 818863778, "feat_type": "way", "quality_categories": "improper_geometries", "issue_ids": "[1]", "osm_url": "https://www.openstreetmap.org/way/818863778", "josm_url": "http://127.0.0.1:8111/load_object?new_layer=false&objects=w818863778", "id_url": "https://www.openstreetmap.org/edit?editor=id&way=818863778#map=20/59.9287154/10.7159973"}}, {"type": "Feature", "geometry": {"type": "Point", "coordinates": [10.7156631, 59.9287334]}, "properties": {"id": 818863779, "feat_type": "way", "quality_categories": "improper_geometries", "issue_ids": "[1]", "osm_url": "https://www.openstreetmap.org/way/818863779", "josm_url": "http://127.0.0.1:8111/load_object?new_layer=false&objects=w818863779", "id_url": "https://www.openstreetmap.org/edit?editor=id&way=818863779#map=20/59.9287334/10.7156631"}}, {"type": "Feature", "geometry": {"type": "Point", "coordinates": [10.7164778, 59.9285049]}, "properties": {"id": 818863780, "feat_type": "way", "quality_categories": "improper_geometries", "issue_ids": "[1]", "osm_url": "https://www.openstreetmap.org/way/818863780", "josm_url": "http://127.0.0.1:8111/load_object?new_layer=false&objects=w818863780", "id_url": "https://www.openstreetmap.org/edit?editor=id&way=818863780#map=20/59.9285049/10.7164778"}}, {"type": "Feature", "geometry": {"type": "Point", "coordinates": [10.7176027, 59.9284434]}, "properties": {"id": 818863781, "feat_type": "way", "quality_categories": "improper_geometries", "issue_ids": "[1]", "osm_url": "https://www.openstreetmap.org/way/818863781", "josm_url": "http://127.0.0.1:8111/load_object?new_layer=false&objects=w818863781", "id_url": "https://www.openstreetmap.org/edit?editor=id&way=818863781#map=20/59.9284434/10.7176027"}}, {"type": "Feature", "geometry": {"type": "Point", "coordinates": [10.7187539, 59.9278968]}, "properties": {"id": 818863782, "feat_type": "way", "quality_categories": "improper_geometries", "issue_ids": "[1]", "osm_url": "https://www.openstreetmap.org/way/818863782", "josm_url": "http://127.0.0.1:8111/load_object?new_layer=false&objects=w818863782", "id_url": "https://www.openstreetmap.org/edit?editor=id&way=818863782#map=20/59.9278968/10.7187539"}}, {"type": "Feature", "geometry": {"type": "Point", "coordinates": [10.7166108, 59.9283316]}, "properties": {"id": 818863784, "feat_type": "way", "quality_categories": "improper_geometries", "issue_ids": "[1]", "osm_url": "https://www.openstreetmap.org/way/818863784", "josm_url": "http://127.0.0.1:8111/load_object?new_layer=false&objects=w818863784", "id_url": "https://www.openstreetmap.org/edit?editor=id&way=818863784#map=20/59.9283316/10.7166108"}}, {"type": "Feature", "geometry": {"type": "Point", "coordinates": [10.7179356, 59.928169]}, "properties": {"id": 818863785, "feat_type": "way", "quality_categories": "improper_geometries", "issue_ids": "[1]", "osm_url": "https://www.openstreetmap.org/way/818863785", "josm_url": "http://127.0.0.1:8111/load_object?new_layer=false&objects=w818863785", "id_url": "https://www.openstreetmap.org/edit?editor=id&way=818863785#map=20/59.928169/10.7179356"}}, {"type": "Feature", "geometry": {"type": "Point", "coordinates": [10.7167899, 59.9284816]}, "properties": {"id": 818863786, "feat_type": "way", "quality_categories": "improper_geometries", "issue_ids": "[1]", "osm_url": "https://www.openstreetmap.org/way/818863786", "josm_url": "http://127.0.0.1:8111/load_object?new_layer=false&objects=w818863786", "id_url": "https://www.openstreetmap.org/edit?editor=id&way=818863786#map=20/59.9284816/10.7167899"}}, {"type": "Feature", "geometry": {"type": "Point", "coordinates": [10.7179658, 59.928273]}, "properties": {"id": 840361098, "feat_type": "way", "quality_categories": "improper_geometries", "issue_ids": "[1]", "osm_url": "https://www.openstreetmap.org/way/840361098", "josm_url": "http://127.0.0.1:8111/load_object?new_layer=false&objects=w840361098", "id_url": "https://www.openstreetmap.org/edit?editor=id&way=840361098#map=20/59.928273/10.7179658"}}, {"type": "Feature", "geometry": {"type": "Point", "coordinates": [10.7511663, 59.9212512]}, "properties": {"id": 844335650, "feat_type": "way", "quality_categories": "improper_geometries", "issue_ids": "[1]", "osm_url": "https://www.openstreetmap.org/way/844335650", "josm_url": "http://127.0.0.1:8111/load_object?new_layer=false&objects=w844335650", "id_url": "https://www.openstreetmap.org/edit?editor=id&way=844335650#map=20/59.9212512/10.7511663"}}, {"type": "Feature", "geometry": {"type": "Point", "coordinates": [10.7622881, 59.9068337]}, "properties": {"id": 855657212, "feat_type": "way", "quality_categories": "improper_geometries", "issue_ids": "[1]", "osm_url": "https://www.openstreetmap.org/way/855657212", "josm_url": "http://127.0.0.1:8111/load_object?new_layer=false&objects=w855657212", "id_url": "https://www.openstreetmap.org/edit?editor=id&way=855657212#map=20/59.9068337/10.7622881"}}, {"type": "Feature", "geometry": {"type": "Point", "coordinates": [10.7628406, 59.9065896]}, "properties": {"id": 855657213, "feat_type": "way", "quality_categories": "improper_geometries", "issue_ids": "[1]", "osm_url": "https://www.openstreetmap.org/way/855657213", "josm_url": "http://127.0.0.1:8111/load_object?new_layer=false&objects=w855657213", "id_url": "https://www.openstreetmap.org/edit?editor=id&way=855657213#map=20/59.9065896/10.7628406"}}, {"type": "Feature", "geometry": {"type": "Point", "coordinates": [10.7649305, 59.9060638]}, "properties": {"id": 855657219, "feat_type": "way", "quality_categories": "improper_geometries", "issue_ids": "[1]", "osm_url": "https://www.openstreetmap.org/way/855657219", "josm_url": "http://127.0.0.1:8111/load_object?new_layer=false&objects=w855657219", "id_url": "https://www.openstreetmap.org/edit?editor=id&way=855657219#map=20/59.9060638/10.7649305"}}, {"type": "Feature", "geometry": {"type": "Point", "coordinates": [10.7650127, 59.9061012]}, "properties": {"id": 855657220, "feat_type": "way", "quality_categories": "improper_geometries", "issue_ids": "[1]", "osm_url": "https://www.openstreetmap.org/way/855657220", "josm_url": "http://127.0.0.1:8111/load_object?new_layer=false&objects=w855657220", "id_url": "https://www.openstreetmap.org/edit?editor=id&way=855657220#map=20/59.9061012/10.7650127"}}, {"type": "Feature", "geometry": {"type": "Point", "coordinates": [10.7650647, 59.9062243]}, "properties": {"id": 855657221, "feat_type": "way", "quality_categories": "improper_geometries", "issue_ids": "[1]", "osm_url": "https://www.openstreetmap.org/way/855657221", "josm_url": "http://127.0.0.1:8111/load_object?new_layer=false&objects=w855657221", "id_url": "https://www.openstreetmap.org/edit?editor=id&way=855657221#map=20/59.9062243/10.7650647"}}, {"type": "Feature", "geometry": {"type": "Point", "coordinates": [10.7650429, 59.9061948]}, "properties": {"id": 855657222, "feat_type": "way", "quality_categories": "improper_geometries", "issue_ids": "[1]", "osm_url": "https://www.openstreetmap.org/way/855657222", "josm_url": "http://127.0.0.1:8111/load_object?new_layer=false&objects=w855657222", "id_url": "https://www.openstreetmap.org/edit?editor=id&way=855657222#map=20/59.9061948/10.7650429"}}, {"type": "Feature", "geometry": {"type": "Point", "coordinates": [10.767762, 59.9056551]}, "properties": {"id": 855657223, "feat_type": "way", "quality_categories": "improper_geometries", "issue_ids": "[1]", "osm_url": "https://www.openstreetmap.org/way/855657223", "josm_url": "http://127.0.0.1:8111/load_object?new_layer=false&objects=w855657223", "id_url": "https://www.openstreetmap.org/edit?editor=id&way=855657223#map=20/59.9056551/10.767762"}}, {"type": "Feature", "geometry": {"type": "Point", "coordinates": [10.7660977, 59.9060117]}, "properties": {"id": 855657226, "feat_type": "way", "quality_categories": "improper_geometries", "issue_ids": "[1]", "osm_url": "https://www.openstreetmap.org/way/855657226", "josm_url": "http://127.0.0.1:8111/load_object?new_layer=false&objects=w855657226", "id_url": "https://www.openstreetmap.org/edit?editor=id&way=855657226#map=20/59.9060117/10.7660977"}}, {"type": "Feature", "geometry": {"type": "Point", "coordinates": [10.7653076, 59.9060189]}, "properties": {"id": 855657227, "feat_type": "way", "quality_categories": "improper_geometries", "issue_ids": "[1]", "osm_url": "https://www.openstreetmap.org/way/855657227", "josm_url": "http://127.0.0.1:8111/load_object?new_layer=false&objects=w855657227", "id_url": "https://www.openstreetmap.org/edit?editor=id&way=855657227#map=20/59.9060189/10.7653076"}}, {"type": "Feature", "geometry": {"type": "Point", "coordinates": [10.7678075, 59.9058116]}, "properties": {"id": 855657228, "feat_type": "way", "quality_categories": "improper_geometries", "issue_ids": "[1]", "osm_url": "https://www.openstreetmap.org/way/855657228", "josm_url": "http://127.0.0.1:8111/load_object?new_layer=false&objects=w855657228", "id_url": "https://www.openstreetmap.org/edit?editor=id&way=855657228#map=20/59.9058116/10.7678075"}}, {"type": "Feature", "geometry": {"type": "Point", "coordinates": [10.7653166, 59.9060376]}, "properties": {"id": 855657230, "feat_type": "way", "quality_categories": "improper_geometries", "issue_ids": "[1]", "osm_url": "https://www.openstreetmap.org/way/855657230", "josm_url": "http://127.0.0.1:8111/load_object?new_layer=false&objects=w855657230", "id_url": "https://www.openstreetmap.org/edit?editor=id&way=855657230#map=20/59.9060376/10.7653166"}}, {"type": "Feature", "geometry": {"type": "Point", "coordinates": [10.7662086, 59.9060166]}, "properties": {"id": 855657231, "feat_type": "way", "quality_categories": "improper_geometries", "issue_ids": "[1]", "osm_url": "https://www.openstreetmap.org/way/855657231", "josm_url": "http://127.0.0.1:8111/load_object?new_layer=false&objects=w855657231", "id_url": "https://www.openstreetmap.org/edit?editor=id&way=855657231#map=20/59.9060166/10.7662086"}}, {"type": "Feature", "geometry": {"type": "Point", "coordinates": [10.7879895, 59.9463075]}, "properties": {"id": 863548770, "feat_type": "way", "quality_categories": "improper_geometries", "issue_ids": "[1]", "osm_url": "https://www.openstreetmap.org/way/863548770", "josm_url": "http://127.0.0.1:8111/load_object?new_layer=false&objects=w863548770", "id_url": "https://www.openstreetmap.org/edit?editor=id&way=863548770#map=20/59.9463075/10.7879895"}}, {"type": "Feature", "geometry": {"type": "Point", "coordinates": [10.7866753, 59.9461326]}, "properties": {"id": 863548771, "feat_type": "way", "quality_categories": "improper_geometries", "issue_ids": "[1]", "osm_url": "https://www.openstreetmap.org/way/863548771", "josm_url": "http://127.0.0.1:8111/load_object?new_layer=false&objects=w863548771", "id_url": "https://www.openstreetmap.org/edit?editor=id&way=863548771#map=20/59.9461326/10.7866753"}}, {"type": "Feature", "geometry": {"type": "Point", "coordinates": [10.7873879, 59.9462981]}, "properties": {"id": 863548773, "feat_type": "way", "quality_categories": "improper_geometries", "issue_ids": "[1]", "osm_url": "https://www.openstreetmap.org/way/863548773", "josm_url": "http://127.0.0.1:8111/load_object?new_layer=false&objects=w863548773", "id_url": "https://www.openstreetmap.org/edit?editor=id&way=863548773#map=20/59.9462981/10.7873879"}}, {"type": "Feature", "geometry": {"type": "Point", "coordinates": [10.7853666, 59.9460662]}, "properties": {"id": 863548776, "feat_type": "way", "quality_categories": "improper_geometries", "issue_ids": "[1]", "osm_url": "https://www.openstreetmap.org/way/863548776", "josm_url": "http://127.0.0.1:8111/load_object?new_layer=false&objects=w863548776", "id_url": "https://www.openstreetmap.org/edit?editor=id&way=863548776#map=20/59.9460662/10.7853666"}}, {"type": "Feature", "geometry": {"type": "Point", "coordinates": [10.7846839, 59.94597]}, "properties": {"id": 863615479, "feat_type": "way", "quality_categories": "improper_geometries", "issue_ids": "[1]", "osm_url": "https://www.openstreetmap.org/way/863615479", "josm_url": "http://127.0.0.1:8111/load_object?new_layer=false&objects=w863615479", "id_url": "https://www.openstreetmap.org/edit?editor=id&way=863615479#map=20/59.94597/10.7846839"}}, {"type": "Feature", "geometry": {"type": "Point", "coordinates": [10.7814434, 59.9456171]}, "properties": {"id": 863615480, "feat_type": "way", "quality_categories": "improper_geometries", "issue_ids": "[1]", "osm_url": "https://www.openstreetmap.org/way/863615480", "josm_url": "http://127.0.0.1:8111/load_object?new_layer=false&objects=w863615480", "id_url": "https://www.openstreetmap.org/edit?editor=id&way=863615480#map=20/59.9456171/10.7814434"}}, {"type": "Feature", "geometry": {"type": "Point", "coordinates": [10.782135, 59.9456783]}, "properties": {"id": 863615481, "feat_type": "way", "quality_categories": "improper_geometries", "issue_ids": "[1]", "osm_url": "https://www.openstreetmap.org/way/863615481", "josm_url": "http://127.0.0.1:8111/load_object?new_layer=false&objects=w863615481", "id_url": "https://www.openstreetmap.org/edit?editor=id&way=863615481#map=20/59.9456783/10.782135"}}, {"type": "Feature", "geometry": {"type": "Point", "coordinates": [10.7673913, 59.9057757]}, "properties": {"id": 864598029, "feat_type": "way", "quality_categories": "improper_geometries", "issue_ids": "[1]", "osm_url": "https://www.openstreetmap.org/way/864598029", "josm_url": "http://127.0.0.1:8111/load_object?new_layer=false&objects=w864598029", "id_url": "https://www.openstreetmap.org/edit?editor=id&way=864598029#map=20/59.9057757/10.7673913"}}, {"type": "Feature", "geometry": {"type": "Point", "coordinates": [10.785205, 59.9460315]}, "properties": {"id": 864927486, "feat_type": "way", "quality_categories": "improper_geometries", "issue_ids": "[1]", "osm_url": "https://www.openstreetmap.org/way/864927486", "josm_url": "http://127.0.0.1:8111/load_object?new_layer=false&objects=w864927486", "id_url": "https://www.openstreetmap.org/edit?editor=id&way=864927486#map=20/59.9460315/10.785205"}}, {"type": "Feature", "geometry": {"type": "Point", "coordinates": [10.6529491, 59.9211191]}, "properties": {"id": 864968242, "feat_type": "way", "quality_categories": "improper_geometries", "issue_ids": "[1]", "osm_url": "https://www.openstreetmap.org/way/864968242", "josm_url": "http://127.0.0.1:8111/load_object?new_layer=false&objects=w864968242", "id_url": "https://www.openstreetmap.org/edit?editor=id&way=864968242#map=20/59.9211191/10.6529491"}}, {"type": "Feature", "geometry": {"type": "Point", "coordinates": [10.6527801, 59.9210697]}, "properties": {"id": 864968244, "feat_type": "way", "quality_categories": "improper_geometries", "issue_ids": "[1]", "osm_url": "https://www.openstreetmap.org/way/864968244", "josm_url": "http://127.0.0.1:8111/load_object?new_layer=false&objects=w864968244", "id_url": "https://www.openstreetmap.org/edit?editor=id&way=864968244#map=20/59.9210697/10.6527801"}}, {"type": "Feature", "geometry": {"type": "Point", "coordinates": [10.6540049, 59.9214264]}, "properties": {"id": 864968254, "feat_type": "way", "quality_categories": "improper_geometries", "issue_ids": "[1]", "osm_url": "https://www.openstreetmap.org/way/864968254", "josm_url": "http://127.0.0.1:8111/load_object?new_layer=false&objects=w864968254", "id_url": "https://www.openstreetmap.org/edit?editor=id&way=864968254#map=20/59.9214264/10.6540049"}}, {"type": "Feature", "geometry": {"type": "Point", "coordinates": [10.7607965, 59.9049045]}, "properties": {"id": 865155089, "feat_type": "way", "quality_categories": "improper_geometries", "issue_ids": "[1]", "osm_url": "https://www.openstreetmap.org/way/865155089", "josm_url": "http://127.0.0.1:8111/load_object?new_layer=false&objects=w865155089", "id_url": "https://www.openstreetmap.org/edit?editor=id&way=865155089#map=20/59.9049045/10.7607965"}}, {"type": "Feature", "geometry": {"type": "Point", "coordinates": [10.7607225, 59.9049155]}, "properties": {"id": 865155090, "feat_type": "way", "quality_categories": "improper_geometries", "issue_ids": "[1]", "osm_url": "https://www.openstreetmap.org/way/865155090", "josm_url": "http://127.0.0.1:8111/load_object?new_layer=false&objects=w865155090", "id_url": "https://www.openstreetmap.org/edit?editor=id&way=865155090#map=20/59.9049155/10.7607225"}}, {"type": "Feature", "geometry": {"type": "Point", "coordinates": [10.7605236, 59.9070214]}, "properties": {"id": 865155091, "feat_type": "way", "quality_categories": "improper_geometries", "issue_ids": "[1]", "osm_url": "https://www.openstreetmap.org/way/865155091", "josm_url": "http://127.0.0.1:8111/load_object?new_layer=false&objects=w865155091", "id_url": "https://www.openstreetmap.org/edit?editor=id&way=865155091#map=20/59.9070214/10.7605236"}}, {"type": "Feature", "geometry": {"type": "Point", "coordinates": [10.7608235, 59.9073375]}, "properties": {"id": 865155092, "feat_type": "way", "quality_categories": "improper_geometries", "issue_ids": "[1]", "osm_url": "https://www.openstreetmap.org/way/865155092", "josm_url": "http://127.0.0.1:8111/load_object?new_layer=false&objects=w865155092", "id_url": "https://www.openstreetmap.org/edit?editor=id&way=865155092#map=20/59.9073375/10.7608235"}}, {"type": "Feature", "geometry": {"type": "Point", "coordinates": [10.7608168, 59.907276]}, "properties": {"id": 865155093, "feat_type": "way", "quality_categories": "improper_geometries", "issue_ids": "[1]", "osm_url": "https://www.openstreetmap.org/way/865155093", "josm_url": "http://127.0.0.1:8111/load_object?new_layer=false&objects=w865155093", "id_url": "https://www.openstreetmap.org/edit?editor=id&way=865155093#map=20/59.907276/10.7608168"}}, {"type": "Feature", "geometry": {"type": "Point", "coordinates": [10.7605903, 59.9070373]}, "properties": {"id": 865155094, "feat_type": "way", "quality_categories": "improper_geometries", "issue_ids": "[1]", "osm_url": "https://www.openstreetmap.org/way/865155094", "josm_url": "http://127.0.0.1:8111/load_object?new_layer=false&objects=w865155094", "id_url": "https://www.openstreetmap.org/edit?editor=id&way=865155094#map=20/59.9070373/10.7605903"}}, {"type": "Feature", "geometry": {"type": "Point", "coordinates": [10.7606782, 59.9070202]}, "properties": {"id": 865155095, "feat_type": "way", "quality_categories": "improper_geometries", "issue_ids": "[1]", "osm_url": "https://www.openstreetmap.org/way/865155095", "josm_url": "http://127.0.0.1:8111/load_object?new_layer=false&objects=w865155095", "id_url": "https://www.openstreetmap.org/edit?editor=id&way=865155095#map=20/59.9070202/10.7606782"}}, {"type": "Feature", "geometry": {"type": "Point", "coordinates": [10.7608983, 59.9072495]}, "properties": {"id": 865155096, "feat_type": "way", "quality_categories": "improper_geometries", "issue_ids": "[1]", "osm_url": "https://www.openstreetmap.org/way/865155096", "josm_url": "http://127.0.0.1:8111/load_object?new_layer=false&objects=w865155096", "id_url": "https://www.openstreetmap.org/edit?editor=id&way=865155096#map=20/59.9072495/10.7608983"}}, {"type": "Feature", "geometry": {"type": "Point", "coordinates": [10.7608073, 59.9049209]}, "properties": {"id": 865155097, "feat_type": "way", "quality_categories": "improper_geometries", "issue_ids": "[1]", "osm_url": "https://www.openstreetmap.org/way/865155097", "josm_url": "http://127.0.0.1:8111/load_object?new_layer=false&objects=w865155097", "id_url": "https://www.openstreetmap.org/edit?editor=id&way=865155097#map=20/59.9049209/10.7608073"}}, {"type": "Feature", "geometry": {"type": "Point", "coordinates": [10.7639935, 59.9064853]}, "properties": {"id": 865155098, "feat_type": "way", "quality_categories": "improper_geometries", "issue_ids": "[1]", "osm_url": "https://www.openstreetmap.org/way/865155098", "josm_url": "http://127.0.0.1:8111/load_object?new_layer=false&objects=w865155098", "id_url": "https://www.openstreetmap.org/edit?editor=id&way=865155098#map=20/59.9064853/10.7639935"}}, {"type": "Feature", "geometry": {"type": "Point", "coordinates": [10.7639486, 59.9064313]}, "properties": {"id": 865155099, "feat_type": "way", "quality_categories": "improper_geometries", "issue_ids": "[1]", "osm_url": "https://www.openstreetmap.org/way/865155099", "josm_url": "http://127.0.0.1:8111/load_object?new_layer=false&objects=w865155099", "id_url": "https://www.openstreetmap.org/edit?editor=id&way=865155099#map=20/59.9064313/10.7639486"}}, {"type": "Feature", "geometry": {"type": "Point", "coordinates": [10.7638367, 59.9062971]}, "properties": {"id": 865155100, "feat_type": "way", "quality_categories": "improper_geometries", "issue_ids": "[1]", "osm_url": "https://www.openstreetmap.org/way/865155100", "josm_url": "http://127.0.0.1:8111/load_object?new_layer=false&objects=w865155100", "id_url": "https://www.openstreetmap.org/edit?editor=id&way=865155100#map=20/59.9062971/10.7638367"}}, {"type": "Feature", "geometry": {"type": "Point", "coordinates": [10.7639018, 59.9063305]}, "properties": {"id": 865155101, "feat_type": "way", "quality_categories": "improper_geometries", "issue_ids": "[1]", "osm_url": "https://www.openstreetmap.org/way/865155101", "josm_url": "http://127.0.0.1:8111/load_object?new_layer=false&objects=w865155101", "id_url": "https://www.openstreetmap.org/edit?editor=id&way=865155101#map=20/59.9063305/10.7639018"}}, {"type": "Feature", "geometry": {"type": "Point", "coordinates": [10.7636084, 59.9064026]}, "properties": {"id": 865155102, "feat_type": "way", "quality_categories": "improper_geometries", "issue_ids": "[1]", "osm_url": "https://www.openstreetmap.org/way/865155102", "josm_url": "http://127.0.0.1:8111/load_object?new_layer=false&objects=w865155102", "id_url": "https://www.openstreetmap.org/edit?editor=id&way=865155102#map=20/59.9064026/10.7636084"}}, {"type": "Feature", "geometry": {"type": "Point", "coordinates": [10.7636695, 59.9064657]}, "properties": {"id": 865155103, "feat_type": "way", "quality_categories": "improper_geometries", "issue_ids": "[1]", "osm_url": "https://www.openstreetmap.org/way/865155103", "josm_url": "http://127.0.0.1:8111/load_object?new_layer=false&objects=w865155103", "id_url": "https://www.openstreetmap.org/edit?editor=id&way=865155103#map=20/59.9064657/10.7636695"}}, {"type": "Feature", "geometry": {"type": "Point", "coordinates": [10.7619289, 59.9067002]}, "properties": {"id": 865155104, "feat_type": "way", "quality_categories": "improper_geometries", "issue_ids": "[1]", "osm_url": "https://www.openstreetmap.org/way/865155104", "josm_url": "http://127.0.0.1:8111/load_object?new_layer=false&objects=w865155104", "id_url": "https://www.openstreetmap.org/edit?editor=id&way=865155104#map=20/59.9067002/10.7619289"}}, {"type": "Feature", "geometry": {"type": "Point", "coordinates": [10.7619623, 59.9066567]}, "properties": {"id": 865155105, "feat_type": "way", "quality_categories": "improper_geometries", "issue_ids": "[1]", "osm_url": "https://www.openstreetmap.org/way/865155105", "josm_url": "http://127.0.0.1:8111/load_object?new_layer=false&objects=w865155105", "id_url": "https://www.openstreetmap.org/edit?editor=id&way=865155105#map=20/59.9066567/10.7619623"}}, {"type": "Feature", "geometry": {"type": "Point", "coordinates": [10.7618913, 59.9066721]}, "properties": {"id": 865155106, "feat_type": "way", "quality_categories": "improper_geometries", "issue_ids": "[1]", "osm_url": "https://www.openstreetmap.org/way/865155106", "josm_url": "http://127.0.0.1:8111/load_object?new_layer=false&objects=w865155106", "id_url": "https://www.openstreetmap.org/edit?editor=id&way=865155106#map=20/59.9066721/10.7618913"}}, {"type": "Feature", "geometry": {"type": "Point", "coordinates": [10.760814, 59.9070948]}, "properties": {"id": 865155107, "feat_type": "way", "quality_categories": "improper_geometries", "issue_ids": "[1]", "osm_url": "https://www.openstreetmap.org/way/865155107", "josm_url": "http://127.0.0.1:8111/load_object?new_layer=false&objects=w865155107", "id_url": "https://www.openstreetmap.org/edit?editor=id&way=865155107#map=20/59.9070948/10.760814"}}, {"type": "Feature", "geometry": {"type": "Point", "coordinates": [10.7607642, 59.9071098]}, "properties": {"id": 865155108, "feat_type": "way", "quality_categories": "improper_geometries", "issue_ids": "[1]", "osm_url": "https://www.openstreetmap.org/way/865155108", "josm_url": "http://127.0.0.1:8111/load_object?new_layer=false&objects=w865155108", "id_url": "https://www.openstreetmap.org/edit?editor=id&way=865155108#map=20/59.9071098/10.7607642"}}, {"type": "Feature", "geometry": {"type": "Point", "coordinates": [10.7623033, 59.9069801]}, "properties": {"id": 865155109, "feat_type": "way", "quality_categories": "improper_geometries", "issue_ids": "[1]", "osm_url": "https://www.openstreetmap.org/way/865155109", "josm_url": "http://127.0.0.1:8111/load_object?new_layer=false&objects=w865155109", "id_url": "https://www.openstreetmap.org/edit?editor=id&way=865155109#map=20/59.9069801/10.7623033"}}, {"type": "Feature", "geometry": {"type": "Point", "coordinates": [10.76231, 59.9069929]}, "properties": {"id": 865155110, "feat_type": "way", "quality_categories": "improper_geometries", "issue_ids": "[1]", "osm_url": "https://www.openstreetmap.org/way/865155110", "josm_url": "http://127.0.0.1:8111/load_object?new_layer=false&objects=w865155110", "id_url": "https://www.openstreetmap.org/edit?editor=id&way=865155110#map=20/59.9069929/10.76231"}}, {"type": "Feature", "geometry": {"type": "Point", "coordinates": [10.7620463, 59.9070432]}, "properties": {"id": 865155111, "feat_type": "way", "quality_categories": "improper_geometries", "issue_ids": "[1]", "osm_url": "https://www.openstreetmap.org/way/865155111", "josm_url": "http://127.0.0.1:8111/load_object?new_layer=false&objects=w865155111", "id_url": "https://www.openstreetmap.org/edit?editor=id&way=865155111#map=20/59.9070432/10.7620463"}}, {"type": "Feature", "geometry": {"type": "Point", "coordinates": [10.7618369, 59.9070218]}, "properties": {"id": 865155112, "feat_type": "way", "quality_categories": "improper_geometries", "issue_ids": "[1]", "osm_url": "https://www.openstreetmap.org/way/865155112", "josm_url": "http://127.0.0.1:8111/load_object?new_layer=false&objects=w865155112", "id_url": "https://www.openstreetmap.org/edit?editor=id&way=865155112#map=20/59.9070218/10.7618369"}}, {"type": "Feature", "geometry": {"type": "Point", "coordinates": [10.7609631, 59.907234]}, "properties": {"id": 865155113, "feat_type": "way", "quality_categories": "improper_geometries", "issue_ids": "[1]", "osm_url": "https://www.openstreetmap.org/way/865155113", "josm_url": "http://127.0.0.1:8111/load_object?new_layer=false&objects=w865155113", "id_url": "https://www.openstreetmap.org/edit?editor=id&way=865155113#map=20/59.907234/10.7609631"}}, {"type": "Feature", "geometry": {"type": "Point", "coordinates": [10.7608684, 59.9071517]}, "properties": {"id": 865155114, "feat_type": "way", "quality_categories": "improper_geometries", "issue_ids": "[1]", "osm_url": "https://www.openstreetmap.org/way/865155114", "josm_url": "http://127.0.0.1:8111/load_object?new_layer=false&objects=w865155114", "id_url": "https://www.openstreetmap.org/edit?editor=id&way=865155114#map=20/59.9071517/10.7608684"}}, {"type": "Feature", "geometry": {"type": "Point", "coordinates": [10.7608675, 59.907178]}, "properties": {"id": 865155115, "feat_type": "way", "quality_categories": "improper_geometries", "issue_ids": "[1]", "osm_url": "https://www.openstreetmap.org/way/865155115", "josm_url": "http://127.0.0.1:8111/load_object?new_layer=false&objects=w865155115", "id_url": "https://www.openstreetmap.org/edit?editor=id&way=865155115#map=20/59.907178/10.7608675"}}, {"type": "Feature", "geometry": {"type": "Point", "coordinates": [10.7608367, 59.9071854]}, "properties": {"id": 865155116, "feat_type": "way", "quality_categories": "improper_geometries", "issue_ids": "[1]", "osm_url": "https://www.openstreetmap.org/way/865155116", "josm_url": "http://127.0.0.1:8111/load_object?new_layer=false&objects=w865155116", "id_url": "https://www.openstreetmap.org/edit?editor=id&way=865155116#map=20/59.9071854/10.7608367"}}, {"type": "Feature", "geometry": {"type": "Point", "coordinates": [10.7608125, 59.9071601]}, "properties": {"id": 865155117, "feat_type": "way", "quality_categories": "improper_geometries", "issue_ids": "[1]", "osm_url": "https://www.openstreetmap.org/way/865155117", "josm_url": "http://127.0.0.1:8111/load_object?new_layer=false&objects=w865155117", "id_url": "https://www.openstreetmap.org/edit?editor=id&way=865155117#map=20/59.9071601/10.7608125"}}, {"type": "Feature", "geometry": {"type": "Point", "coordinates": [10.7609869, 59.9072599]}, "properties": {"id": 865155118, "feat_type": "way", "quality_categories": "improper_geometries", "issue_ids": "[1]", "osm_url": "https://www.openstreetmap.org/way/865155118", "josm_url": "http://127.0.0.1:8111/load_object?new_layer=false&objects=w865155118", "id_url": "https://www.openstreetmap.org/edit?editor=id&way=865155118#map=20/59.9072599/10.7609869"}}, {"type": "Feature", "geometry": {"type": "Point", "coordinates": [10.7612237, 59.9068638]}, "properties": {"id": 865155119, "feat_type": "way", "quality_categories": "improper_geometries", "issue_ids": "[1]", "osm_url": "https://www.openstreetmap.org/way/865155119", "josm_url": "http://127.0.0.1:8111/load_object?new_layer=false&objects=w865155119", "id_url": "https://www.openstreetmap.org/edit?editor=id&way=865155119#map=20/59.9068638/10.7612237"}}, {"type": "Feature", "geometry": {"type": "Point", "coordinates": [10.7612412, 59.9068824]}, "properties": {"id": 865155120, "feat_type": "way", "quality_categories": "improper_geometries", "issue_ids": "[1]", "osm_url": "https://www.openstreetmap.org/way/865155120", "josm_url": "http://127.0.0.1:8111/load_object?new_layer=false&objects=w865155120", "id_url": "https://www.openstreetmap.org/edit?editor=id&way=865155120#map=20/59.9068824/10.7612412"}}, {"type": "Feature", "geometry": {"type": "Point", "coordinates": [10.7615673, 59.9068062]}, "properties": {"id": 865155121, "feat_type": "way", "quality_categories": "improper_geometries", "issue_ids": "[1]", "osm_url": "https://www.openstreetmap.org/way/865155121", "josm_url": "http://127.0.0.1:8111/load_object?new_layer=false&objects=w865155121", "id_url": "https://www.openstreetmap.org/edit?editor=id&way=865155121#map=20/59.9068062/10.7615673"}}, {"type": "Feature", "geometry": {"type": "Point", "coordinates": [10.7619553, 59.9069987]}, "properties": {"id": 865155122, "feat_type": "way", "quality_categories": "improper_geometries", "issue_ids": "[1]", "osm_url": "https://www.openstreetmap.org/way/865155122", "josm_url": "http://127.0.0.1:8111/load_object?new_layer=false&objects=w865155122", "id_url": "https://www.openstreetmap.org/edit?editor=id&way=865155122#map=20/59.9069987/10.7619553"}}, {"type": "Feature", "geometry": {"type": "Point", "coordinates": [10.7639865, 59.9065517]}, "properties": {"id": 865155123, "feat_type": "way", "quality_categories": "improper_geometries", "issue_ids": "[1]", "osm_url": "https://www.openstreetmap.org/way/865155123", "josm_url": "http://127.0.0.1:8111/load_object?new_layer=false&objects=w865155123", "id_url": "https://www.openstreetmap.org/edit?editor=id&way=865155123#map=20/59.9065517/10.7639865"}}, {"type": "Feature", "geometry": {"type": "Point", "coordinates": [10.7640171, 59.9066004]}, "properties": {"id": 865155124, "feat_type": "way", "quality_categories": "improper_geometries", "issue_ids": "[1]", "osm_url": "https://www.openstreetmap.org/way/865155124", "josm_url": "http://127.0.0.1:8111/load_object?new_layer=false&objects=w865155124", "id_url": "https://www.openstreetmap.org/edit?editor=id&way=865155124#map=20/59.9066004/10.7640171"}}, {"type": "Feature", "geometry": {"type": "Point", "coordinates": [10.7638733, 59.9066318]}, "properties": {"id": 865155125, "feat_type": "way", "quality_categories": "improper_geometries", "issue_ids": "[1]", "osm_url": "https://www.openstreetmap.org/way/865155125", "josm_url": "http://127.0.0.1:8111/load_object?new_layer=false&objects=w865155125", "id_url": "https://www.openstreetmap.org/edit?editor=id&way=865155125#map=20/59.9066318/10.7638733"}}, {"type": "Feature", "geometry": {"type": "Point", "coordinates": [10.7637951, 59.9065908]}, "properties": {"id": 865155126, "feat_type": "way", "quality_categories": "improper_geometries", "issue_ids": "[1]", "osm_url": "https://www.openstreetmap.org/way/865155126", "josm_url": "http://127.0.0.1:8111/load_object?new_layer=false&objects=w865155126", "id_url": "https://www.openstreetmap.org/edit?editor=id&way=865155126#map=20/59.9065908/10.7637951"}}, {"type": "Feature", "geometry": {"type": "Point", "coordinates": [10.7616479, 59.9068639]}, "properties": {"id": 865155127, "feat_type": "way", "quality_categories": "improper_geometries", "issue_ids": "[1]", "osm_url": "https://www.openstreetmap.org/way/865155127", "josm_url": "http://127.0.0.1:8111/load_object?new_layer=false&objects=w865155127", "id_url": "https://www.openstreetmap.org/edit?editor=id&way=865155127#map=20/59.9068639/10.7616479"}}, {"type": "Feature", "geometry": {"type": "Point", "coordinates": [10.7607405, 59.9070852]}, "properties": {"id": 865155128, "feat_type": "way", "quality_categories": "improper_geometries", "issue_ids": "[1]", "osm_url": "https://www.openstreetmap.org/way/865155128", "josm_url": "http://127.0.0.1:8111/load_object?new_layer=false&objects=w865155128", "id_url": "https://www.openstreetmap.org/edit?editor=id&way=865155128#map=20/59.9070852/10.7607405"}}, {"type": "Feature", "geometry": {"type": "Point", "coordinates": [10.7635238, 59.906358]}, "properties": {"id": 865155130, "feat_type": "way", "quality_categories": "improper_geometries", "issue_ids": "[1]", "osm_url": "https://www.openstreetmap.org/way/865155130", "josm_url": "http://127.0.0.1:8111/load_object?new_layer=false&objects=w865155130", "id_url": "https://www.openstreetmap.org/edit?editor=id&way=865155130#map=20/59.906358/10.7635238"}}, {"type": "Feature", "geometry": {"type": "Point", "coordinates": [10.7636798, 59.9063167]}, "properties": {"id": 865155131, "feat_type": "way", "quality_categories": "improper_geometries", "issue_ids": "[1]", "osm_url": "https://www.openstreetmap.org/way/865155131", "josm_url": "http://127.0.0.1:8111/load_object?new_layer=false&objects=w865155131", "id_url": "https://www.openstreetmap.org/edit?editor=id&way=865155131#map=20/59.9063167/10.7636798"}}, {"type": "Feature", "geometry": {"type": "Point", "coordinates": [10.7625152, 59.9068121]}, "properties": {"id": 865155132, "feat_type": "way", "quality_categories": "improper_geometries", "issue_ids": "[1]", "osm_url": "https://www.openstreetmap.org/way/865155132", "josm_url": "http://127.0.0.1:8111/load_object?new_layer=false&objects=w865155132", "id_url": "https://www.openstreetmap.org/edit?editor=id&way=865155132#map=20/59.9068121/10.7625152"}}, {"type": "Feature", "geometry": {"type": "Point", "coordinates": [10.7624048, 59.9068623]}, "properties": {"id": 865155133, "feat_type": "way", "quality_categories": "improper_geometries", "issue_ids": "[1]", "osm_url": "https://www.openstreetmap.org/way/865155133", "josm_url": "http://127.0.0.1:8111/load_object?new_layer=false&objects=w865155133", "id_url": "https://www.openstreetmap.org/edit?editor=id&way=865155133#map=20/59.9068623/10.7624048"}}, {"type": "Feature", "geometry": {"type": "Point", "coordinates": [10.7622491, 59.9070132]}, "properties": {"id": 865155134, "feat_type": "way", "quality_categories": "improper_geometries", "issue_ids": "[1]", "osm_url": "https://www.openstreetmap.org/way/865155134", "josm_url": "http://127.0.0.1:8111/load_object?new_layer=false&objects=w865155134", "id_url": "https://www.openstreetmap.org/edit?editor=id&way=865155134#map=20/59.9070132/10.7622491"}}, {"type": "Feature", "geometry": {"type": "Point", "coordinates": [10.7624134, 59.9067734]}, "properties": {"id": 865155135, "feat_type": "way", "quality_categories": "improper_geometries", "issue_ids": "[1]", "osm_url": "https://www.openstreetmap.org/way/865155135", "josm_url": "http://127.0.0.1:8111/load_object?new_layer=false&objects=w865155135", "id_url": "https://www.openstreetmap.org/edit?editor=id&way=865155135#map=20/59.9067734/10.7624134"}}, {"type": "Feature", "geometry": {"type": "Point", "coordinates": [10.7623698, 59.9068138]}, "properties": {"id": 865155136, "feat_type": "way", "quality_categories": "improper_geometries", "issue_ids": "[1]", "osm_url": "https://www.openstreetmap.org/way/865155136", "josm_url": "http://127.0.0.1:8111/load_object?new_layer=false&objects=w865155136", "id_url": "https://www.openstreetmap.org/edit?editor=id&way=865155136#map=20/59.9068138/10.7623698"}}, {"type": "Feature", "geometry": {"type": "Point", "coordinates": [10.7623516, 59.9067884]}, "properties": {"id": 865155137, "feat_type": "way", "quality_categories": "improper_geometries", "issue_ids": "[1]", "osm_url": "https://www.openstreetmap.org/way/865155137", "josm_url": "http://127.0.0.1:8111/load_object?new_layer=false&objects=w865155137", "id_url": "https://www.openstreetmap.org/edit?editor=id&way=865155137#map=20/59.9067884/10.7623516"}}, {"type": "Feature", "geometry": {"type": "Point", "coordinates": [10.7634214, 59.9065554]}, "properties": {"id": 865155138, "feat_type": "way", "quality_categories": "improper_geometries", "issue_ids": "[1]", "osm_url": "https://www.openstreetmap.org/way/865155138", "josm_url": "http://127.0.0.1:8111/load_object?new_layer=false&objects=w865155138", "id_url": "https://www.openstreetmap.org/edit?editor=id&way=865155138#map=20/59.9065554/10.7634214"}}, {"type": "Feature", "geometry": {"type": "Point", "coordinates": [10.7634682, 59.9066033]}, "properties": {"id": 865155139, "feat_type": "way", "quality_categories": "improper_geometries", "issue_ids": "[1]", "osm_url": "https://www.openstreetmap.org/way/865155139", "josm_url": "http://127.0.0.1:8111/load_object?new_layer=false&objects=w865155139", "id_url": "https://www.openstreetmap.org/edit?editor=id&way=865155139#map=20/59.9066033/10.7634682"}}, {"type": "Feature", "geometry": {"type": "Point", "coordinates": [10.7623108, 59.9069073]}, "properties": {"id": 865155140, "feat_type": "way", "quality_categories": "improper_geometries", "issue_ids": "[1]", "osm_url": "https://www.openstreetmap.org/way/865155140", "josm_url": "http://127.0.0.1:8111/load_object?new_layer=false&objects=w865155140", "id_url": "https://www.openstreetmap.org/edit?editor=id&way=865155140#map=20/59.9069073/10.7623108"}}, {"type": "Feature", "geometry": {"type": "Point", "coordinates": [10.7622181, 59.907001]}, "properties": {"id": 865155141, "feat_type": "way", "quality_categories": "improper_geometries", "issue_ids": "[1]", "osm_url": "https://www.openstreetmap.org/way/865155141", "josm_url": "http://127.0.0.1:8111/load_object?new_layer=false&objects=w865155141", "id_url": "https://www.openstreetmap.org/edit?editor=id&way=865155141#map=20/59.907001/10.7622181"}}, {"type": "Feature", "geometry": {"type": "Point", "coordinates": [10.7622382, 59.9069961]}, "properties": {"id": 865155142, "feat_type": "way", "quality_categories": "improper_geometries", "issue_ids": "[1]", "osm_url": "https://www.openstreetmap.org/way/865155142", "josm_url": "http://127.0.0.1:8111/load_object?new_layer=false&objects=w865155142", "id_url": "https://www.openstreetmap.org/edit?editor=id&way=865155142#map=20/59.9069961/10.7622382"}}, {"type": "Feature", "geometry": {"type": "Point", "coordinates": [10.7617038, 59.9069483]}, "properties": {"id": 865155143, "feat_type": "way", "quality_categories": "improper_geometries", "issue_ids": "[1]", "osm_url": "https://www.openstreetmap.org/way/865155143", "josm_url": "http://127.0.0.1:8111/load_object?new_layer=false&objects=w865155143", "id_url": "https://www.openstreetmap.org/edit?editor=id&way=865155143#map=20/59.9069483/10.7617038"}}, {"type": "Feature", "geometry": {"type": "Point", "coordinates": [10.7617044, 59.9068813]}, "properties": {"id": 865155144, "feat_type": "way", "quality_categories": "improper_geometries", "issue_ids": "[1]", "osm_url": "https://www.openstreetmap.org/way/865155144", "josm_url": "http://127.0.0.1:8111/load_object?new_layer=false&objects=w865155144", "id_url": "https://www.openstreetmap.org/edit?editor=id&way=865155144#map=20/59.9068813/10.7617044"}}, {"type": "Feature", "geometry": {"type": "Point", "coordinates": [10.7617756, 59.9069572]}, "properties": {"id": 865155145, "feat_type": "way", "quality_categories": "improper_geometries", "issue_ids": "[1]", "osm_url": "https://www.openstreetmap.org/way/865155145", "josm_url": "http://127.0.0.1:8111/load_object?new_layer=false&objects=w865155145", "id_url": "https://www.openstreetmap.org/edit?editor=id&way=865155145#map=20/59.9069572/10.7617756"}}, {"type": "Feature", "geometry": {"type": "Point", "coordinates": [10.7617522, 59.9069319]}, "properties": {"id": 865155146, "feat_type": "way", "quality_categories": "improper_geometries", "issue_ids": "[1]", "osm_url": "https://www.openstreetmap.org/way/865155146", "josm_url": "http://127.0.0.1:8111/load_object?new_layer=false&objects=w865155146", "id_url": "https://www.openstreetmap.org/edit?editor=id&way=865155146#map=20/59.9069319/10.7617522"}}, {"type": "Feature", "geometry": {"type": "Point", "coordinates": [10.7616469, 59.9068903]}, "properties": {"id": 865155147, "feat_type": "way", "quality_categories": "improper_geometries", "issue_ids": "[1]", "osm_url": "https://www.openstreetmap.org/way/865155147", "josm_url": "http://127.0.0.1:8111/load_object?new_layer=false&objects=w865155147", "id_url": "https://www.openstreetmap.org/edit?editor=id&way=865155147#map=20/59.9068903/10.7616469"}}, {"type": "Feature", "geometry": {"type": "Point", "coordinates": [10.7616792, 59.9068565]}, "properties": {"id": 865155148, "feat_type": "way", "quality_categories": "improper_geometries", "issue_ids": "[1]", "osm_url": "https://www.openstreetmap.org/way/865155148", "josm_url": "http://127.0.0.1:8111/load_object?new_layer=false&objects=w865155148", "id_url": "https://www.openstreetmap.org/edit?editor=id&way=865155148#map=20/59.9068565/10.7616792"}}, {"type": "Feature", "geometry": {"type": "Point", "coordinates": [10.7617286, 59.9067076]}, "properties": {"id": 865155149, "feat_type": "way", "quality_categories": "improper_geometries", "issue_ids": "[1]", "osm_url": "https://www.openstreetmap.org/way/865155149", "josm_url": "http://127.0.0.1:8111/load_object?new_layer=false&objects=w865155149", "id_url": "https://www.openstreetmap.org/edit?editor=id&way=865155149#map=20/59.9067076/10.7617286"}}, {"type": "Feature", "geometry": {"type": "Point", "coordinates": [10.7616077, 59.906781]}, "properties": {"id": 865155150, "feat_type": "way", "quality_categories": "improper_geometries", "issue_ids": "[1]", "osm_url": "https://www.openstreetmap.org/way/865155150", "josm_url": "http://127.0.0.1:8111/load_object?new_layer=false&objects=w865155150", "id_url": "https://www.openstreetmap.org/edit?editor=id&way=865155150#map=20/59.906781/10.7616077"}}, {"type": "Feature", "geometry": {"type": "Point", "coordinates": [10.7616981, 59.9067594]}, "properties": {"id": 865155151, "feat_type": "way", "quality_categories": "improper_geometries", "issue_ids": "[1]", "osm_url": "https://www.openstreetmap.org/way/865155151", "josm_url": "http://127.0.0.1:8111/load_object?new_layer=false&objects=w865155151", "id_url": "https://www.openstreetmap.org/edit?editor=id&way=865155151#map=20/59.9067594/10.7616981"}}, {"type": "Feature", "geometry": {"type": "Point", "coordinates": [10.7621939, 59.9066323]}, "properties": {"id": 865155152, "feat_type": "way", "quality_categories": "improper_geometries", "issue_ids": "[1]", "osm_url": "https://www.openstreetmap.org/way/865155152", "josm_url": "http://127.0.0.1:8111/load_object?new_layer=false&objects=w865155152", "id_url": "https://www.openstreetmap.org/edit?editor=id&way=865155152#map=20/59.9066323/10.7621939"}}, {"type": "Feature", "geometry": {"type": "Point", "coordinates": [10.762286, 59.9066947]}, "properties": {"id": 865155153, "feat_type": "way", "quality_categories": "improper_geometries", "issue_ids": "[1]", "osm_url": "https://www.openstreetmap.org/way/865155153", "josm_url": "http://127.0.0.1:8111/load_object?new_layer=false&objects=w865155153", "id_url": "https://www.openstreetmap.org/edit?editor=id&way=865155153#map=20/59.9066947/10.762286"}}, {"type": "Feature", "geometry": {"type": "Point", "coordinates": [10.7623295, 59.9066841]}, "properties": {"id": 865155154, "feat_type": "way", "quality_categories": "improper_geometries", "issue_ids": "[1]", "osm_url": "https://www.openstreetmap.org/way/865155154", "josm_url": "http://127.0.0.1:8111/load_object?new_layer=false&objects=w865155154", "id_url": "https://www.openstreetmap.org/edit?editor=id&way=865155154#map=20/59.9066841/10.7623295"}}, {"type": "Feature", "geometry": {"type": "Point", "coordinates": [10.7623778, 59.9067171]}, "properties": {"id": 865155155, "feat_type": "way", "quality_categories": "improper_geometries", "issue_ids": "[1]", "osm_url": "https://www.openstreetmap.org/way/865155155", "josm_url": "http://127.0.0.1:8111/load_object?new_layer=false&objects=w865155155", "id_url": "https://www.openstreetmap.org/edit?editor=id&way=865155155#map=20/59.9067171/10.7623778"}}, {"type": "Feature", "geometry": {"type": "Point", "coordinates": [10.7622244, 59.906751]}, "properties": {"id": 865155156, "feat_type": "way", "quality_categories": "improper_geometries", "issue_ids": "[1]", "osm_url": "https://www.openstreetmap.org/way/865155156", "josm_url": "http://127.0.0.1:8111/load_object?new_layer=false&objects=w865155156", "id_url": "https://www.openstreetmap.org/edit?editor=id&way=865155156#map=20/59.906751/10.7622244"}}, {"type": "Feature", "geometry": {"type": "Point", "coordinates": [10.7623124, 59.9067333]}, "properties": {"id": 865155157, "feat_type": "way", "quality_categories": "improper_geometries", "issue_ids": "[1]", "osm_url": "https://www.openstreetmap.org/way/865155157", "josm_url": "http://127.0.0.1:8111/load_object?new_layer=false&objects=w865155157", "id_url": "https://www.openstreetmap.org/edit?editor=id&way=865155157#map=20/59.9067333/10.7623124"}}, {"type": "Feature", "geometry": {"type": "Point", "coordinates": [10.7618412, 59.9069109]}, "properties": {"id": 865155158, "feat_type": "way", "quality_categories": "improper_geometries", "issue_ids": "[1]", "osm_url": "https://www.openstreetmap.org/way/865155158", "josm_url": "http://127.0.0.1:8111/load_object?new_layer=false&objects=w865155158", "id_url": "https://www.openstreetmap.org/edit?editor=id&way=865155158#map=20/59.9069109/10.7618412"}}, {"type": "Feature", "geometry": {"type": "Point", "coordinates": [10.7617884, 59.9068304]}, "properties": {"id": 865155159, "feat_type": "way", "quality_categories": "improper_geometries", "issue_ids": "[1]", "osm_url": "https://www.openstreetmap.org/way/865155159", "josm_url": "http://127.0.0.1:8111/load_object?new_layer=false&objects=w865155159", "id_url": "https://www.openstreetmap.org/edit?editor=id&way=865155159#map=20/59.9068304/10.7617884"}}, {"type": "Feature", "geometry": {"type": "Point", "coordinates": [10.7650487, 59.9062746]}, "properties": {"id": 865184903, "feat_type": "way", "quality_categories": "improper_geometries", "issue_ids": "[1]", "osm_url": "https://www.openstreetmap.org/way/865184903", "josm_url": "http://127.0.0.1:8111/load_object?new_layer=false&objects=w865184903", "id_url": "https://www.openstreetmap.org/edit?editor=id&way=865184903#map=20/59.9062746/10.7650487"}}, {"type": "Feature", "geometry": {"type": "Point", "coordinates": [10.7649299, 59.9063097]}, "properties": {"id": 865184904, "feat_type": "way", "quality_categories": "improper_geometries", "issue_ids": "[1]", "osm_url": "https://www.openstreetmap.org/way/865184904", "josm_url": "http://127.0.0.1:8111/load_object?new_layer=false&objects=w865184904", "id_url": "https://www.openstreetmap.org/edit?editor=id&way=865184904#map=20/59.9063097/10.7649299"}}, {"type": "Feature", "geometry": {"type": "Point", "coordinates": [10.7646995, 59.9060723]}, "properties": {"id": 865184905, "feat_type": "way", "quality_categories": "improper_geometries", "issue_ids": "[1]", "osm_url": "https://www.openstreetmap.org/way/865184905", "josm_url": "http://127.0.0.1:8111/load_object?new_layer=false&objects=w865184905", "id_url": "https://www.openstreetmap.org/edit?editor=id&way=865184905#map=20/59.9060723/10.7646995"}}, {"type": "Feature", "geometry": {"type": "Point", "coordinates": [10.764861, 59.9060484]}, "properties": {"id": 865184906, "feat_type": "way", "quality_categories": "improper_geometries", "issue_ids": "[1]", "osm_url": "https://www.openstreetmap.org/way/865184906", "josm_url": "http://127.0.0.1:8111/load_object?new_layer=false&objects=w865184906", "id_url": "https://www.openstreetmap.org/edit?editor=id&way=865184906#map=20/59.9060484/10.764861"}}, {"type": "Feature", "geometry": {"type": "Point", "coordinates": [10.7641049, 59.9064827]}, "properties": {"id": 865184907, "feat_type": "way", "quality_categories": "improper_geometries", "issue_ids": "[1]", "osm_url": "https://www.openstreetmap.org/way/865184907", "josm_url": "http://127.0.0.1:8111/load_object?new_layer=false&objects=w865184907", "id_url": "https://www.openstreetmap.org/edit?editor=id&way=865184907#map=20/59.9064827/10.7641049"}}, {"type": "Feature", "geometry": {"type": "Point", "coordinates": [10.7640213, 59.9065016]}, "properties": {"id": 865184908, "feat_type": "way", "quality_categories": "improper_geometries", "issue_ids": "[1]", "osm_url": "https://www.openstreetmap.org/way/865184908", "josm_url": "http://127.0.0.1:8111/load_object?new_layer=false&objects=w865184908", "id_url": "https://www.openstreetmap.org/edit?editor=id&way=865184908#map=20/59.9065016/10.7640213"}}, {"type": "Feature", "geometry": {"type": "Point", "coordinates": [10.7640707, 59.9064395]}, "properties": {"id": 865184909, "feat_type": "way", "quality_categories": "improper_geometries", "issue_ids": "[1]", "osm_url": "https://www.openstreetmap.org/way/865184909", "josm_url": "http://127.0.0.1:8111/load_object?new_layer=false&objects=w865184909", "id_url": "https://www.openstreetmap.org/edit?editor=id&way=865184909#map=20/59.9064395/10.7640707"}}, {"type": "Feature", "geometry": {"type": "Point", "coordinates": [10.7640906, 59.9064646]}, "properties": {"id": 865184910, "feat_type": "way", "quality_categories": "improper_geometries", "issue_ids": "[1]", "osm_url": "https://www.openstreetmap.org/way/865184910", "josm_url": "http://127.0.0.1:8111/load_object?new_layer=false&objects=w865184910", "id_url": "https://www.openstreetmap.org/edit?editor=id&way=865184910#map=20/59.9064646/10.7640906"}}, {"type": "Feature", "geometry": {"type": "Point", "coordinates": [10.7648915, 59.9060855]}, "properties": {"id": 865184914, "feat_type": "way", "quality_categories": "improper_geometries", "issue_ids": "[1]", "osm_url": "https://www.openstreetmap.org/way/865184914", "josm_url": "http://127.0.0.1:8111/load_object?new_layer=false&objects=w865184914", "id_url": "https://www.openstreetmap.org/edit?editor=id&way=865184914#map=20/59.9060855/10.7648915"}}, {"type": "Feature", "geometry": {"type": "Point", "coordinates": [10.7648765, 59.9060674]}, "properties": {"id": 865184915, "feat_type": "way", "quality_categories": "improper_geometries", "issue_ids": "[1]", "osm_url": "https://www.openstreetmap.org/way/865184915", "josm_url": "http://127.0.0.1:8111/load_object?new_layer=false&objects=w865184915", "id_url": "https://www.openstreetmap.org/edit?editor=id&way=865184915#map=20/59.9060674/10.7648765"}}, {"type": "Feature", "geometry": {"type": "Point", "coordinates": [10.7649154, 59.9061142]}, "properties": {"id": 865184916, "feat_type": "way", "quality_categories": "improper_geometries", "issue_ids": "[1]", "osm_url": "https://www.openstreetmap.org/way/865184916", "josm_url": "http://127.0.0.1:8111/load_object?new_layer=false&objects=w865184916", "id_url": "https://www.openstreetmap.org/edit?editor=id&way=865184916#map=20/59.9061142/10.7649154"}}, {"type": "Feature", "geometry": {"type": "Point", "coordinates": [10.7649322, 59.9061344]}, "properties": {"id": 865184917, "feat_type": "way", "quality_categories": "improper_geometries", "issue_ids": "[1]", "osm_url": "https://www.openstreetmap.org/way/865184917", "josm_url": "http://127.0.0.1:8111/load_object?new_layer=false&objects=w865184917", "id_url": "https://www.openstreetmap.org/edit?editor=id&way=865184917#map=20/59.9061344/10.7649322"}}, {"type": "Feature", "geometry": {"type": "Point", "coordinates": [10.7650329, 59.9062555]}, "properties": {"id": 865184918, "feat_type": "way", "quality_categories": "improper_geometries", "issue_ids": "[1]", "osm_url": "https://www.openstreetmap.org/way/865184918", "josm_url": "http://127.0.0.1:8111/load_object?new_layer=false&objects=w865184918", "id_url": "https://www.openstreetmap.org/edit?editor=id&way=865184918#map=20/59.9062555/10.7650329"}}, {"type": "Feature", "geometry": {"type": "Point", "coordinates": [10.7650179, 59.9062375]}, "properties": {"id": 865184919, "feat_type": "way", "quality_categories": "improper_geometries", "issue_ids": "[1]", "osm_url": "https://www.openstreetmap.org/way/865184919", "josm_url": "http://127.0.0.1:8111/load_object?new_layer=false&objects=w865184919", "id_url": "https://www.openstreetmap.org/edit?editor=id&way=865184919#map=20/59.9062375/10.7650179"}}, {"type": "Feature", "geometry": {"type": "Point", "coordinates": [10.7649936, 59.9062082]}, "properties": {"id": 865184920, "feat_type": "way", "quality_categories": "improper_geometries", "issue_ids": "[1]", "osm_url": "https://www.openstreetmap.org/way/865184920", "josm_url": "http://127.0.0.1:8111/load_object?new_layer=false&objects=w865184920", "id_url": "https://www.openstreetmap.org/edit?editor=id&way=865184920#map=20/59.9062082/10.7649936"}}, {"type": "Feature", "geometry": {"type": "Point", "coordinates": [10.7649772, 59.9061886]}, "properties": {"id": 865184921, "feat_type": "way", "quality_categories": "improper_geometries", "issue_ids": "[1]", "osm_url": "https://www.openstreetmap.org/way/865184921", "josm_url": "http://127.0.0.1:8111/load_object?new_layer=false&objects=w865184921", "id_url": "https://www.openstreetmap.org/edit?editor=id&way=865184921#map=20/59.9061886/10.7649772"}}, {"type": "Feature", "geometry": {"type": "Point", "coordinates": [10.7648443, 59.9062769]}, "properties": {"id": 865184922, "feat_type": "way", "quality_categories": "improper_geometries", "issue_ids": "[1]", "osm_url": "https://www.openstreetmap.org/way/865184922", "josm_url": "http://127.0.0.1:8111/load_object?new_layer=false&objects=w865184922", "id_url": "https://www.openstreetmap.org/edit?editor=id&way=865184922#map=20/59.9062769/10.7648443"}}, {"type": "Feature", "geometry": {"type": "Point", "coordinates": [10.7648654, 59.9063018]}, "properties": {"id": 865184923, "feat_type": "way", "quality_categories": "improper_geometries", "issue_ids": "[1]", "osm_url": "https://www.openstreetmap.org/way/865184923", "josm_url": "http://127.0.0.1:8111/load_object?new_layer=false&objects=w865184923", "id_url": "https://www.openstreetmap.org/edit?editor=id&way=865184923#map=20/59.9063018/10.7648654"}}, {"type": "Feature", "geometry": {"type": "Point", "coordinates": [10.7646903, 59.9060952]}, "properties": {"id": 865184924, "feat_type": "way", "quality_categories": "improper_geometries", "issue_ids": "[1]", "osm_url": "https://www.openstreetmap.org/way/865184924", "josm_url": "http://127.0.0.1:8111/load_object?new_layer=false&objects=w865184924", "id_url": "https://www.openstreetmap.org/edit?editor=id&way=865184924#map=20/59.9060952/10.7646903"}}, {"type": "Feature", "geometry": {"type": "Point", "coordinates": [10.7647145, 59.9061196]}, "properties": {"id": 865184925, "feat_type": "way", "quality_categories": "improper_geometries", "issue_ids": "[1]", "osm_url": "https://www.openstreetmap.org/way/865184925", "josm_url": "http://127.0.0.1:8111/load_object?new_layer=false&objects=w865184925", "id_url": "https://www.openstreetmap.org/edit?editor=id&way=865184925#map=20/59.9061196/10.7647145"}}, {"type": "Feature", "geometry": {"type": "Point", "coordinates": [10.7648848, 59.9062345]}, "properties": {"id": 865184926, "feat_type": "way", "quality_categories": "improper_geometries", "issue_ids": "[1]", "osm_url": "https://www.openstreetmap.org/way/865184926", "josm_url": "http://127.0.0.1:8111/load_object?new_layer=false&objects=w865184926", "id_url": "https://www.openstreetmap.org/edit?editor=id&way=865184926#map=20/59.9062345/10.7648848"}}, {"type": "Feature", "geometry": {"type": "Point", "coordinates": [10.764289, 59.9063303]}, "properties": {"id": 865184927, "feat_type": "way", "quality_categories": "improper_geometries", "issue_ids": "[1]", "osm_url": "https://www.openstreetmap.org/way/865184927", "josm_url": "http://127.0.0.1:8111/load_object?new_layer=false&objects=w865184927", "id_url": "https://www.openstreetmap.org/edit?editor=id&way=865184927#map=20/59.9063303/10.764289"}}, {"type": "Feature", "geometry": {"type": "Point", "coordinates": [10.7642459, 59.9062812]}, "properties": {"id": 865184928, "feat_type": "way", "quality_categories": "improper_geometries", "issue_ids": "[1]", "osm_url": "https://www.openstreetmap.org/way/865184928", "josm_url": "http://127.0.0.1:8111/load_object?new_layer=false&objects=w865184928", "id_url": "https://www.openstreetmap.org/edit?editor=id&way=865184928#map=20/59.9062812/10.7642459"}}, {"type": "Feature", "geometry": {"type": "Point", "coordinates": [10.7648035, 59.9061347]}, "properties": {"id": 865184929, "feat_type": "way", "quality_categories": "improper_geometries", "issue_ids": "[1]", "osm_url": "https://www.openstreetmap.org/way/865184929", "josm_url": "http://127.0.0.1:8111/load_object?new_layer=false&objects=w865184929", "id_url": "https://www.openstreetmap.org/edit?editor=id&way=865184929#map=20/59.9061347/10.7648035"}}, {"type": "Feature", "geometry": {"type": "Point", "coordinates": [10.7641078, 59.9063978]}, "properties": {"id": 865184930, "feat_type": "way", "quality_categories": "improper_geometries", "issue_ids": "[1]", "osm_url": "https://www.openstreetmap.org/way/865184930", "josm_url": "http://127.0.0.1:8111/load_object?new_layer=false&objects=w865184930", "id_url": "https://www.openstreetmap.org/edit?editor=id&way=865184930#map=20/59.9063978/10.7641078"}}, {"type": "Feature", "geometry": {"type": "Point", "coordinates": [10.7640476, 59.9064105]}, "properties": {"id": 865184931, "feat_type": "way", "quality_categories": "improper_geometries", "issue_ids": "[1]", "osm_url": "https://www.openstreetmap.org/way/865184931", "josm_url": "http://127.0.0.1:8111/load_object?new_layer=false&objects=w865184931", "id_url": "https://www.openstreetmap.org/edit?editor=id&way=865184931#map=20/59.9064105/10.7640476"}}, {"type": "Feature", "geometry": {"type": "Point", "coordinates": [10.7641091, 59.9063705]}, "properties": {"id": 865184932, "feat_type": "way", "quality_categories": "improper_geometries", "issue_ids": "[1]", "osm_url": "https://www.openstreetmap.org/way/865184932", "josm_url": "http://127.0.0.1:8111/load_object?new_layer=false&objects=w865184932", "id_url": "https://www.openstreetmap.org/edit?editor=id&way=865184932#map=20/59.9063705/10.7641091"}}, {"type": "Feature", "geometry": {"type": "Point", "coordinates": [10.7640007, 59.9063934]}, "properties": {"id": 865184933, "feat_type": "way", "quality_categories": "improper_geometries", "issue_ids": "[1]", "osm_url": "https://www.openstreetmap.org/way/865184933", "josm_url": "http://127.0.0.1:8111/load_object?new_layer=false&objects=w865184933", "id_url": "https://www.openstreetmap.org/edit?editor=id&way=865184933#map=20/59.9063934/10.7640007"}}, {"type": "Feature", "geometry": {"type": "Point", "coordinates": [10.7639881, 59.9063068]}, "properties": {"id": 865184937, "feat_type": "way", "quality_categories": "improper_geometries", "issue_ids": "[1]", "osm_url": "https://www.openstreetmap.org/way/865184937", "josm_url": "http://127.0.0.1:8111/load_object?new_layer=false&objects=w865184937", "id_url": "https://www.openstreetmap.org/edit?editor=id&way=865184937#map=20/59.9063068/10.7639881"}}, {"type": "Feature", "geometry": {"type": "Point", "coordinates": [10.7639562, 59.90634]}, "properties": {"id": 865184938, "feat_type": "way", "quality_categories": "improper_geometries", "issue_ids": "[1]", "osm_url": "https://www.openstreetmap.org/way/865184938", "josm_url": "http://127.0.0.1:8111/load_object?new_layer=false&objects=w865184938", "id_url": "https://www.openstreetmap.org/edit?editor=id&way=865184938#map=20/59.90634/10.7639562"}}, {"type": "Feature", "geometry": {"type": "Point", "coordinates": [10.7640653, 59.9063172]}, "properties": {"id": 865184939, "feat_type": "way", "quality_categories": "improper_geometries", "issue_ids": "[1]", "osm_url": "https://www.openstreetmap.org/way/865184939", "josm_url": "http://127.0.0.1:8111/load_object?new_layer=false&objects=w865184939", "id_url": "https://www.openstreetmap.org/edit?editor=id&way=865184939#map=20/59.9063172/10.7640653"}}, {"type": "Feature", "geometry": {"type": "Point", "coordinates": [10.7639675, 59.9063119]}, "properties": {"id": 865184940, "feat_type": "way", "quality_categories": "improper_geometries", "issue_ids": "[1]", "osm_url": "https://www.openstreetmap.org/way/865184940", "josm_url": "http://127.0.0.1:8111/load_object?new_layer=false&objects=w865184940", "id_url": "https://www.openstreetmap.org/edit?editor=id&way=865184940#map=20/59.9063119/10.7639675"}}, {"type": "Feature", "geometry": {"type": "Point", "coordinates": [10.7639038, 59.9062394]}, "properties": {"id": 865184941, "feat_type": "way", "quality_categories": "improper_geometries", "issue_ids": "[1]", "osm_url": "https://www.openstreetmap.org/way/865184941", "josm_url": "http://127.0.0.1:8111/load_object?new_layer=false&objects=w865184941", "id_url": "https://www.openstreetmap.org/edit?editor=id&way=865184941#map=20/59.9062394/10.7639038"}}, {"type": "Feature", "geometry": {"type": "Point", "coordinates": [10.7635319, 59.9063347]}, "properties": {"id": 865184942, "feat_type": "way", "quality_categories": "improper_geometries", "issue_ids": "[1]", "osm_url": "https://www.openstreetmap.org/way/865184942", "josm_url": "http://127.0.0.1:8111/load_object?new_layer=false&objects=w865184942", "id_url": "https://www.openstreetmap.org/edit?editor=id&way=865184942#map=20/59.9063347/10.7635319"}}, {"type": "Feature", "geometry": {"type": "Point", "coordinates": [10.7639199, 59.9062577]}, "properties": {"id": 865184943, "feat_type": "way", "quality_categories": "improper_geometries", "issue_ids": "[1]", "osm_url": "https://www.openstreetmap.org/way/865184943", "josm_url": "http://127.0.0.1:8111/load_object?new_layer=false&objects=w865184943", "id_url": "https://www.openstreetmap.org/edit?editor=id&way=865184943#map=20/59.9062577/10.7639199"}}, {"type": "Feature", "geometry": {"type": "Point", "coordinates": [10.7639403, 59.906281]}, "properties": {"id": 865184944, "feat_type": "way", "quality_categories": "improper_geometries", "issue_ids": "[1]", "osm_url": "https://www.openstreetmap.org/way/865184944", "josm_url": "http://127.0.0.1:8111/load_object?new_layer=false&objects=w865184944", "id_url": "https://www.openstreetmap.org/edit?editor=id&way=865184944#map=20/59.906281/10.7639403"}}, {"type": "Feature", "geometry": {"type": "Point", "coordinates": [10.7373913, 59.9107223]}, "properties": {"id": 865632585, "feat_type": "way", "quality_categories": "improper_geometries", "issue_ids": "[1]", "osm_url": "https://www.openstreetmap.org/way/865632585", "josm_url": "http://127.0.0.1:8111/load_object?new_layer=false&objects=w865632585", "id_url": "https://www.openstreetmap.org/edit?editor=id&way=865632585#map=20/59.9107223/10.7373913"}}, {"type": "Feature", "geometry": {"type": "Point", "coordinates": [10.7396589, 59.9127068]}, "properties": {"id": 865632586, "feat_type": "way", "quality_categories": "improper_geometries", "issue_ids": "[1]", "osm_url": "https://www.openstreetmap.org/way/865632586", "josm_url": "http://127.0.0.1:8111/load_object?new_layer=false&objects=w865632586", "id_url": "https://www.openstreetmap.org/edit?editor=id&way=865632586#map=20/59.9127068/10.7396589"}}, {"type": "Feature", "geometry": {"type": "Point", "coordinates": [10.7392716, 59.9123042]}, "properties": {"id": 865632587, "feat_type": "way", "quality_categories": "improper_geometries", "issue_ids": "[1]", "osm_url": "https://www.openstreetmap.org/way/865632587", "josm_url": "http://127.0.0.1:8111/load_object?new_layer=false&objects=w865632587", "id_url": "https://www.openstreetmap.org/edit?editor=id&way=865632587#map=20/59.9123042/10.7392716"}}, {"type": "Feature", "geometry": {"type": "Point", "coordinates": [10.7396401, 59.912636]}, "properties": {"id": 865632588, "feat_type": "way", "quality_categories": "improper_geometries", "issue_ids": "[1]", "osm_url": "https://www.openstreetmap.org/way/865632588", "josm_url": "http://127.0.0.1:8111/load_object?new_layer=false&objects=w865632588", "id_url": "https://www.openstreetmap.org/edit?editor=id&way=865632588#map=20/59.912636/10.7396401"}}, {"type": "Feature", "geometry": {"type": "Point", "coordinates": [10.7398295, 59.9123915]}, "properties": {"id": 865632590, "feat_type": "way", "quality_categories": "improper_geometries", "issue_ids": "[1]", "osm_url": "https://www.openstreetmap.org/way/865632590", "josm_url": "http://127.0.0.1:8111/load_object?new_layer=false&objects=w865632590", "id_url": "https://www.openstreetmap.org/edit?editor=id&way=865632590#map=20/59.9123915/10.7398295"}}, {"type": "Feature", "geometry": {"type": "Point", "coordinates": [10.7399904, 59.9124248]}, "properties": {"id": 865632598, "feat_type": "way", "quality_categories": "improper_geometries", "issue_ids": "[1]", "osm_url": "https://www.openstreetmap.org/way/865632598", "josm_url": "http://127.0.0.1:8111/load_object?new_layer=false&objects=w865632598", "id_url": "https://www.openstreetmap.org/edit?editor=id&way=865632598#map=20/59.9124248/10.7399904"}}, {"type": "Feature", "geometry": {"type": "Point", "coordinates": [10.739794, 59.9126683]}, "properties": {"id": 865632613, "feat_type": "way", "quality_categories": "improper_geometries", "issue_ids": "[1]", "osm_url": "https://www.openstreetmap.org/way/865632613", "josm_url": "http://127.0.0.1:8111/load_object?new_layer=false&objects=w865632613", "id_url": "https://www.openstreetmap.org/edit?editor=id&way=865632613#map=20/59.9126683/10.739794"}}, {"type": "Feature", "geometry": {"type": "Point", "coordinates": [10.7563831, 59.9080808]}, "properties": {"id": 865719387, "feat_type": "way", "quality_categories": "improper_geometries", "issue_ids": "[1]", "osm_url": "https://www.openstreetmap.org/way/865719387", "josm_url": "http://127.0.0.1:8111/load_object?new_layer=false&objects=w865719387", "id_url": "https://www.openstreetmap.org/edit?editor=id&way=865719387#map=20/59.9080808/10.7563831"}}, {"type": "Feature", "geometry": {"type": "Point", "coordinates": [10.7563452, 59.9083827]}, "properties": {"id": 865719390, "feat_type": "way", "quality_categories": "improper_geometries", "issue_ids": "[1]", "osm_url": "https://www.openstreetmap.org/way/865719390", "josm_url": "http://127.0.0.1:8111/load_object?new_layer=false&objects=w865719390", "id_url": "https://www.openstreetmap.org/edit?editor=id&way=865719390#map=20/59.9083827/10.7563452"}}, {"type": "Feature", "geometry": {"type": "Point", "coordinates": [10.7572823, 59.9081603]}, "properties": {"id": 865719391, "feat_type": "way", "quality_categories": "improper_geometries", "issue_ids": "[1]", "osm_url": "https://www.openstreetmap.org/way/865719391", "josm_url": "http://127.0.0.1:8111/load_object?new_layer=false&objects=w865719391", "id_url": "https://www.openstreetmap.org/edit?editor=id&way=865719391#map=20/59.9081603/10.7572823"}}, {"type": "Feature", "geometry": {"type": "Point", "coordinates": [10.7568711, 59.9082392]}, "properties": {"id": 865719392, "feat_type": "way", "quality_categories": "improper_geometries", "issue_ids": "[1]", "osm_url": "https://www.openstreetmap.org/way/865719392", "josm_url": "http://127.0.0.1:8111/load_object?new_layer=false&objects=w865719392", "id_url": "https://www.openstreetmap.org/edit?editor=id&way=865719392#map=20/59.9082392/10.7568711"}}, {"type": "Feature", "geometry": {"type": "Point", "coordinates": [10.7834965, 59.9616654]}, "properties": {"id": 867043429, "feat_type": "way", "quality_categories": "improper_geometries", "issue_ids": "[1]", "osm_url": "https://www.openstreetmap.org/way/867043429", "josm_url": "http://127.0.0.1:8111/load_object?new_layer=false&objects=w867043429", "id_url": "https://www.openstreetmap.org/edit?editor=id&way=867043429#map=20/59.9616654/10.7834965"}}, {"type": "Feature", "geometry": {"type": "Point", "coordinates": [10.7835288, 59.9617035]}, "properties": {"id": 867043430, "feat_type": "way", "quality_categories": "improper_geometries", "issue_ids": "[1]", "osm_url": "https://www.openstreetmap.org/way/867043430", "josm_url": "http://127.0.0.1:8111/load_object?new_layer=false&objects=w867043430", "id_url": "https://www.openstreetmap.org/edit?editor=id&way=867043430#map=20/59.9617035/10.7835288"}}, {"type": "Feature", "geometry": {"type": "Point", "coordinates": [10.7799525, 59.8273643]}, "properties": {"id": 868476673, "feat_type": "way", "quality_categories": "improper_geometries", "issue_ids": "[1]", "osm_url": "https://www.openstreetmap.org/way/868476673", "josm_url": "http://127.0.0.1:8111/load_object?new_layer=false&objects=w868476673", "id_url": "https://www.openstreetmap.org/edit?editor=id&way=868476673#map=20/59.8273643/10.7799525"}}, {"type": "Feature", "geometry": {"type": "Point", "coordinates": [10.7794737, 59.8275726]}, "properties": {"id": 868476674, "feat_type": "way", "quality_categories": "improper_geometries", "issue_ids": "[1]", "osm_url": "https://www.openstreetmap.org/way/868476674", "josm_url": "http://127.0.0.1:8111/load_object?new_layer=false&objects=w868476674", "id_url": "https://www.openstreetmap.org/edit?editor=id&way=868476674#map=20/59.8275726/10.7794737"}}, {"type": "Feature", "geometry": {"type": "Point", "coordinates": [10.7800113, 59.829109]}, "properties": {"id": 868476678, "feat_type": "way", "quality_categories": "improper_geometries", "issue_ids": "[1]", "osm_url": "https://www.openstreetmap.org/way/868476678", "josm_url": "http://127.0.0.1:8111/load_object?new_layer=false&objects=w868476678", "id_url": "https://www.openstreetmap.org/edit?editor=id&way=868476678#map=20/59.829109/10.7800113"}}, {"type": "Feature", "geometry": {"type": "Point", "coordinates": [10.7809799, 59.8290782]}, "properties": {"id": 868476679, "feat_type": "way", "quality_categories": "improper_geometries", "issue_ids": "[1]", "osm_url": "https://www.openstreetmap.org/way/868476679", "josm_url": "http://127.0.0.1:8111/load_object?new_layer=false&objects=w868476679", "id_url": "https://www.openstreetmap.org/edit?editor=id&way=868476679#map=20/59.8290782/10.7809799"}}, {"type": "Feature", "geometry": {"type": "Point", "coordinates": [10.782551, 59.8303065]}, "properties": {"id": 868476683, "feat_type": "way", "quality_categories": "improper_geometries", "issue_ids": "[1]", "osm_url": "https://www.openstreetmap.org/way/868476683", "josm_url": "http://127.0.0.1:8111/load_object?new_layer=false&objects=w868476683", "id_url": "https://www.openstreetmap.org/edit?editor=id&way=868476683#map=20/59.8303065/10.782551"}}, {"type": "Feature", "geometry": {"type": "Point", "coordinates": [10.759172, 59.9175382]}, "properties": {"id": 868883265, "feat_type": "way", "quality_categories": "improper_geometries", "issue_ids": "[1]", "osm_url": "https://www.openstreetmap.org/way/868883265", "josm_url": "http://127.0.0.1:8111/load_object?new_layer=false&objects=w868883265", "id_url": "https://www.openstreetmap.org/edit?editor=id&way=868883265#map=20/59.9175382/10.759172"}}, {"type": "Feature", "geometry": {"type": "Point", "coordinates": [10.7593988, 59.9178532]}, "properties": {"id": 868883266, "feat_type": "way", "quality_categories": "improper_geometries", "issue_ids": "[1]", "osm_url": "https://www.openstreetmap.org/way/868883266", "josm_url": "http://127.0.0.1:8111/load_object?new_layer=false&objects=w868883266", "id_url": "https://www.openstreetmap.org/edit?editor=id&way=868883266#map=20/59.9178532/10.7593988"}}, {"type": "Feature", "geometry": {"type": "Point", "coordinates": [10.7591792, 59.9179112]}, "properties": {"id": 868883267, "feat_type": "way", "quality_categories": "improper_geometries", "issue_ids": "[1]", "osm_url": "https://www.openstreetmap.org/way/868883267", "josm_url": "http://127.0.0.1:8111/load_object?new_layer=false&objects=w868883267", "id_url": "https://www.openstreetmap.org/edit?editor=id&way=868883267#map=20/59.9179112/10.7591792"}}, {"type": "Feature", "geometry": {"type": "Point", "coordinates": [10.7588472, 59.9186179]}, "properties": {"id": 868883268, "feat_type": "way", "quality_categories": "improper_geometries", "issue_ids": "[1]", "osm_url": "https://www.openstreetmap.org/way/868883268", "josm_url": "http://127.0.0.1:8111/load_object?new_layer=false&objects=w868883268", "id_url": "https://www.openstreetmap.org/edit?editor=id&way=868883268#map=20/59.9186179/10.7588472"}}, {"type": "Feature", "geometry": {"type": "Point", "coordinates": [10.7809628, 59.9075721]}, "properties": {"id": 877601295, "feat_type": "way", "quality_categories": "improper_geometries", "issue_ids": "[1]", "osm_url": "https://www.openstreetmap.org/way/877601295", "josm_url": "http://127.0.0.1:8111/load_object?new_layer=false&objects=w877601295", "id_url": "https://www.openstreetmap.org/edit?editor=id&way=877601295#map=20/59.9075721/10.7809628"}}, {"type": "Feature", "geometry": {"type": "Point", "coordinates": [10.7801505, 59.9072668]}, "properties": {"id": 877601296, "feat_type": "way", "quality_categories": "improper_geometries", "issue_ids": "[1]", "osm_url": "https://www.openstreetmap.org/way/877601296", "josm_url": "http://127.0.0.1:8111/load_object?new_layer=false&objects=w877601296", "id_url": "https://www.openstreetmap.org/edit?editor=id&way=877601296#map=20/59.9072668/10.7801505"}}, {"type": "Feature", "geometry": {"type": "Point", "coordinates": [10.7812035, 59.9076762]}, "properties": {"id": 877601299, "feat_type": "way", "quality_categories": "improper_geometries", "issue_ids": "[1]", "osm_url": "https://www.openstreetmap.org/way/877601299", "josm_url": "http://127.0.0.1:8111/load_object?new_layer=false&objects=w877601299", "id_url": "https://www.openstreetmap.org/edit?editor=id&way=877601299#map=20/59.9076762/10.7812035"}}, {"type": "Feature", "geometry": {"type": "Point", "coordinates": [10.7810529, 59.9076504]}, "properties": {"id": 877601300, "feat_type": "way", "quality_categories": "improper_geometries", "issue_ids": "[1]", "osm_url": "https://www.openstreetmap.org/way/877601300", "josm_url": "http://127.0.0.1:8111/load_object?new_layer=false&objects=w877601300", "id_url": "https://www.openstreetmap.org/edit?editor=id&way=877601300#map=20/59.9076504/10.7810529"}}, {"type": "Feature", "geometry": {"type": "Point", "coordinates": [10.7808735, 59.9074478]}, "properties": {"id": 877601303, "feat_type": "way", "quality_categories": "improper_geometries", "issue_ids": "[1]", "osm_url": "https://www.openstreetmap.org/way/877601303", "josm_url": "http://127.0.0.1:8111/load_object?new_layer=false&objects=w877601303", "id_url": "https://www.openstreetmap.org/edit?editor=id&way=877601303#map=20/59.9074478/10.7808735"}}, {"type": "Feature", "geometry": {"type": "Point", "coordinates": [10.7803451, 59.9072655]}, "properties": {"id": 877601307, "feat_type": "way", "quality_categories": "improper_geometries", "issue_ids": "[1]", "osm_url": "https://www.openstreetmap.org/way/877601307", "josm_url": "http://127.0.0.1:8111/load_object?new_layer=false&objects=w877601307", "id_url": "https://www.openstreetmap.org/edit?editor=id&way=877601307#map=20/59.9072655/10.7803451"}}, {"type": "Feature", "geometry": {"type": "Point", "coordinates": [10.7771158, 59.9272627]}, "properties": {"id": 880532995, "feat_type": "way", "quality_categories": "improper_geometries", "issue_ids": "[1]", "osm_url": "https://www.openstreetmap.org/way/880532995", "josm_url": "http://127.0.0.1:8111/load_object?new_layer=false&objects=w880532995", "id_url": "https://www.openstreetmap.org/edit?editor=id&way=880532995#map=20/59.9272627/10.7771158"}}, {"type": "Feature", "geometry": {"type": "Point", "coordinates": [10.7768697, 59.9271593]}, "properties": {"id": 880532996, "feat_type": "way", "quality_categories": "improper_geometries", "issue_ids": "[1]", "osm_url": "https://www.openstreetmap.org/way/880532996", "josm_url": "http://127.0.0.1:8111/load_object?new_layer=false&objects=w880532996", "id_url": "https://www.openstreetmap.org/edit?editor=id&way=880532996#map=20/59.9271593/10.7768697"}}, {"type": "Feature", "geometry": {"type": "Point", "coordinates": [10.7498917, 59.938114]}, "properties": {"id": 880544359, "feat_type": "way", "quality_categories": "improper_geometries", "issue_ids": "[1]", "osm_url": "https://www.openstreetmap.org/way/880544359", "josm_url": "http://127.0.0.1:8111/load_object?new_layer=false&objects=w880544359", "id_url": "https://www.openstreetmap.org/edit?editor=id&way=880544359#map=20/59.938114/10.7498917"}}, {"type": "Feature", "geometry": {"type": "Point", "coordinates": [10.7610326, 59.9516755]}, "properties": {"id": 880547900, "feat_type": "way", "quality_categories": "improper_geometries", "issue_ids": "[1]", "osm_url": "https://www.openstreetmap.org/way/880547900", "josm_url": "http://127.0.0.1:8111/load_object?new_layer=false&objects=w880547900", "id_url": "https://www.openstreetmap.org/edit?editor=id&way=880547900#map=20/59.9516755/10.7610326"}}, {"type": "Feature", "geometry": {"type": "Point", "coordinates": [10.7563998, 59.9283173]}, "properties": {"id": 882463937, "feat_type": "way", "quality_categories": "improper_geometries", "issue_ids": "[1]", "osm_url": "https://www.openstreetmap.org/way/882463937", "josm_url": "http://127.0.0.1:8111/load_object?new_layer=false&objects=w882463937", "id_url": "https://www.openstreetmap.org/edit?editor=id&way=882463937#map=20/59.9283173/10.7563998"}}, {"type": "Feature", "geometry": {"type": "Point", "coordinates": [10.7353364, 59.933783]}, "properties": {"id": 882463970, "feat_type": "way", "quality_categories": "improper_geometries", "issue_ids": "[1]", "osm_url": "https://www.openstreetmap.org/way/882463970", "josm_url": "http://127.0.0.1:8111/load_object?new_layer=false&objects=w882463970", "id_url": "https://www.openstreetmap.org/edit?editor=id&way=882463970#map=20/59.933783/10.7353364"}}, {"type": "Feature", "geometry": {"type": "Point", "coordinates": [10.7352192, 59.9337849]}, "properties": {"id": 882463971, "feat_type": "way", "quality_categories": "improper_geometries", "issue_ids": "[1]", "osm_url": "https://www.openstreetmap.org/way/882463971", "josm_url": "http://127.0.0.1:8111/load_object?new_layer=false&objects=w882463971", "id_url": "https://www.openstreetmap.org/edit?editor=id&way=882463971#map=20/59.9337849/10.7352192"}}, {"type": "Feature", "geometry": {"type": "Point", "coordinates": [10.7351362, 59.9333041]}, "properties": {"id": 882463972, "feat_type": "way", "quality_categories": "improper_geometries", "issue_ids": "[1]", "osm_url": "https://www.openstreetmap.org/way/882463972", "josm_url": "http://127.0.0.1:8111/load_object?new_layer=false&objects=w882463972", "id_url": "https://www.openstreetmap.org/edit?editor=id&way=882463972#map=20/59.9333041/10.7351362"}}, {"type": "Feature", "geometry": {"type": "Point", "coordinates": [10.7349051, 59.9331319]}, "properties": {"id": 882463973, "feat_type": "way", "quality_categories": "improper_geometries", "issue_ids": "[1]", "osm_url": "https://www.openstreetmap.org/way/882463973", "josm_url": "http://127.0.0.1:8111/load_object?new_layer=false&objects=w882463973", "id_url": "https://www.openstreetmap.org/edit?editor=id&way=882463973#map=20/59.9331319/10.7349051"}}, {"type": "Feature", "geometry": {"type": "Point", "coordinates": [10.734712279913827, 59.9342956]}, "properties": {"id": 882463977, "feat_type": "way", "quality_categories": "improper_geometries", "issue_ids": "[1]", "osm_url": "https://www.openstreetmap.org/way/882463977", "josm_url": "http://127.0.0.1:8111/load_object?new_layer=false&objects=w882463977", "id_url": "https://www.openstreetmap.org/edit?editor=id&way=882463977#map=20/59.9342956/10.734712279913827"}}, {"type": "Feature", "geometry": {"type": "Point", "coordinates": [10.7299954, 59.9393699]}, "properties": {"id": 882463978, "feat_type": "way", "quality_categories": "improper_geometries", "issue_ids": "[1]", "osm_url": "https://www.openstreetmap.org/way/882463978", "josm_url": "http://127.0.0.1:8111/load_object?new_layer=false&objects=w882463978", "id_url": "https://www.openstreetmap.org/edit?editor=id&way=882463978#map=20/59.9393699/10.7299954"}}, {"type": "Feature", "geometry": {"type": "Point", "coordinates": [10.7298908, 59.939252]}, "properties": {"id": 882463979, "feat_type": "way", "quality_categories": "improper_geometries", "issue_ids": "[1]", "osm_url": "https://www.openstreetmap.org/way/882463979", "josm_url": "http://127.0.0.1:8111/load_object?new_layer=false&objects=w882463979", "id_url": "https://www.openstreetmap.org/edit?editor=id&way=882463979#map=20/59.939252/10.7298908"}}, {"type": "Feature", "geometry": {"type": "Point", "coordinates": [10.7310901, 59.9369539]}, "properties": {"id": 882463980, "feat_type": "way", "quality_categories": "improper_geometries", "issue_ids": "[1]", "osm_url": "https://www.openstreetmap.org/way/882463980", "josm_url": "http://127.0.0.1:8111/load_object?new_layer=false&objects=w882463980", "id_url": "https://www.openstreetmap.org/edit?editor=id&way=882463980#map=20/59.9369539/10.7310901"}}, {"type": "Feature", "geometry": {"type": "Point", "coordinates": [10.7308765, 59.9370021]}, "properties": {"id": 882463981, "feat_type": "way", "quality_categories": "improper_geometries", "issue_ids": "[1]", "osm_url": "https://www.openstreetmap.org/way/882463981", "josm_url": "http://127.0.0.1:8111/load_object?new_layer=false&objects=w882463981", "id_url": "https://www.openstreetmap.org/edit?editor=id&way=882463981#map=20/59.9370021/10.7308765"}}, {"type": "Feature", "geometry": {"type": "Point", "coordinates": [10.733366437696773, 59.93526165]}, "properties": {"id": 882463982, "feat_type": "way", "quality_categories": "improper_geometries", "issue_ids": "[1]", "osm_url": "https://www.openstreetmap.org/way/882463982", "josm_url": "http://127.0.0.1:8111/load_object?new_layer=false&objects=w882463982", "id_url": "https://www.openstreetmap.org/edit?editor=id&way=882463982#map=20/59.93526165/10.733366437696773"}}, {"type": "Feature", "geometry": {"type": "Point", "coordinates": [10.7303237, 59.9378476]}, "properties": {"id": 882463983, "feat_type": "way", "quality_categories": "improper_geometries", "issue_ids": "[1]", "osm_url": "https://www.openstreetmap.org/way/882463983", "josm_url": "http://127.0.0.1:8111/load_object?new_layer=false&objects=w882463983", "id_url": "https://www.openstreetmap.org/edit?editor=id&way=882463983#map=20/59.9378476/10.7303237"}}, {"type": "Feature", "geometry": {"type": "Point", "coordinates": [10.73002271864596, 59.93888385]}, "properties": {"id": 882463985, "feat_type": "way", "quality_categories": "improper_geometries", "issue_ids": "[1]", "osm_url": "https://www.openstreetmap.org/way/882463985", "josm_url": "http://127.0.0.1:8111/load_object?new_layer=false&objects=w882463985", "id_url": "https://www.openstreetmap.org/edit?editor=id&way=882463985#map=20/59.93888385/10.73002271864596"}}, {"type": "Feature", "geometry": {"type": "Point", "coordinates": [10.729891807356408, 59.9395924]}, "properties": {"id": 882463986, "feat_type": "way", "quality_categories": "improper_geometries", "issue_ids": "[1]", "osm_url": "https://www.openstreetmap.org/way/882463986", "josm_url": "http://127.0.0.1:8111/load_object?new_layer=false&objects=w882463986", "id_url": "https://www.openstreetmap.org/edit?editor=id&way=882463986#map=20/59.9395924/10.729891807356408"}}, {"type": "Feature", "geometry": {"type": "Point", "coordinates": [10.7982982, 59.9313649]}, "properties": {"id": 888468564, "feat_type": "way", "quality_categories": "improper_geometries", "issue_ids": "[1]", "osm_url": "https://www.openstreetmap.org/way/888468564", "josm_url": "http://127.0.0.1:8111/load_object?new_layer=false&objects=w888468564", "id_url": "https://www.openstreetmap.org/edit?editor=id&way=888468564#map=20/59.9313649/10.7982982"}}, {"type": "Feature", "geometry": {"type": "Point", "coordinates": [10.7951788, 59.9310371]}, "properties": {"id": 888468570, "feat_type": "way", "quality_categories": "improper_geometries", "issue_ids": "[1]", "osm_url": "https://www.openstreetmap.org/way/888468570", "josm_url": "http://127.0.0.1:8111/load_object?new_layer=false&objects=w888468570", "id_url": "https://www.openstreetmap.org/edit?editor=id&way=888468570#map=20/59.9310371/10.7951788"}}, {"type": "Feature", "geometry": {"type": "Point", "coordinates": [10.793852, 59.9316143]}, "properties": {"id": 888468571, "feat_type": "way", "quality_categories": "improper_geometries", "issue_ids": "[1]", "osm_url": "https://www.openstreetmap.org/way/888468571", "josm_url": "http://127.0.0.1:8111/load_object?new_layer=false&objects=w888468571", "id_url": "https://www.openstreetmap.org/edit?editor=id&way=888468571#map=20/59.9316143/10.793852"}}, {"type": "Feature", "geometry": {"type": "Point", "coordinates": [10.7960974, 59.9302735]}, "properties": {"id": 888468572, "feat_type": "way", "quality_categories": "improper_geometries", "issue_ids": "[1]", "osm_url": "https://www.openstreetmap.org/way/888468572", "josm_url": "http://127.0.0.1:8111/load_object?new_layer=false&objects=w888468572", "id_url": "https://www.openstreetmap.org/edit?editor=id&way=888468572#map=20/59.9302735/10.7960974"}}, {"type": "Feature", "geometry": {"type": "Point", "coordinates": [10.7962492, 59.9302453]}, "properties": {"id": 888468573, "feat_type": "way", "quality_categories": "improper_geometries", "issue_ids": "[1]", "osm_url": "https://www.openstreetmap.org/way/888468573", "josm_url": "http://127.0.0.1:8111/load_object?new_layer=false&objects=w888468573", "id_url": "https://www.openstreetmap.org/edit?editor=id&way=888468573#map=20/59.9302453/10.7962492"}}, {"type": "Feature", "geometry": {"type": "Point", "coordinates": [10.7964313, 59.9301608]}, "properties": {"id": 888468574, "feat_type": "way", "quality_categories": "improper_geometries", "issue_ids": "[1]", "osm_url": "https://www.openstreetmap.org/way/888468574", "josm_url": "http://127.0.0.1:8111/load_object?new_layer=false&objects=w888468574", "id_url": "https://www.openstreetmap.org/edit?editor=id&way=888468574#map=20/59.9301608/10.7964313"}}, {"type": "Feature", "geometry": {"type": "Point", "coordinates": [10.7966284, 59.9301409]}, "properties": {"id": 888472470, "feat_type": "way", "quality_categories": "improper_geometries", "issue_ids": "[1]", "osm_url": "https://www.openstreetmap.org/way/888472470", "josm_url": "http://127.0.0.1:8111/load_object?new_layer=false&objects=w888472470", "id_url": "https://www.openstreetmap.org/edit?editor=id&way=888472470#map=20/59.9301409/10.7966284"}}, {"type": "Feature", "geometry": {"type": "Point", "coordinates": [10.7968565, 59.930121]}, "properties": {"id": 888472471, "feat_type": "way", "quality_categories": "improper_geometries", "issue_ids": "[1]", "osm_url": "https://www.openstreetmap.org/way/888472471", "josm_url": "http://127.0.0.1:8111/load_object?new_layer=false&objects=w888472471", "id_url": "https://www.openstreetmap.org/edit?editor=id&way=888472471#map=20/59.930121/10.7968565"}}, {"type": "Feature", "geometry": {"type": "Point", "coordinates": [10.797072, 59.9300103]}, "properties": {"id": 888472472, "feat_type": "way", "quality_categories": "improper_geometries", "issue_ids": "[1]", "osm_url": "https://www.openstreetmap.org/way/888472472", "josm_url": "http://127.0.0.1:8111/load_object?new_layer=false&objects=w888472472", "id_url": "https://www.openstreetmap.org/edit?editor=id&way=888472472#map=20/59.9300103/10.797072"}}, {"type": "Feature", "geometry": {"type": "Point", "coordinates": [10.7971217, 59.9298041]}, "properties": {"id": 888472473, "feat_type": "way", "quality_categories": "improper_geometries", "issue_ids": "[1]", "osm_url": "https://www.openstreetmap.org/way/888472473", "josm_url": "http://127.0.0.1:8111/load_object?new_layer=false&objects=w888472473", "id_url": "https://www.openstreetmap.org/edit?editor=id&way=888472473#map=20/59.9298041/10.7971217"}}, {"type": "Feature", "geometry": {"type": "Point", "coordinates": [10.7971128, 59.9297864]}, "properties": {"id": 888472474, "feat_type": "way", "quality_categories": "improper_geometries", "issue_ids": "[1]", "osm_url": "https://www.openstreetmap.org/way/888472474", "josm_url": "http://127.0.0.1:8111/load_object?new_layer=false&objects=w888472474", "id_url": "https://www.openstreetmap.org/edit?editor=id&way=888472474#map=20/59.9297864/10.7971128"}}, {"type": "Feature", "geometry": {"type": "Point", "coordinates": [10.7969561, 59.9296406]}, "properties": {"id": 888472475, "feat_type": "way", "quality_categories": "improper_geometries", "issue_ids": "[1]", "osm_url": "https://www.openstreetmap.org/way/888472475", "josm_url": "http://127.0.0.1:8111/load_object?new_layer=false&objects=w888472475", "id_url": "https://www.openstreetmap.org/edit?editor=id&way=888472475#map=20/59.9296406/10.7969561"}}, {"type": "Feature", "geometry": {"type": "Point", "coordinates": [10.7968664, 59.9296293]}, "properties": {"id": 888472476, "feat_type": "way", "quality_categories": "improper_geometries", "issue_ids": "[1]", "osm_url": "https://www.openstreetmap.org/way/888472476", "josm_url": "http://127.0.0.1:8111/load_object?new_layer=false&objects=w888472476", "id_url": "https://www.openstreetmap.org/edit?editor=id&way=888472476#map=20/59.9296293/10.7968664"}}, {"type": "Feature", "geometry": {"type": "Point", "coordinates": [10.7971672, 59.9296455]}, "properties": {"id": 888472477, "feat_type": "way", "quality_categories": "improper_geometries", "issue_ids": "[1]", "osm_url": "https://www.openstreetmap.org/way/888472477", "josm_url": "http://127.0.0.1:8111/load_object?new_layer=false&objects=w888472477", "id_url": "https://www.openstreetmap.org/edit?editor=id&way=888472477#map=20/59.9296455/10.7971672"}}, {"type": "Feature", "geometry": {"type": "Point", "coordinates": [10.7976322, 59.9298283]}, "properties": {"id": 888472478, "feat_type": "way", "quality_categories": "improper_geometries", "issue_ids": "[1]", "osm_url": "https://www.openstreetmap.org/way/888472478", "josm_url": "http://127.0.0.1:8111/load_object?new_layer=false&objects=w888472478", "id_url": "https://www.openstreetmap.org/edit?editor=id&way=888472478#map=20/59.9298283/10.7976322"}}, {"type": "Feature", "geometry": {"type": "Point", "coordinates": [10.7977185, 59.9296292]}, "properties": {"id": 888472479, "feat_type": "way", "quality_categories": "improper_geometries", "issue_ids": "[1]", "osm_url": "https://www.openstreetmap.org/way/888472479", "josm_url": "http://127.0.0.1:8111/load_object?new_layer=false&objects=w888472479", "id_url": "https://www.openstreetmap.org/edit?editor=id&way=888472479#map=20/59.9296292/10.7977185"}}, {"type": "Feature", "geometry": {"type": "Point", "coordinates": [10.7976647, 59.9295774]}, "properties": {"id": 888472480, "feat_type": "way", "quality_categories": "improper_geometries", "issue_ids": "[1]", "osm_url": "https://www.openstreetmap.org/way/888472480", "josm_url": "http://127.0.0.1:8111/load_object?new_layer=false&objects=w888472480", "id_url": "https://www.openstreetmap.org/edit?editor=id&way=888472480#map=20/59.9295774/10.7976647"}}, {"type": "Feature", "geometry": {"type": "Point", "coordinates": [10.7975989, 59.9294648]}, "properties": {"id": 888472481, "feat_type": "way", "quality_categories": "improper_geometries", "issue_ids": "[1]", "osm_url": "https://www.openstreetmap.org/way/888472481", "josm_url": "http://127.0.0.1:8111/load_object?new_layer=false&objects=w888472481", "id_url": "https://www.openstreetmap.org/edit?editor=id&way=888472481#map=20/59.9294648/10.7975989"}}, {"type": "Feature", "geometry": {"type": "Point", "coordinates": [10.7982542, 59.9296772]}, "properties": {"id": 888472482, "feat_type": "way", "quality_categories": "improper_geometries", "issue_ids": "[1]", "osm_url": "https://www.openstreetmap.org/way/888472482", "josm_url": "http://127.0.0.1:8111/load_object?new_layer=false&objects=w888472482", "id_url": "https://www.openstreetmap.org/edit?editor=id&way=888472482#map=20/59.9296772/10.7982542"}}, {"type": "Feature", "geometry": {"type": "Point", "coordinates": [10.7967042, 59.9294307]}, "properties": {"id": 888472485, "feat_type": "way", "quality_categories": "improper_geometries", "issue_ids": "[1]", "osm_url": "https://www.openstreetmap.org/way/888472485", "josm_url": "http://127.0.0.1:8111/load_object?new_layer=false&objects=w888472485", "id_url": "https://www.openstreetmap.org/edit?editor=id&way=888472485#map=20/59.9294307/10.7967042"}}, {"type": "Feature", "geometry": {"type": "Point", "coordinates": [10.7955377, 59.9297891]}, "properties": {"id": 888472486, "feat_type": "way", "quality_categories": "improper_geometries", "issue_ids": "[1]", "osm_url": "https://www.openstreetmap.org/way/888472486", "josm_url": "http://127.0.0.1:8111/load_object?new_layer=false&objects=w888472486", "id_url": "https://www.openstreetmap.org/edit?editor=id&way=888472486#map=20/59.9297891/10.7955377"}}, {"type": "Feature", "geometry": {"type": "Point", "coordinates": [10.7954734, 59.929701]}, "properties": {"id": 888472487, "feat_type": "way", "quality_categories": "improper_geometries", "issue_ids": "[1]", "osm_url": "https://www.openstreetmap.org/way/888472487", "josm_url": "http://127.0.0.1:8111/load_object?new_layer=false&objects=w888472487", "id_url": "https://www.openstreetmap.org/edit?editor=id&way=888472487#map=20/59.929701/10.7954734"}}, {"type": "Feature", "geometry": {"type": "Point", "coordinates": [10.7935178, 59.9302608]}, "properties": {"id": 888472489, "feat_type": "way", "quality_categories": "improper_geometries", "issue_ids": "[1]", "osm_url": "https://www.openstreetmap.org/way/888472489", "josm_url": "http://127.0.0.1:8111/load_object?new_layer=false&objects=w888472489", "id_url": "https://www.openstreetmap.org/edit?editor=id&way=888472489#map=20/59.9302608/10.7935178"}}, {"type": "Feature", "geometry": {"type": "Point", "coordinates": [10.7928431, 59.9305663]}, "properties": {"id": 888472490, "feat_type": "way", "quality_categories": "improper_geometries", "issue_ids": "[1]", "osm_url": "https://www.openstreetmap.org/way/888472490", "josm_url": "http://127.0.0.1:8111/load_object?new_layer=false&objects=w888472490", "id_url": "https://www.openstreetmap.org/edit?editor=id&way=888472490#map=20/59.9305663/10.7928431"}}, {"type": "Feature", "geometry": {"type": "Point", "coordinates": [10.7927443, 59.9304716]}, "properties": {"id": 888472491, "feat_type": "way", "quality_categories": "improper_geometries", "issue_ids": "[1]", "osm_url": "https://www.openstreetmap.org/way/888472491", "josm_url": "http://127.0.0.1:8111/load_object?new_layer=false&objects=w888472491", "id_url": "https://www.openstreetmap.org/edit?editor=id&way=888472491#map=20/59.9304716/10.7927443"}}, {"type": "Feature", "geometry": {"type": "Point", "coordinates": [10.7925667, 59.9305221]}, "properties": {"id": 888472492, "feat_type": "way", "quality_categories": "improper_geometries", "issue_ids": "[1]", "osm_url": "https://www.openstreetmap.org/way/888472492", "josm_url": "http://127.0.0.1:8111/load_object?new_layer=false&objects=w888472492", "id_url": "https://www.openstreetmap.org/edit?editor=id&way=888472492#map=20/59.9305221/10.7925667"}}, {"type": "Feature", "geometry": {"type": "Point", "coordinates": [10.7926891, 59.9306163]}, "properties": {"id": 888472493, "feat_type": "way", "quality_categories": "improper_geometries", "issue_ids": "[1]", "osm_url": "https://www.openstreetmap.org/way/888472493", "josm_url": "http://127.0.0.1:8111/load_object?new_layer=false&objects=w888472493", "id_url": "https://www.openstreetmap.org/edit?editor=id&way=888472493#map=20/59.9306163/10.7926891"}}, {"type": "Feature", "geometry": {"type": "Point", "coordinates": [10.7934427, 59.9304039]}, "properties": {"id": 888472494, "feat_type": "way", "quality_categories": "improper_geometries", "issue_ids": "[1]", "osm_url": "https://www.openstreetmap.org/way/888472494", "josm_url": "http://127.0.0.1:8111/load_object?new_layer=false&objects=w888472494", "id_url": "https://www.openstreetmap.org/edit?editor=id&way=888472494#map=20/59.9304039/10.7934427"}}, {"type": "Feature", "geometry": {"type": "Point", "coordinates": [10.7948456, 59.9299988]}, "properties": {"id": 888472497, "feat_type": "way", "quality_categories": "improper_geometries", "issue_ids": "[1]", "osm_url": "https://www.openstreetmap.org/way/888472497", "josm_url": "http://127.0.0.1:8111/load_object?new_layer=false&objects=w888472497", "id_url": "https://www.openstreetmap.org/edit?editor=id&way=888472497#map=20/59.9299988/10.7948456"}}, {"type": "Feature", "geometry": {"type": "Point", "coordinates": [10.7932593, 59.9309364]}, "properties": {"id": 888472499, "feat_type": "way", "quality_categories": "improper_geometries", "issue_ids": "[1]", "osm_url": "https://www.openstreetmap.org/way/888472499", "josm_url": "http://127.0.0.1:8111/load_object?new_layer=false&objects=w888472499", "id_url": "https://www.openstreetmap.org/edit?editor=id&way=888472499#map=20/59.9309364/10.7932593"}}, {"type": "Feature", "geometry": {"type": "Point", "coordinates": [10.7937344, 59.9313662]}, "properties": {"id": 888472500, "feat_type": "way", "quality_categories": "improper_geometries", "issue_ids": "[1]", "osm_url": "https://www.openstreetmap.org/way/888472500", "josm_url": "http://127.0.0.1:8111/load_object?new_layer=false&objects=w888472500", "id_url": "https://www.openstreetmap.org/edit?editor=id&way=888472500#map=20/59.9313662/10.7937344"}}, {"type": "Feature", "geometry": {"type": "Point", "coordinates": [10.795729, 59.9307999]}, "properties": {"id": 888472501, "feat_type": "way", "quality_categories": "improper_geometries", "issue_ids": "[1]", "osm_url": "https://www.openstreetmap.org/way/888472501", "josm_url": "http://127.0.0.1:8111/load_object?new_layer=false&objects=w888472501", "id_url": "https://www.openstreetmap.org/edit?editor=id&way=888472501#map=20/59.9307999/10.795729"}}, {"type": "Feature", "geometry": {"type": "Point", "coordinates": [10.7943627, 59.9312035]}, "properties": {"id": 888472502, "feat_type": "way", "quality_categories": "improper_geometries", "issue_ids": "[1]", "osm_url": "https://www.openstreetmap.org/way/888472502", "josm_url": "http://127.0.0.1:8111/load_object?new_layer=false&objects=w888472502", "id_url": "https://www.openstreetmap.org/edit?editor=id&way=888472502#map=20/59.9312035/10.7943627"}}, {"type": "Feature", "geometry": {"type": "Point", "coordinates": [10.7963695, 59.9298339]}, "properties": {"id": 888474560, "feat_type": "way", "quality_categories": "improper_geometries", "issue_ids": "[1]", "osm_url": "https://www.openstreetmap.org/way/888474560", "josm_url": "http://127.0.0.1:8111/load_object?new_layer=false&objects=w888474560", "id_url": "https://www.openstreetmap.org/edit?editor=id&way=888474560#map=20/59.9298339/10.7963695"}}, {"type": "Feature", "geometry": {"type": "Point", "coordinates": [10.7963206, 59.9298126]}, "properties": {"id": 888474561, "feat_type": "way", "quality_categories": "improper_geometries", "issue_ids": "[1]", "osm_url": "https://www.openstreetmap.org/way/888474561", "josm_url": "http://127.0.0.1:8111/load_object?new_layer=false&objects=w888474561", "id_url": "https://www.openstreetmap.org/edit?editor=id&way=888474561#map=20/59.9298126/10.7963206"}}, {"type": "Feature", "geometry": {"type": "Point", "coordinates": [10.7964648, 59.9297153]}, "properties": {"id": 888474562, "feat_type": "way", "quality_categories": "improper_geometries", "issue_ids": "[1]", "osm_url": "https://www.openstreetmap.org/way/888474562", "josm_url": "http://127.0.0.1:8111/load_object?new_layer=false&objects=w888474562", "id_url": "https://www.openstreetmap.org/edit?editor=id&way=888474562#map=20/59.9297153/10.7964648"}}, {"type": "Feature", "geometry": {"type": "Point", "coordinates": [10.7960753, 59.930041]}, "properties": {"id": 888474563, "feat_type": "way", "quality_categories": "improper_geometries", "issue_ids": "[1]", "osm_url": "https://www.openstreetmap.org/way/888474563", "josm_url": "http://127.0.0.1:8111/load_object?new_layer=false&objects=w888474563", "id_url": "https://www.openstreetmap.org/edit?editor=id&way=888474563#map=20/59.930041/10.7960753"}}, {"type": "Feature", "geometry": {"type": "Point", "coordinates": [10.7968925, 59.9304634]}, "properties": {"id": 888474564, "feat_type": "way", "quality_categories": "improper_geometries", "issue_ids": "[1]", "osm_url": "https://www.openstreetmap.org/way/888474564", "josm_url": "http://127.0.0.1:8111/load_object?new_layer=false&objects=w888474564", "id_url": "https://www.openstreetmap.org/edit?editor=id&way=888474564#map=20/59.9304634/10.7968925"}}, {"type": "Feature", "geometry": {"type": "Point", "coordinates": [10.7970411, 59.9302572]}, "properties": {"id": 888474565, "feat_type": "way", "quality_categories": "improper_geometries", "issue_ids": "[1]", "osm_url": "https://www.openstreetmap.org/way/888474565", "josm_url": "http://127.0.0.1:8111/load_object?new_layer=false&objects=w888474565", "id_url": "https://www.openstreetmap.org/edit?editor=id&way=888474565#map=20/59.9302572/10.7970411"}}, {"type": "Feature", "geometry": {"type": "Point", "coordinates": [10.7971813, 59.9302053]}, "properties": {"id": 888474566, "feat_type": "way", "quality_categories": "improper_geometries", "issue_ids": "[1]", "osm_url": "https://www.openstreetmap.org/way/888474566", "josm_url": "http://127.0.0.1:8111/load_object?new_layer=false&objects=w888474566", "id_url": "https://www.openstreetmap.org/edit?editor=id&way=888474566#map=20/59.9302053/10.7971813"}}, {"type": "Feature", "geometry": {"type": "Point", "coordinates": [10.797407, 59.9305083]}, "properties": {"id": 888474567, "feat_type": "way", "quality_categories": "improper_geometries", "issue_ids": "[1]", "osm_url": "https://www.openstreetmap.org/way/888474567", "josm_url": "http://127.0.0.1:8111/load_object?new_layer=false&objects=w888474567", "id_url": "https://www.openstreetmap.org/edit?editor=id&way=888474567#map=20/59.9305083/10.797407"}}, {"type": "Feature", "geometry": {"type": "Point", "coordinates": [10.7967505, 59.9300628]}, "properties": {"id": 888474568, "feat_type": "way", "quality_categories": "improper_geometries", "issue_ids": "[1]", "osm_url": "https://www.openstreetmap.org/way/888474568", "josm_url": "http://127.0.0.1:8111/load_object?new_layer=false&objects=w888474568", "id_url": "https://www.openstreetmap.org/edit?editor=id&way=888474568#map=20/59.9300628/10.7967505"}}, {"type": "Feature", "geometry": {"type": "Point", "coordinates": [10.7967721, 59.9302389]}, "properties": {"id": 888479278, "feat_type": "way", "quality_categories": "improper_geometries", "issue_ids": "[1]", "osm_url": "https://www.openstreetmap.org/way/888479278", "josm_url": "http://127.0.0.1:8111/load_object?new_layer=false&objects=w888479278", "id_url": "https://www.openstreetmap.org/edit?editor=id&way=888479278#map=20/59.9302389/10.7967721"}}, {"type": "Feature", "geometry": {"type": "Point", "coordinates": [10.8011974, 59.9290954]}, "properties": {"id": 888590165, "feat_type": "way", "quality_categories": "improper_geometries", "issue_ids": "[1]", "osm_url": "https://www.openstreetmap.org/way/888590165", "josm_url": "http://127.0.0.1:8111/load_object?new_layer=false&objects=w888590165", "id_url": "https://www.openstreetmap.org/edit?editor=id&way=888590165#map=20/59.9290954/10.8011974"}}, {"type": "Feature", "geometry": {"type": "Point", "coordinates": [10.8016692, 59.9290151]}, "properties": {"id": 888590168, "feat_type": "way", "quality_categories": "improper_geometries", "issue_ids": "[1]", "osm_url": "https://www.openstreetmap.org/way/888590168", "josm_url": "http://127.0.0.1:8111/load_object?new_layer=false&objects=w888590168", "id_url": "https://www.openstreetmap.org/edit?editor=id&way=888590168#map=20/59.9290151/10.8016692"}}, {"type": "Feature", "geometry": {"type": "Point", "coordinates": [10.8015465, 59.9290816]}, "properties": {"id": 888590169, "feat_type": "way", "quality_categories": "improper_geometries", "issue_ids": "[1]", "osm_url": "https://www.openstreetmap.org/way/888590169", "josm_url": "http://127.0.0.1:8111/load_object?new_layer=false&objects=w888590169", "id_url": "https://www.openstreetmap.org/edit?editor=id&way=888590169#map=20/59.9290816/10.8015465"}}, {"type": "Feature", "geometry": {"type": "Point", "coordinates": [10.8016129, 59.9291821]}, "properties": {"id": 888590170, "feat_type": "way", "quality_categories": "improper_geometries", "issue_ids": "[1]", "osm_url": "https://www.openstreetmap.org/way/888590170", "josm_url": "http://127.0.0.1:8111/load_object?new_layer=false&objects=w888590170", "id_url": "https://www.openstreetmap.org/edit?editor=id&way=888590170#map=20/59.9291821/10.8016129"}}, {"type": "Feature", "geometry": {"type": "Point", "coordinates": [10.8011653, 59.9283779]}, "properties": {"id": 888590171, "feat_type": "way", "quality_categories": "improper_geometries", "issue_ids": "[1]", "osm_url": "https://www.openstreetmap.org/way/888590171", "josm_url": "http://127.0.0.1:8111/load_object?new_layer=false&objects=w888590171", "id_url": "https://www.openstreetmap.org/edit?editor=id&way=888590171#map=20/59.9283779/10.8011653"}}, {"type": "Feature", "geometry": {"type": "Point", "coordinates": [10.8008009, 59.9280658]}, "properties": {"id": 888590172, "feat_type": "way", "quality_categories": "improper_geometries", "issue_ids": "[1]", "osm_url": "https://www.openstreetmap.org/way/888590172", "josm_url": "http://127.0.0.1:8111/load_object?new_layer=false&objects=w888590172", "id_url": "https://www.openstreetmap.org/edit?editor=id&way=888590172#map=20/59.9280658/10.8008009"}}, {"type": "Feature", "geometry": {"type": "Point", "coordinates": [10.7997942, 59.9274519]}, "properties": {"id": 888590173, "feat_type": "way", "quality_categories": "improper_geometries", "issue_ids": "[1]", "osm_url": "https://www.openstreetmap.org/way/888590173", "josm_url": "http://127.0.0.1:8111/load_object?new_layer=false&objects=w888590173", "id_url": "https://www.openstreetmap.org/edit?editor=id&way=888590173#map=20/59.9274519/10.7997942"}}, {"type": "Feature", "geometry": {"type": "Point", "coordinates": [10.8001804, 59.9290977]}, "properties": {"id": 888590175, "feat_type": "way", "quality_categories": "improper_geometries", "issue_ids": "[1]", "osm_url": "https://www.openstreetmap.org/way/888590175", "josm_url": "http://127.0.0.1:8111/load_object?new_layer=false&objects=w888590175", "id_url": "https://www.openstreetmap.org/edit?editor=id&way=888590175#map=20/59.9290977/10.8001804"}}, {"type": "Feature", "geometry": {"type": "Point", "coordinates": [10.8017928, 59.9297594]}, "properties": {"id": 888590176, "feat_type": "way", "quality_categories": "improper_geometries", "issue_ids": "[1]", "osm_url": "https://www.openstreetmap.org/way/888590176", "josm_url": "http://127.0.0.1:8111/load_object?new_layer=false&objects=w888590176", "id_url": "https://www.openstreetmap.org/edit?editor=id&way=888590176#map=20/59.9297594/10.8017928"}}, {"type": "Feature", "geometry": {"type": "Point", "coordinates": [10.8022894, 59.9299589]}, "properties": {"id": 888590177, "feat_type": "way", "quality_categories": "improper_geometries", "issue_ids": "[1]", "osm_url": "https://www.openstreetmap.org/way/888590177", "josm_url": "http://127.0.0.1:8111/load_object?new_layer=false&objects=w888590177", "id_url": "https://www.openstreetmap.org/edit?editor=id&way=888590177#map=20/59.9299589/10.8022894"}}, {"type": "Feature", "geometry": {"type": "Point", "coordinates": [10.8017971, 59.9285491]}, "properties": {"id": 888590178, "feat_type": "way", "quality_categories": "improper_geometries", "issue_ids": "[1]", "osm_url": "https://www.openstreetmap.org/way/888590178", "josm_url": "http://127.0.0.1:8111/load_object?new_layer=false&objects=w888590178", "id_url": "https://www.openstreetmap.org/edit?editor=id&way=888590178#map=20/59.9285491/10.8017971"}}, {"type": "Feature", "geometry": {"type": "Point", "coordinates": [10.7980458, 59.9269005]}, "properties": {"id": 888590191, "feat_type": "way", "quality_categories": "improper_geometries", "issue_ids": "[1]", "osm_url": "https://www.openstreetmap.org/way/888590191", "josm_url": "http://127.0.0.1:8111/load_object?new_layer=false&objects=w888590191", "id_url": "https://www.openstreetmap.org/edit?editor=id&way=888590191#map=20/59.9269005/10.7980458"}}, {"type": "Feature", "geometry": {"type": "Point", "coordinates": [10.8031912, 59.9261083]}, "properties": {"id": 888590192, "feat_type": "way", "quality_categories": "improper_geometries", "issue_ids": "[1]", "osm_url": "https://www.openstreetmap.org/way/888590192", "josm_url": "http://127.0.0.1:8111/load_object?new_layer=false&objects=w888590192", "id_url": "https://www.openstreetmap.org/edit?editor=id&way=888590192#map=20/59.9261083/10.8031912"}}, {"type": "Feature", "geometry": {"type": "Point", "coordinates": [10.7989907, 59.927071]}, "properties": {"id": 888590193, "feat_type": "way", "quality_categories": "improper_geometries", "issue_ids": "[1]", "osm_url": "https://www.openstreetmap.org/way/888590193", "josm_url": "http://127.0.0.1:8111/load_object?new_layer=false&objects=w888590193", "id_url": "https://www.openstreetmap.org/edit?editor=id&way=888590193#map=20/59.927071/10.7989907"}}, {"type": "Feature", "geometry": {"type": "Point", "coordinates": [10.8029205, 59.9261805]}, "properties": {"id": 888590195, "feat_type": "way", "quality_categories": "improper_geometries", "issue_ids": "[1]", "osm_url": "https://www.openstreetmap.org/way/888590195", "josm_url": "http://127.0.0.1:8111/load_object?new_layer=false&objects=w888590195", "id_url": "https://www.openstreetmap.org/edit?editor=id&way=888590195#map=20/59.9261805/10.8029205"}}, {"type": "Feature", "geometry": {"type": "Point", "coordinates": [10.802429, 59.9294027]}, "properties": {"id": 888590199, "feat_type": "way", "quality_categories": "improper_geometries", "issue_ids": "[1]", "osm_url": "https://www.openstreetmap.org/way/888590199", "josm_url": "http://127.0.0.1:8111/load_object?new_layer=false&objects=w888590199", "id_url": "https://www.openstreetmap.org/edit?editor=id&way=888590199#map=20/59.9294027/10.802429"}}, {"type": "Feature", "geometry": {"type": "Point", "coordinates": [10.8027831, 59.9306685]}, "properties": {"id": 888590203, "feat_type": "way", "quality_categories": "improper_geometries", "issue_ids": "[1]", "osm_url": "https://www.openstreetmap.org/way/888590203", "josm_url": "http://127.0.0.1:8111/load_object?new_layer=false&objects=w888590203", "id_url": "https://www.openstreetmap.org/edit?editor=id&way=888590203#map=20/59.9306685/10.8027831"}}, {"type": "Feature", "geometry": {"type": "Point", "coordinates": [10.8036904, 59.9310077]}, "properties": {"id": 888590204, "feat_type": "way", "quality_categories": "improper_geometries", "issue_ids": "[1]", "osm_url": "https://www.openstreetmap.org/way/888590204", "josm_url": "http://127.0.0.1:8111/load_object?new_layer=false&objects=w888590204", "id_url": "https://www.openstreetmap.org/edit?editor=id&way=888590204#map=20/59.9310077/10.8036904"}}, {"type": "Feature", "geometry": {"type": "Point", "coordinates": [10.8042864, 59.9312976]}, "properties": {"id": 888590205, "feat_type": "way", "quality_categories": "improper_geometries", "issue_ids": "[1]", "osm_url": "https://www.openstreetmap.org/way/888590205", "josm_url": "http://127.0.0.1:8111/load_object?new_layer=false&objects=w888590205", "id_url": "https://www.openstreetmap.org/edit?editor=id&way=888590205#map=20/59.9312976/10.8042864"}}, {"type": "Feature", "geometry": {"type": "Point", "coordinates": [10.8043295, 59.9312009]}, "properties": {"id": 888590206, "feat_type": "way", "quality_categories": "improper_geometries", "issue_ids": "[1]", "osm_url": "https://www.openstreetmap.org/way/888590206", "josm_url": "http://127.0.0.1:8111/load_object?new_layer=false&objects=w888590206", "id_url": "https://www.openstreetmap.org/edit?editor=id&way=888590206#map=20/59.9312009/10.8043295"}}, {"type": "Feature", "geometry": {"type": "Point", "coordinates": [10.7923582, 59.930313]}, "properties": {"id": 888894380, "feat_type": "way", "quality_categories": "improper_geometries", "issue_ids": "[1]", "osm_url": "https://www.openstreetmap.org/way/888894380", "josm_url": "http://127.0.0.1:8111/load_object?new_layer=false&objects=w888894380", "id_url": "https://www.openstreetmap.org/edit?editor=id&way=888894380#map=20/59.930313/10.7923582"}}, {"type": "Feature", "geometry": {"type": "Point", "coordinates": [10.7925513, 59.9304713]}, "properties": {"id": 888894381, "feat_type": "way", "quality_categories": "improper_geometries", "issue_ids": "[1]", "osm_url": "https://www.openstreetmap.org/way/888894381", "josm_url": "http://127.0.0.1:8111/load_object?new_layer=false&objects=w888894381", "id_url": "https://www.openstreetmap.org/edit?editor=id&way=888894381#map=20/59.9304713/10.7925513"}}, {"type": "Feature", "geometry": {"type": "Point", "coordinates": [10.7926612, 59.9304432]}, "properties": {"id": 888894382, "feat_type": "way", "quality_categories": "improper_geometries", "issue_ids": "[1]", "osm_url": "https://www.openstreetmap.org/way/888894382", "josm_url": "http://127.0.0.1:8111/load_object?new_layer=false&objects=w888894382", "id_url": "https://www.openstreetmap.org/edit?editor=id&way=888894382#map=20/59.9304432/10.7926612"}}, {"type": "Feature", "geometry": {"type": "Point", "coordinates": [10.7924961, 59.9302741]}, "properties": {"id": 888894383, "feat_type": "way", "quality_categories": "improper_geometries", "issue_ids": "[1]", "osm_url": "https://www.openstreetmap.org/way/888894383", "josm_url": "http://127.0.0.1:8111/load_object?new_layer=false&objects=w888894383", "id_url": "https://www.openstreetmap.org/edit?editor=id&way=888894383#map=20/59.9302741/10.7924961"}}, {"type": "Feature", "geometry": {"type": "Point", "coordinates": [10.7918072, 59.929673]}, "properties": {"id": 888894385, "feat_type": "way", "quality_categories": "improper_geometries", "issue_ids": "[1]", "osm_url": "https://www.openstreetmap.org/way/888894385", "josm_url": "http://127.0.0.1:8111/load_object?new_layer=false&objects=w888894385", "id_url": "https://www.openstreetmap.org/edit?editor=id&way=888894385#map=20/59.929673/10.7918072"}}, {"type": "Feature", "geometry": {"type": "Point", "coordinates": [10.792001, 59.9297209]}, "properties": {"id": 888894386, "feat_type": "way", "quality_categories": "improper_geometries", "issue_ids": "[1]", "osm_url": "https://www.openstreetmap.org/way/888894386", "josm_url": "http://127.0.0.1:8111/load_object?new_layer=false&objects=w888894386", "id_url": "https://www.openstreetmap.org/edit?editor=id&way=888894386#map=20/59.9297209/10.792001"}}, {"type": "Feature", "geometry": {"type": "Point", "coordinates": [10.792902, 59.9305352]}, "properties": {"id": 888894392, "feat_type": "way", "quality_categories": "improper_geometries", "issue_ids": "[1]", "osm_url": "https://www.openstreetmap.org/way/888894392", "josm_url": "http://127.0.0.1:8111/load_object?new_layer=false&objects=w888894392", "id_url": "https://www.openstreetmap.org/edit?editor=id&way=888894392#map=20/59.9305352/10.792902"}}, {"type": "Feature", "geometry": {"type": "Point", "coordinates": [10.7928187, 59.9304607]}, "properties": {"id": 888894393, "feat_type": "way", "quality_categories": "improper_geometries", "issue_ids": "[1]", "osm_url": "https://www.openstreetmap.org/way/888894393", "josm_url": "http://127.0.0.1:8111/load_object?new_layer=false&objects=w888894393", "id_url": "https://www.openstreetmap.org/edit?editor=id&way=888894393#map=20/59.9304607/10.7928187"}}, {"type": "Feature", "geometry": {"type": "Point", "coordinates": [10.7928659, 59.9306228]}, "properties": {"id": 888894394, "feat_type": "way", "quality_categories": "improper_geometries", "issue_ids": "[1]", "osm_url": "https://www.openstreetmap.org/way/888894394", "josm_url": "http://127.0.0.1:8111/load_object?new_layer=false&objects=w888894394", "id_url": "https://www.openstreetmap.org/edit?editor=id&way=888894394#map=20/59.9306228/10.7928659"}}, {"type": "Feature", "geometry": {"type": "Point", "coordinates": [10.7927618, 59.9306504]}, "properties": {"id": 888894395, "feat_type": "way", "quality_categories": "improper_geometries", "issue_ids": "[1]", "osm_url": "https://www.openstreetmap.org/way/888894395", "josm_url": "http://127.0.0.1:8111/load_object?new_layer=false&objects=w888894395", "id_url": "https://www.openstreetmap.org/edit?editor=id&way=888894395#map=20/59.9306504/10.7927618"}}, {"type": "Feature", "geometry": {"type": "Point", "coordinates": [10.7925692, 59.9306285]}, "properties": {"id": 888894396, "feat_type": "way", "quality_categories": "improper_geometries", "issue_ids": "[1]", "osm_url": "https://www.openstreetmap.org/way/888894396", "josm_url": "http://127.0.0.1:8111/load_object?new_layer=false&objects=w888894396", "id_url": "https://www.openstreetmap.org/edit?editor=id&way=888894396#map=20/59.9306285/10.7925692"}}, {"type": "Feature", "geometry": {"type": "Point", "coordinates": [10.7925082, 59.9305476]}, "properties": {"id": 888894397, "feat_type": "way", "quality_categories": "improper_geometries", "issue_ids": "[1]", "osm_url": "https://www.openstreetmap.org/way/888894397", "josm_url": "http://127.0.0.1:8111/load_object?new_layer=false&objects=w888894397", "id_url": "https://www.openstreetmap.org/edit?editor=id&way=888894397#map=20/59.9305476/10.7925082"}}, {"type": "Feature", "geometry": {"type": "Point", "coordinates": [10.7955988, 59.929803]}, "properties": {"id": 888894399, "feat_type": "way", "quality_categories": "improper_geometries", "issue_ids": "[1]", "osm_url": "https://www.openstreetmap.org/way/888894399", "josm_url": "http://127.0.0.1:8111/load_object?new_layer=false&objects=w888894399", "id_url": "https://www.openstreetmap.org/edit?editor=id&way=888894399#map=20/59.929803/10.7955988"}}, {"type": "Feature", "geometry": {"type": "Point", "coordinates": [10.7954869, 59.9297966]}, "properties": {"id": 888894400, "feat_type": "way", "quality_categories": "improper_geometries", "issue_ids": "[1]", "osm_url": "https://www.openstreetmap.org/way/888894400", "josm_url": "http://127.0.0.1:8111/load_object?new_layer=false&objects=w888894400", "id_url": "https://www.openstreetmap.org/edit?editor=id&way=888894400#map=20/59.9297966/10.7954869"}}, {"type": "Feature", "geometry": {"type": "Point", "coordinates": [10.7954078, 59.9297191]}, "properties": {"id": 888894401, "feat_type": "way", "quality_categories": "improper_geometries", "issue_ids": "[1]", "osm_url": "https://www.openstreetmap.org/way/888894401", "josm_url": "http://127.0.0.1:8111/load_object?new_layer=false&objects=w888894401", "id_url": "https://www.openstreetmap.org/edit?editor=id&way=888894401#map=20/59.9297191/10.7954078"}}, {"type": "Feature", "geometry": {"type": "Point", "coordinates": [10.7957055, 59.9297736]}, "properties": {"id": 888894403, "feat_type": "way", "quality_categories": "improper_geometries", "issue_ids": "[1]", "osm_url": "https://www.openstreetmap.org/way/888894403", "josm_url": "http://127.0.0.1:8111/load_object?new_layer=false&objects=w888894403", "id_url": "https://www.openstreetmap.org/edit?editor=id&way=888894403#map=20/59.9297736/10.7957055"}}, {"type": "Feature", "geometry": {"type": "Point", "coordinates": [10.7919757, 59.9348649]}, "properties": {"id": 892436159, "feat_type": "way", "quality_categories": "improper_geometries", "issue_ids": "[1]", "osm_url": "https://www.openstreetmap.org/way/892436159", "josm_url": "http://127.0.0.1:8111/load_object?new_layer=false&objects=w892436159", "id_url": "https://www.openstreetmap.org/edit?editor=id&way=892436159#map=20/59.9348649/10.7919757"}}, {"type": "Feature", "geometry": {"type": "Point", "coordinates": [10.7934166, 59.934336]}, "properties": {"id": 892436160, "feat_type": "way", "quality_categories": "improper_geometries", "issue_ids": "[1]", "osm_url": "https://www.openstreetmap.org/way/892436160", "josm_url": "http://127.0.0.1:8111/load_object?new_layer=false&objects=w892436160", "id_url": "https://www.openstreetmap.org/edit?editor=id&way=892436160#map=20/59.934336/10.7934166"}}, {"type": "Feature", "geometry": {"type": "Point", "coordinates": [10.7955826, 59.9336406]}, "properties": {"id": 892436161, "feat_type": "way", "quality_categories": "improper_geometries", "issue_ids": "[1]", "osm_url": "https://www.openstreetmap.org/way/892436161", "josm_url": "http://127.0.0.1:8111/load_object?new_layer=false&objects=w892436161", "id_url": "https://www.openstreetmap.org/edit?editor=id&way=892436161#map=20/59.9336406/10.7955826"}}, {"type": "Feature", "geometry": {"type": "Point", "coordinates": [10.7962606, 59.933423]}, "properties": {"id": 892436162, "feat_type": "way", "quality_categories": "improper_geometries", "issue_ids": "[1]", "osm_url": "https://www.openstreetmap.org/way/892436162", "josm_url": "http://127.0.0.1:8111/load_object?new_layer=false&objects=w892436162", "id_url": "https://www.openstreetmap.org/edit?editor=id&way=892436162#map=20/59.933423/10.7962606"}}, {"type": "Feature", "geometry": {"type": "Point", "coordinates": [10.7970401, 59.9331771]}, "properties": {"id": 892436164, "feat_type": "way", "quality_categories": "improper_geometries", "issue_ids": "[1]", "osm_url": "https://www.openstreetmap.org/way/892436164", "josm_url": "http://127.0.0.1:8111/load_object?new_layer=false&objects=w892436164", "id_url": "https://www.openstreetmap.org/edit?editor=id&way=892436164#map=20/59.9331771/10.7970401"}}, {"type": "Feature", "geometry": {"type": "Point", "coordinates": [10.797992, 59.9328747]}, "properties": {"id": 892436167, "feat_type": "way", "quality_categories": "improper_geometries", "issue_ids": "[1]", "osm_url": "https://www.openstreetmap.org/way/892436167", "josm_url": "http://127.0.0.1:8111/load_object?new_layer=false&objects=w892436167", "id_url": "https://www.openstreetmap.org/edit?editor=id&way=892436167#map=20/59.9328747/10.797992"}}, {"type": "Feature", "geometry": {"type": "Point", "coordinates": [10.7987153, 59.9326476]}, "properties": {"id": 892436168, "feat_type": "way", "quality_categories": "improper_geometries", "issue_ids": "[1]", "osm_url": "https://www.openstreetmap.org/way/892436168", "josm_url": "http://127.0.0.1:8111/load_object?new_layer=false&objects=w892436168", "id_url": "https://www.openstreetmap.org/edit?editor=id&way=892436168#map=20/59.9326476/10.7987153"}}, {"type": "Feature", "geometry": {"type": "Point", "coordinates": [10.7798022, 59.9072824]}, "properties": {"id": 900623737, "feat_type": "way", "quality_categories": "improper_geometries", "issue_ids": "[1]", "osm_url": "https://www.openstreetmap.org/way/900623737", "josm_url": "http://127.0.0.1:8111/load_object?new_layer=false&objects=w900623737", "id_url": "https://www.openstreetmap.org/edit?editor=id&way=900623737#map=20/59.9072824/10.7798022"}}, {"type": "Feature", "geometry": {"type": "Point", "coordinates": [10.7813891, 59.9075553]}, "properties": {"id": 901041303, "feat_type": "way", "quality_categories": "improper_geometries", "issue_ids": "[1]", "osm_url": "https://www.openstreetmap.org/way/901041303", "josm_url": "http://127.0.0.1:8111/load_object?new_layer=false&objects=w901041303", "id_url": "https://www.openstreetmap.org/edit?editor=id&way=901041303#map=20/59.9075553/10.7813891"}}, {"type": "Feature", "geometry": {"type": "Point", "coordinates": [10.7576323, 59.9167611]}, "properties": {"id": 908079271, "feat_type": "way", "quality_categories": "improper_geometries", "issue_ids": "[1]", "osm_url": "https://www.openstreetmap.org/way/908079271", "josm_url": "http://127.0.0.1:8111/load_object?new_layer=false&objects=w908079271", "id_url": "https://www.openstreetmap.org/edit?editor=id&way=908079271#map=20/59.9167611/10.7576323"}}, {"type": "Feature", "geometry": {"type": "Point", "coordinates": [10.7582212, 59.9172857]}, "properties": {"id": 908079274, "feat_type": "way", "quality_categories": "improper_geometries", "issue_ids": "[1]", "osm_url": "https://www.openstreetmap.org/way/908079274", "josm_url": "http://127.0.0.1:8111/load_object?new_layer=false&objects=w908079274", "id_url": "https://www.openstreetmap.org/edit?editor=id&way=908079274#map=20/59.9172857/10.7582212"}}, {"type": "Feature", "geometry": {"type": "Point", "coordinates": [10.7585746, 59.9176021]}, "properties": {"id": 908079278, "feat_type": "way", "quality_categories": "improper_geometries", "issue_ids": "[1]", "osm_url": "https://www.openstreetmap.org/way/908079278", "josm_url": "http://127.0.0.1:8111/load_object?new_layer=false&objects=w908079278", "id_url": "https://www.openstreetmap.org/edit?editor=id&way=908079278#map=20/59.9176021/10.7585746"}}, {"type": "Feature", "geometry": {"type": "Point", "coordinates": [10.7582772, 59.9172669]}, "properties": {"id": 908463031, "feat_type": "way", "quality_categories": "improper_geometries", "issue_ids": "[1]", "osm_url": "https://www.openstreetmap.org/way/908463031", "josm_url": "http://127.0.0.1:8111/load_object?new_layer=false&objects=w908463031", "id_url": "https://www.openstreetmap.org/edit?editor=id&way=908463031#map=20/59.9172669/10.7582772"}}, {"type": "Feature", "geometry": {"type": "Point", "coordinates": [10.7187395, 59.9341194]}, "properties": {"id": 912976607, "feat_type": "way", "quality_categories": "improper_geometries", "issue_ids": "[1]", "osm_url": "https://www.openstreetmap.org/way/912976607", "josm_url": "http://127.0.0.1:8111/load_object?new_layer=false&objects=w912976607", "id_url": "https://www.openstreetmap.org/edit?editor=id&way=912976607#map=20/59.9341194/10.7187395"}}, {"type": "Feature", "geometry": {"type": "Point", "coordinates": [10.7951108, 59.866031]}, "properties": {"id": 913568925, "feat_type": "way", "quality_categories": "improper_geometries", "issue_ids": "[1]", "osm_url": "https://www.openstreetmap.org/way/913568925", "josm_url": "http://127.0.0.1:8111/load_object?new_layer=false&objects=w913568925", "id_url": "https://www.openstreetmap.org/edit?editor=id&way=913568925#map=20/59.866031/10.7951108"}}, {"type": "Feature", "geometry": {"type": "Point", "coordinates": [10.7498895, 59.9132842]}, "properties": {"id": 938568675, "feat_type": "way", "quality_categories": "improper_geometries", "issue_ids": "[1]", "osm_url": "https://www.openstreetmap.org/way/938568675", "josm_url": "http://127.0.0.1:8111/load_object?new_layer=false&objects=w938568675", "id_url": "https://www.openstreetmap.org/edit?editor=id&way=938568675#map=20/59.9132842/10.7498895"}}, {"type": "Feature", "geometry": {"type": "Point", "coordinates": [10.7500136, 59.9132616]}, "properties": {"id": 938568676, "feat_type": "way", "quality_categories": "improper_geometries", "issue_ids": "[1]", "osm_url": "https://www.openstreetmap.org/way/938568676", "josm_url": "http://127.0.0.1:8111/load_object?new_layer=false&objects=w938568676", "id_url": "https://www.openstreetmap.org/edit?editor=id&way=938568676#map=20/59.9132616/10.7500136"}}, {"type": "Feature", "geometry": {"type": "Point", "coordinates": [10.7528048, 59.9144046]}, "properties": {"id": 938568677, "feat_type": "way", "quality_categories": "improper_geometries", "issue_ids": "[1]", "osm_url": "https://www.openstreetmap.org/way/938568677", "josm_url": "http://127.0.0.1:8111/load_object?new_layer=false&objects=w938568677", "id_url": "https://www.openstreetmap.org/edit?editor=id&way=938568677#map=20/59.9144046/10.7528048"}}, {"type": "Feature", "geometry": {"type": "Point", "coordinates": [10.7528677, 59.9143549]}, "properties": {"id": 938568678, "feat_type": "way", "quality_categories": "improper_geometries", "issue_ids": "[1]", "osm_url": "https://www.openstreetmap.org/way/938568678", "josm_url": "http://127.0.0.1:8111/load_object?new_layer=false&objects=w938568678", "id_url": "https://www.openstreetmap.org/edit?editor=id&way=938568678#map=20/59.9143549/10.7528677"}}, {"type": "Feature", "geometry": {"type": "Point", "coordinates": [10.7527385, 59.914311]}, "properties": {"id": 938568679, "feat_type": "way", "quality_categories": "improper_geometries", "issue_ids": "[1]", "osm_url": "https://www.openstreetmap.org/way/938568679", "josm_url": "http://127.0.0.1:8111/load_object?new_layer=false&objects=w938568679", "id_url": "https://www.openstreetmap.org/edit?editor=id&way=938568679#map=20/59.914311/10.7527385"}}, {"type": "Feature", "geometry": {"type": "Point", "coordinates": [10.7525363, 59.9142181]}, "properties": {"id": 938568688, "feat_type": "way", "quality_categories": "improper_geometries", "issue_ids": "[1]", "osm_url": "https://www.openstreetmap.org/way/938568688", "josm_url": "http://127.0.0.1:8111/load_object?new_layer=false&objects=w938568688", "id_url": "https://www.openstreetmap.org/edit?editor=id&way=938568688#map=20/59.9142181/10.7525363"}}, {"type": "Feature", "geometry": {"type": "Point", "coordinates": [10.7525376, 59.9141943]}, "properties": {"id": 938568689, "feat_type": "way", "quality_categories": "improper_geometries", "issue_ids": "[1]", "osm_url": "https://www.openstreetmap.org/way/938568689", "josm_url": "http://127.0.0.1:8111/load_object?new_layer=false&objects=w938568689", "id_url": "https://www.openstreetmap.org/edit?editor=id&way=938568689#map=20/59.9141943/10.7525376"}}, {"type": "Feature", "geometry": {"type": "Point", "coordinates": [10.7524053, 59.9142]}, "properties": {"id": 938568690, "feat_type": "way", "quality_categories": "improper_geometries", "issue_ids": "[1]", "osm_url": "https://www.openstreetmap.org/way/938568690", "josm_url": "http://127.0.0.1:8111/load_object?new_layer=false&objects=w938568690", "id_url": "https://www.openstreetmap.org/edit?editor=id&way=938568690#map=20/59.9142/10.7524053"}}, {"type": "Feature", "geometry": {"type": "Point", "coordinates": [10.7524427, 59.9142112]}, "properties": {"id": 938568691, "feat_type": "way", "quality_categories": "improper_geometries", "issue_ids": "[1]", "osm_url": "https://www.openstreetmap.org/way/938568691", "josm_url": "http://127.0.0.1:8111/load_object?new_layer=false&objects=w938568691", "id_url": "https://www.openstreetmap.org/edit?editor=id&way=938568691#map=20/59.9142112/10.7524427"}}, {"type": "Feature", "geometry": {"type": "Point", "coordinates": [10.7526571, 59.9141111]}, "properties": {"id": 938568692, "feat_type": "way", "quality_categories": "improper_geometries", "issue_ids": "[1]", "osm_url": "https://www.openstreetmap.org/way/938568692", "josm_url": "http://127.0.0.1:8111/load_object?new_layer=false&objects=w938568692", "id_url": "https://www.openstreetmap.org/edit?editor=id&way=938568692#map=20/59.9141111/10.7526571"}}, {"type": "Feature", "geometry": {"type": "Point", "coordinates": [10.7526849, 59.9142361]}, "properties": {"id": 938568693, "feat_type": "way", "quality_categories": "improper_geometries", "issue_ids": "[1]", "osm_url": "https://www.openstreetmap.org/way/938568693", "josm_url": "http://127.0.0.1:8111/load_object?new_layer=false&objects=w938568693", "id_url": "https://www.openstreetmap.org/edit?editor=id&way=938568693#map=20/59.9142361/10.7526849"}}, {"type": "Feature", "geometry": {"type": "Point", "coordinates": [10.7525307, 59.9143857]}, "properties": {"id": 938568694, "feat_type": "way", "quality_categories": "improper_geometries", "issue_ids": "[1]", "osm_url": "https://www.openstreetmap.org/way/938568694", "josm_url": "http://127.0.0.1:8111/load_object?new_layer=false&objects=w938568694", "id_url": "https://www.openstreetmap.org/edit?editor=id&way=938568694#map=20/59.9143857/10.7525307"}}, {"type": "Feature", "geometry": {"type": "Point", "coordinates": [10.752464, 59.9144601]}, "properties": {"id": 938568695, "feat_type": "way", "quality_categories": "improper_geometries", "issue_ids": "[1]", "osm_url": "https://www.openstreetmap.org/way/938568695", "josm_url": "http://127.0.0.1:8111/load_object?new_layer=false&objects=w938568695", "id_url": "https://www.openstreetmap.org/edit?editor=id&way=938568695#map=20/59.9144601/10.752464"}}, {"type": "Feature", "geometry": {"type": "Point", "coordinates": [10.7526768, 59.9144303]}, "properties": {"id": 938568696, "feat_type": "way", "quality_categories": "improper_geometries", "issue_ids": "[1]", "osm_url": "https://www.openstreetmap.org/way/938568696", "josm_url": "http://127.0.0.1:8111/load_object?new_layer=false&objects=w938568696", "id_url": "https://www.openstreetmap.org/edit?editor=id&way=938568696#map=20/59.9144303/10.7526768"}}, {"type": "Feature", "geometry": {"type": "Point", "coordinates": [10.7520687, 59.9140638]}, "properties": {"id": 938568709, "feat_type": "way", "quality_categories": "improper_geometries", "issue_ids": "[1]", "osm_url": "https://www.openstreetmap.org/way/938568709", "josm_url": "http://127.0.0.1:8111/load_object?new_layer=false&objects=w938568709", "id_url": "https://www.openstreetmap.org/edit?editor=id&way=938568709#map=20/59.9140638/10.7520687"}}, {"type": "Feature", "geometry": {"type": "Point", "coordinates": [10.7517584, 59.9139678]}, "properties": {"id": 938568711, "feat_type": "way", "quality_categories": "improper_geometries", "issue_ids": "[1]", "osm_url": "https://www.openstreetmap.org/way/938568711", "josm_url": "http://127.0.0.1:8111/load_object?new_layer=false&objects=w938568711", "id_url": "https://www.openstreetmap.org/edit?editor=id&way=938568711#map=20/59.9139678/10.7517584"}}, {"type": "Feature", "geometry": {"type": "Point", "coordinates": [10.7499314, 59.9132766]}, "properties": {"id": 938568716, "feat_type": "way", "quality_categories": "improper_geometries", "issue_ids": "[1]", "osm_url": "https://www.openstreetmap.org/way/938568716", "josm_url": "http://127.0.0.1:8111/load_object?new_layer=false&objects=w938568716", "id_url": "https://www.openstreetmap.org/edit?editor=id&way=938568716#map=20/59.9132766/10.7499314"}}, {"type": "Feature", "geometry": {"type": "Point", "coordinates": [10.7499529, 59.9133512]}, "properties": {"id": 938568724, "feat_type": "way", "quality_categories": "improper_geometries", "issue_ids": "[1]", "osm_url": "https://www.openstreetmap.org/way/938568724", "josm_url": "http://127.0.0.1:8111/load_object?new_layer=false&objects=w938568724", "id_url": "https://www.openstreetmap.org/edit?editor=id&way=938568724#map=20/59.9133512/10.7499529"}}, {"type": "Feature", "geometry": {"type": "Point", "coordinates": [10.7499992, 59.9133412]}, "properties": {"id": 938568725, "feat_type": "way", "quality_categories": "improper_geometries", "issue_ids": "[1]", "osm_url": "https://www.openstreetmap.org/way/938568725", "josm_url": "http://127.0.0.1:8111/load_object?new_layer=false&objects=w938568725", "id_url": "https://www.openstreetmap.org/edit?editor=id&way=938568725#map=20/59.9133412/10.7499992"}}, {"type": "Feature", "geometry": {"type": "Point", "coordinates": [10.749819, 59.9135211]}, "properties": {"id": 938568729, "feat_type": "way", "quality_categories": "improper_geometries", "issue_ids": "[1]", "osm_url": "https://www.openstreetmap.org/way/938568729", "josm_url": "http://127.0.0.1:8111/load_object?new_layer=false&objects=w938568729", "id_url": "https://www.openstreetmap.org/edit?editor=id&way=938568729#map=20/59.9135211/10.749819"}}, {"type": "Feature", "geometry": {"type": "Point", "coordinates": [10.7932818, 59.8303087]}, "properties": {"id": 939950224, "feat_type": "way", "quality_categories": "improper_geometries", "issue_ids": "[1]", "osm_url": "https://www.openstreetmap.org/way/939950224", "josm_url": "http://127.0.0.1:8111/load_object?new_layer=false&objects=w939950224", "id_url": "https://www.openstreetmap.org/edit?editor=id&way=939950224#map=20/59.8303087/10.7932818"}}, {"type": "Feature", "geometry": {"type": "Point", "coordinates": [10.7877744, 59.8307969]}, "properties": {"id": 939950225, "feat_type": "way", "quality_categories": "improper_geometries", "issue_ids": "[1]", "osm_url": "https://www.openstreetmap.org/way/939950225", "josm_url": "http://127.0.0.1:8111/load_object?new_layer=false&objects=w939950225", "id_url": "https://www.openstreetmap.org/edit?editor=id&way=939950225#map=20/59.8307969/10.7877744"}}, {"type": "Feature", "geometry": {"type": "Point", "coordinates": [10.7894093, 59.8306933]}, "properties": {"id": 939950226, "feat_type": "way", "quality_categories": "improper_geometries", "issue_ids": "[1]", "osm_url": "https://www.openstreetmap.org/way/939950226", "josm_url": "http://127.0.0.1:8111/load_object?new_layer=false&objects=w939950226", "id_url": "https://www.openstreetmap.org/edit?editor=id&way=939950226#map=20/59.8306933/10.7894093"}}, {"type": "Feature", "geometry": {"type": "Point", "coordinates": [10.7935998, 59.8302848]}, "properties": {"id": 939950227, "feat_type": "way", "quality_categories": "improper_geometries", "issue_ids": "[1]", "osm_url": "https://www.openstreetmap.org/way/939950227", "josm_url": "http://127.0.0.1:8111/load_object?new_layer=false&objects=w939950227", "id_url": "https://www.openstreetmap.org/edit?editor=id&way=939950227#map=20/59.8302848/10.7935998"}}, {"type": "Feature", "geometry": {"type": "Point", "coordinates": [10.7932761, 59.8302354]}, "properties": {"id": 939950228, "feat_type": "way", "quality_categories": "improper_geometries", "issue_ids": "[1]", "osm_url": "https://www.openstreetmap.org/way/939950228", "josm_url": "http://127.0.0.1:8111/load_object?new_layer=false&objects=w939950228", "id_url": "https://www.openstreetmap.org/edit?editor=id&way=939950228#map=20/59.8302354/10.7932761"}}, {"type": "Feature", "geometry": {"type": "Point", "coordinates": [10.793144, 59.8300483]}, "properties": {"id": 939950229, "feat_type": "way", "quality_categories": "improper_geometries", "issue_ids": "[1]", "osm_url": "https://www.openstreetmap.org/way/939950229", "josm_url": "http://127.0.0.1:8111/load_object?new_layer=false&objects=w939950229", "id_url": "https://www.openstreetmap.org/edit?editor=id&way=939950229#map=20/59.8300483/10.793144"}}, {"type": "Feature", "geometry": {"type": "Point", "coordinates": [10.7870219, 59.833122]}, "properties": {"id": 939950244, "feat_type": "way", "quality_categories": "improper_geometries", "issue_ids": "[1]", "osm_url": "https://www.openstreetmap.org/way/939950244", "josm_url": "http://127.0.0.1:8111/load_object?new_layer=false&objects=w939950244", "id_url": "https://www.openstreetmap.org/edit?editor=id&way=939950244#map=20/59.833122/10.7870219"}}, {"type": "Feature", "geometry": {"type": "Point", "coordinates": [10.7937938, 59.8305596]}, "properties": {"id": 941089834, "feat_type": "way", "quality_categories": "improper_geometries", "issue_ids": "[1]", "osm_url": "https://www.openstreetmap.org/way/941089834", "josm_url": "http://127.0.0.1:8111/load_object?new_layer=false&objects=w941089834", "id_url": "https://www.openstreetmap.org/edit?editor=id&way=941089834#map=20/59.8305596/10.7937938"}}, {"type": "Feature", "geometry": {"type": "Point", "coordinates": [10.7536745, 59.9147536]}, "properties": {"id": 956495869, "feat_type": "way", "quality_categories": "improper_geometries", "issue_ids": "[1]", "osm_url": "https://www.openstreetmap.org/way/956495869", "josm_url": "http://127.0.0.1:8111/load_object?new_layer=false&objects=w956495869", "id_url": "https://www.openstreetmap.org/edit?editor=id&way=956495869#map=20/59.9147536/10.7536745"}}, {"type": "Feature", "geometry": {"type": "Point", "coordinates": [10.7536285, 59.9147388]}, "properties": {"id": 956495870, "feat_type": "way", "quality_categories": "improper_geometries", "issue_ids": "[1]", "osm_url": "https://www.openstreetmap.org/way/956495870", "josm_url": "http://127.0.0.1:8111/load_object?new_layer=false&objects=w956495870", "id_url": "https://www.openstreetmap.org/edit?editor=id&way=956495870#map=20/59.9147388/10.7536285"}}, {"type": "Feature", "geometry": {"type": "Point", "coordinates": [10.7533092, 59.9144477]}, "properties": {"id": 956495875, "feat_type": "way", "quality_categories": "improper_geometries", "issue_ids": "[1]", "osm_url": "https://www.openstreetmap.org/way/956495875", "josm_url": "http://127.0.0.1:8111/load_object?new_layer=false&objects=w956495875", "id_url": "https://www.openstreetmap.org/edit?editor=id&way=956495875#map=20/59.9144477/10.7533092"}}, {"type": "Feature", "geometry": {"type": "Point", "coordinates": [10.7533637, 59.9143966]}, "properties": {"id": 956495876, "feat_type": "way", "quality_categories": "improper_geometries", "issue_ids": "[1]", "osm_url": "https://www.openstreetmap.org/way/956495876", "josm_url": "http://127.0.0.1:8111/load_object?new_layer=false&objects=w956495876", "id_url": "https://www.openstreetmap.org/edit?editor=id&way=956495876#map=20/59.9143966/10.7533637"}}, {"type": "Feature", "geometry": {"type": "Point", "coordinates": [10.7534174, 59.9144143]}, "properties": {"id": 956495877, "feat_type": "way", "quality_categories": "improper_geometries", "issue_ids": "[1]", "osm_url": "https://www.openstreetmap.org/way/956495877", "josm_url": "http://127.0.0.1:8111/load_object?new_layer=false&objects=w956495877", "id_url": "https://www.openstreetmap.org/edit?editor=id&way=956495877#map=20/59.9144143/10.7534174"}}, {"type": "Feature", "geometry": {"type": "Point", "coordinates": [10.7533585, 59.9145107]}, "properties": {"id": 956495878, "feat_type": "way", "quality_categories": "improper_geometries", "issue_ids": "[1]", "osm_url": "https://www.openstreetmap.org/way/956495878", "josm_url": "http://127.0.0.1:8111/load_object?new_layer=false&objects=w956495878", "id_url": "https://www.openstreetmap.org/edit?editor=id&way=956495878#map=20/59.9145107/10.7533585"}}, {"type": "Feature", "geometry": {"type": "Point", "coordinates": [10.7534255, 59.9145003]}, "properties": {"id": 956495879, "feat_type": "way", "quality_categories": "improper_geometries", "issue_ids": "[1]", "osm_url": "https://www.openstreetmap.org/way/956495879", "josm_url": "http://127.0.0.1:8111/load_object?new_layer=false&objects=w956495879", "id_url": "https://www.openstreetmap.org/edit?editor=id&way=956495879#map=20/59.9145003/10.7534255"}}, {"type": "Feature", "geometry": {"type": "Point", "coordinates": [10.7152953, 59.9177275]}, "properties": {"id": 957684776, "feat_type": "way", "quality_categories": "improper_geometries", "issue_ids": "[1]", "osm_url": "https://www.openstreetmap.org/way/957684776", "josm_url": "http://127.0.0.1:8111/load_object?new_layer=false&objects=w957684776", "id_url": "https://www.openstreetmap.org/edit?editor=id&way=957684776#map=20/59.9177275/10.7152953"}}, {"type": "Feature", "geometry": {"type": "Point", "coordinates": [10.7499652, 59.9347211]}, "properties": {"id": 963759437, "feat_type": "way", "quality_categories": "improper_geometries", "issue_ids": "[1]", "osm_url": "https://www.openstreetmap.org/way/963759437", "josm_url": "http://127.0.0.1:8111/load_object?new_layer=false&objects=w963759437", "id_url": "https://www.openstreetmap.org/edit?editor=id&way=963759437#map=20/59.9347211/10.7499652"}}, {"type": "Feature", "geometry": {"type": "Point", "coordinates": [10.7499524, 59.934767]}, "properties": {"id": 963759438, "feat_type": "way", "quality_categories": "improper_geometries", "issue_ids": "[1]", "osm_url": "https://www.openstreetmap.org/way/963759438", "josm_url": "http://127.0.0.1:8111/load_object?new_layer=false&objects=w963759438", "id_url": "https://www.openstreetmap.org/edit?editor=id&way=963759438#map=20/59.934767/10.7499524"}}, {"type": "Feature", "geometry": {"type": "Point", "coordinates": [10.751564886533284, 59.912155999999996]}, "properties": {"id": 971139538, "feat_type": "way", "quality_categories": "improper_geometries", "issue_ids": "[1]", "osm_url": "https://www.openstreetmap.org/way/971139538", "josm_url": "http://127.0.0.1:8111/load_object?new_layer=false&objects=w971139538", "id_url": "https://www.openstreetmap.org/edit?editor=id&way=971139538#map=20/59.912155999999996/10.751564886533284"}}, {"type": "Feature", "geometry": {"type": "Point", "coordinates": [10.751584238789153, 59.912234600000005]}, "properties": {"id": 971139539, "feat_type": "way", "quality_categories": "improper_geometries", "issue_ids": "[1]", "osm_url": "https://www.openstreetmap.org/way/971139539", "josm_url": "http://127.0.0.1:8111/load_object?new_layer=false&objects=w971139539", "id_url": "https://www.openstreetmap.org/edit?editor=id&way=971139539#map=20/59.912234600000005/10.751584238789153"}}, {"type": "Feature", "geometry": {"type": "Point", "coordinates": [10.8134831, 59.924547]}, "properties": {"id": 978920651, "feat_type": "way", "quality_categories": "improper_geometries", "issue_ids": "[1]", "osm_url": "https://www.openstreetmap.org/way/978920651", "josm_url": "http://127.0.0.1:8111/load_object?new_layer=false&objects=w978920651", "id_url": "https://www.openstreetmap.org/edit?editor=id&way=978920651#map=20/59.924547/10.8134831"}}, {"type": "Feature", "geometry": {"type": "Point", "coordinates": [10.8135054, 59.9242434]}, "properties": {"id": 978920653, "feat_type": "way", "quality_categories": "improper_geometries", "issue_ids": "[1]", "osm_url": "https://www.openstreetmap.org/way/978920653", "josm_url": "http://127.0.0.1:8111/load_object?new_layer=false&objects=w978920653", "id_url": "https://www.openstreetmap.org/edit?editor=id&way=978920653#map=20/59.9242434/10.8135054"}}, {"type": "Feature", "geometry": {"type": "Point", "coordinates": [10.8116367, 59.9257379]}, "properties": {"id": 978920658, "feat_type": "way", "quality_categories": "improper_geometries", "issue_ids": "[1]", "osm_url": "https://www.openstreetmap.org/way/978920658", "josm_url": "http://127.0.0.1:8111/load_object?new_layer=false&objects=w978920658", "id_url": "https://www.openstreetmap.org/edit?editor=id&way=978920658#map=20/59.9257379/10.8116367"}}, {"type": "Feature", "geometry": {"type": "Point", "coordinates": [10.8115211, 59.9258047]}, "properties": {"id": 978920659, "feat_type": "way", "quality_categories": "improper_geometries", "issue_ids": "[1]", "osm_url": "https://www.openstreetmap.org/way/978920659", "josm_url": "http://127.0.0.1:8111/load_object?new_layer=false&objects=w978920659", "id_url": "https://www.openstreetmap.org/edit?editor=id&way=978920659#map=20/59.9258047/10.8115211"}}, {"type": "Feature", "geometry": {"type": "Point", "coordinates": [10.8115594, 59.9258229]}, "properties": {"id": 978920660, "feat_type": "way", "quality_categories": "improper_geometries", "issue_ids": "[1]", "osm_url": "https://www.openstreetmap.org/way/978920660", "josm_url": "http://127.0.0.1:8111/load_object?new_layer=false&objects=w978920660", "id_url": "https://www.openstreetmap.org/edit?editor=id&way=978920660#map=20/59.9258229/10.8115594"}}, {"type": "Feature", "geometry": {"type": "Point", "coordinates": [10.8118162, 59.925676]}, "properties": {"id": 978920661, "feat_type": "way", "quality_categories": "improper_geometries", "issue_ids": "[1]", "osm_url": "https://www.openstreetmap.org/way/978920661", "josm_url": "http://127.0.0.1:8111/load_object?new_layer=false&objects=w978920661", "id_url": "https://www.openstreetmap.org/edit?editor=id&way=978920661#map=20/59.925676/10.8118162"}}, {"type": "Feature", "geometry": {"type": "Point", "coordinates": [10.8125847, 59.9252029]}, "properties": {"id": 978920662, "feat_type": "way", "quality_categories": "improper_geometries", "issue_ids": "[1]", "osm_url": "https://www.openstreetmap.org/way/978920662", "josm_url": "http://127.0.0.1:8111/load_object?new_layer=false&objects=w978920662", "id_url": "https://www.openstreetmap.org/edit?editor=id&way=978920662#map=20/59.9252029/10.8125847"}}, {"type": "Feature", "geometry": {"type": "Point", "coordinates": [10.8121579, 59.9254399]}, "properties": {"id": 978920663, "feat_type": "way", "quality_categories": "improper_geometries", "issue_ids": "[1]", "osm_url": "https://www.openstreetmap.org/way/978920663", "josm_url": "http://127.0.0.1:8111/load_object?new_layer=false&objects=w978920663", "id_url": "https://www.openstreetmap.org/edit?editor=id&way=978920663#map=20/59.9254399/10.8121579"}}, {"type": "Feature", "geometry": {"type": "Point", "coordinates": [10.8121979, 59.9254578]}, "properties": {"id": 978920664, "feat_type": "way", "quality_categories": "improper_geometries", "issue_ids": "[1]", "osm_url": "https://www.openstreetmap.org/way/978920664", "josm_url": "http://127.0.0.1:8111/load_object?new_layer=false&objects=w978920664", "id_url": "https://www.openstreetmap.org/edit?editor=id&way=978920664#map=20/59.9254578/10.8121979"}}, {"type": "Feature", "geometry": {"type": "Point", "coordinates": [10.8122472, 59.9254296]}, "properties": {"id": 978920665, "feat_type": "way", "quality_categories": "improper_geometries", "issue_ids": "[1]", "osm_url": "https://www.openstreetmap.org/way/978920665", "josm_url": "http://127.0.0.1:8111/load_object?new_layer=false&objects=w978920665", "id_url": "https://www.openstreetmap.org/edit?editor=id&way=978920665#map=20/59.9254296/10.8122472"}}, {"type": "Feature", "geometry": {"type": "Point", "coordinates": [10.8138143, 59.9245]}, "properties": {"id": 978920666, "feat_type": "way", "quality_categories": "improper_geometries", "issue_ids": "[1]", "osm_url": "https://www.openstreetmap.org/way/978920666", "josm_url": "http://127.0.0.1:8111/load_object?new_layer=false&objects=w978920666", "id_url": "https://www.openstreetmap.org/edit?editor=id&way=978920666#map=20/59.9245/10.8138143"}}, {"type": "Feature", "geometry": {"type": "Point", "coordinates": [10.8138469, 59.9245148]}, "properties": {"id": 978920667, "feat_type": "way", "quality_categories": "improper_geometries", "issue_ids": "[1]", "osm_url": "https://www.openstreetmap.org/way/978920667", "josm_url": "http://127.0.0.1:8111/load_object?new_layer=false&objects=w978920667", "id_url": "https://www.openstreetmap.org/edit?editor=id&way=978920667#map=20/59.9245148/10.8138469"}}, {"type": "Feature", "geometry": {"type": "Point", "coordinates": [10.8138949, 59.9244551]}, "properties": {"id": 978920668, "feat_type": "way", "quality_categories": "improper_geometries", "issue_ids": "[1]", "osm_url": "https://www.openstreetmap.org/way/978920668", "josm_url": "http://127.0.0.1:8111/load_object?new_layer=false&objects=w978920668", "id_url": "https://www.openstreetmap.org/edit?editor=id&way=978920668#map=20/59.9244551/10.8138949"}}, {"type": "Feature", "geometry": {"type": "Point", "coordinates": [10.8114193, 59.9258988]}, "properties": {"id": 978920669, "feat_type": "way", "quality_categories": "improper_geometries", "issue_ids": "[1]", "osm_url": "https://www.openstreetmap.org/way/978920669", "josm_url": "http://127.0.0.1:8111/load_object?new_layer=false&objects=w978920669", "id_url": "https://www.openstreetmap.org/edit?editor=id&way=978920669#map=20/59.9258988/10.8114193"}}, {"type": "Feature", "geometry": {"type": "Point", "coordinates": [10.8137316, 59.9244625]}, "properties": {"id": 978920672, "feat_type": "way", "quality_categories": "improper_geometries", "issue_ids": "[1]", "osm_url": "https://www.openstreetmap.org/way/978920672", "josm_url": "http://127.0.0.1:8111/load_object?new_layer=false&objects=w978920672", "id_url": "https://www.openstreetmap.org/edit?editor=id&way=978920672#map=20/59.9244625/10.8137316"}}, {"type": "Feature", "geometry": {"type": "Point", "coordinates": [10.8127701, 59.9250115]}, "properties": {"id": 978920673, "feat_type": "way", "quality_categories": "improper_geometries", "issue_ids": "[1]", "osm_url": "https://www.openstreetmap.org/way/978920673", "josm_url": "http://127.0.0.1:8111/load_object?new_layer=false&objects=w978920673", "id_url": "https://www.openstreetmap.org/edit?editor=id&way=978920673#map=20/59.9250115/10.8127701"}}, {"type": "Feature", "geometry": {"type": "Point", "coordinates": [10.8137606, 59.9244755]}, "properties": {"id": 978920674, "feat_type": "way", "quality_categories": "improper_geometries", "issue_ids": "[1]", "osm_url": "https://www.openstreetmap.org/way/978920674", "josm_url": "http://127.0.0.1:8111/load_object?new_layer=false&objects=w978920674", "id_url": "https://www.openstreetmap.org/edit?editor=id&way=978920674#map=20/59.9244755/10.8137606"}}, {"type": "Feature", "geometry": {"type": "Point", "coordinates": [10.8138117, 59.9244184]}, "properties": {"id": 978920675, "feat_type": "way", "quality_categories": "improper_geometries", "issue_ids": "[1]", "osm_url": "https://www.openstreetmap.org/way/978920675", "josm_url": "http://127.0.0.1:8111/load_object?new_layer=false&objects=w978920675", "id_url": "https://www.openstreetmap.org/edit?editor=id&way=978920675#map=20/59.9244184/10.8138117"}}, {"type": "Feature", "geometry": {"type": "Point", "coordinates": [10.8120712, 59.9254011]}, "properties": {"id": 978920680, "feat_type": "way", "quality_categories": "improper_geometries", "issue_ids": "[1]", "osm_url": "https://www.openstreetmap.org/way/978920680", "josm_url": "http://127.0.0.1:8111/load_object?new_layer=false&objects=w978920680", "id_url": "https://www.openstreetmap.org/edit?editor=id&way=978920680#map=20/59.9254011/10.8120712"}}, {"type": "Feature", "geometry": {"type": "Point", "coordinates": [10.811974, 59.9254573]}, "properties": {"id": 978920681, "feat_type": "way", "quality_categories": "improper_geometries", "issue_ids": "[1]", "osm_url": "https://www.openstreetmap.org/way/978920681", "josm_url": "http://127.0.0.1:8111/load_object?new_layer=false&objects=w978920681", "id_url": "https://www.openstreetmap.org/edit?editor=id&way=978920681#map=20/59.9254573/10.811974"}}, {"type": "Feature", "geometry": {"type": "Point", "coordinates": [10.8120326, 59.9253838]}, "properties": {"id": 978920682, "feat_type": "way", "quality_categories": "improper_geometries", "issue_ids": "[1]", "osm_url": "https://www.openstreetmap.org/way/978920682", "josm_url": "http://127.0.0.1:8111/load_object?new_layer=false&objects=w978920682", "id_url": "https://www.openstreetmap.org/edit?editor=id&way=978920682#map=20/59.9253838/10.8120326"}}, {"type": "Feature", "geometry": {"type": "Point", "coordinates": [10.8114354, 59.9257641]}, "properties": {"id": 978920683, "feat_type": "way", "quality_categories": "improper_geometries", "issue_ids": "[1]", "osm_url": "https://www.openstreetmap.org/way/978920683", "josm_url": "http://127.0.0.1:8111/load_object?new_layer=false&objects=w978920683", "id_url": "https://www.openstreetmap.org/edit?editor=id&way=978920683#map=20/59.9257641/10.8114354"}}, {"type": "Feature", "geometry": {"type": "Point", "coordinates": [10.8113969, 59.9257459]}, "properties": {"id": 978920684, "feat_type": "way", "quality_categories": "improper_geometries", "issue_ids": "[1]", "osm_url": "https://www.openstreetmap.org/way/978920684", "josm_url": "http://127.0.0.1:8111/load_object?new_layer=false&objects=w978920684", "id_url": "https://www.openstreetmap.org/edit?editor=id&way=978920684#map=20/59.9257459/10.8113969"}}, {"type": "Feature", "geometry": {"type": "Point", "coordinates": [10.8119644, 59.9254234]}, "properties": {"id": 978920685, "feat_type": "way", "quality_categories": "improper_geometries", "issue_ids": "[1]", "osm_url": "https://www.openstreetmap.org/way/978920685", "josm_url": "http://127.0.0.1:8111/load_object?new_layer=false&objects=w978920685", "id_url": "https://www.openstreetmap.org/edit?editor=id&way=978920685#map=20/59.9254234/10.8119644"}}, {"type": "Feature", "geometry": {"type": "Point", "coordinates": [10.8123897, 59.9252175]}, "properties": {"id": 978920686, "feat_type": "way", "quality_categories": "improper_geometries", "issue_ids": "[1]", "osm_url": "https://www.openstreetmap.org/way/978920686", "josm_url": "http://127.0.0.1:8111/load_object?new_layer=false&objects=w978920686", "id_url": "https://www.openstreetmap.org/edit?editor=id&way=978920686#map=20/59.9252175/10.8123897"}}, {"type": "Feature", "geometry": {"type": "Point", "coordinates": [10.8111604, 59.9259228]}, "properties": {"id": 978920687, "feat_type": "way", "quality_categories": "improper_geometries", "issue_ids": "[1]", "osm_url": "https://www.openstreetmap.org/way/978920687", "josm_url": "http://127.0.0.1:8111/load_object?new_layer=false&objects=w978920687", "id_url": "https://www.openstreetmap.org/edit?editor=id&way=978920687#map=20/59.9259228/10.8111604"}}, {"type": "Feature", "geometry": {"type": "Point", "coordinates": [10.7192207, 59.9191027]}, "properties": {"id": 987231961, "feat_type": "way", "quality_categories": "improper_geometries", "issue_ids": "[1]", "osm_url": "https://www.openstreetmap.org/way/987231961", "josm_url": "http://127.0.0.1:8111/load_object?new_layer=false&objects=w987231961", "id_url": "https://www.openstreetmap.org/edit?editor=id&way=987231961#map=20/59.9191027/10.7192207"}}, {"type": "Feature", "geometry": {"type": "Point", "coordinates": [10.751129, 59.9137884]}, "properties": {"id": 995339286, "feat_type": "way", "quality_categories": "improper_geometries", "issue_ids": "[1]", "osm_url": "https://www.openstreetmap.org/way/995339286", "josm_url": "http://127.0.0.1:8111/load_object?new_layer=false&objects=w995339286", "id_url": "https://www.openstreetmap.org/edit?editor=id&way=995339286#map=20/59.9137884/10.751129"}}, {"type": "Feature", "geometry": {"type": "Point", "coordinates": [10.7508255, 59.9136906]}, "properties": {"id": 995339287, "feat_type": "way", "quality_categories": "improper_geometries", "issue_ids": "[1]", "osm_url": "https://www.openstreetmap.org/way/995339287", "josm_url": "http://127.0.0.1:8111/load_object?new_layer=false&objects=w995339287", "id_url": "https://www.openstreetmap.org/edit?editor=id&way=995339287#map=20/59.9136906/10.7508255"}}, {"type": "Feature", "geometry": {"type": "Point", "coordinates": [10.7406722, 59.9113234]}, "properties": {"id": 995344353, "feat_type": "way", "quality_categories": "improper_geometries", "issue_ids": "[1]", "osm_url": "https://www.openstreetmap.org/way/995344353", "josm_url": "http://127.0.0.1:8111/load_object?new_layer=false&objects=w995344353", "id_url": "https://www.openstreetmap.org/edit?editor=id&way=995344353#map=20/59.9113234/10.7406722"}}, {"type": "Feature", "geometry": {"type": "Point", "coordinates": [10.7405978, 59.9112499]}, "properties": {"id": 995344355, "feat_type": "way", "quality_categories": "improper_geometries", "issue_ids": "[1]", "osm_url": "https://www.openstreetmap.org/way/995344355", "josm_url": "http://127.0.0.1:8111/load_object?new_layer=false&objects=w995344355", "id_url": "https://www.openstreetmap.org/edit?editor=id&way=995344355#map=20/59.9112499/10.7405978"}}, {"type": "Feature", "geometry": {"type": "Point", "coordinates": [10.7454806, 59.9121198]}, "properties": {"id": 995422774, "feat_type": "way", "quality_categories": "improper_geometries", "issue_ids": "[1]", "osm_url": "https://www.openstreetmap.org/way/995422774", "josm_url": "http://127.0.0.1:8111/load_object?new_layer=false&objects=w995422774", "id_url": "https://www.openstreetmap.org/edit?editor=id&way=995422774#map=20/59.9121198/10.7454806"}}, {"type": "Feature", "geometry": {"type": "Point", "coordinates": [10.7446078, 59.9112118]}, "properties": {"id": 995422775, "feat_type": "way", "quality_categories": "improper_geometries", "issue_ids": "[1]", "osm_url": "https://www.openstreetmap.org/way/995422775", "josm_url": "http://127.0.0.1:8111/load_object?new_layer=false&objects=w995422775", "id_url": "https://www.openstreetmap.org/edit?editor=id&way=995422775#map=20/59.9112118/10.7446078"}}, {"type": "Feature", "geometry": {"type": "Point", "coordinates": [10.7455804, 59.9120979]}, "properties": {"id": 995422776, "feat_type": "way", "quality_categories": "improper_geometries", "issue_ids": "[1]", "osm_url": "https://www.openstreetmap.org/way/995422776", "josm_url": "http://127.0.0.1:8111/load_object?new_layer=false&objects=w995422776", "id_url": "https://www.openstreetmap.org/edit?editor=id&way=995422776#map=20/59.9120979/10.7455804"}}, {"type": "Feature", "geometry": {"type": "Point", "coordinates": [10.770465825280667, 59.9377292]}, "properties": {"id": 996136519, "feat_type": "way", "quality_categories": "improper_geometries", "issue_ids": "[1]", "osm_url": "https://www.openstreetmap.org/way/996136519", "josm_url": "http://127.0.0.1:8111/load_object?new_layer=false&objects=w996136519", "id_url": "https://www.openstreetmap.org/edit?editor=id&way=996136519#map=20/59.9377292/10.770465825280667"}}, {"type": "Feature", "geometry": {"type": "Point", "coordinates": [10.770807950609772, 59.93780485]}, "properties": {"id": 996136520, "feat_type": "way", "quality_categories": "improper_geometries", "issue_ids": "[1]", "osm_url": "https://www.openstreetmap.org/way/996136520", "josm_url": "http://127.0.0.1:8111/load_object?new_layer=false&objects=w996136520", "id_url": "https://www.openstreetmap.org/edit?editor=id&way=996136520#map=20/59.93780485/10.770807950609772"}}, {"type": "Feature", "geometry": {"type": "Point", "coordinates": [10.7504198, 59.9134985]}, "properties": {"id": 996675116, "feat_type": "way", "quality_categories": "improper_geometries", "issue_ids": "[1]", "osm_url": "https://www.openstreetmap.org/way/996675116", "josm_url": "http://127.0.0.1:8111/load_object?new_layer=false&objects=w996675116", "id_url": "https://www.openstreetmap.org/edit?editor=id&way=996675116#map=20/59.9134985/10.7504198"}}, {"type": "Feature", "geometry": {"type": "Point", "coordinates": [10.750476, 59.9135859]}, "properties": {"id": 996675117, "feat_type": "way", "quality_categories": "improper_geometries", "issue_ids": "[1]", "osm_url": "https://www.openstreetmap.org/way/996675117", "josm_url": "http://127.0.0.1:8111/load_object?new_layer=false&objects=w996675117", "id_url": "https://www.openstreetmap.org/edit?editor=id&way=996675117#map=20/59.9135859/10.750476"}}, {"type": "Feature", "geometry": {"type": "Point", "coordinates": [10.7506401, 59.9137497]}, "properties": {"id": 996675118, "feat_type": "way", "quality_categories": "improper_geometries", "issue_ids": "[1]", "osm_url": "https://www.openstreetmap.org/way/996675118", "josm_url": "http://127.0.0.1:8111/load_object?new_layer=false&objects=w996675118", "id_url": "https://www.openstreetmap.org/edit?editor=id&way=996675118#map=20/59.9137497/10.7506401"}}, {"type": "Feature", "geometry": {"type": "Point", "coordinates": [10.7503471, 59.9136602]}, "properties": {"id": 996675119, "feat_type": "way", "quality_categories": "improper_geometries", "issue_ids": "[1]", "osm_url": "https://www.openstreetmap.org/way/996675119", "josm_url": "http://127.0.0.1:8111/load_object?new_layer=false&objects=w996675119", "id_url": "https://www.openstreetmap.org/edit?editor=id&way=996675119#map=20/59.9136602/10.7503471"}}, {"type": "Feature", "geometry": {"type": "Point", "coordinates": [10.7505093, 59.9133369]}, "properties": {"id": 996675120, "feat_type": "way", "quality_categories": "improper_geometries", "issue_ids": "[1]", "osm_url": "https://www.openstreetmap.org/way/996675120", "josm_url": "http://127.0.0.1:8111/load_object?new_layer=false&objects=w996675120", "id_url": "https://www.openstreetmap.org/edit?editor=id&way=996675120#map=20/59.9133369/10.7505093"}}, {"type": "Feature", "geometry": {"type": "Point", "coordinates": [10.7504433, 59.9134094]}, "properties": {"id": 996675121, "feat_type": "way", "quality_categories": "improper_geometries", "issue_ids": "[1]", "osm_url": "https://www.openstreetmap.org/way/996675121", "josm_url": "http://127.0.0.1:8111/load_object?new_layer=false&objects=w996675121", "id_url": "https://www.openstreetmap.org/edit?editor=id&way=996675121#map=20/59.9134094/10.7504433"}}, {"type": "Feature", "geometry": {"type": "Point", "coordinates": [10.750321, 59.9133598]}, "properties": {"id": 996675122, "feat_type": "way", "quality_categories": "improper_geometries", "issue_ids": "[1]", "osm_url": "https://www.openstreetmap.org/way/996675122", "josm_url": "http://127.0.0.1:8111/load_object?new_layer=false&objects=w996675122", "id_url": "https://www.openstreetmap.org/edit?editor=id&way=996675122#map=20/59.9133598/10.750321"}}, {"type": "Feature", "geometry": {"type": "Point", "coordinates": [10.7500695, 59.9134319]}, "properties": {"id": 996675123, "feat_type": "way", "quality_categories": "improper_geometries", "issue_ids": "[1]", "osm_url": "https://www.openstreetmap.org/way/996675123", "josm_url": "http://127.0.0.1:8111/load_object?new_layer=false&objects=w996675123", "id_url": "https://www.openstreetmap.org/edit?editor=id&way=996675123#map=20/59.9134319/10.7500695"}}, {"type": "Feature", "geometry": {"type": "Point", "coordinates": [10.7498327, 59.9134067]}, "properties": {"id": 996675124, "feat_type": "way", "quality_categories": "improper_geometries", "issue_ids": "[1]", "osm_url": "https://www.openstreetmap.org/way/996675124", "josm_url": "http://127.0.0.1:8111/load_object?new_layer=false&objects=w996675124", "id_url": "https://www.openstreetmap.org/edit?editor=id&way=996675124#map=20/59.9134067/10.7498327"}}, {"type": "Feature", "geometry": {"type": "Point", "coordinates": [10.7497677, 59.9134635]}, "properties": {"id": 996675125, "feat_type": "way", "quality_categories": "improper_geometries", "issue_ids": "[1]", "osm_url": "https://www.openstreetmap.org/way/996675125", "josm_url": "http://127.0.0.1:8111/load_object?new_layer=false&objects=w996675125", "id_url": "https://www.openstreetmap.org/edit?editor=id&way=996675125#map=20/59.9134635/10.7497677"}}, {"type": "Feature", "geometry": {"type": "Point", "coordinates": [10.7491269, 59.9132702]}, "properties": {"id": 996675126, "feat_type": "way", "quality_categories": "improper_geometries", "issue_ids": "[1]", "osm_url": "https://www.openstreetmap.org/way/996675126", "josm_url": "http://127.0.0.1:8111/load_object?new_layer=false&objects=w996675126", "id_url": "https://www.openstreetmap.org/edit?editor=id&way=996675126#map=20/59.9132702/10.7491269"}}, {"type": "Feature", "geometry": {"type": "Point", "coordinates": [10.7523791, 59.9142664]}, "properties": {"id": 996675138, "feat_type": "way", "quality_categories": "improper_geometries", "issue_ids": "[1]", "osm_url": "https://www.openstreetmap.org/way/996675138", "josm_url": "http://127.0.0.1:8111/load_object?new_layer=false&objects=w996675138", "id_url": "https://www.openstreetmap.org/edit?editor=id&way=996675138#map=20/59.9142664/10.7523791"}}, {"type": "Feature", "geometry": {"type": "Point", "coordinates": [10.7521518, 59.9141992]}, "properties": {"id": 996675139, "feat_type": "way", "quality_categories": "improper_geometries", "issue_ids": "[1]", "osm_url": "https://www.openstreetmap.org/way/996675139", "josm_url": "http://127.0.0.1:8111/load_object?new_layer=false&objects=w996675139", "id_url": "https://www.openstreetmap.org/edit?editor=id&way=996675139#map=20/59.9141992/10.7521518"}}, {"type": "Feature", "geometry": {"type": "Point", "coordinates": [10.768464, 59.9053581]}, "properties": {"id": 998013804, "feat_type": "way", "quality_categories": "improper_geometries", "issue_ids": "[1]", "osm_url": "https://www.openstreetmap.org/way/998013804", "josm_url": "http://127.0.0.1:8111/load_object?new_layer=false&objects=w998013804", "id_url": "https://www.openstreetmap.org/edit?editor=id&way=998013804#map=20/59.9053581/10.768464"}}, {"type": "Feature", "geometry": {"type": "Point", "coordinates": [10.7692529, 59.9052682]}, "properties": {"id": 998013805, "feat_type": "way", "quality_categories": "improper_geometries", "issue_ids": "[1]", "osm_url": "https://www.openstreetmap.org/way/998013805", "josm_url": "http://127.0.0.1:8111/load_object?new_layer=false&objects=w998013805", "id_url": "https://www.openstreetmap.org/edit?editor=id&way=998013805#map=20/59.9052682/10.7692529"}}, {"type": "Feature", "geometry": {"type": "Point", "coordinates": [10.7687465, 59.9054926]}, "properties": {"id": 998013806, "feat_type": "way", "quality_categories": "improper_geometries", "issue_ids": "[1]", "osm_url": "https://www.openstreetmap.org/way/998013806", "josm_url": "http://127.0.0.1:8111/load_object?new_layer=false&objects=w998013806", "id_url": "https://www.openstreetmap.org/edit?editor=id&way=998013806#map=20/59.9054926/10.7687465"}}, {"type": "Feature", "geometry": {"type": "Point", "coordinates": [10.7687262, 59.905478]}, "properties": {"id": 998013807, "feat_type": "way", "quality_categories": "improper_geometries", "issue_ids": "[1]", "osm_url": "https://www.openstreetmap.org/way/998013807", "josm_url": "http://127.0.0.1:8111/load_object?new_layer=false&objects=w998013807", "id_url": "https://www.openstreetmap.org/edit?editor=id&way=998013807#map=20/59.905478/10.7687262"}}, {"type": "Feature", "geometry": {"type": "Point", "coordinates": [10.7687644, 59.9054646]}, "properties": {"id": 998013808, "feat_type": "way", "quality_categories": "improper_geometries", "issue_ids": "[1]", "osm_url": "https://www.openstreetmap.org/way/998013808", "josm_url": "http://127.0.0.1:8111/load_object?new_layer=false&objects=w998013808", "id_url": "https://www.openstreetmap.org/edit?editor=id&way=998013808#map=20/59.9054646/10.7687644"}}, {"type": "Feature", "geometry": {"type": "Point", "coordinates": [10.7687039, 59.905507]}, "properties": {"id": 998013809, "feat_type": "way", "quality_categories": "improper_geometries", "issue_ids": "[1]", "osm_url": "https://www.openstreetmap.org/way/998013809", "josm_url": "http://127.0.0.1:8111/load_object?new_layer=false&objects=w998013809", "id_url": "https://www.openstreetmap.org/edit?editor=id&way=998013809#map=20/59.905507/10.7687039"}}, {"type": "Feature", "geometry": {"type": "Point", "coordinates": [10.768457, 59.9056582]}, "properties": {"id": 998013810, "feat_type": "way", "quality_categories": "improper_geometries", "issue_ids": "[1]", "osm_url": "https://www.openstreetmap.org/way/998013810", "josm_url": "http://127.0.0.1:8111/load_object?new_layer=false&objects=w998013810", "id_url": "https://www.openstreetmap.org/edit?editor=id&way=998013810#map=20/59.9056582/10.768457"}}, {"type": "Feature", "geometry": {"type": "Point", "coordinates": [10.7683262, 59.9055735]}, "properties": {"id": 998013821, "feat_type": "way", "quality_categories": "improper_geometries", "issue_ids": "[1]", "osm_url": "https://www.openstreetmap.org/way/998013821", "josm_url": "http://127.0.0.1:8111/load_object?new_layer=false&objects=w998013821", "id_url": "https://www.openstreetmap.org/edit?editor=id&way=998013821#map=20/59.9055735/10.7683262"}}, {"type": "Feature", "geometry": {"type": "Point", "coordinates": [10.786287110045958, 59.90094465]}, "properties": {"id": 1000067209, "feat_type": "way", "quality_categories": "improper_geometries", "issue_ids": "[1]", "osm_url": "https://www.openstreetmap.org/way/1000067209", "josm_url": "http://127.0.0.1:8111/load_object?new_layer=false&objects=w1000067209", "id_url": "https://www.openstreetmap.org/edit?editor=id&way=1000067209#map=20/59.90094465/10.786287110045958"}}, {"type": "Feature", "geometry": {"type": "Point", "coordinates": [10.787394458561625, 59.901304499999995]}, "properties": {"id": 1000067211, "feat_type": "way", "quality_categories": "improper_geometries", "issue_ids": "[1]", "osm_url": "https://www.openstreetmap.org/way/1000067211", "josm_url": "http://127.0.0.1:8111/load_object?new_layer=false&objects=w1000067211", "id_url": "https://www.openstreetmap.org/edit?editor=id&way=1000067211#map=20/59.901304499999995/10.787394458561625"}}, {"type": "Feature", "geometry": {"type": "Point", "coordinates": [10.7501982, 59.9254403]}, "properties": {"id": 1000307769, "feat_type": "way", "quality_categories": "improper_geometries", "issue_ids": "[1]", "osm_url": "https://www.openstreetmap.org/way/1000307769", "josm_url": "http://127.0.0.1:8111/load_object?new_layer=false&objects=w1000307769", "id_url": "https://www.openstreetmap.org/edit?editor=id&way=1000307769#map=20/59.9254403/10.7501982"}}, {"type": "Feature", "geometry": {"type": "Point", "coordinates": [10.7501637, 59.9254383]}, "properties": {"id": 1000307770, "feat_type": "way", "quality_categories": "improper_geometries", "issue_ids": "[1]", "osm_url": "https://www.openstreetmap.org/way/1000307770", "josm_url": "http://127.0.0.1:8111/load_object?new_layer=false&objects=w1000307770", "id_url": "https://www.openstreetmap.org/edit?editor=id&way=1000307770#map=20/59.9254383/10.7501637"}}, {"type": "Feature", "geometry": {"type": "Point", "coordinates": [10.7501864, 59.9253658]}, "properties": {"id": 1000307771, "feat_type": "way", "quality_categories": "improper_geometries", "issue_ids": "[1]", "osm_url": "https://www.openstreetmap.org/way/1000307771", "josm_url": "http://127.0.0.1:8111/load_object?new_layer=false&objects=w1000307771", "id_url": "https://www.openstreetmap.org/edit?editor=id&way=1000307771#map=20/59.9253658/10.7501864"}}, {"type": "Feature", "geometry": {"type": "Point", "coordinates": [10.7501667, 59.9255153]}, "properties": {"id": 1000307772, "feat_type": "way", "quality_categories": "improper_geometries", "issue_ids": "[1]", "osm_url": "https://www.openstreetmap.org/way/1000307772", "josm_url": "http://127.0.0.1:8111/load_object?new_layer=false&objects=w1000307772", "id_url": "https://www.openstreetmap.org/edit?editor=id&way=1000307772#map=20/59.9255153/10.7501667"}}, {"type": "Feature", "geometry": {"type": "Point", "coordinates": [10.7502633, 59.9254441]}, "properties": {"id": 1000307775, "feat_type": "way", "quality_categories": "improper_geometries", "issue_ids": "[1]", "osm_url": "https://www.openstreetmap.org/way/1000307775", "josm_url": "http://127.0.0.1:8111/load_object?new_layer=false&objects=w1000307775", "id_url": "https://www.openstreetmap.org/edit?editor=id&way=1000307775#map=20/59.9254441/10.7502633"}}, {"type": "Feature", "geometry": {"type": "Point", "coordinates": [10.7503141, 59.9254471]}, "properties": {"id": 1000307776, "feat_type": "way", "quality_categories": "improper_geometries", "issue_ids": "[1]", "osm_url": "https://www.openstreetmap.org/way/1000307776", "josm_url": "http://127.0.0.1:8111/load_object?new_layer=false&objects=w1000307776", "id_url": "https://www.openstreetmap.org/edit?editor=id&way=1000307776#map=20/59.9254471/10.7503141"}}, {"type": "Feature", "geometry": {"type": "Point", "coordinates": [10.750287, 59.9255229]}, "properties": {"id": 1000307777, "feat_type": "way", "quality_categories": "improper_geometries", "issue_ids": "[1]", "osm_url": "https://www.openstreetmap.org/way/1000307777", "josm_url": "http://127.0.0.1:8111/load_object?new_layer=false&objects=w1000307777", "id_url": "https://www.openstreetmap.org/edit?editor=id&way=1000307777#map=20/59.9255229/10.750287"}}, {"type": "Feature", "geometry": {"type": "Point", "coordinates": [10.7503206, 59.9253663]}, "properties": {"id": 1000307778, "feat_type": "way", "quality_categories": "improper_geometries", "issue_ids": "[1]", "osm_url": "https://www.openstreetmap.org/way/1000307778", "josm_url": "http://127.0.0.1:8111/load_object?new_layer=false&objects=w1000307778", "id_url": "https://www.openstreetmap.org/edit?editor=id&way=1000307778#map=20/59.9253663/10.7503206"}}, {"type": "Feature", "geometry": {"type": "Point", "coordinates": [10.7510229, 59.9121732]}, "properties": {"id": 1001566929, "feat_type": "way", "quality_categories": "improper_geometries", "issue_ids": "[1]", "osm_url": "https://www.openstreetmap.org/way/1001566929", "josm_url": "http://127.0.0.1:8111/load_object?new_layer=false&objects=w1001566929", "id_url": "https://www.openstreetmap.org/edit?editor=id&way=1001566929#map=20/59.9121732/10.7510229"}}, {"type": "Feature", "geometry": {"type": "Point", "coordinates": [10.7510258, 59.9121887]}, "properties": {"id": 1001566930, "feat_type": "way", "quality_categories": "improper_geometries", "issue_ids": "[1]", "osm_url": "https://www.openstreetmap.org/way/1001566930", "josm_url": "http://127.0.0.1:8111/load_object?new_layer=false&objects=w1001566930", "id_url": "https://www.openstreetmap.org/edit?editor=id&way=1001566930#map=20/59.9121887/10.7510258"}}, {"type": "Feature", "geometry": {"type": "Point", "coordinates": [10.750947779700855, 59.9121815]}, "properties": {"id": 1001566931, "feat_type": "way", "quality_categories": "improper_geometries", "issue_ids": "[1]", "osm_url": "https://www.openstreetmap.org/way/1001566931", "josm_url": "http://127.0.0.1:8111/load_object?new_layer=false&objects=w1001566931", "id_url": "https://www.openstreetmap.org/edit?editor=id&way=1001566931#map=20/59.9121815/10.750947779700855"}}, {"type": "Feature", "geometry": {"type": "Point", "coordinates": [10.7506752, 59.9120577]}, "properties": {"id": 1001566937, "feat_type": "way", "quality_categories": "improper_geometries", "issue_ids": "[1]", "osm_url": "https://www.openstreetmap.org/way/1001566937", "josm_url": "http://127.0.0.1:8111/load_object?new_layer=false&objects=w1001566937", "id_url": "https://www.openstreetmap.org/edit?editor=id&way=1001566937#map=20/59.9120577/10.7506752"}}, {"type": "Feature", "geometry": {"type": "Point", "coordinates": [10.7505848, 59.9120279]}, "properties": {"id": 1001566938, "feat_type": "way", "quality_categories": "improper_geometries", "issue_ids": "[1]", "osm_url": "https://www.openstreetmap.org/way/1001566938", "josm_url": "http://127.0.0.1:8111/load_object?new_layer=false&objects=w1001566938", "id_url": "https://www.openstreetmap.org/edit?editor=id&way=1001566938#map=20/59.9120279/10.7505848"}}, {"type": "Feature", "geometry": {"type": "Point", "coordinates": [10.7506455, 59.9120266]}, "properties": {"id": 1001566939, "feat_type": "way", "quality_categories": "improper_geometries", "issue_ids": "[1]", "osm_url": "https://www.openstreetmap.org/way/1001566939", "josm_url": "http://127.0.0.1:8111/load_object?new_layer=false&objects=w1001566939", "id_url": "https://www.openstreetmap.org/edit?editor=id&way=1001566939#map=20/59.9120266/10.7506455"}}, {"type": "Feature", "geometry": {"type": "Point", "coordinates": [10.7506171, 59.9120615]}, "properties": {"id": 1001566940, "feat_type": "way", "quality_categories": "improper_geometries", "issue_ids": "[1]", "osm_url": "https://www.openstreetmap.org/way/1001566940", "josm_url": "http://127.0.0.1:8111/load_object?new_layer=false&objects=w1001566940", "id_url": "https://www.openstreetmap.org/edit?editor=id&way=1001566940#map=20/59.9120615/10.7506171"}}, {"type": "Feature", "geometry": {"type": "Point", "coordinates": [10.7504838, 59.9120703]}, "properties": {"id": 1001566942, "feat_type": "way", "quality_categories": "improper_geometries", "issue_ids": "[1]", "osm_url": "https://www.openstreetmap.org/way/1001566942", "josm_url": "http://127.0.0.1:8111/load_object?new_layer=false&objects=w1001566942", "id_url": "https://www.openstreetmap.org/edit?editor=id&way=1001566942#map=20/59.9120703/10.7504838"}}, {"type": "Feature", "geometry": {"type": "Point", "coordinates": [10.7504246, 59.9120743]}, "properties": {"id": 1001566943, "feat_type": "way", "quality_categories": "improper_geometries", "issue_ids": "[1]", "osm_url": "https://www.openstreetmap.org/way/1001566943", "josm_url": "http://127.0.0.1:8111/load_object?new_layer=false&objects=w1001566943", "id_url": "https://www.openstreetmap.org/edit?editor=id&way=1001566943#map=20/59.9120743/10.7504246"}}, {"type": "Feature", "geometry": {"type": "Point", "coordinates": [10.7504514, 59.9120364]}, "properties": {"id": 1001566944, "feat_type": "way", "quality_categories": "improper_geometries", "issue_ids": "[1]", "osm_url": "https://www.openstreetmap.org/way/1001566944", "josm_url": "http://127.0.0.1:8111/load_object?new_layer=false&objects=w1001566944", "id_url": "https://www.openstreetmap.org/edit?editor=id&way=1001566944#map=20/59.9120364/10.7504514"}}, {"type": "Feature", "geometry": {"type": "Point", "coordinates": [10.7503918, 59.9120399]}, "properties": {"id": 1001566945, "feat_type": "way", "quality_categories": "improper_geometries", "issue_ids": "[1]", "osm_url": "https://www.openstreetmap.org/way/1001566945", "josm_url": "http://127.0.0.1:8111/load_object?new_layer=false&objects=w1001566945", "id_url": "https://www.openstreetmap.org/edit?editor=id&way=1001566945#map=20/59.9120399/10.7503918"}}, {"type": "Feature", "geometry": {"type": "Point", "coordinates": [10.7494018, 59.9122566]}, "properties": {"id": 1001566952, "feat_type": "way", "quality_categories": "improper_geometries", "issue_ids": "[1]", "osm_url": "https://www.openstreetmap.org/way/1001566952", "josm_url": "http://127.0.0.1:8111/load_object?new_layer=false&objects=w1001566952", "id_url": "https://www.openstreetmap.org/edit?editor=id&way=1001566952#map=20/59.9122566/10.7494018"}}, {"type": "Feature", "geometry": {"type": "Point", "coordinates": [10.7494229, 59.9122789]}, "properties": {"id": 1001566953, "feat_type": "way", "quality_categories": "improper_geometries", "issue_ids": "[1]", "osm_url": "https://www.openstreetmap.org/way/1001566953", "josm_url": "http://127.0.0.1:8111/load_object?new_layer=false&objects=w1001566953", "id_url": "https://www.openstreetmap.org/edit?editor=id&way=1001566953#map=20/59.9122789/10.7494229"}}, {"type": "Feature", "geometry": {"type": "Point", "coordinates": [10.7494724, 59.912331]}, "properties": {"id": 1001566954, "feat_type": "way", "quality_categories": "improper_geometries", "issue_ids": "[1]", "osm_url": "https://www.openstreetmap.org/way/1001566954", "josm_url": "http://127.0.0.1:8111/load_object?new_layer=false&objects=w1001566954", "id_url": "https://www.openstreetmap.org/edit?editor=id&way=1001566954#map=20/59.912331/10.7494724"}}, {"type": "Feature", "geometry": {"type": "Point", "coordinates": [10.7495022, 59.9123607]}, "properties": {"id": 1001566955, "feat_type": "way", "quality_categories": "improper_geometries", "issue_ids": "[1]", "osm_url": "https://www.openstreetmap.org/way/1001566955", "josm_url": "http://127.0.0.1:8111/load_object?new_layer=false&objects=w1001566955", "id_url": "https://www.openstreetmap.org/edit?editor=id&way=1001566955#map=20/59.9123607/10.7495022"}}, {"type": "Feature", "geometry": {"type": "Point", "coordinates": [10.750459314605262, 59.91230375]}, "properties": {"id": 1001566963, "feat_type": "way", "quality_categories": "improper_geometries", "issue_ids": "[1]", "osm_url": "https://www.openstreetmap.org/way/1001566963", "josm_url": "http://127.0.0.1:8111/load_object?new_layer=false&objects=w1001566963", "id_url": "https://www.openstreetmap.org/edit?editor=id&way=1001566963#map=20/59.91230375/10.750459314605262"}}, {"type": "Feature", "geometry": {"type": "Point", "coordinates": [10.7502971, 59.9122914]}, "properties": {"id": 1001566964, "feat_type": "way", "quality_categories": "improper_geometries", "issue_ids": "[1]", "osm_url": "https://www.openstreetmap.org/way/1001566964", "josm_url": "http://127.0.0.1:8111/load_object?new_layer=false&objects=w1001566964", "id_url": "https://www.openstreetmap.org/edit?editor=id&way=1001566964#map=20/59.9122914/10.7502971"}}, {"type": "Feature", "geometry": {"type": "Point", "coordinates": [10.7503862, 59.9122916]}, "properties": {"id": 1001566965, "feat_type": "way", "quality_categories": "improper_geometries", "issue_ids": "[1]", "osm_url": "https://www.openstreetmap.org/way/1001566965", "josm_url": "http://127.0.0.1:8111/load_object?new_layer=false&objects=w1001566965", "id_url": "https://www.openstreetmap.org/edit?editor=id&way=1001566965#map=20/59.9122916/10.7503862"}}, {"type": "Feature", "geometry": {"type": "Point", "coordinates": [10.7504012, 59.9123147]}, "properties": {"id": 1001566966, "feat_type": "way", "quality_categories": "improper_geometries", "issue_ids": "[1]", "osm_url": "https://www.openstreetmap.org/way/1001566966", "josm_url": "http://127.0.0.1:8111/load_object?new_layer=false&objects=w1001566966", "id_url": "https://www.openstreetmap.org/edit?editor=id&way=1001566966#map=20/59.9123147/10.7504012"}}, {"type": "Feature", "geometry": {"type": "Point", "coordinates": [10.7503536, 59.9123171]}, "properties": {"id": 1001566967, "feat_type": "way", "quality_categories": "improper_geometries", "issue_ids": "[1]", "osm_url": "https://www.openstreetmap.org/way/1001566967", "josm_url": "http://127.0.0.1:8111/load_object?new_layer=false&objects=w1001566967", "id_url": "https://www.openstreetmap.org/edit?editor=id&way=1001566967#map=20/59.9123171/10.7503536"}}, {"type": "Feature", "geometry": {"type": "Point", "coordinates": [10.750410209693875, 59.912215599999996]}, "properties": {"id": 1001566974, "feat_type": "way", "quality_categories": "improper_geometries", "issue_ids": "[1]", "osm_url": "https://www.openstreetmap.org/way/1001566974", "josm_url": "http://127.0.0.1:8111/load_object?new_layer=false&objects=w1001566974", "id_url": "https://www.openstreetmap.org/edit?editor=id&way=1001566974#map=20/59.912215599999996/10.750410209693875"}}, {"type": "Feature", "geometry": {"type": "Point", "coordinates": [10.750961330816832, 59.91226775]}, "properties": {"id": 1001566976, "feat_type": "way", "quality_categories": "improper_geometries", "issue_ids": "[1]", "osm_url": "https://www.openstreetmap.org/way/1001566976", "josm_url": "http://127.0.0.1:8111/load_object?new_layer=false&objects=w1001566976", "id_url": "https://www.openstreetmap.org/edit?editor=id&way=1001566976#map=20/59.91226775/10.750961330816832"}}, {"type": "Feature", "geometry": {"type": "Point", "coordinates": [10.7510379, 59.9122526]}, "properties": {"id": 1001566977, "feat_type": "way", "quality_categories": "improper_geometries", "issue_ids": "[1]", "osm_url": "https://www.openstreetmap.org/way/1001566977", "josm_url": "http://127.0.0.1:8111/load_object?new_layer=false&objects=w1001566977", "id_url": "https://www.openstreetmap.org/edit?editor=id&way=1001566977#map=20/59.9122526/10.7510379"}}, {"type": "Feature", "geometry": {"type": "Point", "coordinates": [10.751042, 59.9122728]}, "properties": {"id": 1001566978, "feat_type": "way", "quality_categories": "improper_geometries", "issue_ids": "[1]", "osm_url": "https://www.openstreetmap.org/way/1001566978", "josm_url": "http://127.0.0.1:8111/load_object?new_layer=false&objects=w1001566978", "id_url": "https://www.openstreetmap.org/edit?editor=id&way=1001566978#map=20/59.9122728/10.751042"}}, {"type": "Feature", "geometry": {"type": "Point", "coordinates": [10.7503267, 59.9122303]}, "properties": {"id": 1001566979, "feat_type": "way", "quality_categories": "improper_geometries", "issue_ids": "[1]", "osm_url": "https://www.openstreetmap.org/way/1001566979", "josm_url": "http://127.0.0.1:8111/load_object?new_layer=false&objects=w1001566979", "id_url": "https://www.openstreetmap.org/edit?editor=id&way=1001566979#map=20/59.9122303/10.7503267"}}, {"type": "Feature", "geometry": {"type": "Point", "coordinates": [10.7503076, 59.9122106]}, "properties": {"id": 1001566980, "feat_type": "way", "quality_categories": "improper_geometries", "issue_ids": "[1]", "osm_url": "https://www.openstreetmap.org/way/1001566980", "josm_url": "http://127.0.0.1:8111/load_object?new_layer=false&objects=w1001566980", "id_url": "https://www.openstreetmap.org/edit?editor=id&way=1001566980#map=20/59.9122106/10.7503076"}}, {"type": "Feature", "geometry": {"type": "Point", "coordinates": [10.6528262, 59.9210816]}, "properties": {"id": 1007096367, "feat_type": "way", "quality_categories": "improper_geometries", "issue_ids": "[1]", "osm_url": "https://www.openstreetmap.org/way/1007096367", "josm_url": "http://127.0.0.1:8111/load_object?new_layer=false&objects=w1007096367", "id_url": "https://www.openstreetmap.org/edit?editor=id&way=1007096367#map=20/59.9210816/10.6528262"}}, {"type": "Feature", "geometry": {"type": "Point", "coordinates": [10.7867461, 59.9462256]}, "properties": {"id": 1007112401, "feat_type": "way", "quality_categories": "improper_geometries", "issue_ids": "[1]", "osm_url": "https://www.openstreetmap.org/way/1007112401", "josm_url": "http://127.0.0.1:8111/load_object?new_layer=false&objects=w1007112401", "id_url": "https://www.openstreetmap.org/edit?editor=id&way=1007112401#map=20/59.9462256/10.7867461"}}, {"type": "Feature", "geometry": {"type": "Point", "coordinates": [10.7870956, 59.9462867]}, "properties": {"id": 1007112402, "feat_type": "way", "quality_categories": "improper_geometries", "issue_ids": "[1]", "osm_url": "https://www.openstreetmap.org/way/1007112402", "josm_url": "http://127.0.0.1:8111/load_object?new_layer=false&objects=w1007112402", "id_url": "https://www.openstreetmap.org/edit?editor=id&way=1007112402#map=20/59.9462867/10.7870956"}}, {"type": "Feature", "geometry": {"type": "Point", "coordinates": [10.787105, 59.946267]}, "properties": {"id": 1007112403, "feat_type": "way", "quality_categories": "improper_geometries", "issue_ids": "[1]", "osm_url": "https://www.openstreetmap.org/way/1007112403", "josm_url": "http://127.0.0.1:8111/load_object?new_layer=false&objects=w1007112403", "id_url": "https://www.openstreetmap.org/edit?editor=id&way=1007112403#map=20/59.946267/10.787105"}}, {"type": "Feature", "geometry": {"type": "Point", "coordinates": [10.7871324, 59.9462076]}, "properties": {"id": 1007112404, "feat_type": "way", "quality_categories": "improper_geometries", "issue_ids": "[1]", "osm_url": "https://www.openstreetmap.org/way/1007112404", "josm_url": "http://127.0.0.1:8111/load_object?new_layer=false&objects=w1007112404", "id_url": "https://www.openstreetmap.org/edit?editor=id&way=1007112404#map=20/59.9462076/10.7871324"}}, {"type": "Feature", "geometry": {"type": "Point", "coordinates": [10.7871878, 59.94621]}, "properties": {"id": 1007112405, "feat_type": "way", "quality_categories": "improper_geometries", "issue_ids": "[1]", "osm_url": "https://www.openstreetmap.org/way/1007112405", "josm_url": "http://127.0.0.1:8111/load_object?new_layer=false&objects=w1007112405", "id_url": "https://www.openstreetmap.org/edit?editor=id&way=1007112405#map=20/59.94621/10.7871878"}}, {"type": "Feature", "geometry": {"type": "Point", "coordinates": [10.7871422, 59.9461866]}, "properties": {"id": 1007112406, "feat_type": "way", "quality_categories": "improper_geometries", "issue_ids": "[1]", "osm_url": "https://www.openstreetmap.org/way/1007112406", "josm_url": "http://127.0.0.1:8111/load_object?new_layer=false&objects=w1007112406", "id_url": "https://www.openstreetmap.org/edit?editor=id&way=1007112406#map=20/59.9461866/10.7871422"}}, {"type": "Feature", "geometry": {"type": "Point", "coordinates": [10.7853124, 59.946044]}, "properties": {"id": 1007112409, "feat_type": "way", "quality_categories": "improper_geometries", "issue_ids": "[1]", "osm_url": "https://www.openstreetmap.org/way/1007112409", "josm_url": "http://127.0.0.1:8111/load_object?new_layer=false&objects=w1007112409", "id_url": "https://www.openstreetmap.org/edit?editor=id&way=1007112409#map=20/59.946044/10.7853124"}}, {"type": "Feature", "geometry": {"type": "Point", "coordinates": [10.7852088, 59.9460453]}, "properties": {"id": 1007112410, "feat_type": "way", "quality_categories": "improper_geometries", "issue_ids": "[1]", "osm_url": "https://www.openstreetmap.org/way/1007112410", "josm_url": "http://127.0.0.1:8111/load_object?new_layer=false&objects=w1007112410", "id_url": "https://www.openstreetmap.org/edit?editor=id&way=1007112410#map=20/59.9460453/10.7852088"}}, {"type": "Feature", "geometry": {"type": "Point", "coordinates": [10.7853054, 59.9460607]}, "properties": {"id": 1007112411, "feat_type": "way", "quality_categories": "improper_geometries", "issue_ids": "[1]", "osm_url": "https://www.openstreetmap.org/way/1007112411", "josm_url": "http://127.0.0.1:8111/load_object?new_layer=false&objects=w1007112411", "id_url": "https://www.openstreetmap.org/edit?editor=id&way=1007112411#map=20/59.9460607/10.7853054"}}, {"type": "Feature", "geometry": {"type": "Point", "coordinates": [10.7833939, 59.945822]}, "properties": {"id": 1007112412, "feat_type": "way", "quality_categories": "improper_geometries", "issue_ids": "[1]", "osm_url": "https://www.openstreetmap.org/way/1007112412", "josm_url": "http://127.0.0.1:8111/load_object?new_layer=false&objects=w1007112412", "id_url": "https://www.openstreetmap.org/edit?editor=id&way=1007112412#map=20/59.945822/10.7833939"}}, {"type": "Feature", "geometry": {"type": "Point", "coordinates": [10.7835001, 59.9458537]}, "properties": {"id": 1007112413, "feat_type": "way", "quality_categories": "improper_geometries", "issue_ids": "[1]", "osm_url": "https://www.openstreetmap.org/way/1007112413", "josm_url": "http://127.0.0.1:8111/load_object?new_layer=false&objects=w1007112413", "id_url": "https://www.openstreetmap.org/edit?editor=id&way=1007112413#map=20/59.9458537/10.7835001"}}, {"type": "Feature", "geometry": {"type": "Point", "coordinates": [10.783508, 59.9458355]}, "properties": {"id": 1007112414, "feat_type": "way", "quality_categories": "improper_geometries", "issue_ids": "[1]", "osm_url": "https://www.openstreetmap.org/way/1007112414", "josm_url": "http://127.0.0.1:8111/load_object?new_layer=false&objects=w1007112414", "id_url": "https://www.openstreetmap.org/edit?editor=id&way=1007112414#map=20/59.9458355/10.783508"}}, {"type": "Feature", "geometry": {"type": "Point", "coordinates": [10.752747, 59.9354062]}, "properties": {"id": 1017458057, "feat_type": "way", "quality_categories": "improper_geometries", "issue_ids": "[1]", "osm_url": "https://www.openstreetmap.org/way/1017458057", "josm_url": "http://127.0.0.1:8111/load_object?new_layer=false&objects=w1017458057", "id_url": "https://www.openstreetmap.org/edit?editor=id&way=1017458057#map=20/59.9354062/10.752747"}}, {"type": "Feature", "geometry": {"type": "Point", "coordinates": [10.7997677, 59.9360379]}, "properties": {"id": 1020883658, "feat_type": "way", "quality_categories": "improper_geometries", "issue_ids": "[1]", "osm_url": "https://www.openstreetmap.org/way/1020883658", "josm_url": "http://127.0.0.1:8111/load_object?new_layer=false&objects=w1020883658", "id_url": "https://www.openstreetmap.org/edit?editor=id&way=1020883658#map=20/59.9360379/10.7997677"}}, {"type": "Feature", "geometry": {"type": "Point", "coordinates": [10.7991481, 59.9328077]}, "properties": {"id": 1020971124, "feat_type": "way", "quality_categories": "improper_geometries", "issue_ids": "[1]", "osm_url": "https://www.openstreetmap.org/way/1020971124", "josm_url": "http://127.0.0.1:8111/load_object?new_layer=false&objects=w1020971124", "id_url": "https://www.openstreetmap.org/edit?editor=id&way=1020971124#map=20/59.9328077/10.7991481"}}, {"type": "Feature", "geometry": {"type": "Point", "coordinates": [10.7992537, 59.9329156]}, "properties": {"id": 1020971125, "feat_type": "way", "quality_categories": "improper_geometries", "issue_ids": "[1]", "osm_url": "https://www.openstreetmap.org/way/1020971125", "josm_url": "http://127.0.0.1:8111/load_object?new_layer=false&objects=w1020971125", "id_url": "https://www.openstreetmap.org/edit?editor=id&way=1020971125#map=20/59.9329156/10.7992537"}}, {"type": "Feature", "geometry": {"type": "Point", "coordinates": [10.7996036, 59.9333375]}, "properties": {"id": 1020971126, "feat_type": "way", "quality_categories": "improper_geometries", "issue_ids": "[1]", "osm_url": "https://www.openstreetmap.org/way/1020971126", "josm_url": "http://127.0.0.1:8111/load_object?new_layer=false&objects=w1020971126", "id_url": "https://www.openstreetmap.org/edit?editor=id&way=1020971126#map=20/59.9333375/10.7996036"}}, {"type": "Feature", "geometry": {"type": "Point", "coordinates": [10.7999469, 59.9337624]}, "properties": {"id": 1020971127, "feat_type": "way", "quality_categories": "improper_geometries", "issue_ids": "[1]", "osm_url": "https://www.openstreetmap.org/way/1020971127", "josm_url": "http://127.0.0.1:8111/load_object?new_layer=false&objects=w1020971127", "id_url": "https://www.openstreetmap.org/edit?editor=id&way=1020971127#map=20/59.9337624/10.7999469"}}, {"type": "Feature", "geometry": {"type": "Point", "coordinates": [10.800265, 59.9349852]}, "properties": {"id": 1020971128, "feat_type": "way", "quality_categories": "improper_geometries", "issue_ids": "[1]", "osm_url": "https://www.openstreetmap.org/way/1020971128", "josm_url": "http://127.0.0.1:8111/load_object?new_layer=false&objects=w1020971128", "id_url": "https://www.openstreetmap.org/edit?editor=id&way=1020971128#map=20/59.9349852/10.800265"}}, {"type": "Feature", "geometry": {"type": "Point", "coordinates": [10.8002836, 59.9353385]}, "properties": {"id": 1020971129, "feat_type": "way", "quality_categories": "improper_geometries", "issue_ids": "[1]", "osm_url": "https://www.openstreetmap.org/way/1020971129", "josm_url": "http://127.0.0.1:8111/load_object?new_layer=false&objects=w1020971129", "id_url": "https://www.openstreetmap.org/edit?editor=id&way=1020971129#map=20/59.9353385/10.8002836"}}, {"type": "Feature", "geometry": {"type": "Point", "coordinates": [10.8002032, 59.9348914]}, "properties": {"id": 1020971130, "feat_type": "way", "quality_categories": "improper_geometries", "issue_ids": "[1]", "osm_url": "https://www.openstreetmap.org/way/1020971130", "josm_url": "http://127.0.0.1:8111/load_object?new_layer=false&objects=w1020971130", "id_url": "https://www.openstreetmap.org/edit?editor=id&way=1020971130#map=20/59.9348914/10.8002032"}}, {"type": "Feature", "geometry": {"type": "Point", "coordinates": [10.7996092, 59.9359509]}, "properties": {"id": 1020971137, "feat_type": "way", "quality_categories": "improper_geometries", "issue_ids": "[1]", "osm_url": "https://www.openstreetmap.org/way/1020971137", "josm_url": "http://127.0.0.1:8111/load_object?new_layer=false&objects=w1020971137", "id_url": "https://www.openstreetmap.org/edit?editor=id&way=1020971137#map=20/59.9359509/10.7996092"}}, {"type": "Feature", "geometry": {"type": "Point", "coordinates": [10.7990296, 59.9328113]}, "properties": {"id": 1020971151, "feat_type": "way", "quality_categories": "improper_geometries", "issue_ids": "[1]", "osm_url": "https://www.openstreetmap.org/way/1020971151", "josm_url": "http://127.0.0.1:8111/load_object?new_layer=false&objects=w1020971151", "id_url": "https://www.openstreetmap.org/edit?editor=id&way=1020971151#map=20/59.9328113/10.7990296"}}, {"type": "Feature", "geometry": {"type": "Point", "coordinates": [10.798474, 59.9358863]}, "properties": {"id": 1020971152, "feat_type": "way", "quality_categories": "improper_geometries", "issue_ids": "[1]", "osm_url": "https://www.openstreetmap.org/way/1020971152", "josm_url": "http://127.0.0.1:8111/load_object?new_layer=false&objects=w1020971152", "id_url": "https://www.openstreetmap.org/edit?editor=id&way=1020971152#map=20/59.9358863/10.798474"}}, {"type": "Feature", "geometry": {"type": "Point", "coordinates": [10.7984679, 59.9359459]}, "properties": {"id": 1020971153, "feat_type": "way", "quality_categories": "improper_geometries", "issue_ids": "[1]", "osm_url": "https://www.openstreetmap.org/way/1020971153", "josm_url": "http://127.0.0.1:8111/load_object?new_layer=false&objects=w1020971153", "id_url": "https://www.openstreetmap.org/edit?editor=id&way=1020971153#map=20/59.9359459/10.7984679"}}, {"type": "Feature", "geometry": {"type": "Point", "coordinates": [10.799241, 59.9366087]}, "properties": {"id": 1020971155, "feat_type": "way", "quality_categories": "improper_geometries", "issue_ids": "[1]", "osm_url": "https://www.openstreetmap.org/way/1020971155", "josm_url": "http://127.0.0.1:8111/load_object?new_layer=false&objects=w1020971155", "id_url": "https://www.openstreetmap.org/edit?editor=id&way=1020971155#map=20/59.9366087/10.799241"}}, {"type": "Feature", "geometry": {"type": "Point", "coordinates": [10.7993749, 59.9365682]}, "properties": {"id": 1020971156, "feat_type": "way", "quality_categories": "improper_geometries", "issue_ids": "[1]", "osm_url": "https://www.openstreetmap.org/way/1020971156", "josm_url": "http://127.0.0.1:8111/load_object?new_layer=false&objects=w1020971156", "id_url": "https://www.openstreetmap.org/edit?editor=id&way=1020971156#map=20/59.9365682/10.7993749"}}, {"type": "Feature", "geometry": {"type": "Point", "coordinates": [10.7972207, 59.9391043]}, "properties": {"id": 1020971165, "feat_type": "way", "quality_categories": "improper_geometries", "issue_ids": "[1]", "osm_url": "https://www.openstreetmap.org/way/1020971165", "josm_url": "http://127.0.0.1:8111/load_object?new_layer=false&objects=w1020971165", "id_url": "https://www.openstreetmap.org/edit?editor=id&way=1020971165#map=20/59.9391043/10.7972207"}}, {"type": "Feature", "geometry": {"type": "Point", "coordinates": [10.7921294, 59.9399171]}, "properties": {"id": 1020971169, "feat_type": "way", "quality_categories": "improper_geometries", "issue_ids": "[1]", "osm_url": "https://www.openstreetmap.org/way/1020971169", "josm_url": "http://127.0.0.1:8111/load_object?new_layer=false&objects=w1020971169", "id_url": "https://www.openstreetmap.org/edit?editor=id&way=1020971169#map=20/59.9399171/10.7921294"}}, {"type": "Feature", "geometry": {"type": "Point", "coordinates": [10.7845189, 59.9313793]}, "properties": {"id": 1021110780, "feat_type": "way", "quality_categories": "improper_geometries", "issue_ids": "[1]", "osm_url": "https://www.openstreetmap.org/way/1021110780", "josm_url": "http://127.0.0.1:8111/load_object?new_layer=false&objects=w1021110780", "id_url": "https://www.openstreetmap.org/edit?editor=id&way=1021110780#map=20/59.9313793/10.7845189"}}, {"type": "Feature", "geometry": {"type": "Point", "coordinates": [10.7840281, 59.9301213]}, "properties": {"id": 1021110781, "feat_type": "way", "quality_categories": "improper_geometries", "issue_ids": "[1]", "osm_url": "https://www.openstreetmap.org/way/1021110781", "josm_url": "http://127.0.0.1:8111/load_object?new_layer=false&objects=w1021110781", "id_url": "https://www.openstreetmap.org/edit?editor=id&way=1021110781#map=20/59.9301213/10.7840281"}}, {"type": "Feature", "geometry": {"type": "Point", "coordinates": [10.7839607, 59.9293125]}, "properties": {"id": 1021110783, "feat_type": "way", "quality_categories": "improper_geometries", "issue_ids": "[1]", "osm_url": "https://www.openstreetmap.org/way/1021110783", "josm_url": "http://127.0.0.1:8111/load_object?new_layer=false&objects=w1021110783", "id_url": "https://www.openstreetmap.org/edit?editor=id&way=1021110783#map=20/59.9293125/10.7839607"}}, {"type": "Feature", "geometry": {"type": "Point", "coordinates": [10.7893949, 59.9284623]}, "properties": {"id": 1021542877, "feat_type": "way", "quality_categories": "improper_geometries", "issue_ids": "[1]", "osm_url": "https://www.openstreetmap.org/way/1021542877", "josm_url": "http://127.0.0.1:8111/load_object?new_layer=false&objects=w1021542877", "id_url": "https://www.openstreetmap.org/edit?editor=id&way=1021542877#map=20/59.9284623/10.7893949"}}, {"type": "Feature", "geometry": {"type": "Point", "coordinates": [10.7609521, 59.9151966]}, "properties": {"id": 1021878440, "feat_type": "way", "quality_categories": "improper_geometries", "issue_ids": "[1]", "osm_url": "https://www.openstreetmap.org/way/1021878440", "josm_url": "http://127.0.0.1:8111/load_object?new_layer=false&objects=w1021878440", "id_url": "https://www.openstreetmap.org/edit?editor=id&way=1021878440#map=20/59.9151966/10.7609521"}}, {"type": "Feature", "geometry": {"type": "Point", "coordinates": [10.7800348, 59.9282013]}, "properties": {"id": 1021878457, "feat_type": "way", "quality_categories": "improper_geometries", "issue_ids": "[1]", "osm_url": "https://www.openstreetmap.org/way/1021878457", "josm_url": "http://127.0.0.1:8111/load_object?new_layer=false&objects=w1021878457", "id_url": "https://www.openstreetmap.org/edit?editor=id&way=1021878457#map=20/59.9282013/10.7800348"}}, {"type": "Feature", "geometry": {"type": "Point", "coordinates": [10.780653, 59.9285696]}, "properties": {"id": 1021878458, "feat_type": "way", "quality_categories": "improper_geometries", "issue_ids": "[1]", "osm_url": "https://www.openstreetmap.org/way/1021878458", "josm_url": "http://127.0.0.1:8111/load_object?new_layer=false&objects=w1021878458", "id_url": "https://www.openstreetmap.org/edit?editor=id&way=1021878458#map=20/59.9285696/10.780653"}}, {"type": "Feature", "geometry": {"type": "Point", "coordinates": [10.781223, 59.9285804]}, "properties": {"id": 1021878459, "feat_type": "way", "quality_categories": "improper_geometries", "issue_ids": "[1]", "osm_url": "https://www.openstreetmap.org/way/1021878459", "josm_url": "http://127.0.0.1:8111/load_object?new_layer=false&objects=w1021878459", "id_url": "https://www.openstreetmap.org/edit?editor=id&way=1021878459#map=20/59.9285804/10.781223"}}, {"type": "Feature", "geometry": {"type": "Point", "coordinates": [10.790265, 59.9281516]}, "properties": {"id": 1022396947, "feat_type": "way", "quality_categories": "improper_geometries", "issue_ids": "[1]", "osm_url": "https://www.openstreetmap.org/way/1022396947", "josm_url": "http://127.0.0.1:8111/load_object?new_layer=false&objects=w1022396947", "id_url": "https://www.openstreetmap.org/edit?editor=id&way=1022396947#map=20/59.9281516/10.790265"}}, {"type": "Feature", "geometry": {"type": "Point", "coordinates": [10.7871767, 59.9316839]}, "properties": {"id": 1024969983, "feat_type": "way", "quality_categories": "improper_geometries", "issue_ids": "[1]", "osm_url": "https://www.openstreetmap.org/way/1024969983", "josm_url": "http://127.0.0.1:8111/load_object?new_layer=false&objects=w1024969983", "id_url": "https://www.openstreetmap.org/edit?editor=id&way=1024969983#map=20/59.9316839/10.7871767"}}, {"type": "Feature", "geometry": {"type": "Point", "coordinates": [10.7501403, 59.9407276]}, "properties": {"id": 1034545840, "feat_type": "way", "quality_categories": "improper_geometries", "issue_ids": "[1]", "osm_url": "https://www.openstreetmap.org/way/1034545840", "josm_url": "http://127.0.0.1:8111/load_object?new_layer=false&objects=w1034545840", "id_url": "https://www.openstreetmap.org/edit?editor=id&way=1034545840#map=20/59.9407276/10.7501403"}}, {"type": "Feature", "geometry": {"type": "Point", "coordinates": [10.7500784, 59.9391593]}, "properties": {"id": 1034545841, "feat_type": "way", "quality_categories": "improper_geometries", "issue_ids": "[1]", "osm_url": "https://www.openstreetmap.org/way/1034545841", "josm_url": "http://127.0.0.1:8111/load_object?new_layer=false&objects=w1034545841", "id_url": "https://www.openstreetmap.org/edit?editor=id&way=1034545841#map=20/59.9391593/10.7500784"}}, {"type": "Feature", "geometry": {"type": "Point", "coordinates": [10.7499452, 59.9376453]}, "properties": {"id": 1034545842, "feat_type": "way", "quality_categories": "improper_geometries", "issue_ids": "[1]", "osm_url": "https://www.openstreetmap.org/way/1034545842", "josm_url": "http://127.0.0.1:8111/load_object?new_layer=false&objects=w1034545842", "id_url": "https://www.openstreetmap.org/edit?editor=id&way=1034545842#map=20/59.9376453/10.7499452"}}, {"type": "Feature", "geometry": {"type": "Point", "coordinates": [10.7501576, 59.9390535]}, "properties": {"id": 1034545843, "feat_type": "way", "quality_categories": "improper_geometries", "issue_ids": "[1]", "osm_url": "https://www.openstreetmap.org/way/1034545843", "josm_url": "http://127.0.0.1:8111/load_object?new_layer=false&objects=w1034545843", "id_url": "https://www.openstreetmap.org/edit?editor=id&way=1034545843#map=20/59.9390535/10.7501576"}}, {"type": "Feature", "geometry": {"type": "Point", "coordinates": [10.7891895, 59.9276044]}, "properties": {"id": 1035218808, "feat_type": "way", "quality_categories": "improper_geometries", "issue_ids": "[1]", "osm_url": "https://www.openstreetmap.org/way/1035218808", "josm_url": "http://127.0.0.1:8111/load_object?new_layer=false&objects=w1035218808", "id_url": "https://www.openstreetmap.org/edit?editor=id&way=1035218808#map=20/59.9276044/10.7891895"}}, {"type": "Feature", "geometry": {"type": "Point", "coordinates": [10.7863229, 59.9282954]}, "properties": {"id": 1035218809, "feat_type": "way", "quality_categories": "improper_geometries", "issue_ids": "[1]", "osm_url": "https://www.openstreetmap.org/way/1035218809", "josm_url": "http://127.0.0.1:8111/load_object?new_layer=false&objects=w1035218809", "id_url": "https://www.openstreetmap.org/edit?editor=id&way=1035218809#map=20/59.9282954/10.7863229"}}, {"type": "Feature", "geometry": {"type": "Point", "coordinates": [10.7857368, 59.9283747]}, "properties": {"id": 1035218810, "feat_type": "way", "quality_categories": "improper_geometries", "issue_ids": "[1]", "osm_url": "https://www.openstreetmap.org/way/1035218810", "josm_url": "http://127.0.0.1:8111/load_object?new_layer=false&objects=w1035218810", "id_url": "https://www.openstreetmap.org/edit?editor=id&way=1035218810#map=20/59.9283747/10.7857368"}}, {"type": "Feature", "geometry": {"type": "Point", "coordinates": [10.7851113, 59.9284384]}, "properties": {"id": 1035218811, "feat_type": "way", "quality_categories": "improper_geometries", "issue_ids": "[1]", "osm_url": "https://www.openstreetmap.org/way/1035218811", "josm_url": "http://127.0.0.1:8111/load_object?new_layer=false&objects=w1035218811", "id_url": "https://www.openstreetmap.org/edit?editor=id&way=1035218811#map=20/59.9284384/10.7851113"}}, {"type": "Feature", "geometry": {"type": "Point", "coordinates": [10.7848261, 59.9284666]}, "properties": {"id": 1035218812, "feat_type": "way", "quality_categories": "improper_geometries", "issue_ids": "[1]", "osm_url": "https://www.openstreetmap.org/way/1035218812", "josm_url": "http://127.0.0.1:8111/load_object?new_layer=false&objects=w1035218812", "id_url": "https://www.openstreetmap.org/edit?editor=id&way=1035218812#map=20/59.9284666/10.7848261"}}, {"type": "Feature", "geometry": {"type": "Point", "coordinates": [10.7845995, 59.9284907]}, "properties": {"id": 1035218813, "feat_type": "way", "quality_categories": "improper_geometries", "issue_ids": "[1]", "osm_url": "https://www.openstreetmap.org/way/1035218813", "josm_url": "http://127.0.0.1:8111/load_object?new_layer=false&objects=w1035218813", "id_url": "https://www.openstreetmap.org/edit?editor=id&way=1035218813#map=20/59.9284907/10.7845995"}}, {"type": "Feature", "geometry": {"type": "Point", "coordinates": [10.7841467, 59.9294095]}, "properties": {"id": 1035218814, "feat_type": "way", "quality_categories": "improper_geometries", "issue_ids": "[1]", "osm_url": "https://www.openstreetmap.org/way/1035218814", "josm_url": "http://127.0.0.1:8111/load_object?new_layer=false&objects=w1035218814", "id_url": "https://www.openstreetmap.org/edit?editor=id&way=1035218814#map=20/59.9294095/10.7841467"}}, {"type": "Feature", "geometry": {"type": "Point", "coordinates": [10.8215902, 59.8940195]}, "properties": {"id": 1056179558, "feat_type": "way", "quality_categories": "improper_geometries", "issue_ids": "[1]", "osm_url": "https://www.openstreetmap.org/way/1056179558", "josm_url": "http://127.0.0.1:8111/load_object?new_layer=false&objects=w1056179558", "id_url": "https://www.openstreetmap.org/edit?editor=id&way=1056179558#map=20/59.8940195/10.8215902"}}, {"type": "Feature", "geometry": {"type": "Point", "coordinates": [10.7397561, 59.9169199]}, "properties": {"id": 1058324170, "feat_type": "way", "quality_categories": "improper_geometries", "issue_ids": "[1]", "osm_url": "https://www.openstreetmap.org/way/1058324170", "josm_url": "http://127.0.0.1:8111/load_object?new_layer=false&objects=w1058324170", "id_url": "https://www.openstreetmap.org/edit?editor=id&way=1058324170#map=20/59.9169199/10.7397561"}}, {"type": "Feature", "geometry": {"type": "Point", "coordinates": [10.7315271, 59.915242]}, "properties": {"id": 1061715300, "feat_type": "way", "quality_categories": "improper_geometries", "issue_ids": "[1]", "osm_url": "https://www.openstreetmap.org/way/1061715300", "josm_url": "http://127.0.0.1:8111/load_object?new_layer=false&objects=w1061715300", "id_url": "https://www.openstreetmap.org/edit?editor=id&way=1061715300#map=20/59.915242/10.7315271"}}, {"type": "Feature", "geometry": {"type": "Point", "coordinates": [10.7283908, 59.9125956]}, "properties": {"id": 1062013028, "feat_type": "way", "quality_categories": "improper_geometries", "issue_ids": "[1]", "osm_url": "https://www.openstreetmap.org/way/1062013028", "josm_url": "http://127.0.0.1:8111/load_object?new_layer=false&objects=w1062013028", "id_url": "https://www.openstreetmap.org/edit?editor=id&way=1062013028#map=20/59.9125956/10.7283908"}}, {"type": "Feature", "geometry": {"type": "Point", "coordinates": [10.7315552, 59.9133667]}, "properties": {"id": 1062304488, "feat_type": "way", "quality_categories": "improper_geometries", "issue_ids": "[1]", "osm_url": "https://www.openstreetmap.org/way/1062304488", "josm_url": "http://127.0.0.1:8111/load_object?new_layer=false&objects=w1062304488", "id_url": "https://www.openstreetmap.org/edit?editor=id&way=1062304488#map=20/59.9133667/10.7315552"}}, {"type": "Feature", "geometry": {"type": "Point", "coordinates": [10.7320541, 59.9127413]}, "properties": {"id": 1062352500, "feat_type": "way", "quality_categories": "improper_geometries", "issue_ids": "[1]", "osm_url": "https://www.openstreetmap.org/way/1062352500", "josm_url": "http://127.0.0.1:8111/load_object?new_layer=false&objects=w1062352500", "id_url": "https://www.openstreetmap.org/edit?editor=id&way=1062352500#map=20/59.9127413/10.7320541"}}, {"type": "Feature", "geometry": {"type": "Point", "coordinates": [10.7324155, 59.9134369]}, "properties": {"id": 1062352501, "feat_type": "way", "quality_categories": "improper_geometries", "issue_ids": "[1]", "osm_url": "https://www.openstreetmap.org/way/1062352501", "josm_url": "http://127.0.0.1:8111/load_object?new_layer=false&objects=w1062352501", "id_url": "https://www.openstreetmap.org/edit?editor=id&way=1062352501#map=20/59.9134369/10.7324155"}}, {"type": "Feature", "geometry": {"type": "Point", "coordinates": [10.7315325, 59.9148917]}, "properties": {"id": 1062360192, "feat_type": "way", "quality_categories": "improper_geometries", "issue_ids": "[1]", "osm_url": "https://www.openstreetmap.org/way/1062360192", "josm_url": "http://127.0.0.1:8111/load_object?new_layer=false&objects=w1062360192", "id_url": "https://www.openstreetmap.org/edit?editor=id&way=1062360192#map=20/59.9148917/10.7315325"}}, {"type": "Feature", "geometry": {"type": "Point", "coordinates": [10.7315663, 59.9149638]}, "properties": {"id": 1062360194, "feat_type": "way", "quality_categories": "improper_geometries", "issue_ids": "[1]", "osm_url": "https://www.openstreetmap.org/way/1062360194", "josm_url": "http://127.0.0.1:8111/load_object?new_layer=false&objects=w1062360194", "id_url": "https://www.openstreetmap.org/edit?editor=id&way=1062360194#map=20/59.9149638/10.7315663"}}, {"type": "Feature", "geometry": {"type": "Point", "coordinates": [10.7323234, 59.9135758]}, "properties": {"id": 1062360197, "feat_type": "way", "quality_categories": "improper_geometries", "issue_ids": "[1]", "osm_url": "https://www.openstreetmap.org/way/1062360197", "josm_url": "http://127.0.0.1:8111/load_object?new_layer=false&objects=w1062360197", "id_url": "https://www.openstreetmap.org/edit?editor=id&way=1062360197#map=20/59.9135758/10.7323234"}}, {"type": "Feature", "geometry": {"type": "Point", "coordinates": [10.7321203, 59.9147207]}, "properties": {"id": 1062360199, "feat_type": "way", "quality_categories": "improper_geometries", "issue_ids": "[1]", "osm_url": "https://www.openstreetmap.org/way/1062360199", "josm_url": "http://127.0.0.1:8111/load_object?new_layer=false&objects=w1062360199", "id_url": "https://www.openstreetmap.org/edit?editor=id&way=1062360199#map=20/59.9147207/10.7321203"}}, {"type": "Feature", "geometry": {"type": "Point", "coordinates": [10.7288432, 59.9125001]}, "properties": {"id": 1063326505, "feat_type": "way", "quality_categories": "improper_geometries", "issue_ids": "[1]", "osm_url": "https://www.openstreetmap.org/way/1063326505", "josm_url": "http://127.0.0.1:8111/load_object?new_layer=false&objects=w1063326505", "id_url": "https://www.openstreetmap.org/edit?editor=id&way=1063326505#map=20/59.9125001/10.7288432"}}, {"type": "Feature", "geometry": {"type": "Point", "coordinates": [10.7281063, 59.9129275]}, "properties": {"id": 1063326507, "feat_type": "way", "quality_categories": "improper_geometries", "issue_ids": "[1]", "osm_url": "https://www.openstreetmap.org/way/1063326507", "josm_url": "http://127.0.0.1:8111/load_object?new_layer=false&objects=w1063326507", "id_url": "https://www.openstreetmap.org/edit?editor=id&way=1063326507#map=20/59.9129275/10.7281063"}}, {"type": "Feature", "geometry": {"type": "Point", "coordinates": [10.7174376, 59.9284904]}, "properties": {"id": 1063535708, "feat_type": "way", "quality_categories": "improper_geometries", "issue_ids": "[1]", "osm_url": "https://www.openstreetmap.org/way/1063535708", "josm_url": "http://127.0.0.1:8111/load_object?new_layer=false&objects=w1063535708", "id_url": "https://www.openstreetmap.org/edit?editor=id&way=1063535708#map=20/59.9284904/10.7174376"}}, {"type": "Feature", "geometry": {"type": "Point", "coordinates": [10.717021, 59.9284895]}, "properties": {"id": 1063610484, "feat_type": "way", "quality_categories": "improper_geometries", "issue_ids": "[1]", "osm_url": "https://www.openstreetmap.org/way/1063610484", "josm_url": "http://127.0.0.1:8111/load_object?new_layer=false&objects=w1063610484", "id_url": "https://www.openstreetmap.org/edit?editor=id&way=1063610484#map=20/59.9284895/10.717021"}}, {"type": "Feature", "geometry": {"type": "Point", "coordinates": [10.7169136, 59.9284574]}, "properties": {"id": 1063610486, "feat_type": "way", "quality_categories": "improper_geometries", "issue_ids": "[1]", "osm_url": "https://www.openstreetmap.org/way/1063610486", "josm_url": "http://127.0.0.1:8111/load_object?new_layer=false&objects=w1063610486", "id_url": "https://www.openstreetmap.org/edit?editor=id&way=1063610486#map=20/59.9284574/10.7169136"}}, {"type": "Feature", "geometry": {"type": "Point", "coordinates": [10.728785, 59.9106212]}, "properties": {"id": 1068984963, "feat_type": "way", "quality_categories": "improper_geometries", "issue_ids": "[1]", "osm_url": "https://www.openstreetmap.org/way/1068984963", "josm_url": "http://127.0.0.1:8111/load_object?new_layer=false&objects=w1068984963", "id_url": "https://www.openstreetmap.org/edit?editor=id&way=1068984963#map=20/59.9106212/10.728785"}}, {"type": "Feature", "geometry": {"type": "Point", "coordinates": [10.7289945, 59.910453]}, "properties": {"id": 1068984964, "feat_type": "way", "quality_categories": "improper_geometries", "issue_ids": "[1]", "osm_url": "https://www.openstreetmap.org/way/1068984964", "josm_url": "http://127.0.0.1:8111/load_object?new_layer=false&objects=w1068984964", "id_url": "https://www.openstreetmap.org/edit?editor=id&way=1068984964#map=20/59.910453/10.7289945"}}, {"type": "Feature", "geometry": {"type": "Point", "coordinates": [10.7268181, 59.9141838]}, "properties": {"id": 1082712305, "feat_type": "way", "quality_categories": "improper_geometries", "issue_ids": "[1]", "osm_url": "https://www.openstreetmap.org/way/1082712305", "josm_url": "http://127.0.0.1:8111/load_object?new_layer=false&objects=w1082712305", "id_url": "https://www.openstreetmap.org/edit?editor=id&way=1082712305#map=20/59.9141838/10.7268181"}}, {"type": "Feature", "geometry": {"type": "Point", "coordinates": [10.7266568, 59.9142277]}, "properties": {"id": 1082712307, "feat_type": "way", "quality_categories": "improper_geometries", "issue_ids": "[1]", "osm_url": "https://www.openstreetmap.org/way/1082712307", "josm_url": "http://127.0.0.1:8111/load_object?new_layer=false&objects=w1082712307", "id_url": "https://www.openstreetmap.org/edit?editor=id&way=1082712307#map=20/59.9142277/10.7266568"}}, {"type": "Feature", "geometry": {"type": "Point", "coordinates": [10.7267483, 59.9145576]}, "properties": {"id": 1082712309, "feat_type": "way", "quality_categories": "improper_geometries", "issue_ids": "[1]", "osm_url": "https://www.openstreetmap.org/way/1082712309", "josm_url": "http://127.0.0.1:8111/load_object?new_layer=false&objects=w1082712309", "id_url": "https://www.openstreetmap.org/edit?editor=id&way=1082712309#map=20/59.9145576/10.7267483"}}, {"type": "Feature", "geometry": {"type": "Point", "coordinates": [10.760967892348608, 59.952173200000004]}, "properties": {"id": 1086315745, "feat_type": "way", "quality_categories": "improper_geometries", "issue_ids": "[1]", "osm_url": "https://www.openstreetmap.org/way/1086315745", "josm_url": "http://127.0.0.1:8111/load_object?new_layer=false&objects=w1086315745", "id_url": "https://www.openstreetmap.org/edit?editor=id&way=1086315745#map=20/59.952173200000004/10.760967892348608"}}, {"type": "Feature", "geometry": {"type": "Point", "coordinates": [10.7632339, 59.9469574]}, "properties": {"id": 1086315845, "feat_type": "way", "quality_categories": "improper_geometries", "issue_ids": "[1]", "osm_url": "https://www.openstreetmap.org/way/1086315845", "josm_url": "http://127.0.0.1:8111/load_object?new_layer=false&objects=w1086315845", "id_url": "https://www.openstreetmap.org/edit?editor=id&way=1086315845#map=20/59.9469574/10.7632339"}}, {"type": "Feature", "geometry": {"type": "Point", "coordinates": [10.7632255, 59.9469739]}, "properties": {"id": 1086315846, "feat_type": "way", "quality_categories": "improper_geometries", "issue_ids": "[1]", "osm_url": "https://www.openstreetmap.org/way/1086315846", "josm_url": "http://127.0.0.1:8111/load_object?new_layer=false&objects=w1086315846", "id_url": "https://www.openstreetmap.org/edit?editor=id&way=1086315846#map=20/59.9469739/10.7632255"}}, {"type": "Feature", "geometry": {"type": "Point", "coordinates": [10.7633234, 59.9469922]}, "properties": {"id": 1086315847, "feat_type": "way", "quality_categories": "improper_geometries", "issue_ids": "[1]", "osm_url": "https://www.openstreetmap.org/way/1086315847", "josm_url": "http://127.0.0.1:8111/load_object?new_layer=false&objects=w1086315847", "id_url": "https://www.openstreetmap.org/edit?editor=id&way=1086315847#map=20/59.9469922/10.7633234"}}, {"type": "Feature", "geometry": {"type": "Point", "coordinates": [10.7631858, 59.9469527]}, "properties": {"id": 1086315848, "feat_type": "way", "quality_categories": "improper_geometries", "issue_ids": "[1]", "osm_url": "https://www.openstreetmap.org/way/1086315848", "josm_url": "http://127.0.0.1:8111/load_object?new_layer=false&objects=w1086315848", "id_url": "https://www.openstreetmap.org/edit?editor=id&way=1086315848#map=20/59.9469527/10.7631858"}}, {"type": "Feature", "geometry": {"type": "Point", "coordinates": [10.7604923, 59.9109648]}, "properties": {"id": 1106669585, "feat_type": "way", "quality_categories": "improper_geometries", "issue_ids": "[1]", "osm_url": "https://www.openstreetmap.org/way/1106669585", "josm_url": "http://127.0.0.1:8111/load_object?new_layer=false&objects=w1106669585", "id_url": "https://www.openstreetmap.org/edit?editor=id&way=1106669585#map=20/59.9109648/10.7604923"}}, {"type": "Feature", "geometry": {"type": "Point", "coordinates": [10.7604912, 59.9109792]}, "properties": {"id": 1106669586, "feat_type": "way", "quality_categories": "improper_geometries", "issue_ids": "[1]", "osm_url": "https://www.openstreetmap.org/way/1106669586", "josm_url": "http://127.0.0.1:8111/load_object?new_layer=false&objects=w1106669586", "id_url": "https://www.openstreetmap.org/edit?editor=id&way=1106669586#map=20/59.9109792/10.7604912"}}, {"type": "Feature", "geometry": {"type": "Point", "coordinates": [10.760096, 59.9110968]}, "properties": {"id": 1106669587, "feat_type": "way", "quality_categories": "improper_geometries", "issue_ids": "[1]", "osm_url": "https://www.openstreetmap.org/way/1106669587", "josm_url": "http://127.0.0.1:8111/load_object?new_layer=false&objects=w1106669587", "id_url": "https://www.openstreetmap.org/edit?editor=id&way=1106669587#map=20/59.9110968/10.760096"}}, {"type": "Feature", "geometry": {"type": "Point", "coordinates": [10.744409, 59.9165573]}, "properties": {"id": 1125808587, "feat_type": "way", "quality_categories": "improper_geometries", "issue_ids": "[1]", "osm_url": "https://www.openstreetmap.org/way/1125808587", "josm_url": "http://127.0.0.1:8111/load_object?new_layer=false&objects=w1125808587", "id_url": "https://www.openstreetmap.org/edit?editor=id&way=1125808587#map=20/59.9165573/10.744409"}}, {"type": "Feature", "geometry": {"type": "Point", "coordinates": [10.7333269, 59.9154948]}, "properties": {"id": 1149892688, "feat_type": "way", "quality_categories": "improper_geometries", "issue_ids": "[1]", "osm_url": "https://www.openstreetmap.org/way/1149892688", "josm_url": "http://127.0.0.1:8111/load_object?new_layer=false&objects=w1149892688", "id_url": "https://www.openstreetmap.org/edit?editor=id&way=1149892688#map=20/59.9154948/10.7333269"}}, {"type": "Feature", "geometry": {"type": "Point", "coordinates": [10.7330545, 59.9154076]}, "properties": {"id": 1149892689, "feat_type": "way", "quality_categories": "improper_geometries", "issue_ids": "[1]", "osm_url": "https://www.openstreetmap.org/way/1149892689", "josm_url": "http://127.0.0.1:8111/load_object?new_layer=false&objects=w1149892689", "id_url": "https://www.openstreetmap.org/edit?editor=id&way=1149892689#map=20/59.9154076/10.7330545"}}, {"type": "Feature", "geometry": {"type": "Point", "coordinates": [10.7439396, 59.9123764]}, "properties": {"id": 1149892704, "feat_type": "way", "quality_categories": "improper_geometries", "issue_ids": "[1]", "osm_url": "https://www.openstreetmap.org/way/1149892704", "josm_url": "http://127.0.0.1:8111/load_object?new_layer=false&objects=w1149892704", "id_url": "https://www.openstreetmap.org/edit?editor=id&way=1149892704#map=20/59.9123764/10.7439396"}}, {"type": "Feature", "geometry": {"type": "Point", "coordinates": [10.744071, 59.9123465]}, "properties": {"id": 1149892705, "feat_type": "way", "quality_categories": "improper_geometries", "issue_ids": "[1]", "osm_url": "https://www.openstreetmap.org/way/1149892705", "josm_url": "http://127.0.0.1:8111/load_object?new_layer=false&objects=w1149892705", "id_url": "https://www.openstreetmap.org/edit?editor=id&way=1149892705#map=20/59.9123465/10.744071"}}, {"type": "Feature", "geometry": {"type": "Point", "coordinates": [10.7285223, 59.92772]}, "properties": {"id": 1149923483, "feat_type": "way", "quality_categories": "improper_geometries", "issue_ids": "[1]", "osm_url": "https://www.openstreetmap.org/way/1149923483", "josm_url": "http://127.0.0.1:8111/load_object?new_layer=false&objects=w1149923483", "id_url": "https://www.openstreetmap.org/edit?editor=id&way=1149923483#map=20/59.92772/10.7285223"}}, {"type": "Feature", "geometry": {"type": "Point", "coordinates": [10.7309225, 59.9121084]}, "properties": {"id": 1149948886, "feat_type": "way", "quality_categories": "improper_geometries", "issue_ids": "[1]", "osm_url": "https://www.openstreetmap.org/way/1149948886", "josm_url": "http://127.0.0.1:8111/load_object?new_layer=false&objects=w1149948886", "id_url": "https://www.openstreetmap.org/edit?editor=id&way=1149948886#map=20/59.9121084/10.7309225"}}, {"type": "Feature", "geometry": {"type": "Point", "coordinates": [10.7320737, 59.9126974]}, "properties": {"id": 1149953587, "feat_type": "way", "quality_categories": "improper_geometries", "issue_ids": "[1]", "osm_url": "https://www.openstreetmap.org/way/1149953587", "josm_url": "http://127.0.0.1:8111/load_object?new_layer=false&objects=w1149953587", "id_url": "https://www.openstreetmap.org/edit?editor=id&way=1149953587#map=20/59.9126974/10.7320737"}}, {"type": "Feature", "geometry": {"type": "Point", "coordinates": [10.7517469, 59.916122]}, "properties": {"id": 1150436562, "feat_type": "way", "quality_categories": "improper_geometries", "issue_ids": "[1]", "osm_url": "https://www.openstreetmap.org/way/1150436562", "josm_url": "http://127.0.0.1:8111/load_object?new_layer=false&objects=w1150436562", "id_url": "https://www.openstreetmap.org/edit?editor=id&way=1150436562#map=20/59.916122/10.7517469"}}, {"type": "Feature", "geometry": {"type": "Point", "coordinates": [10.7514501, 59.9160396]}, "properties": {"id": 1150436563, "feat_type": "way", "quality_categories": "improper_geometries", "issue_ids": "[1]", "osm_url": "https://www.openstreetmap.org/way/1150436563", "josm_url": "http://127.0.0.1:8111/load_object?new_layer=false&objects=w1150436563", "id_url": "https://www.openstreetmap.org/edit?editor=id&way=1150436563#map=20/59.9160396/10.7514501"}}, {"type": "Feature", "geometry": {"type": "Point", "coordinates": [10.7511235, 59.9160186]}, "properties": {"id": 1150436564, "feat_type": "way", "quality_categories": "improper_geometries", "issue_ids": "[1]", "osm_url": "https://www.openstreetmap.org/way/1150436564", "josm_url": "http://127.0.0.1:8111/load_object?new_layer=false&objects=w1150436564", "id_url": "https://www.openstreetmap.org/edit?editor=id&way=1150436564#map=20/59.9160186/10.7511235"}}, {"type": "Feature", "geometry": {"type": "Point", "coordinates": [10.7530213, 59.9168146]}, "properties": {"id": 1150436565, "feat_type": "way", "quality_categories": "improper_geometries", "issue_ids": "[1]", "osm_url": "https://www.openstreetmap.org/way/1150436565", "josm_url": "http://127.0.0.1:8111/load_object?new_layer=false&objects=w1150436565", "id_url": "https://www.openstreetmap.org/edit?editor=id&way=1150436565#map=20/59.9168146/10.7530213"}}, {"type": "Feature", "geometry": {"type": "Point", "coordinates": [10.7528762, 59.9168159]}, "properties": {"id": 1150436566, "feat_type": "way", "quality_categories": "improper_geometries", "issue_ids": "[1]", "osm_url": "https://www.openstreetmap.org/way/1150436566", "josm_url": "http://127.0.0.1:8111/load_object?new_layer=false&objects=w1150436566", "id_url": "https://www.openstreetmap.org/edit?editor=id&way=1150436566#map=20/59.9168159/10.7528762"}}, {"type": "Feature", "geometry": {"type": "Point", "coordinates": [10.7531722, 59.9169502]}, "properties": {"id": 1150436567, "feat_type": "way", "quality_categories": "improper_geometries", "issue_ids": "[1]", "osm_url": "https://www.openstreetmap.org/way/1150436567", "josm_url": "http://127.0.0.1:8111/load_object?new_layer=false&objects=w1150436567", "id_url": "https://www.openstreetmap.org/edit?editor=id&way=1150436567#map=20/59.9169502/10.7531722"}}, {"type": "Feature", "geometry": {"type": "Point", "coordinates": [10.7532149, 59.9169226]}, "properties": {"id": 1150436568, "feat_type": "way", "quality_categories": "improper_geometries", "issue_ids": "[1]", "osm_url": "https://www.openstreetmap.org/way/1150436568", "josm_url": "http://127.0.0.1:8111/load_object?new_layer=false&objects=w1150436568", "id_url": "https://www.openstreetmap.org/edit?editor=id&way=1150436568#map=20/59.9169226/10.7532149"}}, {"type": "Feature", "geometry": {"type": "Point", "coordinates": [10.762389068181818, 59.9342717]}, "properties": {"id": 1163421241, "feat_type": "way", "quality_categories": "improper_geometries", "issue_ids": "[1]", "osm_url": "https://www.openstreetmap.org/way/1163421241", "josm_url": "http://127.0.0.1:8111/load_object?new_layer=false&objects=w1163421241", "id_url": "https://www.openstreetmap.org/edit?editor=id&way=1163421241#map=20/59.9342717/10.762389068181818"}}, {"type": "Feature", "geometry": {"type": "Point", "coordinates": [10.715506, 59.9179024]}, "properties": {"id": 1169455865, "feat_type": "way", "quality_categories": "improper_geometries", "issue_ids": "[1]", "osm_url": "https://www.openstreetmap.org/way/1169455865", "josm_url": "http://127.0.0.1:8111/load_object?new_layer=false&objects=w1169455865", "id_url": "https://www.openstreetmap.org/edit?editor=id&way=1169455865#map=20/59.9179024/10.715506"}}, {"type": "Feature", "geometry": {"type": "Point", "coordinates": [10.771247535641152, 59.91421875]}, "properties": {"id": 1181770410, "feat_type": "way", "quality_categories": "improper_geometries", "issue_ids": "[1]", "osm_url": "https://www.openstreetmap.org/way/1181770410", "josm_url": "http://127.0.0.1:8111/load_object?new_layer=false&objects=w1181770410", "id_url": "https://www.openstreetmap.org/edit?editor=id&way=1181770410#map=20/59.91421875/10.771247535641152"}}, {"type": "Feature", "geometry": {"type": "Point", "coordinates": [10.760120395893718, 59.9267603]}, "properties": {"id": 1185785052, "feat_type": "way", "quality_categories": "improper_geometries", "issue_ids": "[1]", "osm_url": "https://www.openstreetmap.org/way/1185785052", "josm_url": "http://127.0.0.1:8111/load_object?new_layer=false&objects=w1185785052", "id_url": "https://www.openstreetmap.org/edit?editor=id&way=1185785052#map=20/59.9267603/10.760120395893718"}}, {"type": "Feature", "geometry": {"type": "Point", "coordinates": [10.728582, 59.9108172]}, "properties": {"id": 1217369837, "feat_type": "way", "quality_categories": "improper_geometries", "issue_ids": "[1]", "osm_url": "https://www.openstreetmap.org/way/1217369837", "josm_url": "http://127.0.0.1:8111/load_object?new_layer=false&objects=w1217369837", "id_url": "https://www.openstreetmap.org/edit?editor=id&way=1217369837#map=20/59.9108172/10.728582"}}, {"type": "Feature", "geometry": {"type": "Point", "coordinates": [10.7508012, 59.9155207]}, "properties": {"id": 1226042272, "feat_type": "way", "quality_categories": "improper_geometries", "issue_ids": "[1]", "osm_url": "https://www.openstreetmap.org/way/1226042272", "josm_url": "http://127.0.0.1:8111/load_object?new_layer=false&objects=w1226042272", "id_url": "https://www.openstreetmap.org/edit?editor=id&way=1226042272#map=20/59.9155207/10.7508012"}}, {"type": "Feature", "geometry": {"type": "Point", "coordinates": [10.7505172, 59.915558]}, "properties": {"id": 1226042273, "feat_type": "way", "quality_categories": "improper_geometries", "issue_ids": "[1]", "osm_url": "https://www.openstreetmap.org/way/1226042273", "josm_url": "http://127.0.0.1:8111/load_object?new_layer=false&objects=w1226042273", "id_url": "https://www.openstreetmap.org/edit?editor=id&way=1226042273#map=20/59.915558/10.7505172"}}, {"type": "Feature", "geometry": {"type": "Point", "coordinates": [10.7550533, 59.9178723]}, "properties": {"id": 1226043434, "feat_type": "way", "quality_categories": "improper_geometries", "issue_ids": "[1]", "osm_url": "https://www.openstreetmap.org/way/1226043434", "josm_url": "http://127.0.0.1:8111/load_object?new_layer=false&objects=w1226043434", "id_url": "https://www.openstreetmap.org/edit?editor=id&way=1226043434#map=20/59.9178723/10.7550533"}}, {"type": "Feature", "geometry": {"type": "Point", "coordinates": [10.7352123, 59.9250646]}, "properties": {"id": 1226530081, "feat_type": "way", "quality_categories": "improper_geometries", "issue_ids": "[1]", "osm_url": "https://www.openstreetmap.org/way/1226530081", "josm_url": "http://127.0.0.1:8111/load_object?new_layer=false&objects=w1226530081", "id_url": "https://www.openstreetmap.org/edit?editor=id&way=1226530081#map=20/59.9250646/10.7352123"}}, {"type": "Feature", "geometry": {"type": "Point", "coordinates": [10.7348868, 59.9249753]}, "properties": {"id": 1226530082, "feat_type": "way", "quality_categories": "improper_geometries", "issue_ids": "[1]", "osm_url": "https://www.openstreetmap.org/way/1226530082", "josm_url": "http://127.0.0.1:8111/load_object?new_layer=false&objects=w1226530082", "id_url": "https://www.openstreetmap.org/edit?editor=id&way=1226530082#map=20/59.9249753/10.7348868"}}, {"type": "Feature", "geometry": {"type": "Point", "coordinates": [10.7350018, 59.9243595]}, "properties": {"id": 1226530083, "feat_type": "way", "quality_categories": "improper_geometries", "issue_ids": "[1]", "osm_url": "https://www.openstreetmap.org/way/1226530083", "josm_url": "http://127.0.0.1:8111/load_object?new_layer=false&objects=w1226530083", "id_url": "https://www.openstreetmap.org/edit?editor=id&way=1226530083#map=20/59.9243595/10.7350018"}}, {"type": "Feature", "geometry": {"type": "Point", "coordinates": [10.7351248, 59.9240304]}, "properties": {"id": 1226530084, "feat_type": "way", "quality_categories": "improper_geometries", "issue_ids": "[1]", "osm_url": "https://www.openstreetmap.org/way/1226530084", "josm_url": "http://127.0.0.1:8111/load_object?new_layer=false&objects=w1226530084", "id_url": "https://www.openstreetmap.org/edit?editor=id&way=1226530084#map=20/59.9240304/10.7351248"}}, {"type": "Feature", "geometry": {"type": "Point", "coordinates": [10.7357243, 59.9245886]}, "properties": {"id": 1226530085, "feat_type": "way", "quality_categories": "improper_geometries", "issue_ids": "[1]", "osm_url": "https://www.openstreetmap.org/way/1226530085", "josm_url": "http://127.0.0.1:8111/load_object?new_layer=false&objects=w1226530085", "id_url": "https://www.openstreetmap.org/edit?editor=id&way=1226530085#map=20/59.9245886/10.7357243"}}, {"type": "Feature", "geometry": {"type": "Point", "coordinates": [10.7172378, 59.9205291]}, "properties": {"id": 1227111669, "feat_type": "way", "quality_categories": "improper_geometries", "issue_ids": "[1]", "osm_url": "https://www.openstreetmap.org/way/1227111669", "josm_url": "http://127.0.0.1:8111/load_object?new_layer=false&objects=w1227111669", "id_url": "https://www.openstreetmap.org/edit?editor=id&way=1227111669#map=20/59.9205291/10.7172378"}}, {"type": "Feature", "geometry": {"type": "Point", "coordinates": [10.7180844, 59.9208398]}, "properties": {"id": 1227111682, "feat_type": "way", "quality_categories": "improper_geometries", "issue_ids": "[1]", "osm_url": "https://www.openstreetmap.org/way/1227111682", "josm_url": "http://127.0.0.1:8111/load_object?new_layer=false&objects=w1227111682", "id_url": "https://www.openstreetmap.org/edit?editor=id&way=1227111682#map=20/59.9208398/10.7180844"}}, {"type": "Feature", "geometry": {"type": "Point", "coordinates": [10.7195752, 59.9188952]}, "properties": {"id": 1227232360, "feat_type": "way", "quality_categories": "improper_geometries", "issue_ids": "[1]", "osm_url": "https://www.openstreetmap.org/way/1227232360", "josm_url": "http://127.0.0.1:8111/load_object?new_layer=false&objects=w1227232360", "id_url": "https://www.openstreetmap.org/edit?editor=id&way=1227232360#map=20/59.9188952/10.7195752"}}, {"type": "Feature", "geometry": {"type": "Point", "coordinates": [10.7198984, 59.9190665]}, "properties": {"id": 1227232361, "feat_type": "way", "quality_categories": "improper_geometries", "issue_ids": "[1]", "osm_url": "https://www.openstreetmap.org/way/1227232361", "josm_url": "http://127.0.0.1:8111/load_object?new_layer=false&objects=w1227232361", "id_url": "https://www.openstreetmap.org/edit?editor=id&way=1227232361#map=20/59.9190665/10.7198984"}}, {"type": "Feature", "geometry": {"type": "Point", "coordinates": [10.7196964, 59.9190481]}, "properties": {"id": 1227232362, "feat_type": "way", "quality_categories": "improper_geometries", "issue_ids": "[1]", "osm_url": "https://www.openstreetmap.org/way/1227232362", "josm_url": "http://127.0.0.1:8111/load_object?new_layer=false&objects=w1227232362", "id_url": "https://www.openstreetmap.org/edit?editor=id&way=1227232362#map=20/59.9190481/10.7196964"}}, {"type": "Feature", "geometry": {"type": "Point", "coordinates": [10.7822523, 59.9120991]}, "properties": {"id": 1227405298, "feat_type": "way", "quality_categories": "improper_geometries", "issue_ids": "[1]", "osm_url": "https://www.openstreetmap.org/way/1227405298", "josm_url": "http://127.0.0.1:8111/load_object?new_layer=false&objects=w1227405298", "id_url": "https://www.openstreetmap.org/edit?editor=id&way=1227405298#map=20/59.9120991/10.7822523"}}, {"type": "Feature", "geometry": {"type": "Point", "coordinates": [10.7833139, 59.9118507]}, "properties": {"id": 1227405301, "feat_type": "way", "quality_categories": "improper_geometries", "issue_ids": "[1]", "osm_url": "https://www.openstreetmap.org/way/1227405301", "josm_url": "http://127.0.0.1:8111/load_object?new_layer=false&objects=w1227405301", "id_url": "https://www.openstreetmap.org/edit?editor=id&way=1227405301#map=20/59.9118507/10.7833139"}}, {"type": "Feature", "geometry": {"type": "Point", "coordinates": [10.7727656, 59.931042]}, "properties": {"id": 1228691217, "feat_type": "way", "quality_categories": "improper_geometries", "issue_ids": "[1]", "osm_url": "https://www.openstreetmap.org/way/1228691217", "josm_url": "http://127.0.0.1:8111/load_object?new_layer=false&objects=w1228691217", "id_url": "https://www.openstreetmap.org/edit?editor=id&way=1228691217#map=20/59.931042/10.7727656"}}, {"type": "Feature", "geometry": {"type": "Point", "coordinates": [10.7755852, 59.9259984]}, "properties": {"id": 1241021446, "feat_type": "way", "quality_categories": "improper_geometries", "issue_ids": "[1]", "osm_url": "https://www.openstreetmap.org/way/1241021446", "josm_url": "http://127.0.0.1:8111/load_object?new_layer=false&objects=w1241021446", "id_url": "https://www.openstreetmap.org/edit?editor=id&way=1241021446#map=20/59.9259984/10.7755852"}}, {"type": "Feature", "geometry": {"type": "Point", "coordinates": [10.7756809, 59.9259301]}, "properties": {"id": 1241021447, "feat_type": "way", "quality_categories": "improper_geometries", "issue_ids": "[1]", "osm_url": "https://www.openstreetmap.org/way/1241021447", "josm_url": "http://127.0.0.1:8111/load_object?new_layer=false&objects=w1241021447", "id_url": "https://www.openstreetmap.org/edit?editor=id&way=1241021447#map=20/59.9259301/10.7756809"}}, {"type": "Feature", "geometry": {"type": "Point", "coordinates": [10.7756107, 59.9254388]}, "properties": {"id": 1241021448, "feat_type": "way", "quality_categories": "improper_geometries", "issue_ids": "[1]", "osm_url": "https://www.openstreetmap.org/way/1241021448", "josm_url": "http://127.0.0.1:8111/load_object?new_layer=false&objects=w1241021448", "id_url": "https://www.openstreetmap.org/edit?editor=id&way=1241021448#map=20/59.9254388/10.7756107"}}, {"type": "Feature", "geometry": {"type": "Point", "coordinates": [10.775281, 59.9252266]}, "properties": {"id": 1241021449, "feat_type": "way", "quality_categories": "improper_geometries", "issue_ids": "[1]", "osm_url": "https://www.openstreetmap.org/way/1241021449", "josm_url": "http://127.0.0.1:8111/load_object?new_layer=false&objects=w1241021449", "id_url": "https://www.openstreetmap.org/edit?editor=id&way=1241021449#map=20/59.9252266/10.775281"}}, {"type": "Feature", "geometry": {"type": "Point", "coordinates": [10.7749119, 59.925462]}, "properties": {"id": 1241021450, "feat_type": "way", "quality_categories": "improper_geometries", "issue_ids": "[1]", "osm_url": "https://www.openstreetmap.org/way/1241021450", "josm_url": "http://127.0.0.1:8111/load_object?new_layer=false&objects=w1241021450", "id_url": "https://www.openstreetmap.org/edit?editor=id&way=1241021450#map=20/59.925462/10.7749119"}}, {"type": "Feature", "geometry": {"type": "Point", "coordinates": [10.7741879, 59.9257765]}, "properties": {"id": 1241021451, "feat_type": "way", "quality_categories": "improper_geometries", "issue_ids": "[1]", "osm_url": "https://www.openstreetmap.org/way/1241021451", "josm_url": "http://127.0.0.1:8111/load_object?new_layer=false&objects=w1241021451", "id_url": "https://www.openstreetmap.org/edit?editor=id&way=1241021451#map=20/59.9257765/10.7741879"}}, {"type": "Feature", "geometry": {"type": "Point", "coordinates": [10.7741789, 59.9258053]}, "properties": {"id": 1241021452, "feat_type": "way", "quality_categories": "improper_geometries", "issue_ids": "[1]", "osm_url": "https://www.openstreetmap.org/way/1241021452", "josm_url": "http://127.0.0.1:8111/load_object?new_layer=false&objects=w1241021452", "id_url": "https://www.openstreetmap.org/edit?editor=id&way=1241021452#map=20/59.9258053/10.7741789"}}, {"type": "Feature", "geometry": {"type": "Point", "coordinates": [10.7741956, 59.9258321]}, "properties": {"id": 1241021453, "feat_type": "way", "quality_categories": "improper_geometries", "issue_ids": "[1]", "osm_url": "https://www.openstreetmap.org/way/1241021453", "josm_url": "http://127.0.0.1:8111/load_object?new_layer=false&objects=w1241021453", "id_url": "https://www.openstreetmap.org/edit?editor=id&way=1241021453#map=20/59.9258321/10.7741956"}}, {"type": "Feature", "geometry": {"type": "Point", "coordinates": [10.7747212, 59.9259535]}, "properties": {"id": 1241021454, "feat_type": "way", "quality_categories": "improper_geometries", "issue_ids": "[1]", "osm_url": "https://www.openstreetmap.org/way/1241021454", "josm_url": "http://127.0.0.1:8111/load_object?new_layer=false&objects=w1241021454", "id_url": "https://www.openstreetmap.org/edit?editor=id&way=1241021454#map=20/59.9259535/10.7747212"}}, {"type": "Feature", "geometry": {"type": "Point", "coordinates": [10.7752738, 59.9260107]}, "properties": {"id": 1241021455, "feat_type": "way", "quality_categories": "improper_geometries", "issue_ids": "[1]", "osm_url": "https://www.openstreetmap.org/way/1241021455", "josm_url": "http://127.0.0.1:8111/load_object?new_layer=false&objects=w1241021455", "id_url": "https://www.openstreetmap.org/edit?editor=id&way=1241021455#map=20/59.9260107/10.7752738"}}, {"type": "Feature", "geometry": {"type": "Point", "coordinates": [10.7761348, 59.9260366]}, "properties": {"id": 1241021462, "feat_type": "way", "quality_categories": "improper_geometries", "issue_ids": "[1]", "osm_url": "https://www.openstreetmap.org/way/1241021462", "josm_url": "http://127.0.0.1:8111/load_object?new_layer=false&objects=w1241021462", "id_url": "https://www.openstreetmap.org/edit?editor=id&way=1241021462#map=20/59.9260366/10.7761348"}}, {"type": "Feature", "geometry": {"type": "Point", "coordinates": [10.7757275, 59.9262684]}, "properties": {"id": 1241021463, "feat_type": "way", "quality_categories": "improper_geometries", "issue_ids": "[1]", "osm_url": "https://www.openstreetmap.org/way/1241021463", "josm_url": "http://127.0.0.1:8111/load_object?new_layer=false&objects=w1241021463", "id_url": "https://www.openstreetmap.org/edit?editor=id&way=1241021463#map=20/59.9262684/10.7757275"}}, {"type": "Feature", "geometry": {"type": "Point", "coordinates": [10.7759214, 59.9259423]}, "properties": {"id": 1241021464, "feat_type": "way", "quality_categories": "improper_geometries", "issue_ids": "[1]", "osm_url": "https://www.openstreetmap.org/way/1241021464", "josm_url": "http://127.0.0.1:8111/load_object?new_layer=false&objects=w1241021464", "id_url": "https://www.openstreetmap.org/edit?editor=id&way=1241021464#map=20/59.9259423/10.7759214"}}, {"type": "Feature", "geometry": {"type": "Point", "coordinates": [10.7758885, 59.9255296]}, "properties": {"id": 1241021465, "feat_type": "way", "quality_categories": "improper_geometries", "issue_ids": "[1]", "osm_url": "https://www.openstreetmap.org/way/1241021465", "josm_url": "http://127.0.0.1:8111/load_object?new_layer=false&objects=w1241021465", "id_url": "https://www.openstreetmap.org/edit?editor=id&way=1241021465#map=20/59.9255296/10.7758885"}}, {"type": "Feature", "geometry": {"type": "Point", "coordinates": [10.775944, 59.9259206]}, "properties": {"id": 1241021466, "feat_type": "way", "quality_categories": "improper_geometries", "issue_ids": "[1]", "osm_url": "https://www.openstreetmap.org/way/1241021466", "josm_url": "http://127.0.0.1:8111/load_object?new_layer=false&objects=w1241021466", "id_url": "https://www.openstreetmap.org/edit?editor=id&way=1241021466#map=20/59.9259206/10.775944"}}, {"type": "Feature", "geometry": {"type": "Point", "coordinates": [10.7759043, 59.9258778]}, "properties": {"id": 1241021467, "feat_type": "way", "quality_categories": "improper_geometries", "issue_ids": "[1]", "osm_url": "https://www.openstreetmap.org/way/1241021467", "josm_url": "http://127.0.0.1:8111/load_object?new_layer=false&objects=w1241021467", "id_url": "https://www.openstreetmap.org/edit?editor=id&way=1241021467#map=20/59.9258778/10.7759043"}}, {"type": "Feature", "geometry": {"type": "Point", "coordinates": [10.7757853, 59.925882]}, "properties": {"id": 1241021468, "feat_type": "way", "quality_categories": "improper_geometries", "issue_ids": "[1]", "osm_url": "https://www.openstreetmap.org/way/1241021468", "josm_url": "http://127.0.0.1:8111/load_object?new_layer=false&objects=w1241021468", "id_url": "https://www.openstreetmap.org/edit?editor=id&way=1241021468#map=20/59.925882/10.7757853"}}, {"type": "Feature", "geometry": {"type": "Point", "coordinates": [10.7757522, 59.9258832]}, "properties": {"id": 1241021469, "feat_type": "way", "quality_categories": "improper_geometries", "issue_ids": "[1]", "osm_url": "https://www.openstreetmap.org/way/1241021469", "josm_url": "http://127.0.0.1:8111/load_object?new_layer=false&objects=w1241021469", "id_url": "https://www.openstreetmap.org/edit?editor=id&way=1241021469#map=20/59.9258832/10.7757522"}}, {"type": "Feature", "geometry": {"type": "Point", "coordinates": [10.775787, 59.9259474]}, "properties": {"id": 1241021470, "feat_type": "way", "quality_categories": "improper_geometries", "issue_ids": "[1]", "osm_url": "https://www.openstreetmap.org/way/1241021470", "josm_url": "http://127.0.0.1:8111/load_object?new_layer=false&objects=w1241021470", "id_url": "https://www.openstreetmap.org/edit?editor=id&way=1241021470#map=20/59.9259474/10.775787"}}, {"type": "Feature", "geometry": {"type": "Point", "coordinates": [10.7786319, 59.9258501]}, "properties": {"id": 1241021481, "feat_type": "way", "quality_categories": "improper_geometries", "issue_ids": "[1]", "osm_url": "https://www.openstreetmap.org/way/1241021481", "josm_url": "http://127.0.0.1:8111/load_object?new_layer=false&objects=w1241021481", "id_url": "https://www.openstreetmap.org/edit?editor=id&way=1241021481#map=20/59.9258501/10.7786319"}}, {"type": "Feature", "geometry": {"type": "Point", "coordinates": [10.7793511, 59.9266347]}, "properties": {"id": 1241021482, "feat_type": "way", "quality_categories": "improper_geometries", "issue_ids": "[1]", "osm_url": "https://www.openstreetmap.org/way/1241021482", "josm_url": "http://127.0.0.1:8111/load_object?new_layer=false&objects=w1241021482", "id_url": "https://www.openstreetmap.org/edit?editor=id&way=1241021482#map=20/59.9266347/10.7793511"}}, {"type": "Feature", "geometry": {"type": "Point", "coordinates": [10.7804053, 59.9271276]}, "properties": {"id": 1241021483, "feat_type": "way", "quality_categories": "improper_geometries", "issue_ids": "[1]", "osm_url": "https://www.openstreetmap.org/way/1241021483", "josm_url": "http://127.0.0.1:8111/load_object?new_layer=false&objects=w1241021483", "id_url": "https://www.openstreetmap.org/edit?editor=id&way=1241021483#map=20/59.9271276/10.7804053"}}, {"type": "Feature", "geometry": {"type": "Point", "coordinates": [10.7804244, 59.9271479]}, "properties": {"id": 1241021484, "feat_type": "way", "quality_categories": "improper_geometries", "issue_ids": "[1]", "osm_url": "https://www.openstreetmap.org/way/1241021484", "josm_url": "http://127.0.0.1:8111/load_object?new_layer=false&objects=w1241021484", "id_url": "https://www.openstreetmap.org/edit?editor=id&way=1241021484#map=20/59.9271479/10.7804244"}}, {"type": "Feature", "geometry": {"type": "Point", "coordinates": [10.7810137, 59.9286732]}, "properties": {"id": 1241031555, "feat_type": "way", "quality_categories": "improper_geometries", "issue_ids": "[1]", "osm_url": "https://www.openstreetmap.org/way/1241031555", "josm_url": "http://127.0.0.1:8111/load_object?new_layer=false&objects=w1241031555", "id_url": "https://www.openstreetmap.org/edit?editor=id&way=1241031555#map=20/59.9286732/10.7810137"}}, {"type": "Feature", "geometry": {"type": "Point", "coordinates": [10.7210185, 59.9153754]}, "properties": {"id": 1241039832, "feat_type": "way", "quality_categories": "improper_geometries", "issue_ids": "[1]", "osm_url": "https://www.openstreetmap.org/way/1241039832", "josm_url": "http://127.0.0.1:8111/load_object?new_layer=false&objects=w1241039832", "id_url": "https://www.openstreetmap.org/edit?editor=id&way=1241039832#map=20/59.9153754/10.7210185"}}, {"type": "Feature", "geometry": {"type": "Point", "coordinates": [10.7210012, 59.9153281]}, "properties": {"id": 1241039833, "feat_type": "way", "quality_categories": "improper_geometries", "issue_ids": "[1]", "osm_url": "https://www.openstreetmap.org/way/1241039833", "josm_url": "http://127.0.0.1:8111/load_object?new_layer=false&objects=w1241039833", "id_url": "https://www.openstreetmap.org/edit?editor=id&way=1241039833#map=20/59.9153281/10.7210012"}}, {"type": "Feature", "geometry": {"type": "Point", "coordinates": [10.7211655, 59.915383]}, "properties": {"id": 1241039834, "feat_type": "way", "quality_categories": "improper_geometries", "issue_ids": "[1]", "osm_url": "https://www.openstreetmap.org/way/1241039834", "josm_url": "http://127.0.0.1:8111/load_object?new_layer=false&objects=w1241039834", "id_url": "https://www.openstreetmap.org/edit?editor=id&way=1241039834#map=20/59.915383/10.7211655"}}, {"type": "Feature", "geometry": {"type": "Point", "coordinates": [10.7211896, 59.915326]}, "properties": {"id": 1241039835, "feat_type": "way", "quality_categories": "improper_geometries", "issue_ids": "[1]", "osm_url": "https://www.openstreetmap.org/way/1241039835", "josm_url": "http://127.0.0.1:8111/load_object?new_layer=false&objects=w1241039835", "id_url": "https://www.openstreetmap.org/edit?editor=id&way=1241039835#map=20/59.915326/10.7211896"}}, {"type": "Feature", "geometry": {"type": "Point", "coordinates": [10.7203969, 59.9152346]}, "properties": {"id": 1241348506, "feat_type": "way", "quality_categories": "improper_geometries", "issue_ids": "[1]", "osm_url": "https://www.openstreetmap.org/way/1241348506", "josm_url": "http://127.0.0.1:8111/load_object?new_layer=false&objects=w1241348506", "id_url": "https://www.openstreetmap.org/edit?editor=id&way=1241348506#map=20/59.9152346/10.7203969"}}, {"type": "Feature", "geometry": {"type": "Point", "coordinates": [10.7198174, 59.9151085]}, "properties": {"id": 1241348507, "feat_type": "way", "quality_categories": "improper_geometries", "issue_ids": "[1]", "osm_url": "https://www.openstreetmap.org/way/1241348507", "josm_url": "http://127.0.0.1:8111/load_object?new_layer=false&objects=w1241348507", "id_url": "https://www.openstreetmap.org/edit?editor=id&way=1241348507#map=20/59.9151085/10.7198174"}}, {"type": "Feature", "geometry": {"type": "Point", "coordinates": [10.7225811, 59.9123152]}, "properties": {"id": 1241637135, "feat_type": "way", "quality_categories": "improper_geometries", "issue_ids": "[1]", "osm_url": "https://www.openstreetmap.org/way/1241637135", "josm_url": "http://127.0.0.1:8111/load_object?new_layer=false&objects=w1241637135", "id_url": "https://www.openstreetmap.org/edit?editor=id&way=1241637135#map=20/59.9123152/10.7225811"}}, {"type": "Feature", "geometry": {"type": "Point", "coordinates": [10.7211925, 59.9109764]}, "properties": {"id": 1241730745, "feat_type": "way", "quality_categories": "improper_geometries", "issue_ids": "[1]", "osm_url": "https://www.openstreetmap.org/way/1241730745", "josm_url": "http://127.0.0.1:8111/load_object?new_layer=false&objects=w1241730745", "id_url": "https://www.openstreetmap.org/edit?editor=id&way=1241730745#map=20/59.9109764/10.7211925"}}, {"type": "Feature", "geometry": {"type": "Point", "coordinates": [10.721484, 59.9109568]}, "properties": {"id": 1241730746, "feat_type": "way", "quality_categories": "improper_geometries", "issue_ids": "[1]", "osm_url": "https://www.openstreetmap.org/way/1241730746", "josm_url": "http://127.0.0.1:8111/load_object?new_layer=false&objects=w1241730746", "id_url": "https://www.openstreetmap.org/edit?editor=id&way=1241730746#map=20/59.9109568/10.721484"}}, {"type": "Feature", "geometry": {"type": "Point", "coordinates": [10.7214891, 59.9109076]}, "properties": {"id": 1241730747, "feat_type": "way", "quality_categories": "improper_geometries", "issue_ids": "[1]", "osm_url": "https://www.openstreetmap.org/way/1241730747", "josm_url": "http://127.0.0.1:8111/load_object?new_layer=false&objects=w1241730747", "id_url": "https://www.openstreetmap.org/edit?editor=id&way=1241730747#map=20/59.9109076/10.7214891"}}, {"type": "Feature", "geometry": {"type": "Point", "coordinates": [10.7202813, 59.9108725]}, "properties": {"id": 1241730761, "feat_type": "way", "quality_categories": "improper_geometries", "issue_ids": "[1]", "osm_url": "https://www.openstreetmap.org/way/1241730761", "josm_url": "http://127.0.0.1:8111/load_object?new_layer=false&objects=w1241730761", "id_url": "https://www.openstreetmap.org/edit?editor=id&way=1241730761#map=20/59.9108725/10.7202813"}}, {"type": "Feature", "geometry": {"type": "Point", "coordinates": [10.7970632, 59.9305344]}, "properties": {"id": 1243454362, "feat_type": "way", "quality_categories": "improper_geometries", "issue_ids": "[1]", "osm_url": "https://www.openstreetmap.org/way/1243454362", "josm_url": "http://127.0.0.1:8111/load_object?new_layer=false&objects=w1243454362", "id_url": "https://www.openstreetmap.org/edit?editor=id&way=1243454362#map=20/59.9305344/10.7970632"}}, {"type": "Feature", "geometry": {"type": "Point", "coordinates": [10.8073105, 59.9455791]}, "properties": {"id": 1262169059, "feat_type": "way", "quality_categories": "improper_geometries", "issue_ids": "[1]", "osm_url": "https://www.openstreetmap.org/way/1262169059", "josm_url": "http://127.0.0.1:8111/load_object?new_layer=false&objects=w1262169059", "id_url": "https://www.openstreetmap.org/edit?editor=id&way=1262169059#map=20/59.9455791/10.8073105"}}, {"type": "Feature", "geometry": {"type": "Point", "coordinates": [10.8048575, 59.9454724]}, "properties": {"id": 1262170769, "feat_type": "way", "quality_categories": "improper_geometries", "issue_ids": "[1]", "osm_url": "https://www.openstreetmap.org/way/1262170769", "josm_url": "http://127.0.0.1:8111/load_object?new_layer=false&objects=w1262170769", "id_url": "https://www.openstreetmap.org/edit?editor=id&way=1262170769#map=20/59.9454724/10.8048575"}}, {"type": "Feature", "geometry": {"type": "Point", "coordinates": [10.804788, 59.9453788]}, "properties": {"id": 1262170770, "feat_type": "way", "quality_categories": "improper_geometries", "issue_ids": "[1]", "osm_url": "https://www.openstreetmap.org/way/1262170770", "josm_url": "http://127.0.0.1:8111/load_object?new_layer=false&objects=w1262170770", "id_url": "https://www.openstreetmap.org/edit?editor=id&way=1262170770#map=20/59.9453788/10.804788"}}, {"type": "Feature", "geometry": {"type": "Point", "coordinates": [10.8080799, 59.9440512]}, "properties": {"id": 1262176922, "feat_type": "way", "quality_categories": "improper_geometries", "issue_ids": "[1]", "osm_url": "https://www.openstreetmap.org/way/1262176922", "josm_url": "http://127.0.0.1:8111/load_object?new_layer=false&objects=w1262176922", "id_url": "https://www.openstreetmap.org/edit?editor=id&way=1262176922#map=20/59.9440512/10.8080799"}}, {"type": "Feature", "geometry": {"type": "Point", "coordinates": [10.7849488, 59.9595719]}, "properties": {"id": 1263590704, "feat_type": "way", "quality_categories": "improper_geometries", "issue_ids": "[1]", "osm_url": "https://www.openstreetmap.org/way/1263590704", "josm_url": "http://127.0.0.1:8111/load_object?new_layer=false&objects=w1263590704", "id_url": "https://www.openstreetmap.org/edit?editor=id&way=1263590704#map=20/59.9595719/10.7849488"}}, {"type": "Feature", "geometry": {"type": "Point", "coordinates": [10.783716, 59.9612788]}, "properties": {"id": 1263590705, "feat_type": "way", "quality_categories": "improper_geometries", "issue_ids": "[1]", "osm_url": "https://www.openstreetmap.org/way/1263590705", "josm_url": "http://127.0.0.1:8111/load_object?new_layer=false&objects=w1263590705", "id_url": "https://www.openstreetmap.org/edit?editor=id&way=1263590705#map=20/59.9612788/10.783716"}}, {"type": "Feature", "geometry": {"type": "Point", "coordinates": [10.7842136, 59.9608855]}, "properties": {"id": 1263590706, "feat_type": "way", "quality_categories": "improper_geometries", "issue_ids": "[1]", "osm_url": "https://www.openstreetmap.org/way/1263590706", "josm_url": "http://127.0.0.1:8111/load_object?new_layer=false&objects=w1263590706", "id_url": "https://www.openstreetmap.org/edit?editor=id&way=1263590706#map=20/59.9608855/10.7842136"}}, {"type": "Feature", "geometry": {"type": "Point", "coordinates": [10.7870365, 59.9586275]}, "properties": {"id": 1263590707, "feat_type": "way", "quality_categories": "improper_geometries", "issue_ids": "[1]", "osm_url": "https://www.openstreetmap.org/way/1263590707", "josm_url": "http://127.0.0.1:8111/load_object?new_layer=false&objects=w1263590707", "id_url": "https://www.openstreetmap.org/edit?editor=id&way=1263590707#map=20/59.9586275/10.7870365"}}, {"type": "Feature", "geometry": {"type": "Point", "coordinates": [10.7889946, 59.9562529]}, "properties": {"id": 1263590708, "feat_type": "way", "quality_categories": "improper_geometries", "issue_ids": "[1]", "osm_url": "https://www.openstreetmap.org/way/1263590708", "josm_url": "http://127.0.0.1:8111/load_object?new_layer=false&objects=w1263590708", "id_url": "https://www.openstreetmap.org/edit?editor=id&way=1263590708#map=20/59.9562529/10.7889946"}}, {"type": "Feature", "geometry": {"type": "Point", "coordinates": [10.7905466, 59.9553836]}, "properties": {"id": 1263590709, "feat_type": "way", "quality_categories": "improper_geometries", "issue_ids": "[1]", "osm_url": "https://www.openstreetmap.org/way/1263590709", "josm_url": "http://127.0.0.1:8111/load_object?new_layer=false&objects=w1263590709", "id_url": "https://www.openstreetmap.org/edit?editor=id&way=1263590709#map=20/59.9553836/10.7905466"}}, {"type": "Feature", "geometry": {"type": "Point", "coordinates": [10.7923464, 59.9532793]}, "properties": {"id": 1263590710, "feat_type": "way", "quality_categories": "improper_geometries", "issue_ids": "[1]", "osm_url": "https://www.openstreetmap.org/way/1263590710", "josm_url": "http://127.0.0.1:8111/load_object?new_layer=false&objects=w1263590710", "id_url": "https://www.openstreetmap.org/edit?editor=id&way=1263590710#map=20/59.9532793/10.7923464"}}, {"type": "Feature", "geometry": {"type": "Point", "coordinates": [10.7926216, 59.9528252]}, "properties": {"id": 1263590711, "feat_type": "way", "quality_categories": "improper_geometries", "issue_ids": "[1]", "osm_url": "https://www.openstreetmap.org/way/1263590711", "josm_url": "http://127.0.0.1:8111/load_object?new_layer=false&objects=w1263590711", "id_url": "https://www.openstreetmap.org/edit?editor=id&way=1263590711#map=20/59.9528252/10.7926216"}}, {"type": "Feature", "geometry": {"type": "Point", "coordinates": [10.7924796, 59.9529389]}, "properties": {"id": 1263590712, "feat_type": "way", "quality_categories": "improper_geometries", "issue_ids": "[1]", "osm_url": "https://www.openstreetmap.org/way/1263590712", "josm_url": "http://127.0.0.1:8111/load_object?new_layer=false&objects=w1263590712", "id_url": "https://www.openstreetmap.org/edit?editor=id&way=1263590712#map=20/59.9529389/10.7924796"}}, {"type": "Feature", "geometry": {"type": "Point", "coordinates": [10.792788, 59.95378]}, "properties": {"id": 1263590713, "feat_type": "way", "quality_categories": "improper_geometries", "issue_ids": "[1]", "osm_url": "https://www.openstreetmap.org/way/1263590713", "josm_url": "http://127.0.0.1:8111/load_object?new_layer=false&objects=w1263590713", "id_url": "https://www.openstreetmap.org/edit?editor=id&way=1263590713#map=20/59.95378/10.792788"}}, {"type": "Feature", "geometry": {"type": "Point", "coordinates": [10.7924104, 59.9523871]}, "properties": {"id": 1263590714, "feat_type": "way", "quality_categories": "improper_geometries", "issue_ids": "[1]", "osm_url": "https://www.openstreetmap.org/way/1263590714", "josm_url": "http://127.0.0.1:8111/load_object?new_layer=false&objects=w1263590714", "id_url": "https://www.openstreetmap.org/edit?editor=id&way=1263590714#map=20/59.9523871/10.7924104"}}, {"type": "Feature", "geometry": {"type": "Point", "coordinates": [10.7938822, 59.9521816]}, "properties": {"id": 1263590715, "feat_type": "way", "quality_categories": "improper_geometries", "issue_ids": "[1]", "osm_url": "https://www.openstreetmap.org/way/1263590715", "josm_url": "http://127.0.0.1:8111/load_object?new_layer=false&objects=w1263590715", "id_url": "https://www.openstreetmap.org/edit?editor=id&way=1263590715#map=20/59.9521816/10.7938822"}}, {"type": "Feature", "geometry": {"type": "Point", "coordinates": [10.7957735, 59.9514336]}, "properties": {"id": 1263590717, "feat_type": "way", "quality_categories": "improper_geometries", "issue_ids": "[1]", "osm_url": "https://www.openstreetmap.org/way/1263590717", "josm_url": "http://127.0.0.1:8111/load_object?new_layer=false&objects=w1263590717", "id_url": "https://www.openstreetmap.org/edit?editor=id&way=1263590717#map=20/59.9514336/10.7957735"}}, {"type": "Feature", "geometry": {"type": "Point", "coordinates": [10.7952092, 59.9514758]}, "properties": {"id": 1263590721, "feat_type": "way", "quality_categories": "improper_geometries", "issue_ids": "[1]", "osm_url": "https://www.openstreetmap.org/way/1263590721", "josm_url": "http://127.0.0.1:8111/load_object?new_layer=false&objects=w1263590721", "id_url": "https://www.openstreetmap.org/edit?editor=id&way=1263590721#map=20/59.9514758/10.7952092"}}, {"type": "Feature", "geometry": {"type": "Point", "coordinates": [10.7952457, 59.9514972]}, "properties": {"id": 1263590722, "feat_type": "way", "quality_categories": "improper_geometries", "issue_ids": "[1]", "osm_url": "https://www.openstreetmap.org/way/1263590722", "josm_url": "http://127.0.0.1:8111/load_object?new_layer=false&objects=w1263590722", "id_url": "https://www.openstreetmap.org/edit?editor=id&way=1263590722#map=20/59.9514972/10.7952457"}}, {"type": "Feature", "geometry": {"type": "Point", "coordinates": [10.7967219, 59.9522811]}, "properties": {"id": 1263590723, "feat_type": "way", "quality_categories": "improper_geometries", "issue_ids": "[1]", "osm_url": "https://www.openstreetmap.org/way/1263590723", "josm_url": "http://127.0.0.1:8111/load_object?new_layer=false&objects=w1263590723", "id_url": "https://www.openstreetmap.org/edit?editor=id&way=1263590723#map=20/59.9522811/10.7967219"}}, {"type": "Feature", "geometry": {"type": "Point", "coordinates": [10.7856537, 59.9560983]}, "properties": {"id": 1263593392, "feat_type": "way", "quality_categories": "improper_geometries", "issue_ids": "[1]", "osm_url": "https://www.openstreetmap.org/way/1263593392", "josm_url": "http://127.0.0.1:8111/load_object?new_layer=false&objects=w1263593392", "id_url": "https://www.openstreetmap.org/edit?editor=id&way=1263593392#map=20/59.9560983/10.7856537"}}, {"type": "Feature", "geometry": {"type": "Point", "coordinates": [10.7858643, 59.9560951]}, "properties": {"id": 1263593393, "feat_type": "way", "quality_categories": "improper_geometries", "issue_ids": "[1]", "osm_url": "https://www.openstreetmap.org/way/1263593393", "josm_url": "http://127.0.0.1:8111/load_object?new_layer=false&objects=w1263593393", "id_url": "https://www.openstreetmap.org/edit?editor=id&way=1263593393#map=20/59.9560951/10.7858643"}}, {"type": "Feature", "geometry": {"type": "Point", "coordinates": [10.7856575, 59.9561587]}, "properties": {"id": 1263593395, "feat_type": "way", "quality_categories": "improper_geometries", "issue_ids": "[1]", "osm_url": "https://www.openstreetmap.org/way/1263593395", "josm_url": "http://127.0.0.1:8111/load_object?new_layer=false&objects=w1263593395", "id_url": "https://www.openstreetmap.org/edit?editor=id&way=1263593395#map=20/59.9561587/10.7856575"}}, {"type": "Feature", "geometry": {"type": "Point", "coordinates": [10.7859033, 59.9563645]}, "properties": {"id": 1263593396, "feat_type": "way", "quality_categories": "improper_geometries", "issue_ids": "[1]", "osm_url": "https://www.openstreetmap.org/way/1263593396", "josm_url": "http://127.0.0.1:8111/load_object?new_layer=false&objects=w1263593396", "id_url": "https://www.openstreetmap.org/edit?editor=id&way=1263593396#map=20/59.9563645/10.7859033"}}, {"type": "Feature", "geometry": {"type": "Point", "coordinates": [10.7858562, 59.9578758]}, "properties": {"id": 1263593397, "feat_type": "way", "quality_categories": "improper_geometries", "issue_ids": "[1]", "osm_url": "https://www.openstreetmap.org/way/1263593397", "josm_url": "http://127.0.0.1:8111/load_object?new_layer=false&objects=w1263593397", "id_url": "https://www.openstreetmap.org/edit?editor=id&way=1263593397#map=20/59.9578758/10.7858562"}}, {"type": "Feature", "geometry": {"type": "Point", "coordinates": [10.7854497, 59.9590932]}, "properties": {"id": 1263593398, "feat_type": "way", "quality_categories": "improper_geometries", "issue_ids": "[1]", "osm_url": "https://www.openstreetmap.org/way/1263593398", "josm_url": "http://127.0.0.1:8111/load_object?new_layer=false&objects=w1263593398", "id_url": "https://www.openstreetmap.org/edit?editor=id&way=1263593398#map=20/59.9590932/10.7854497"}}, {"type": "Feature", "geometry": {"type": "Point", "coordinates": [10.7849293, 59.9599783]}, "properties": {"id": 1263593399, "feat_type": "way", "quality_categories": "improper_geometries", "issue_ids": "[1]", "osm_url": "https://www.openstreetmap.org/way/1263593399", "josm_url": "http://127.0.0.1:8111/load_object?new_layer=false&objects=w1263593399", "id_url": "https://www.openstreetmap.org/edit?editor=id&way=1263593399#map=20/59.9599783/10.7849293"}}, {"type": "Feature", "geometry": {"type": "Point", "coordinates": [10.7859381, 59.9572329]}, "properties": {"id": 1263593400, "feat_type": "way", "quality_categories": "improper_geometries", "issue_ids": "[1]", "osm_url": "https://www.openstreetmap.org/way/1263593400", "josm_url": "http://127.0.0.1:8111/load_object?new_layer=false&objects=w1263593400", "id_url": "https://www.openstreetmap.org/edit?editor=id&way=1263593400#map=20/59.9572329/10.7859381"}}, {"type": "Feature", "geometry": {"type": "Point", "coordinates": [10.7860673, 59.9558062]}, "properties": {"id": 1263593402, "feat_type": "way", "quality_categories": "improper_geometries", "issue_ids": "[1]", "osm_url": "https://www.openstreetmap.org/way/1263593402", "josm_url": "http://127.0.0.1:8111/load_object?new_layer=false&objects=w1263593402", "id_url": "https://www.openstreetmap.org/edit?editor=id&way=1263593402#map=20/59.9558062/10.7860673"}}, {"type": "Feature", "geometry": {"type": "Point", "coordinates": [10.7863265, 59.9559001]}, "properties": {"id": 1263593404, "feat_type": "way", "quality_categories": "improper_geometries", "issue_ids": "[1]", "osm_url": "https://www.openstreetmap.org/way/1263593404", "josm_url": "http://127.0.0.1:8111/load_object?new_layer=false&objects=w1263593404", "id_url": "https://www.openstreetmap.org/edit?editor=id&way=1263593404#map=20/59.9559001/10.7863265"}}, {"type": "Feature", "geometry": {"type": "Point", "coordinates": [10.7862452, 59.9557528]}, "properties": {"id": 1263593405, "feat_type": "way", "quality_categories": "improper_geometries", "issue_ids": "[1]", "osm_url": "https://www.openstreetmap.org/way/1263593405", "josm_url": "http://127.0.0.1:8111/load_object?new_layer=false&objects=w1263593405", "id_url": "https://www.openstreetmap.org/edit?editor=id&way=1263593405#map=20/59.9557528/10.7862452"}}, {"type": "Feature", "geometry": {"type": "Point", "coordinates": [10.7850084, 59.9558843]}, "properties": {"id": 1263597392, "feat_type": "way", "quality_categories": "improper_geometries", "issue_ids": "[1]", "osm_url": "https://www.openstreetmap.org/way/1263597392", "josm_url": "http://127.0.0.1:8111/load_object?new_layer=false&objects=w1263597392", "id_url": "https://www.openstreetmap.org/edit?editor=id&way=1263597392#map=20/59.9558843/10.7850084"}}, {"type": "Feature", "geometry": {"type": "Point", "coordinates": [10.7857153, 59.9546716]}, "properties": {"id": 1263597396, "feat_type": "way", "quality_categories": "improper_geometries", "issue_ids": "[1]", "osm_url": "https://www.openstreetmap.org/way/1263597396", "josm_url": "http://127.0.0.1:8111/load_object?new_layer=false&objects=w1263597396", "id_url": "https://www.openstreetmap.org/edit?editor=id&way=1263597396#map=20/59.9546716/10.7857153"}}, {"type": "Feature", "geometry": {"type": "Point", "coordinates": [10.7040123, 59.948078]}, "properties": {"id": 1263735019, "feat_type": "way", "quality_categories": "improper_geometries", "issue_ids": "[1]", "osm_url": "https://www.openstreetmap.org/way/1263735019", "josm_url": "http://127.0.0.1:8111/load_object?new_layer=false&objects=w1263735019", "id_url": "https://www.openstreetmap.org/edit?editor=id&way=1263735019#map=20/59.948078/10.7040123"}}, {"type": "Feature", "geometry": {"type": "Point", "coordinates": [10.7030845, 59.9475428]}, "properties": {"id": 1263735020, "feat_type": "way", "quality_categories": "improper_geometries", "issue_ids": "[1]", "osm_url": "https://www.openstreetmap.org/way/1263735020", "josm_url": "http://127.0.0.1:8111/load_object?new_layer=false&objects=w1263735020", "id_url": "https://www.openstreetmap.org/edit?editor=id&way=1263735020#map=20/59.9475428/10.7030845"}}, {"type": "Feature", "geometry": {"type": "Point", "coordinates": [10.7041347, 59.9434117]}, "properties": {"id": 1263744722, "feat_type": "way", "quality_categories": "improper_geometries", "issue_ids": "[1]", "osm_url": "https://www.openstreetmap.org/way/1263744722", "josm_url": "http://127.0.0.1:8111/load_object?new_layer=false&objects=w1263744722", "id_url": "https://www.openstreetmap.org/edit?editor=id&way=1263744722#map=20/59.9434117/10.7041347"}}, {"type": "Feature", "geometry": {"type": "Point", "coordinates": [10.7042484, 59.9438444]}, "properties": {"id": 1263744723, "feat_type": "way", "quality_categories": "improper_geometries", "issue_ids": "[1]", "osm_url": "https://www.openstreetmap.org/way/1263744723", "josm_url": "http://127.0.0.1:8111/load_object?new_layer=false&objects=w1263744723", "id_url": "https://www.openstreetmap.org/edit?editor=id&way=1263744723#map=20/59.9438444/10.7042484"}}, {"type": "Feature", "geometry": {"type": "Point", "coordinates": [10.7042585, 59.9437762]}, "properties": {"id": 1263744724, "feat_type": "way", "quality_categories": "improper_geometries", "issue_ids": "[1]", "osm_url": "https://www.openstreetmap.org/way/1263744724", "josm_url": "http://127.0.0.1:8111/load_object?new_layer=false&objects=w1263744724", "id_url": "https://www.openstreetmap.org/edit?editor=id&way=1263744724#map=20/59.9437762/10.7042585"}}, {"type": "Feature", "geometry": {"type": "Point", "coordinates": [10.7042211, 59.9438362]}, "properties": {"id": 1263744725, "feat_type": "way", "quality_categories": "improper_geometries", "issue_ids": "[1]", "osm_url": "https://www.openstreetmap.org/way/1263744725", "josm_url": "http://127.0.0.1:8111/load_object?new_layer=false&objects=w1263744725", "id_url": "https://www.openstreetmap.org/edit?editor=id&way=1263744725#map=20/59.9438362/10.7042211"}}, {"type": "Feature", "geometry": {"type": "Point", "coordinates": [10.7044146, 59.9437585]}, "properties": {"id": 1263744726, "feat_type": "way", "quality_categories": "improper_geometries", "issue_ids": "[1]", "osm_url": "https://www.openstreetmap.org/way/1263744726", "josm_url": "http://127.0.0.1:8111/load_object?new_layer=false&objects=w1263744726", "id_url": "https://www.openstreetmap.org/edit?editor=id&way=1263744726#map=20/59.9437585/10.7044146"}}, {"type": "Feature", "geometry": {"type": "Point", "coordinates": [10.704379, 59.9438298]}, "properties": {"id": 1263744727, "feat_type": "way", "quality_categories": "improper_geometries", "issue_ids": "[1]", "osm_url": "https://www.openstreetmap.org/way/1263744727", "josm_url": "http://127.0.0.1:8111/load_object?new_layer=false&objects=w1263744727", "id_url": "https://www.openstreetmap.org/edit?editor=id&way=1263744727#map=20/59.9438298/10.704379"}}, {"type": "Feature", "geometry": {"type": "Point", "coordinates": [10.7043349, 59.9437817]}, "properties": {"id": 1263744728, "feat_type": "way", "quality_categories": "improper_geometries", "issue_ids": "[1]", "osm_url": "https://www.openstreetmap.org/way/1263744728", "josm_url": "http://127.0.0.1:8111/load_object?new_layer=false&objects=w1263744728", "id_url": "https://www.openstreetmap.org/edit?editor=id&way=1263744728#map=20/59.9437817/10.7043349"}}, {"type": "Feature", "geometry": {"type": "Point", "coordinates": [10.7040307, 59.9430509]}, "properties": {"id": 1263744730, "feat_type": "way", "quality_categories": "improper_geometries", "issue_ids": "[1]", "osm_url": "https://www.openstreetmap.org/way/1263744730", "josm_url": "http://127.0.0.1:8111/load_object?new_layer=false&objects=w1263744730", "id_url": "https://www.openstreetmap.org/edit?editor=id&way=1263744730#map=20/59.9430509/10.7040307"}}, {"type": "Feature", "geometry": {"type": "Point", "coordinates": [10.7027573, 59.9416152]}, "properties": {"id": 1263744733, "feat_type": "way", "quality_categories": "improper_geometries", "issue_ids": "[1]", "osm_url": "https://www.openstreetmap.org/way/1263744733", "josm_url": "http://127.0.0.1:8111/load_object?new_layer=false&objects=w1263744733", "id_url": "https://www.openstreetmap.org/edit?editor=id&way=1263744733#map=20/59.9416152/10.7027573"}}, {"type": "Feature", "geometry": {"type": "Point", "coordinates": [10.6996722, 59.9408259]}, "properties": {"id": 1263744734, "feat_type": "way", "quality_categories": "improper_geometries", "issue_ids": "[1]", "osm_url": "https://www.openstreetmap.org/way/1263744734", "josm_url": "http://127.0.0.1:8111/load_object?new_layer=false&objects=w1263744734", "id_url": "https://www.openstreetmap.org/edit?editor=id&way=1263744734#map=20/59.9408259/10.6996722"}}, {"type": "Feature", "geometry": {"type": "Point", "coordinates": [10.6965583, 59.9382914]}, "properties": {"id": 1263749141, "feat_type": "way", "quality_categories": "improper_geometries", "issue_ids": "[1]", "osm_url": "https://www.openstreetmap.org/way/1263749141", "josm_url": "http://127.0.0.1:8111/load_object?new_layer=false&objects=w1263749141", "id_url": "https://www.openstreetmap.org/edit?editor=id&way=1263749141#map=20/59.9382914/10.6965583"}}, {"type": "Feature", "geometry": {"type": "Point", "coordinates": [10.6957183, 59.9376747]}, "properties": {"id": 1263749142, "feat_type": "way", "quality_categories": "improper_geometries", "issue_ids": "[1]", "osm_url": "https://www.openstreetmap.org/way/1263749142", "josm_url": "http://127.0.0.1:8111/load_object?new_layer=false&objects=w1263749142", "id_url": "https://www.openstreetmap.org/edit?editor=id&way=1263749142#map=20/59.9376747/10.6957183"}}, {"type": "Feature", "geometry": {"type": "Point", "coordinates": [10.6999015, 59.9362487]}, "properties": {"id": 1263749170, "feat_type": "way", "quality_categories": "improper_geometries", "issue_ids": "[1]", "osm_url": "https://www.openstreetmap.org/way/1263749170", "josm_url": "http://127.0.0.1:8111/load_object?new_layer=false&objects=w1263749170", "id_url": "https://www.openstreetmap.org/edit?editor=id&way=1263749170#map=20/59.9362487/10.6999015"}}, {"type": "Feature", "geometry": {"type": "Point", "coordinates": [10.7000262, 59.9353488]}, "properties": {"id": 1263749173, "feat_type": "way", "quality_categories": "improper_geometries", "issue_ids": "[1]", "osm_url": "https://www.openstreetmap.org/way/1263749173", "josm_url": "http://127.0.0.1:8111/load_object?new_layer=false&objects=w1263749173", "id_url": "https://www.openstreetmap.org/edit?editor=id&way=1263749173#map=20/59.9353488/10.7000262"}}, {"type": "Feature", "geometry": {"type": "Point", "coordinates": [10.7003381, 59.9386685]}, "properties": {"id": 1263749174, "feat_type": "way", "quality_categories": "improper_geometries", "issue_ids": "[1]", "osm_url": "https://www.openstreetmap.org/way/1263749174", "josm_url": "http://127.0.0.1:8111/load_object?new_layer=false&objects=w1263749174", "id_url": "https://www.openstreetmap.org/edit?editor=id&way=1263749174#map=20/59.9386685/10.7003381"}}, {"type": "Feature", "geometry": {"type": "Point", "coordinates": [10.7019341, 59.9358414]}, "properties": {"id": 1263753634, "feat_type": "way", "quality_categories": "improper_geometries", "issue_ids": "[1]", "osm_url": "https://www.openstreetmap.org/way/1263753634", "josm_url": "http://127.0.0.1:8111/load_object?new_layer=false&objects=w1263753634", "id_url": "https://www.openstreetmap.org/edit?editor=id&way=1263753634#map=20/59.9358414/10.7019341"}}, {"type": "Feature", "geometry": {"type": "Point", "coordinates": [10.7020298, 59.9360847]}, "properties": {"id": 1263753635, "feat_type": "way", "quality_categories": "improper_geometries", "issue_ids": "[1]", "osm_url": "https://www.openstreetmap.org/way/1263753635", "josm_url": "http://127.0.0.1:8111/load_object?new_layer=false&objects=w1263753635", "id_url": "https://www.openstreetmap.org/edit?editor=id&way=1263753635#map=20/59.9360847/10.7020298"}}, {"type": "Feature", "geometry": {"type": "Point", "coordinates": [10.7024033, 59.9363555]}, "properties": {"id": 1263753640, "feat_type": "way", "quality_categories": "improper_geometries", "issue_ids": "[1]", "osm_url": "https://www.openstreetmap.org/way/1263753640", "josm_url": "http://127.0.0.1:8111/load_object?new_layer=false&objects=w1263753640", "id_url": "https://www.openstreetmap.org/edit?editor=id&way=1263753640#map=20/59.9363555/10.7024033"}}, {"type": "Feature", "geometry": {"type": "Point", "coordinates": [10.6808482, 59.9386424]}, "properties": {"id": 1263851959, "feat_type": "way", "quality_categories": "improper_geometries", "issue_ids": "[1]", "osm_url": "https://www.openstreetmap.org/way/1263851959", "josm_url": "http://127.0.0.1:8111/load_object?new_layer=false&objects=w1263851959", "id_url": "https://www.openstreetmap.org/edit?editor=id&way=1263851959#map=20/59.9386424/10.6808482"}}, {"type": "Feature", "geometry": {"type": "Point", "coordinates": [10.6807785, 59.9359763]}, "properties": {"id": 1263880211, "feat_type": "way", "quality_categories": "improper_geometries", "issue_ids": "[1]", "osm_url": "https://www.openstreetmap.org/way/1263880211", "josm_url": "http://127.0.0.1:8111/load_object?new_layer=false&objects=w1263880211", "id_url": "https://www.openstreetmap.org/edit?editor=id&way=1263880211#map=20/59.9359763/10.6807785"}}, {"type": "Feature", "geometry": {"type": "Point", "coordinates": [10.692215, 59.9331973]}, "properties": {"id": 1263880224, "feat_type": "way", "quality_categories": "improper_geometries", "issue_ids": "[1]", "osm_url": "https://www.openstreetmap.org/way/1263880224", "josm_url": "http://127.0.0.1:8111/load_object?new_layer=false&objects=w1263880224", "id_url": "https://www.openstreetmap.org/edit?editor=id&way=1263880224#map=20/59.9331973/10.692215"}}, {"type": "Feature", "geometry": {"type": "Point", "coordinates": [10.689332, 59.9330065]}, "properties": {"id": 1263880231, "feat_type": "way", "quality_categories": "improper_geometries", "issue_ids": "[1]", "osm_url": "https://www.openstreetmap.org/way/1263880231", "josm_url": "http://127.0.0.1:8111/load_object?new_layer=false&objects=w1263880231", "id_url": "https://www.openstreetmap.org/edit?editor=id&way=1263880231#map=20/59.9330065/10.689332"}}, {"type": "Feature", "geometry": {"type": "Point", "coordinates": [10.6890728, 59.9329958]}, "properties": {"id": 1263880237, "feat_type": "way", "quality_categories": "improper_geometries", "issue_ids": "[1]", "osm_url": "https://www.openstreetmap.org/way/1263880237", "josm_url": "http://127.0.0.1:8111/load_object?new_layer=false&objects=w1263880237", "id_url": "https://www.openstreetmap.org/edit?editor=id&way=1263880237#map=20/59.9329958/10.6890728"}}, {"type": "Feature", "geometry": {"type": "Point", "coordinates": [10.6902803, 59.9311088]}, "properties": {"id": 1263880238, "feat_type": "way", "quality_categories": "improper_geometries", "issue_ids": "[1]", "osm_url": "https://www.openstreetmap.org/way/1263880238", "josm_url": "http://127.0.0.1:8111/load_object?new_layer=false&objects=w1263880238", "id_url": "https://www.openstreetmap.org/edit?editor=id&way=1263880238#map=20/59.9311088/10.6902803"}}, {"type": "Feature", "geometry": {"type": "Point", "coordinates": [10.6918828, 59.9316002]}, "properties": {"id": 1263880244, "feat_type": "way", "quality_categories": "improper_geometries", "issue_ids": "[1]", "osm_url": "https://www.openstreetmap.org/way/1263880244", "josm_url": "http://127.0.0.1:8111/load_object?new_layer=false&objects=w1263880244", "id_url": "https://www.openstreetmap.org/edit?editor=id&way=1263880244#map=20/59.9316002/10.6918828"}}, {"type": "Feature", "geometry": {"type": "Point", "coordinates": [10.6927442, 59.9311724]}, "properties": {"id": 1263880251, "feat_type": "way", "quality_categories": "improper_geometries", "issue_ids": "[1]", "osm_url": "https://www.openstreetmap.org/way/1263880251", "josm_url": "http://127.0.0.1:8111/load_object?new_layer=false&objects=w1263880251", "id_url": "https://www.openstreetmap.org/edit?editor=id&way=1263880251#map=20/59.9311724/10.6927442"}}, {"type": "Feature", "geometry": {"type": "Point", "coordinates": [10.6873527, 59.933529]}, "properties": {"id": 1263880253, "feat_type": "way", "quality_categories": "improper_geometries", "issue_ids": "[1]", "osm_url": "https://www.openstreetmap.org/way/1263880253", "josm_url": "http://127.0.0.1:8111/load_object?new_layer=false&objects=w1263880253", "id_url": "https://www.openstreetmap.org/edit?editor=id&way=1263880253#map=20/59.933529/10.6873527"}}, {"type": "Feature", "geometry": {"type": "Point", "coordinates": [10.6838437, 59.9328259]}, "properties": {"id": 1263880256, "feat_type": "way", "quality_categories": "improper_geometries", "issue_ids": "[1]", "osm_url": "https://www.openstreetmap.org/way/1263880256", "josm_url": "http://127.0.0.1:8111/load_object?new_layer=false&objects=w1263880256", "id_url": "https://www.openstreetmap.org/edit?editor=id&way=1263880256#map=20/59.9328259/10.6838437"}}, {"type": "Feature", "geometry": {"type": "Point", "coordinates": [10.6844145, 59.9344263]}, "properties": {"id": 1263885763, "feat_type": "way", "quality_categories": "improper_geometries", "issue_ids": "[1]", "osm_url": "https://www.openstreetmap.org/way/1263885763", "josm_url": "http://127.0.0.1:8111/load_object?new_layer=false&objects=w1263885763", "id_url": "https://www.openstreetmap.org/edit?editor=id&way=1263885763#map=20/59.9344263/10.6844145"}}, {"type": "Feature", "geometry": {"type": "Point", "coordinates": [10.6845395, 59.934482]}, "properties": {"id": 1263885774, "feat_type": "way", "quality_categories": "improper_geometries", "issue_ids": "[1]", "osm_url": "https://www.openstreetmap.org/way/1263885774", "josm_url": "http://127.0.0.1:8111/load_object?new_layer=false&objects=w1263885774", "id_url": "https://www.openstreetmap.org/edit?editor=id&way=1263885774#map=20/59.934482/10.6845395"}}, {"type": "Feature", "geometry": {"type": "Point", "coordinates": [10.6826358, 59.9350741]}, "properties": {"id": 1263885775, "feat_type": "way", "quality_categories": "improper_geometries", "issue_ids": "[1]", "osm_url": "https://www.openstreetmap.org/way/1263885775", "josm_url": "http://127.0.0.1:8111/load_object?new_layer=false&objects=w1263885775", "id_url": "https://www.openstreetmap.org/edit?editor=id&way=1263885775#map=20/59.9350741/10.6826358"}}, {"type": "Feature", "geometry": {"type": "Point", "coordinates": [10.6809802, 59.9352639]}, "properties": {"id": 1263885776, "feat_type": "way", "quality_categories": "improper_geometries", "issue_ids": "[1]", "osm_url": "https://www.openstreetmap.org/way/1263885776", "josm_url": "http://127.0.0.1:8111/load_object?new_layer=false&objects=w1263885776", "id_url": "https://www.openstreetmap.org/edit?editor=id&way=1263885776#map=20/59.9352639/10.6809802"}}, {"type": "Feature", "geometry": {"type": "Point", "coordinates": [10.7903498, 59.9075486]}, "properties": {"id": 1264495612, "feat_type": "way", "quality_categories": "improper_geometries", "issue_ids": "[1]", "osm_url": "https://www.openstreetmap.org/way/1264495612", "josm_url": "http://127.0.0.1:8111/load_object?new_layer=false&objects=w1264495612", "id_url": "https://www.openstreetmap.org/edit?editor=id&way=1264495612#map=20/59.9075486/10.7903498"}}, {"type": "Feature", "geometry": {"type": "Point", "coordinates": [10.7906833, 59.9068619]}, "properties": {"id": 1264495613, "feat_type": "way", "quality_categories": "improper_geometries", "issue_ids": "[1]", "osm_url": "https://www.openstreetmap.org/way/1264495613", "josm_url": "http://127.0.0.1:8111/load_object?new_layer=false&objects=w1264495613", "id_url": "https://www.openstreetmap.org/edit?editor=id&way=1264495613#map=20/59.9068619/10.7906833"}}, {"type": "Feature", "geometry": {"type": "Point", "coordinates": [10.7916549, 59.9067083]}, "properties": {"id": 1264495614, "feat_type": "way", "quality_categories": "improper_geometries", "issue_ids": "[1]", "osm_url": "https://www.openstreetmap.org/way/1264495614", "josm_url": "http://127.0.0.1:8111/load_object?new_layer=false&objects=w1264495614", "id_url": "https://www.openstreetmap.org/edit?editor=id&way=1264495614#map=20/59.9067083/10.7916549"}}, {"type": "Feature", "geometry": {"type": "Point", "coordinates": [10.7914084, 59.9067411]}, "properties": {"id": 1264495616, "feat_type": "way", "quality_categories": "improper_geometries", "issue_ids": "[1]", "osm_url": "https://www.openstreetmap.org/way/1264495616", "josm_url": "http://127.0.0.1:8111/load_object?new_layer=false&objects=w1264495616", "id_url": "https://www.openstreetmap.org/edit?editor=id&way=1264495616#map=20/59.9067411/10.7914084"}}, {"type": "Feature", "geometry": {"type": "Point", "coordinates": [10.7911193, 59.9076622]}, "properties": {"id": 1264495617, "feat_type": "way", "quality_categories": "improper_geometries", "issue_ids": "[1]", "osm_url": "https://www.openstreetmap.org/way/1264495617", "josm_url": "http://127.0.0.1:8111/load_object?new_layer=false&objects=w1264495617", "id_url": "https://www.openstreetmap.org/edit?editor=id&way=1264495617#map=20/59.9076622/10.7911193"}}, {"type": "Feature", "geometry": {"type": "Point", "coordinates": [10.7896685, 59.9074532]}, "properties": {"id": 1264495631, "feat_type": "way", "quality_categories": "improper_geometries", "issue_ids": "[1]", "osm_url": "https://www.openstreetmap.org/way/1264495631", "josm_url": "http://127.0.0.1:8111/load_object?new_layer=false&objects=w1264495631", "id_url": "https://www.openstreetmap.org/edit?editor=id&way=1264495631#map=20/59.9074532/10.7896685"}}, {"type": "Feature", "geometry": {"type": "Point", "coordinates": [10.7926756, 59.9074634]}, "properties": {"id": 1264495632, "feat_type": "way", "quality_categories": "improper_geometries", "issue_ids": "[1]", "osm_url": "https://www.openstreetmap.org/way/1264495632", "josm_url": "http://127.0.0.1:8111/load_object?new_layer=false&objects=w1264495632", "id_url": "https://www.openstreetmap.org/edit?editor=id&way=1264495632#map=20/59.9074634/10.7926756"}}, {"type": "Feature", "geometry": {"type": "Point", "coordinates": [10.7928111, 59.9074048]}, "properties": {"id": 1264495633, "feat_type": "way", "quality_categories": "improper_geometries", "issue_ids": "[1]", "osm_url": "https://www.openstreetmap.org/way/1264495633", "josm_url": "http://127.0.0.1:8111/load_object?new_layer=false&objects=w1264495633", "id_url": "https://www.openstreetmap.org/edit?editor=id&way=1264495633#map=20/59.9074048/10.7928111"}}, {"type": "Feature", "geometry": {"type": "Point", "coordinates": [10.7902551, 59.9081322]}, "properties": {"id": 1264495635, "feat_type": "way", "quality_categories": "improper_geometries", "issue_ids": "[1]", "osm_url": "https://www.openstreetmap.org/way/1264495635", "josm_url": "http://127.0.0.1:8111/load_object?new_layer=false&objects=w1264495635", "id_url": "https://www.openstreetmap.org/edit?editor=id&way=1264495635#map=20/59.9081322/10.7902551"}}, {"type": "Feature", "geometry": {"type": "Point", "coordinates": [10.7864689, 59.9074575]}, "properties": {"id": 1264495636, "feat_type": "way", "quality_categories": "improper_geometries", "issue_ids": "[1]", "osm_url": "https://www.openstreetmap.org/way/1264495636", "josm_url": "http://127.0.0.1:8111/load_object?new_layer=false&objects=w1264495636", "id_url": "https://www.openstreetmap.org/edit?editor=id&way=1264495636#map=20/59.9074575/10.7864689"}}, {"type": "Feature", "geometry": {"type": "Point", "coordinates": [10.6436121, 59.9488223]}, "properties": {"id": 1279076415, "feat_type": "way", "quality_categories": "improper_geometries", "issue_ids": "[1]", "osm_url": "https://www.openstreetmap.org/way/1279076415", "josm_url": "http://127.0.0.1:8111/load_object?new_layer=false&objects=w1279076415", "id_url": "https://www.openstreetmap.org/edit?editor=id&way=1279076415#map=20/59.9488223/10.6436121"}}, {"type": "Feature", "geometry": {"type": "Point", "coordinates": [10.6445664, 59.9500368]}, "properties": {"id": 1279076416, "feat_type": "way", "quality_categories": "improper_geometries", "issue_ids": "[1]", "osm_url": "https://www.openstreetmap.org/way/1279076416", "josm_url": "http://127.0.0.1:8111/load_object?new_layer=false&objects=w1279076416", "id_url": "https://www.openstreetmap.org/edit?editor=id&way=1279076416#map=20/59.9500368/10.6445664"}}, {"type": "Feature", "geometry": {"type": "Point", "coordinates": [10.6449629, 59.9485393]}, "properties": {"id": 1279076417, "feat_type": "way", "quality_categories": "improper_geometries", "issue_ids": "[1]", "osm_url": "https://www.openstreetmap.org/way/1279076417", "josm_url": "http://127.0.0.1:8111/load_object?new_layer=false&objects=w1279076417", "id_url": "https://www.openstreetmap.org/edit?editor=id&way=1279076417#map=20/59.9485393/10.6449629"}}, {"type": "Feature", "geometry": {"type": "Point", "coordinates": [10.817198, 59.8675057]}, "properties": {"id": 1295851050, "feat_type": "way", "quality_categories": "improper_geometries", "issue_ids": "[1]", "osm_url": "https://www.openstreetmap.org/way/1295851050", "josm_url": "http://127.0.0.1:8111/load_object?new_layer=false&objects=w1295851050", "id_url": "https://www.openstreetmap.org/edit?editor=id&way=1295851050#map=20/59.8675057/10.817198"}}, {"type": "Feature", "geometry": {"type": "Point", "coordinates": [10.7297005, 59.9406599]}, "properties": {"id": 1305652669, "feat_type": "way", "quality_categories": "improper_geometries", "issue_ids": "[1]", "osm_url": "https://www.openstreetmap.org/way/1305652669", "josm_url": "http://127.0.0.1:8111/load_object?new_layer=false&objects=w1305652669", "id_url": "https://www.openstreetmap.org/edit?editor=id&way=1305652669#map=20/59.9406599/10.7297005"}}, {"type": "Feature", "geometry": {"type": "Point", "coordinates": [10.7886605, 59.9092022]}, "properties": {"id": 1308016584, "feat_type": "way", "quality_categories": "improper_geometries", "issue_ids": "[1]", "osm_url": "https://www.openstreetmap.org/way/1308016584", "josm_url": "http://127.0.0.1:8111/load_object?new_layer=false&objects=w1308016584", "id_url": "https://www.openstreetmap.org/edit?editor=id&way=1308016584#map=20/59.9092022/10.7886605"}}, {"type": "Feature", "geometry": {"type": "Point", "coordinates": [10.788811, 59.9092045]}, "properties": {"id": 1308016585, "feat_type": "way", "quality_categories": "improper_geometries", "issue_ids": "[1]", "osm_url": "https://www.openstreetmap.org/way/1308016585", "josm_url": "http://127.0.0.1:8111/load_object?new_layer=false&objects=w1308016585", "id_url": "https://www.openstreetmap.org/edit?editor=id&way=1308016585#map=20/59.9092045/10.788811"}}, {"type": "Feature", "geometry": {"type": "Point", "coordinates": [10.788507962857132, 59.909112199999996]}, "properties": {"id": 1308016586, "feat_type": "way", "quality_categories": "improper_geometries", "issue_ids": "[1]", "osm_url": "https://www.openstreetmap.org/way/1308016586", "josm_url": "http://127.0.0.1:8111/load_object?new_layer=false&objects=w1308016586", "id_url": "https://www.openstreetmap.org/edit?editor=id&way=1308016586#map=20/59.909112199999996/10.788507962857132"}}, {"type": "Feature", "geometry": {"type": "Point", "coordinates": [10.788698304795492, 59.90920955]}, "properties": {"id": 1308016587, "feat_type": "way", "quality_categories": "improper_geometries", "issue_ids": "[1]", "osm_url": "https://www.openstreetmap.org/way/1308016587", "josm_url": "http://127.0.0.1:8111/load_object?new_layer=false&objects=w1308016587", "id_url": "https://www.openstreetmap.org/edit?editor=id&way=1308016587#map=20/59.90920955/10.788698304795492"}}, {"type": "Feature", "geometry": {"type": "Point", "coordinates": [10.7886116, 59.9014126]}, "properties": {"id": 1314862862, "feat_type": "way", "quality_categories": "improper_geometries", "issue_ids": "[1]", "osm_url": "https://www.openstreetmap.org/way/1314862862", "josm_url": "http://127.0.0.1:8111/load_object?new_layer=false&objects=w1314862862", "id_url": "https://www.openstreetmap.org/edit?editor=id&way=1314862862#map=20/59.9014126/10.7886116"}}, {"type": "Feature", "geometry": {"type": "Point", "coordinates": [10.7894424, 59.9014771]}, "properties": {"id": 1314862863, "feat_type": "way", "quality_categories": "improper_geometries", "issue_ids": "[1]", "osm_url": "https://www.openstreetmap.org/way/1314862863", "josm_url": "http://127.0.0.1:8111/load_object?new_layer=false&objects=w1314862863", "id_url": "https://www.openstreetmap.org/edit?editor=id&way=1314862863#map=20/59.9014771/10.7894424"}}, {"type": "Feature", "geometry": {"type": "Point", "coordinates": [10.7896744, 59.9015568]}, "properties": {"id": 1314862864, "feat_type": "way", "quality_categories": "improper_geometries", "issue_ids": "[1]", "osm_url": "https://www.openstreetmap.org/way/1314862864", "josm_url": "http://127.0.0.1:8111/load_object?new_layer=false&objects=w1314862864", "id_url": "https://www.openstreetmap.org/edit?editor=id&way=1314862864#map=20/59.9015568/10.7896744"}}, {"type": "Feature", "geometry": {"type": "Point", "coordinates": [10.7606446, 59.9073245]}, "properties": {"id": 1447357881, "feat_type": "way", "quality_categories": "improper_geometries", "issue_ids": "[1]", "osm_url": "https://www.openstreetmap.org/way/1447357881", "josm_url": "http://127.0.0.1:8111/load_object?new_layer=false&objects=w1447357881", "id_url": "https://www.openstreetmap.org/edit?editor=id&way=1447357881#map=20/59.9073245/10.7606446"}}, {"type": "Feature", "geometry": {"type": "Point", "coordinates": [10.7607175, 59.9073639]}, "properties": {"id": 1447357882, "feat_type": "way", "quality_categories": "improper_geometries", "issue_ids": "[1]", "osm_url": "https://www.openstreetmap.org/way/1447357882", "josm_url": "http://127.0.0.1:8111/load_object?new_layer=false&objects=w1447357882", "id_url": "https://www.openstreetmap.org/edit?editor=id&way=1447357882#map=20/59.9073639/10.7607175"}}, {"type": "Feature", "geometry": {"type": "Point", "coordinates": [10.7605351, 59.9073385]}, "properties": {"id": 1447357883, "feat_type": "way", "quality_categories": "improper_geometries", "issue_ids": "[1]", "osm_url": "https://www.openstreetmap.org/way/1447357883", "josm_url": "http://127.0.0.1:8111/load_object?new_layer=false&objects=w1447357883", "id_url": "https://www.openstreetmap.org/edit?editor=id&way=1447357883#map=20/59.9073385/10.7605351"}}, {"type": "Feature", "geometry": {"type": "Point", "coordinates": [10.789328752218681, 59.90369375]}, "properties": {"id": 1527909764, "feat_type": "way", "quality_categories": "improper_geometries", "issue_ids": "[1]", "osm_url": "https://www.openstreetmap.org/way/1527909764", "josm_url": "http://127.0.0.1:8111/load_object?new_layer=false&objects=w1527909764", "id_url": "https://www.openstreetmap.org/edit?editor=id&way=1527909764#map=20/59.90369375/10.789328752218681"}}, {"type": "Feature", "geometry": {"type": "Point", "coordinates": [10.789648173000295, 59.90399545]}, "properties": {"id": 1527909765, "feat_type": "way", "quality_categories": "improper_geometries", "issue_ids": "[1]", "osm_url": "https://www.openstreetmap.org/way/1527909765", "josm_url": "http://127.0.0.1:8111/load_object?new_layer=false&objects=w1527909765", "id_url": "https://www.openstreetmap.org/edit?editor=id&way=1527909765#map=20/59.90399545/10.789648173000295"}}, {"type": "Feature", "geometry": {"type": "Point", "coordinates": [10.812988317978064, 59.91069075]}, "properties": {"id": 1528686005, "feat_type": "way", "quality_categories": "improper_geometries", "issue_ids": "[1]", "osm_url": "https://www.openstreetmap.org/way/1528686005", "josm_url": "http://127.0.0.1:8111/load_object?new_layer=false&objects=w1528686005", "id_url": "https://www.openstreetmap.org/edit?editor=id&way=1528686005#map=20/59.91069075/10.812988317978064"}}, {"type": "Feature", "geometry": {"type": "Point", "coordinates": [10.753152, 59.9416186]}, "properties": {"id": 1543828299, "feat_type": "way", "quality_categories": "improper_geometries", "issue_ids": "[1]", "osm_url": "https://www.openstreetmap.org/way/1543828299", "josm_url": "http://127.0.0.1:8111/load_object?new_layer=false&objects=w1543828299", "id_url": "https://www.openstreetmap.org/edit?editor=id&way=1543828299#map=20/59.9416186/10.753152"}}, {"type": "Feature", "geometry": {"type": "Point", "coordinates": [10.7265901, 59.922335]}, "properties": {"id": 1553284144, "feat_type": "way", "quality_categories": "improper_geometries", "issue_ids": "[1]", "osm_url": "https://www.openstreetmap.org/way/1553284144", "josm_url": "http://127.0.0.1:8111/load_object?new_layer=false&objects=w1553284144", "id_url": "https://www.openstreetmap.org/edit?editor=id&way=1553284144#map=20/59.922335/10.7265901"}}]}