{"type": "FeatureCollection", "features": [{"type": "Feature", "geometry": {"type": "Point", "coordinates": [10.7390467, 59.9129103]}, "properties": {"id": 659536, "feat_type": "node", "quality_categories": "improper_keys, kerb_on_top_of_non_crossing", "issue_ids": "[0, 1]", "osm_url": "https://www.openstreetmap.org/node/659536", "josm_url": "http://127.0.0.1:8111/load_object?new_layer=false&objects=n659536", "id_url": "https://www.openstreetmap.org/edit?editor=id&node=659536#map=20/59.9129103/10.7390467"}}, {"type": "Feature", "geometry": {"type": "Point", "coordinates": [10.7425107, 59.9160005]}, "properties": {"id": 31307533, "feat_type": "node", "quality_categories": "improper_keys, kerb_on_top_of_non_crossing", "issue_ids": "[2, 1]", "osm_url": "https://www.openstreetmap.org/node/31307533", "josm_url": "http://127.0.0.1:8111/load_object?new_layer=false&objects=n31307533", "id_url": "https://www.openstreetmap.org/edit?editor=id&node=31307533#map=20/59.9160005/10.7425107"}}, {"type": "Feature", "geometry": {"type": "Point", "coordinates": [10.8282158, 59.8502799]}, "properties": {"id": 256096213, "feat_type": "node", "quality_categories": "improper_keys, kerb_on_top_of_non_crossing", "issue_ids": "[0, 1]", "osm_url": "https://www.openstreetmap.org/node/256096213", "josm_url": "http://127.0.0.1:8111/load_object?new_layer=false&objects=n256096213", "id_url": "https://www.openstreetmap.org/edit?editor=id&node=256096213#map=20/59.8502799/10.8282158"}}, {"type": "Feature", "geometry": {"type": "Point", "coordinates": [10.641406, 59.9129048]}, "properties": {"id": 487371749, "feat_type": "node", "quality_categories": "improper_keys, kerb_on_top_of_non_crossing", "issue_ids": "[3, 1]", "osm_url": "https://www.openstreetmap.org/node/487371749", "josm_url": "http://127.0.0.1:8111/load_object?new_layer=false&objects=n487371749", "id_url": "https://www.openstreetmap.org/edit?editor=id&node=487371749#map=20/59.9129048/10.641406"}}, {"type": "Feature", "geometry": {"type": "Point", "coordinates": [10.6598428, 59.9246525]}, "properties": {"id": 1075461640, "feat_type": "node", "quality_categories": "improper_keys, kerb_on_top_of_non_crossing", "issue_ids": "[2, 1]", "osm_url": "https://www.openstreetmap.org/node/1075461640", "josm_url": "http://127.0.0.1:8111/load_object?new_layer=false&objects=n1075461640", "id_url": "https://www.openstreetmap.org/edit?editor=id&node=1075461640#map=20/59.9246525/10.6598428"}}, {"type": "Feature", "geometry": {"type": "Point", "coordinates": [10.7185417, 59.9472378]}, "properties": {"id": 1334088023, "feat_type": "node", "quality_categories": "improper_keys, kerb_on_top_of_non_crossing", "issue_ids": "[2, 1]", "osm_url": "https://www.openstreetmap.org/node/1334088023", "josm_url": "http://127.0.0.1:8111/load_object?new_layer=false&objects=n1334088023", "id_url": "https://www.openstreetmap.org/edit?editor=id&node=1334088023#map=20/59.9472378/10.7185417"}}, {"type": "Feature", "geometry": {"type": "Point", "coordinates": [10.7708731, 59.9271435]}, "properties": {"id": 1608323086, "feat_type": "node", "quality_categories": "improper_keys, kerb_on_top_of_non_crossing", "issue_ids": "[4, 1]", "osm_url": "https://www.openstreetmap.org/node/1608323086", "josm_url": "http://127.0.0.1:8111/load_object?new_layer=false&objects=n1608323086", "id_url": "https://www.openstreetmap.org/edit?editor=id&node=1608323086#map=20/59.9271435/10.7708731"}}, {"type": "Feature", "geometry": {"type": "Point", "coordinates": [10.773146, 59.9165774]}, "properties": {"id": 1635824254, "feat_type": "node", "quality_categories": "improper_keys, kerb_on_top_of_non_crossing", "issue_ids": "[4, 1]", "osm_url": "https://www.openstreetmap.org/node/1635824254", "josm_url": "http://127.0.0.1:8111/load_object?new_layer=false&objects=n1635824254", "id_url": "https://www.openstreetmap.org/edit?editor=id&node=1635824254#map=20/59.9165774/10.773146"}}, {"type": "Feature", "geometry": {"type": "Point", "coordinates": [10.8005709, 59.9127147]}, "properties": {"id": 2305536268, "feat_type": "node", "quality_categories": "kerb_on_top_of_non_crossing, older_than_five_years", "issue_ids": "[5, 1]", "osm_url": "https://www.openstreetmap.org/node/2305536268", "josm_url": "http://127.0.0.1:8111/load_object?new_layer=false&objects=n2305536268", "id_url": "https://www.openstreetmap.org/edit?editor=id&node=2305536268#map=20/59.9127147/10.8005709"}}, {"type": "Feature", "geometry": {"type": "Point", "coordinates": [10.838576, 59.9127041]}, "properties": {"id": 2497623111, "feat_type": "node", "quality_categories": "improper_keys, kerb_on_top_of_non_crossing", "issue_ids": "[4, 1]", "osm_url": "https://www.openstreetmap.org/node/2497623111", "josm_url": "http://127.0.0.1:8111/load_object?new_layer=false&objects=n2497623111", "id_url": "https://www.openstreetmap.org/edit?editor=id&node=2497623111#map=20/59.9127041/10.838576"}}, {"type": "Feature", "geometry": {"type": "Point", "coordinates": [10.7408, 59.91582]}, "properties": {"id": 2727238305, "feat_type": "node", "quality_categories": "kerb_on_top_of_non_crossing, older_than_five_years", "issue_ids": "[6, 1]", "osm_url": "https://www.openstreetmap.org/node/2727238305", "josm_url": "http://127.0.0.1:8111/load_object?new_layer=false&objects=n2727238305", "id_url": "https://www.openstreetmap.org/edit?editor=id&node=2727238305#map=20/59.91582/10.7408"}}, {"type": "Feature", "geometry": {"type": "Point", "coordinates": [10.7881834, 59.931758]}, "properties": {"id": 3782417019, "feat_type": "node", "quality_categories": "improper_keys, kerb_on_top_of_non_crossing", "issue_ids": "[4, 1]", "osm_url": "https://www.openstreetmap.org/node/3782417019", "josm_url": "http://127.0.0.1:8111/load_object?new_layer=false&objects=n3782417019", "id_url": "https://www.openstreetmap.org/edit?editor=id&node=3782417019#map=20/59.931758/10.7881834"}}, {"type": "Feature", "geometry": {"type": "Point", "coordinates": [10.764378, 59.9099509]}, "properties": {"id": 6115913526, "feat_type": "node", "quality_categories": "kerb_on_top_of_non_crossing, older_than_five_years", "issue_ids": "[7, 1]", "osm_url": "https://www.openstreetmap.org/node/6115913526", "josm_url": "http://127.0.0.1:8111/load_object?new_layer=false&objects=n6115913526", "id_url": "https://www.openstreetmap.org/edit?editor=id&node=6115913526#map=20/59.9099509/10.764378"}}, {"type": "Feature", "geometry": {"type": "Point", "coordinates": [10.8482311, 59.9161089]}, "properties": {"id": 6127656338, "feat_type": "node", "quality_categories": "improper_keys, kerb_on_top_of_non_crossing", "issue_ids": "[4, 1]", "osm_url": "https://www.openstreetmap.org/node/6127656338", "josm_url": "http://127.0.0.1:8111/load_object?new_layer=false&objects=n6127656338", "id_url": "https://www.openstreetmap.org/edit?editor=id&node=6127656338#map=20/59.9161089/10.8482311"}}, {"type": "Feature", "geometry": {"type": "Point", "coordinates": [10.8482876, 59.9161597]}, "properties": {"id": 6127656339, "feat_type": "node", "quality_categories": "improper_keys, kerb_on_top_of_non_crossing", "issue_ids": "[4, 1]", "osm_url": "https://www.openstreetmap.org/node/6127656339", "josm_url": "http://127.0.0.1:8111/load_object?new_layer=false&objects=n6127656339", "id_url": "https://www.openstreetmap.org/edit?editor=id&node=6127656339#map=20/59.9161597/10.8482876"}}, {"type": "Feature", "geometry": {"type": "Point", "coordinates": [10.8448067, 59.9141069]}, "properties": {"id": 6128770485, "feat_type": "node", "quality_categories": "improper_keys, kerb_on_top_of_non_crossing, uncanny_keys", "issue_ids": "[8, 9, 1]", "osm_url": "https://www.openstreetmap.org/node/6128770485", "josm_url": "http://127.0.0.1:8111/load_object?new_layer=false&objects=n6128770485", "id_url": "https://www.openstreetmap.org/edit?editor=id&node=6128770485#map=20/59.9141069/10.8448067"}}, {"type": "Feature", "geometry": {"type": "Point", "coordinates": [10.8446844, 59.9140297]}, "properties": {"id": 6128770486, "feat_type": "node", "quality_categories": "improper_keys, kerb_on_top_of_non_crossing, uncanny_keys", "issue_ids": "[8, 9, 1]", "osm_url": "https://www.openstreetmap.org/node/6128770486", "josm_url": "http://127.0.0.1:8111/load_object?new_layer=false&objects=n6128770486", "id_url": "https://www.openstreetmap.org/edit?editor=id&node=6128770486#map=20/59.9140297/10.8446844"}}, {"type": "Feature", "geometry": {"type": "Point", "coordinates": [10.8386826, 59.9127617]}, "properties": {"id": 6129366084, "feat_type": "node", "quality_categories": "improper_keys, kerb_on_top_of_non_crossing", "issue_ids": "[4, 1]", "osm_url": "https://www.openstreetmap.org/node/6129366084", "josm_url": "http://127.0.0.1:8111/load_object?new_layer=false&objects=n6129366084", "id_url": "https://www.openstreetmap.org/edit?editor=id&node=6129366084#map=20/59.9127617/10.8386826"}}, {"type": "Feature", "geometry": {"type": "Point", "coordinates": [10.6679498, 59.9253021]}, "properties": {"id": 6425119308, "feat_type": "node", "quality_categories": "improper_keys, kerb_on_top_of_non_crossing", "issue_ids": "[2, 1]", "osm_url": "https://www.openstreetmap.org/node/6425119308", "josm_url": "http://127.0.0.1:8111/load_object?new_layer=false&objects=n6425119308", "id_url": "https://www.openstreetmap.org/edit?editor=id&node=6425119308#map=20/59.9253021/10.6679498"}}, {"type": "Feature", "geometry": {"type": "Point", "coordinates": [10.7525363, 59.9142181]}, "properties": {"id": 6770416411, "feat_type": "node", "quality_categories": "kerb_on_top_of_non_crossing, older_than_five_years", "issue_ids": "[10, 1]", "osm_url": "https://www.openstreetmap.org/node/6770416411", "josm_url": "http://127.0.0.1:8111/load_object?new_layer=false&objects=n6770416411", "id_url": "https://www.openstreetmap.org/edit?editor=id&node=6770416411#map=20/59.9142181/10.7525363"}}, {"type": "Feature", "geometry": {"type": "Point", "coordinates": [10.7561876, 59.9335643]}, "properties": {"id": 8190057218, "feat_type": "node", "quality_categories": "kerb_on_top_of_non_crossing, older_than_five_years", "issue_ids": "[11, 1]", "osm_url": "https://www.openstreetmap.org/node/8190057218", "josm_url": "http://127.0.0.1:8111/load_object?new_layer=false&objects=n8190057218", "id_url": "https://www.openstreetmap.org/edit?editor=id&node=8190057218#map=20/59.9335643/10.7561876"}}, {"type": "Feature", "geometry": {"type": "Point", "coordinates": [10.7302379, 59.9377517]}, "properties": {"id": 8206780517, "feat_type": "node", "quality_categories": "kerb_on_top_of_non_crossing, older_than_five_years", "issue_ids": "[12, 1]", "osm_url": "https://www.openstreetmap.org/node/8206780517", "josm_url": "http://127.0.0.1:8111/load_object?new_layer=false&objects=n8206780517", "id_url": "https://www.openstreetmap.org/edit?editor=id&node=8206780517#map=20/59.9377517/10.7302379"}}, {"type": "Feature", "geometry": {"type": "Point", "coordinates": [10.7303637, 59.9377694]}, "properties": {"id": 8206780518, "feat_type": "node", "quality_categories": "kerb_on_top_of_non_crossing, older_than_five_years", "issue_ids": "[12, 1]", "osm_url": "https://www.openstreetmap.org/node/8206780518", "josm_url": "http://127.0.0.1:8111/load_object?new_layer=false&objects=n8206780518", "id_url": "https://www.openstreetmap.org/edit?editor=id&node=8206780518#map=20/59.9377694/10.7303637"}}, {"type": "Feature", "geometry": {"type": "Point", "coordinates": [10.758969, 59.9114605]}, "properties": {"id": 8231637256, "feat_type": "node", "quality_categories": "improper_keys, kerb_on_top_of_non_crossing", "issue_ids": "[4, 1]", "osm_url": "https://www.openstreetmap.org/node/8231637256", "josm_url": "http://127.0.0.1:8111/load_object?new_layer=false&objects=n8231637256", "id_url": "https://www.openstreetmap.org/edit?editor=id&node=8231637256#map=20/59.9114605/10.758969"}}, {"type": "Feature", "geometry": {"type": "Point", "coordinates": [10.7770084, 59.9129353]}, "properties": {"id": 8296953191, "feat_type": "node", "quality_categories": "kerb_on_top_of_non_crossing, uncanny_keys", "issue_ids": "[13, 1]", "osm_url": "https://www.openstreetmap.org/node/8296953191", "josm_url": "http://127.0.0.1:8111/load_object?new_layer=false&objects=n8296953191", "id_url": "https://www.openstreetmap.org/edit?editor=id&node=8296953191#map=20/59.9129353/10.7770084"}}, {"type": "Feature", "geometry": {"type": "Point", "coordinates": [10.7486146, 59.9144506]}, "properties": {"id": 8769279439, "feat_type": "node", "quality_categories": "improper_keys, kerb_on_top_of_non_crossing", "issue_ids": "[14, 1]", "osm_url": "https://www.openstreetmap.org/node/8769279439", "josm_url": "http://127.0.0.1:8111/load_object?new_layer=false&objects=n8769279439", "id_url": "https://www.openstreetmap.org/edit?editor=id&node=8769279439#map=20/59.9144506/10.7486146"}}, {"type": "Feature", "geometry": {"type": "Point", "coordinates": [10.7576916, 59.9210946]}, "properties": {"id": 9535901001, "feat_type": "node", "quality_categories": "improper_keys, kerb_on_top_of_non_crossing", "issue_ids": "[4, 1]", "osm_url": "https://www.openstreetmap.org/node/9535901001", "josm_url": "http://127.0.0.1:8111/load_object?new_layer=false&objects=n9535901001", "id_url": "https://www.openstreetmap.org/edit?editor=id&node=9535901001#map=20/59.9210946/10.7576916"}}, {"type": "Feature", "geometry": {"type": "Point", "coordinates": [10.7212526, 59.9263928]}, "properties": {"id": 12178586219, "feat_type": "node", "quality_categories": "improper_keys, kerb_on_top_of_non_crossing", "issue_ids": "[4, 1]", "osm_url": "https://www.openstreetmap.org/node/12178586219", "josm_url": "http://127.0.0.1:8111/load_object?new_layer=false&objects=n12178586219", "id_url": "https://www.openstreetmap.org/edit?editor=id&node=12178586219#map=20/59.9263928/10.7212526"}}, {"type": "Feature", "geometry": {"type": "Point", "coordinates": [10.7220356, 59.9259108]}, "properties": {"id": 12178586220, "feat_type": "node", "quality_categories": "improper_keys, kerb_on_top_of_non_crossing", "issue_ids": "[4, 1]", "osm_url": "https://www.openstreetmap.org/node/12178586220", "josm_url": "http://127.0.0.1:8111/load_object?new_layer=false&objects=n12178586220", "id_url": "https://www.openstreetmap.org/edit?editor=id&node=12178586220#map=20/59.9259108/10.7220356"}}, {"type": "Feature", "geometry": {"type": "Point", "coordinates": [10.7236476, 59.9249348]}, "properties": {"id": 12178586221, "feat_type": "node", "quality_categories": "improper_keys, kerb_on_top_of_non_crossing", "issue_ids": "[4, 1]", "osm_url": "https://www.openstreetmap.org/node/12178586221", "josm_url": "http://127.0.0.1:8111/load_object?new_layer=false&objects=n12178586221", "id_url": "https://www.openstreetmap.org/edit?editor=id&node=12178586221#map=20/59.9249348/10.7236476"}}, {"type": "Feature", "geometry": {"type": "Point", "coordinates": [10.7257346, 59.9238478]}, "properties": {"id": 12178586228, "feat_type": "node", "quality_categories": "improper_keys, kerb_on_top_of_non_crossing", "issue_ids": "[4, 1]", "osm_url": "https://www.openstreetmap.org/node/12178586228", "josm_url": "http://127.0.0.1:8111/load_object?new_layer=false&objects=n12178586228", "id_url": "https://www.openstreetmap.org/edit?editor=id&node=12178586228#map=20/59.9238478/10.7257346"}}, {"type": "Feature", "geometry": {"type": "Point", "coordinates": [10.7200326, 59.9271758]}, "properties": {"id": 12178586230, "feat_type": "node", "quality_categories": "improper_keys, kerb_on_top_of_non_crossing", "issue_ids": "[4, 1]", "osm_url": "https://www.openstreetmap.org/node/12178586230", "josm_url": "http://127.0.0.1:8111/load_object?new_layer=false&objects=n12178586230", "id_url": "https://www.openstreetmap.org/edit?editor=id&node=12178586230#map=20/59.9271758/10.7200326"}}, {"type": "Feature", "geometry": {"type": "Point", "coordinates": [10.7262776, 59.9232158]}, "properties": {"id": 12178586231, "feat_type": "node", "quality_categories": "improper_keys, kerb_on_top_of_non_crossing", "issue_ids": "[4, 1]", "osm_url": "https://www.openstreetmap.org/node/12178586231", "josm_url": "http://127.0.0.1:8111/load_object?new_layer=false&objects=n12178586231", "id_url": "https://www.openstreetmap.org/edit?editor=id&node=12178586231#map=20/59.9232158/10.7262776"}}, {"type": "Feature", "geometry": {"type": "Point", "coordinates": [10.7210276, 59.9265418]}, "properties": {"id": 12178586232, "feat_type": "node", "quality_categories": "improper_keys, kerb_on_top_of_non_crossing", "issue_ids": "[4, 1]", "osm_url": "https://www.openstreetmap.org/node/12178586232", "josm_url": "http://127.0.0.1:8111/load_object?new_layer=false&objects=n12178586232", "id_url": "https://www.openstreetmap.org/edit?editor=id&node=12178586232#map=20/59.9265418/10.7210276"}}, {"type": "Feature", "geometry": {"type": "Point", "coordinates": [10.6552103, 59.9248952]}, "properties": {"id": 12758305383, "feat_type": "node", "quality_categories": "improper_keys, kerb_on_top_of_non_crossing", "issue_ids": "[4, 1]", "osm_url": "https://www.openstreetmap.org/node/12758305383", "josm_url": "http://127.0.0.1:8111/load_object?new_layer=false&objects=n12758305383", "id_url": "https://www.openstreetmap.org/edit?editor=id&node=12758305383#map=20/59.9248952/10.6552103"}}, {"type": "Feature", "geometry": {"type": "Point", "coordinates": [10.7345661, 59.912142]}, "properties": {"id": 659533, "feat_type": "node", "quality_categories": "kerb_on_top_of_non_crossing", "issue_ids": "[1]", "osm_url": "https://www.openstreetmap.org/node/659533", "josm_url": "http://127.0.0.1:8111/load_object?new_layer=false&objects=n659533", "id_url": "https://www.openstreetmap.org/edit?editor=id&node=659533#map=20/59.912142/10.7345661"}}, {"type": "Feature", "geometry": {"type": "Point", "coordinates": [10.8701912, 59.9338]}, "properties": {"id": 565437182, "feat_type": "node", "quality_categories": "kerb_on_top_of_non_crossing", "issue_ids": "[1]", "osm_url": "https://www.openstreetmap.org/node/565437182", "josm_url": "http://127.0.0.1:8111/load_object?new_layer=false&objects=n565437182", "id_url": "https://www.openstreetmap.org/edit?editor=id&node=565437182#map=20/59.9338/10.8701912"}}, {"type": "Feature", "geometry": {"type": "Point", "coordinates": [10.6735197, 59.9416991]}, "properties": {"id": 618143137, "feat_type": "node", "quality_categories": "kerb_on_top_of_non_crossing", "issue_ids": "[1]", "osm_url": "https://www.openstreetmap.org/node/618143137", "josm_url": "http://127.0.0.1:8111/load_object?new_layer=false&objects=n618143137", "id_url": "https://www.openstreetmap.org/edit?editor=id&node=618143137#map=20/59.9416991/10.6735197"}}, {"type": "Feature", "geometry": {"type": "Point", "coordinates": [10.7750134, 59.9128873]}, "properties": {"id": 1269199103, "feat_type": "node", "quality_categories": "kerb_on_top_of_non_crossing", "issue_ids": "[1]", "osm_url": "https://www.openstreetmap.org/node/1269199103", "josm_url": "http://127.0.0.1:8111/load_object?new_layer=false&objects=n1269199103", "id_url": "https://www.openstreetmap.org/edit?editor=id&node=1269199103#map=20/59.9128873/10.7750134"}}, {"type": "Feature", "geometry": {"type": "Point", "coordinates": [10.7182443, 59.9474373]}, "properties": {"id": 1334087977, "feat_type": "node", "quality_categories": "kerb_on_top_of_non_crossing", "issue_ids": "[1]", "osm_url": "https://www.openstreetmap.org/node/1334087977", "josm_url": "http://127.0.0.1:8111/load_object?new_layer=false&objects=n1334087977", "id_url": "https://www.openstreetmap.org/edit?editor=id&node=1334087977#map=20/59.9474373/10.7182443"}}, {"type": "Feature", "geometry": {"type": "Point", "coordinates": [10.7684023, 59.9364494]}, "properties": {"id": 1600891729, "feat_type": "node", "quality_categories": "kerb_on_top_of_non_crossing", "issue_ids": "[1]", "osm_url": "https://www.openstreetmap.org/node/1600891729", "josm_url": "http://127.0.0.1:8111/load_object?new_layer=false&objects=n1600891729", "id_url": "https://www.openstreetmap.org/edit?editor=id&node=1600891729#map=20/59.9364494/10.7684023"}}, {"type": "Feature", "geometry": {"type": "Point", "coordinates": [10.7686, 59.9364962]}, "properties": {"id": 1600891731, "feat_type": "node", "quality_categories": "kerb_on_top_of_non_crossing", "issue_ids": "[1]", "osm_url": "https://www.openstreetmap.org/node/1600891731", "josm_url": "http://127.0.0.1:8111/load_object?new_layer=false&objects=n1600891731", "id_url": "https://www.openstreetmap.org/edit?editor=id&node=1600891731#map=20/59.9364962/10.7686"}}, {"type": "Feature", "geometry": {"type": "Point", "coordinates": [10.8224078, 59.8669221]}, "properties": {"id": 1708610735, "feat_type": "node", "quality_categories": "kerb_on_top_of_non_crossing", "issue_ids": "[1]", "osm_url": "https://www.openstreetmap.org/node/1708610735", "josm_url": "http://127.0.0.1:8111/load_object?new_layer=false&objects=n1708610735", "id_url": "https://www.openstreetmap.org/edit?editor=id&node=1708610735#map=20/59.8669221/10.8224078"}}, {"type": "Feature", "geometry": {"type": "Point", "coordinates": [10.6502971, 59.9201179]}, "properties": {"id": 2319220990, "feat_type": "node", "quality_categories": "kerb_on_top_of_non_crossing", "issue_ids": "[1]", "osm_url": "https://www.openstreetmap.org/node/2319220990", "josm_url": "http://127.0.0.1:8111/load_object?new_layer=false&objects=n2319220990", "id_url": "https://www.openstreetmap.org/edit?editor=id&node=2319220990#map=20/59.9201179/10.6502971"}}, {"type": "Feature", "geometry": {"type": "Point", "coordinates": [10.7495192, 59.9111933]}, "properties": {"id": 2702938862, "feat_type": "node", "quality_categories": "kerb_on_top_of_non_crossing", "issue_ids": "[1]", "osm_url": "https://www.openstreetmap.org/node/2702938862", "josm_url": "http://127.0.0.1:8111/load_object?new_layer=false&objects=n2702938862", "id_url": "https://www.openstreetmap.org/edit?editor=id&node=2702938862#map=20/59.9111933/10.7495192"}}, {"type": "Feature", "geometry": {"type": "Point", "coordinates": [10.7507777, 59.9117352]}, "properties": {"id": 2717146553, "feat_type": "node", "quality_categories": "kerb_on_top_of_non_crossing", "issue_ids": "[1]", "osm_url": "https://www.openstreetmap.org/node/2717146553", "josm_url": "http://127.0.0.1:8111/load_object?new_layer=false&objects=n2717146553", "id_url": "https://www.openstreetmap.org/edit?editor=id&node=2717146553#map=20/59.9117352/10.7507777"}}, {"type": "Feature", "geometry": {"type": "Point", "coordinates": [10.7482328, 59.9125125]}, "properties": {"id": 2726958701, "feat_type": "node", "quality_categories": "kerb_on_top_of_non_crossing", "issue_ids": "[1]", "osm_url": "https://www.openstreetmap.org/node/2726958701", "josm_url": "http://127.0.0.1:8111/load_object?new_layer=false&objects=n2726958701", "id_url": "https://www.openstreetmap.org/edit?editor=id&node=2726958701#map=20/59.9125125/10.7482328"}}, {"type": "Feature", "geometry": {"type": "Point", "coordinates": [10.7483491, 59.912546]}, "properties": {"id": 2726958706, "feat_type": "node", "quality_categories": "kerb_on_top_of_non_crossing", "issue_ids": "[1]", "osm_url": "https://www.openstreetmap.org/node/2726958706", "josm_url": "http://127.0.0.1:8111/load_object?new_layer=false&objects=n2726958706", "id_url": "https://www.openstreetmap.org/edit?editor=id&node=2726958706#map=20/59.912546/10.7483491"}}, {"type": "Feature", "geometry": {"type": "Point", "coordinates": [10.7474392, 59.912852]}, "properties": {"id": 2726958811, "feat_type": "node", "quality_categories": "kerb_on_top_of_non_crossing", "issue_ids": "[1]", "osm_url": "https://www.openstreetmap.org/node/2726958811", "josm_url": "http://127.0.0.1:8111/load_object?new_layer=false&objects=n2726958811", "id_url": "https://www.openstreetmap.org/edit?editor=id&node=2726958811#map=20/59.912852/10.7474392"}}, {"type": "Feature", "geometry": {"type": "Point", "coordinates": [10.7474916, 59.9129084]}, "properties": {"id": 2726958857, "feat_type": "node", "quality_categories": "kerb_on_top_of_non_crossing", "issue_ids": "[1]", "osm_url": "https://www.openstreetmap.org/node/2726958857", "josm_url": "http://127.0.0.1:8111/load_object?new_layer=false&objects=n2726958857", "id_url": "https://www.openstreetmap.org/edit?editor=id&node=2726958857#map=20/59.9129084/10.7474916"}}, {"type": "Feature", "geometry": {"type": "Point", "coordinates": [10.7439185, 59.9135469]}, "properties": {"id": 2727063017, "feat_type": "node", "quality_categories": "kerb_on_top_of_non_crossing", "issue_ids": "[1]", "osm_url": "https://www.openstreetmap.org/node/2727063017", "josm_url": "http://127.0.0.1:8111/load_object?new_layer=false&objects=n2727063017", "id_url": "https://www.openstreetmap.org/edit?editor=id&node=2727063017#map=20/59.9135469/10.7439185"}}, {"type": "Feature", "geometry": {"type": "Point", "coordinates": [10.7433199, 59.9137683]}, "properties": {"id": 2727063029, "feat_type": "node", "quality_categories": "kerb_on_top_of_non_crossing", "issue_ids": "[1]", "osm_url": "https://www.openstreetmap.org/node/2727063029", "josm_url": "http://127.0.0.1:8111/load_object?new_layer=false&objects=n2727063029", "id_url": "https://www.openstreetmap.org/edit?editor=id&node=2727063029#map=20/59.9137683/10.7433199"}}, {"type": "Feature", "geometry": {"type": "Point", "coordinates": [10.7387287, 59.9153633]}, "properties": {"id": 2729719846, "feat_type": "node", "quality_categories": "kerb_on_top_of_non_crossing", "issue_ids": "[1]", "osm_url": "https://www.openstreetmap.org/node/2729719846", "josm_url": "http://127.0.0.1:8111/load_object?new_layer=false&objects=n2729719846", "id_url": "https://www.openstreetmap.org/edit?editor=id&node=2729719846#map=20/59.9153633/10.7387287"}}, {"type": "Feature", "geometry": {"type": "Point", "coordinates": [10.7179501, 59.9144873]}, "properties": {"id": 3241576094, "feat_type": "node", "quality_categories": "kerb_on_top_of_non_crossing", "issue_ids": "[1]", "osm_url": "https://www.openstreetmap.org/node/3241576094", "josm_url": "http://127.0.0.1:8111/load_object?new_layer=false&objects=n3241576094", "id_url": "https://www.openstreetmap.org/edit?editor=id&node=3241576094#map=20/59.9144873/10.7179501"}}, {"type": "Feature", "geometry": {"type": "Point", "coordinates": [10.7181032, 59.9145326]}, "properties": {"id": 3241576122, "feat_type": "node", "quality_categories": "kerb_on_top_of_non_crossing", "issue_ids": "[1]", "osm_url": "https://www.openstreetmap.org/node/3241576122", "josm_url": "http://127.0.0.1:8111/load_object?new_layer=false&objects=n3241576122", "id_url": "https://www.openstreetmap.org/edit?editor=id&node=3241576122#map=20/59.9145326/10.7181032"}}, {"type": "Feature", "geometry": {"type": "Point", "coordinates": [10.7245503, 59.915257]}, "properties": {"id": 3405607921, "feat_type": "node", "quality_categories": "kerb_on_top_of_non_crossing", "issue_ids": "[1]", "osm_url": "https://www.openstreetmap.org/node/3405607921", "josm_url": "http://127.0.0.1:8111/load_object?new_layer=false&objects=n3405607921", "id_url": "https://www.openstreetmap.org/edit?editor=id&node=3405607921#map=20/59.915257/10.7245503"}}, {"type": "Feature", "geometry": {"type": "Point", "coordinates": [10.729934, 59.9152872]}, "properties": {"id": 3405607959, "feat_type": "node", "quality_categories": "kerb_on_top_of_non_crossing", "issue_ids": "[1]", "osm_url": "https://www.openstreetmap.org/node/3405607959", "josm_url": "http://127.0.0.1:8111/load_object?new_layer=false&objects=n3405607959", "id_url": "https://www.openstreetmap.org/edit?editor=id&node=3405607959#map=20/59.9152872/10.729934"}}, {"type": "Feature", "geometry": {"type": "Point", "coordinates": [10.7265044, 59.9412165]}, "properties": {"id": 3412763884, "feat_type": "node", "quality_categories": "kerb_on_top_of_non_crossing", "issue_ids": "[1]", "osm_url": "https://www.openstreetmap.org/node/3412763884", "josm_url": "http://127.0.0.1:8111/load_object?new_layer=false&objects=n3412763884", "id_url": "https://www.openstreetmap.org/edit?editor=id&node=3412763884#map=20/59.9412165/10.7265044"}}, {"type": "Feature", "geometry": {"type": "Point", "coordinates": [10.7311852, 59.9246268]}, "properties": {"id": 3414871690, "feat_type": "node", "quality_categories": "kerb_on_top_of_non_crossing", "issue_ids": "[1]", "osm_url": "https://www.openstreetmap.org/node/3414871690", "josm_url": "http://127.0.0.1:8111/load_object?new_layer=false&objects=n3414871690", "id_url": "https://www.openstreetmap.org/edit?editor=id&node=3414871690#map=20/59.9246268/10.7311852"}}, {"type": "Feature", "geometry": {"type": "Point", "coordinates": [10.7358798, 59.91911]}, "properties": {"id": 3421439900, "feat_type": "node", "quality_categories": "kerb_on_top_of_non_crossing", "issue_ids": "[1]", "osm_url": "https://www.openstreetmap.org/node/3421439900", "josm_url": "http://127.0.0.1:8111/load_object?new_layer=false&objects=n3421439900", "id_url": "https://www.openstreetmap.org/edit?editor=id&node=3421439900#map=20/59.91911/10.7358798"}}, {"type": "Feature", "geometry": {"type": "Point", "coordinates": [10.7359934, 59.9191241]}, "properties": {"id": 3421439905, "feat_type": "node", "quality_categories": "kerb_on_top_of_non_crossing", "issue_ids": "[1]", "osm_url": "https://www.openstreetmap.org/node/3421439905", "josm_url": "http://127.0.0.1:8111/load_object?new_layer=false&objects=n3421439905", "id_url": "https://www.openstreetmap.org/edit?editor=id&node=3421439905#map=20/59.9191241/10.7359934"}}, {"type": "Feature", "geometry": {"type": "Point", "coordinates": [10.6960979, 59.9024123]}, "properties": {"id": 3481658737, "feat_type": "node", "quality_categories": "kerb_on_top_of_non_crossing", "issue_ids": "[1]", "osm_url": "https://www.openstreetmap.org/node/3481658737", "josm_url": "http://127.0.0.1:8111/load_object?new_layer=false&objects=n3481658737", "id_url": "https://www.openstreetmap.org/edit?editor=id&node=3481658737#map=20/59.9024123/10.6960979"}}, {"type": "Feature", "geometry": {"type": "Point", "coordinates": [10.7585746, 59.9176021]}, "properties": {"id": 3713530204, "feat_type": "node", "quality_categories": "kerb_on_top_of_non_crossing", "issue_ids": "[1]", "osm_url": "https://www.openstreetmap.org/node/3713530204", "josm_url": "http://127.0.0.1:8111/load_object?new_layer=false&objects=n3713530204", "id_url": "https://www.openstreetmap.org/edit?editor=id&node=3713530204#map=20/59.9176021/10.7585746"}}, {"type": "Feature", "geometry": {"type": "Point", "coordinates": [10.7592608, 59.9200414]}, "properties": {"id": 3713530380, "feat_type": "node", "quality_categories": "kerb_on_top_of_non_crossing", "issue_ids": "[1]", "osm_url": "https://www.openstreetmap.org/node/3713530380", "josm_url": "http://127.0.0.1:8111/load_object?new_layer=false&objects=n3713530380", "id_url": "https://www.openstreetmap.org/edit?editor=id&node=3713530380#map=20/59.9200414/10.7592608"}}, {"type": "Feature", "geometry": {"type": "Point", "coordinates": [10.7594095, 59.9200416]}, "properties": {"id": 3713530384, "feat_type": "node", "quality_categories": "kerb_on_top_of_non_crossing", "issue_ids": "[1]", "osm_url": "https://www.openstreetmap.org/node/3713530384", "josm_url": "http://127.0.0.1:8111/load_object?new_layer=false&objects=n3713530384", "id_url": "https://www.openstreetmap.org/edit?editor=id&node=3713530384#map=20/59.9200416/10.7594095"}}, {"type": "Feature", "geometry": {"type": "Point", "coordinates": [10.7594464, 59.9200568]}, "properties": {"id": 3713530395, "feat_type": "node", "quality_categories": "kerb_on_top_of_non_crossing", "issue_ids": "[1]", "osm_url": "https://www.openstreetmap.org/node/3713530395", "josm_url": "http://127.0.0.1:8111/load_object?new_layer=false&objects=n3713530395", "id_url": "https://www.openstreetmap.org/edit?editor=id&node=3713530395#map=20/59.9200568/10.7594464"}}, {"type": "Feature", "geometry": {"type": "Point", "coordinates": [10.7594438, 59.9201361]}, "properties": {"id": 3713530414, "feat_type": "node", "quality_categories": "kerb_on_top_of_non_crossing", "issue_ids": "[1]", "osm_url": "https://www.openstreetmap.org/node/3713530414", "josm_url": "http://127.0.0.1:8111/load_object?new_layer=false&objects=n3713530414", "id_url": "https://www.openstreetmap.org/edit?editor=id&node=3713530414#map=20/59.9201361/10.7594438"}}, {"type": "Feature", "geometry": {"type": "Point", "coordinates": [10.7684113, 59.9413418]}, "properties": {"id": 3849099700, "feat_type": "node", "quality_categories": "kerb_on_top_of_non_crossing", "issue_ids": "[1]", "osm_url": "https://www.openstreetmap.org/node/3849099700", "josm_url": "http://127.0.0.1:8111/load_object?new_layer=false&objects=n3849099700", "id_url": "https://www.openstreetmap.org/edit?editor=id&node=3849099700#map=20/59.9413418/10.7684113"}}, {"type": "Feature", "geometry": {"type": "Point", "coordinates": [10.7606497, 59.9069906]}, "properties": {"id": 3904715840, "feat_type": "node", "quality_categories": "kerb_on_top_of_non_crossing", "issue_ids": "[1]", "osm_url": "https://www.openstreetmap.org/node/3904715840", "josm_url": "http://127.0.0.1:8111/load_object?new_layer=false&objects=n3904715840", "id_url": "https://www.openstreetmap.org/edit?editor=id&node=3904715840#map=20/59.9069906/10.7606497"}}, {"type": "Feature", "geometry": {"type": "Point", "coordinates": [10.8426335, 59.8359511]}, "properties": {"id": 4383630099, "feat_type": "node", "quality_categories": "kerb_on_top_of_non_crossing", "issue_ids": "[1]", "osm_url": "https://www.openstreetmap.org/node/4383630099", "josm_url": "http://127.0.0.1:8111/load_object?new_layer=false&objects=n4383630099", "id_url": "https://www.openstreetmap.org/edit?editor=id&node=4383630099#map=20/59.8359511/10.8426335"}}, {"type": "Feature", "geometry": {"type": "Point", "coordinates": [10.8426408, 59.8360068]}, "properties": {"id": 4383630102, "feat_type": "node", "quality_categories": "kerb_on_top_of_non_crossing", "issue_ids": "[1]", "osm_url": "https://www.openstreetmap.org/node/4383630102", "josm_url": "http://127.0.0.1:8111/load_object?new_layer=false&objects=n4383630102", "id_url": "https://www.openstreetmap.org/edit?editor=id&node=4383630102#map=20/59.8360068/10.8426408"}}, {"type": "Feature", "geometry": {"type": "Point", "coordinates": [10.8426562, 59.8360817]}, "properties": {"id": 4383630108, "feat_type": "node", "quality_categories": "kerb_on_top_of_non_crossing", "issue_ids": "[1]", "osm_url": "https://www.openstreetmap.org/node/4383630108", "josm_url": "http://127.0.0.1:8111/load_object?new_layer=false&objects=n4383630108", "id_url": "https://www.openstreetmap.org/edit?editor=id&node=4383630108#map=20/59.8360817/10.8426562"}}, {"type": "Feature", "geometry": {"type": "Point", "coordinates": [10.7222904, 59.9150921]}, "properties": {"id": 4719447406, "feat_type": "node", "quality_categories": "kerb_on_top_of_non_crossing", "issue_ids": "[1]", "osm_url": "https://www.openstreetmap.org/node/4719447406", "josm_url": "http://127.0.0.1:8111/load_object?new_layer=false&objects=n4719447406", "id_url": "https://www.openstreetmap.org/edit?editor=id&node=4719447406#map=20/59.9150921/10.7222904"}}, {"type": "Feature", "geometry": {"type": "Point", "coordinates": [10.8385759, 59.8722963]}, "properties": {"id": 4871092675, "feat_type": "node", "quality_categories": "kerb_on_top_of_non_crossing", "issue_ids": "[1]", "osm_url": "https://www.openstreetmap.org/node/4871092675", "josm_url": "http://127.0.0.1:8111/load_object?new_layer=false&objects=n4871092675", "id_url": "https://www.openstreetmap.org/edit?editor=id&node=4871092675#map=20/59.8722963/10.8385759"}}, {"type": "Feature", "geometry": {"type": "Point", "coordinates": [10.7507286, 59.9114399]}, "properties": {"id": 4966196367, "feat_type": "node", "quality_categories": "kerb_on_top_of_non_crossing", "issue_ids": "[1]", "osm_url": "https://www.openstreetmap.org/node/4966196367", "josm_url": "http://127.0.0.1:8111/load_object?new_layer=false&objects=n4966196367", "id_url": "https://www.openstreetmap.org/edit?editor=id&node=4966196367#map=20/59.9114399/10.7507286"}}, {"type": "Feature", "geometry": {"type": "Point", "coordinates": [10.751134, 59.9114046]}, "properties": {"id": 4966196368, "feat_type": "node", "quality_categories": "kerb_on_top_of_non_crossing", "issue_ids": "[1]", "osm_url": "https://www.openstreetmap.org/node/4966196368", "josm_url": "http://127.0.0.1:8111/load_object?new_layer=false&objects=n4966196368", "id_url": "https://www.openstreetmap.org/edit?editor=id&node=4966196368#map=20/59.9114046/10.751134"}}, {"type": "Feature", "geometry": {"type": "Point", "coordinates": [10.7512303, 59.911706]}, "properties": {"id": 5039385818, "feat_type": "node", "quality_categories": "kerb_on_top_of_non_crossing", "issue_ids": "[1]", "osm_url": "https://www.openstreetmap.org/node/5039385818", "josm_url": "http://127.0.0.1:8111/load_object?new_layer=false&objects=n5039385818", "id_url": "https://www.openstreetmap.org/edit?editor=id&node=5039385818#map=20/59.911706/10.7512303"}}, {"type": "Feature", "geometry": {"type": "Point", "coordinates": [10.7672561, 59.9058945]}, "properties": {"id": 5231458802, "feat_type": "node", "quality_categories": "kerb_on_top_of_non_crossing", "issue_ids": "[1]", "osm_url": "https://www.openstreetmap.org/node/5231458802", "josm_url": "http://127.0.0.1:8111/load_object?new_layer=false&objects=n5231458802", "id_url": "https://www.openstreetmap.org/edit?editor=id&node=5231458802#map=20/59.9058945/10.7672561"}}, {"type": "Feature", "geometry": {"type": "Point", "coordinates": [10.8222943, 59.9128963]}, "properties": {"id": 6188293960, "feat_type": "node", "quality_categories": "kerb_on_top_of_non_crossing", "issue_ids": "[1]", "osm_url": "https://www.openstreetmap.org/node/6188293960", "josm_url": "http://127.0.0.1:8111/load_object?new_layer=false&objects=n6188293960", "id_url": "https://www.openstreetmap.org/edit?editor=id&node=6188293960#map=20/59.9128963/10.8222943"}}, {"type": "Feature", "geometry": {"type": "Point", "coordinates": [10.8369197, 59.8347716]}, "properties": {"id": 6341019925, "feat_type": "node", "quality_categories": "kerb_on_top_of_non_crossing", "issue_ids": "[1]", "osm_url": "https://www.openstreetmap.org/node/6341019925", "josm_url": "http://127.0.0.1:8111/load_object?new_layer=false&objects=n6341019925", "id_url": "https://www.openstreetmap.org/edit?editor=id&node=6341019925#map=20/59.8347716/10.8369197"}}, {"type": "Feature", "geometry": {"type": "Point", "coordinates": [10.7750643, 59.8347485]}, "properties": {"id": 6433800562, "feat_type": "node", "quality_categories": "kerb_on_top_of_non_crossing", "issue_ids": "[1]", "osm_url": "https://www.openstreetmap.org/node/6433800562", "josm_url": "http://127.0.0.1:8111/load_object?new_layer=false&objects=n6433800562", "id_url": "https://www.openstreetmap.org/edit?editor=id&node=6433800562#map=20/59.8347485/10.7750643"}}, {"type": "Feature", "geometry": {"type": "Point", "coordinates": [10.8019392, 59.896475]}, "properties": {"id": 6659176307, "feat_type": "node", "quality_categories": "kerb_on_top_of_non_crossing", "issue_ids": "[1]", "osm_url": "https://www.openstreetmap.org/node/6659176307", "josm_url": "http://127.0.0.1:8111/load_object?new_layer=false&objects=n6659176307", "id_url": "https://www.openstreetmap.org/edit?editor=id&node=6659176307#map=20/59.896475/10.8019392"}}, {"type": "Feature", "geometry": {"type": "Point", "coordinates": [10.7825044, 59.888877]}, "properties": {"id": 6875274283, "feat_type": "node", "quality_categories": "kerb_on_top_of_non_crossing", "issue_ids": "[1]", "osm_url": "https://www.openstreetmap.org/node/6875274283", "josm_url": "http://127.0.0.1:8111/load_object?new_layer=false&objects=n6875274283", "id_url": "https://www.openstreetmap.org/edit?editor=id&node=6875274283#map=20/59.888877/10.7825044"}}, {"type": "Feature", "geometry": {"type": "Point", "coordinates": [10.7823921, 59.8888545]}, "properties": {"id": 6875274284, "feat_type": "node", "quality_categories": "kerb_on_top_of_non_crossing", "issue_ids": "[1]", "osm_url": "https://www.openstreetmap.org/node/6875274284", "josm_url": "http://127.0.0.1:8111/load_object?new_layer=false&objects=n6875274284", "id_url": "https://www.openstreetmap.org/edit?editor=id&node=6875274284#map=20/59.8888545/10.7823921"}}, {"type": "Feature", "geometry": {"type": "Point", "coordinates": [10.7787959, 59.8936872]}, "properties": {"id": 6897559546, "feat_type": "node", "quality_categories": "kerb_on_top_of_non_crossing", "issue_ids": "[1]", "osm_url": "https://www.openstreetmap.org/node/6897559546", "josm_url": "http://127.0.0.1:8111/load_object?new_layer=false&objects=n6897559546", "id_url": "https://www.openstreetmap.org/edit?editor=id&node=6897559546#map=20/59.8936872/10.7787959"}}, {"type": "Feature", "geometry": {"type": "Point", "coordinates": [10.7925784, 59.8617535]}, "properties": {"id": 6917513780, "feat_type": "node", "quality_categories": "kerb_on_top_of_non_crossing", "issue_ids": "[1]", "osm_url": "https://www.openstreetmap.org/node/6917513780", "josm_url": "http://127.0.0.1:8111/load_object?new_layer=false&objects=n6917513780", "id_url": "https://www.openstreetmap.org/edit?editor=id&node=6917513780#map=20/59.8617535/10.7925784"}}, {"type": "Feature", "geometry": {"type": "Point", "coordinates": [10.7175792, 59.9419872]}, "properties": {"id": 6997073656, "feat_type": "node", "quality_categories": "kerb_on_top_of_non_crossing", "issue_ids": "[1]", "osm_url": "https://www.openstreetmap.org/node/6997073656", "josm_url": "http://127.0.0.1:8111/load_object?new_layer=false&objects=n6997073656", "id_url": "https://www.openstreetmap.org/edit?editor=id&node=6997073656#map=20/59.9419872/10.7175792"}}, {"type": "Feature", "geometry": {"type": "Point", "coordinates": [10.6789428, 59.9219056]}, "properties": {"id": 7136785730, "feat_type": "node", "quality_categories": "kerb_on_top_of_non_crossing", "issue_ids": "[1]", "osm_url": "https://www.openstreetmap.org/node/7136785730", "josm_url": "http://127.0.0.1:8111/load_object?new_layer=false&objects=n7136785730", "id_url": "https://www.openstreetmap.org/edit?editor=id&node=7136785730#map=20/59.9219056/10.6789428"}}, {"type": "Feature", "geometry": {"type": "Point", "coordinates": [10.679107, 59.9215439]}, "properties": {"id": 7136785747, "feat_type": "node", "quality_categories": "kerb_on_top_of_non_crossing", "issue_ids": "[1]", "osm_url": "https://www.openstreetmap.org/node/7136785747", "josm_url": "http://127.0.0.1:8111/load_object?new_layer=false&objects=n7136785747", "id_url": "https://www.openstreetmap.org/edit?editor=id&node=7136785747#map=20/59.9215439/10.679107"}}, {"type": "Feature", "geometry": {"type": "Point", "coordinates": [10.6387075, 59.9645969]}, "properties": {"id": 7448322252, "feat_type": "node", "quality_categories": "kerb_on_top_of_non_crossing", "issue_ids": "[1]", "osm_url": "https://www.openstreetmap.org/node/7448322252", "josm_url": "http://127.0.0.1:8111/load_object?new_layer=false&objects=n7448322252", "id_url": "https://www.openstreetmap.org/edit?editor=id&node=7448322252#map=20/59.9645969/10.6387075"}}, {"type": "Feature", "geometry": {"type": "Point", "coordinates": [10.6388248, 59.9645967]}, "properties": {"id": 7448322253, "feat_type": "node", "quality_categories": "kerb_on_top_of_non_crossing", "issue_ids": "[1]", "osm_url": "https://www.openstreetmap.org/node/7448322253", "josm_url": "http://127.0.0.1:8111/load_object?new_layer=false&objects=n7448322253", "id_url": "https://www.openstreetmap.org/edit?editor=id&node=7448322253#map=20/59.9645967/10.6388248"}}, {"type": "Feature", "geometry": {"type": "Point", "coordinates": [10.6863369, 59.9224899]}, "properties": {"id": 7788281983, "feat_type": "node", "quality_categories": "kerb_on_top_of_non_crossing", "issue_ids": "[1]", "osm_url": "https://www.openstreetmap.org/node/7788281983", "josm_url": "http://127.0.0.1:8111/load_object?new_layer=false&objects=n7788281983", "id_url": "https://www.openstreetmap.org/edit?editor=id&node=7788281983#map=20/59.9224899/10.6863369"}}, {"type": "Feature", "geometry": {"type": "Point", "coordinates": [10.7863645, 59.9460726]}, "properties": {"id": 8058554387, "feat_type": "node", "quality_categories": "kerb_on_top_of_non_crossing", "issue_ids": "[1]", "osm_url": "https://www.openstreetmap.org/node/8058554387", "josm_url": "http://127.0.0.1:8111/load_object?new_layer=false&objects=n8058554387", "id_url": "https://www.openstreetmap.org/edit?editor=id&node=8058554387#map=20/59.9460726/10.7863645"}}, {"type": "Feature", "geometry": {"type": "Point", "coordinates": [10.7865437, 59.9460878]}, "properties": {"id": 8058554388, "feat_type": "node", "quality_categories": "kerb_on_top_of_non_crossing", "issue_ids": "[1]", "osm_url": "https://www.openstreetmap.org/node/8058554388", "josm_url": "http://127.0.0.1:8111/load_object?new_layer=false&objects=n8058554388", "id_url": "https://www.openstreetmap.org/edit?editor=id&node=8058554388#map=20/59.9460878/10.7865437"}}, {"type": "Feature", "geometry": {"type": "Point", "coordinates": [10.7873957, 59.9461852]}, "properties": {"id": 8058554389, "feat_type": "node", "quality_categories": "kerb_on_top_of_non_crossing", "issue_ids": "[1]", "osm_url": "https://www.openstreetmap.org/node/8058554389", "josm_url": "http://127.0.0.1:8111/load_object?new_layer=false&objects=n8058554389", "id_url": "https://www.openstreetmap.org/edit?editor=id&node=8058554389#map=20/59.9461852/10.7873957"}}, {"type": "Feature", "geometry": {"type": "Point", "coordinates": [10.7873002, 59.946174]}, "properties": {"id": 8058554390, "feat_type": "node", "quality_categories": "kerb_on_top_of_non_crossing", "issue_ids": "[1]", "osm_url": "https://www.openstreetmap.org/node/8058554390", "josm_url": "http://127.0.0.1:8111/load_object?new_layer=false&objects=n8058554390", "id_url": "https://www.openstreetmap.org/edit?editor=id&node=8058554390#map=20/59.946174/10.7873002"}}, {"type": "Feature", "geometry": {"type": "Point", "coordinates": [10.7636798, 59.9063167]}, "properties": {"id": 8063878829, "feat_type": "node", "quality_categories": "kerb_on_top_of_non_crossing", "issue_ids": "[1]", "osm_url": "https://www.openstreetmap.org/node/8063878829", "josm_url": "http://127.0.0.1:8111/load_object?new_layer=false&objects=n8063878829", "id_url": "https://www.openstreetmap.org/edit?editor=id&node=8063878829#map=20/59.9063167/10.7636798"}}, {"type": "Feature", "geometry": {"type": "Point", "coordinates": [10.7578206, 59.9070657]}, "properties": {"id": 8142632547, "feat_type": "node", "quality_categories": "kerb_on_top_of_non_crossing", "issue_ids": "[1]", "osm_url": "https://www.openstreetmap.org/node/8142632547", "josm_url": "http://127.0.0.1:8111/load_object?new_layer=false&objects=n8142632547", "id_url": "https://www.openstreetmap.org/edit?editor=id&node=8142632547#map=20/59.9070657/10.7578206"}}, {"type": "Feature", "geometry": {"type": "Point", "coordinates": [10.7765258, 59.9270114]}, "properties": {"id": 8162712146, "feat_type": "node", "quality_categories": "kerb_on_top_of_non_crossing", "issue_ids": "[1]", "osm_url": "https://www.openstreetmap.org/node/8162712146", "josm_url": "http://127.0.0.1:8111/load_object?new_layer=false&objects=n8162712146", "id_url": "https://www.openstreetmap.org/edit?editor=id&node=8162712146#map=20/59.9270114/10.7765258"}}, {"type": "Feature", "geometry": {"type": "Point", "coordinates": [10.7699308, 59.9116684]}, "properties": {"id": 8188435079, "feat_type": "node", "quality_categories": "kerb_on_top_of_non_crossing", "issue_ids": "[1]", "osm_url": "https://www.openstreetmap.org/node/8188435079", "josm_url": "http://127.0.0.1:8111/load_object?new_layer=false&objects=n8188435079", "id_url": "https://www.openstreetmap.org/edit?editor=id&node=8188435079#map=20/59.9116684/10.7699308"}}, {"type": "Feature", "geometry": {"type": "Point", "coordinates": [10.7812698, 59.9117428]}, "properties": {"id": 8188719494, "feat_type": "node", "quality_categories": "kerb_on_top_of_non_crossing", "issue_ids": "[1]", "osm_url": "https://www.openstreetmap.org/node/8188719494", "josm_url": "http://127.0.0.1:8111/load_object?new_layer=false&objects=n8188719494", "id_url": "https://www.openstreetmap.org/edit?editor=id&node=8188719494#map=20/59.9117428/10.7812698"}}, {"type": "Feature", "geometry": {"type": "Point", "coordinates": [10.6786172, 59.9220663]}, "properties": {"id": 8190145925, "feat_type": "node", "quality_categories": "kerb_on_top_of_non_crossing", "issue_ids": "[1]", "osm_url": "https://www.openstreetmap.org/node/8190145925", "josm_url": "http://127.0.0.1:8111/load_object?new_layer=false&objects=n8190145925", "id_url": "https://www.openstreetmap.org/edit?editor=id&node=8190145925#map=20/59.9220663/10.6786172"}}, {"type": "Feature", "geometry": {"type": "Point", "coordinates": [10.8025082, 59.9305527]}, "properties": {"id": 8294517406, "feat_type": "node", "quality_categories": "kerb_on_top_of_non_crossing", "issue_ids": "[1]", "osm_url": "https://www.openstreetmap.org/node/8294517406", "josm_url": "http://127.0.0.1:8111/load_object?new_layer=false&objects=n8294517406", "id_url": "https://www.openstreetmap.org/edit?editor=id&node=8294517406#map=20/59.9305527/10.8025082"}}, {"type": "Feature", "geometry": {"type": "Point", "coordinates": [10.8026725, 59.9304641]}, "properties": {"id": 8294517407, "feat_type": "node", "quality_categories": "kerb_on_top_of_non_crossing", "issue_ids": "[1]", "osm_url": "https://www.openstreetmap.org/node/8294517407", "josm_url": "http://127.0.0.1:8111/load_object?new_layer=false&objects=n8294517407", "id_url": "https://www.openstreetmap.org/edit?editor=id&node=8294517407#map=20/59.9304641/10.8026725"}}, {"type": "Feature", "geometry": {"type": "Point", "coordinates": [10.7678188, 59.9103927]}, "properties": {"id": 8296634434, "feat_type": "node", "quality_categories": "kerb_on_top_of_non_crossing", "issue_ids": "[1]", "osm_url": "https://www.openstreetmap.org/node/8296634434", "josm_url": "http://127.0.0.1:8111/load_object?new_layer=false&objects=n8296634434", "id_url": "https://www.openstreetmap.org/edit?editor=id&node=8296634434#map=20/59.9103927/10.7678188"}}, {"type": "Feature", "geometry": {"type": "Point", "coordinates": [10.7723239, 59.9110866]}, "properties": {"id": 8296938955, "feat_type": "node", "quality_categories": "kerb_on_top_of_non_crossing", "issue_ids": "[1]", "osm_url": "https://www.openstreetmap.org/node/8296938955", "josm_url": "http://127.0.0.1:8111/load_object?new_layer=false&objects=n8296938955", "id_url": "https://www.openstreetmap.org/edit?editor=id&node=8296938955#map=20/59.9110866/10.7723239"}}, {"type": "Feature", "geometry": {"type": "Point", "coordinates": [10.7748435, 59.9189389]}, "properties": {"id": 8324675764, "feat_type": "node", "quality_categories": "kerb_on_top_of_non_crossing", "issue_ids": "[1]", "osm_url": "https://www.openstreetmap.org/node/8324675764", "josm_url": "http://127.0.0.1:8111/load_object?new_layer=false&objects=n8324675764", "id_url": "https://www.openstreetmap.org/edit?editor=id&node=8324675764#map=20/59.9189389/10.7748435"}}, {"type": "Feature", "geometry": {"type": "Point", "coordinates": [10.785259, 59.9061199]}, "properties": {"id": 8372737881, "feat_type": "node", "quality_categories": "kerb_on_top_of_non_crossing", "issue_ids": "[1]", "osm_url": "https://www.openstreetmap.org/node/8372737881", "josm_url": "http://127.0.0.1:8111/load_object?new_layer=false&objects=n8372737881", "id_url": "https://www.openstreetmap.org/edit?editor=id&node=8372737881#map=20/59.9061199/10.785259"}}, {"type": "Feature", "geometry": {"type": "Point", "coordinates": [10.7940044, 59.9064381]}, "properties": {"id": 8377481627, "feat_type": "node", "quality_categories": "kerb_on_top_of_non_crossing", "issue_ids": "[1]", "osm_url": "https://www.openstreetmap.org/node/8377481627", "josm_url": "http://127.0.0.1:8111/load_object?new_layer=false&objects=n8377481627", "id_url": "https://www.openstreetmap.org/edit?editor=id&node=8377481627#map=20/59.9064381/10.7940044"}}, {"type": "Feature", "geometry": {"type": "Point", "coordinates": [10.789163, 59.9073622]}, "properties": {"id": 8377630772, "feat_type": "node", "quality_categories": "kerb_on_top_of_non_crossing", "issue_ids": "[1]", "osm_url": "https://www.openstreetmap.org/node/8377630772", "josm_url": "http://127.0.0.1:8111/load_object?new_layer=false&objects=n8377630772", "id_url": "https://www.openstreetmap.org/edit?editor=id&node=8377630772#map=20/59.9073622/10.789163"}}, {"type": "Feature", "geometry": {"type": "Point", "coordinates": [10.7586713, 59.9175701]}, "properties": {"id": 8431942816, "feat_type": "node", "quality_categories": "kerb_on_top_of_non_crossing", "issue_ids": "[1]", "osm_url": "https://www.openstreetmap.org/node/8431942816", "josm_url": "http://127.0.0.1:8111/load_object?new_layer=false&objects=n8431942816", "id_url": "https://www.openstreetmap.org/edit?editor=id&node=8431942816#map=20/59.9175701/10.7586713"}}, {"type": "Feature", "geometry": {"type": "Point", "coordinates": [10.7399065, 59.9180378]}, "properties": {"id": 8496079819, "feat_type": "node", "quality_categories": "kerb_on_top_of_non_crossing", "issue_ids": "[1]", "osm_url": "https://www.openstreetmap.org/node/8496079819", "josm_url": "http://127.0.0.1:8111/load_object?new_layer=false&objects=n8496079819", "id_url": "https://www.openstreetmap.org/edit?editor=id&node=8496079819#map=20/59.9180378/10.7399065"}}, {"type": "Feature", "geometry": {"type": "Point", "coordinates": [10.7344288, 59.9367217]}, "properties": {"id": 8671457755, "feat_type": "node", "quality_categories": "kerb_on_top_of_non_crossing", "issue_ids": "[1]", "osm_url": "https://www.openstreetmap.org/node/8671457755", "josm_url": "http://127.0.0.1:8111/load_object?new_layer=false&objects=n8671457755", "id_url": "https://www.openstreetmap.org/edit?editor=id&node=8671457755#map=20/59.9367217/10.7344288"}}, {"type": "Feature", "geometry": {"type": "Point", "coordinates": [10.7500136, 59.9132616]}, "properties": {"id": 8694825306, "feat_type": "node", "quality_categories": "kerb_on_top_of_non_crossing", "issue_ids": "[1]", "osm_url": "https://www.openstreetmap.org/node/8694825306", "josm_url": "http://127.0.0.1:8111/load_object?new_layer=false&objects=n8694825306", "id_url": "https://www.openstreetmap.org/edit?editor=id&node=8694825306#map=20/59.9132616/10.7500136"}}, {"type": "Feature", "geometry": {"type": "Point", "coordinates": [10.7498895, 59.9132842]}, "properties": {"id": 8694825307, "feat_type": "node", "quality_categories": "kerb_on_top_of_non_crossing", "issue_ids": "[1]", "osm_url": "https://www.openstreetmap.org/node/8694825307", "josm_url": "http://127.0.0.1:8111/load_object?new_layer=false&objects=n8694825307", "id_url": "https://www.openstreetmap.org/edit?editor=id&node=8694825307#map=20/59.9132842/10.7498895"}}, {"type": "Feature", "geometry": {"type": "Point", "coordinates": [10.7516888, 59.9140915]}, "properties": {"id": 8694891962, "feat_type": "node", "quality_categories": "kerb_on_top_of_non_crossing", "issue_ids": "[1]", "osm_url": "https://www.openstreetmap.org/node/8694891962", "josm_url": "http://127.0.0.1:8111/load_object?new_layer=false&objects=n8694891962", "id_url": "https://www.openstreetmap.org/edit?editor=id&node=8694891962#map=20/59.9140915/10.7516888"}}, {"type": "Feature", "geometry": {"type": "Point", "coordinates": [10.7499817, 59.9134332]}, "properties": {"id": 8694892048, "feat_type": "node", "quality_categories": "kerb_on_top_of_non_crossing", "issue_ids": "[1]", "osm_url": "https://www.openstreetmap.org/node/8694892048", "josm_url": "http://127.0.0.1:8111/load_object?new_layer=false&objects=n8694892048", "id_url": "https://www.openstreetmap.org/edit?editor=id&node=8694892048#map=20/59.9134332/10.7499817"}}, {"type": "Feature", "geometry": {"type": "Point", "coordinates": [10.7499314, 59.9132766]}, "properties": {"id": 8694892050, "feat_type": "node", "quality_categories": "kerb_on_top_of_non_crossing", "issue_ids": "[1]", "osm_url": "https://www.openstreetmap.org/node/8694892050", "josm_url": "http://127.0.0.1:8111/load_object?new_layer=false&objects=n8694892050", "id_url": "https://www.openstreetmap.org/edit?editor=id&node=8694892050#map=20/59.9132766/10.7499314"}}, {"type": "Feature", "geometry": {"type": "Point", "coordinates": [10.6919068, 59.9522335]}, "properties": {"id": 8705113318, "feat_type": "node", "quality_categories": "kerb_on_top_of_non_crossing", "issue_ids": "[1]", "osm_url": "https://www.openstreetmap.org/node/8705113318", "josm_url": "http://127.0.0.1:8111/load_object?new_layer=false&objects=n8705113318", "id_url": "https://www.openstreetmap.org/edit?editor=id&node=8705113318#map=20/59.9522335/10.6919068"}}, {"type": "Feature", "geometry": {"type": "Point", "coordinates": [10.7926928, 59.8298223]}, "properties": {"id": 8706286822, "feat_type": "node", "quality_categories": "kerb_on_top_of_non_crossing", "issue_ids": "[1]", "osm_url": "https://www.openstreetmap.org/node/8706286822", "josm_url": "http://127.0.0.1:8111/load_object?new_layer=false&objects=n8706286822", "id_url": "https://www.openstreetmap.org/edit?editor=id&node=8706286822#map=20/59.8298223/10.7926928"}}, {"type": "Feature", "geometry": {"type": "Point", "coordinates": [10.7868764, 59.8325051]}, "properties": {"id": 8706286977, "feat_type": "node", "quality_categories": "kerb_on_top_of_non_crossing", "issue_ids": "[1]", "osm_url": "https://www.openstreetmap.org/node/8706286977", "josm_url": "http://127.0.0.1:8111/load_object?new_layer=false&objects=n8706286977", "id_url": "https://www.openstreetmap.org/edit?editor=id&node=8706286977#map=20/59.8325051/10.7868764"}}, {"type": "Feature", "geometry": {"type": "Point", "coordinates": [10.7515213, 59.9192827]}, "properties": {"id": 8714388685, "feat_type": "node", "quality_categories": "kerb_on_top_of_non_crossing", "issue_ids": "[1]", "osm_url": "https://www.openstreetmap.org/node/8714388685", "josm_url": "http://127.0.0.1:8111/load_object?new_layer=false&objects=n8714388685", "id_url": "https://www.openstreetmap.org/edit?editor=id&node=8714388685#map=20/59.9192827/10.7515213"}}, {"type": "Feature", "geometry": {"type": "Point", "coordinates": [10.7449719, 59.9125423]}, "properties": {"id": 8793272215, "feat_type": "node", "quality_categories": "kerb_on_top_of_non_crossing", "issue_ids": "[1]", "osm_url": "https://www.openstreetmap.org/node/8793272215", "josm_url": "http://127.0.0.1:8111/load_object?new_layer=false&objects=n8793272215", "id_url": "https://www.openstreetmap.org/edit?editor=id&node=8793272215#map=20/59.9125423/10.7449719"}}, {"type": "Feature", "geometry": {"type": "Point", "coordinates": [10.7536285, 59.9147388]}, "properties": {"id": 8852164511, "feat_type": "node", "quality_categories": "kerb_on_top_of_non_crossing", "issue_ids": "[1]", "osm_url": "https://www.openstreetmap.org/node/8852164511", "josm_url": "http://127.0.0.1:8111/load_object?new_layer=false&objects=n8852164511", "id_url": "https://www.openstreetmap.org/edit?editor=id&node=8852164511#map=20/59.9147388/10.7536285"}}, {"type": "Feature", "geometry": {"type": "Point", "coordinates": [10.7536745, 59.9147536]}, "properties": {"id": 8852164512, "feat_type": "node", "quality_categories": "kerb_on_top_of_non_crossing", "issue_ids": "[1]", "osm_url": "https://www.openstreetmap.org/node/8852164512", "josm_url": "http://127.0.0.1:8111/load_object?new_layer=false&objects=n8852164512", "id_url": "https://www.openstreetmap.org/edit?editor=id&node=8852164512#map=20/59.9147536/10.7536745"}}, {"type": "Feature", "geometry": {"type": "Point", "coordinates": [10.753378, 59.9144485]}, "properties": {"id": 8852164515, "feat_type": "node", "quality_categories": "kerb_on_top_of_non_crossing", "issue_ids": "[1]", "osm_url": "https://www.openstreetmap.org/node/8852164515", "josm_url": "http://127.0.0.1:8111/load_object?new_layer=false&objects=n8852164515", "id_url": "https://www.openstreetmap.org/edit?editor=id&node=8852164515#map=20/59.9144485/10.753378"}}, {"type": "Feature", "geometry": {"type": "Point", "coordinates": [10.7533228, 59.9144301]}, "properties": {"id": 8852190532, "feat_type": "node", "quality_categories": "kerb_on_top_of_non_crossing", "issue_ids": "[1]", "osm_url": "https://www.openstreetmap.org/node/8852190532", "josm_url": "http://127.0.0.1:8111/load_object?new_layer=false&objects=n8852190532", "id_url": "https://www.openstreetmap.org/edit?editor=id&node=8852190532#map=20/59.9144301/10.7533228"}}, {"type": "Feature", "geometry": {"type": "Point", "coordinates": [10.7537625, 59.9146601]}, "properties": {"id": 8852190548, "feat_type": "node", "quality_categories": "kerb_on_top_of_non_crossing", "issue_ids": "[1]", "osm_url": "https://www.openstreetmap.org/node/8852190548", "josm_url": "http://127.0.0.1:8111/load_object?new_layer=false&objects=n8852190548", "id_url": "https://www.openstreetmap.org/edit?editor=id&node=8852190548#map=20/59.9146601/10.7537625"}}, {"type": "Feature", "geometry": {"type": "Point", "coordinates": [10.7536987, 59.9147093]}, "properties": {"id": 8852190552, "feat_type": "node", "quality_categories": "kerb_on_top_of_non_crossing", "issue_ids": "[1]", "osm_url": "https://www.openstreetmap.org/node/8852190552", "josm_url": "http://127.0.0.1:8111/load_object?new_layer=false&objects=n8852190552", "id_url": "https://www.openstreetmap.org/edit?editor=id&node=8852190552#map=20/59.9147093/10.7536987"}}, {"type": "Feature", "geometry": {"type": "Point", "coordinates": [10.7535952, 59.9147916]}, "properties": {"id": 8852190554, "feat_type": "node", "quality_categories": "kerb_on_top_of_non_crossing", "issue_ids": "[1]", "osm_url": "https://www.openstreetmap.org/node/8852190554", "josm_url": "http://127.0.0.1:8111/load_object?new_layer=false&objects=n8852190554", "id_url": "https://www.openstreetmap.org/edit?editor=id&node=8852190554#map=20/59.9147916/10.7535952"}}, {"type": "Feature", "geometry": {"type": "Point", "coordinates": [10.7533895, 59.9144053]}, "properties": {"id": 8852190559, "feat_type": "node", "quality_categories": "kerb_on_top_of_non_crossing", "issue_ids": "[1]", "osm_url": "https://www.openstreetmap.org/node/8852190559", "josm_url": "http://127.0.0.1:8111/load_object?new_layer=false&objects=n8852190559", "id_url": "https://www.openstreetmap.org/edit?editor=id&node=8852190559#map=20/59.9144053/10.7533895"}}, {"type": "Feature", "geometry": {"type": "Point", "coordinates": [10.7687146, 59.9054371]}, "properties": {"id": 9215020989, "feat_type": "node", "quality_categories": "kerb_on_top_of_non_crossing", "issue_ids": "[1]", "osm_url": "https://www.openstreetmap.org/node/9215020989", "josm_url": "http://127.0.0.1:8111/load_object?new_layer=false&objects=n9215020989", "id_url": "https://www.openstreetmap.org/edit?editor=id&node=9215020989#map=20/59.9054371/10.7687146"}}, {"type": "Feature", "geometry": {"type": "Point", "coordinates": [10.7687505, 59.9054214]}, "properties": {"id": 9215020990, "feat_type": "node", "quality_categories": "kerb_on_top_of_non_crossing", "issue_ids": "[1]", "osm_url": "https://www.openstreetmap.org/node/9215020990", "josm_url": "http://127.0.0.1:8111/load_object?new_layer=false&objects=n9215020990", "id_url": "https://www.openstreetmap.org/edit?editor=id&node=9215020990#map=20/59.9054214/10.7687505"}}, {"type": "Feature", "geometry": {"type": "Point", "coordinates": [10.7675164, 59.9056912]}, "properties": {"id": 9231339465, "feat_type": "node", "quality_categories": "kerb_on_top_of_non_crossing", "issue_ids": "[1]", "osm_url": "https://www.openstreetmap.org/node/9231339465", "josm_url": "http://127.0.0.1:8111/load_object?new_layer=false&objects=n9231339465", "id_url": "https://www.openstreetmap.org/edit?editor=id&node=9231339465#map=20/59.9056912/10.7675164"}}, {"type": "Feature", "geometry": {"type": "Point", "coordinates": [10.7501637, 59.9254383]}, "properties": {"id": 9233384222, "feat_type": "node", "quality_categories": "kerb_on_top_of_non_crossing", "issue_ids": "[1]", "osm_url": "https://www.openstreetmap.org/node/9233384222", "josm_url": "http://127.0.0.1:8111/load_object?new_layer=false&objects=n9233384222", "id_url": "https://www.openstreetmap.org/edit?editor=id&node=9233384222#map=20/59.9254383/10.7501637"}}, {"type": "Feature", "geometry": {"type": "Point", "coordinates": [10.7501982, 59.9254403]}, "properties": {"id": 9233384223, "feat_type": "node", "quality_categories": "kerb_on_top_of_non_crossing", "issue_ids": "[1]", "osm_url": "https://www.openstreetmap.org/node/9233384223", "josm_url": "http://127.0.0.1:8111/load_object?new_layer=false&objects=n9233384223", "id_url": "https://www.openstreetmap.org/edit?editor=id&node=9233384223#map=20/59.9254403/10.7501982"}}, {"type": "Feature", "geometry": {"type": "Point", "coordinates": [10.7503141, 59.9254471]}, "properties": {"id": 9233384248, "feat_type": "node", "quality_categories": "kerb_on_top_of_non_crossing", "issue_ids": "[1]", "osm_url": "https://www.openstreetmap.org/node/9233384248", "josm_url": "http://127.0.0.1:8111/load_object?new_layer=false&objects=n9233384248", "id_url": "https://www.openstreetmap.org/edit?editor=id&node=9233384248#map=20/59.9254471/10.7503141"}}, {"type": "Feature", "geometry": {"type": "Point", "coordinates": [10.7502633, 59.9254441]}, "properties": {"id": 9233384249, "feat_type": "node", "quality_categories": "kerb_on_top_of_non_crossing", "issue_ids": "[1]", "osm_url": "https://www.openstreetmap.org/node/9233384249", "josm_url": "http://127.0.0.1:8111/load_object?new_layer=false&objects=n9233384249", "id_url": "https://www.openstreetmap.org/edit?editor=id&node=9233384249#map=20/59.9254441/10.7502633"}}, {"type": "Feature", "geometry": {"type": "Point", "coordinates": [10.6444334, 59.968203]}, "properties": {"id": 9263471198, "feat_type": "node", "quality_categories": "kerb_on_top_of_non_crossing", "issue_ids": "[1]", "osm_url": "https://www.openstreetmap.org/node/9263471198", "josm_url": "http://127.0.0.1:8111/load_object?new_layer=false&objects=n9263471198", "id_url": "https://www.openstreetmap.org/edit?editor=id&node=9263471198#map=20/59.968203/10.6444334"}}, {"type": "Feature", "geometry": {"type": "Point", "coordinates": [10.6503938, 59.920088]}, "properties": {"id": 9290959055, "feat_type": "node", "quality_categories": "kerb_on_top_of_non_crossing", "issue_ids": "[1]", "osm_url": "https://www.openstreetmap.org/node/9290959055", "josm_url": "http://127.0.0.1:8111/load_object?new_layer=false&objects=n9290959055", "id_url": "https://www.openstreetmap.org/edit?editor=id&node=9290959055#map=20/59.920088/10.6503938"}}, {"type": "Feature", "geometry": {"type": "Point", "coordinates": [10.7684181, 59.9372683]}, "properties": {"id": 9421415397, "feat_type": "node", "quality_categories": "kerb_on_top_of_non_crossing", "issue_ids": "[1]", "osm_url": "https://www.openstreetmap.org/node/9421415397", "josm_url": "http://127.0.0.1:8111/load_object?new_layer=false&objects=n9421415397", "id_url": "https://www.openstreetmap.org/edit?editor=id&node=9421415397#map=20/59.9372683/10.7684181"}}, {"type": "Feature", "geometry": {"type": "Point", "coordinates": [10.7681531, 59.937334]}, "properties": {"id": 9421415412, "feat_type": "node", "quality_categories": "kerb_on_top_of_non_crossing", "issue_ids": "[1]", "osm_url": "https://www.openstreetmap.org/node/9421415412", "josm_url": "http://127.0.0.1:8111/load_object?new_layer=false&objects=n9421415412", "id_url": "https://www.openstreetmap.org/edit?editor=id&node=9421415412#map=20/59.937334/10.7681531"}}, {"type": "Feature", "geometry": {"type": "Point", "coordinates": [10.7366555, 59.9188295]}, "properties": {"id": 9429420812, "feat_type": "node", "quality_categories": "kerb_on_top_of_non_crossing", "issue_ids": "[1]", "osm_url": "https://www.openstreetmap.org/node/9429420812", "josm_url": "http://127.0.0.1:8111/load_object?new_layer=false&objects=n9429420812", "id_url": "https://www.openstreetmap.org/edit?editor=id&node=9429420812#map=20/59.9188295/10.7366555"}}, {"type": "Feature", "geometry": {"type": "Point", "coordinates": [10.6477891, 59.9286885]}, "properties": {"id": 9579541291, "feat_type": "node", "quality_categories": "kerb_on_top_of_non_crossing", "issue_ids": "[1]", "osm_url": "https://www.openstreetmap.org/node/9579541291", "josm_url": "http://127.0.0.1:8111/load_object?new_layer=false&objects=n9579541291", "id_url": "https://www.openstreetmap.org/edit?editor=id&node=9579541291#map=20/59.9286885/10.6477891"}}, {"type": "Feature", "geometry": {"type": "Point", "coordinates": [10.6477841, 59.9287241]}, "properties": {"id": 9579541295, "feat_type": "node", "quality_categories": "kerb_on_top_of_non_crossing", "issue_ids": "[1]", "osm_url": "https://www.openstreetmap.org/node/9579541295", "josm_url": "http://127.0.0.1:8111/load_object?new_layer=false&objects=n9579541295", "id_url": "https://www.openstreetmap.org/edit?editor=id&node=9579541295#map=20/59.9287241/10.6477841"}}, {"type": "Feature", "geometry": {"type": "Point", "coordinates": [10.7515618, 59.9193397]}, "properties": {"id": 9611358725, "feat_type": "node", "quality_categories": "kerb_on_top_of_non_crossing", "issue_ids": "[1]", "osm_url": "https://www.openstreetmap.org/node/9611358725", "josm_url": "http://127.0.0.1:8111/load_object?new_layer=false&objects=n9611358725", "id_url": "https://www.openstreetmap.org/edit?editor=id&node=9611358725#map=20/59.9193397/10.7515618"}}, {"type": "Feature", "geometry": {"type": "Point", "coordinates": [10.8044621, 59.9312425]}, "properties": {"id": 9654979205, "feat_type": "node", "quality_categories": "kerb_on_top_of_non_crossing", "issue_ids": "[1]", "osm_url": "https://www.openstreetmap.org/node/9654979205", "josm_url": "http://127.0.0.1:8111/load_object?new_layer=false&objects=n9654979205", "id_url": "https://www.openstreetmap.org/edit?editor=id&node=9654979205#map=20/59.9312425/10.8044621"}}, {"type": "Feature", "geometry": {"type": "Point", "coordinates": [10.8020765, 59.8964017]}, "properties": {"id": 9721491719, "feat_type": "node", "quality_categories": "kerb_on_top_of_non_crossing", "issue_ids": "[1]", "osm_url": "https://www.openstreetmap.org/node/9721491719", "josm_url": "http://127.0.0.1:8111/load_object?new_layer=false&objects=n9721491719", "id_url": "https://www.openstreetmap.org/edit?editor=id&node=9721491719#map=20/59.8964017/10.8020765"}}, {"type": "Feature", "geometry": {"type": "Point", "coordinates": [10.7392647, 59.9172116]}, "properties": {"id": 9724395175, "feat_type": "node", "quality_categories": "kerb_on_top_of_non_crossing", "issue_ids": "[1]", "osm_url": "https://www.openstreetmap.org/node/9724395175", "josm_url": "http://127.0.0.1:8111/load_object?new_layer=false&objects=n9724395175", "id_url": "https://www.openstreetmap.org/edit?editor=id&node=9724395175#map=20/59.9172116/10.7392647"}}, {"type": "Feature", "geometry": {"type": "Point", "coordinates": [10.7397951, 59.9134758]}, "properties": {"id": 9754226058, "feat_type": "node", "quality_categories": "kerb_on_top_of_non_crossing", "issue_ids": "[1]", "osm_url": "https://www.openstreetmap.org/node/9754226058", "josm_url": "http://127.0.0.1:8111/load_object?new_layer=false&objects=n9754226058", "id_url": "https://www.openstreetmap.org/edit?editor=id&node=9754226058#map=20/59.9134758/10.7397951"}}, {"type": "Feature", "geometry": {"type": "Point", "coordinates": [10.7267348, 59.9117488]}, "properties": {"id": 9756759850, "feat_type": "node", "quality_categories": "kerb_on_top_of_non_crossing", "issue_ids": "[1]", "osm_url": "https://www.openstreetmap.org/node/9756759850", "josm_url": "http://127.0.0.1:8111/load_object?new_layer=false&objects=n9756759850", "id_url": "https://www.openstreetmap.org/edit?editor=id&node=9756759850#map=20/59.9117488/10.7267348"}}, {"type": "Feature", "geometry": {"type": "Point", "coordinates": [10.7266518, 59.9117046]}, "properties": {"id": 9756957620, "feat_type": "node", "quality_categories": "kerb_on_top_of_non_crossing", "issue_ids": "[1]", "osm_url": "https://www.openstreetmap.org/node/9756957620", "josm_url": "http://127.0.0.1:8111/load_object?new_layer=false&objects=n9756957620", "id_url": "https://www.openstreetmap.org/edit?editor=id&node=9756957620#map=20/59.9117046/10.7266518"}}, {"type": "Feature", "geometry": {"type": "Point", "coordinates": [10.7815123, 59.9662592]}, "properties": {"id": 9863854661, "feat_type": "node", "quality_categories": "kerb_on_top_of_non_crossing", "issue_ids": "[1]", "osm_url": "https://www.openstreetmap.org/node/9863854661", "josm_url": "http://127.0.0.1:8111/load_object?new_layer=false&objects=n9863854661", "id_url": "https://www.openstreetmap.org/edit?editor=id&node=9863854661#map=20/59.9662592/10.7815123"}}, {"type": "Feature", "geometry": {"type": "Point", "coordinates": [10.7816073, 59.9662866]}, "properties": {"id": 9863854662, "feat_type": "node", "quality_categories": "kerb_on_top_of_non_crossing", "issue_ids": "[1]", "osm_url": "https://www.openstreetmap.org/node/9863854662", "josm_url": "http://127.0.0.1:8111/load_object?new_layer=false&objects=n9863854662", "id_url": "https://www.openstreetmap.org/edit?editor=id&node=9863854662#map=20/59.9662866/10.7816073"}}, {"type": "Feature", "geometry": {"type": "Point", "coordinates": [10.767739, 59.965398]}, "properties": {"id": 9864024742, "feat_type": "node", "quality_categories": "kerb_on_top_of_non_crossing", "issue_ids": "[1]", "osm_url": "https://www.openstreetmap.org/node/9864024742", "josm_url": "http://127.0.0.1:8111/load_object?new_layer=false&objects=n9864024742", "id_url": "https://www.openstreetmap.org/edit?editor=id&node=9864024742#map=20/59.965398/10.767739"}}, {"type": "Feature", "geometry": {"type": "Point", "coordinates": [10.7168117, 59.9444301]}, "properties": {"id": 10122792204, "feat_type": "node", "quality_categories": "kerb_on_top_of_non_crossing", "issue_ids": "[1]", "osm_url": "https://www.openstreetmap.org/node/10122792204", "josm_url": "http://127.0.0.1:8111/load_object?new_layer=false&objects=n10122792204", "id_url": "https://www.openstreetmap.org/edit?editor=id&node=10122792204#map=20/59.9444301/10.7168117"}}, {"type": "Feature", "geometry": {"type": "Point", "coordinates": [10.7167114, 59.944443]}, "properties": {"id": 10122792205, "feat_type": "node", "quality_categories": "kerb_on_top_of_non_crossing", "issue_ids": "[1]", "osm_url": "https://www.openstreetmap.org/node/10122792205", "josm_url": "http://127.0.0.1:8111/load_object?new_layer=false&objects=n10122792205", "id_url": "https://www.openstreetmap.org/edit?editor=id&node=10122792205#map=20/59.944443/10.7167114"}}, {"type": "Feature", "geometry": {"type": "Point", "coordinates": [10.744375, 59.9169025]}, "properties": {"id": 10294883380, "feat_type": "node", "quality_categories": "kerb_on_top_of_non_crossing", "issue_ids": "[1]", "osm_url": "https://www.openstreetmap.org/node/10294883380", "josm_url": "http://127.0.0.1:8111/load_object?new_layer=false&objects=n10294883380", "id_url": "https://www.openstreetmap.org/edit?editor=id&node=10294883380#map=20/59.9169025/10.744375"}}, {"type": "Feature", "geometry": {"type": "Point", "coordinates": [10.7444509, 59.9165596]}, "properties": {"id": 10294883390, "feat_type": "node", "quality_categories": "kerb_on_top_of_non_crossing", "issue_ids": "[1]", "osm_url": "https://www.openstreetmap.org/node/10294883390", "josm_url": "http://127.0.0.1:8111/load_object?new_layer=false&objects=n10294883390", "id_url": "https://www.openstreetmap.org/edit?editor=id&node=10294883390#map=20/59.9165596/10.7444509"}}, {"type": "Feature", "geometry": {"type": "Point", "coordinates": [10.7576106, 59.9165022]}, "properties": {"id": 10297490290, "feat_type": "node", "quality_categories": "kerb_on_top_of_non_crossing", "issue_ids": "[1]", "osm_url": "https://www.openstreetmap.org/node/10297490290", "josm_url": "http://127.0.0.1:8111/load_object?new_layer=false&objects=n10297490290", "id_url": "https://www.openstreetmap.org/edit?editor=id&node=10297490290#map=20/59.9165022/10.7576106"}}, {"type": "Feature", "geometry": {"type": "Point", "coordinates": [10.7637893, 59.9181205]}, "properties": {"id": 10314840765, "feat_type": "node", "quality_categories": "kerb_on_top_of_non_crossing", "issue_ids": "[1]", "osm_url": "https://www.openstreetmap.org/node/10314840765", "josm_url": "http://127.0.0.1:8111/load_object?new_layer=false&objects=n10314840765", "id_url": "https://www.openstreetmap.org/edit?editor=id&node=10314840765#map=20/59.9181205/10.7637893"}}, {"type": "Feature", "geometry": {"type": "Point", "coordinates": [10.8222991, 59.8953179]}, "properties": {"id": 11012385505, "feat_type": "node", "quality_categories": "kerb_on_top_of_non_crossing", "issue_ids": "[1]", "osm_url": "https://www.openstreetmap.org/node/11012385505", "josm_url": "http://127.0.0.1:8111/load_object?new_layer=false&objects=n11012385505", "id_url": "https://www.openstreetmap.org/edit?editor=id&node=11012385505#map=20/59.8953179/10.8222991"}}, {"type": "Feature", "geometry": {"type": "Point", "coordinates": [10.7342831, 59.9368]}, "properties": {"id": 11373534100, "feat_type": "node", "quality_categories": "kerb_on_top_of_non_crossing", "issue_ids": "[1]", "osm_url": "https://www.openstreetmap.org/node/11373534100", "josm_url": "http://127.0.0.1:8111/load_object?new_layer=false&objects=n11373534100", "id_url": "https://www.openstreetmap.org/edit?editor=id&node=11373534100#map=20/59.9368/10.7342831"}}, {"type": "Feature", "geometry": {"type": "Point", "coordinates": [10.7398549, 59.9201626]}, "properties": {"id": 11373678115, "feat_type": "node", "quality_categories": "kerb_on_top_of_non_crossing", "issue_ids": "[1]", "osm_url": "https://www.openstreetmap.org/node/11373678115", "josm_url": "http://127.0.0.1:8111/load_object?new_layer=false&objects=n11373678115", "id_url": "https://www.openstreetmap.org/edit?editor=id&node=11373678115#map=20/59.9201626/10.7398549"}}, {"type": "Feature", "geometry": {"type": "Point", "coordinates": [10.7617393, 59.9185]}, "properties": {"id": 11374172419, "feat_type": "node", "quality_categories": "kerb_on_top_of_non_crossing", "issue_ids": "[1]", "osm_url": "https://www.openstreetmap.org/node/11374172419", "josm_url": "http://127.0.0.1:8111/load_object?new_layer=false&objects=n11374172419", "id_url": "https://www.openstreetmap.org/edit?editor=id&node=11374172419#map=20/59.9185/10.7617393"}}, {"type": "Feature", "geometry": {"type": "Point", "coordinates": [10.7615854, 59.9184554]}, "properties": {"id": 11374172420, "feat_type": "node", "quality_categories": "kerb_on_top_of_non_crossing", "issue_ids": "[1]", "osm_url": "https://www.openstreetmap.org/node/11374172420", "josm_url": "http://127.0.0.1:8111/load_object?new_layer=false&objects=n11374172420", "id_url": "https://www.openstreetmap.org/edit?editor=id&node=11374172420#map=20/59.9184554/10.7615854"}}, {"type": "Feature", "geometry": {"type": "Point", "coordinates": [10.7648025, 59.9187677]}, "properties": {"id": 11374172443, "feat_type": "node", "quality_categories": "kerb_on_top_of_non_crossing", "issue_ids": "[1]", "osm_url": "https://www.openstreetmap.org/node/11374172443", "josm_url": "http://127.0.0.1:8111/load_object?new_layer=false&objects=n11374172443", "id_url": "https://www.openstreetmap.org/edit?editor=id&node=11374172443#map=20/59.9187677/10.7648025"}}, {"type": "Feature", "geometry": {"type": "Point", "coordinates": [10.6462191, 59.9475452]}, "properties": {"id": 11374174346, "feat_type": "node", "quality_categories": "kerb_on_top_of_non_crossing", "issue_ids": "[1]", "osm_url": "https://www.openstreetmap.org/node/11374174346", "josm_url": "http://127.0.0.1:8111/load_object?new_layer=false&objects=n11374174346", "id_url": "https://www.openstreetmap.org/edit?editor=id&node=11374174346#map=20/59.9475452/10.6462191"}}, {"type": "Feature", "geometry": {"type": "Point", "coordinates": [10.673039, 59.9447945]}, "properties": {"id": 11374205498, "feat_type": "node", "quality_categories": "kerb_on_top_of_non_crossing", "issue_ids": "[1]", "osm_url": "https://www.openstreetmap.org/node/11374205498", "josm_url": "http://127.0.0.1:8111/load_object?new_layer=false&objects=n11374205498", "id_url": "https://www.openstreetmap.org/edit?editor=id&node=11374205498#map=20/59.9447945/10.673039"}}, {"type": "Feature", "geometry": {"type": "Point", "coordinates": [10.6731366, 59.9448054]}, "properties": {"id": 11374205499, "feat_type": "node", "quality_categories": "kerb_on_top_of_non_crossing", "issue_ids": "[1]", "osm_url": "https://www.openstreetmap.org/node/11374205499", "josm_url": "http://127.0.0.1:8111/load_object?new_layer=false&objects=n11374205499", "id_url": "https://www.openstreetmap.org/edit?editor=id&node=11374205499#map=20/59.9448054/10.6731366"}}, {"type": "Feature", "geometry": {"type": "Point", "coordinates": [10.6852247, 59.959468]}, "properties": {"id": 11374205722, "feat_type": "node", "quality_categories": "kerb_on_top_of_non_crossing", "issue_ids": "[1]", "osm_url": "https://www.openstreetmap.org/node/11374205722", "josm_url": "http://127.0.0.1:8111/load_object?new_layer=false&objects=n11374205722", "id_url": "https://www.openstreetmap.org/edit?editor=id&node=11374205722#map=20/59.959468/10.6852247"}}, {"type": "Feature", "geometry": {"type": "Point", "coordinates": [10.6854232, 59.9594636]}, "properties": {"id": 11374205723, "feat_type": "node", "quality_categories": "kerb_on_top_of_non_crossing", "issue_ids": "[1]", "osm_url": "https://www.openstreetmap.org/node/11374205723", "josm_url": "http://127.0.0.1:8111/load_object?new_layer=false&objects=n11374205723", "id_url": "https://www.openstreetmap.org/edit?editor=id&node=11374205723#map=20/59.9594636/10.6854232"}}, {"type": "Feature", "geometry": {"type": "Point", "coordinates": [10.6923597, 59.9531517]}, "properties": {"id": 11374205735, "feat_type": "node", "quality_categories": "kerb_on_top_of_non_crossing", "issue_ids": "[1]", "osm_url": "https://www.openstreetmap.org/node/11374205735", "josm_url": "http://127.0.0.1:8111/load_object?new_layer=false&objects=n11374205735", "id_url": "https://www.openstreetmap.org/edit?editor=id&node=11374205735#map=20/59.9531517/10.6923597"}}, {"type": "Feature", "geometry": {"type": "Point", "coordinates": [10.6925012, 59.9530627]}, "properties": {"id": 11374205736, "feat_type": "node", "quality_categories": "kerb_on_top_of_non_crossing", "issue_ids": "[1]", "osm_url": "https://www.openstreetmap.org/node/11374205736", "josm_url": "http://127.0.0.1:8111/load_object?new_layer=false&objects=n11374205736", "id_url": "https://www.openstreetmap.org/edit?editor=id&node=11374205736#map=20/59.9530627/10.6925012"}}, {"type": "Feature", "geometry": {"type": "Point", "coordinates": [10.7168458, 59.944697]}, "properties": {"id": 11374205791, "feat_type": "node", "quality_categories": "kerb_on_top_of_non_crossing", "issue_ids": "[1]", "osm_url": "https://www.openstreetmap.org/node/11374205791", "josm_url": "http://127.0.0.1:8111/load_object?new_layer=false&objects=n11374205791", "id_url": "https://www.openstreetmap.org/edit?editor=id&node=11374205791#map=20/59.944697/10.7168458"}}, {"type": "Feature", "geometry": {"type": "Point", "coordinates": [10.7172713, 59.945496]}, "properties": {"id": 11374205795, "feat_type": "node", "quality_categories": "kerb_on_top_of_non_crossing", "issue_ids": "[1]", "osm_url": "https://www.openstreetmap.org/node/11374205795", "josm_url": "http://127.0.0.1:8111/load_object?new_layer=false&objects=n11374205795", "id_url": "https://www.openstreetmap.org/edit?editor=id&node=11374205795#map=20/59.945496/10.7172713"}}, {"type": "Feature", "geometry": {"type": "Point", "coordinates": [10.7173868, 59.9454821]}, "properties": {"id": 11374205796, "feat_type": "node", "quality_categories": "kerb_on_top_of_non_crossing", "issue_ids": "[1]", "osm_url": "https://www.openstreetmap.org/node/11374205796", "josm_url": "http://127.0.0.1:8111/load_object?new_layer=false&objects=n11374205796", "id_url": "https://www.openstreetmap.org/edit?editor=id&node=11374205796#map=20/59.9454821/10.7173868"}}, {"type": "Feature", "geometry": {"type": "Point", "coordinates": [10.7212365, 59.9382333]}, "properties": {"id": 11374205834, "feat_type": "node", "quality_categories": "kerb_on_top_of_non_crossing", "issue_ids": "[1]", "osm_url": "https://www.openstreetmap.org/node/11374205834", "josm_url": "http://127.0.0.1:8111/load_object?new_layer=false&objects=n11374205834", "id_url": "https://www.openstreetmap.org/edit?editor=id&node=11374205834#map=20/59.9382333/10.7212365"}}, {"type": "Feature", "geometry": {"type": "Point", "coordinates": [10.7211432, 59.9382732]}, "properties": {"id": 11374205835, "feat_type": "node", "quality_categories": "kerb_on_top_of_non_crossing", "issue_ids": "[1]", "osm_url": "https://www.openstreetmap.org/node/11374205835", "josm_url": "http://127.0.0.1:8111/load_object?new_layer=false&objects=n11374205835", "id_url": "https://www.openstreetmap.org/edit?editor=id&node=11374205835#map=20/59.9382732/10.7211432"}}, {"type": "Feature", "geometry": {"type": "Point", "coordinates": [10.6962258, 59.9024662]}, "properties": {"id": 11374206099, "feat_type": "node", "quality_categories": "kerb_on_top_of_non_crossing", "issue_ids": "[1]", "osm_url": "https://www.openstreetmap.org/node/11374206099", "josm_url": "http://127.0.0.1:8111/load_object?new_layer=false&objects=n11374206099", "id_url": "https://www.openstreetmap.org/edit?editor=id&node=11374206099#map=20/59.9024662/10.6962258"}}, {"type": "Feature", "geometry": {"type": "Point", "coordinates": [10.6921189, 59.9025176]}, "properties": {"id": 11374206100, "feat_type": "node", "quality_categories": "kerb_on_top_of_non_crossing", "issue_ids": "[1]", "osm_url": "https://www.openstreetmap.org/node/11374206100", "josm_url": "http://127.0.0.1:8111/load_object?new_layer=false&objects=n11374206100", "id_url": "https://www.openstreetmap.org/edit?editor=id&node=11374206100#map=20/59.9025176/10.6921189"}}, {"type": "Feature", "geometry": {"type": "Point", "coordinates": [10.6922791, 59.9024346]}, "properties": {"id": 11374206101, "feat_type": "node", "quality_categories": "kerb_on_top_of_non_crossing", "issue_ids": "[1]", "osm_url": "https://www.openstreetmap.org/node/11374206101", "josm_url": "http://127.0.0.1:8111/load_object?new_layer=false&objects=n11374206101", "id_url": "https://www.openstreetmap.org/edit?editor=id&node=11374206101#map=20/59.9024346/10.6922791"}}, {"type": "Feature", "geometry": {"type": "Point", "coordinates": [10.7073648, 59.9124348]}, "properties": {"id": 11374206162, "feat_type": "node", "quality_categories": "kerb_on_top_of_non_crossing", "issue_ids": "[1]", "osm_url": "https://www.openstreetmap.org/node/11374206162", "josm_url": "http://127.0.0.1:8111/load_object?new_layer=false&objects=n11374206162", "id_url": "https://www.openstreetmap.org/edit?editor=id&node=11374206162#map=20/59.9124348/10.7073648"}}, {"type": "Feature", "geometry": {"type": "Point", "coordinates": [10.7385369, 59.91171]}, "properties": {"id": 11374206510, "feat_type": "node", "quality_categories": "kerb_on_top_of_non_crossing", "issue_ids": "[1]", "osm_url": "https://www.openstreetmap.org/node/11374206510", "josm_url": "http://127.0.0.1:8111/load_object?new_layer=false&objects=n11374206510", "id_url": "https://www.openstreetmap.org/edit?editor=id&node=11374206510#map=20/59.91171/10.7385369"}}, {"type": "Feature", "geometry": {"type": "Point", "coordinates": [10.7386282, 59.9116883]}, "properties": {"id": 11374206511, "feat_type": "node", "quality_categories": "kerb_on_top_of_non_crossing", "issue_ids": "[1]", "osm_url": "https://www.openstreetmap.org/node/11374206511", "josm_url": "http://127.0.0.1:8111/load_object?new_layer=false&objects=n11374206511", "id_url": "https://www.openstreetmap.org/edit?editor=id&node=11374206511#map=20/59.9116883/10.7386282"}}, {"type": "Feature", "geometry": {"type": "Point", "coordinates": [10.7559073, 59.9120057]}, "properties": {"id": 11374206547, "feat_type": "node", "quality_categories": "kerb_on_top_of_non_crossing", "issue_ids": "[1]", "osm_url": "https://www.openstreetmap.org/node/11374206547", "josm_url": "http://127.0.0.1:8111/load_object?new_layer=false&objects=n11374206547", "id_url": "https://www.openstreetmap.org/edit?editor=id&node=11374206547#map=20/59.9120057/10.7559073"}}, {"type": "Feature", "geometry": {"type": "Point", "coordinates": [10.7560509, 59.911986]}, "properties": {"id": 11374206548, "feat_type": "node", "quality_categories": "kerb_on_top_of_non_crossing", "issue_ids": "[1]", "osm_url": "https://www.openstreetmap.org/node/11374206548", "josm_url": "http://127.0.0.1:8111/load_object?new_layer=false&objects=n11374206548", "id_url": "https://www.openstreetmap.org/edit?editor=id&node=11374206548#map=20/59.911986/10.7560509"}}, {"type": "Feature", "geometry": {"type": "Point", "coordinates": [10.7560984, 59.9119789]}, "properties": {"id": 11374206549, "feat_type": "node", "quality_categories": "kerb_on_top_of_non_crossing", "issue_ids": "[1]", "osm_url": "https://www.openstreetmap.org/node/11374206549", "josm_url": "http://127.0.0.1:8111/load_object?new_layer=false&objects=n11374206549", "id_url": "https://www.openstreetmap.org/edit?editor=id&node=11374206549#map=20/59.9119789/10.7560984"}}, {"type": "Feature", "geometry": {"type": "Point", "coordinates": [10.7562136, 59.9119616]}, "properties": {"id": 11374206550, "feat_type": "node", "quality_categories": "kerb_on_top_of_non_crossing", "issue_ids": "[1]", "osm_url": "https://www.openstreetmap.org/node/11374206550", "josm_url": "http://127.0.0.1:8111/load_object?new_layer=false&objects=n11374206550", "id_url": "https://www.openstreetmap.org/edit?editor=id&node=11374206550#map=20/59.9119616/10.7562136"}}, {"type": "Feature", "geometry": {"type": "Point", "coordinates": [10.7734191, 59.9129523]}, "properties": {"id": 11374206838, "feat_type": "node", "quality_categories": "kerb_on_top_of_non_crossing", "issue_ids": "[1]", "osm_url": "https://www.openstreetmap.org/node/11374206838", "josm_url": "http://127.0.0.1:8111/load_object?new_layer=false&objects=n11374206838", "id_url": "https://www.openstreetmap.org/edit?editor=id&node=11374206838#map=20/59.9129523/10.7734191"}}, {"type": "Feature", "geometry": {"type": "Point", "coordinates": [10.7733364, 59.9129139]}, "properties": {"id": 11374206839, "feat_type": "node", "quality_categories": "kerb_on_top_of_non_crossing", "issue_ids": "[1]", "osm_url": "https://www.openstreetmap.org/node/11374206839", "josm_url": "http://127.0.0.1:8111/load_object?new_layer=false&objects=n11374206839", "id_url": "https://www.openstreetmap.org/edit?editor=id&node=11374206839#map=20/59.9129139/10.7733364"}}, {"type": "Feature", "geometry": {"type": "Point", "coordinates": [10.6787795, 59.9219455]}, "properties": {"id": 11374322616, "feat_type": "node", "quality_categories": "kerb_on_top_of_non_crossing", "issue_ids": "[1]", "osm_url": "https://www.openstreetmap.org/node/11374322616", "josm_url": "http://127.0.0.1:8111/load_object?new_layer=false&objects=n11374322616", "id_url": "https://www.openstreetmap.org/edit?editor=id&node=11374322616#map=20/59.9219455/10.6787795"}}, {"type": "Feature", "geometry": {"type": "Point", "coordinates": [10.6787949, 59.9220156]}, "properties": {"id": 11374322617, "feat_type": "node", "quality_categories": "kerb_on_top_of_non_crossing", "issue_ids": "[1]", "osm_url": "https://www.openstreetmap.org/node/11374322617", "josm_url": "http://127.0.0.1:8111/load_object?new_layer=false&objects=n11374322617", "id_url": "https://www.openstreetmap.org/edit?editor=id&node=11374322617#map=20/59.9220156/10.6787949"}}, {"type": "Feature", "geometry": {"type": "Point", "coordinates": [10.8809606, 59.9538253]}, "properties": {"id": 11374325867, "feat_type": "node", "quality_categories": "kerb_on_top_of_non_crossing", "issue_ids": "[1]", "osm_url": "https://www.openstreetmap.org/node/11374325867", "josm_url": "http://127.0.0.1:8111/load_object?new_layer=false&objects=n11374325867", "id_url": "https://www.openstreetmap.org/edit?editor=id&node=11374325867#map=20/59.9538253/10.8809606"}}, {"type": "Feature", "geometry": {"type": "Point", "coordinates": [10.8630991, 59.9470411]}, "properties": {"id": 11374325932, "feat_type": "node", "quality_categories": "kerb_on_top_of_non_crossing", "issue_ids": "[1]", "osm_url": "https://www.openstreetmap.org/node/11374325932", "josm_url": "http://127.0.0.1:8111/load_object?new_layer=false&objects=n11374325932", "id_url": "https://www.openstreetmap.org/edit?editor=id&node=11374325932#map=20/59.9470411/10.8630991"}}, {"type": "Feature", "geometry": {"type": "Point", "coordinates": [10.804976, 59.9452072]}, "properties": {"id": 11374326063, "feat_type": "node", "quality_categories": "kerb_on_top_of_non_crossing", "issue_ids": "[1]", "osm_url": "https://www.openstreetmap.org/node/11374326063", "josm_url": "http://127.0.0.1:8111/load_object?new_layer=false&objects=n11374326063", "id_url": "https://www.openstreetmap.org/edit?editor=id&node=11374326063#map=20/59.9452072/10.804976"}}, {"type": "Feature", "geometry": {"type": "Point", "coordinates": [10.7750253, 59.9189434]}, "properties": {"id": 11374326375, "feat_type": "node", "quality_categories": "kerb_on_top_of_non_crossing", "issue_ids": "[1]", "osm_url": "https://www.openstreetmap.org/node/11374326375", "josm_url": "http://127.0.0.1:8111/load_object?new_layer=false&objects=n11374326375", "id_url": "https://www.openstreetmap.org/edit?editor=id&node=11374326375#map=20/59.9189434/10.7750253"}}, {"type": "Feature", "geometry": {"type": "Point", "coordinates": [10.7751196, 59.9200333]}, "properties": {"id": 11374326376, "feat_type": "node", "quality_categories": "kerb_on_top_of_non_crossing", "issue_ids": "[1]", "osm_url": "https://www.openstreetmap.org/node/11374326376", "josm_url": "http://127.0.0.1:8111/load_object?new_layer=false&objects=n11374326376", "id_url": "https://www.openstreetmap.org/edit?editor=id&node=11374326376#map=20/59.9200333/10.7751196"}}, {"type": "Feature", "geometry": {"type": "Point", "coordinates": [10.774891, 59.9200409]}, "properties": {"id": 11374326377, "feat_type": "node", "quality_categories": "kerb_on_top_of_non_crossing", "issue_ids": "[1]", "osm_url": "https://www.openstreetmap.org/node/11374326377", "josm_url": "http://127.0.0.1:8111/load_object?new_layer=false&objects=n11374326377", "id_url": "https://www.openstreetmap.org/edit?editor=id&node=11374326377#map=20/59.9200409/10.774891"}}, {"type": "Feature", "geometry": {"type": "Point", "coordinates": [10.7642326, 59.9203628]}, "properties": {"id": 11374326455, "feat_type": "node", "quality_categories": "kerb_on_top_of_non_crossing", "issue_ids": "[1]", "osm_url": "https://www.openstreetmap.org/node/11374326455", "josm_url": "http://127.0.0.1:8111/load_object?new_layer=false&objects=n11374326455", "id_url": "https://www.openstreetmap.org/edit?editor=id&node=11374326455#map=20/59.9203628/10.7642326"}}, {"type": "Feature", "geometry": {"type": "Point", "coordinates": [10.7642901, 59.9203789]}, "properties": {"id": 11374326456, "feat_type": "node", "quality_categories": "kerb_on_top_of_non_crossing", "issue_ids": "[1]", "osm_url": "https://www.openstreetmap.org/node/11374326456", "josm_url": "http://127.0.0.1:8111/load_object?new_layer=false&objects=n11374326456", "id_url": "https://www.openstreetmap.org/edit?editor=id&node=11374326456#map=20/59.9203789/10.7642901"}}, {"type": "Feature", "geometry": {"type": "Point", "coordinates": [10.7624303, 59.920633]}, "properties": {"id": 11374326461, "feat_type": "node", "quality_categories": "kerb_on_top_of_non_crossing", "issue_ids": "[1]", "osm_url": "https://www.openstreetmap.org/node/11374326461", "josm_url": "http://127.0.0.1:8111/load_object?new_layer=false&objects=n11374326461", "id_url": "https://www.openstreetmap.org/edit?editor=id&node=11374326461#map=20/59.920633/10.7624303"}}, {"type": "Feature", "geometry": {"type": "Point", "coordinates": [10.7625693, 59.9206717]}, "properties": {"id": 11374326462, "feat_type": "node", "quality_categories": "kerb_on_top_of_non_crossing", "issue_ids": "[1]", "osm_url": "https://www.openstreetmap.org/node/11374326462", "josm_url": "http://127.0.0.1:8111/load_object?new_layer=false&objects=n11374326462", "id_url": "https://www.openstreetmap.org/edit?editor=id&node=11374326462#map=20/59.9206717/10.7625693"}}, {"type": "Feature", "geometry": {"type": "Point", "coordinates": [10.8063, 59.8992429]}, "properties": {"id": 11374604026, "feat_type": "node", "quality_categories": "kerb_on_top_of_non_crossing", "issue_ids": "[1]", "osm_url": "https://www.openstreetmap.org/node/11374604026", "josm_url": "http://127.0.0.1:8111/load_object?new_layer=false&objects=n11374604026", "id_url": "https://www.openstreetmap.org/edit?editor=id&node=11374604026#map=20/59.8992429/10.8063"}}, {"type": "Feature", "geometry": {"type": "Point", "coordinates": [10.8093405, 59.8991345]}, "properties": {"id": 11374604027, "feat_type": "node", "quality_categories": "kerb_on_top_of_non_crossing", "issue_ids": "[1]", "osm_url": "https://www.openstreetmap.org/node/11374604027", "josm_url": "http://127.0.0.1:8111/load_object?new_layer=false&objects=n11374604027", "id_url": "https://www.openstreetmap.org/edit?editor=id&node=11374604027#map=20/59.8991345/10.8093405"}}, {"type": "Feature", "geometry": {"type": "Point", "coordinates": [10.8049304, 59.8796707]}, "properties": {"id": 11374615598, "feat_type": "node", "quality_categories": "kerb_on_top_of_non_crossing", "issue_ids": "[1]", "osm_url": "https://www.openstreetmap.org/node/11374615598", "josm_url": "http://127.0.0.1:8111/load_object?new_layer=false&objects=n11374615598", "id_url": "https://www.openstreetmap.org/edit?editor=id&node=11374615598#map=20/59.8796707/10.8049304"}}, {"type": "Feature", "geometry": {"type": "Point", "coordinates": [10.8050875, 59.8796941]}, "properties": {"id": 11374615600, "feat_type": "node", "quality_categories": "kerb_on_top_of_non_crossing", "issue_ids": "[1]", "osm_url": "https://www.openstreetmap.org/node/11374615600", "josm_url": "http://127.0.0.1:8111/load_object?new_layer=false&objects=n11374615600", "id_url": "https://www.openstreetmap.org/edit?editor=id&node=11374615600#map=20/59.8796941/10.8050875"}}, {"type": "Feature", "geometry": {"type": "Point", "coordinates": [10.8538554, 59.8923077]}, "properties": {"id": 11374616129, "feat_type": "node", "quality_categories": "kerb_on_top_of_non_crossing", "issue_ids": "[1]", "osm_url": "https://www.openstreetmap.org/node/11374616129", "josm_url": "http://127.0.0.1:8111/load_object?new_layer=false&objects=n11374616129", "id_url": "https://www.openstreetmap.org/edit?editor=id&node=11374616129#map=20/59.8923077/10.8538554"}}, {"type": "Feature", "geometry": {"type": "Point", "coordinates": [10.851297, 59.9042087]}, "properties": {"id": 11374616285, "feat_type": "node", "quality_categories": "kerb_on_top_of_non_crossing", "issue_ids": "[1]", "osm_url": "https://www.openstreetmap.org/node/11374616285", "josm_url": "http://127.0.0.1:8111/load_object?new_layer=false&objects=n11374616285", "id_url": "https://www.openstreetmap.org/edit?editor=id&node=11374616285#map=20/59.9042087/10.851297"}}, {"type": "Feature", "geometry": {"type": "Point", "coordinates": [10.8448484, 59.9141337]}, "properties": {"id": 11374616351, "feat_type": "node", "quality_categories": "kerb_on_top_of_non_crossing", "issue_ids": "[1]", "osm_url": "https://www.openstreetmap.org/node/11374616351", "josm_url": "http://127.0.0.1:8111/load_object?new_layer=false&objects=n11374616351", "id_url": "https://www.openstreetmap.org/edit?editor=id&node=11374616351#map=20/59.9141337/10.8448484"}}, {"type": "Feature", "geometry": {"type": "Point", "coordinates": [10.7800629, 59.8918865]}, "properties": {"id": 11374616618, "feat_type": "node", "quality_categories": "kerb_on_top_of_non_crossing", "issue_ids": "[1]", "osm_url": "https://www.openstreetmap.org/node/11374616618", "josm_url": "http://127.0.0.1:8111/load_object?new_layer=false&objects=n11374616618", "id_url": "https://www.openstreetmap.org/edit?editor=id&node=11374616618#map=20/59.8918865/10.7800629"}}, {"type": "Feature", "geometry": {"type": "Point", "coordinates": [10.8024694, 59.9475367]}, "properties": {"id": 11374616785, "feat_type": "node", "quality_categories": "kerb_on_top_of_non_crossing", "issue_ids": "[1]", "osm_url": "https://www.openstreetmap.org/node/11374616785", "josm_url": "http://127.0.0.1:8111/load_object?new_layer=false&objects=n11374616785", "id_url": "https://www.openstreetmap.org/edit?editor=id&node=11374616785#map=20/59.9475367/10.8024694"}}, {"type": "Feature", "geometry": {"type": "Point", "coordinates": [10.8233389, 59.9133465]}, "properties": {"id": 11374616981, "feat_type": "node", "quality_categories": "kerb_on_top_of_non_crossing", "issue_ids": "[1]", "osm_url": "https://www.openstreetmap.org/node/11374616981", "josm_url": "http://127.0.0.1:8111/load_object?new_layer=false&objects=n11374616981", "id_url": "https://www.openstreetmap.org/edit?editor=id&node=11374616981#map=20/59.9133465/10.8233389"}}, {"type": "Feature", "geometry": {"type": "Point", "coordinates": [10.8234087, 59.9133245]}, "properties": {"id": 11374616982, "feat_type": "node", "quality_categories": "kerb_on_top_of_non_crossing", "issue_ids": "[1]", "osm_url": "https://www.openstreetmap.org/node/11374616982", "josm_url": "http://127.0.0.1:8111/load_object?new_layer=false&objects=n11374616982", "id_url": "https://www.openstreetmap.org/edit?editor=id&node=11374616982#map=20/59.9133245/10.8234087"}}, {"type": "Feature", "geometry": {"type": "Point", "coordinates": [10.823439, 59.9133138]}, "properties": {"id": 11374616983, "feat_type": "node", "quality_categories": "kerb_on_top_of_non_crossing", "issue_ids": "[1]", "osm_url": "https://www.openstreetmap.org/node/11374616983", "josm_url": "http://127.0.0.1:8111/load_object?new_layer=false&objects=n11374616983", "id_url": "https://www.openstreetmap.org/edit?editor=id&node=11374616983#map=20/59.9133138/10.823439"}}, {"type": "Feature", "geometry": {"type": "Point", "coordinates": [10.823536, 59.9132806]}, "properties": {"id": 11374616984, "feat_type": "node", "quality_categories": "kerb_on_top_of_non_crossing", "issue_ids": "[1]", "osm_url": "https://www.openstreetmap.org/node/11374616984", "josm_url": "http://127.0.0.1:8111/load_object?new_layer=false&objects=n11374616984", "id_url": "https://www.openstreetmap.org/edit?editor=id&node=11374616984#map=20/59.9132806/10.823536"}}, {"type": "Feature", "geometry": {"type": "Point", "coordinates": [10.8222393, 59.913038]}, "properties": {"id": 11374616985, "feat_type": "node", "quality_categories": "kerb_on_top_of_non_crossing", "issue_ids": "[1]", "osm_url": "https://www.openstreetmap.org/node/11374616985", "josm_url": "http://127.0.0.1:8111/load_object?new_layer=false&objects=n11374616985", "id_url": "https://www.openstreetmap.org/edit?editor=id&node=11374616985#map=20/59.913038/10.8222393"}}, {"type": "Feature", "geometry": {"type": "Point", "coordinates": [10.822263, 59.912976]}, "properties": {"id": 11374616986, "feat_type": "node", "quality_categories": "kerb_on_top_of_non_crossing", "issue_ids": "[1]", "osm_url": "https://www.openstreetmap.org/node/11374616986", "josm_url": "http://127.0.0.1:8111/load_object?new_layer=false&objects=n11374616986", "id_url": "https://www.openstreetmap.org/edit?editor=id&node=11374616986#map=20/59.912976/10.822263"}}, {"type": "Feature", "geometry": {"type": "Point", "coordinates": [10.822269, 59.9129589]}, "properties": {"id": 11374616987, "feat_type": "node", "quality_categories": "kerb_on_top_of_non_crossing", "issue_ids": "[1]", "osm_url": "https://www.openstreetmap.org/node/11374616987", "josm_url": "http://127.0.0.1:8111/load_object?new_layer=false&objects=n11374616987", "id_url": "https://www.openstreetmap.org/edit?editor=id&node=11374616987#map=20/59.9129589/10.822269"}}, {"type": "Feature", "geometry": {"type": "Point", "coordinates": [10.7759886, 59.9070313]}, "properties": {"id": 11374617234, "feat_type": "node", "quality_categories": "kerb_on_top_of_non_crossing", "issue_ids": "[1]", "osm_url": "https://www.openstreetmap.org/node/11374617234", "josm_url": "http://127.0.0.1:8111/load_object?new_layer=false&objects=n11374617234", "id_url": "https://www.openstreetmap.org/edit?editor=id&node=11374617234#map=20/59.9070313/10.7759886"}}, {"type": "Feature", "geometry": {"type": "Point", "coordinates": [10.7757521, 59.9070695]}, "properties": {"id": 11374617235, "feat_type": "node", "quality_categories": "kerb_on_top_of_non_crossing", "issue_ids": "[1]", "osm_url": "https://www.openstreetmap.org/node/11374617235", "josm_url": "http://127.0.0.1:8111/load_object?new_layer=false&objects=n11374617235", "id_url": "https://www.openstreetmap.org/edit?editor=id&node=11374617235#map=20/59.9070695/10.7757521"}}, {"type": "Feature", "geometry": {"type": "Point", "coordinates": [10.8418975, 59.8347739]}, "properties": {"id": 11375638925, "feat_type": "node", "quality_categories": "kerb_on_top_of_non_crossing", "issue_ids": "[1]", "osm_url": "https://www.openstreetmap.org/node/11375638925", "josm_url": "http://127.0.0.1:8111/load_object?new_layer=false&objects=n11375638925", "id_url": "https://www.openstreetmap.org/edit?editor=id&node=11375638925#map=20/59.8347739/10.8418975"}}, {"type": "Feature", "geometry": {"type": "Point", "coordinates": [10.8419281, 59.8348141]}, "properties": {"id": 11375638926, "feat_type": "node", "quality_categories": "kerb_on_top_of_non_crossing", "issue_ids": "[1]", "osm_url": "https://www.openstreetmap.org/node/11375638926", "josm_url": "http://127.0.0.1:8111/load_object?new_layer=false&objects=n11375638926", "id_url": "https://www.openstreetmap.org/edit?editor=id&node=11375638926#map=20/59.8348141/10.8419281"}}, {"type": "Feature", "geometry": {"type": "Point", "coordinates": [10.8419481, 59.8348306]}, "properties": {"id": 11375638927, "feat_type": "node", "quality_categories": "kerb_on_top_of_non_crossing", "issue_ids": "[1]", "osm_url": "https://www.openstreetmap.org/node/11375638927", "josm_url": "http://127.0.0.1:8111/load_object?new_layer=false&objects=n11375638927", "id_url": "https://www.openstreetmap.org/edit?editor=id&node=11375638927#map=20/59.8348306/10.8419481"}}, {"type": "Feature", "geometry": {"type": "Point", "coordinates": [10.841998, 59.8348615]}, "properties": {"id": 11375638928, "feat_type": "node", "quality_categories": "kerb_on_top_of_non_crossing", "issue_ids": "[1]", "osm_url": "https://www.openstreetmap.org/node/11375638928", "josm_url": "http://127.0.0.1:8111/load_object?new_layer=false&objects=n11375638928", "id_url": "https://www.openstreetmap.org/edit?editor=id&node=11375638928#map=20/59.8348615/10.841998"}}, {"type": "Feature", "geometry": {"type": "Point", "coordinates": [10.8420399, 59.834879]}, "properties": {"id": 11375638929, "feat_type": "node", "quality_categories": "kerb_on_top_of_non_crossing", "issue_ids": "[1]", "osm_url": "https://www.openstreetmap.org/node/11375638929", "josm_url": "http://127.0.0.1:8111/load_object?new_layer=false&objects=n11375638929", "id_url": "https://www.openstreetmap.org/edit?editor=id&node=11375638929#map=20/59.834879/10.8420399"}}, {"type": "Feature", "geometry": {"type": "Point", "coordinates": [10.8421282, 59.8349056]}, "properties": {"id": 11375638930, "feat_type": "node", "quality_categories": "kerb_on_top_of_non_crossing", "issue_ids": "[1]", "osm_url": "https://www.openstreetmap.org/node/11375638930", "josm_url": "http://127.0.0.1:8111/load_object?new_layer=false&objects=n11375638930", "id_url": "https://www.openstreetmap.org/edit?editor=id&node=11375638930#map=20/59.8349056/10.8421282"}}, {"type": "Feature", "geometry": {"type": "Point", "coordinates": [10.842646, 59.8360354]}, "properties": {"id": 11375638931, "feat_type": "node", "quality_categories": "kerb_on_top_of_non_crossing", "issue_ids": "[1]", "osm_url": "https://www.openstreetmap.org/node/11375638931", "josm_url": "http://127.0.0.1:8111/load_object?new_layer=false&objects=n11375638931", "id_url": "https://www.openstreetmap.org/edit?editor=id&node=11375638931#map=20/59.8360354/10.842646"}}, {"type": "Feature", "geometry": {"type": "Point", "coordinates": [10.8370171, 59.8348113]}, "properties": {"id": 11375638933, "feat_type": "node", "quality_categories": "kerb_on_top_of_non_crossing", "issue_ids": "[1]", "osm_url": "https://www.openstreetmap.org/node/11375638933", "josm_url": "http://127.0.0.1:8111/load_object?new_layer=false&objects=n11375638933", "id_url": "https://www.openstreetmap.org/edit?editor=id&node=11375638933#map=20/59.8348113/10.8370171"}}, {"type": "Feature", "geometry": {"type": "Point", "coordinates": [10.8030914, 59.8314325]}, "properties": {"id": 11375638958, "feat_type": "node", "quality_categories": "kerb_on_top_of_non_crossing", "issue_ids": "[1]", "osm_url": "https://www.openstreetmap.org/node/11375638958", "josm_url": "http://127.0.0.1:8111/load_object?new_layer=false&objects=n11375638958", "id_url": "https://www.openstreetmap.org/edit?editor=id&node=11375638958#map=20/59.8314325/10.8030914"}}, {"type": "Feature", "geometry": {"type": "Point", "coordinates": [10.7927302, 59.861671]}, "properties": {"id": 11375639235, "feat_type": "node", "quality_categories": "kerb_on_top_of_non_crossing", "issue_ids": "[1]", "osm_url": "https://www.openstreetmap.org/node/11375639235", "josm_url": "http://127.0.0.1:8111/load_object?new_layer=false&objects=n11375639235", "id_url": "https://www.openstreetmap.org/edit?editor=id&node=11375639235#map=20/59.861671/10.7927302"}}, {"type": "Feature", "geometry": {"type": "Point", "coordinates": [10.9239075, 59.934241]}, "properties": {"id": 11375639502, "feat_type": "node", "quality_categories": "kerb_on_top_of_non_crossing", "issue_ids": "[1]", "osm_url": "https://www.openstreetmap.org/node/11375639502", "josm_url": "http://127.0.0.1:8111/load_object?new_layer=false&objects=n11375639502", "id_url": "https://www.openstreetmap.org/edit?editor=id&node=11375639502#map=20/59.934241/10.9239075"}}, {"type": "Feature", "geometry": {"type": "Point", "coordinates": [10.6655868, 59.930736]}, "properties": {"id": 11375708088, "feat_type": "node", "quality_categories": "kerb_on_top_of_non_crossing", "issue_ids": "[1]", "osm_url": "https://www.openstreetmap.org/node/11375708088", "josm_url": "http://127.0.0.1:8111/load_object?new_layer=false&objects=n11375708088", "id_url": "https://www.openstreetmap.org/edit?editor=id&node=11375708088#map=20/59.930736/10.6655868"}}, {"type": "Feature", "geometry": {"type": "Point", "coordinates": [10.8119014, 59.9450095]}, "properties": {"id": 11375708105, "feat_type": "node", "quality_categories": "kerb_on_top_of_non_crossing", "issue_ids": "[1]", "osm_url": "https://www.openstreetmap.org/node/11375708105", "josm_url": "http://127.0.0.1:8111/load_object?new_layer=false&objects=n11375708105", "id_url": "https://www.openstreetmap.org/edit?editor=id&node=11375708105#map=20/59.9450095/10.8119014"}}, {"type": "Feature", "geometry": {"type": "Point", "coordinates": [10.8118617, 59.9450604]}, "properties": {"id": 11375708106, "feat_type": "node", "quality_categories": "kerb_on_top_of_non_crossing", "issue_ids": "[1]", "osm_url": "https://www.openstreetmap.org/node/11375708106", "josm_url": "http://127.0.0.1:8111/load_object?new_layer=false&objects=n11375708106", "id_url": "https://www.openstreetmap.org/edit?editor=id&node=11375708106#map=20/59.9450604/10.8118617"}}, {"type": "Feature", "geometry": {"type": "Point", "coordinates": [10.8052601, 59.9301829]}, "properties": {"id": 11375708107, "feat_type": "node", "quality_categories": "kerb_on_top_of_non_crossing", "issue_ids": "[1]", "osm_url": "https://www.openstreetmap.org/node/11375708107", "josm_url": "http://127.0.0.1:8111/load_object?new_layer=false&objects=n11375708107", "id_url": "https://www.openstreetmap.org/edit?editor=id&node=11375708107#map=20/59.9301829/10.8052601"}}, {"type": "Feature", "geometry": {"type": "Point", "coordinates": [10.8053864, 59.9300599]}, "properties": {"id": 11375708108, "feat_type": "node", "quality_categories": "kerb_on_top_of_non_crossing", "issue_ids": "[1]", "osm_url": "https://www.openstreetmap.org/node/11375708108", "josm_url": "http://127.0.0.1:8111/load_object?new_layer=false&objects=n11375708108", "id_url": "https://www.openstreetmap.org/edit?editor=id&node=11375708108#map=20/59.9300599/10.8053864"}}, {"type": "Feature", "geometry": {"type": "Point", "coordinates": [10.8051074, 59.9302123]}, "properties": {"id": 11375708109, "feat_type": "node", "quality_categories": "kerb_on_top_of_non_crossing", "issue_ids": "[1]", "osm_url": "https://www.openstreetmap.org/node/11375708109", "josm_url": "http://127.0.0.1:8111/load_object?new_layer=false&objects=n11375708109", "id_url": "https://www.openstreetmap.org/edit?editor=id&node=11375708109#map=20/59.9302123/10.8051074"}}, {"type": "Feature", "geometry": {"type": "Point", "coordinates": [10.8053384, 59.9300029]}, "properties": {"id": 11375708110, "feat_type": "node", "quality_categories": "kerb_on_top_of_non_crossing", "issue_ids": "[1]", "osm_url": "https://www.openstreetmap.org/node/11375708110", "josm_url": "http://127.0.0.1:8111/load_object?new_layer=false&objects=n11375708110", "id_url": "https://www.openstreetmap.org/edit?editor=id&node=11375708110#map=20/59.9300029/10.8053384"}}, {"type": "Feature", "geometry": {"type": "Point", "coordinates": [10.780538, 59.9102373]}, "properties": {"id": 11375894082, "feat_type": "node", "quality_categories": "kerb_on_top_of_non_crossing", "issue_ids": "[1]", "osm_url": "https://www.openstreetmap.org/node/11375894082", "josm_url": "http://127.0.0.1:8111/load_object?new_layer=false&objects=n11375894082", "id_url": "https://www.openstreetmap.org/edit?editor=id&node=11375894082#map=20/59.9102373/10.780538"}}, {"type": "Feature", "geometry": {"type": "Point", "coordinates": [10.6791169, 59.9214609]}, "properties": {"id": 11377775052, "feat_type": "node", "quality_categories": "kerb_on_top_of_non_crossing", "issue_ids": "[1]", "osm_url": "https://www.openstreetmap.org/node/11377775052", "josm_url": "http://127.0.0.1:8111/load_object?new_layer=false&objects=n11377775052", "id_url": "https://www.openstreetmap.org/edit?editor=id&node=11377775052#map=20/59.9214609/10.6791169"}}, {"type": "Feature", "geometry": {"type": "Point", "coordinates": [10.7830076, 59.9394713]}, "properties": {"id": 11377775061, "feat_type": "node", "quality_categories": "kerb_on_top_of_non_crossing", "issue_ids": "[1]", "osm_url": "https://www.openstreetmap.org/node/11377775061", "josm_url": "http://127.0.0.1:8111/load_object?new_layer=false&objects=n11377775061", "id_url": "https://www.openstreetmap.org/edit?editor=id&node=11377775061#map=20/59.9394713/10.7830076"}}, {"type": "Feature", "geometry": {"type": "Point", "coordinates": [10.7830421, 59.9394794]}, "properties": {"id": 11377775062, "feat_type": "node", "quality_categories": "kerb_on_top_of_non_crossing", "issue_ids": "[1]", "osm_url": "https://www.openstreetmap.org/node/11377775062", "josm_url": "http://127.0.0.1:8111/load_object?new_layer=false&objects=n11377775062", "id_url": "https://www.openstreetmap.org/edit?editor=id&node=11377775062#map=20/59.9394794/10.7830421"}}, {"type": "Feature", "geometry": {"type": "Point", "coordinates": [10.7829008, 59.939446]}, "properties": {"id": 11377775063, "feat_type": "node", "quality_categories": "kerb_on_top_of_non_crossing", "issue_ids": "[1]", "osm_url": "https://www.openstreetmap.org/node/11377775063", "josm_url": "http://127.0.0.1:8111/load_object?new_layer=false&objects=n11377775063", "id_url": "https://www.openstreetmap.org/edit?editor=id&node=11377775063#map=20/59.939446/10.7829008"}}, {"type": "Feature", "geometry": {"type": "Point", "coordinates": [10.7778225, 59.9136444]}, "properties": {"id": 11378185410, "feat_type": "node", "quality_categories": "kerb_on_top_of_non_crossing", "issue_ids": "[1]", "osm_url": "https://www.openstreetmap.org/node/11378185410", "josm_url": "http://127.0.0.1:8111/load_object?new_layer=false&objects=n11378185410", "id_url": "https://www.openstreetmap.org/edit?editor=id&node=11378185410#map=20/59.9136444/10.7778225"}}, {"type": "Feature", "geometry": {"type": "Point", "coordinates": [10.7779439, 59.9136593]}, "properties": {"id": 11378185411, "feat_type": "node", "quality_categories": "kerb_on_top_of_non_crossing", "issue_ids": "[1]", "osm_url": "https://www.openstreetmap.org/node/11378185411", "josm_url": "http://127.0.0.1:8111/load_object?new_layer=false&objects=n11378185411", "id_url": "https://www.openstreetmap.org/edit?editor=id&node=11378185411#map=20/59.9136593/10.7779439"}}, {"type": "Feature", "geometry": {"type": "Point", "coordinates": [10.7789972, 59.9144998]}, "properties": {"id": 11378227482, "feat_type": "node", "quality_categories": "kerb_on_top_of_non_crossing", "issue_ids": "[1]", "osm_url": "https://www.openstreetmap.org/node/11378227482", "josm_url": "http://127.0.0.1:8111/load_object?new_layer=false&objects=n11378227482", "id_url": "https://www.openstreetmap.org/edit?editor=id&node=11378227482#map=20/59.9144998/10.7789972"}}, {"type": "Feature", "geometry": {"type": "Point", "coordinates": [10.782544, 59.9136072]}, "properties": {"id": 11378227657, "feat_type": "node", "quality_categories": "kerb_on_top_of_non_crossing", "issue_ids": "[1]", "osm_url": "https://www.openstreetmap.org/node/11378227657", "josm_url": "http://127.0.0.1:8111/load_object?new_layer=false&objects=n11378227657", "id_url": "https://www.openstreetmap.org/edit?editor=id&node=11378227657#map=20/59.9136072/10.782544"}}, {"type": "Feature", "geometry": {"type": "Point", "coordinates": [10.7851357, 59.9133872]}, "properties": {"id": 11378227724, "feat_type": "node", "quality_categories": "kerb_on_top_of_non_crossing", "issue_ids": "[1]", "osm_url": "https://www.openstreetmap.org/node/11378227724", "josm_url": "http://127.0.0.1:8111/load_object?new_layer=false&objects=n11378227724", "id_url": "https://www.openstreetmap.org/edit?editor=id&node=11378227724#map=20/59.9133872/10.7851357"}}, {"type": "Feature", "geometry": {"type": "Point", "coordinates": [10.8465213, 59.9105369]}, "properties": {"id": 11378514678, "feat_type": "node", "quality_categories": "kerb_on_top_of_non_crossing", "issue_ids": "[1]", "osm_url": "https://www.openstreetmap.org/node/11378514678", "josm_url": "http://127.0.0.1:8111/load_object?new_layer=false&objects=n11378514678", "id_url": "https://www.openstreetmap.org/edit?editor=id&node=11378514678#map=20/59.9105369/10.8465213"}}, {"type": "Feature", "geometry": {"type": "Point", "coordinates": [10.8466267, 59.9106016]}, "properties": {"id": 11378514686, "feat_type": "node", "quality_categories": "kerb_on_top_of_non_crossing", "issue_ids": "[1]", "osm_url": "https://www.openstreetmap.org/node/11378514686", "josm_url": "http://127.0.0.1:8111/load_object?new_layer=false&objects=n11378514686", "id_url": "https://www.openstreetmap.org/edit?editor=id&node=11378514686#map=20/59.9106016/10.8466267"}}, {"type": "Feature", "geometry": {"type": "Point", "coordinates": [10.7867191, 59.8635983]}, "properties": {"id": 11378654376, "feat_type": "node", "quality_categories": "kerb_on_top_of_non_crossing", "issue_ids": "[1]", "osm_url": "https://www.openstreetmap.org/node/11378654376", "josm_url": "http://127.0.0.1:8111/load_object?new_layer=false&objects=n11378654376", "id_url": "https://www.openstreetmap.org/edit?editor=id&node=11378654376#map=20/59.8635983/10.7867191"}}, {"type": "Feature", "geometry": {"type": "Point", "coordinates": [10.8024936, 59.8544833]}, "properties": {"id": 11378684099, "feat_type": "node", "quality_categories": "kerb_on_top_of_non_crossing", "issue_ids": "[1]", "osm_url": "https://www.openstreetmap.org/node/11378684099", "josm_url": "http://127.0.0.1:8111/load_object?new_layer=false&objects=n11378684099", "id_url": "https://www.openstreetmap.org/edit?editor=id&node=11378684099#map=20/59.8544833/10.8024936"}}, {"type": "Feature", "geometry": {"type": "Point", "coordinates": [10.8025123, 59.8540526]}, "properties": {"id": 11378684173, "feat_type": "node", "quality_categories": "kerb_on_top_of_non_crossing", "issue_ids": "[1]", "osm_url": "https://www.openstreetmap.org/node/11378684173", "josm_url": "http://127.0.0.1:8111/load_object?new_layer=false&objects=n11378684173", "id_url": "https://www.openstreetmap.org/edit?editor=id&node=11378684173#map=20/59.8540526/10.8025123"}}, {"type": "Feature", "geometry": {"type": "Point", "coordinates": [10.8052772, 59.865403]}, "properties": {"id": 11378691582, "feat_type": "node", "quality_categories": "kerb_on_top_of_non_crossing", "issue_ids": "[1]", "osm_url": "https://www.openstreetmap.org/node/11378691582", "josm_url": "http://127.0.0.1:8111/load_object?new_layer=false&objects=n11378691582", "id_url": "https://www.openstreetmap.org/edit?editor=id&node=11378691582#map=20/59.865403/10.8052772"}}, {"type": "Feature", "geometry": {"type": "Point", "coordinates": [10.8055966, 59.8655195]}, "properties": {"id": 11378691583, "feat_type": "node", "quality_categories": "kerb_on_top_of_non_crossing", "issue_ids": "[1]", "osm_url": "https://www.openstreetmap.org/node/11378691583", "josm_url": "http://127.0.0.1:8111/load_object?new_layer=false&objects=n11378691583", "id_url": "https://www.openstreetmap.org/edit?editor=id&node=11378691583#map=20/59.8655195/10.8055966"}}, {"type": "Feature", "geometry": {"type": "Point", "coordinates": [10.7234507, 59.9228622]}, "properties": {"id": 11379224818, "feat_type": "node", "quality_categories": "kerb_on_top_of_non_crossing", "issue_ids": "[1]", "osm_url": "https://www.openstreetmap.org/node/11379224818", "josm_url": "http://127.0.0.1:8111/load_object?new_layer=false&objects=n11379224818", "id_url": "https://www.openstreetmap.org/edit?editor=id&node=11379224818#map=20/59.9228622/10.7234507"}}, {"type": "Feature", "geometry": {"type": "Point", "coordinates": [10.7212413, 59.9224665]}, "properties": {"id": 11380367104, "feat_type": "node", "quality_categories": "kerb_on_top_of_non_crossing", "issue_ids": "[1]", "osm_url": "https://www.openstreetmap.org/node/11380367104", "josm_url": "http://127.0.0.1:8111/load_object?new_layer=false&objects=n11380367104", "id_url": "https://www.openstreetmap.org/edit?editor=id&node=11380367104#map=20/59.9224665/10.7212413"}}, {"type": "Feature", "geometry": {"type": "Point", "coordinates": [10.7823071, 59.9115081]}, "properties": {"id": 11382025360, "feat_type": "node", "quality_categories": "kerb_on_top_of_non_crossing", "issue_ids": "[1]", "osm_url": "https://www.openstreetmap.org/node/11382025360", "josm_url": "http://127.0.0.1:8111/load_object?new_layer=false&objects=n11382025360", "id_url": "https://www.openstreetmap.org/edit?editor=id&node=11382025360#map=20/59.9115081/10.7823071"}}, {"type": "Feature", "geometry": {"type": "Point", "coordinates": [10.7975726, 59.8236807]}, "properties": {"id": 11409393851, "feat_type": "node", "quality_categories": "kerb_on_top_of_non_crossing", "issue_ids": "[1]", "osm_url": "https://www.openstreetmap.org/node/11409393851", "josm_url": "http://127.0.0.1:8111/load_object?new_layer=false&objects=n11409393851", "id_url": "https://www.openstreetmap.org/edit?editor=id&node=11409393851#map=20/59.8236807/10.7975726"}}, {"type": "Feature", "geometry": {"type": "Point", "coordinates": [10.7804194, 59.9271385]}, "properties": {"id": 11530775465, "feat_type": "node", "quality_categories": "kerb_on_top_of_non_crossing", "issue_ids": "[1]", "osm_url": "https://www.openstreetmap.org/node/11530775465", "josm_url": "http://127.0.0.1:8111/load_object?new_layer=false&objects=n11530775465", "id_url": "https://www.openstreetmap.org/edit?editor=id&node=11530775465#map=20/59.9271385/10.7804194"}}, {"type": "Feature", "geometry": {"type": "Point", "coordinates": [10.7286057, 59.9108061]}, "properties": {"id": 11533854700, "feat_type": "node", "quality_categories": "kerb_on_top_of_non_crossing", "issue_ids": "[1]", "osm_url": "https://www.openstreetmap.org/node/11533854700", "josm_url": "http://127.0.0.1:8111/load_object?new_layer=false&objects=n11533854700", "id_url": "https://www.openstreetmap.org/edit?editor=id&node=11533854700#map=20/59.9108061/10.7286057"}}, {"type": "Feature", "geometry": {"type": "Point", "coordinates": [10.7807006, 59.9294435]}, "properties": {"id": 11540366972, "feat_type": "node", "quality_categories": "kerb_on_top_of_non_crossing", "issue_ids": "[1]", "osm_url": "https://www.openstreetmap.org/node/11540366972", "josm_url": "http://127.0.0.1:8111/load_object?new_layer=false&objects=n11540366972", "id_url": "https://www.openstreetmap.org/edit?editor=id&node=11540366972#map=20/59.9294435/10.7807006"}}, {"type": "Feature", "geometry": {"type": "Point", "coordinates": [10.8051334, 59.9452279]}, "properties": {"id": 11727356824, "feat_type": "node", "quality_categories": "kerb_on_top_of_non_crossing", "issue_ids": "[1]", "osm_url": "https://www.openstreetmap.org/node/11727356824", "josm_url": "http://127.0.0.1:8111/load_object?new_layer=false&objects=n11727356824", "id_url": "https://www.openstreetmap.org/edit?editor=id&node=11727356824#map=20/59.9452279/10.8051334"}}, {"type": "Feature", "geometry": {"type": "Point", "coordinates": [10.7042585, 59.9437762]}, "properties": {"id": 11741265600, "feat_type": "node", "quality_categories": "kerb_on_top_of_non_crossing", "issue_ids": "[1]", "osm_url": "https://www.openstreetmap.org/node/11741265600", "josm_url": "http://127.0.0.1:8111/load_object?new_layer=false&objects=n11741265600", "id_url": "https://www.openstreetmap.org/edit?editor=id&node=11741265600#map=20/59.9437762/10.7042585"}}, {"type": "Feature", "geometry": {"type": "Point", "coordinates": [10.7043349, 59.9437817]}, "properties": {"id": 11741291485, "feat_type": "node", "quality_categories": "kerb_on_top_of_non_crossing", "issue_ids": "[1]", "osm_url": "https://www.openstreetmap.org/node/11741291485", "josm_url": "http://127.0.0.1:8111/load_object?new_layer=false&objects=n11741291485", "id_url": "https://www.openstreetmap.org/edit?editor=id&node=11741291485#map=20/59.9437817/10.7043349"}}, {"type": "Feature", "geometry": {"type": "Point", "coordinates": [10.7907859, 59.9066494]}, "properties": {"id": 11747945477, "feat_type": "node", "quality_categories": "kerb_on_top_of_non_crossing", "issue_ids": "[1]", "osm_url": "https://www.openstreetmap.org/node/11747945477", "josm_url": "http://127.0.0.1:8111/load_object?new_layer=false&objects=n11747945477", "id_url": "https://www.openstreetmap.org/edit?editor=id&node=11747945477#map=20/59.9066494/10.7907859"}}, {"type": "Feature", "geometry": {"type": "Point", "coordinates": [10.7919872, 59.9067425]}, "properties": {"id": 11747945489, "feat_type": "node", "quality_categories": "kerb_on_top_of_non_crossing", "issue_ids": "[1]", "osm_url": "https://www.openstreetmap.org/node/11747945489", "josm_url": "http://127.0.0.1:8111/load_object?new_layer=false&objects=n11747945489", "id_url": "https://www.openstreetmap.org/edit?editor=id&node=11747945489#map=20/59.9067425/10.7919872"}}, {"type": "Feature", "geometry": {"type": "Point", "coordinates": [10.7941334, 59.9064425]}, "properties": {"id": 11747945624, "feat_type": "node", "quality_categories": "kerb_on_top_of_non_crossing", "issue_ids": "[1]", "osm_url": "https://www.openstreetmap.org/node/11747945624", "josm_url": "http://127.0.0.1:8111/load_object?new_layer=false&objects=n11747945624", "id_url": "https://www.openstreetmap.org/edit?editor=id&node=11747945624#map=20/59.9064425/10.7941334"}}, {"type": "Feature", "geometry": {"type": "Point", "coordinates": [10.7889597, 59.9074795]}, "properties": {"id": 11747945708, "feat_type": "node", "quality_categories": "kerb_on_top_of_non_crossing", "issue_ids": "[1]", "osm_url": "https://www.openstreetmap.org/node/11747945708", "josm_url": "http://127.0.0.1:8111/load_object?new_layer=false&objects=n11747945708", "id_url": "https://www.openstreetmap.org/edit?editor=id&node=11747945708#map=20/59.9074795/10.7889597"}}, {"type": "Feature", "geometry": {"type": "Point", "coordinates": [10.7859702, 59.90613]}, "properties": {"id": 11747945748, "feat_type": "node", "quality_categories": "kerb_on_top_of_non_crossing", "issue_ids": "[1]", "osm_url": "https://www.openstreetmap.org/node/11747945748", "josm_url": "http://127.0.0.1:8111/load_object?new_layer=false&objects=n11747945748", "id_url": "https://www.openstreetmap.org/edit?editor=id&node=11747945748#map=20/59.90613/10.7859702"}}, {"type": "Feature", "geometry": {"type": "Point", "coordinates": [10.640709, 59.9250103]}, "properties": {"id": 11874184266, "feat_type": "node", "quality_categories": "kerb_on_top_of_non_crossing", "issue_ids": "[1]", "osm_url": "https://www.openstreetmap.org/node/11874184266", "josm_url": "http://127.0.0.1:8111/load_object?new_layer=false&objects=n11874184266", "id_url": "https://www.openstreetmap.org/edit?editor=id&node=11874184266#map=20/59.9250103/10.640709"}}, {"type": "Feature", "geometry": {"type": "Point", "coordinates": [10.6389779, 59.9237749]}, "properties": {"id": 11874184268, "feat_type": "node", "quality_categories": "kerb_on_top_of_non_crossing", "issue_ids": "[1]", "osm_url": "https://www.openstreetmap.org/node/11874184268", "josm_url": "http://127.0.0.1:8111/load_object?new_layer=false&objects=n11874184268", "id_url": "https://www.openstreetmap.org/edit?editor=id&node=11874184268#map=20/59.9237749/10.6389779"}}, {"type": "Feature", "geometry": {"type": "Point", "coordinates": [10.9118842, 59.9512161]}, "properties": {"id": 11881214303, "feat_type": "node", "quality_categories": "kerb_on_top_of_non_crossing", "issue_ids": "[1]", "osm_url": "https://www.openstreetmap.org/node/11881214303", "josm_url": "http://127.0.0.1:8111/load_object?new_layer=false&objects=n11881214303", "id_url": "https://www.openstreetmap.org/edit?editor=id&node=11881214303#map=20/59.9512161/10.9118842"}}, {"type": "Feature", "geometry": {"type": "Point", "coordinates": [10.8819345, 59.9612616]}, "properties": {"id": 11987100238, "feat_type": "node", "quality_categories": "kerb_on_top_of_non_crossing", "issue_ids": "[1]", "osm_url": "https://www.openstreetmap.org/node/11987100238", "josm_url": "http://127.0.0.1:8111/load_object?new_layer=false&objects=n11987100238", "id_url": "https://www.openstreetmap.org/edit?editor=id&node=11987100238#map=20/59.9612616/10.8819345"}}, {"type": "Feature", "geometry": {"type": "Point", "coordinates": [10.8823183, 59.9615098]}, "properties": {"id": 12108211510, "feat_type": "node", "quality_categories": "kerb_on_top_of_non_crossing", "issue_ids": "[1]", "osm_url": "https://www.openstreetmap.org/node/12108211510", "josm_url": "http://127.0.0.1:8111/load_object?new_layer=false&objects=n12108211510", "id_url": "https://www.openstreetmap.org/edit?editor=id&node=12108211510#map=20/59.9615098/10.8823183"}}, {"type": "Feature", "geometry": {"type": "Point", "coordinates": [10.8823404, 59.9614602]}, "properties": {"id": 12108211511, "feat_type": "node", "quality_categories": "kerb_on_top_of_non_crossing", "issue_ids": "[1]", "osm_url": "https://www.openstreetmap.org/node/12108211511", "josm_url": "http://127.0.0.1:8111/load_object?new_layer=false&objects=n12108211511", "id_url": "https://www.openstreetmap.org/edit?editor=id&node=12108211511#map=20/59.9614602/10.8823404"}}, {"type": "Feature", "geometry": {"type": "Point", "coordinates": [10.8145965, 59.9126744]}, "properties": {"id": 12249058074, "feat_type": "node", "quality_categories": "kerb_on_top_of_non_crossing", "issue_ids": "[1]", "osm_url": "https://www.openstreetmap.org/node/12249058074", "josm_url": "http://127.0.0.1:8111/load_object?new_layer=false&objects=n12249058074", "id_url": "https://www.openstreetmap.org/edit?editor=id&node=12249058074#map=20/59.9126744/10.8145965"}}, {"type": "Feature", "geometry": {"type": "Point", "coordinates": [10.8147065, 59.912668]}, "properties": {"id": 12249058075, "feat_type": "node", "quality_categories": "kerb_on_top_of_non_crossing", "issue_ids": "[1]", "osm_url": "https://www.openstreetmap.org/node/12249058075", "josm_url": "http://127.0.0.1:8111/load_object?new_layer=false&objects=n12249058075", "id_url": "https://www.openstreetmap.org/edit?editor=id&node=12249058075#map=20/59.912668/10.8147065"}}, {"type": "Feature", "geometry": {"type": "Point", "coordinates": [10.8222236, 59.913079]}, "properties": {"id": 12382209035, "feat_type": "node", "quality_categories": "kerb_on_top_of_non_crossing", "issue_ids": "[1]", "osm_url": "https://www.openstreetmap.org/node/12382209035", "josm_url": "http://127.0.0.1:8111/load_object?new_layer=false&objects=n12382209035", "id_url": "https://www.openstreetmap.org/edit?editor=id&node=12382209035#map=20/59.913079/10.8222236"}}, {"type": "Feature", "geometry": {"type": "Point", "coordinates": [10.8222336, 59.9130525]}, "properties": {"id": 12382209036, "feat_type": "node", "quality_categories": "kerb_on_top_of_non_crossing", "issue_ids": "[1]", "osm_url": "https://www.openstreetmap.org/node/12382209036", "josm_url": "http://127.0.0.1:8111/load_object?new_layer=false&objects=n12382209036", "id_url": "https://www.openstreetmap.org/edit?editor=id&node=12382209036#map=20/59.9130525/10.8222336"}}, {"type": "Feature", "geometry": {"type": "Point", "coordinates": [10.8219319, 59.9130293]}, "properties": {"id": 12382209053, "feat_type": "node", "quality_categories": "kerb_on_top_of_non_crossing", "issue_ids": "[1]", "osm_url": "https://www.openstreetmap.org/node/12382209053", "josm_url": "http://127.0.0.1:8111/load_object?new_layer=false&objects=n12382209053", "id_url": "https://www.openstreetmap.org/edit?editor=id&node=12382209053#map=20/59.9130293/10.8219319"}}, {"type": "Feature", "geometry": {"type": "Point", "coordinates": [10.8219339, 59.9130591]}, "properties": {"id": 12382209054, "feat_type": "node", "quality_categories": "kerb_on_top_of_non_crossing", "issue_ids": "[1]", "osm_url": "https://www.openstreetmap.org/node/12382209054", "josm_url": "http://127.0.0.1:8111/load_object?new_layer=false&objects=n12382209054", "id_url": "https://www.openstreetmap.org/edit?editor=id&node=12382209054#map=20/59.9130591/10.8219339"}}, {"type": "Feature", "geometry": {"type": "Point", "coordinates": [10.7808192, 59.9418447]}, "properties": {"id": 12707152045, "feat_type": "node", "quality_categories": "kerb_on_top_of_non_crossing", "issue_ids": "[1]", "osm_url": "https://www.openstreetmap.org/node/12707152045", "josm_url": "http://127.0.0.1:8111/load_object?new_layer=false&objects=n12707152045", "id_url": "https://www.openstreetmap.org/edit?editor=id&node=12707152045#map=20/59.9418447/10.7808192"}}, {"type": "Feature", "geometry": {"type": "Point", "coordinates": [10.8092349, 59.8639129]}, "properties": {"id": 12964167197, "feat_type": "node", "quality_categories": "kerb_on_top_of_non_crossing", "issue_ids": "[1]", "osm_url": "https://www.openstreetmap.org/node/12964167197", "josm_url": "http://127.0.0.1:8111/load_object?new_layer=false&objects=n12964167197", "id_url": "https://www.openstreetmap.org/edit?editor=id&node=12964167197#map=20/59.8639129/10.8092349"}}, {"type": "Feature", "geometry": {"type": "Point", "coordinates": [10.8092842, 59.8639923]}, "properties": {"id": 12964167198, "feat_type": "node", "quality_categories": "kerb_on_top_of_non_crossing", "issue_ids": "[1]", "osm_url": "https://www.openstreetmap.org/node/12964167198", "josm_url": "http://127.0.0.1:8111/load_object?new_layer=false&objects=n12964167198", "id_url": "https://www.openstreetmap.org/edit?editor=id&node=12964167198#map=20/59.8639923/10.8092842"}}, {"type": "Feature", "geometry": {"type": "Point", "coordinates": [10.8097047, 59.8957907]}, "properties": {"id": 13685948990, "feat_type": "node", "quality_categories": "kerb_on_top_of_non_crossing", "issue_ids": "[1]", "osm_url": "https://www.openstreetmap.org/node/13685948990", "josm_url": "http://127.0.0.1:8111/load_object?new_layer=false&objects=n13685948990", "id_url": "https://www.openstreetmap.org/edit?editor=id&node=13685948990#map=20/59.8957907/10.8097047"}}, {"type": "Feature", "geometry": {"type": "Point", "coordinates": [10.8098522, 59.8958235]}, "properties": {"id": 13685948991, "feat_type": "node", "quality_categories": "kerb_on_top_of_non_crossing", "issue_ids": "[1]", "osm_url": "https://www.openstreetmap.org/node/13685948991", "josm_url": "http://127.0.0.1:8111/load_object?new_layer=false&objects=n13685948991", "id_url": "https://www.openstreetmap.org/edit?editor=id&node=13685948991#map=20/59.8958235/10.8098522"}}, {"type": "Feature", "geometry": {"type": "Point", "coordinates": [10.8122238, 59.8953626]}, "properties": {"id": 13757884790, "feat_type": "node", "quality_categories": "kerb_on_top_of_non_crossing", "issue_ids": "[1]", "osm_url": "https://www.openstreetmap.org/node/13757884790", "josm_url": "http://127.0.0.1:8111/load_object?new_layer=false&objects=n13757884790", "id_url": "https://www.openstreetmap.org/edit?editor=id&node=13757884790#map=20/59.8953626/10.8122238"}}, {"type": "Feature", "geometry": {"type": "Point", "coordinates": [10.8152702, 59.8957901]}, "properties": {"id": 13764007444, "feat_type": "node", "quality_categories": "kerb_on_top_of_non_crossing", "issue_ids": "[1]", "osm_url": "https://www.openstreetmap.org/node/13764007444", "josm_url": "http://127.0.0.1:8111/load_object?new_layer=false&objects=n13764007444", "id_url": "https://www.openstreetmap.org/edit?editor=id&node=13764007444#map=20/59.8957901/10.8152702"}}, {"type": "Feature", "geometry": {"type": "Point", "coordinates": [10.6741194, 59.9420877]}, "properties": {"id": 13807716280, "feat_type": "node", "quality_categories": "kerb_on_top_of_non_crossing", "issue_ids": "[1]", "osm_url": "https://www.openstreetmap.org/node/13807716280", "josm_url": "http://127.0.0.1:8111/load_object?new_layer=false&objects=n13807716280", "id_url": "https://www.openstreetmap.org/edit?editor=id&node=13807716280#map=20/59.9420877/10.6741194"}}, {"type": "Feature", "geometry": {"type": "Point", "coordinates": [10.8474005, 59.9033587]}, "properties": {"id": 13817921700, "feat_type": "node", "quality_categories": "kerb_on_top_of_non_crossing", "issue_ids": "[1]", "osm_url": "https://www.openstreetmap.org/node/13817921700", "josm_url": "http://127.0.0.1:8111/load_object?new_layer=false&objects=n13817921700", "id_url": "https://www.openstreetmap.org/edit?editor=id&node=13817921700#map=20/59.9033587/10.8474005"}}, {"type": "Feature", "geometry": {"type": "Point", "coordinates": [10.8475099, 59.9033494]}, "properties": {"id": 13817951801, "feat_type": "node", "quality_categories": "kerb_on_top_of_non_crossing", "issue_ids": "[1]", "osm_url": "https://www.openstreetmap.org/node/13817951801", "josm_url": "http://127.0.0.1:8111/load_object?new_layer=false&objects=n13817951801", "id_url": "https://www.openstreetmap.org/edit?editor=id&node=13817951801#map=20/59.9033494/10.8475099"}}, {"type": "Feature", "geometry": {"type": "Point", "coordinates": [10.8007671, 59.9422239]}, "properties": {"id": 14078708542, "feat_type": "node", "quality_categories": "kerb_on_top_of_non_crossing", "issue_ids": "[1]", "osm_url": "https://www.openstreetmap.org/node/14078708542", "josm_url": "http://127.0.0.1:8111/load_object?new_layer=false&objects=n14078708542", "id_url": "https://www.openstreetmap.org/edit?editor=id&node=14078708542#map=20/59.9422239/10.8007671"}}, {"type": "Feature", "geometry": {"type": "Point", "coordinates": [10.7993775, 59.9419254]}, "properties": {"id": 14078708553, "feat_type": "node", "quality_categories": "kerb_on_top_of_non_crossing", "issue_ids": "[1]", "osm_url": "https://www.openstreetmap.org/node/14078708553", "josm_url": "http://127.0.0.1:8111/load_object?new_layer=false&objects=n14078708553", "id_url": "https://www.openstreetmap.org/edit?editor=id&node=14078708553#map=20/59.9419254/10.7993775"}}, {"type": "Feature", "geometry": {"type": "Point", "coordinates": [10.7610037, 59.9403779]}, "properties": {"id": 14081014974, "feat_type": "node", "quality_categories": "kerb_on_top_of_non_crossing", "issue_ids": "[1]", "osm_url": "https://www.openstreetmap.org/node/14081014974", "josm_url": "http://127.0.0.1:8111/load_object?new_layer=false&objects=n14081014974", "id_url": "https://www.openstreetmap.org/edit?editor=id&node=14081014974#map=20/59.9403779/10.7610037"}}, {"type": "Feature", "geometry": {"type": "Point", "coordinates": [10.7412961, 59.951657]}, "properties": {"id": 14109836917, "feat_type": "node", "quality_categories": "kerb_on_top_of_non_crossing", "issue_ids": "[1]", "osm_url": "https://www.openstreetmap.org/node/14109836917", "josm_url": "http://127.0.0.1:8111/load_object?new_layer=false&objects=n14109836917", "id_url": "https://www.openstreetmap.org/edit?editor=id&node=14109836917#map=20/59.951657/10.7412961"}}, {"type": "Feature", "geometry": {"type": "Point", "coordinates": [10.7413156, 59.9516062]}, "properties": {"id": 14109836918, "feat_type": "node", "quality_categories": "kerb_on_top_of_non_crossing", "issue_ids": "[1]", "osm_url": "https://www.openstreetmap.org/node/14109836918", "josm_url": "http://127.0.0.1:8111/load_object?new_layer=false&objects=n14109836918", "id_url": "https://www.openstreetmap.org/edit?editor=id&node=14109836918#map=20/59.9516062/10.7413156"}}, {"type": "Feature", "geometry": {"type": "Point", "coordinates": [10.9227589, 59.9479204]}, "properties": {"id": 14122796345, "feat_type": "node", "quality_categories": "kerb_on_top_of_non_crossing", "issue_ids": "[1]", "osm_url": "https://www.openstreetmap.org/node/14122796345", "josm_url": "http://127.0.0.1:8111/load_object?new_layer=false&objects=n14122796345", "id_url": "https://www.openstreetmap.org/edit?editor=id&node=14122796345#map=20/59.9479204/10.9227589"}}]}